passage_id,section_id,text_characters,text_words,footnote_words,title_words
1.1-c1-s1,1.1,1459,238,184,3
1.1-c1-s2,1.1,2337,398,184,3
1.2-c1-s1,1.2,1822,321,13,3
1.2-c2-s1,1.2,18,3,2,3
1.2-c2-s2,1.2,2229,386,2,3
1.2-c2-s3,1.2,680,123,2,3
1.2-c2-s4,1.2,26,5,2,3
1.2.1-c1-s1,1.2.1,2047,361,0,4
1.2.1-c2-s1,1.2.1,731,126,0,5
1.2.1-c3-s1,1.2.1,1113,207,0,3
1.2.1-c4-s1,1.2.1,440,79,0,5
1.3-c1-s1,1.3,1314,232,0,4
1.3.1-c1-s1,1.3.1,1348,245,0,5
1.4-c1-s1,1.4,1514,288,0,7
1.4-c2-s1,1.4,1375,263,0,5
1.4-c2-s2,1.4,561,95,0,5
1.4-c2-s3,1.4,1469,283,0,5
1.4-c3-s1,1.4,762,144,0,5
1.4.1-c1-s1,1.4.1,758,145,0,8
1.4.1-c2-s1,1.4.1,1519,272,51,7
1.4.1-c2-s2,1.4.1,1741,330,51,7
1.5-c1-s1,1.5,1161,204,52,6
1.5-c1-s2,1.5,2005,351,52,6
1.5-c1-s3,1.5,166,31,52,6
1.5-c1-s4,1.5,1360,258,52,6
1.5-c2-s1,1.5,1410,249,0,3
1.5-c3-s1,1.5,1816,332,0,3
1.5-c4-s1,1.5,1458,255,0,5
1.5-c5-s1,1.5,1657,299,0,4
1.5-c6-s1,1.5,1467,265,0,4
1.5-c7-s1,1.5,22,3,0,3
1.5-c7-s2,1.5,1519,277,0,3
1.5-c7-s3,1.5,1946,341,0,3
1.5-c8-s1,1.5,1831,329,0,6
1.5.1-c1-s1,1.5.1,51,9,36,8
1.5.1-c1-s2,1.5.1,2171,396,36,8
1.5.1-c1-s3,1.5.1,499,81,36,8
1.5.1-c2-s1,1.5.1,684,120,0,5
1.5.1-c3-s1,1.5.1,2477,424,35,4
1.5.1-c3-s2,1.5.1,1043,187,35,4
1.5.1-c4-s1,1.5.1,1343,227,0,5
1.5.1-c5-s1,1.5.1,2491,436,0,6
1.5.1-c5-s2,1.5.1,1069,194,0,6
1.5.1-c6-s1,1.5.1,424,71,0,6
1.6-c1-s1,1.6,25,4,18,3
1.6-c1-s2,1.6,1763,326,18,3
1.6-c1-s3,1.6,1371,227,18,3
1.6-c1-s4,1.6,28,5,18,3
1.6.1-c1-s1,1.6.1,2335,408,0,4
1.7-c1-s1,1.7,712,130,0,6
1.7-c2-s1,1.7,934,169,27,4
1.7-c2-s2,1.7,972,190,27,4
1.7-c2-s3,1.7,1484,271,27,4
1.7-c2-s4,1.7,1446,254,27,4
1.7-c2-s5,1.7,1680,290,27,4
1.7-c3-s1,1.7,1714,312,0,4
1.7-c3-s2,1.7,1679,307,0,4
1.7-c3-s3,1.7,1265,213,0,4
1.7-c3-s4,1.7,39,6,0,4
1.7-c3-s5,1.7,1932,329,0,4
1.7-c3-s6,1.7,681,123,0,4
1.7-c4-s1,1.7,39,6,62,4
1.7-c4-s2,1.7,1845,338,62,4
1.7-c4-s3,1.7,1164,202,62,4
1.7-c4-s4,1.7,1293,226,62,4
1.7-c4-s5,1.7,1629,291,62,4
1.7-c4-s6,1.7,704,124,62,4
1.7-c4-s7,1.7,1684,299,62,4
1.7-c4-s8,1.7,777,135,62,4
1.7-c4-s9,1.7,2190,389,62,4
1.7-c4-s10,1.7,1428,253,62,4
1.7-c4-s11,1.7,1651,296,62,4
1.7-c4-s12,1.7,78,12,62,4
1.7-c4-s13,1.7,2118,385,62,4
1.7-c4-s14,1.7,916,161,62,4
1.7-c4-s15,1.7,17,3,62,4
1.7-c4-s16,1.7,1960,345,62,4
1.7-c4-s17,1.7,100,15,62,4
1.7-c4-s18,1.7,1221,221,62,4
1.7-c4-s19,1.7,1953,336,62,4
1.7-c4-s20,1.7,1802,317,62,4
1.7-c4-s21,1.7,677,119,62,4
1.7-c4-s22,1.7,1381,244,62,4
1.7.1-c1-s1,1.7.1,2391,405,0,7
1.7.1-c1-s2,1.7.1,471,87,0,7
1.8-c1-s1,1.8,1749,319,54,3
1.8-c2-s1,1.8,1182,233,127,3
1.8-c2-s2,1.8,904,181,127,3
1.8-c2-s3,1.8,1463,268,127,3
1.8-c2-s4,1.8,1789,288,127,3
1.8-c3-s1,1.8,818,134,0,3
1.8.1-c1-s1,1.8.1,1117,186,0,6
1.8.2-c1-s1,1.8.2,1201,205,0,6
1.9-c1-s1,1.9,1270,214,0,3
1.9.1-c1-s1,1.9.1,1915,323,0,4
1.10-c1-s1,1.10,49,8,69,3
1.10-c1-s2,1.10,2223,386,69,3
1.10-c1-s3,1.10,2195,390,69,3
1.10-c1-s4,1.10,650,113,69,3
1.10-c2-s1,1.10,1729,302,30,3
1.10-c2-s2,1.10,1218,224,30,3
1.10-c2-s3,1.10,1071,192,30,3
1.10-c2-s4,1.10,1498,287,30,3
1.10-c2-s5,1.10,1967,342,30,3
1.10-c3-s1,1.10,557,96,0,2
1.10.1-c1-s1,1.10.1,520,89,19,4
1.10.1-c2-s1,1.10.1,892,166,0,4
1.10.1-c3-s1,1.10.1,377,66,0,5
1.10.1-c4-s1,1.10.1,1328,261,0,3
1.10.1-c5-s1,1.10.1,206,35,0,3
1.11-c1-s1,1.11,160,20,0,4
1.11-c2-s1,1.11,712,136,0,2
1.11-c3-s1,1.11,1519,272,51,7
1.11-c3-s2,1.11,1714,325,51,7
1.11-c4-s1,1.11,2149,395,26,4
1.11-c4-s2,1.11,494,81,26,4
1.11-c5-s1,1.11,680,121,0,5
1.11-c6-s1,1.11,2474,424,34,4
1.11-c6-s2,1.11,1043,187,34,4
1.11-c7-s1,1.11,1346,227,0,5
1.11-c8-s1,1.11,2488,435,0,6
1.11-c8-s2,1.11,1069,194,0,6
1.11-c8-s3,1.11,424,71,0,6
1.11-c9-s1,1.11,2290,401,0,3
1.11-c10-s1,1.11,2378,403,0,6
1.11-c10-s2,1.11,444,82,0,6
1.11-c11-s1,1.11,1152,191,0,6
1.11-c12-s1,1.11,1243,210,0,6
1.11-c13-s1,1.11,1783,300,0,3
1.11-c14-s1,1.11,1783,319,19,3
1.11-c15-s1,1.11,1537,296,0,3
2.1-c1-s1,2.1,1384,241,67,2
2.1-c2-s1,2.1,1668,308,0,7
2.1-c2-s2,2.1,844,146,0,7
2.1-c3-s1,2.1,467,88,0,9
2.1-c4-s1,2.1,670,123,0,5
2.1-c5-s1,2.1,795,138,13,4
2.1-c6-s1,2.1,1569,297,0,7
2.1.1-c1-s1,2.1.1,1913,308,18,3
2.2-c1-s1,2.2,1948,332,0,6
2.2-c2-s1,2.2,1041,196,0,10
2.2-c3-s1,2.2,294,49,0,6
2.2-c4-s1,2.2,76,14,0,11
2.2-c4-s2,2.2,1589,288,0,11
2.2-c4-s3,2.2,2036,360,0,11
2.2-c4-s4,2.2,61,7,0,11
2.2-c4-s5,2.2,1897,329,0,11
2.2-c4-s6,2.2,1884,334,0,11
2.2-c4-s7,2.2,1371,239,0,11
2.2-c4-s8,2.2,1179,210,0,11
2.2-c4-s9,2.2,1830,326,0,11
2.2-c4-s10,2.2,835,150,0,11
2.2-c4-s11,2.2,51,8,0,11
2.2-c4-s12,2.2,2023,359,0,11
2.2-c4-s13,2.2,666,112,0,11
2.2-c4-s14,2.2,66,10,0,11
2.2-c4-s15,2.2,1384,253,0,11
2.2-c4-s16,2.2,886,157,0,11
2.2-c4-s17,2.2,1842,314,0,11
2.2-c5-s1,2.2,1499,248,0,3
2.2.1-c1-s1,2.2.1,477,77,0,8
2.2.2-c1-s1,2.2.2,1420,253,0,7
2.2.3-c1-s1,2.2.3,1035,186,0,6
2.3.1-c1-s1,2.3.1,881,139,93,3
2.3.1-c1-s2,2.3.1,1826,315,93,3
2.3.1-c1-s3,2.3.1,1339,217,93,3
2.3.1-c2-s1,2.3.1,1150,185,0,5
2.3.1-c3-s1,2.3.1,2483,408,13,8
2.3.1.1-c1-s1,2.3.1.1,927,149,0,4
2.3.1.2-c1-s1,2.3.1.2,678,106,0,6
2.3.2-c1-s1,2.3.2,724,115,68,3
2.3.2-c2-s1,2.3.2,1321,214,0,5
2.3.2.1-c1-s1,2.3.2.1,1450,236,0,4
2.3.3-c1-s1,2.3.3,990,156,0,3
2.3.3-c2-s1,2.3.3,1569,263,74,4
2.3.3-c2-s2,2.3.3,1298,226,74,4
2.3.3-c2-s3,2.3.3,1657,296,74,4
2.3.3-c2-s4,2.3.3,1996,344,74,4
2.3.3-c3-s1,2.3.3,1105,189,47,5
2.3.3-c3-s2,2.3.3,1561,269,47,5
2.3.3-c3-s3,2.3.3,1448,243,47,5
2.3.3-c4-s1,2.3.3,1286,204,12,5
2.3.3.1-c1-s1,2.3.3.1,1333,214,0,5
2.3.3.2-c1-s1,2.3.3.2,993,176,0,5
2.3.3.3-c1-s1,2.3.3.3,608,104,0,5
2.3.4-c1-s1,2.3.4,1628,279,0,4
2.3.4.1-c1-s1,2.3.4.1,1032,187,0,5
2.4-c1-s1,2.4,926,145,0,3
2.4-c1-s2,2.4,2124,363,0,3
2.4-c1-s3,2.4,511,93,0,3
2.4-c1-s4,2.4,404,64,0,3
2.4.1-c1-s1,2.4.1,1625,288,0,4
2.5-c1-s1,2.5,1681,281,0,8
2.5-c1-s2,2.5,1274,219,0,8
2.5-c2-s1,2.5,965,163,0,7
2.5.1-c1-s1,2.5.1,2135,354,0,11
2.5.1-c1-s2,2.5.1,319,48,0,11
2.5.2-c1-s1,2.5.2,2183,395,0,10
2.5.2-c1-s2,2.5.2,953,172,0,10
2.5.2-c1-s3,2.5.2,754,132,0,10
3.1-c1-s1,3.1,2140,343,0,7
3.1-c2-s1,3.1,1013,172,65,4
3.1-c2-s2,3.1,2426,401,65,4
3.1-c2-s3,3.1,1788,299,65,4
3.1-c2-s4,3.1,55,8,65,4
3.1-c2-s5,3.1,2326,391,65,4
3.1-c2-s6,3.1,333,59,65,4
3.1-c2-s7,3.1,799,138,65,4
3.1-c2-s8,3.1,1743,304,65,4
3.1-c2-s9,3.1,1882,343,65,4
3.1-c2-s10,3.1,1693,304,65,4
3.1-c3-s1,3.1,1852,304,0,7
3.1-c3-s2,3.1,1704,281,0,7
3.1-c3-s3,3.1,1903,330,0,7
3.2-c1-s1,3.2,34,6,0,5
3.2-c1-s2,3.2,1611,304,0,5
3.2-c1-s3,3.2,1815,312,0,5
3.2-c1-s4,3.2,30,5,0,5
3.2.1-c1-s1,3.2.1,1561,283,0,6
3.3.1-c1-s1,3.3.1,1106,208,23,10
3.3.1-c2-s1,3.3.1,966,190,0,8
3.3.1-c3-s1,3.3.1,428,78,0,7
3.4.1-c1-s1,3.4.1,1781,303,63,12
3.4.1-c2-s1,3.4.1,1330,237,135,11
3.5.1-c1-s1,3.5.1,2453,431,0,8
3.5.1-c1-s2,3.5.1,151,25,0,8
3.5.1-c1-s3,3.5.1,518,77,0,8
3.6-c1-s1,3.6,1402,242,79,5
3.6-c2-s1,3.6,1263,209,0,5
3.6-c3-s1,3.6,1367,235,0,5
3.6-c3-s2,3.6,1577,274,0,5
3.6-c3-s3,3.6,445,73,0,5
3.6-c3-s4,3.6,1985,347,0,5
3.6-c3-s5,3.6,300,55,0,5
3.6-c3-s6,3.6,37,6,0,5
3.6-c3-s7,3.6,1867,314,0,5
3.6-c3-s8,3.6,529,90,0,5
3.6-c3-s9,3.6,882,149,0,5
3.6-c3-s10,3.6,1574,289,0,5
3.6-c3-s11,3.6,717,134,0,5
3.6-c3-s12,3.6,1854,318,0,5
3.6-c3-s13,3.6,1981,343,0,5
3.6-c3-s14,3.6,1981,329,0,5
3.6-c3-s15,3.6,1809,313,0,5
3.6-c4-s1,3.6,47,9,0,9
3.6-c4-s2,3.6,2056,355,0,9
3.6-c4-s3,3.6,1922,335,0,9
3.6-c4-s4,3.6,1636,285,0,9
3.6-c5-s1,3.6,1042,173,0,5
3.6.1-c1-s1,3.6.1,1914,330,0,6
3.6.1-c1-s2,3.6.1,956,165,0,6
3.6.2-c1-s1,3.6.2,766,121,0,5
3.7.1-c1-s1,3.7.1,2470,423,0,4
3.7.1-c1-s2,3.7.1,28,5,0,4
3.7.2-c1-s1,3.7.2,1035,181,0,4
3.7.3-c1-s1,3.7.3,1701,288,0,4
3.8.1-c1-s1,3.8.1,1796,307,0,4
3.8.2-c1-s1,3.8.2,2286,400,0,4
3.9-c1-s1,3.9,777,144,51,8
3.9-c1-s2,3.9,1221,215,51,8
3.9-c1-s3,3.9,1472,289,51,8
3.9-c1-s4,3.9,1472,252,51,8
3.9-c1-s5,3.9,29,4,51,8
3.9-c1-s6,3.9,2093,371,51,8
3.9-c1-s7,3.9,1763,326,51,8
3.9-c1-s8,3.9,1354,250,51,8
3.9-c1-s9,3.9,44,9,51,8
3.9-c1-s10,3.9,1521,269,51,8
3.9-c1-s11,3.9,480,90,51,8
3.9-c1-s12,3.9,1839,322,51,8
3.9-c1-s13,3.9,474,91,51,8
3.9-c1-s14,3.9,1512,265,51,8
3.9-c1-s15,3.9,1444,266,51,8
3.9-c1-s16,3.9,34,6,51,8
3.9-c1-s17,3.9,1765,320,51,8
3.9-c1-s18,3.9,1966,337,51,8
3.9-c1-s19,3.9,2081,361,51,8
3.9-c1-s20,3.9,851,152,51,8
3.9-c2-s1,3.9,46,6,0,6
3.9-c2-s2,3.9,2303,381,0,6
3.9-c2-s3,3.9,979,164,0,6
3.9-c3-s1,3.9,18,3,119,3
3.9-c3-s2,3.9,2407,417,119,3
3.9-c3-s3,3.9,227,35,119,3
3.9-c4-s1,3.9,1363,225,0,3
3.9-c5-s1,3.9,404,69,66,6
3.9-c5-s2,3.9,1325,240,66,6
3.9-c5-s3,3.9,1523,274,66,6
3.9-c5-s4,3.9,1106,204,66,6
3.9-c6-s1,3.9,14,2,0,2
3.9-c6-s2,3.9,1763,308,0,2
3.9-c6-s3,3.9,786,149,0,2
3.9-c6-s4,3.9,29,5,0,2
3.9.1-c1-s1,3.9.1,1463,262,0,8
3.10-c1-s1,3.10,758,110,112,3
3.10-c1-s2,3.10,1923,333,112,3
3.10-c1-s3,3.10,469,84,112,3
3.10-c2-s1,3.10,2144,370,251,6
3.10-c2-s2,3.10,808,139,251,6
3.10-c2-s3,3.10,2147,348,251,6
3.10-c2-s4,3.10,1256,232,251,6
3.10-c2-s5,3.10,1356,265,251,6
3.10-c2-s6,3.10,72,12,251,6
3.10-c2-s7,3.10,1742,326,251,6
3.10-c2-s8,3.10,455,84,251,6
3.10-c2-s9,3.10,1999,352,251,6
3.10-c2-s10,3.10,1673,318,251,6
3.10-c2-s11,3.10,859,156,251,6
3.10-c2-s12,3.10,1437,273,251,6
3.10-c2-s13,3.10,1817,312,251,6
3.10-c3-s1,3.10,44,6,0,6
3.10-c3-s2,3.10,1727,307,0,6
3.10-c3-s3,3.10,1822,318,0,6
3.10-c4-s1,3.10,40,5,0,5
3.10-c4-s2,3.10,2097,375,0,5
3.10-c4-s3,3.10,423,77,0,5
3.10-c4-s4,3.10,1171,205,0,5
3.11-c1-s1,3.11,206,37,0,7
3.11-c2-s1,3.11,231,40,0,2
3.11-c3-s1,3.11,701,130,0,4
3.11-c3-s2,3.11,2230,382,0,4
3.11-c3-s3,3.11,463,85,0,4
3.11-c4-s1,3.11,25,4,0,4
3.11-c4-s2,3.11,1426,275,0,4
3.11-c4-s3,3.11,1493,268,0,4
3.11-c4-s4,3.11,2201,377,0,4
3.11-c4-s5,3.11,1486,267,0,4
3.11.1-c1-s1,3.11.1,1587,279,50,6
3.11.2-c1-s1,3.11.2,1616,255,0,8
3.11.3-c1-s1,3.11.3,1873,306,0,9
3.11.4-c1-s1,3.11.4,1851,315,0,6
3.12-c1-s1,3.12,1933,355,0,3
3.12-c1-s2,3.12,1494,257,0,3
3.12.1-c1-s1,3.12.1,821,148,0,6
3.12.2-c1-s1,3.12.2,806,140,0,6
3.12.3-c1-s1,3.12.3,963,161,30,7
3.12.4-c1-s1,3.12.4,999,165,0,8
3.13-c1-s1,3.13,1158,187,0,6
3.13-c2-s1,3.13,2101,363,0,4
3.13-c3-s1,3.13,1492,269,0,4
3.13-c3-s2,3.13,2003,346,0,4
3.13-c3-s3,3.13,1456,250,0,4
3.13-c3-s4,3.13,49,6,0,4
3.13-c3-s5,3.13,2134,374,0,4
3.13-c3-s6,3.13,665,116,0,4
3.13-c3-s7,3.13,27,5,0,4
3.13.1-c1-s1,3.13.1,2362,429,0,5
3.13.2-c1-s1,3.13.2,879,166,43,5
3.14.1-c1-s1,3.14.1,1654,258,4,6
3.14.1-c1-s2,3.14.1,1415,235,4,6
3.14.2-c1-s1,3.14.2,1423,232,0,7
3.15.1-c1-s1,3.15.1,941,171,38,4
3.15.1-c2-s1,3.15.1,504,92,0,2
3.15.1-c3-s1,3.15.1,325,60,0,2
3.16-c1-s1,3.16,1741,310,0,4
3.16-c2-s1,3.16,665,126,23,8
3.16-c3-s1,3.16,966,190,0,8
3.16-c4-s1,3.16,401,73,0,7
3.16-c5-s1,3.16,2175,375,194,11
3.16-c5-s2,3.16,396,71,194,11
3.16-c6-s1,3.16,1986,344,0,5
3.16-c6-s2,3.16,929,160,0,5
3.16-c7-s1,3.16,2339,410,0,7
3.16-c7-s2,3.16,418,61,0,7
3.16-c8-s1,3.16,2012,343,0,9
3.16-c9-s1,3.16,638,100,0,4
3.16-c10-s1,3.16,1739,291,0,3
3.16-c11-s1,3.16,1473,253,0,8
3.16-c12-s1,3.16,1968,346,0,8
3.16-c13-s1,3.16,1369,246,0,7
3.16-c14-s1,3.16,1523,277,50,5
3.16-c15-s1,3.16,1541,243,0,6
3.16-c16-s1,3.16,1800,294,0,7
3.16-c17-s1,3.16,1814,313,0,4
3.16-c18-s1,3.16,785,141,0,5
3.16-c19-s1,3.16,1011,167,30,6
3.16-c20-s1,3.16,1043,170,0,7
3.16-c21-s1,3.16,1765,321,34,3
4.1-c1-s1,4.1,1537,244,0,6
4.1-c2-s1,4.1,1852,325,0,7
4.1-c3-s1,4.1,2062,348,0,4
4.1-c3-s2,4.1,1643,292,0,4
4.1-c4-s1,4.1,623,109,0,9
4.1-c5-s1,4.1,629,111,0,3
4.1-c6-s1,4.1,530,95,0,3
4.1-c6-s2,4.1,2097,362,0,3
4.1-c6-s3,4.1,1760,304,0,3
4.1-c6-s4,4.1,55,9,0,3
4.1-c6-s5,4.1,1776,325,0,3
4.1-c6-s6,4.1,454,82,0,3
4.1-c7-s1,4.1,1696,286,0,3
4.1.1-c1-s1,4.1.1,2032,344,25,5
4.1.2-c1-s1,4.1.2,970,174,0,6
4.2-c1-s1,4.2,923,145,0,3
4.2-c2-s1,4.2,1357,231,0,9
4.2-c2-s2,4.2,1059,153,0,9
4.2-c3-s1,4.2,1803,314,46,5
4.2-c4-s1,4.2,1403,245,143,6
4.2-c4-s2,4.2,1470,256,143,6
4.2-c4-s3,4.2,1202,199,143,6
4.2-c4-s4,4.2,1583,277,143,6
4.2-c4-s5,4.2,498,88,143,6
4.2-c5-s1,4.2,319,47,152,3
4.2.1-c1-s1,4.2.1,2276,360,0,7
4.3-c1-s1,4.3,653,109,0,3
4.3-c2-s1,4.3,777,132,92,5
4.3-c2-s2,4.3,1533,294,92,5
4.3-c2-s3,4.3,1720,295,92,5
4.3-c2-s4,4.3,337,59,92,5
4.3-c2-s5,4.3,1899,334,92,5
4.3-c2-s6,4.3,964,171,92,5
4.3-c2-s7,4.3,54,9,92,5
4.3-c2-s8,4.3,1886,340,92,5
4.3-c2-s9,4.3,1981,350,92,5
4.3-c2-s10,4.3,797,147,92,5
4.3-c3-s1,4.3,2070,347,174,5
4.3-c3-s2,4.3,2013,363,174,5
4.3.1-c1-s1,4.3.1,758,122,93,6
4.3.1-c1-s2,4.3.1,2339,414,93,6
4.3.2-c1-s1,4.3.2,942,156,174,6
4.3.2-c1-s2,4.3.2,1989,354,174,6
4.3.2-c1-s3,4.3.2,576,99,174,6
4.3.3-c1-s1,4.3.3,1225,212,58,5
4.4-c1-s1,4.4,2117,346,0,6
4.4-c2-s1,4.4,1429,263,0,6
4.4-c3-s1,4.4,55,10,0,10
4.4-c3-s2,4.4,1633,306,0,10
4.4-c3-s3,4.4,1323,233,0,10
4.4-c3-s4,4.4,1994,362,0,10
4.4-c4-s1,4.4,2175,371,0,6
4.4-c4-s2,4.4,2002,357,0,6
4.4-c4-s3,4.4,1545,268,0,6
4.4-c4-s4,4.4,579,100,0,6
4.4-c5-s1,4.4,1059,186,0,8
4.4-c5-s2,4.4,1391,248,0,8
4.4-c5-s3,4.4,2203,372,0,8
4.4-c5-s4,4.4,1214,214,0,8
4.4-c5-s5,4.4,2024,359,0,8
4.4.1-c1-s1,4.4.1,979,164,0,5
4.4.2-c1-s1,4.4.2,897,158,0,6
4.5-c1-s1,4.5,475,77,55,4
4.5-c2-s1,4.5,1197,217,35,5
4.5-c3-s1,4.5,494,77,0,4
4.5-c4-s1,4.5,273,49,0,8
4.5-c5-s1,4.5,1454,264,113,4
4.5-c5-s2,4.5,1673,292,113,4
4.5-c5-s3,4.5,1653,299,113,4
4.5-c5-s4,4.5,297,53,113,4
4.5-c5-s5,4.5,33,6,113,4
4.5-c5-s6,4.5,1349,255,113,4
4.5-c5-s7,4.5,1874,326,113,4
4.5-c5-s8,4.5,1401,251,113,4
4.5-c5-s9,4.5,446,85,113,4
4.5-c6-s1,4.5,1249,226,0,3
4.5-c7-s1,4.5,2055,375,160,5
4.5-c7-s2,4.5,1129,208,160,5
4.5-c7-s3,4.5,1238,203,160,5
4.5-c7-s4,4.5,979,181,160,5
4.5-c8-s1,4.5,1337,232,0,6
4.5-c9-s1,4.5,368,68,0,5
4.5.1-c1-s1,4.5.1,1411,225,87,5
4.5.1-c1-s2,4.5.1,1756,297,87,5
4.5.1-c2-s1,4.5.1,1726,269,0,2
4.5.2-c1-s1,4.5.2,1640,280,46,5
4.5.2-c1-s2,4.5.2,1047,175,46,5
4.6-c1-s1,4.6,1879,318,0,8
4.6-c1-s2,4.6,1941,331,0,8
4.6-c2-s1,4.6,594,100,66,10
4.6-c2-s2,4.6,2147,355,66,10
4.6-c3-s1,4.6,20,3,0,3
4.6-c3-s2,4.6,1574,295,0,3
4.6-c3-s3,4.6,1152,218,0,3
4.6-c3-s4,4.6,619,111,0,3
4.6-c3-s5,4.6,1856,329,0,3
4.6-c3-s6,4.6,1266,236,0,3
4.6-c4-s1,4.6,1285,229,45,4
4.6-c4-s2,4.6,1882,323,45,4
4.6-c4-s3,4.6,1416,239,45,4
4.6-c4-s4,4.6,49,6,45,4
4.6-c4-s5,4.6,1996,323,45,4
4.6-c4-s6,4.6,430,68,45,4
4.6-c4-s7,4.6,1211,200,45,4
4.6-c4-s8,4.6,1632,300,45,4
4.6-c4-s9,4.6,2174,372,45,4
4.6-c4-s10,4.6,652,116,45,4
4.6-c5-s1,4.6,569,92,0,4
4.6-c6-s1,4.6,1437,250,0,13
4.6-c6-s2,4.6,1685,283,0,13
4.6-c6-s3,4.6,1217,221,0,13
4.6-c6-s4,4.6,36,7,0,13
4.6-c6-s5,4.6,2079,361,0,13
4.6-c6-s6,4.6,1658,290,0,13
4.6-c6-s7,4.6,1002,180,0,13
4.6-c6-s8,4.6,34,5,0,13
4.6-c6-s9,4.6,2149,348,0,13
4.6-c6-s10,4.6,1690,294,0,13
4.6-c6-s11,4.6,1397,240,0,13
4.6-c6-s12,4.6,1233,211,0,13
4.6-c6-s13,4.6,1182,220,0,13
4.6-c7-s1,4.6,675,124,35,13
4.6-c7-s2,4.6,1238,211,35,13
4.6-c7-s3,4.6,1339,241,35,13
4.6-c8-s1,4.6,604,109,0,13
4.6-c8-s2,4.6,1913,333,0,13
4.6-c8-s3,4.6,1642,306,0,13
4.6-c9-s1,4.6,37,5,0,5
4.6-c9-s2,4.6,1965,363,0,5
4.6-c9-s3,4.6,1129,209,0,5
4.6-c10-s1,4.6,1102,183,0,4
4.6.1-c1-s1,4.6.1,908,145,0,9
4.6.1-c2-s1,4.6.1,1128,202,16,5
4.6.1-c3-s1,4.6.1,1646,265,0,8
4.6.2-c1-s1,4.6.2,2280,353,0,10
4.6.2-c1-s2,4.6.2,222,31,0,10
4.6.3-c1-s1,4.6.3,1535,243,0,10
4.6.4-c1-s1,4.6.4,347,58,0,13
4.6.4-c1-s2,4.6.4,2125,377,0,13
4.7-c1-s1,4.7,1541,242,0,4
4.8-c1-s1,4.8,625,105,0,3
4.8-c2-s1,4.8,1277,215,0,3
4.8-c3-s1,4.8,1886,314,0,5
4.8-c4-s1,4.8,582,101,0,4
4.8.1-c1-s1,4.8.1,533,86,0,5
4.8.1-c2-s1,4.8.1,1616,264,95,7
4.8.1-c3-s1,4.8.1,2356,379,0,8
4.8.1-c3-s2,4.8.1,1951,328,0,8
4.8.1-c3-s3,4.8.1,2187,365,0,8
4.8.1-c3-s4,4.8.1,876,152,0,8
4.8.1-c4-s1,4.8.1,2299,383,21,5
4.8.1-c5-s1,4.8.1,963,169,9,3
4.8.2-c1-s1,4.8.2,986,161,36,6
4.8.2-c2-s1,4.8.2,2152,336,0,3
4.8.3-c1-s1,4.8.3,533,88,67,7
4.8.3-c2-s1,4.8.3,621,106,0,6
4.8.3-c3-s1,4.8.3,623,106,99,5
4.8.3-c3-s2,4.8.3,1449,270,99,5
4.8.3-c3-s3,4.8.3,873,163,99,5
4.8.3-c3-s4,4.8.3,1970,331,99,5
4.8.3-c3-s5,4.8.3,1541,265,99,5
4.8.3-c3-s6,4.8.3,1646,293,99,5
4.8.3-c3-s7,4.8.3,1336,228,99,5
4.8.3-c4-s1,4.8.3,845,136,0,3
4.8.4-c1-s1,4.8.4,612,102,35,8
4.8.4-c2-s1,4.8.4,1179,193,0,7
4.8.4-c3-s1,4.8.4,798,138,0,2
4.8.4-c4-s1,4.8.4,1218,191,0,3
4.8.4-c5-s1,4.8.4,455,79,0,9
4.9-c1-s1,4.9,764,125,0,8
4.9-c2-s1,4.9,1317,241,136,6
4.9-c2-s2,4.9,1957,326,136,6
4.9-c2-s3,4.9,1114,192,136,6
4.9-c2-s4,4.9,1780,311,136,6
4.9-c2-s5,4.9,1062,195,136,6
4.9-c2-s6,4.9,1660,278,136,6
4.9-c2-s7,4.9,1720,299,136,6
4.9-c3-s1,4.9,2188,370,49,5
4.9-c4-s1,4.9,1856,333,0,3
4.9.1-c1-s1,4.9.1,1356,228,35,5
4.9.2-c1-s1,4.9.2,891,149,0,4
4.10-c1-s1,4.10,474,78,0,6
4.10-c2-s1,4.10,1083,190,0,9
4.10-c3-s1,4.10,878,150,0,10
4.10-c3-s2,4.10,1866,335,0,10
4.10-c3-s3,4.10,1489,267,0,10
4.10-c3-s4,4.10,1999,348,0,10
4.10-c3-s5,4.10,1757,300,0,10
4.10-c4-s1,4.10,1563,278,55,14
4.10-c5-s1,4.10,1325,226,0,12
4.10-c6-s1,4.10,1042,182,0,14
4.10-c7-s1,4.10,1674,286,0,6
4.10-c7-s2,4.10,523,97,0,6
4.10-c8-s1,4.10,1967,335,0,11
4.10.1-c1-s1,4.10.1,1871,333,0,5
4.11-c1-s1,4.11,375,63,0,8
4.11-c2-s1,4.11,30,7,0,7
4.11-c2-s2,4.11,1898,347,0,7
4.11-c2-s3,4.11,522,90,0,7
4.11-c3-s1,4.11,469,78,0,7
4.11-c4-s1,4.11,592,102,0,8
4.11-c5-s1,4.11,863,156,0,5
4.11-c6-s1,4.11,210,34,0,6
4.11-c6-s2,4.11,1806,336,0,6
4.11-c6-s3,4.11,1251,224,0,6
4.11-c6-s4,4.11,26,3,0,6
4.11-c6-s5,4.11,2141,350,0,6
4.11-c6-s6,4.11,491,78,0,6
4.11-c7-s1,4.11,1825,284,0,7
4.11-c8-s1,4.11,1857,334,201,6
4.11-c8-s2,4.11,1225,220,201,6
4.11-c8-s3,4.11,1375,251,201,6
4.11-c8-s4,4.11,1518,262,201,6
4.11-c8-s5,4.11,1606,286,201,6
4.11-c8-s6,4.11,779,150,201,6
4.11-c9-s1,4.11,1977,357,35,5
4.11-c9-s2,4.11,1849,344,35,5
4.11-c9-s3,4.11,47,8,35,5
4.11-c9-s4,4.11,1854,329,35,5
4.11-c9-s5,4.11,1059,196,35,5
4.11-c9-s6,4.11,1113,204,35,5
4.11-c9-s7,4.11,1602,293,35,5
4.11-c9-s8,4.11,804,146,35,5
4.11-c9-s9,4.11,1268,236,35,5
4.11-c9-s10,4.11,2240,366,35,5
4.11-c9-s11,4.11,2254,390,35,5
4.11-c9-s12,4.11,1944,346,35,5
4.11-c9-s13,4.11,831,147,35,5
4.11-c9-s14,4.11,1682,302,35,5
4.11-c9-s15,4.11,1054,182,35,5
4.11.1-c1-s1,4.11.1,1396,239,0,10
4.11.1-c2-s1,4.11.1,1906,300,80,7
4.11.1-c3-s1,4.11.1,1487,234,28,8
4.11.2-c1-s1,4.11.2,965,155,0,9
4.12-c1-s1,4.12,1609,268,0,3
4.12-c2-s1,4.12,1631,273,166,5
4.12-c3-s1,4.12,2275,377,0,9
4.12-c3-s2,4.12,1139,189,0,9
4.12-c4-s1,4.12,1603,279,0,9
4.12-c4-s2,4.12,964,147,0,9
4.12-c5-s1,4.12,829,126,0,4
4.12-c6-s1,4.12,2443,376,8,5
4.12-c6-s2,4.12,1114,193,8,5
4.12-c7-s1,4.12,2390,404,250,8
4.12-c7-s2,4.12,2636,439,250,8
4.12-c7-s3,4.12,634,100,250,8
4.12-c7-s4,4.12,1689,302,250,8
4.12-c7-s5,4.12,667,115,250,8
4.12-c7-s6,4.12,24,3,250,8
4.12-c7-s7,4.12,1443,267,250,8
4.12-c7-s8,4.12,457,81,250,8
4.12-c7-s9,4.12,23,3,250,8
4.12-c7-s10,4.12,1658,310,250,8
4.12-c7-s11,4.12,166,29,250,8
4.12-c7-s12,4.12,924,142,250,8
4.12-c7-s13,4.12,1846,332,250,8
4.12-c7-s14,4.12,1707,298,250,8
4.12-c7-s15,4.12,1835,319,250,8
4.12-c7-s16,4.12,1232,218,250,8
4.12-c7-s17,4.12,1880,328,250,8
4.12-c7-s18,4.12,2098,324,250,8
4.12-c7-s19,4.12,1057,176,250,8
4.12-c7-s20,4.12,1960,330,250,8
4.12-c7-s21,4.12,41,6,250,8
4.12-c7-s22,4.12,2040,364,250,8
4.12-c7-s23,4.12,207,35,250,8
4.12-c7-s24,4.12,1239,196,250,8
4.12-c7-s25,4.12,1963,332,250,8
4.12-c7-s26,4.12,924,154,250,8
4.12-c7-s27,4.12,1541,255,250,8
4.12-c7-s28,4.12,1732,303,250,8
4.12-c7-s29,4.12,2004,345,250,8
4.12-c7-s30,4.12,2134,363,250,8
4.12-c7-s31,4.12,2688,426,250,8
4.12-c7-s32,4.12,36,5,250,8
4.12-c7-s33,4.12,2016,338,250,8
4.12-c7-s34,4.12,245,41,250,8
4.12-c7-s35,4.12,2013,348,250,8
4.12-c7-s36,4.12,1632,297,250,8
4.12-c7-s37,4.12,1814,301,250,8
4.12-c7-s38,4.12,1932,308,250,8
4.12-c7-s39,4.12,1423,259,250,8
4.12.1-c1-s1,4.12.1,782,120,38,4
4.12.1-c2-s1,4.12.1,2571,410,82,5
4.12.1-c3-s1,4.12.1,1205,185,0,6
4.12.1-c4-s1,4.12.1,2627,411,0,9
4.12.1-c4-s2,4.12.1,2114,341,0,9
4.12.1-c4-s3,4.12.1,1810,282,0,9
4.12.1-c5-s1,4.12.1,2584,412,0,5
4.12.1-c6-s1,4.12.1,472,79,0,2
4.12.2-c1-s1,4.12.2,2715,426,56,4
4.12.2-c1-s2,4.12.2,1277,222,56,4
4.12.2-c1-s3,4.12.2,1491,238,56,4
4.12.3-c1-s1,4.12.3,833,133,0,5
4.12.4-c1-s1,4.12.4,864,144,0,4
4.12.5-c1-s1,4.12.5,639,110,0,4
4.13.1-c1-s1,4.13.1,1663,273,112,6
4.13.1-c1-s2,4.13.1,1903,301,112,6
4.13.1-c1-s3,4.13.1,865,141,112,6
4.13.1-c2-s1,4.13.1,1982,330,89,5
4.13.1-c2-s2,4.13.1,1660,279,89,5
4.13.1-c3-s1,4.13.1,357,65,32,5
4.13.1-c3-s2,4.13.1,1626,288,32,5
4.13.1-c3-s3,4.13.1,749,129,32,5
4.13.1-c3-s4,4.13.1,1133,190,32,5
4.13.1-c4-s1,4.13.1,1313,227,94,5
4.13.1-c4-s2,4.13.1,1016,183,94,5
4.13.1-c5-s1,4.13.1,915,150,30,3
4.13.1-c5-s2,4.13.1,1336,235,30,3
4.13.1-c5-s3,4.13.1,1480,269,30,3
4.13.1-c5-s4,4.13.1,1040,186,30,3
4.13.1-c5-s5,4.13.1,2040,360,30,3
4.13.1-c5-s6,4.13.1,1634,287,30,3
4.13.1-c5-s7,4.13.1,2085,338,30,3
4.13.1-c5-s8,4.13.1,1780,290,30,3
4.13.1-c5-s9,4.13.1,28,5,30,3
4.13.1.1-c1-s1,4.13.1.1,2363,352,37,5
4.13.1.2-c1-s1,4.13.1.2,2374,373,0,5
4.13.1.2-c1-s2,4.13.1.2,602,92,0,5
4.13.1.3-c1-s1,4.13.1.3,1696,279,0,5
4.13.2-c1-s1,4.13.2,1154,195,0,3
4.13.2-c2-s1,4.13.2,36,6,42,6
4.13.2-c2-s2,4.13.2,2383,402,42,6
4.13.2-c2-s3,4.13.2,1984,358,42,6
4.13.2-c2-s4,4.13.2,643,109,42,6
4.13.2-c3-s1,4.13.2,838,144,0,4
4.13.2-c4-s1,4.13.2,1930,334,0,3
4.13.2-c4-s2,4.13.2,2160,384,0,3
4.13.2-c4-s3,4.13.2,2298,387,0,3
4.13.2-c4-s4,4.13.2,1443,264,0,3
4.13.2-c4-s5,4.13.2,897,167,0,3
4.13.2.1-c1-s1,4.13.2.1,1069,170,142,4
4.13.2.1-c1-s2,4.13.2.1,2049,314,142,4
4.13.3-c1-s1,4.13.3,465,71,0,3
4.13.3-c2-s1,4.13.3,1401,238,39,6
4.13.3-c3-s1,4.13.3,815,136,0,5
4.13.3-c4-s1,4.13.3,540,94,0,6
4.13.3-c5-s1,4.13.3,1155,192,25,3
4.13.3-c5-s2,4.13.3,1315,224,25,3
4.13.3.1-c1-s1,4.13.3.1,1707,273,11,4
4.13.3.1-c2-s1,4.13.3.1,639,103,17,4
4.13.4-c1-s1,4.13.4,438,67,0,3
4.13.4-c2-s1,4.13.4,663,112,0,4
4.13.4-c3-s1,4.13.4,310,54,0,8
4.13.4-c4-s1,4.13.4,18,3,0,3
4.13.4-c4-s2,4.13.4,1488,270,0,3
4.13.4-c4-s3,4.13.4,1357,244,0,3
4.13.4-c4-s4,4.13.4,26,5,0,3
4.13.4.1-c1-s1,4.13.4.1,1193,186,0,6
4.13.4.1-c2-s1,4.13.4.1,1758,268,52,4
4.13.4.2-c1-s1,4.13.4.2,2210,343,35,6
4.13.4.2-c2-s1,4.13.4.2,721,116,38,4
4.13.4.2-c3-s1,4.13.4.2,722,114,17,4
4.13.4.3-c1-s1,4.13.4.3,2377,369,121,6
4.13.4.3-c1-s2,4.13.4.3,1313,216,121,6
4.14-c1-s1,4.14,1442,229,38,9
4.14-c2-s1,4.14,2288,379,155,5
4.14-c2-s2,4.14,506,88,155,5
4.14-c2-s3,4.14,1992,337,155,5
4.14-c2-s4,4.14,1534,255,155,5
4.14-c2-s5,4.14,825,138,155,5
4.14-c2-s6,4.14,1574,275,155,5
4.14-c2-s7,4.14,594,109,155,5
4.14-c2-s8,4.14,1728,287,155,5
4.14-c2-s9,4.14,1975,312,155,5
4.14-c2-s10,4.14,765,118,155,5
4.14-c2-s11,4.14,57,8,155,5
4.14-c2-s12,4.14,1805,308,155,5
4.14-c2-s13,4.14,855,142,155,5
4.14-c2-s14,4.14,1471,248,155,5
4.14-c2-s15,4.14,2121,370,155,5
4.14-c2-s16,4.14,1091,199,155,5
4.14-c2-s17,4.14,2038,359,155,5
4.14-c2-s18,4.14,565,96,155,5
4.14-c2-s19,4.14,2082,337,155,5
4.14-c2-s20,4.14,1883,340,155,5
4.14-c2-s21,4.14,236,44,155,5
4.14-c2-s22,4.14,1965,340,155,5
4.14-c2-s23,4.14,1868,326,155,5
4.14-c2-s24,4.14,959,155,155,5
4.14.1-c1-s1,4.14.1,1275,214,19,6
4.14.1-c2-s1,4.14.1,1838,311,0,6
4.14.1-c3-s1,4.14.1,338,57,0,2
4.14.2-c1-s1,4.14.2,2139,345,28,5
4.14.2-c2-s1,4.14.2,456,64,0,5
4.14.2-c3-s1,4.14.2,298,49,0,5
4.14.3-c1-s1,4.14.3,1598,242,0,5
4.14.3-c2-s1,4.14.3,298,49,0,5
4.14.4-c1-s1,4.14.4,724,126,0,4
4.14.4-c1-s2,4.14.4,1688,272,0,4
4.14.4-c2-s1,4.14.4,276,44,0,5
4.14.4-c3-s1,4.14.4,872,144,0,6
4.15-c1-s1,4.15,415,69,0,8
4.15-c2-s1,4.15,480,87,0,9
4.15-c3-s1,4.15,1645,288,198,7
4.15-c3-s2,4.15,1816,302,198,7
4.15-c3-s3,4.15,1286,228,198,7
4.15-c3-s4,4.15,1304,215,198,7
4.15-c3-s5,4.15,1554,288,198,7
4.15-c3-s6,4.15,365,63,198,7
4.15-c4-s1,4.15,1745,312,24,4
4.15-c5-s1,4.15,44,8,0,8
4.15-c5-s2,4.15,1770,317,0,8
4.15-c5-s3,4.15,912,167,0,8
4.15-c6-s1,4.15,1950,347,0,9
4.15-c7-s1,4.15,1899,344,93,5
4.15-c7-s2,4.15,1987,343,93,5
4.15-c7-s3,4.15,1655,305,93,5
4.15-c7-s4,4.15,1979,363,93,5
4.15.1-c1-s1,4.15.1,574,98,0,7
4.15.1-c1-s2,4.15.1,2224,389,0,7
4.16-c1-s1,4.16,991,183,0,7
4.16-c2-s1,4.16,1643,294,0,8
4.16-c3-s1,4.16,1463,269,0,2
4.16-c4-s1,4.16,2095,364,29,2
4.16-c4-s2,4.16,1368,247,29,2
4.16-c4-s3,4.16,1928,353,29,2
4.16-c4-s4,4.16,2193,401,29,2
4.16-c4-s5,4.16,1705,315,29,2
4.16-c4-s6,4.16,291,55,29,2
4.16.1-c1-s1,4.16.1,468,85,67,5
4.16.1-c1-s2,4.16.1,2125,341,67,5
4.16.1-c1-s3,4.16.1,1157,189,67,5
4.17-c1-s1,4.17,711,116,0,3
4.17-c2-s1,4.17,1488,256,64,5
4.17-c2-s2,4.17,1658,270,64,5
4.17-c2-s3,4.17,921,159,64,5
4.17-c3-s1,4.17,210,36,0,9
4.17-c4-s1,4.17,1878,307,23,9
4.17-c4-s2,4.17,1555,262,23,9
4.17-c4-s3,4.17,427,79,23,9
4.17-c4-s4,4.17,41,6,23,9
4.17-c4-s5,4.17,1387,262,23,9
4.17-c4-s6,4.17,470,80,23,9
4.17-c5-s1,4.17,898,163,86,5
4.17-c5-s2,4.17,1181,212,86,5
4.17-c5-s3,4.17,1879,321,86,5
4.17-c5-s4,4.17,1324,223,86,5
4.17-c6-s1,4.17,639,97,76,7
4.17-c6-s2,4.17,1831,329,76,7
4.17-c6-s3,4.17,1725,312,76,7
4.17-c6-s4,4.17,395,67,76,7
4.17-c6-s5,4.17,1679,292,76,7
4.17-c6-s6,4.17,886,152,76,7
4.17-c6-s7,4.17,1624,290,76,7
4.17-c6-s8,4.17,1530,266,76,7
4.17-c7-s1,4.17,430,78,0,5
4.17.1-c1-s1,4.17.1,1659,271,49,6
4.17.2-c1-s1,4.17.2,1904,309,104,7
4.17.2-c1-s2,4.17.2,956,171,104,7
4.17.3-c1-s1,4.17.3,1035,154,5,7
4.17.4-c1-s1,4.17.4,1062,188,0,6
4.18-c1-s1,4.18,706,116,0,3
4.18-c2-s1,4.18,1873,315,82,5
4.18-c2-s2,4.18,1389,220,82,5
4.18-c2-s3,4.18,1079,186,82,5
4.18-c3-s1,4.18,2201,352,42,7
4.18-c3-s2,4.18,1398,255,42,7
4.18-c3-s3,4.18,476,80,42,7
4.18-c4-s1,4.18,781,134,0,5
4.18-c4-s2,4.18,1179,220,0,5
4.18-c4-s3,4.18,1411,249,0,5
4.18-c4-s4,4.18,871,156,0,5
4.18-c5-s1,4.18,667,103,0,7
4.18-c5-s2,4.18,1991,343,0,7
4.18-c5-s3,4.18,1885,324,0,7
4.18-c5-s4,4.18,619,102,0,7
4.18-c5-s5,4.18,1664,278,0,7
4.18-c5-s6,4.18,1551,273,0,7
4.18-c5-s7,4.18,1365,219,0,7
4.18-c6-s1,4.18,338,54,0,5
4.18-c7-s1,4.18,438,79,0,5
4.18.1-c1-s1,4.18.1,1188,188,110,4
4.18.1-c2-s1,4.18.1,549,83,0,9
4.18.1-c3-s1,4.18.1,734,114,0,9
4.18.1-c4-s1,4.18.1,1142,181,19,11
4.19-c1-s1,4.19,916,149,0,7
4.19-c2-s1,4.19,647,115,71,13
4.19-c2-s2,4.19,1838,306,71,13
4.19-c2-s3,4.19,986,172,71,13
4.19-c2-s4,4.19,1953,301,71,13
4.19-c2-s5,4.19,697,128,71,13
4.19-c2-s6,4.19,1750,271,71,13
4.19-c2-s7,4.19,1802,315,71,13
4.19-c2-s8,4.19,1857,315,71,13
4.19-c2-s9,4.19,706,117,71,13
4.19-c3-s1,4.19,743,127,0,6
4.19-c4-s1,4.19,45,6,0,6
4.19-c4-s2,4.19,1972,344,0,6
4.19-c4-s3,4.19,376,67,0,6
4.19-c4-s4,4.19,1744,302,0,6
4.19-c4-s5,4.19,1697,294,0,6
4.19-c5-s1,4.19,884,149,0,5
4.19-c6-s1,4.19,438,79,0,5
4.19.1-c1-s1,4.19.1,2349,392,19,8
4.19.2-c1-s1,4.19.2,1364,217,16,12
4.20-c1-s1,4.20,397,63,0,3
4.20-c2-s1,4.20,1268,218,21,8
4.20-c3-s1,4.20,922,163,63,7
4.20-c4-s1,4.20,1765,306,61,3
4.20-c4-s2,4.20,1134,195,61,3
4.20-c4-s3,4.20,1147,189,61,3
4.20-c5-s1,4.20,2148,384,0,9
4.20-c5-s2,4.20,26,5,0,9
4.20.1-c1-s1,4.20.1,1951,320,0,4
4.20.1-c2-s1,4.20.1,1951,310,0,4
4.20.1-c3-s1,4.20.1,259,42,0,3
4.20.1-c4-s1,4.20.1,378,61,0,4
4.21-c1-s1,4.21,1881,328,0,4
4.21-c2-s1,4.21,2073,370,560,10
4.21-c2-s2,4.21,619,103,560,10
4.21-c2-s3,4.21,2083,361,560,10
4.21-c2-s4,4.21,422,70,560,10
4.21-c2-s5,4.21,507,92,560,10
4.21-c2-s6,4.21,1364,245,560,10
4.21-c2-s7,4.21,947,185,560,10
4.21-c2-s8,4.21,1896,324,560,10
4.21-c2-s9,4.21,992,174,560,10
4.21-c2-s10,4.21,1688,301,560,10
4.21-c2-s11,4.21,1048,184,560,10
4.21-c2-s12,4.21,1651,275,560,10
4.21-c2-s13,4.21,790,140,560,10
4.21-c2-s14,4.21,1763,309,560,10
4.21-c3-s1,4.21,590,104,0,5
4.21-c3-s2,4.21,2077,377,0,5
4.21-c3-s3,4.21,237,43,0,5
4.21-c3-s4,4.21,846,140,0,5
4.21-c3-s5,4.21,2094,354,0,5
4.21-c3-s6,4.21,504,84,0,5
4.21-c3-s7,4.21,702,117,0,5
4.21-c4-s1,4.21,758,132,0,8
4.21-c5-s1,4.21,1731,296,0,5
4.21-c5-s2,4.21,753,121,0,5
4.21-c5-s3,4.21,1230,238,0,5
4.21-c5-s4,4.21,308,59,0,5
4.21-c5-s5,4.21,1889,318,0,5
4.21-c5-s6,4.21,2018,352,0,5
4.21-c5-s7,4.21,1677,281,0,5
4.21-c5-s8,4.21,1105,186,0,5
4.21-c6-s1,4.21,1807,331,0,13
4.21-c6-s2,4.21,1590,278,0,13
4.21-c6-s3,4.21,699,133,0,13
4.21-c7-s1,4.21,763,131,0,17
4.21-c8-s1,4.21,1513,233,0,3
4.21.1-c1-s1,4.21.1,1783,297,0,5
4.21.1-c1-s2,4.21.1,1792,282,0,5
4.22-c1-s1,4.22,546,87,0,5
4.22-c2-s1,4.22,1902,325,299,9
4.22-c2-s2,4.22,1843,340,299,9
4.22-c2-s3,4.22,2097,362,299,9
4.22-c2-s4,4.22,1258,228,299,9
4.22-c2-s5,4.22,1891,325,299,9
4.22-c2-s6,4.22,1201,219,299,9
4.22-c2-s7,4.22,1925,331,299,9
4.22-c2-s8,4.22,2184,376,299,9
4.22-c2-s9,4.22,1928,341,299,9
4.22-c2-s10,4.22,597,101,299,9
4.22.1-c1-s1,4.22.1,808,132,25,5
4.22.1-c2-s1,4.22.1,1486,250,0,6
4.22.1-c2-s2,4.22.1,1369,227,0,6
4.22.1-c2-s3,4.22.1,2271,365,0,6
4.22.1-c2-s4,4.22.1,1889,298,0,6
4.23-c1-s1,4.23,591,102,0,4
4.23-c2-s1,4.23,1769,316,112,5
4.23-c2-s2,4.23,1904,331,112,5
4.23-c2-s3,4.23,1728,294,112,5
4.23-c2-s4,4.23,1647,288,112,5
4.23-c2-s5,4.23,803,145,112,5
4.23.1-c1-s1,4.23.1,607,97,29,6
4.23.1-c1-s2,4.23.1,1904,293,29,6
4.23.1-c2-s1,4.23.1,2359,386,40,2
4.23.1-c2-s2,4.23.1,365,61,40,2
4.23.1-c2-s3,4.23.1,2352,371,40,2
4.23.1-c2-s4,4.23.1,417,74,40,2
4.24-c1-s1,4.24,907,158,26,5
4.25-c1-s1,4.25,1871,328,0,2
4.25-c2-s1,4.25,1355,241,0,5
4.25-c2-s2,4.25,1553,273,0,5
4.25-c2-s3,4.25,2141,373,0,5
4.25-c2-s4,4.25,744,130,0,5
4.25-c2-s5,4.25,26,5,0,5
4.25.1-c1-s1,4.25.1,1979,334,22,3
5.1-c1-s1,5.1,423,69,0,2
5.1-c2-s1,5.1,1564,249,0,4
5.1-c3-s1,5.1,1578,273,79,4
5.1-c3-s2,5.1,1002,177,79,4
5.1-c4-s1,5.1,665,105,0,4
5.1-c5-s1,5.1,26,3,0,3
5.1-c5-s2,5.1,2257,354,0,3
5.1-c5-s3,5.1,409,69,0,3
5.1-c6-s1,5.1,1727,304,63,5
5.1-c7-s1,5.1,241,40,0,4
5.2-c1-s1,5.2,2110,331,0,5
5.2-c2-s1,5.2,35,5,0,5
5.2-c2-s2,5.2,2204,364,0,5
5.2-c2-s3,5.2,784,141,0,5
5.2-c3-s1,5.2,320,45,0,6
5.2-c4-s1,5.2,42,5,63,5
5.2-c4-s2,5.2,2053,343,63,5
5.2-c4-s3,5.2,709,120,63,5
5.2-c4-s4,5.2,44,8,63,5
5.2-c4-s5,5.2,1879,332,63,5
5.2-c4-s6,5.2,1141,193,63,5
5.2-c4-s7,5.2,1973,348,63,5
5.2-c4-s8,5.2,1877,324,63,5
5.2-c4-s9,5.2,1957,334,63,5
5.2-c4-s10,5.2,1552,263,63,5
5.2-c4-s11,5.2,1260,215,63,5
5.2-c5-s1,5.2,2012,343,74,5
5.2-c5-s2,5.2,1621,290,74,5
5.2-c5-s3,5.2,1784,316,74,5
5.2-c5-s4,5.2,526,97,74,5
5.2-c6-s1,5.2,430,70,0,6
5.2-c7-s1,5.2,45,8,0,8
5.2-c7-s2,5.2,1622,300,0,8
5.2-c7-s3,5.2,859,156,0,8
5.2-c8-s1,5.2,1190,210,0,4
5.2-c9-s1,5.2,521,81,0,2
5.2-c9-s2,5.2,2006,340,0,2
5.2-c10-s1,5.2,13,2,57,2
5.2-c10-s2,5.2,2040,361,57,2
5.2-c10-s3,5.2,1401,241,57,2
5.2-c11-s1,5.2,1809,308,0,5
5.2.5-c1-s1,5.2.5,1439,239,98,8
5.2.5-c1-s2,5.2.5,2423,429,98,8
5.2.5-c1-s3,5.2.5,2253,380,98,8
5.2.5-c1-s4,5.2.5,1962,305,98,8
5.2.5-c2-s1,5.2.5,568,88,0,4
5.2.5-c3-s1,5.2.5,365,51,0,4
5.2.5-c4-s1,5.2.5,588,94,0,12
5.2.5-c5-s1,5.2.5,196,31,0,6
5.2.5-c6-s1,5.2.5,650,113,0,2
5.3-c1-s1,5.3,1696,293,0,5
5.3-c2-s1,5.3,880,157,0,10
5.3-c3-s1,5.3,972,185,103,11
5.3-c3-s2,5.3,1705,313,103,11
5.3-c3-s3,5.3,1972,355,103,11
5.3-c3-s4,5.3,1923,330,103,11
5.3-c3-s5,5.3,1062,189,103,11
5.3-c3-s6,5.3,183,35,103,11
5.3-c4-s1,5.3,1338,237,0,6
5.3-c5-s1,5.3,1038,188,76,6
5.3-c5-s2,5.3,1388,258,76,6
5.3-c5-s3,5.3,1056,196,76,6
5.3-c6-s1,5.3,1565,295,0,4
5.3-c7-s1,5.3,511,91,0,2
5.3-c8-s1,5.3,698,119,0,6
5.3.1-c1-s1,5.3.1,1612,272,100,5
5.3.1-c1-s2,5.3.1,2490,418,100,5
5.3.1-c1-s3,5.3.1,2434,410,100,5
5.3.1-c1-s4,5.3.1,1313,209,100,5
5.3.1-c2-s1,5.3.1,845,135,0,2
5.3.1-c3-s1,5.3.1,2515,426,0,6
5.3.1-c3-s2,5.3.1,224,41,0,6
5.3.1-c4-s1,5.3.1,1457,245,0,4
5.3.1-c5-s1,5.3.1,929,159,48,2
5.3.2-c1-s1,5.3.2,111,15,101,5
5.3.2-c1-s2,5.3.2,2253,395,101,5
5.3.2-c1-s3,5.3.2,375,70,101,5
5.3.2-c1-s4,5.3.2,29,5,101,5
5.4-c1-s1,5.4,58,8,0,5
5.4-c1-s2,5.4,1720,292,0,5
5.4-c1-s3,5.4,362,69,0,5
5.4-c2-s1,5.4,540,90,0,6
5.4-c3-s1,5.4,1155,204,0,6
5.4-c4-s1,5.4,23,4,39,4
5.4-c4-s2,5.4,1777,317,39,4
5.4-c4-s3,5.4,238,41,39,4
5.4-c4-s4,5.4,29,5,39,4
5.4.1-c1-s1,5.4.1,2018,336,94,5
5.4.1-c1-s2,5.4.1,2302,381,94,5
5.4.1-c1-s3,5.4.1,2576,431,94,5
5.4.1-c1-s4,5.4.1,883,148,94,5
5.4.1-c2-s1,5.4.1,844,141,38,5
5.4.1-c3-s1,5.4.1,1112,179,30,4
5.4.1-c4-s1,5.4.1,766,136,0,2
5.4.2-c1-s1,5.4.2,2139,370,84,5
5.5-c1-s1,5.5,902,143,163,7
5.5-c1-s2,5.5,1298,232,163,7
5.5-c1-s3,5.5,1031,175,163,7
5.5-c2-s1,5.5,1045,164,147,2
5.5-c2-s2,5.5,1887,319,147,2
5.5-c2-s3,5.5,503,88,147,2
5.5-c2-s4,5.5,1560,276,147,2
5.5-c2-s5,5.5,768,132,147,2
5.5-c2-s6,5.5,30,4,147,2
5.5-c2-s7,5.5,1940,328,147,2
5.5-c2-s8,5.5,542,83,147,2
5.5-c2-s9,5.5,1242,205,147,2
5.5-c2-s10,5.5,1672,290,147,2
5.5-c2-s11,5.5,1445,254,147,2
5.5-c2-s12,5.5,1385,265,147,2
5.5-c2-s13,5.5,2021,349,147,2
5.5-c2-s14,5.5,1632,293,147,2
5.5-c2-s15,5.5,1815,318,147,2
5.5-c2-s16,5.5,856,159,147,2
5.5-c3-s1,5.5,1017,169,0,5
5.5-c4-s1,5.5,721,122,0,2
5.5.1-c1-s1,5.5.1,2280,367,18,5
5.5.1-c2-s1,5.5.1,1035,158,70,2
5.5.1-c3-s1,5.5.1,2231,362,0,5
5.5.1-c4-s1,5.5.1,1857,296,0,2
5.5.1-c5-s1,5.5.1,913,149,0,6
5.5.2-c1-s1,5.5.2,1811,300,70,5
5.5.3-c1-s1,5.5.3,2258,369,18,5
5.5.3-c2-s1,5.5.3,1019,158,70,2
5.5.3-c3-s1,5.5.3,606,96,0,5
5.5.3-c3-s2,5.5.3,2355,383,0,5
5.5.3-c3-s3,5.5.3,1727,290,0,5
5.5.3-c4-s1,5.5.3,1853,296,0,2
5.5.3-c5-s1,5.5.3,921,150,0,6
5.5.4-c1-s1,5.5.4,2251,386,70,5
5.5.4-c1-s2,5.5.4,27,5,70,5
5.6-c1-s1,5.6,467,85,0,3
5.6-c2-s1,5.6,2169,359,143,2
5.6-c2-s2,5.6,1247,223,143,2
5.6-c2-s3,5.6,924,159,143,2
5.6-c2-s4,5.6,1650,272,143,2
5.6-c2-s5,5.6,935,168,143,2
5.6-c2-s6,5.6,313,56,143,2
5.6.1-c1-s1,5.6.1,2451,402,4,4
5.6.1-c2-s1,5.6.1,459,72,0,3
5.6.1-c3-s1,5.6.1,912,137,0,4
5.6.1-c4-s1,5.6.1,1312,202,0,2
5.6.1-c5-s1,5.6.1,561,90,0,3
5.6.1-c6-s1,5.6.1,752,127,0,2
5.6.2-c1-s1,5.6.2,2203,366,0,4
5.7-c1-s1,5.7,1041,161,0,5
5.7-c2-s1,5.7,749,115,0,2
5.7-c2-s2,5.7,1675,264,0,2
5.7-c2-s3,5.7,1331,233,0,2
5.7-c2-s4,5.7,1759,303,0,2
5.7-c2-s5,5.7,1704,293,0,2
5.7-c2-s6,5.7,41,5,0,2
5.7-c2-s7,5.7,1963,322,0,2
5.7-c2-s8,5.7,380,70,0,2
5.7-c2-s9,5.7,12,2,0,2
5.7-c2-s10,5.7,1940,325,0,2
5.7-c2-s11,5.7,712,115,0,2
5.7-c2-s12,5.7,19,4,0,2
5.7-c2-s13,5.7,1694,297,0,2
5.7-c2-s14,5.7,1685,287,0,2
5.7-c2-s15,5.7,44,7,0,2
5.7-c2-s16,5.7,1929,335,0,2
5.7-c2-s17,5.7,636,99,0,2
5.7-c3-s1,5.7,2221,359,0,2
5.7-c4-s1,5.7,1867,298,0,7
5.7-c5-s1,5.7,518,84,0,4
5.7-c6-s1,5.7,916,152,0,10
5.7.1-c1-s1,5.7.1,2282,380,51,10
5.7.1-c1-s2,5.7.1,819,135,51,10
5.7.1-c2-s1,5.7.1,1718,277,0,6
5.7.1-c3-s1,5.7.1,2255,384,0,2
5.7.1-c3-s2,5.7.1,619,108,0,2
5.7.1-c4-s1,5.7.1,1559,256,26,2
5.7.1-c5-s1,5.7.1,196,31,0,6
5.7.1-c6-s1,5.7.1,775,131,0,2
5.7.2-c1-s1,5.7.2,138,20,97,10
5.7.2-c1-s2,5.7.2,1980,344,97,10
5.7.2-c1-s3,5.7.2,878,156,97,10
5.7.2-c1-s4,5.7.2,26,5,97,10
5.7.3-c1-s1,5.7.3,2588,415,14,9
5.7.3-c1-s2,5.7.3,887,140,14,9
5.7.3-c2-s1,5.7.3,1720,275,0,6
5.7.3-c3-s1,5.7.3,2210,359,151,4
5.7.3-c3-s2,5.7.3,2450,411,151,4
5.7.3-c3-s3,5.7.3,1020,165,151,4
5.7.3-c4-s1,5.7.3,1574,257,26,2
5.7.3-c5-s1,5.7.3,198,31,0,6
5.7.3-c6-s1,5.7.3,840,133,0,2
5.7.4-c1-s1,5.7.4,134,19,179,9
5.7.4-c1-s2,5.7.4,2002,350,179,9
5.7.4-c1-s3,5.7.4,1370,245,179,9
5.7.4-c1-s4,5.7.4,26,5,179,9
5.8-c1-s1,5.8,1261,209,0,6
5.8-c2-s1,5.8,1805,302,0,2
5.8-c3-s1,5.8,1137,190,0,11
5.8-c3-s2,5.8,1204,211,0,11
5.8-c3-s3,5.8,1716,300,0,11
5.8-c3-s4,5.8,484,77,0,11
5.8-c3-s5,5.8,1839,317,0,11
5.8-c3-s6,5.8,1802,312,0,11
5.8-c4-s1,5.8,1185,199,0,14
5.8-c4-s2,5.8,2131,355,0,14
5.8-c4-s3,5.8,1467,233,0,14
5.8-c4-s4,5.8,1578,271,0,14
5.8-c5-s1,5.8,2236,356,0,2
5.8-c6-s1,5.8,1985,317,0,7
5.8-c7-s1,5.8,475,78,0,4
5.8.1-c1-s1,5.8.1,1648,265,44,8
5.8.1-c1-s2,5.8.1,1855,333,44,8
5.8.1-c1-s3,5.8.1,2088,358,44,8
5.8.1-c2-s1,5.8.1,570,95,0,3
5.8.1-c3-s1,5.8.1,2192,386,0,4
5.8.1-c3-s2,5.8.1,423,65,0,4
5.8.1-c4-s1,5.8.1,1469,244,25,2
5.8.1-c5-s1,5.8.1,196,31,0,6
5.8.1-c6-s1,5.8.1,637,105,0,2
5.8.2-c1-s1,5.8.2,141,18,113,8
5.8.2-c1-s2,5.8.2,2095,375,113,8
5.8.2-c1-s3,5.8.2,684,127,113,8
5.8.2-c1-s4,5.8.2,30,5,113,8
5.8.3-c1-s1,5.8.3,1780,277,44,8
5.8.3-c1-s2,5.8.3,2229,394,44,8
5.8.3-c1-s3,5.8.3,551,84,44,8
5.8.3-c2-s1,5.8.3,606,100,0,3
5.8.3-c3-s1,5.8.3,1173,185,0,5
5.8.3-c4-s1,5.8.3,1321,212,0,2
5.8.3-c5-s1,5.8.3,1537,250,25,2
5.8.3-c6-s1,5.8.3,194,31,0,6
5.8.3-c7-s1,5.8.3,772,127,0,2
5.8.4-c1-s1,5.8.4,135,18,84,8
5.8.4-c1-s2,5.8.4,2137,381,84,8
5.8.4-c1-s3,5.8.4,1149,211,84,8
5.8.4-c1-s4,5.8.4,30,5,84,8
5.9-c1-s1,5.9,56,8,0,5
5.9-c1-s2,5.9,1954,343,0,5
5.9-c2-s1,5.9,1667,293,26,11
5.9-c2-s2,5.9,686,116,26,11
5.9-c3-s1,5.9,386,70,0,4
5.9-c4-s1,5.9,976,171,0,5
5.9.1-c1-s1,5.9.1,2171,360,66,4
5.9.1-c2-s1,5.9.1,500,81,0,4
5.9.1-c3-s1,5.9.1,729,117,0,4
5.9.1-c4-s1,5.9.1,551,96,66,2
5.10-c1-s1,5.10,505,83,0,6
5.10-c1-s2,5.10,1889,295,0,6
5.10.1-c1-s1,5.10.1,1177,203,0,5
6.1-c1-s1,6.1,761,138,36,7
6.1-c2-s1,6.1,749,127,26,2
6.1-c2-s2,6.1,1604,292,26,2
6.1-c2-s3,6.1,2004,349,26,2
6.1-c2-s4,6.1,935,170,26,2
6.1-c2-s5,6.1,604,116,26,2
6.1-c2-s6,6.1,1739,298,26,2
6.1-c2-s7,6.1,1458,254,26,2
6.1-c3-s1,6.1,315,55,0,3
6.1-c3-s2,6.1,1732,322,0,3
6.1-c4-s1,6.1,730,139,0,6
6.1-c5-s1,6.1,535,93,0,4
6.1-c6-s1,6.1,1266,227,0,5
6.1-c6-s2,6.1,2019,356,0,5
6.1-c6-s3,6.1,1989,347,0,5
6.1-c7-s1,6.1,1355,241,0,3
6.1-c8-s1,6.1,236,41,0,4
6.1-c9-s1,6.1,869,153,43,4
6.1-c10-s1,6.1,284,52,0,2
6.1.1-c1-s1,6.1.1,1193,203,57,8
6.1.1-c2-s1,6.1.1,1376,217,45,2
6.1.1-c3-s1,6.1.1,545,84,0,4
6.1.1-c4-s1,6.1.1,1086,171,0,7
6.1.1-c5-s1,6.1.1,1895,317,0,3
6.1.1-c6-s1,6.1.1,622,99,0,6
6.1.1-c7-s1,6.1.1,107,18,0,6
6.1.1-c8-s1,6.1.1,528,91,0,2
6.1.1-c9-s1,6.1.1,489,80,0,3
6.1.2-c1-s1,6.1.2,1617,286,0,8
6.2-c1-s1,6.2,390,66,0,3
6.2-c2-s1,6.2,1579,290,0,8
6.2-c3-s1,6.2,591,105,0,9
6.2-c3-s2,6.2,1761,318,0,9
6.2-c3-s3,6.2,661,123,0,9
6.2-c3-s4,6.2,30,5,0,9
6.2-c3-s5,6.2,1776,324,0,9
6.2-c3-s6,6.2,379,67,0,9
6.2-c3-s7,6.2,1274,220,0,9
6.2-c3-s8,6.2,2004,355,0,9
6.2-c3-s9,6.2,1566,265,0,9
6.2-c4-s1,6.2,46,7,0,7
6.2-c4-s2,6.2,1560,288,0,7
6.2-c4-s3,6.2,790,149,0,7
6.2-c5-s1,6.2,52,8,0,8
6.2-c5-s2,6.2,1779,298,0,8
6.2-c5-s3,6.2,1791,313,0,8
6.2-c5-s4,6.2,458,84,0,8
6.2-c5-s5,6.2,2219,389,0,8
6.2-c5-s6,6.2,1471,241,0,8
6.2-c6-s1,6.2,595,105,13,6
6.2-c7-s1,6.2,1484,270,0,7
6.2-c8-s1,6.2,404,72,0,4
6.2-c9-s1,6.2,878,146,0,2
6.2-c9-s2,6.2,1369,228,0,2
6.2-c10-s1,6.2,72,9,0,9
6.2-c10-s2,6.2,1748,304,0,9
6.2-c10-s3,6.2,339,58,0,9
6.2-c11-s1,6.2,1209,193,0,10
6.2-c11-s2,6.2,1975,330,0,10
6.2-c12-s1,6.2,2039,341,0,5
6.2-c13-s1,6.2,472,73,0,7
6.2-c14-s1,6.2,1143,197,0,6
6.2.1-c1-s1,6.2.1,770,124,0,4
6.2.1-c1-s2,6.2.1,2399,375,0,4
6.2.1-c1-s3,6.2.1,1723,293,0,4
6.2.1-c2-s1,6.2.1,403,62,0,4
6.2.1-c3-s1,6.2.1,1286,217,0,4
6.2.1-c4-s1,6.2.1,1110,172,0,2
6.2.1-c5-s1,6.2.1,507,86,0,2
6.2.1-c6-s1,6.2.1,393,64,0,3
6.2.2-c1-s1,6.2.2,1837,325,0,4
B6.2.2-c1-s1,B6.2.2,1837,325,0,4
6.3-c1-s1,6.3,797,130,15,3
6.3-c2-s1,6.3,752,128,149,2
6.3-c2-s2,6.3,1793,324,149,2
6.3-c2-s3,6.3,1704,290,149,2
6.3-c2-s4,6.3,1645,296,149,2
6.3.1-c1-s1,6.3.1,2103,348,10,4
6.3.1-c2-s1,6.3.1,951,141,0,2
6.3.1-c3-s1,6.3.1,107,18,0,6
6.3.1-c4-s1,6.3.1,434,76,0,2
6.3.2-c1-s1,6.3.2,985,162,0,4
6.4-c1-s1,6.4,551,89,122,3
6.4-c1-s2,6.4,1580,265,122,3
6.4-c1-s3,6.4,1948,338,122,3
6.4-c1-s4,6.4,1617,281,122,3
6.4-c1-s5,6.4,670,113,122,3
6.4-c2-s1,6.4,691,118,0,5
6.4.1-c1-s1,6.4.1,1873,305,0,4
6.4.2-c1-s1,6.4.2,1048,175,0,6
6.4.2-c2-s1,6.4.2,2377,379,12,3
6.4.2-c2-s2,6.4.2,1899,297,12,3
6.4.2-c3-s1,6.4.2,565,81,85,2
6.4.2-c4-s1,6.4.2,1179,201,0,2
6.4.2-c4-s2,6.4.2,2415,412,0,2
6.4.2-c4-s3,6.4.2,250,43,0,2
6.4.2-c5-s1,6.4.2,918,154,53,7
6.4.2-c6-s1,6.4.2,107,18,0,6
6.4.2-c7-s1,6.4.2,823,143,0,2
7.1.1-c1-s1,7.1.1,1170,211,0,2
7.1.1-c2-s1,7.1.1,53,10,0,8
7.1.1-c2-s2,7.1.1,1811,345,0,8
7.1.1-c2-s3,7.1.1,997,171,0,8
7.1.1-c3-s1,7.1.1,1778,298,78,5
7.1.1-c3-s2,7.1.1,891,152,78,5
7.1.1-c4-s1,7.1.1,1805,322,0,6
7.1.1-c4-s2,7.1.1,997,184,0,6
7.1.1-c4-s3,7.1.1,1553,272,0,6
7.1.1-c4-s4,7.1.1,935,170,0,6
7.1.1-c5-s1,7.1.1,949,176,26,4
7.1.1-c6-s1,7.1.1,47,6,37,6
7.1.1-c6-s2,7.1.1,1491,253,37,6
7.1.1-c6-s3,7.1.1,747,129,37,6
7.1.1-c7-s1,7.1.1,1180,219,32,9
7.1.1-c8-s1,7.1.1,1421,259,75,5
7.1.1-c8-s2,7.1.1,1580,280,75,5
7.1.1-c8-s3,7.1.1,1323,238,75,5
7.1.1-c8-s4,7.1.1,1185,227,75,5
7.1.1-c8-s5,7.1.1,821,144,75,5
7.1.1.1-c1-s1,7.1.1.1,1539,242,76,3
7.1.1.1-c1-s2,7.1.1.1,1690,268,76,3
7.1.2-c1-s1,7.1.2,940,157,0,2
7.1.2-c2-s1,7.1.2,1386,268,0,7
7.1.2-c3-s1,7.1.2,39,7,36,7
7.1.2-c3-s2,7.1.2,2249,386,36,7
7.1.2-c3-s3,7.1.2,577,106,36,7
7.1.2-c4-s1,7.1.2,1880,343,0,3
7.1.2-c4-s2,7.1.2,969,156,0,3
7.1.2-c5-s1,7.1.2,24,5,0,5
7.1.2-c5-s2,7.1.2,1786,323,0,5
7.1.2-c5-s3,7.1.2,330,58,0,5
7.1.2-c5-s4,7.1.2,271,41,0,5
7.1.2.1-c1-s1,7.1.2.1,338,52,0,3
7.1.2.1-c2-s1,7.1.2.1,1880,298,20,3
7.1.2.1-c2-s2,7.1.2.1,2270,364,20,3
7.1.2.1-c2-s3,7.1.2.1,26,5,20,3
7.1.3-c1-s1,7.1.3,20,3,0,2
7.1.3-c1-s2,7.1.3,1660,296,0,2
7.1.3-c1-s3,7.1.3,945,166,0,2
7.1.3-c1-s4,7.1.3,892,156,0,2
7.1.3.1-c1-s1,7.1.3.1,689,102,0,3
7.1.4-c1-s1,7.1.4,580,102,0,2
7.1.4-c2-s1,7.1.4,1461,261,44,4
7.1.4-c2-s2,7.1.4,1240,228,44,4
7.1.4-c3-s1,7.1.4,1687,303,0,9
7.1.4-c4-s1,7.1.4,1425,250,0,5
7.1.5-c1-s1,7.1.5,906,152,0,5
7.1.5-c2-s1,7.1.5,1471,247,0,7
7.1.5-c2-s2,7.1.5,815,138,0,7
7.1.5-c3-s1,7.1.5,1920,325,0,7
7.1.5-c3-s2,7.1.5,2426,394,0,7
7.1.5-c3-s3,7.1.5,358,60,0,7
7.1.5-c3-s4,7.1.5,2380,400,0,7
7.1.5-c3-s5,7.1.5,2090,340,0,7
7.1.5-c3-s6,7.1.5,775,124,0,7
7.1.5-c4-s1,7.1.5,32,6,0,6
7.1.5-c4-s2,7.1.5,2367,405,0,6
7.1.5-c4-s3,7.1.5,1880,323,0,6
7.1.5-c4-s4,7.1.5,1624,265,0,6
7.1.5-c4-s5,7.1.5,456,75,0,6
7.1.5-c5-s1,7.1.5,1044,181,0,6
7.1.5-c5-s2,7.1.5,1871,296,0,6
7.1.5.1-c1-s1,7.1.5.1,726,113,0,6
7.1.5.1-c1-s2,7.1.5.1,2449,414,0,6
7.1.5.1-c1-s3,7.1.5.1,2465,399,0,6
7.1.5.1-c1-s4,7.1.5.1,1572,262,0,6
7.1.5.1-c2-s1,7.1.5.1,522,88,0,2
7.2.1-c1-s1,7.2.1,542,89,12,5
7.2.1-c2-s1,7.2.1,746,121,44,4
7.2.1-c3-s1,7.2.1,1429,253,0,7
7.2.1-c3-s2,7.2.1,1769,324,0,7
7.2.1-c3-s3,7.2.1,1572,292,0,7
7.2.1-c4-s1,7.2.1,2071,356,0,3
7.2.1-c4-s2,7.2.1,151,25,0,3
7.2.1-c5-s1,7.2.1,838,140,37,6
7.2.1-c5-s2,7.2.1,1696,295,37,6
7.2.1-c5-s3,7.2.1,1912,330,37,6
7.2.1-c5-s4,7.2.1,560,95,37,6
7.2.1-c5-s5,7.2.1,1430,247,37,6
7.2.1-c6-s1,7.2.1,554,82,0,4
7.2.1-c7-s1,7.2.1,1402,220,122,5
7.2.1-c8-s1,7.2.1,220,39,0,2
7.2.1.1-c1-s1,7.2.1.1,666,113,35,4
7.2.1.1-c2-s1,7.2.1.1,2349,382,75,4
7.2.1.1-c2-s2,7.2.1.1,2260,391,75,4
7.2.1.1-c2-s3,7.2.1.1,750,121,75,4
7.2.1.1-c3-s1,7.2.1.1,2100,334,51,2
7.2.1.1-c3-s2,7.2.1.1,435,77,51,2
7.2.1.1-c4-s1,7.2.1.1,1925,318,87,7
7.2.1.1-c5-s1,7.2.1.1,1263,217,30,5
7.2.1.1-c6-s1,7.2.1.1,577,98,0,7
7.2.1.1-c7-s1,7.2.1.1,107,18,0,6
7.2.1.1-c8-s1,7.2.1.1,572,100,0,2
7.2.1.2-c1-s1,7.2.1.2,1786,310,0,6
7.2.1.3-c1-s1,7.2.1.3,867,145,35,6
7.2.1.3-c2-s1,7.2.1.3,2343,382,75,4
7.2.1.3-c2-s2,7.2.1.3,2262,391,75,4
7.2.1.3-c2-s3,7.2.1.3,717,115,75,4
7.2.1.3-c3-s1,7.2.1.3,2096,334,51,2
7.2.1.3-c3-s2,7.2.1.3,435,77,51,2
7.2.1.3-c4-s1,7.2.1.3,2262,381,179,7
7.2.1.3-c4-s2,7.2.1.3,1130,188,179,7
7.2.1.3-c4-s3,7.2.1.3,1998,341,179,7
7.2.1.3-c5-s1,7.2.1.3,686,116,0,7
7.2.1.3-c6-s1,7.2.1.3,679,119,0,2
7.2.1.4-c1-s1,7.2.1.4,445,68,0,8
7.2.1.4-c1-s2,7.2.1.4,1815,331,0,8
7.2.1A-c1-s1,7.2.1A,839,148,19,3
7.2.1A-c1-s2,7.2.1A,1895,333,19,3
7.2.1A-c1-s3,7.2.1A,633,122,19,3
7.2.1A-c2-s1,7.2.1A,1408,254,0,3
7.2.1A-c3-s1,7.2.1A,1286,236,0,12
7.2.1A-c3-s2,7.2.1A,1489,265,0,12
7.2.1A-c4-s1,7.2.1A,995,175,0,6
7.2.1A-c5-s1,7.2.1A,757,135,0,2
7.2.1A-c6-s1,7.2.1A,1390,226,0,5
7.2.1A-c6-s2,7.2.1A,1694,275,0,5
7.2.1A-c7-s1,7.2.1A,1135,211,0,5
7.2.1A-c8-s1,7.2.1A,386,69,0,5
7.2.1A-c9-s1,7.2.1A,618,106,0,6
7.2.1A.1-c1-s1,7.2.1A.1,1181,196,40,4
7.2.1A.1-c2-s1,7.2.1A.1,710,121,0,4
7.2.1A.1-c3-s1,7.2.1A.1,1470,231,24,4
7.2.1A.1-c4-s1,7.2.1A.1,925,150,0,5
7.2.1A.1-c5-s1,7.2.1A.1,2093,335,0,2
7.2.1A.1-c5-s2,7.2.1A.1,562,82,0,2
7.2.1A.1-c6-s1,7.2.1A.1,107,18,0,6
7.2.1A.1-c7-s1,7.2.1A.1,552,96,0,2
7.2.1A.1-c8-s1,7.2.1A.1,845,150,0,3
7.2.2-c1-s1,7.2.2,285,41,36,7
7.2.2-c2-s1,7.2.2,1875,326,245,3
7.2.2-c2-s2,7.2.2,1933,332,245,3
7.2.2-c2-s3,7.2.2,1505,267,245,3
7.2.2-c2-s4,7.2.2,561,101,245,3
7.2.2-c2-s5,7.2.2,1603,279,245,3
7.2.2-c2-s6,7.2.2,1774,310,245,3
7.2.2-c2-s7,7.2.2,1209,216,245,3
7.2.2-c2-s8,7.2.2,1359,233,245,3
7.2.2-c2-s9,7.2.2,1890,335,245,3
7.2.2-c2-s10,7.2.2,1118,207,245,3
7.2.2-c3-s1,7.2.2,784,136,0,8
7.2.2-c4-s1,7.2.2,1386,243,37,9
7.2.2-c5-s1,7.2.2,1773,289,99,3
7.2.2-c5-s2,7.2.2,1116,195,99,3
7.2.2-c6-s1,7.2.2,1478,250,0,3
7.2.2-c6-s2,7.2.2,2031,338,0,3
7.2.2-c7-s1,7.2.2,1011,178,0,4
7.2.2-c8-s1,7.2.2,633,105,0,5
7.2.2-c8-s2,7.2.2,1904,307,0,5
7.2.2.1-c1-s1,7.2.2.1,807,131,55,10
7.2.2.1-c2-s1,7.2.2.1,2200,354,0,4
7.2.2.1-c3-s1,7.2.2.1,2259,358,25,2
7.2.2.1-c4-s1,7.2.2.1,1254,197,69,3
7.2.2.1-c5-s1,7.2.2.1,2458,417,66,2
7.2.2.1-c5-s2,7.2.2.1,860,138,66,2
7.2.2.1-c6-s1,7.2.2.1,117,20,0,6
7.2.2.1-c7-s1,7.2.2.1,522,89,0,2
7.2.2.2-c1-s1,7.2.2.2,1217,203,55,11
7.2.2.2-c2-s1,7.2.2.2,2249,364,0,4
7.2.2.2-c3-s1,7.2.2.2,2021,310,25,2
7.2.2.2-c4-s1,7.2.2.2,1329,208,69,3
7.2.2.2-c5-s1,7.2.2.2,2280,382,87,2
7.2.2.2-c5-s2,7.2.2.2,635,94,87,2
7.2.2.2-c6-s1,7.2.2.2,117,20,0,6
7.2.2.2-c7-s1,7.2.2.2,656,114,0,2
7.2.2.3-c1-s1,7.2.2.3,1588,269,0,8
7.2.3-c1-s1,7.2.3,261,36,36,3
7.2.3-c2-s1,7.2.3,1703,296,93,3
7.2.3-c2-s2,7.2.3,774,146,93,3
7.2.3-c3-s1,7.2.3,1398,261,0,3
7.2.3-c4-s1,7.2.3,187,32,0,3
7.2.3-c5-s1,7.2.3,1061,194,0,4
7.2.3-c6-s1,7.2.3,1179,222,24,5
7.2.3-c6-s2,7.2.3,1629,283,24,5
7.2.3-c6-s3,7.2.3,1687,291,24,5
7.2.3-c6-s4,7.2.3,43,6,24,5
7.2.3-c6-s5,7.2.3,1689,309,24,5
7.2.3-c6-s6,7.2.3,333,58,24,5
7.2.3-c6-s7,7.2.3,1812,312,24,5
7.2.3-c6-s8,7.2.3,1818,310,24,5
7.2.3-c6-s9,7.2.3,883,152,24,5
7.2.3-c7-s1,7.2.3,1885,311,0,2
7.2.3-c8-s1,7.2.3,290,46,0,3
7.2.3-c9-s1,7.2.3,1901,314,0,3
7.2.3-c9-s2,7.2.3,787,135,0,3
7.2.3-c10-s1,7.2.3,1036,183,0,4
7.2.3.1-c1-s1,7.2.3.1,2189,371,80,4
7.2.3.1-c2-s1,7.2.3.1,2596,415,0,3
7.2.3.1-c3-s1,7.2.3.1,2047,326,25,2
7.2.3.1-c3-s2,7.2.3.1,612,95,25,2
7.2.3.1-c4-s1,7.2.3.1,633,106,0,4
7.2.3.1-c5-s1,7.2.3.1,595,104,0,2
7.2.3.2-c1-s1,7.2.3.2,1534,272,0,4
7.2.5-c1-s1,7.2.5,455,74,20,5
7.2.5-c2-s1,7.2.5,1900,342,0,5
7.2.5-c2-s2,7.2.5,694,130,0,5
7.2.5-c3-s1,7.2.5,1657,274,0,3
7.2.5-c3-s2,7.2.5,597,105,0,3
7.2.5-c3-s3,7.2.5,2059,349,0,3
7.2.5-c3-s4,7.2.5,1728,298,0,3
7.2.5-c3-s5,7.2.5,298,54,0,3
7.2.5-c3-s6,7.2.5,1879,320,0,3
7.2.5-c3-s7,7.2.5,627,111,0,3
7.2.5-c3-s8,7.2.5,1010,163,0,3
7.2.5-c3-s9,7.2.5,1475,262,0,3
7.2.5-c3-s10,7.2.5,1215,207,0,3
7.2.5-c4-s1,7.2.5,647,108,0,4
7.2.5-c4-s2,7.2.5,1855,324,0,4
7.2.5-c5-s1,7.2.5,402,69,0,7
7.2.5-c5-s2,7.2.5,1793,320,0,7
7.2.5-c5-s3,7.2.5,1287,237,0,7
7.2.5-c5-s4,7.2.5,1721,309,0,7
7.2.5-c6-s1,7.2.5,16,2,35,2
7.2.5-c6-s2,7.2.5,1841,332,35,2
7.2.5-c6-s3,7.2.5,451,77,35,2
7.2.5-c6-s4,7.2.5,1346,236,35,2
7.2.5-c7-s1,7.2.5,875,155,0,6
7.2.5-c8-s1,7.2.5,1047,173,0,2
7.2.5-c9-s1,7.2.5,423,67,0,7
7.2.5.1-c1-s1,7.2.5.1,609,101,0,10
7.2.5.1-c2-s1,7.2.5.1,2410,384,43,2
7.2.5.1-c3-s1,7.2.5.1,380,60,178,3
7.2.5.1-c3-s2,7.2.5.1,2492,391,178,3
7.2.5.1-c3-s3,7.2.5.1,1793,285,178,3
7.2.5.1-c3-s4,7.2.5.1,2432,402,178,3
7.2.5.1-c3-s5,7.2.5.1,230,42,178,3
7.2.5.1-c3-s6,7.2.5.1,751,131,178,3
7.2.5.1-c3-s7,7.2.5.1,2259,370,178,3
7.2.5.1-c3-s8,7.2.5.1,2136,347,178,3
7.2.5.1-c4-s1,7.2.5.1,1908,327,44,2
7.2.5.1-c4-s2,7.2.5.1,2338,410,44,2
7.2.5.1-c4-s3,7.2.5.1,257,40,44,2
7.2.5.1-c4-s4,7.2.5.1,1471,250,44,2
7.2.5.1-c5-s1,7.2.5.1,608,102,0,2
7.2.5.1-c6-s1,7.2.5.1,1669,263,113,5
7.2.5.2-c1-s1,7.2.5.2,615,100,0,10
7.2.5.2-c2-s1,7.2.5.2,2410,384,43,2
7.2.5.2-c3-s1,7.2.5.2,1427,240,266,3
7.2.5.2-c3-s2,7.2.5.2,2592,404,266,3
7.2.5.2-c3-s3,7.2.5.2,1867,296,266,3
7.2.5.2-c3-s4,7.2.5.2,2425,401,266,3
7.2.5.2-c3-s5,7.2.5.2,230,42,266,3
7.2.5.2-c3-s6,7.2.5.2,749,130,266,3
7.2.5.2-c3-s7,7.2.5.2,2391,389,266,3
7.2.5.2-c3-s8,7.2.5.2,2148,349,266,3
7.2.5.2-c4-s1,7.2.5.2,761,135,0,4
7.2.5.2-c5-s1,7.2.5.2,867,147,0,2
7.2.5.2-c6-s1,7.2.5.2,1799,309,44,2
7.2.5.2-c6-s2,7.2.5.2,2369,413,44,2
7.2.5.2-c6-s3,7.2.5.2,257,40,44,2
7.2.5.2-c6-s4,7.2.5.2,2278,379,44,2
7.2.5.2-c7-s1,7.2.5.2,608,102,0,2
7.2.5.2-c8-s1,7.2.5.2,1670,263,113,5
7.2.5.3-c1-s1,7.2.5.3,1499,268,0,6
7.2.5.4-c1-s1,7.2.5.4,1698,302,0,7
7.2.5.5-c1-s1,7.2.5.5,1235,222,0,8
7.2.5.6-c1-s1,7.2.5.6,1229,222,0,8
7.2.6-c1-s1,7.2.6,2010,311,0,8
7.2.6-c2-s1,7.2.6,1161,184,0,10
7.2.6-c3-s1,7.2.6,303,47,20,2
7.2.6-c4-s1,7.2.6,1904,342,63,5
7.2.6-c4-s2,7.2.6,696,130,63,5
7.2.6-c5-s1,7.2.6,1072,192,29,3
7.2.6-c5-s2,7.2.6,1621,296,29,3
7.2.6-c5-s3,7.2.6,240,42,29,3
7.2.6-c5-s4,7.2.6,390,62,29,3
7.2.6-c5-s5,7.2.6,2046,349,29,3
7.2.6-c5-s6,7.2.6,244,44,29,3
7.2.6-c5-s7,7.2.6,1102,197,29,3
7.2.6-c6-s1,7.2.6,1616,269,0,9
7.2.6-c7-s1,7.2.6,206,32,0,2
7.2.6-c8-s1,7.2.6,1008,167,0,2
7.2.6-c9-s1,7.2.6,1464,249,0,6
7.2.6.1-c1-s1,7.2.6.1,1060,173,0,9
7.2.6.1-c2-s1,7.2.6.1,1380,225,0,2
7.2.6.1-c3-s1,7.2.6.1,2453,403,44,3
7.2.6.1-c3-s2,7.2.6.1,1597,259,44,3
7.2.6.1-c4-s1,7.2.6.1,2234,364,24,2
7.2.6.1-c4-s2,7.2.6.1,259,40,24,2
7.2.6.1-c4-s3,7.2.6.1,107,18,24,2
7.2.6.1-c5-s1,7.2.6.1,586,98,0,2
7.2.6.1-c6-s1,7.2.6.1,1505,239,0,5
7.2.6.2-c1-s1,7.2.6.2,1015,165,0,8
7.2.6.2-c2-s1,7.2.6.2,1385,223,0,2
7.2.6.2-c3-s1,7.2.6.2,2453,403,44,3
7.2.6.2-c3-s2,7.2.6.2,1597,259,44,3
7.2.6.2-c4-s1,7.2.6.2,2305,387,0,2
7.2.6.2-c5-s1,7.2.6.2,597,103,0,2
7.2.6.3-c1-s1,7.2.6.3,1200,209,0,6
7.3.1.1-c1-s1,7.3.1.1,1265,213,0,15
7.3.1.1-c1-s2,7.3.1.1,2063,350,0,15
7.3.1.1-c1-s3,7.3.1.1,553,92,0,15
7.3.1.1-c1-s4,7.3.1.1,1835,312,0,15
7.3.1.1-c1-s5,7.3.1.1,1812,302,0,15
7.3.1.1-c1-s6,7.3.1.1,1925,319,0,15
7.3.1.1-c1-s7,7.3.1.1,1345,215,0,15
7.3.1.1.1-c1-s1,7.3.1.1.1,2458,417,85,5
7.3.1.1.1-c1-s2,7.3.1.1.1,1324,216,85,5
7.3.1.1.2-c1-s1,7.3.1.1.2,1215,207,0,7
7.3.1.2-c1-s1,7.3.1.2,363,57,0,9
7.3.1.2-c1-s2,7.3.1.2,2060,329,0,9
7.3.1.2-c2-s1,7.3.1.2,1685,289,58,4
7.3.1.2-c2-s2,7.3.1.2,529,96,58,4
7.3.1.2-c3-s1,7.3.1.2,44,7,0,7
7.3.1.2-c3-s2,7.3.1.2,1835,330,0,7
7.3.1.2-c3-s3,7.3.1.2,1256,215,0,7
7.3.1.2-c4-s1,7.3.1.2,2113,381,0,4
7.3.1.2-c4-s2,7.3.1.2,308,53,0,4
7.3.1.2-c4-s3,7.3.1.2,2368,423,0,4
7.3.1.2-c4-s4,7.3.1.2,316,56,0,4
7.3.1.2-c4-s5,7.3.1.2,1558,270,0,4
7.3.1.2-c4-s6,7.3.1.2,1983,333,0,4
7.3.1.2-c4-s7,7.3.1.2,776,133,0,4
7.3.1.2-c4-s8,7.3.1.2,285,52,0,4
7.3.1.2-c4-s9,7.3.1.2,1617,281,0,4
7.3.1.2-c4-s10,7.3.1.2,2010,344,0,4
7.3.1.2-c4-s11,7.3.1.2,957,163,0,4
7.3.1.2-c5-s1,7.3.1.2,859,136,0,5
7.3.1.2-c6-s1,7.3.1.2,901,146,0,5
7.3.1.2-c6-s2,7.3.1.2,1905,331,0,5
7.3.1.2-c6-s3,7.3.1.2,2307,390,0,5
7.3.1.2-c6-s4,7.3.1.2,493,88,0,5
7.3.1.2-c7-s1,7.3.1.2,675,105,0,10
7.3.1.2-c8-s1,7.3.1.2,1794,330,0,11
7.3.1.2-c8-s2,7.3.1.2,2255,375,0,11
7.3.1.2-c8-s3,7.3.1.2,419,65,0,11
7.3.1.2-c8-s4,7.3.1.2,2022,339,0,11
7.3.1.2-c8-s5,7.3.1.2,743,116,0,11
7.3.1.2-c8-s6,7.3.1.2,2340,365,0,11
7.3.1.2-c8-s7,7.3.1.2,915,152,0,11
7.3.1.2-c8-s8,7.3.1.2,1872,310,0,11
7.3.1.2-c8-s9,7.3.1.2,434,66,0,11
7.3.1.2-c8-s10,7.3.1.2,422,77,0,11
7.3.1.3-c1-s1,7.3.1.3,1691,286,0,7
7.3.1.3-c2-s1,7.3.1.3,1366,243,0,7
7.3.1.3-c3-s1,7.3.1.3,1593,257,0,11
7.3.1.3-c4-s1,7.3.1.3,1634,277,0,8
7.3.1.3-c5-s1,7.3.1.3,23,4,0,4
7.3.1.3-c5-s2,7.3.1.3,1727,303,0,4
7.3.1.3-c5-s3,7.3.1.3,1323,235,0,4
7.3.1.3-c5-s4,7.3.1.3,1261,227,0,4
7.3.1.3-c5-s5,7.3.1.3,1239,229,0,4
7.3.1.3-c5-s6,7.3.1.3,1940,341,0,4
7.3.1.3-c5-s7,7.3.1.3,464,78,0,4
7.3.1.3-c5-s8,7.3.1.3,1845,315,0,4
7.3.1.3-c5-s9,7.3.1.3,1518,258,0,4
7.3.1.3-c5-s10,7.3.1.3,1897,334,0,4
7.3.1.3-c5-s11,7.3.1.3,1500,283,0,4
7.3.1.3-c5-s12,7.3.1.3,1997,362,0,4
7.3.1.3-c5-s13,7.3.1.3,1044,190,0,4
7.3.1.3-c5-s14,7.3.1.3,1648,309,0,4
7.3.1.3-c5-s15,7.3.1.3,1076,183,0,4
7.3.1.3-c5-s16,7.3.1.3,706,114,0,4
7.3.1.3-c5-s17,7.3.1.3,1972,350,0,4
7.3.1.3.1-c1-s1,7.3.1.3.1,317,52,83,6
7.3.1.3.1-c1-s2,7.3.1.3.1,2274,359,83,6
7.3.1.3.1-c1-s3,7.3.1.3.1,1516,278,83,6
7.3.1.3.1-c1-s4,7.3.1.3.1,985,168,83,6
7.3.1.3.1-c1-s5,7.3.1.3.1,2179,343,83,6
7.3.1.3.1-c1-s6,7.3.1.3.1,1171,204,83,6
7.3.1.4-c1-s1,7.3.1.4,707,119,0,7
7.3.1.4-c2-s1,7.3.1.4,1361,229,0,2
7.3.1.4-c3-s1,7.3.1.4,1148,190,0,5
7.3.1.4-c4-s1,7.3.1.4,1783,316,0,6
7.3.1.4-c5-s1,7.3.1.4,640,113,0,4
7.3.1.4-c5-s2,7.3.1.4,1872,310,0,4
7.3.1.4-c5-s3,7.3.1.4,1486,254,0,4
7.3.1.4-c5-s4,7.3.1.4,2341,378,0,4
7.3.1.4-c5-s5,7.3.1.4,1541,260,0,4
7.3.1.4.1-c1-s1,7.3.1.4.1,1828,319,21,8
7.3.1.5-c1-s1,7.3.1.5,1513,220,0,6
7.3.1.5-c2-s1,7.3.1.5,1112,161,0,5
7.3.1.5-c3-s1,7.3.1.5,791,123,0,4
7.3.1.5-c4-s1,7.3.1.5,1862,314,0,6
7.3.1.5-c5-s1,7.3.1.5,1097,181,0,5
7.3.1.5-c6-s1,7.3.1.5,315,44,0,4
7.3.1.5.1-c1-s1,7.3.1.5.1,1893,301,0,6
7.3.1.5.1-c1-s2,7.3.1.5.1,630,113,0,6
7.3.1.6-c1-s1,7.3.1.6,1029,159,0,6
7.3.1.6-c1-s2,7.3.1.6,2118,356,0,6
7.3.1.6-c1-s3,7.3.1.6,1666,277,0,6
7.3.1.6.1-c1-s1,7.3.1.6.1,1757,294,0,7
7.3.1.7-c1-s1,7.3.1.7,1377,227,65,2
7.3.1.7-c1-s2,7.3.1.7,1443,250,65,2
7.3.1.7-c1-s3,7.3.1.7,1827,299,65,2
7.3.1.7-c1-s4,7.3.1.7,1542,258,65,2
7.3.1.7-c1-s5,7.3.1.7,1386,224,65,2
7.3.1.7.1-c1-s1,7.3.1.7.1,1053,187,0,6
7.3.2-c1-s1,7.3.2,95,18,0,4
7.3.2-c1-s2,7.3.2,1660,278,0,4
7.3.2-c1-s3,7.3.2,392,69,0,4
7.3.2-c1-s4,7.3.2,1807,304,0,4
7.3.2-c1-s5,7.3.2,352,53,0,4
7.3.2-c2-s1,7.3.2,433,73,0,10
7.3.2-c3-s1,7.3.2,1873,328,0,3
7.3.2-c4-s1,7.3.2,1879,343,0,3
7.3.2-c4-s2,7.3.2,1955,346,0,3
7.3.2-c4-s3,7.3.2,764,143,0,3
7.3.2-c4-s4,7.3.2,1884,326,0,3
7.3.2-c5-s1,7.3.2,909,169,0,2
7.3.2-c6-s1,7.3.2,1463,247,0,2
7.3.2-c7-s1,7.3.2,2115,336,0,11
7.3.2-c7-s2,7.3.2,1681,277,0,11
7.3.2-c8-s1,7.3.2,736,116,0,3
7.3.2-c8-s2,7.3.2,2121,356,0,3
7.3.2-c8-s3,7.3.2,427,65,0,3
7.3.2-c8-s4,7.3.2,1369,232,0,3
7.3.2.1A-c1-s1,7.3.2.1A,696,107,55,5
7.3.2.1A-c2-s1,7.3.2.1A,375,55,12,4
7.3.2.1A-c3-s1,7.3.2.1A,1293,204,32,5
7.3.2.1A-c4-s1,7.3.2.1A,728,108,0,8
7.3.2.1A-c5-s1,7.3.2.1A,2350,411,24,4
7.3.2.1A-c5-s2,7.3.2.1A,1747,288,24,4
7.3.2.1A-c6-s1,7.3.2.1A,714,111,203,6
7.3.2.1A-c6-s2,7.3.2.1A,2446,389,203,6
7.3.2.1A-c6-s3,7.3.2.1A,792,121,203,6
7.3.2.1A-c7-s1,7.3.2.1A,607,98,0,5
7.3.2.1A-c8-s1,7.3.2.1A,109,18,0,6
7.3.2.1A-c9-s1,7.3.2.1A,529,94,0,2
7.3.2.1-c1-s1,7.3.2.1,886,136,55,4
7.3.2.1-c2-s1,7.3.2.1,1672,259,44,4
7.3.2.1-c2-s2,7.3.2.1,728,108,44,4
7.3.2.1-c3-s1,7.3.2.1,2514,442,24,4
7.3.2.1-c3-s2,7.3.2.1,633,102,24,4
7.3.2.1-c4-s1,7.3.2.1,714,111,82,6
7.3.2.1-c4-s2,7.3.2.1,2367,382,82,6
7.3.2.1-c4-s3,7.3.2.1,942,140,82,6
7.3.2.1-c5-s1,7.3.2.1,614,99,0,5
7.3.2.1-c6-s1,7.3.2.1,105,18,0,6
7.3.2.1-c7-s1,7.3.2.1,529,94,0,2
7.3.2.3-c1-s1,7.3.2.3,812,136,111,4
7.3.2.3-c2-s1,7.3.2.3,2318,367,12,3
7.3.2.3-c2-s2,7.3.2.3,739,111,12,3
7.3.2.3-c3-s1,7.3.2.3,553,80,85,2
7.3.2.3-c4-s1,7.3.2.3,1182,203,0,2
7.3.2.3-c4-s2,7.3.2.3,1659,290,0,2
7.3.2.3-c5-s1,7.3.2.3,946,161,24,7
7.3.2.3-c6-s1,7.3.2.3,698,127,0,2
7.3.2.4-c1-s1,7.3.2.4,1713,316,0,4
7.3.2.5-c1-s1,7.3.2.5,686,111,113,4
7.3.2.5-c2-s1,7.3.2.5,2316,367,12,3
7.3.2.5-c2-s2,7.3.2.5,739,111,12,3
7.3.2.5-c3-s1,7.3.2.5,553,80,85,2
7.3.2.5-c4-s1,7.3.2.5,1182,203,0,2
7.3.2.5-c4-s2,7.3.2.5,1659,290,0,2
7.3.2.5-c5-s1,7.3.2.5,788,132,24,7
7.3.2.5-c6-s1,7.3.2.5,107,18,0,6
7.3.2.5-c7-s1,7.3.2.5,644,115,0,2
7.3.2.6-c1-s1,7.3.2.6,1401,254,0,4
7.3.2.7A-c1-s1,7.3.2.7A,997,157,55,6
7.3.2.7A-c2-s1,7.3.2.7A,1319,207,0,3
7.3.2.7A-c3-s1,7.3.2.7A,1293,191,0,5
7.3.2.7A-c4-s1,7.3.2.7A,2422,434,24,4
7.3.2.7A-c4-s2,7.3.2.7A,1691,285,24,4
7.3.2.7A-c5-s1,7.3.2.7A,720,111,198,6
7.3.2.7A-c5-s2,7.3.2.7A,2450,389,198,6
7.3.2.7A-c5-s3,7.3.2.7A,787,121,198,6
7.3.2.7A-c6-s1,7.3.2.7A,634,100,0,5
7.3.2.7A-c7-s1,7.3.2.7A,107,18,0,6
7.3.2.7A-c8-s1,7.3.2.7A,610,102,0,2
7.3.2.7B-c1-s1,7.3.2.7B,995,155,55,5
7.3.2.7B-c2-s1,7.3.2.7B,1315,207,0,3
7.3.2.7B-c3-s1,7.3.2.7B,1299,192,0,5
7.3.2.7B-c4-s1,7.3.2.7B,2492,427,24,4
7.3.2.7B-c4-s2,7.3.2.7B,632,102,24,4
7.3.2.7B-c5-s1,7.3.2.7B,716,111,77,6
7.3.2.7B-c5-s2,7.3.2.7B,2505,401,77,6
7.3.2.7B-c5-s3,7.3.2.7B,789,121,77,6
7.3.2.7B-c6-s1,7.3.2.7B,634,100,0,5
7.3.2.7B-c7-s1,7.3.2.7B,107,18,0,6
7.3.2.7B-c8-s1,7.3.2.7B,614,102,0,2
7.3.2.7-c1-s1,7.3.2.7,1355,221,0,5
7.3.2.7-c2-s1,7.3.2.7,1113,168,20,3
7.3.2.7-c3-s1,7.3.2.7,746,113,0,2
7.3.2.7-c4-s1,7.3.2.7,369,56,0,2
7.3.2.7-c5-s1,7.3.2.7,1374,232,0,2
7.3.2.7-c5-s2,7.3.2.7,1805,313,0,2
7.3.2.7-c6-s1,7.3.2.7,947,161,21,7
7.3.2.7-c7-s1,7.3.2.7,883,155,0,2
7.3.2.8-c1-s1,7.3.2.8,310,48,0,9
7.3.2.8-c1-s2,7.3.2.8,1732,322,0,9
7.3.2.9-c1-s1,7.3.2.9,313,48,0,9
7.3.2.9-c1-s2,7.3.2.9,1746,326,0,9
7.3.2.10-c1-s1,7.3.2.10,1121,178,0,5
7.3.2.10-c2-s1,7.3.2.10,1113,168,20,3
7.3.2.10-c3-s1,7.3.2.10,746,113,0,2
7.3.2.10-c4-s1,7.3.2.10,369,56,0,2
7.3.2.10-c5-s1,7.3.2.10,1374,232,0,2
7.3.2.10-c5-s2,7.3.2.10,1805,313,0,2
7.3.2.10-c6-s1,7.3.2.10,900,150,21,7
7.3.2.10-c7-s1,7.3.2.10,802,141,0,2
7.3.2.11-c1-s1,7.3.2.11,1138,182,0,5
7.3.2.11-c2-s1,7.3.2.11,920,143,0,3
7.3.2.11-c3-s1,7.3.2.11,746,113,0,2
7.3.2.11-c4-s1,7.3.2.11,369,56,0,2
7.3.2.11-c5-s1,7.3.2.11,1363,230,0,2
7.3.2.11-c5-s2,7.3.2.11,1791,313,0,2
7.3.2.11-c6-s1,7.3.2.11,900,150,24,7
7.3.2.11-c7-s1,7.3.2.11,802,141,0,2
7.3.2.12-c1-s1,7.3.2.12,337,51,0,9
7.3.2.12-c1-s2,7.3.2.12,1733,322,0,9
7.3.2.13-c1-s1,7.3.2.13,1947,353,0,9
7.3.3-c1-s1,7.3.3,976,170,0,6
7.3.3-c2-s1,7.3.3,787,137,0,4
7.3.3-c3-s1,7.3.3,1561,269,27,3
7.3.3-c3-s2,7.3.3,1207,224,27,3
7.3.3-c3-s3,7.3.3,1790,312,27,3
7.3.3-c3-s4,7.3.3,1888,327,27,3
7.3.3-c4-s1,7.3.3,1315,216,0,4
7.3.3-c5-s1,7.3.3,1462,249,0,4
7.3.3-c5-s2,7.3.3,966,157,0,4
7.3.3-c6-s1,7.3.3,2210,371,42,5
7.3.3-c6-s2,7.3.3,834,134,42,5
7.3.3-c7-s1,7.3.3,1024,168,33,5
7.3.3-c8-s1,7.3.3,1713,287,0,5
7.3.3-c8-s2,7.3.3,481,83,0,5
7.3.3.1-c1-s1,7.3.3.1,1069,166,97,4
7.3.3.1-c2-s1,7.3.3.1,1959,298,43,3
7.3.3.1-c3-s1,7.3.3.1,531,76,85,2
7.3.3.1-c4-s1,7.3.3.1,1182,203,0,2
7.3.3.1-c4-s2,7.3.3.1,1659,291,0,2
7.3.3.1-c5-s1,7.3.3.1,906,149,24,7
7.3.3.1-c6-s1,7.3.3.1,625,111,0,2
7.3.3.2-c1-s1,7.3.3.2,664,110,55,4
7.3.3.2-c2-s1,7.3.3.2,1935,305,12,3
7.3.3.2-c3-s1,7.3.3.2,529,76,85,2
7.3.3.2-c4-s1,7.3.3.2,1182,203,0,2
7.3.3.2-c4-s2,7.3.3.2,1659,291,0,2
7.3.3.2-c5-s1,7.3.3.2,906,149,24,7
7.3.3.2-c6-s1,7.3.3.2,625,111,0,2
7.3.3.3-c1-s1,7.3.3.3,1491,269,0,4
7.3.3A-c1-s1,7.3.3A,314,53,0,11
7.3.3A-c1-s2,7.3.3A,1928,333,0,11
B7.3.3A-c1-s1,B7.3.3A,314,53,0,11
B7.3.3A-c1-s2,B7.3.3A,1928,333,0,11
7.3.3A.1A-c1-s1,7.3.3A.1A,1634,266,0,12
7.3.3A.1A-c2-s1,7.3.3A.1A,1291,220,0,4
7.3.3A.1A-c3-s1,7.3.3A.1A,628,100,76,9
7.3.3A.1A-c4-s1,7.3.3A.1A,797,127,183,7
7.3.3A.1A-c4-s2,7.3.3A.1A,2379,384,183,7
7.3.3A.1A-c4-s3,7.3.3A.1A,745,118,183,7
7.3.3A.1A-c5-s1,7.3.3A.1A,702,127,0,2
7.3.3A.1-c1-s1,7.3.3A.1,1619,264,0,10
7.3.3A.1-c2-s1,7.3.3A.1,1261,216,0,4
7.3.3A.1-c3-s1,7.3.3A.1,628,100,76,9
7.3.3A.1-c4-s1,7.3.3A.1,797,127,62,7
7.3.3A.1-c4-s2,7.3.3A.1,2502,404,62,7
7.3.3A.1-c4-s3,7.3.3A.1,751,118,62,7
7.3.3A.1-c5-s1,7.3.3A.1,702,127,0,2
7.3.4-c1-s1,7.3.4,48,8,0,7
7.3.4-c1-s2,7.3.4,2175,385,0,7
7.3.4-c1-s3,7.3.4,64,11,0,7
7.3.4-c1-s4,7.3.4,26,5,0,7
7.3.4.1-c1-s1,7.3.4.1,1879,304,44,8
7.3.4.1-c2-s1,7.3.4.1,1291,214,54,4
7.3.4.1-c3-s1,7.3.4.1,449,66,0,6
7.3.4.1-c4-s1,7.3.4.1,699,118,0,2
7.3.4.2-c1-s1,7.3.4.2,551,93,0,8
7.3.4.2-c1-s2,7.3.4.2,1843,330,0,8
7.3.4.3-c1-s1,7.3.4.3,1921,310,44,8
7.3.4.3-c2-s1,7.3.4.3,1031,163,0,4
7.3.4.3-c3-s1,7.3.4.3,449,66,0,6
7.3.4.3-c4-s1,7.3.4.3,789,129,0,2
7.3.4.4-c1-s1,7.3.4.4,2105,361,0,8
7.3.5-c1-s1,7.3.5,928,151,0,5
7.3.5-c2-s1,7.3.5,318,58,0,3
7.3.5-c3-s1,7.3.5,1426,243,0,3
7.3.5-c4-s1,7.3.5,526,94,0,3
7.3.5-c4-s2,7.3.5,1956,344,0,3
7.3.5-c4-s3,7.3.5,1928,316,0,3
7.3.5-c4-s4,7.3.5,246,43,0,3
7.3.5-c5-s1,7.3.5,582,101,0,5
7.3.5-c6-s1,7.3.5,913,157,0,3
7.3.5-c7-s1,7.3.5,932,143,0,6
7.3.5-c8-s1,7.3.5,1331,225,0,4
7.3.5.1A-c1-s1,7.3.5.1A,1682,273,12,6
7.3.5.1A-c2-s1,7.3.5.1A,716,109,0,8
7.3.5.1A-c3-s1,7.3.5.1A,951,159,0,2
7.3.5.1A-c4-s1,7.3.5.1A,2348,425,24,4
7.3.5.1A-c4-s2,7.3.5.1A,1755,297,24,4
7.3.5.1A-c5-s1,7.3.5.1A,710,111,204,6
7.3.5.1A-c5-s2,7.3.5.1A,2321,375,204,6
7.3.5.1A-c5-s3,7.3.5.1A,745,117,204,6
7.3.5.1A-c6-s1,7.3.5.1A,576,91,0,5
7.3.5.1A-c7-s1,7.3.5.1A,107,18,0,6
7.3.5.1A-c8-s1,7.3.5.1A,586,105,0,2
7.3.5.1-c1-s1,7.3.5.1,393,64,0,7
7.3.5.1-c2-s1,7.3.5.1,493,83,0,3
7.3.5.1-c3-s1,7.3.5.1,775,129,12,2
7.3.5.1-c4-s1,7.3.5.1,712,109,0,8
7.3.5.1-c5-s1,7.3.5.1,951,159,0,2
7.3.5.1-c6-s1,7.3.5.1,2362,418,24,4
7.3.5.1-c6-s2,7.3.5.1,782,127,24,4
7.3.5.1-c7-s1,7.3.5.1,710,111,87,6
7.3.5.1-c7-s2,7.3.5.1,2360,381,87,6
7.3.5.1-c7-s3,7.3.5.1,899,136,87,6
7.3.5.1-c8-s1,7.3.5.1,576,91,0,5
7.3.5.1-c9-s1,7.3.5.1,107,18,0,6
7.3.5.1-c10-s1,7.3.5.1,586,105,0,2
7.3.5.2-c1-s1,7.3.5.2,220,35,0,6
7.3.5.2-c1-s2,7.3.5.2,1823,334,0,6
7.3.6-c1-s1,7.3.6,572,91,0,4
7.3.6-c2-s1,7.3.6,1164,202,0,2
7.3.6-c3-s1,7.3.6,730,121,0,4
7.3.6-c4-s1,7.3.6,724,125,0,2
7.3.6-c5-s1,7.3.6,245,35,0,3
7.3.6-c6-s1,7.3.6,10,2,0,2
7.3.6-c6-s2,7.3.6,1918,335,0,2
7.3.6-c6-s3,7.3.6,1038,181,0,2
7.3.6-c6-s4,7.3.6,1875,333,0,2
7.3.6-c7-s1,7.3.6,1922,316,0,4
7.3.6-c8-s1,7.3.6,424,69,0,7
7.3.6-c9-s1,7.3.6,1210,217,36,3
7.3.6-c9-s2,7.3.6,1839,332,36,3
7.3.6-c9-s3,7.3.6,667,118,36,3
7.3.6.1-c1-s1,7.3.6.1,929,154,97,5
7.3.6.1-c2-s1,7.3.6.1,550,89,0,4
7.3.6.1-c3-s1,7.3.6.1,679,112,73,2
7.3.6.1-c4-s1,7.3.6.1,1226,199,0,3
7.3.6.1-c5-s1,7.3.6.1,1274,219,0,6
7.3.6.1-c5-s2,7.3.6.1,1747,308,0,6
7.3.6.1-c6-s1,7.3.6.1,828,143,24,7
7.3.6.1-c7-s1,7.3.6.1,774,140,0,2
7.3.6.2-c1-s1,7.3.6.2,1963,354,0,5
7.3.6.2-c1-s2,7.3.6.2,31,5,0,5
7.3.6.3-c1-s1,7.3.6.3,868,141,97,5
7.3.6.3-c2-s1,7.3.6.3,550,89,0,4
7.3.6.3-c3-s1,7.3.6.3,679,112,73,2
7.3.6.3-c4-s1,7.3.6.3,1226,199,0,3
7.3.6.3-c5-s1,7.3.6.3,1274,219,0,6
7.3.6.3-c5-s2,7.3.6.3,1747,308,0,6
7.3.6.3-c6-s1,7.3.6.3,783,132,21,7
7.3.6.3-c7-s1,7.3.6.3,696,126,0,2
7.3.6.4-c1-s1,7.3.6.4,1704,297,0,5
7.3.7-c1-s1,7.3.7,845,152,0,4
7.3.7-c2-s1,7.3.7,641,119,0,2
7.3.7-c2-s2,7.3.7,1910,329,0,2
7.3.7-c3-s1,7.3.7,1637,283,0,7
7.3.7-c4-s1,7.3.7,556,88,0,8
7.3.7-c5-s1,7.3.7,2306,377,42,6
7.3.7-c5-s2,7.3.7,901,142,42,6
7.3.7.1-c1-s1,7.3.7.1,1184,193,81,9
7.3.7.1-c2-s1,7.3.7.1,550,89,0,4
7.3.7.1-c3-s1,7.3.7.1,679,112,68,2
7.3.7.1-c4-s1,7.3.7.1,1228,199,0,3
7.3.7.1-c5-s1,7.3.7.1,494,86,0,2
7.3.7.2-c1-s1,7.3.7.2,1014,173,0,9
7.3.7.3-c1-s1,7.3.7.3,1214,194,97,8
7.3.7.3-c2-s1,7.3.7.3,550,89,0,4
7.3.7.3-c3-s1,7.3.7.3,679,112,68,2
7.3.7.3-c4-s1,7.3.7.3,1228,199,0,3
7.3.7.3-c5-s1,7.3.7.3,2236,390,0,6
7.3.7.3-c5-s2,7.3.7.3,792,137,0,6
7.3.7.3-c6-s1,7.3.7.3,783,132,24,7
7.3.7.3-c7-s1,7.3.7.3,696,126,0,2
7.3.7.4-c1-s1,7.3.7.4,1821,328,0,8
7.3.8-c1-s1,7.3.8,1894,332,0,8
7.3.8-c2-s1,7.3.8,1315,225,0,5
7.3.8-c3-s1,7.3.8,1009,179,0,4
7.3.8-c4-s1,7.3.8,224,38,0,7
7.3.8-c5-s1,7.3.8,395,70,0,4
7.3.8-c5-s2,7.3.8,2062,354,0,4
7.3.8.1-c1-s1,7.3.8.1,1606,280,55,7
7.3.8.1-c2-s1,7.3.8.1,2430,434,38,4
7.3.8.1-c2-s2,7.3.8.1,778,126,38,4
7.3.8.1-c3-s1,7.3.8.1,421,74,0,4
7.3.8.1-c4-s1,7.3.8.1,742,126,0,9
7.3.8.1-c5-s1,7.3.8.1,613,111,0,2
7.3.8.2-c1-s1,7.3.8.2,2295,381,55,7
7.3.8.2-c2-s1,7.3.8.2,2425,427,38,4
7.3.8.2-c2-s2,7.3.8.2,735,113,38,4
7.3.8.2-c3-s1,7.3.8.2,422,72,0,4
7.3.8.2-c4-s1,7.3.8.2,742,126,0,9
7.3.8.2-c5-s1,7.3.8.2,608,108,0,2
7.3.9-c1-s1,7.3.9,322,52,0,4
7.3.9-c2-s1,7.3.9,557,87,0,2
7.3.9-c3-s1,7.3.9,553,85,0,2
7.3.9-c4-s1,7.3.9,1293,218,0,4
7.3.9-c5-s1,7.3.9,2007,339,0,4
7.3.9-c5-s2,7.3.9,1799,295,0,4
7.3.9-c5-s3,7.3.9,1589,260,0,4
7.3.9-c5-s4,7.3.9,756,127,0,4
7.3.9-c6-s1,7.3.9,930,162,0,6
7.3.9-c7-s1,7.3.9,315,51,0,12
7.3.9-c8-s1,7.3.9,280,49,0,2
7.3.9-c9-s1,7.3.9,1515,265,0,2
7.3.9-c10-s1,7.3.9,841,145,0,11
7.3.9-c11-s1,7.3.9,120,23,0,7
7.3.9-c12-s1,7.3.9,1258,217,0,4
7.3.9.1-c1-s1,7.3.9.1,681,103,23,10
7.3.9.1-c2-s1,7.3.9.1,1124,180,60,3
7.3.9.1-c2-s2,7.3.9.1,1810,294,60,3
7.3.9.1-c3-s1,7.3.9.1,292,45,23,6
7.3.9.1-c4-s1,7.3.9.1,338,50,26,4
7.3.9.1-c5-s1,7.3.9.1,2163,360,0,2
7.3.9.1-c6-s1,7.3.9.1,496,84,0,2
7.3.9.2-c1-s1,7.3.9.2,684,105,23,7
7.3.9.2-c2-s1,7.3.9.2,1126,180,60,3
7.3.9.2-c2-s2,7.3.9.2,1808,294,60,3
7.3.9.2-c3-s1,7.3.9.2,1973,302,9,6
7.3.9.2-c4-s1,7.3.9.2,1522,243,26,4
7.3.9.2-c5-s1,7.3.9.2,2156,361,26,2
7.3.9.2-c5-s2,7.3.9.2,2126,346,26,2
7.3.9.2-c5-s3,7.3.9.2,2102,338,26,2
7.3.9.2-c6-s1,7.3.9.2,546,90,0,2
7.3.9.3-c1-s1,7.3.9.3,624,90,23,9
7.3.9.3-c2-s1,7.3.9.3,1126,180,60,3
7.3.9.3-c2-s2,7.3.9.3,1808,294,60,3
7.3.9.3-c3-s1,7.3.9.3,286,41,23,6
7.3.9.3-c4-s1,7.3.9.3,340,47,26,4
7.3.9.3-c5-s1,7.3.9.3,2170,361,0,2
7.3.9.3-c6-s1,7.3.9.3,516,80,0,2
7.3.9.4-c1-s1,7.3.9.4,1147,183,23,12
7.3.9.5-c1-s1,7.3.9.5,854,127,23,11
7.3.9.5-c2-s1,7.3.9.5,1128,180,60,3
7.3.9.5-c2-s2,7.3.9.5,1810,294,60,3
7.3.9.5-c3-s1,7.3.9.5,297,47,23,6
7.3.9.5-c4-s1,7.3.9.5,338,50,62,4
7.3.9.5-c5-s1,7.3.9.5,355,67,19,5
7.3.9.5-c6-s1,7.3.9.5,2168,361,26,2
7.3.9.5-c6-s2,7.3.9.5,2349,375,26,2
7.3.9.5-c6-s3,7.3.9.5,1462,231,26,2
7.3.9.5-c6-s4,7.3.9.5,845,146,26,2
7.3.9.5-c7-s1,7.3.9.5,579,102,0,2
7.3.9.6-c1-s1,7.3.9.6,1360,229,23,11
7.3.10-c1-s1,7.3.10,989,172,0,3
7.3.10-c2-s1,7.3.10,680,115,0,2
7.3.10-c3-s1,7.3.10,786,135,0,4
7.3.10-c4-s1,7.3.10,1487,249,0,4
7.3.10-c4-s2,7.3.10,1104,174,0,4
7.3.10-c5-s1,7.3.10,249,43,0,6
7.3.10-c6-s1,7.3.10,297,52,0,2
7.3.10-c7-s1,7.3.10,1103,198,0,2
7.3.10-c7-s2,7.3.10,1005,176,0,2
7.3.10-c8-s1,7.3.10,598,98,0,4
7.3.10.1-c1-s1,7.3.10.1,940,137,123,9
7.3.10.1-c2-s1,7.3.10.1,1925,314,12,6
7.3.10.1-c2-s2,7.3.10.1,2190,341,12,6
7.3.10.1-c3-s1,7.3.10.1,612,91,101,2
7.3.10.1-c4-s1,7.3.10.1,600,101,58,5
7.3.10.1-c5-s1,7.3.10.1,577,94,61,4
7.3.10.1-c6-s1,7.3.10.1,586,104,0,2
7.3.10.2-c1-s1,7.3.10.2,1439,251,0,9
7.3.10.3-c1-s1,7.3.10.3,984,156,113,10
7.3.10.3-c2-s1,7.3.10.3,1927,314,12,6
7.3.10.3-c2-s2,7.3.10.3,2190,341,12,6
7.3.10.3-c3-s1,7.3.10.3,602,89,101,2
7.3.10.3-c4-s1,7.3.10.3,1304,210,40,5
7.3.10.3-c5-s1,7.3.10.3,416,60,36,4
7.3.10.3-c6-s1,7.3.10.3,349,64,19,5
7.3.10.3-c7-s1,7.3.10.3,730,134,0,2
7.3.10.4-c1-s1,7.3.10.4,1948,355,0,10
7.3.10.5-c1-s1,7.3.10.5,874,133,123,6
7.3.10.5-c2-s1,7.3.10.5,1917,313,12,6
7.3.10.5-c2-s2,7.3.10.5,2190,341,12,6
7.3.10.5-c3-s1,7.3.10.5,570,86,103,2
7.3.10.5-c4-s1,7.3.10.5,594,101,59,6
7.3.10.5-c5-s1,7.3.10.5,553,92,64,4
7.3.10.5-c6-s1,7.3.10.5,351,66,18,5
7.3.10.5-c7-s1,7.3.10.5,665,121,0,2
7.3.10.6-c1-s1,7.3.10.6,1823,324,0,6
7.3.11-c1-s1,7.3.11,345,58,0,10
7.3.11-c2-s1,7.3.11,1827,318,0,2
7.3.11-c2-s2,7.3.11,170,31,0,2
7.3.11-c3-s1,7.3.11,264,45,0,3
7.3.11-c4-s1,7.3.11,660,110,0,8
7.3.11-c5-s1,7.3.11,431,70,0,6
7.3.11.1-c1-s1,7.3.11.1,1806,293,128,11
7.3.11.1-c1-s2,7.3.11.1,1874,302,128,11
7.3.11.1-c2-s1,7.3.11.1,341,64,18,7
7.3.11.1-c3-s1,7.3.11.1,546,100,0,5
7.3.11.1-c4-s1,7.3.11.1,516,96,0,2
7.3.11.2-c1-s1,7.3.11.2,825,149,0,11
7.3.12-c1-s1,7.3.12,346,58,0,10
7.3.12-c2-s1,7.3.12,1069,183,0,2
7.3.12-c3-s1,7.3.12,1882,344,0,5
7.3.12-c3-s2,7.3.12,403,75,0,5
7.3.12.1-c1-s1,7.3.12.1,1808,293,128,11
7.3.12.1-c1-s2,7.3.12.1,1871,301,128,11
7.3.12.1-c2-s1,7.3.12.1,341,64,18,7
7.3.12.1-c3-s1,7.3.12.1,36,5,135,5
7.3.12.1-c3-s2,7.3.12.1,2373,423,135,5
7.3.12.1-c3-s3,7.3.12.1,2592,431,135,5
7.3.12.1-c3-s4,7.3.12.1,378,61,135,5
7.3.12.1-c3-s5,7.3.12.1,1615,293,135,5
7.3.12.1-c4-s1,7.3.12.1,516,96,0,2
7.3.12.2-c1-s1,7.3.12.2,837,150,0,11
7.3.13-c1-s1,7.3.13,1145,205,0,9
7.3.13-c2-s1,7.3.13,1181,205,0,2
7.3.13-c2-s2,7.3.13,1552,271,0,2
7.3.13-c3-s1,7.3.13,1837,308,0,3
7.3.13-c3-s2,7.3.13,1829,314,0,3
7.3.13-c4-s1,7.3.13,1261,229,71,5
7.3.13-c4-s2,7.3.13,1722,308,71,5
7.3.13-c4-s3,7.3.13,229,41,71,5
7.3.13-c4-s4,7.3.13,1215,211,71,5
7.3.13-c4-s5,7.3.13,916,171,71,5
7.3.13-c4-s6,7.3.13,1698,296,71,5
7.3.13-c4-s7,7.3.13,933,156,71,5
7.3.13-c4-s8,7.3.13,458,78,71,5
7.3.13-c5-s1,7.3.13,1644,283,0,3
7.3.13.1-c1-s1,7.3.13.1,2131,362,62,15
7.3.13.1-c1-s2,7.3.13.1,623,98,62,15
7.3.13.1-c1-s3,7.3.13.1,1844,291,62,15
7.3.13.1-c2-s1,7.3.13.1,514,78,102,2
7.3.13.1-c3-s1,7.3.13.1,324,60,18,7
7.3.13.1-c4-s1,7.3.13.1,1543,274,28,5
7.3.13.1-c4-s2,7.3.13.1,2444,408,28,5
7.3.13.1-c4-s3,7.3.13.1,1104,183,28,5
7.3.13.1-c5-s1,7.3.13.1,1914,334,0,2
7.3.13.2-c1-s1,7.3.13.2,1621,287,0,18
7.3.13.2-c1-s2,7.3.13.2,1256,229,0,18
7.3.13.3-c1-s1,7.3.13.3,2121,359,62,14
7.3.13.3-c1-s2,7.3.13.3,623,98,62,14
7.3.13.3-c1-s3,7.3.13.3,1804,286,62,14
7.3.13.3-c2-s1,7.3.13.3,516,78,102,2
7.3.13.3-c3-s1,7.3.13.3,324,60,18,7
7.3.13.3-c4-s1,7.3.13.3,1486,266,0,5
7.3.13.3-c5-s1,7.3.13.3,2440,408,28,4
7.3.13.3-c5-s2,7.3.13.3,1104,183,28,4
7.3.13.3-c6-s1,7.3.13.3,1908,333,0,2
7.3.13.4-c1-s1,7.3.13.4,1599,283,0,17
7.3.13.4-c1-s2,7.3.13.4,1265,232,0,17
7.3.13.5-c1-s1,7.3.13.5,2164,369,62,14
7.3.13.5-c1-s2,7.3.13.5,623,98,62,14
7.3.13.5-c1-s3,7.3.13.5,1840,291,62,14
7.3.13.5-c2-s1,7.3.13.5,514,78,102,2
7.3.13.5-c3-s1,7.3.13.5,324,60,18,7
7.3.13.5-c4-s1,7.3.13.5,844,146,9,5
7.3.13.5-c4-s2,7.3.13.5,2267,396,9,5
7.3.13.5-c4-s3,7.3.13.5,742,125,9,5
7.3.13.5-c4-s4,7.3.13.5,1512,264,9,5
7.3.13.5-c4-s5,7.3.13.5,2356,409,9,5
7.3.13.5-c4-s6,7.3.13.5,2064,354,9,5
7.3.13.5-c4-s7,7.3.13.5,1763,317,9,5
7.3.13.5-c5-s1,7.3.13.5,2440,408,28,4
7.3.13.5-c5-s2,7.3.13.5,1152,188,28,4
7.3.13.5-c6-s1,7.3.13.5,895,169,0,2
7.3.13.5-c6-s2,7.3.13.5,2184,372,0,2
7.3.13.5-c6-s3,7.3.13.5,347,54,0,2
7.3.13.6-c1-s1,7.3.13.6,2183,368,62,13
7.3.13.6-c1-s2,7.3.13.6,623,98,62,13
7.3.13.6-c1-s3,7.3.13.6,1858,291,62,13
7.3.13.6-c2-s1,7.3.13.6,518,78,102,2
7.3.13.6-c3-s1,7.3.13.6,324,60,18,7
7.3.13.6-c4-s1,7.3.13.6,1833,318,0,5
7.3.13.6-c4-s2,7.3.13.6,2272,396,0,5
7.3.13.6-c4-s3,7.3.13.6,1582,262,0,5
7.3.13.6-c4-s4,7.3.13.6,2259,395,0,5
7.3.13.6-c4-s5,7.3.13.6,1304,221,0,5
7.3.13.6-c4-s6,7.3.13.6,2151,382,0,5
7.3.13.6-c5-s1,7.3.13.6,2450,408,28,4
7.3.13.6-c5-s2,7.3.13.6,1152,188,28,4
7.3.13.6-c6-s1,7.3.13.6,885,166,0,2
7.3.13.6-c6-s2,7.3.13.6,2200,372,0,2
7.3.13.6-c6-s3,7.3.13.6,347,54,0,2
7.3.13.7-c1-s1,7.3.13.7,1211,226,0,14
7.3.13.7-c1-s2,7.3.13.7,2009,363,0,14
7.3.13.7-c1-s3,7.3.13.7,1308,236,0,14
7.3.13.8-c1-s1,7.3.13.8,2185,368,62,13
7.3.13.8-c1-s2,7.3.13.8,623,98,62,13
7.3.13.8-c1-s3,7.3.13.8,1848,291,62,13
7.3.13.8-c2-s1,7.3.13.8,516,78,102,2
7.3.13.8-c3-s1,7.3.13.8,324,60,18,7
7.3.13.8-c4-s1,7.3.13.8,1513,268,0,5
7.3.13.8-c4-s2,7.3.13.8,2272,396,0,5
7.3.13.8-c4-s3,7.3.13.8,1582,262,0,5
7.3.13.8-c4-s4,7.3.13.8,2261,395,0,5
7.3.13.8-c4-s5,7.3.13.8,1304,221,0,5
7.3.13.8-c4-s6,7.3.13.8,2151,382,0,5
7.3.13.8-c5-s1,7.3.13.8,2450,408,28,4
7.3.13.8-c5-s2,7.3.13.8,1152,188,28,4
7.3.13.8-c6-s1,7.3.13.8,885,166,0,2
7.3.13.8-c6-s2,7.3.13.8,2194,372,0,2
7.3.13.8-c6-s3,7.3.13.8,346,54,0,2
7.3.13.9-c1-s1,7.3.13.9,2164,366,62,13
7.3.13.9-c1-s2,7.3.13.9,623,98,62,13
7.3.13.9-c1-s3,7.3.13.9,1848,291,62,13
7.3.13.9-c2-s1,7.3.13.9,518,78,102,2
7.3.13.9-c3-s1,7.3.13.9,324,60,18,7
7.3.13.9-c4-s1,7.3.13.9,1513,268,0,5
7.3.13.9-c4-s2,7.3.13.9,2375,398,0,5
7.3.13.9-c4-s3,7.3.13.9,1135,190,0,5
7.3.13.9-c4-s4,7.3.13.9,2261,395,0,5
7.3.13.9-c4-s5,7.3.13.9,1304,221,0,5
7.3.13.9-c4-s6,7.3.13.9,2151,382,0,5
7.3.13.9-c5-s1,7.3.13.9,2450,408,28,4
7.3.13.9-c5-s2,7.3.13.9,1152,188,28,4
7.3.13.9-c6-s1,7.3.13.9,938,179,0,2
7.3.13.9-c6-s2,7.3.13.9,2118,357,0,2
7.3.13.9-c6-s3,7.3.13.9,346,54,0,2
7.3.13.10-c1-s1,7.3.13.10,1216,226,0,16
7.3.13.10-c1-s2,7.3.13.10,1786,309,0,16
7.3.13.10-c1-s3,7.3.13.10,2035,377,0,16
7.3.14-c1-s1,7.3.14,340,59,0,11
7.3.14-c2-s1,7.3.14,1465,247,0,3
7.3.14-c2-s2,7.3.14,1028,177,0,3
7.3.14-c2-s3,7.3.14,1867,316,0,3
7.3.14-c2-s4,7.3.14,337,57,0,3
7.3.14-c2-s5,7.3.14,1400,251,0,3
7.3.14-c2-s6,7.3.14,769,132,0,3
7.3.14-c2-s7,7.3.14,1197,211,0,3
7.3.14-c2-s8,7.3.14,1469,243,0,3
7.3.14-c3-s1,7.3.14,1784,318,0,5
7.3.14-c3-s2,7.3.14,1547,268,0,5
7.3.14.1-c1-s1,7.3.14.1,2259,371,128,12
7.3.14.1-c1-s2,7.3.14.1,1863,299,128,12
7.3.14.1-c2-s1,7.3.14.1,395,71,18,6
7.3.14.1-c3-s1,7.3.14.1,2186,344,0,5
7.3.14.1-c3-s2,7.3.14.1,2094,340,0,5
7.3.14.1-c3-s3,7.3.14.1,648,108,0,5
7.3.14.1-c4-s1,7.3.14.1,1890,298,80,2
7.3.14.1-c4-s2,7.3.14.1,970,174,80,2
7.3.14.1-c4-s3,7.3.14.1,2264,361,80,2
7.3.14.1-c5-s1,7.3.14.1,679,126,0,2
7.3.14.2-c1-s1,7.3.14.2,1194,222,0,12
7.3.15-c1-s1,7.3.15,802,142,0,10
7.3.15-c2-s1,7.3.15,1150,197,0,3
7.3.15-c2-s2,7.3.15,2014,344,0,3
7.3.15-c2-s3,7.3.15,1298,227,0,3
7.3.15-c3-s1,7.3.15,443,76,0,2
7.3.15.1-c1-s1,7.3.15.1,1636,282,67,14
7.3.15.1-c1-s2,7.3.15.1,1529,252,67,14
7.3.15.1-c1-s3,7.3.15.1,1841,289,67,14
7.3.15.1-c2-s1,7.3.15.1,606,90,101,2
7.3.15.1-c3-s1,7.3.15.1,400,72,18,6
7.3.15.1-c4-s1,7.3.15.1,449,76,20,7
7.3.15.1-c5-s1,7.3.15.1,2038,331,0,5
7.3.15.1-c5-s2,7.3.15.1,2203,353,0,5
7.3.15.1-c5-s3,7.3.15.1,536,96,0,5
7.3.15.1-c6-s1,7.3.15.1,828,158,0,2
7.3.15.2-c1-s1,7.3.15.2,177,27,0,14
7.3.15.2-c1-s2,7.3.15.2,1940,374,0,14
7.3.15.3-c1-s1,7.3.15.3,1647,281,67,14
7.3.15.3-c1-s2,7.3.15.3,1527,252,67,14
7.3.15.3-c1-s3,7.3.15.3,1843,289,67,14
7.3.15.3-c2-s1,7.3.15.3,622,91,101,2
7.3.15.3-c3-s1,7.3.15.3,400,72,18,6
7.3.15.3-c4-s1,7.3.15.3,449,76,20,7
7.3.15.3-c5-s1,7.3.15.3,2034,331,0,5
7.3.15.3-c5-s2,7.3.15.3,2203,353,0,5
7.3.15.3-c5-s3,7.3.15.3,653,110,0,5
7.3.15.3-c5-s4,7.3.15.3,2275,397,0,5
7.3.15.3-c5-s5,7.3.15.3,1582,262,0,5
7.3.15.3-c5-s6,7.3.15.3,2204,386,0,5
7.3.15.3-c5-s7,7.3.15.3,1304,221,0,5
7.3.15.3-c5-s8,7.3.15.3,2271,406,0,5
7.3.15.3-c6-s1,7.3.15.3,2233,401,0,2
7.3.15.4-c1-s1,7.3.15.4,1656,281,67,14
7.3.15.4-c1-s2,7.3.15.4,1531,252,67,14
7.3.15.4-c1-s3,7.3.15.4,1849,290,67,14
7.3.15.4-c2-s1,7.3.15.4,610,91,101,2
7.3.15.4-c3-s1,7.3.15.4,396,71,18,6
7.3.15.4-c4-s1,7.3.15.4,449,76,20,7
7.3.15.4-c5-s1,7.3.15.4,2575,412,0,5
7.3.15.4-c5-s2,7.3.15.4,373,64,0,5
7.3.15.4-c5-s3,7.3.15.4,382,65,0,5
7.3.15.4-c5-s4,7.3.15.4,2297,392,0,5
7.3.15.4-c5-s5,7.3.15.4,2515,421,0,5
7.3.15.4-c5-s6,7.3.15.4,818,150,0,5
7.3.15.4-c5-s7,7.3.15.4,1673,284,0,5
7.3.15.4-c5-s8,7.3.15.4,798,143,0,5
7.3.15.4-c6-s1,7.3.15.4,2225,401,0,2
7.3.15.5-c1-s1,7.3.15.5,1952,366,0,14
7.3.15.5-c1-s2,7.3.15.5,1336,226,0,14
7.3.15.5-c1-s3,7.3.15.5,965,187,0,14
7.3.16-c1-s1,7.3.16,760,129,0,10
7.3.16-c2-s1,7.3.16,1773,305,0,2
7.3.16-c2-s2,7.3.16,1296,211,0,2
7.3.16-c3-s1,7.3.16,1983,371,0,5
7.3.16-c3-s2,7.3.16,476,76,0,5
7.3.16.1-c1-s1,7.3.16.1,1662,272,123,11
7.3.16.1-c2-s1,7.3.16.1,322,60,18,7
7.3.16.1-c3-s1,7.3.16.1,974,163,0,3
7.3.16.1-c4-s1,7.3.16.1,711,109,0,8
7.3.16.1-c5-s1,7.3.16.1,945,168,50,2
7.3.16.1-c5-s2,7.3.16.1,1337,244,50,2
7.3.16.1-c6-s1,7.3.16.1,236,44,0,5
7.3.16.1-c7-s1,7.3.16.1,602,114,0,2
7.3.16.2-c1-s1,7.3.16.2,1753,323,0,11
7.3.17-c1-s1,7.3.17,1169,205,0,9
7.3.17-c2-s1,7.3.17,622,108,0,3
7.3.17-c3-s1,7.3.17,967,174,0,2
7.3.17-c4-s1,7.3.17,31,7,0,7
7.3.17-c4-s2,7.3.17,1518,286,0,7
7.3.17-c4-s3,7.3.17,740,144,0,7
7.3.17-c5-s1,7.3.17,222,37,0,4
7.3.17-c6-s1,7.3.17,769,142,0,2
7.3.17.1-c1-s1,7.3.17.1,1372,226,0,14
7.3.17.1-c2-s1,7.3.17.1,326,51,0,2
7.3.17.1-c3-s1,7.3.17.1,915,141,0,3
7.3.17.1-c4-s1,7.3.17.1,826,138,0,7
7.3.17.1-c5-s1,7.3.17.1,362,67,15,7
7.3.17.1-c6-s1,7.3.17.1,270,51,0,2
7.3.17.1-c7-s1,7.3.17.1,890,149,0,2
7.3.17.2-c1-s1,7.3.17.2,1844,318,0,14
7.3.17.3-c1-s1,7.3.17.3,1469,244,0,14
7.3.17.3-c2-s1,7.3.17.3,326,51,0,2
7.3.17.3-c3-s1,7.3.17.3,915,141,0,3
7.3.17.3-c4-s1,7.3.17.3,824,138,0,7
7.3.17.3-c5-s1,7.3.17.3,362,67,15,7
7.3.17.3-c6-s1,7.3.17.3,668,120,20,7
7.3.17.3-c7-s1,7.3.17.3,982,167,0,2
7.3.17.4-c1-s1,7.3.17.4,656,105,0,14
7.3.17.4-c1-s2,7.3.17.4,1525,277,0,14
7.3.17.5-c1-s1,7.3.17.5,1362,224,0,13
7.3.17.5-c2-s1,7.3.17.5,326,51,0,2
7.3.17.5-c3-s1,7.3.17.5,915,141,0,3
7.3.17.5-c4-s1,7.3.17.5,826,138,0,7
7.3.17.5-c5-s1,7.3.17.5,362,67,15,7
7.3.17.5-c6-s1,7.3.17.5,633,106,0,2
7.3.17.5-c7-s1,7.3.17.5,2253,393,0,9
7.3.17.5-c7-s2,7.3.17.5,741,123,0,9
7.3.17.5-c8-s1,7.3.17.5,2450,432,0,4
7.3.17.5-c8-s2,7.3.17.5,1685,294,0,4
7.3.17.5-c8-s3,7.3.17.5,884,153,0,4
7.3.17.5-c9-s1,7.3.17.5,794,136,0,6
7.3.17.5-c10-s1,7.3.17.5,1652,289,0,6
7.3.17.5-c11-s1,7.3.17.5,1160,196,0,2
7.3.17.5-c11-s2,7.3.17.5,1168,199,0,2
7.3.17.6-c1-s1,7.3.17.6,1365,224,0,13
7.3.17.6-c2-s1,7.3.17.6,326,51,0,2
7.3.17.6-c3-s1,7.3.17.6,915,141,0,3
7.3.17.6-c4-s1,7.3.17.6,824,138,0,7
7.3.17.6-c5-s1,7.3.17.6,362,67,15,7
7.3.17.6-c6-s1,7.3.17.6,2287,391,0,2
7.3.17.6-c6-s2,7.3.17.6,2255,384,0,2
7.3.17.6-c6-s3,7.3.17.6,2279,402,0,2
7.3.17.6-c6-s4,7.3.17.6,1462,250,0,2
7.3.17.6-c7-s1,7.3.17.6,1854,321,0,4
7.3.17.6-c8-s1,7.3.17.6,1156,196,0,2
7.3.17.6-c8-s2,7.3.17.6,1164,199,0,2
7.3.17.7-c1-s1,7.3.17.7,262,38,0,13
7.3.17.7-c1-s2,7.3.17.7,2098,363,0,13
7.3.17.7-c1-s3,7.3.17.7,1331,244,0,13
7.3.17.8-c1-s1,7.3.17.8,1463,242,0,13
7.3.17.8-c2-s1,7.3.17.8,326,51,0,2
7.3.17.8-c3-s1,7.3.17.8,915,141,0,3
7.3.17.8-c4-s1,7.3.17.8,824,138,0,7
7.3.17.8-c5-s1,7.3.17.8,362,67,15,7
7.3.17.8-c6-s1,7.3.17.8,2322,402,20,7
7.3.17.8-c6-s2,7.3.17.8,2355,399,20,7
7.3.17.8-c6-s3,7.3.17.8,2279,402,20,7
7.3.17.8-c6-s4,7.3.17.8,1265,216,20,7
7.3.17.8-c6-s5,7.3.17.8,2092,365,20,7
7.3.17.8-c7-s1,7.3.17.8,1249,214,0,2
7.3.17.8-c7-s2,7.3.17.8,1167,199,0,2
7.3.17.9-c1-s1,7.3.17.9,1462,242,0,13
7.3.17.9-c2-s1,7.3.17.9,326,51,0,2
7.3.17.9-c3-s1,7.3.17.9,915,141,0,3
7.3.17.9-c4-s1,7.3.17.9,824,138,0,7
7.3.17.9-c5-s1,7.3.17.9,366,68,15,7
7.3.17.9-c6-s1,7.3.17.9,2149,370,20,7
7.3.17.9-c6-s2,7.3.17.9,2263,374,20,7
7.3.17.9-c6-s3,7.3.17.9,2279,402,20,7
7.3.17.9-c6-s4,7.3.17.9,2102,365,20,7
7.3.17.9-c7-s1,7.3.17.9,1298,227,0,2
7.3.17.9-c7-s2,7.3.17.9,1110,189,0,2
7.3.17.10-c1-s1,7.3.17.10,647,104,0,13
7.3.17.10-c1-s2,7.3.17.10,2026,358,0,13
7.3.17.10-c1-s3,7.3.17.10,1686,297,0,13
7.3.18-c1-s1,7.3.18,892,156,0,17
7.3.18-c2-s1,7.3.18,2035,349,0,2
7.3.18-c2-s2,7.3.18,1454,237,0,2
7.3.18-c3-s1,7.3.18,1813,326,0,5
7.3.18-c3-s2,7.3.18,1686,283,0,5
7.3.18.1-c1-s1,7.3.18.1,1795,290,124,18
7.3.18.1-c2-s1,7.3.18.1,328,62,18,7
7.3.18.1-c3-s1,7.3.18.1,2192,344,0,5
7.3.18.1-c3-s2,7.3.18.1,2105,338,0,5
7.3.18.1-c3-s3,7.3.18.1,656,108,0,5
7.3.18.1-c4-s1,7.3.18.1,979,163,0,3
7.3.18.1-c5-s1,7.3.18.1,714,109,0,8
7.3.18.1-c6-s1,7.3.18.1,938,168,80,2
7.3.18.1-c6-s2,7.3.18.1,1893,296,80,2
7.3.18.1-c6-s3,7.3.18.1,2266,361,80,2
7.3.18.1-c7-s1,7.3.18.1,677,116,0,2
7.3.18.2-c1-s1,7.3.18.2,2068,343,0,18
7.3.18.2-c1-s2,7.3.18.2,321,64,0,18
7.3.19-c1-s1,7.3.19,494,85,0,10
7.3.19-c1-s2,7.3.19,1681,318,0,10
7.3.19.1-c1-s1,7.3.19.1,2015,336,0,17
7.3.19.1-c2-s1,7.3.19.1,326,51,0,2
7.3.19.1-c3-s1,7.3.19.1,915,141,0,3
7.3.19.1-c4-s1,7.3.19.1,816,137,0,7
7.3.19.1-c5-s1,7.3.19.1,2152,339,62,5
7.3.19.1-c5-s2,7.3.19.1,1480,238,62,5
7.3.19.1-c6-s1,7.3.19.1,371,69,15,6
7.3.19.1-c7-s1,7.3.19.1,932,164,20,7
7.3.19.1-c8-s1,7.3.19.1,1127,195,0,2
7.3.19.2-c1-s1,7.3.19.2,1077,173,0,15
7.3.19.2-c1-s2,7.3.19.2,1890,356,0,15
7.3.19.3-c1-s1,7.3.19.3,2011,332,0,14
7.3.19.3-c2-s1,7.3.19.3,326,51,0,2
7.3.19.3-c3-s1,7.3.19.3,915,141,0,3
7.3.19.3-c4-s1,7.3.19.3,826,138,0,7
7.3.19.3-c5-s1,7.3.19.3,2262,360,37,5
7.3.19.3-c5-s2,7.3.19.3,1476,238,37,5
7.3.19.3-c6-s1,7.3.19.3,361,68,15,6
7.3.19.3-c7-s1,7.3.19.3,2171,374,20,7
7.3.19.3-c7-s2,7.3.19.3,2145,368,20,7
7.3.19.3-c7-s3,7.3.19.3,574,94,20,7
7.3.19.3-c7-s4,7.3.19.3,2207,390,20,7
7.3.19.3-c7-s5,7.3.19.3,1264,216,20,7
7.3.19.3-c7-s6,7.3.19.3,1754,301,20,7
7.3.19.3-c7-s7,7.3.19.3,699,123,20,7
7.3.19.3-c8-s1,7.3.19.3,1386,242,0,2
7.3.19.3-c8-s2,7.3.19.3,1173,202,0,2
7.3.19.4-c1-s1,7.3.19.4,1061,170,0,14
7.3.19.4-c1-s2,7.3.19.4,1722,320,0,14
7.3.19.4-c1-s3,7.3.19.4,2103,377,0,14
7.3.19.4-c1-s4,7.3.19.4,543,108,0,14
7.3.20-c1-s1,7.3.20,1725,316,0,8
7.3.20-c1-s2,7.3.20,1571,285,0,8
7.3.20-c1-s3,7.3.20,1002,175,0,8
7.3.20.1-c1-s1,7.3.20.1,1999,327,0,15
7.3.20.1-c2-s1,7.3.20.1,326,51,0,2
7.3.20.1-c3-s1,7.3.20.1,915,141,0,3
7.3.20.1-c4-s1,7.3.20.1,829,138,0,7
7.3.20.1-c5-s1,7.3.20.1,2375,380,34,5
7.3.20.1-c6-s1,7.3.20.1,341,62,15,4
7.3.20.1-c7-s1,7.3.20.1,932,164,20,7
7.3.20.1-c8-s1,7.3.20.1,1101,189,0,2
7.3.20.2-c1-s1,7.3.20.2,1069,170,0,13
7.3.20.2-c1-s2,7.3.20.2,1818,330,0,13
7.3.20.3-c1-s1,7.3.20.3,1983,322,0,12
7.3.20.3-c2-s1,7.3.20.3,326,51,0,2
7.3.20.3-c3-s1,7.3.20.3,915,141,0,3
7.3.20.3-c4-s1,7.3.20.3,826,138,0,7
7.3.20.3-c5-s1,7.3.20.3,2386,382,34,5
7.3.20.3-c6-s1,7.3.20.3,345,63,15,4
7.3.20.3-c7-s1,7.3.20.3,410,71,20,7
7.3.20.3-c8-s1,7.3.20.3,2338,399,0,2
7.3.20.3-c8-s2,7.3.20.3,1555,257,0,2
7.3.20.3-c8-s3,7.3.20.3,2205,390,0,2
7.3.20.3-c8-s4,7.3.20.3,2084,362,0,2
7.3.20.3-c9-s1,7.3.20.3,1417,249,0,2
7.3.20.3-c9-s2,7.3.20.3,1087,185,0,2
7.3.20.4-c1-s1,7.3.20.4,1065,169,0,12
7.3.20.4-c1-s2,7.3.20.4,2047,366,0,12
7.3.20.4-c1-s3,7.3.20.4,1931,343,0,12
7.3.20.4-c1-s4,7.3.20.4,355,74,0,12
7.3.21-c1-s1,7.3.21,752,128,0,13
7.3.21-c2-s1,7.3.21,2163,365,16,2
7.3.21-c2-s2,7.3.21,2015,336,16,2
7.3.21-c2-s3,7.3.21,1447,243,16,2
7.3.21-c3-s1,7.3.21,1915,350,0,5
7.3.21-c3-s2,7.3.21,465,77,0,5
7.3.21.1-c1-s1,7.3.21.1,1671,269,60,12
7.3.21.1-c2-s1,7.3.21.1,985,159,0,3
7.3.21.1-c3-s1,7.3.21.1,623,99,0,4
7.3.21.1-c4-s1,7.3.21.1,334,49,0,4
7.3.21.1-c5-s1,7.3.21.1,313,59,18,7
7.3.21.1-c6-s1,7.3.21.1,1128,167,0,8
7.3.21.1-c7-s1,7.3.21.1,1722,311,50,2
7.3.21.1-c7-s2,7.3.21.1,582,101,50,2
7.3.21.1-c8-s1,7.3.21.1,803,140,0,2
7.3.21.2-c1-s1,7.3.21.2,2047,342,0,12
7.3.21.2-c1-s2,7.3.21.2,661,115,0,12
7.3.22-c1-s1,7.3.22,810,141,0,20
7.3.22-c2-s1,7.3.22,2202,372,16,2
7.3.22-c2-s2,7.3.22,2009,334,16,2
7.3.22-c2-s3,7.3.22,1715,285,16,2
7.3.22-c3-s1,7.3.22,1790,321,0,5
7.3.22-c3-s2,7.3.22,1256,206,0,5
7.3.22.1-c1-s1,7.3.22.1,1787,290,60,20
7.3.22.1-c2-s1,7.3.22.1,985,159,0,3
7.3.22.1-c3-s1,7.3.22.1,622,99,0,4
7.3.22.1-c4-s1,7.3.22.1,334,49,0,4
7.3.22.1-c5-s1,7.3.22.1,305,57,18,6
7.3.22.1-c6-s1,7.3.22.1,2177,343,0,5
7.3.22.1-c6-s2,7.3.22.1,2125,338,0,5
7.3.22.1-c6-s3,7.3.22.1,651,107,0,5
7.3.22.1-c7-s1,7.3.22.1,1134,167,0,8
7.3.22.1-c8-s1,7.3.22.1,2383,392,61,2
7.3.22.1-c8-s2,7.3.22.1,1987,311,61,2
7.3.22.1-c8-s3,7.3.22.1,716,119,61,2
7.3.22.1-c9-s1,7.3.22.1,855,149,0,2
7.3.22.2-c1-s1,7.3.22.2,2075,353,0,20
7.3.22.2-c1-s2,7.3.22.2,1076,191,0,20
7.3.23-c1-s1,7.3.23,1515,258,0,9
7.3.23-c1-s2,7.3.23,1968,337,0,9
7.3.23-c2-s1,7.3.23,995,193,0,8
7.3.23-c2-s2,7.3.23,940,171,0,8
7.3.23-c3-s1,7.3.23,1790,315,0,8
7.3.23-c4-s1,7.3.23,1289,221,0,7
7.3.23-c5-s1,7.3.23,23,3,0,3
7.3.23-c5-s2,7.3.23,1765,314,0,3
7.3.23-c5-s3,7.3.23,604,103,0,3
7.3.23-c6-s1,7.3.23,2331,385,0,4
7.3.23-c7-s1,7.3.23,1362,247,0,4
7.3.23-c7-s2,7.3.23,2273,385,0,4
7.3.23-c8-s1,7.3.23,23,3,0,3
7.3.23-c8-s2,7.3.23,1839,318,0,3
7.3.23-c8-s3,7.3.23,389,70,0,3
7.3.23-c9-s1,7.3.23,1071,189,0,5
7.3.23-c10-s1,7.3.23,390,67,0,3
7.3.23.1-c1-s1,7.3.23.1,1830,298,105,10
7.3.23.1-c2-s1,7.3.23.1,883,140,0,4
7.3.23.1-c3-s1,7.3.23.1,122,18,0,3
7.3.23.1-c4-s1,7.3.23.1,1069,177,20,4
7.3.23.1-c4-s2,7.3.23.1,2547,422,20,4
7.3.23.1-c4-s3,7.3.23.1,2400,397,20,4
7.3.23.1-c4-s4,7.3.23.1,1431,241,20,4
7.3.23.1-c5-s1,7.3.23.1,779,131,0,2
7.3.23.2-c1-s1,7.3.23.2,1146,178,0,10
7.3.23.3-c1-s1,7.3.23.3,1833,300,129,10
7.3.23.3-c1-s2,7.3.23.3,2195,351,129,10
7.3.23.3-c1-s3,7.3.23.3,2247,374,129,10
7.3.23.3-c1-s4,7.3.23.3,2321,385,129,10
7.3.23.3-c1-s5,7.3.23.3,1818,302,129,10
7.3.23.3-c2-s1,7.3.23.3,783,131,0,2
7.3.23.4-c1-s1,7.3.23.4,1162,179,0,11
7.3.23.5-c1-s1,7.3.23.5,2142,349,133,10
7.3.23.5-c2-s1,7.3.23.5,883,140,0,4
7.3.23.5-c3-s1,7.3.23.5,186,25,0,3
7.3.23.5-c4-s1,7.3.23.5,1070,177,20,4
7.3.23.5-c4-s2,7.3.23.5,2246,374,20,4
7.3.23.5-c4-s3,7.3.23.5,2315,385,20,4
7.3.23.5-c4-s4,7.3.23.5,1818,302,20,4
7.3.23.5-c5-s1,7.3.23.5,855,144,0,2
7.3.23.6-c1-s1,7.3.23.6,1504,237,0,11
7.3.23.7-c1-s1,7.3.23.7,2153,350,127,12
7.3.23.7-c2-s1,7.3.23.7,895,141,0,4
7.3.23.7-c3-s1,7.3.23.7,176,26,0,3
7.3.23.7-c4-s1,7.3.23.7,1070,177,20,4
7.3.23.7-c4-s2,7.3.23.7,2246,374,20,4
7.3.23.7-c4-s3,7.3.23.7,2313,385,20,4
7.3.23.7-c4-s4,7.3.23.7,1818,302,20,4
7.3.23.7-c5-s1,7.3.23.7,871,146,0,2
7.3.23.8-c1-s1,7.3.23.8,1574,246,0,12
7.3.23.9-c1-s1,7.3.23.9,1403,237,0,14
7.3.23.9-c2-s1,7.3.23.9,968,149,0,17
7.3.23.9-c3-s1,7.3.23.9,780,120,0,19
7.3.23.9-c4-s1,7.3.23.9,1518,234,0,21
7.3.24-c1-s1,7.3.24,1823,329,49,16
7.3.24-c1-s2,7.3.24,784,134,49,16
7.3.24-c2-s1,7.3.24,1339,229,0,5
7.3.24-c3-s1,7.3.24,148,28,0,5
7.3.24-c4-s1,7.3.24,271,51,0,7
7.3.24-c5-s1,7.3.24,21,4,0,4
7.3.24-c5-s2,7.3.24,1604,286,0,4
7.3.24-c5-s3,7.3.24,1792,323,0,4
7.3.24-c6-s1,7.3.24,385,68,0,7
7.3.24-c7-s1,7.3.24,457,78,0,4
7.3.24-c8-s1,7.3.24,1515,246,0,5
7.3.24.1-c1-s1,7.3.24.1,2146,370,55,12
7.3.24.1-c2-s1,7.3.24.1,148,25,0,4
7.3.24.1-c3-s1,7.3.24.1,375,66,0,6
7.3.24.1-c4-s1,7.3.24.1,2411,432,4,6
7.3.24.1-c4-s2,7.3.24.1,924,154,4,6
7.3.24.1-c5-s1,7.3.24.1,560,98,0,6
7.3.24.1-c6-s1,7.3.24.1,743,126,0,9
7.3.24.1-c7-s1,7.3.24.1,707,116,0,6
7.3.24.1-c8-s1,7.3.24.1,890,163,0,2
7.3.25-c1-s1,7.3.25,931,161,0,6
7.3.25-c2-s1,7.3.25,1299,221,27,8
7.3.25-c2-s2,7.3.25,1936,343,27,8
7.3.25-c2-s3,7.3.25,1813,317,27,8
7.3.25-c2-s4,7.3.25,1446,248,27,8
7.3.25-c2-s5,7.3.25,1434,255,27,8
7.3.25-c2-s6,7.3.25,1982,342,27,8
7.3.25-c2-s7,7.3.25,443,81,27,8
7.3.25-c3-s1,7.3.25,2068,363,14,9
7.3.25-c3-s2,7.3.25,1951,330,14,9
7.3.25-c3-s3,7.3.25,2046,340,14,9
7.3.25-c3-s4,7.3.25,2179,384,14,9
7.3.25-c3-s5,7.3.25,2015,355,14,9
7.3.25-c3-s6,7.3.25,27,5,14,9
7.3.25.1-c1-s1,7.3.25.1,1977,328,62,10
7.3.25.1-c1-s2,7.3.25.1,631,102,62,10
7.3.25.1-c2-s1,7.3.25.1,503,72,71,2
7.3.25.1-c3-s1,7.3.25.1,256,43,0,7
7.3.25.1-c4-s1,7.3.25.1,345,61,0,7
7.3.25.1-c5-s1,7.3.25.1,728,131,0,2
7.3.25.2-c1-s1,7.3.25.2,1426,249,0,10
7.3.25.3-c1-s1,7.3.25.3,2003,333,62,10
7.3.25.3-c1-s2,7.3.25.3,2090,327,62,10
7.3.25.3-c2-s1,7.3.25.3,520,78,102,2
7.3.25.3-c3-s1,7.3.25.3,257,43,0,7
7.3.25.3-c4-s1,7.3.25.3,652,119,0,2
7.3.25.4-c1-s1,7.3.25.4,1136,194,0,10
7.3.25.5-c1-s1,7.3.25.5,1960,314,62,13
7.3.25.5-c1-s2,7.3.25.5,1092,179,62,13
7.3.25.5-c2-s1,7.3.25.5,527,78,64,2
7.3.25.5-c3-s1,7.3.25.5,344,63,18,7
7.3.25.5-c4-s1,7.3.25.5,349,61,18,7
7.3.25.5-c5-s1,7.3.25.5,802,144,0,2
7.3.25.6-c1-s1,7.3.25.6,1703,297,0,12
7.3.25.7-c1-s1,7.3.25.7,1052,177,62,13
7.3.25.7-c1-s2,7.3.25.7,1947,319,62,13
7.3.25.7-c1-s3,7.3.25.7,1492,234,62,13
7.3.25.7-c2-s1,7.3.25.7,522,78,105,2
7.3.25.7-c3-s1,7.3.25.7,351,65,18,7
7.3.25.7-c4-s1,7.3.25.7,349,61,20,7
7.3.25.7-c5-s1,7.3.25.7,780,142,0,2
7.3.25.8-c1-s1,7.3.25.8,1599,280,0,12
7.3.26-c1-s1,7.3.26,541,86,0,6
7.3.26-c2-s1,7.3.26,324,50,0,4
7.3.26-c3-s1,7.3.26,34,4,0,4
7.3.26-c3-s2,7.3.26,1984,311,0,4
7.3.26-c3-s3,7.3.26,588,105,0,4
7.3.26-c4-s1,7.3.26,935,172,0,4
7.3.26-c4-s2,7.3.26,1895,322,0,4
7.3.26-c5-s1,7.3.26,1157,188,0,5
7.3.26-c6-s1,7.3.26,1230,211,0,9
7.3.26-c7-s1,7.3.26,1683,267,82,4
7.3.26-c7-s2,7.3.26,2104,333,82,4
7.3.26-c7-s3,7.3.26,1893,330,82,4
7.3.26-c7-s4,7.3.26,1601,268,82,4
7.3.26-c7-s5,7.3.26,1363,239,82,4
7.3.26-c7-s6,7.3.26,1842,304,82,4
7.3.26-c7-s7,7.3.26,1654,272,82,4
7.3.26.1-c1-s1,7.3.26.1,1212,187,79,7
7.3.26.1-c2-s1,7.3.26.1,2280,370,106,4
7.3.26.1-c3-s1,7.3.26.1,798,125,0,2
7.3.26.1-c4-s1,7.3.26.1,154,21,0,2
7.3.26.1-c5-s1,7.3.26.1,537,87,0,2
7.3.26.2-c1-s1,7.3.26.2,2182,365,0,7
7.3.26.2-c1-s2,7.3.26.2,722,123,0,7
7.3.27-c1-s1,7.3.27,289,45,0,5
7.3.27-c2-s1,7.3.27,327,50,0,4
7.3.27-c3-s1,7.3.27,581,84,0,4
7.3.27-c4-s1,7.3.27,262,42,0,4
7.3.27-c5-s1,7.3.27,506,83,0,9
7.3.27-c6-s1,7.3.27,242,42,0,8
7.3.27-c7-s1,7.3.27,462,82,0,3
7.3.27-c8-s1,7.3.27,631,108,0,4
7.3.27.1-c1-s1,7.3.27.1,1706,256,63,6
7.3.27.1-c2-s1,7.3.27.1,2280,370,106,4
7.3.27.1-c3-s1,7.3.27.1,798,125,0,2
7.3.27.1-c4-s1,7.3.27.1,154,21,0,2
7.3.27.1-c5-s1,7.3.27.1,544,87,0,2
7.3.27.2-c1-s1,7.3.27.2,2242,357,0,6
7.3.27.2-c1-s2,7.3.27.2,910,154,0,6
7.3.28-c1-s1,7.3.28,542,86,0,5
7.3.28-c2-s1,7.3.28,739,121,0,4
7.3.28-c3-s1,7.3.28,56,9,78,9
7.3.28-c3-s2,7.3.28,1684,295,78,9
7.3.28-c3-s3,7.3.28,806,123,78,9
7.3.28-c4-s1,7.3.28,1158,224,24,7
7.3.28-c5-s1,7.3.28,1542,270,0,7
7.3.28-c6-s1,7.3.28,1359,247,0,5
7.3.28-c7-s1,7.3.28,505,88,0,2
7.3.28-c8-s1,7.3.28,2312,381,0,2
7.3.28-c8-s2,7.3.28,2272,383,0,2
7.3.28-c8-s3,7.3.28,729,119,0,2
7.3.28-c9-s1,7.3.28,1595,276,15,4
7.3.28.1-c1-s1,7.3.28.1,992,144,90,6
7.3.28.1-c1-s2,7.3.28.1,2224,330,90,6
7.3.28.1-c1-s3,7.3.28.1,1813,269,90,6
7.3.28.1-c2-s1,7.3.28.1,1050,170,22,2
7.3.28.1-c3-s1,7.3.28.1,2342,370,0,7
7.3.28.1-c3-s2,7.3.28.1,635,91,0,7
7.3.28.1-c4-s1,7.3.28.1,2202,362,31,2
7.3.28.1-c4-s2,7.3.28.1,1019,162,31,2
7.3.28.1-c5-s1,7.3.28.1,1212,186,0,2
7.3.28.1-c6-s1,7.3.28.1,2340,380,70,2
7.3.28.1-c6-s2,7.3.28.1,556,91,70,2
7.3.28.1-c7-s1,7.3.28.1,1076,158,14,2
7.3.28.2-c1-s1,7.3.28.2,787,105,30,6
7.3.28.2-c1-s2,7.3.28.2,1827,282,30,6
7.3.28.2-c1-s3,7.3.28.2,1710,284,30,6
7.3.28.2-c1-s4,7.3.28.2,317,59,30,6
7.3.29-c1-s1,7.3.29,294,46,0,5
7.3.29-c2-s1,7.3.29,281,42,0,4
7.3.29-c3-s1,7.3.29,2171,374,0,3
7.3.29-c4-s1,7.3.29,259,42,0,4
7.3.29-c5-s1,7.3.29,674,105,0,6
7.3.29-c6-s1,7.3.29,450,77,0,3
7.3.29-c7-s1,7.3.29,1285,209,0,4
7.3.29.1-c1-s1,7.3.29.1,1433,223,27,6
7.3.29.1-c2-s1,7.3.29.1,2280,370,106,4
7.3.29.1-c3-s1,7.3.29.1,809,124,0,6
7.3.29.1-c4-s1,7.3.29.1,142,21,0,2
7.3.29.1-c5-s1,7.3.29.1,501,80,0,2
7.3.29.2-c1-s1,7.3.29.2,2057,341,0,6
7.3.29.2-c1-s2,7.3.29.2,639,107,0,6
7.3.30-c1-s1,7.3.30,456,75,0,5
7.3.30-c2-s1,7.3.30,496,80,0,4
7.3.30-c3-s1,7.3.30,1181,204,49,9
7.3.30-c3-s2,7.3.30,946,173,49,9
7.3.30-c3-s3,7.3.30,1900,342,49,9
7.3.30-c3-s4,7.3.30,1884,298,49,9
7.3.30-c4-s1,7.3.30,1552,271,0,7
7.3.30-c5-s1,7.3.30,1358,247,0,5
7.3.30-c6-s1,7.3.30,803,127,0,2
7.3.30-c7-s1,7.3.30,1834,310,15,4
7.3.30-c7-s2,7.3.30,1527,263,15,4
7.3.30-c7-s3,7.3.30,2132,382,15,4
7.3.30.1-c1-s1,7.3.30.1,1191,170,30,6
7.3.30.1-c2-s1,7.3.30.1,2397,369,30,7
7.3.30.1-c2-s2,7.3.30.1,2489,381,30,7
7.3.30.1-c2-s3,7.3.30.1,2206,376,30,7
7.3.30.1-c2-s4,7.3.30.1,615,96,30,7
7.3.30.1-c3-s1,7.3.30.1,2344,370,0,7
7.3.30.1-c3-s2,7.3.30.1,636,91,0,7
7.3.30.1-c4-s1,7.3.30.1,2088,343,31,2
7.3.30.1-c4-s2,7.3.30.1,1136,181,31,2
7.3.30.1-c5-s1,7.3.30.1,2185,351,40,2
7.3.30.1-c5-s2,7.3.30.1,2073,329,40,2
7.3.30.1-c6-s1,7.3.30.1,1517,230,0,2
7.3.30.2-c1-s1,7.3.30.2,507,69,30,6
7.3.30.2-c1-s2,7.3.30.2,1658,251,30,6
7.3.30.2-c1-s3,7.3.30.2,1743,296,30,6
7.3.30.2-c1-s4,7.3.30.2,30,5,30,6
7.4.1-c1-s1,7.4.1,892,135,0,10
7.4.1-c2-s1,7.4.1,183,28,0,3
7.4.1-c3-s1,7.4.1,1275,215,0,3
7.4.1-c4-s1,7.4.1,660,111,0,4
7.4.1-c5-s1,7.4.1,792,135,0,10
7.4.1-c6-s1,7.4.1,380,59,0,2
7.4.1-c7-s1,7.4.1,523,80,0,3
7.4.1.1-c1-s1,7.4.1.1,1400,214,0,11
7.4.1.1-c2-s1,7.4.1.1,1244,192,24,3
7.4.1.1-c3-s1,7.4.1.1,1059,170,0,2
7.4.1.1-c4-s1,7.4.1.1,1222,196,0,2
7.4.1.1-c5-s1,7.4.1.1,2254,363,23,3
7.4.1.1-c6-s1,7.4.1.1,677,105,0,6
7.4.1.1-c7-s1,7.4.1.1,897,145,0,2
7.4.1.1-c8-s1,7.4.1.1,835,133,0,5
7.4.1.1-c9-s1,7.4.1.1,2513,397,0,4
7.4.1.1-c9-s2,7.4.1.1,955,155,0,4
7.4.1.2-c1-s1,7.4.1.2,2273,344,0,11
7.4.1.2-c1-s2,7.4.1.2,317,55,0,11
7.4.2-c1-s1,7.4.2,426,65,0,5
7.4.2-c2-s1,7.4.2,668,109,0,3
7.4.2-c3-s1,7.4.2,1534,247,0,7
7.4.2-c4-s1,7.4.2,36,7,0,7
7.4.2-c4-s2,7.4.2,1639,278,0,7
7.4.2-c4-s3,7.4.2,2173,379,0,7
7.4.2-c4-s4,7.4.2,510,92,0,7
7.4.2-c5-s1,7.4.2,374,59,0,4
7.4.2-c6-s1,7.4.2,1515,269,0,6
7.4.2-c7-s1,7.4.2,459,67,0,4
7.4.2-c8-s1,7.4.2,575,92,0,3
7.4.2.1-c1-s1,7.4.2.1,855,131,0,8
7.4.2.1-c2-s1,7.4.2.1,1256,192,24,3
7.4.2.1-c3-s1,7.4.2.1,1047,169,0,2
7.4.2.1-c4-s1,7.4.2.1,1203,192,0,2
7.4.2.1-c5-s1,7.4.2.1,582,87,0,6
7.4.2.1-c6-s1,7.4.2.1,853,139,0,6
7.4.2.1-c7-s1,7.4.2.1,2588,418,6,4
7.4.2.1-c7-s2,7.4.2.1,967,155,6,4
7.4.2.2-c1-s1,7.4.2.2,1923,304,0,8
7.4.2.3-c1-s1,7.4.2.3,855,130,0,7
7.4.2.3-c2-s1,7.4.2.3,1871,315,0,3
7.4.2.3-c3-s1,7.4.2.3,1049,169,0,2
7.4.2.3-c4-s1,7.4.2.3,961,151,0,2
7.4.2.3-c5-s1,7.4.2.3,572,87,0,6
7.4.2.3-c6-s1,7.4.2.3,853,139,0,6
7.4.2.3-c7-s1,7.4.2.3,2436,399,0,4
7.4.2.3-c7-s2,7.4.2.3,747,121,0,4
7.4.2.4-c1-s1,7.4.2.4,1691,257,0,7
7.4.2.5-c1-s1,7.4.2.5,975,146,0,10
7.4.2.5-c2-s1,7.4.2.5,1246,192,24,3
7.4.2.5-c3-s1,7.4.2.5,1049,169,0,2
7.4.2.5-c4-s1,7.4.2.5,1203,192,0,2
7.4.2.5-c5-s1,7.4.2.5,572,87,0,6
7.4.2.5-c6-s1,7.4.2.5,853,139,0,6
7.4.2.5-c7-s1,7.4.2.5,2106,347,33,5
7.4.2.5-c7-s2,7.4.2.5,1799,293,33,5
7.4.2.6-c1-s1,7.4.2.6,1003,150,0,9
7.4.2.6-c2-s1,7.4.2.6,1877,315,0,3
7.4.2.6-c3-s1,7.4.2.6,1057,170,0,2
7.4.2.6-c4-s1,7.4.2.6,980,155,0,2
7.4.2.6-c5-s1,7.4.2.6,681,105,0,6
7.4.2.6-c6-s1,7.4.2.6,744,121,0,2
7.4.2.6-c7-s1,7.4.2.6,2104,347,33,5
7.4.2.6-c7-s2,7.4.2.6,1080,174,33,5
7.4.2.6-c8-s1,7.4.2.6,720,120,0,2
7.4.2.7-c1-s1,7.4.2.7,1691,251,0,12
7.4.2.7-c2-s1,7.4.2.7,1244,192,24,3
7.4.2.7-c3-s1,7.4.2.7,1047,169,0,2
7.4.2.7-c4-s1,7.4.2.7,1203,192,0,2
7.4.2.7-c5-s1,7.4.2.7,572,87,0,6
7.4.2.7-c6-s1,7.4.2.7,853,139,0,6
7.4.2.7-c7-s1,7.4.2.7,2103,347,33,5
7.4.2.7-c8-s1,7.4.2.7,1774,288,0,5
7.4.2.7-c9-s1,7.4.2.7,2556,416,6,4
7.4.2.7-c9-s2,7.4.2.7,927,150,6,4
7.4.2.7-c10-s1,7.4.2.7,1856,313,27,4
7.4.2.8-c1-s1,7.4.2.8,1099,164,0,11
7.4.2.8-c2-s1,7.4.2.8,1877,315,0,3
7.4.2.8-c3-s1,7.4.2.8,1059,170,0,2
7.4.2.8-c4-s1,7.4.2.8,961,151,0,2
7.4.2.8-c5-s1,7.4.2.8,681,105,0,6
7.4.2.8-c6-s1,7.4.2.8,744,121,0,2
7.4.2.8-c7-s1,7.4.2.8,2104,347,33,5
7.4.2.8-c7-s2,7.4.2.8,1078,174,33,5
7.4.2.8-c8-s1,7.4.2.8,693,115,0,2
7.4.2.8-c9-s1,7.4.2.8,2565,422,6,4
7.4.2.8-c9-s2,7.4.2.8,433,68,6,4
7.4.2.8-c10-s1,7.4.2.8,1856,313,27,4
7.4.3-c1-s1,7.4.3,1293,207,0,4
7.4.3-c2-s1,7.4.3,550,80,0,6
7.4.3-c3-s1,7.4.3,1598,268,0,6
7.4.3-c4-s1,7.4.3,358,57,0,3
7.4.3-c5-s1,7.4.3,1220,216,0,2
7.4.3-c6-s1,7.4.3,493,72,0,4
7.4.3.1-c1-s1,7.4.3.1,1790,273,0,7
7.4.3.1-c2-s1,7.4.3.1,1033,167,0,2
7.4.3.1-c3-s1,7.4.3.1,757,116,0,2
7.4.3.1-c4-s1,7.4.3.1,584,87,0,6
7.4.3.1-c5-s1,7.4.3.1,656,105,0,6
7.4.3.2-c1-s1,7.4.3.2,1758,269,0,7
7.4.3.3-c1-s1,7.4.3.3,1404,215,0,6
7.4.3.3-c2-s1,7.4.3.3,1033,167,0,2
7.4.3.3-c3-s1,7.4.3.3,757,116,0,2
7.4.3.3-c4-s1,7.4.3.3,653,99,0,6
7.4.3.3-c5-s1,7.4.3.3,546,88,0,2
7.4.3.4-c1-s1,7.4.3.4,1425,219,0,6
7.4.4-c1-s1,7.4.4,889,136,0,10
7.4.4-c2-s1,7.4.4,183,28,0,3
7.4.4-c3-s1,7.4.4,1284,215,0,3
7.4.4-c4-s1,7.4.4,792,135,0,10
7.4.4-c5-s1,7.4.4,380,59,0,2
7.4.4-c6-s1,7.4.4,547,87,0,3
7.4.4.1-c1-s1,7.4.4.1,1179,180,0,11
7.4.4.1-c2-s1,7.4.4.1,1244,192,24,3
7.4.4.1-c3-s1,7.4.4.1,1059,170,0,2
7.4.4.1-c4-s1,7.4.4.1,2429,401,27,2
7.4.4.1-c5-s1,7.4.4.1,2251,362,0,3
7.4.4.1-c6-s1,7.4.4.1,680,105,0,6
7.4.4.1-c7-s1,7.4.4.1,929,152,0,2
7.4.4.1-c8-s1,7.4.4.1,821,133,0,5
7.4.4.1-c9-s1,7.4.4.1,2540,406,0,4
7.4.4.1-c9-s2,7.4.4.1,981,159,0,4
7.4.4.2-c1-s1,7.4.4.2,2354,358,0,11
7.4.4.2-c1-s2,7.4.4.2,136,23,0,11
7.4.5-c1-s1,7.4.5,1670,269,0,5
7.4.5-c1-s2,7.4.5,1023,164,0,5
7.4.5-c1-s3,7.4.5,1927,327,0,5
7.4.5-c1-s4,7.4.5,1213,219,0,5
7.4.5-c2-s1,7.4.5,374,59,0,4
7.4.5-c3-s1,7.4.5,15,2,0,2
7.4.5-c3-s2,7.4.5,1076,191,0,2
7.4.5-c3-s3,7.4.5,977,175,0,2
7.4.5-c4-s1,7.4.5,672,109,0,4
7.4.5.1-c1-s1,7.4.5.1,1002,161,0,8
7.4.5.1-c2-s1,7.4.5.1,1244,192,24,3
7.4.5.1-c3-s1,7.4.5.1,1057,170,0,2
7.4.5.1-c4-s1,7.4.5.1,2429,401,27,2
7.4.5.1-c5-s1,7.4.5.1,681,105,0,6
7.4.5.1-c6-s1,7.4.5.1,776,128,0,2
7.4.5.1-c7-s1,7.4.5.1,2623,432,0,4
7.4.5.1-c7-s2,7.4.5.1,1092,179,0,4
7.4.5.2-c1-s1,7.4.5.2,1995,313,0,8
7.4.5.3-c1-s1,7.4.5.3,800,127,0,7
7.4.5.3-c1-s2,7.4.5.3,1871,315,0,7
7.4.5.3-c2-s1,7.4.5.3,1057,170,0,2
7.4.5.3-c3-s1,7.4.5.3,2429,401,27,2
7.4.5.3-c4-s1,7.4.5.3,681,105,0,6
7.4.5.3-c5-s1,7.4.5.3,776,128,0,2
7.4.5.3-c6-s1,7.4.5.3,2515,417,0,4
7.4.5.3-c6-s2,7.4.5.3,774,127,0,4
7.4.5.4-c1-s1,7.4.5.4,1742,266,0,7
7.4.6-c1-s1,7.4.6,1861,293,0,4
7.4.6-c1-s2,7.4.6,1605,268,0,4
7.4.6-c1-s3,7.4.6,339,54,0,4
7.4.6-c2-s1,7.4.6,15,2,0,2
7.4.6-c2-s2,7.4.6,1028,185,0,2
7.4.6-c2-s3,7.4.6,964,173,0,2
7.4.6-c3-s1,7.4.6,138,22,0,4
7.4.6.1-c1-s1,7.4.6.1,2023,314,0,7
7.4.6.1-c2-s1,7.4.6.1,1041,168,0,2
7.4.6.1-c3-s1,7.4.6.1,2136,350,27,2
7.4.6.1-c4-s1,7.4.6.1,690,104,0,6
7.4.6.1-c5-s1,7.4.6.1,571,93,0,2
B7.4.6.1-c1-s1,B7.4.6.1,2023,314,0,7
B7.4.6.1-c2-s1,B7.4.6.1,1041,168,0,2
B7.4.6.1-c3-s1,B7.4.6.1,2136,350,27,2
B7.4.6.1-c4-s1,B7.4.6.1,690,104,0,6
B7.4.6.1-c5-s1,B7.4.6.1,571,93,0,2
7.4.6.2-c1-s1,7.4.6.2,1767,273,0,7
7.4.6.3-c1-s1,7.4.6.3,1407,217,0,6
7.4.6.3-c2-s1,7.4.6.3,1043,168,0,2
7.4.6.3-c3-s1,7.4.6.3,2136,350,27,2
7.4.6.3-c4-s1,7.4.6.3,690,104,0,6
7.4.6.3-c5-s1,7.4.6.3,571,93,0,2
7.4.6.4-c1-s1,7.4.6.4,1445,223,0,6
7.4.7-c1-s1,7.4.7,1292,216,0,5
7.4.7-c1-s2,7.4.7,1152,209,0,5
7.4.7-c1-s3,7.4.7,1763,303,0,5
7.4.7-c1-s4,7.4.7,2045,339,0,5
7.4.7-c2-s1,7.4.7,148,21,0,2
7.4.7-c3-s1,7.4.7,240,35,0,3
7.4.7.1-c1-s1,7.4.7.1,2292,383,80,8
7.4.7.1-c2-s1,7.4.7.1,2699,438,0,3
7.4.7.1-c2-s2,7.4.7.1,49,5,0,3
7.4.7.1-c3-s1,7.4.7.1,2067,326,25,2
7.4.7.1-c3-s2,7.4.7.1,634,98,25,2
7.4.7.1-c4-s1,7.4.7.1,2103,331,24,4
7.4.7.1-c5-s1,7.4.7.1,690,114,0,2
7.4.7.2-c1-s1,7.4.7.2,483,75,0,8
7.4.7.2-c1-s2,7.4.7.2,1790,286,0,8
7.4.7.3-c1-s1,7.4.7.3,2280,380,80,7
7.4.7.3-c2-s1,7.4.7.3,2699,438,0,3
7.4.7.3-c2-s2,7.4.7.3,49,5,0,3
7.4.7.3-c3-s1,7.4.7.3,2069,326,25,2
7.4.7.3-c3-s2,7.4.7.3,632,98,25,2
7.4.7.3-c4-s1,7.4.7.3,2157,358,0,4
7.4.7.3-c4-s2,7.4.7.3,200,34,0,4
7.4.7.3-c5-s1,7.4.7.3,690,114,0,2
7.4.7.4-c1-s1,7.4.7.4,2171,343,0,7
7.4.8-c1-s1,7.4.8,665,110,23,4
7.4.8-c2-s1,7.4.8,1021,169,49,7
7.4.8-c2-s2,7.4.8,1798,313,49,7
7.4.8-c2-s3,7.4.8,2214,357,49,7
7.4.8-c2-s4,7.4.8,852,146,49,7
7.4.8-c3-s1,7.4.8,568,91,125,8
7.4.8-c3-s2,7.4.8,1627,285,125,8
7.4.8-c3-s3,7.4.8,710,124,125,8
7.4.8-c3-s4,7.4.8,69,10,125,8
7.4.8-c3-s5,7.4.8,1432,256,125,8
7.4.8-c3-s6,7.4.8,559,101,125,8
7.4.8-c3-s7,7.4.8,1502,256,125,8
7.4.8-c3-s8,7.4.8,1983,343,125,8
7.4.8-c3-s9,7.4.8,1912,321,125,8
7.4.8.1-c1-s1,7.4.8.1,915,150,29,6
7.4.8.1-c2-s1,7.4.8.1,315,49,0,4
7.4.8.1-c3-s1,7.4.8.1,2123,328,0,5
7.4.8.1-c4-s1,7.4.8.1,495,82,0,2
7.4.8.2-c1-s1,7.4.8.2,1073,182,0,5
7.4.8.3-c1-s1,7.4.8.3,854,132,29,7
7.4.8.3-c2-s1,7.4.8.3,549,89,0,4
7.4.8.3-c3-s1,7.4.8.3,712,114,0,7
7.4.8.3-c4-s1,7.4.8.3,2172,331,0,5
7.4.8.3-c5-s1,7.4.8.3,619,99,0,2
7.4.8.4-c1-s1,7.4.8.4,1440,239,0,6
7.4.9-c1-s1,7.4.9,1126,176,0,3
7.4.9-c2-s1,7.4.9,751,110,0,3
7.4.9-c3-s1,7.4.9,760,131,0,4
7.4.9-c4-s1,7.4.9,295,54,0,12
7.4.9-c5-s1,7.4.9,1850,283,0,22
7.4.9-c5-s2,7.4.9,2071,343,0,22
7.4.9-c5-s3,7.4.9,703,118,0,22
7.4.9-c5-s4,7.4.9,437,72,0,22
7.4.9-c5-s5,7.4.9,2075,366,0,22
7.4.9-c5-s6,7.4.9,1692,292,0,22
7.4.9-c5-s7,7.4.9,1843,337,0,22
7.4.9-c5-s8,7.4.9,591,105,0,22
7.4.9-c5-s9,7.4.9,2089,351,0,22
7.4.9-c5-s10,7.4.9,442,72,0,22
7.4.9-c6-s1,7.4.9,1421,243,0,4
7.4.9-c7-s1,7.4.9,1332,241,0,12
7.4.9.1-c1-s1,7.4.9.1,2194,352,73,12
7.4.9.1-c2-s1,7.4.9.1,514,78,0,4
7.4.9.1-c3-s1,7.4.9.1,732,115,0,6
7.4.9.1-c4-s1,7.4.9.1,758,121,0,7
7.4.9.1-c5-s1,7.4.9.1,574,94,0,3
7.4.9.1-c6-s1,7.4.9.1,960,159,0,2
7.4.9.2-c1-s1,7.4.9.2,368,59,0,10
7.4.9.2-c1-s2,7.4.9.2,1820,322,0,10
7.4.9.3-c1-s1,7.4.9.3,2003,324,144,19
7.4.9.3-c2-s1,7.4.9.3,681,110,36,3
7.4.9.3-c3-s1,7.4.9.3,445,67,36,9
7.4.9.3-c4-s1,7.4.9.3,794,132,0,4
7.4.9.3-c5-s1,7.4.9.3,447,71,0,2
7.4.9.3-c6-s1,7.4.9.3,732,115,0,6
7.4.9.3-c7-s1,7.4.9.3,580,94,0,3
7.4.9.3-c8-s1,7.4.9.3,967,172,0,2
7.4.9.4-c1-s1,7.4.9.4,433,72,0,8
7.4.9.4-c1-s2,7.4.9.4,1937,350,0,8
7.4.9.4-c1-s3,7.4.9.4,214,45,0,8
7.4.9.4-c1-s4,7.4.9.4,29,5,0,8
7.4.9.5-c1-s1,7.4.9.5,1726,271,68,19
7.4.9.5-c2-s1,7.4.9.5,698,110,0,3
7.4.9.5-c3-s1,7.4.9.5,361,54,0,2
7.4.9.5-c4-s1,7.4.9.5,775,121,0,2
7.4.9.5-c5-s1,7.4.9.5,450,68,0,2
7.4.9.5-c6-s1,7.4.9.5,582,94,0,3
7.4.9.5-c7-s1,7.4.9.5,668,112,0,2
7.4.9.6-c1-s1,7.4.9.6,1662,288,0,8
7.4.9.7-c1-s1,7.4.9.7,1699,288,0,8
7.4.9.8-c1-s1,7.4.9.8,1967,321,143,6
7.4.9.8-c2-s1,7.4.9.8,464,73,0,4
7.4.9.8-c3-s1,7.4.9.8,732,115,0,6
7.4.9.8-c4-s1,7.4.9.8,514,83,0,8
7.4.9.8-c5-s1,7.4.9.8,574,94,0,3
7.4.9.8-c6-s1,7.4.9.8,870,148,0,2
7.4.9.9-c1-s1,7.4.9.9,399,63,0,4
7.4.9.9-c1-s2,7.4.9.9,1742,312,0,4
7.4.10-c1-s1,7.4.10,578,102,0,4
7.4.10-c2-s1,7.4.10,1761,328,0,4
7.4.10-c2-s2,7.4.10,1338,239,0,4
7.4.10-c3-s1,7.4.10,299,54,0,6
7.4.10-c4-s1,7.4.10,561,98,0,2
7.4.10-c4-s2,7.4.10,1210,224,0,2
7.4.10-c4-s3,7.4.10,980,176,0,2
7.4.10-c5-s1,7.4.10,1258,209,0,6
7.4.10-c6-s1,7.4.10,2181,367,13,4
7.4.10-c7-s1,7.4.10,1917,322,30,4
7.4.10-c7-s2,7.4.10,2091,358,30,4
7.4.10-c7-s3,7.4.10,508,84,30,4
7.4.10-c8-s1,7.4.10,534,84,0,5
7.4.10-c9-s1,7.4.10,608,114,0,2
7.4.10.1-c1-s1,7.4.10.1,1833,309,13,5
7.4.10.1-c1-s2,7.4.10.1,925,154,13,5
7.4.10.1-c2-s1,7.4.10.1,303,50,30,4
7.4.10.1-c2-s2,7.4.10.1,2272,387,30,4
7.4.10.1-c2-s3,7.4.10.1,1939,323,30,4
7.4.10.1-c3-s1,7.4.10.1,534,84,0,5
7.4.10.1-c4-s1,7.4.10.1,636,114,0,2
7.4.10.2-c1-s1,7.4.10.2,436,67,0,5
7.4.10.2-c1-s2,7.4.10.2,1671,303,0,5
7.4.11-c1-s1,7.4.11,641,109,0,6
7.4.11-c2-s1,7.4.11,259,43,0,6
7.4.11-c3-s1,7.4.11,1613,279,0,5
7.4.11-c3-s2,7.4.11,1339,238,0,5
7.4.11-c4-s1,7.4.11,862,150,0,6
7.4.11-c4-s2,7.4.11,1845,325,0,6
7.4.11-c5-s1,7.4.11,759,131,0,6
7.4.11.1-c1-s1,7.4.11.1,1907,315,37,7
7.4.11.1-c1-s2,7.4.11.1,1828,295,37,7
7.4.11.1-c2-s1,7.4.11.1,303,50,31,4
7.4.11.1-c2-s2,7.4.11.1,2337,393,31,4
7.4.11.1-c2-s3,7.4.11.1,1954,324,31,4
7.4.11.1-c3-s1,7.4.11.1,547,84,0,5
7.4.11.1-c4-s1,7.4.11.1,690,120,0,2
7.4.11.2-c1-s1,7.4.11.2,231,36,0,5
7.4.11.2-c1-s2,7.4.11.2,2013,365,0,5
7.4.11.2-c1-s3,7.4.11.2,230,43,0,5
7.4.11.2-c1-s4,7.4.11.2,30,5,0,5
7.4.12-c1-s1,7.4.12,1353,221,0,4
7.4.12-c2-s1,7.4.12,1146,201,119,2
7.4.12-c2-s2,7.4.12,1721,300,119,2
7.4.12-c2-s3,7.4.12,131,23,119,2
7.4.12-c2-s4,7.4.12,791,137,119,2
7.4.12-c2-s5,7.4.12,1203,206,119,2
7.4.12-c2-s6,7.4.12,1280,210,119,2
7.4.12-c2-s7,7.4.12,1631,258,119,2
7.4.12-c2-s8,7.4.12,1179,203,119,2
7.4.12-c3-s1,7.4.12,1038,185,0,4
7.4.12-c3-s2,7.4.12,1923,331,0,4
7.4.12-c3-s3,7.4.12,1646,293,0,4
7.4.12-c4-s1,7.4.12,793,135,0,5
7.4.12-c5-s1,7.4.12,589,99,0,4
7.4.12-c6-s1,7.4.12,372,59,0,3
7.4.12-c7-s1,7.4.12,1302,231,0,2
7.4.12.1-c1-s1,7.4.12.1,1226,207,0,5
7.4.12.1-c2-s1,7.4.12.1,2255,379,0,3
7.4.12.1-c2-s2,7.4.12.1,630,108,0,3
7.4.12.1-c2-s3,7.4.12.1,2248,377,0,3
7.4.12.1-c2-s4,7.4.12.1,239,44,0,3
7.4.12.1-c3-s1,7.4.12.1,1398,236,43,4
7.4.12.1-c3-s2,7.4.12.1,2290,391,43,4
7.4.12.1-c3-s3,7.4.12.1,466,81,43,4
7.4.12.1-c4-s1,7.4.12.1,1943,315,28,4
7.4.12.1-c5-s1,7.4.12.1,2194,376,35,5
7.4.12.1-c6-s1,7.4.12.1,1809,303,0,2
7.4.12.2-c1-s1,7.4.12.2,1142,197,0,5
7.4.12.2-c1-s2,7.4.12.2,1862,332,0,5
7.4.12.2-c1-s3,7.4.12.2,254,49,0,5
7.4.13-c1-s1,7.4.13,1172,195,0,3
7.4.13-c2-s1,7.4.13,1139,202,119,2
7.4.13-c2-s2,7.4.13,1731,300,119,2
7.4.13-c2-s3,7.4.13,131,23,119,2
7.4.13-c2-s4,7.4.13,791,137,119,2
7.4.13-c2-s5,7.4.13,1203,206,119,2
7.4.13-c2-s6,7.4.13,1280,210,119,2
7.4.13-c2-s7,7.4.13,1631,258,119,2
7.4.13-c2-s8,7.4.13,1181,203,119,2
7.4.13-c3-s1,7.4.13,1011,183,0,4
7.4.13-c3-s2,7.4.13,1970,352,0,4
7.4.13-c3-s3,7.4.13,800,149,0,4
7.4.13-c4-s1,7.4.13,788,134,0,5
7.4.13-c5-s1,7.4.13,589,99,0,4
7.4.13-c6-s1,7.4.13,372,59,0,3
7.4.13-c7-s1,7.4.13,1306,231,0,2
7.4.13.1-c1-s1,7.4.13.1,1253,208,0,4
7.4.13.1-c2-s1,7.4.13.1,1920,323,0,3
7.4.13.1-c2-s2,7.4.13.1,632,108,0,3
7.4.13.1-c2-s3,7.4.13.1,2256,378,0,3
7.4.13.1-c2-s4,7.4.13.1,239,44,0,3
7.4.13.1-c3-s1,7.4.13.1,903,156,43,4
7.4.13.1-c3-s2,7.4.13.1,2268,389,43,4
7.4.13.1-c3-s3,7.4.13.1,466,81,43,4
7.4.13.1-c4-s1,7.4.13.1,1943,315,28,4
7.4.13.1-c5-s1,7.4.13.1,2194,376,35,5
7.4.13.1-c6-s1,7.4.13.1,1787,301,0,2
7.4.13.2-c1-s1,7.4.13.2,1171,198,0,4
7.4.13.2-c1-s2,7.4.13.2,1862,332,0,4
7.4.13.2-c1-s3,7.4.13.2,254,49,0,4
7.4.14.1-c1-s1,7.4.14.1,1276,187,0,5
7.4.14.1-c2-s1,7.4.14.1,742,104,0,2
7.4.14.1-c3-s1,7.4.14.1,1625,265,0,2
7.4.14.1-c4-s1,7.4.14.1,1768,287,0,2
7.4.14.1-c5-s1,7.4.14.1,511,80,0,3
7.4.14.1-c6-s1,7.4.14.1,824,130,0,2
7.4.14.2-c1-s1,7.4.14.2,417,57,0,5
7.4.14.2-c1-s2,7.4.14.2,2060,343,0,5
7.4.15-c1-s1,7.4.15,1041,174,0,4
7.4.15-c2-s1,7.4.15,705,116,55,2
7.4.15-c3-s1,7.4.15,1551,283,0,2
7.4.15-c3-s2,7.4.15,1738,292,0,2
7.4.15-c3-s3,7.4.15,489,90,0,2
7.4.15-c4-s1,7.4.15,1782,299,0,2
7.4.15-c5-s1,7.4.15,170,28,0,5
7.4.15.1-c1-s1,7.4.15.1,1454,216,0,7
7.4.15.1-c2-s1,7.4.15.1,734,104,0,2
7.4.15.1-c3-s1,7.4.15.1,2493,410,24,2
7.4.15.1-c4-s1,7.4.15.1,1952,317,0,2
7.4.15.1-c5-s1,7.4.15.1,507,80,0,3
7.4.15.1-c6-s1,7.4.15.1,844,132,0,2
7.4.15.2-c1-s1,7.4.15.2,427,58,0,7
7.4.15.2-c1-s2,7.4.15.2,2157,348,0,7
7.4.15.2-c1-s3,7.4.15.2,242,45,0,7
7.4.15.3-c1-s1,7.4.15.3,1377,209,0,6
7.4.15.3-c2-s1,7.4.15.3,720,104,0,2
7.4.15.3-c3-s1,7.4.15.3,2143,353,0,2
7.4.15.3-c4-s1,7.4.15.3,1803,293,0,2
7.4.15.3-c5-s1,7.4.15.3,500,81,0,3
7.4.15.3-c6-s1,7.4.15.3,802,132,0,2
7.4.15.4-c1-s1,7.4.15.4,2220,337,0,6
7.4.15.4-c1-s2,7.4.15.4,631,106,0,6
7.4.16-c1-s1,7.4.16,902,161,44,2
7.4.16-c2-s1,7.4.16,18,4,73,4
7.4.16-c2-s2,7.4.16,1627,329,73,4
7.4.16-c2-s3,7.4.16,706,125,73,4
7.4.16-c3-s1,7.4.16,648,116,0,8
7.4.16-c4-s1,7.4.16,1076,197,0,7
7.4.16-c5-s1,7.4.16,1205,222,0,5
7.4.16-c6-s1,7.4.16,321,60,0,5
7.4.16-c7-s1,7.4.16,325,60,0,2
7.4.16-c8-s1,7.4.16,647,115,0,9
7.4.16-c9-s1,7.4.16,462,75,0,7
7.4.16.1-c1-s1,7.4.16.1,997,178,0,3
7.4.16.1-c2-s1,7.4.16.1,416,70,0,6
7.4.16.1-c3-s1,7.4.16.1,1950,339,25,8
7.4.16.1-c4-s1,7.4.16.1,455,77,0,7
7.4.16.1-c5-s1,7.4.16.1,581,103,0,2
7.4.16.2-c1-s1,7.4.16.2,1456,260,0,3
7.4.17-c1-s1,7.4.17,645,116,0,3
7.4.17-c2-s1,7.4.17,25,4,0,4
7.4.17-c2-s2,7.4.17,1572,281,0,4
7.4.17-c2-s3,7.4.17,203,31,0,4
7.4.17-c2-s4,7.4.17,1249,223,0,4
7.4.17-c2-s5,7.4.17,1831,319,0,4
7.4.17-c2-s6,7.4.17,1868,324,0,4
7.4.17-c2-s7,7.4.17,1642,288,0,4
7.4.17-c3-s1,7.4.17,1145,212,0,2
7.4.17-c4-s1,7.4.17,1078,196,0,2
7.4.17-c5-s1,7.4.17,1017,169,28,3
7.4.17.1-c1-s1,7.4.17.1,2305,371,55,4
7.4.17.1-c2-s1,7.4.17.1,184,26,0,2
7.4.17.1-c3-s1,7.4.17.1,742,113,0,3
7.4.17.1-c4-s1,7.4.17.1,528,86,0,2
7.4.17.2-c1-s1,7.4.17.2,967,162,0,4
7.4.18-c1-s1,7.4.18,42,6,0,3
7.4.18-c1-s2,7.4.18,2001,366,0,3
7.4.18-c1-s3,7.4.18,546,99,0,3
7.4.18-c2-s1,7.4.18,1479,281,0,3
7.4.18-c3-s1,7.4.18,1461,273,0,6
7.4.18-c4-s1,7.4.18,1740,321,0,4
7.4.18-c5-s1,7.4.18,412,74,0,4
7.4.18-c6-s1,7.4.18,873,158,0,4
7.4.18-c7-s1,7.4.18,358,67,0,4
7.4.18-c8-s1,7.4.18,1576,282,0,4
7.4.18.1-c1-s1,7.4.18.1,1983,343,66,4
7.4.18.1-c2-s1,7.4.18.1,294,51,0,2
7.4.18.1-c3-s1,7.4.18.1,540,85,0,4
7.4.18.1-c4-s1,7.4.18.1,197,29,0,4
7.4.18.1-c5-s1,7.4.18.1,1021,179,0,2
7.4.18.1-c6-s1,7.4.18.1,340,47,0,4
7.4.18.1-c7-s1,7.4.18.1,794,145,0,2
7.4.18.2-c1-s1,7.4.18.2,1948,354,0,4
7.4.18.2-c1-s2,7.4.18.2,374,71,0,4
7.4.19-c1-s1,7.4.19,292,47,61,4
7.4.19-c2-s1,7.4.19,1501,266,0,2
7.4.19-c3-s1,7.4.19,1529,284,0,5
7.4.19-c4-s1,7.4.19,731,128,0,4
7.4.19-c5-s1,7.4.19,1415,250,102,6
7.4.19-c5-s2,7.4.19,710,129,102,6
7.4.19-c6-s1,7.4.19,1261,224,0,4
7.4.19-c6-s2,7.4.19,1164,217,0,4
7.4.19-c7-s1,7.4.19,721,136,61,4
7.4.19-c8-s1,7.4.19,472,88,0,6
7.4.19.1-c1-s1,7.4.19.1,768,126,0,5
7.4.19.1-c2-s1,7.4.19.1,712,124,0,5
7.4.19.1-c3-s1,7.4.19.1,906,143,0,4
7.4.19.1-c4-s1,7.4.19.1,243,38,0,4
7.4.19.1-c5-s1,7.4.19.1,1680,270,0,3
7.4.19.1-c6-s1,7.4.19.1,336,47,0,4
7.4.19.1-c7-s1,7.4.19.1,560,96,0,2
7.4.19.2-c1-s1,7.4.19.2,1459,255,0,5
7.4.20-c1-s1,7.4.20,332,53,0,3
7.4.20-c2-s1,7.4.20,1559,278,0,2
7.4.20-c3-s1,7.4.20,291,55,0,10
7.4.20-c3-s2,7.4.20,2007,356,0,10
7.4.20-c3-s3,7.4.20,580,106,0,10
7.4.20-c4-s1,7.4.20,962,176,0,2
7.4.20-c4-s2,7.4.20,1721,308,0,2
7.4.20.1-c1-s1,7.4.20.1,581,95,55,4
7.4.20.1-c2-s1,7.4.20.1,1392,221,0,6
7.4.20.1-c3-s1,7.4.20.1,1550,256,20,2
7.4.20.1-c4-s1,7.4.20.1,464,80,0,2
7.4.20.2-c1-s1,7.4.20.2,1367,229,0,4
7.4.21-c1-s1,7.4.21,1162,208,0,4
7.4.21-c2-s1,7.4.21,602,102,0,7
7.4.21-c3-s1,7.4.21,1409,249,0,2
7.4.21-c3-s2,7.4.21,1960,340,0,2
7.4.21-c3-s3,7.4.21,1287,244,0,2
7.4.21-c3-s4,7.4.21,1082,190,0,2
7.4.21-c3-s5,7.4.21,1914,320,0,2
7.4.21.1-c1-s1,7.4.21.1,1697,286,0,5
7.4.21.1-c2-s1,7.4.21.1,782,121,0,7
7.4.21.1-c3-s1,7.4.21.1,770,119,0,9
7.4.21.1-c4-s1,7.4.21.1,1096,174,0,15
7.4.21.1-c5-s1,7.4.21.1,855,140,0,17
7.4.21.1-c6-s1,7.4.21.1,936,161,0,6
7.4.21.1-c7-s1,7.4.21.1,380,61,0,5
7.4.21.2-c1-s1,7.4.21.2,758,127,0,5
7.4.21.2-c1-s2,7.4.21.2,1387,262,0,5
7.4.22-c1-s1,7.4.22,1085,181,0,2
7.4.22-c2-s1,7.4.22,315,51,0,2
7.4.22-c3-s1,7.4.22,1897,314,0,6
7.4.22-c3-s2,7.4.22,558,90,0,6
7.4.22-c4-s1,7.4.22,531,85,0,4
7.4.22-c5-s1,7.4.22,1902,318,0,11
7.4.22-c5-s2,7.4.22,351,60,0,11
7.4.22-c6-s1,7.4.22,1190,197,0,7
7.4.22-c7-s1,7.4.22,393,65,0,2
7.4.22.1-c1-s1,7.4.22.1,1837,286,25,3
7.4.22.1-c2-s1,7.4.22.1,722,100,0,4
7.4.22.1-c3-s1,7.4.22.1,1603,262,0,9
7.4.22.1-c4-s1,7.4.22.1,673,109,0,6
7.4.22.2-c1-s1,7.4.22.2,1114,181,0,3
7.4.22.3-c1-s1,7.4.22.3,2202,343,25,6
7.4.22.3-c2-s1,7.4.22.3,722,100,0,4
7.4.22.3-c3-s1,7.4.22.3,1603,262,0,9
7.4.22.3-c4-s1,7.4.22.3,570,89,0,5
7.4.22.3-c5-s1,7.4.22.3,628,92,0,12
7.4.22.3-c6-s1,7.4.22.3,949,149,0,6
7.4.22.4-c1-s1,7.4.22.4,2009,327,0,6
7.5.1-c1-s1,7.5.1,651,112,0,2
7.5.1-c2-s1,7.5.1,633,106,186,7
7.5.1-c2-s2,7.5.1,1302,238,186,7
7.5.1-c2-s3,7.5.1,1226,208,186,7
7.5.1-c2-s4,7.5.1,1985,349,186,7
7.5.1-c2-s5,7.5.1,2045,350,186,7
7.5.1-c2-s6,7.5.1,1259,212,186,7
7.5.1-c2-s7,7.5.1,1608,277,186,7
7.5.1-c2-s8,7.5.1,939,154,186,7
7.5.1-c3-s1,7.5.1,1602,283,0,5
7.5.1-c3-s2,7.5.1,1697,302,0,5
7.5.1-c3-s3,7.5.1,1657,297,0,5
7.5.1-c4-s1,7.5.1,1564,275,44,2
7.5.1-c4-s2,7.5.1,1339,256,44,2
7.5.1-c4-s3,7.5.1,1757,307,44,2
7.5.1-c5-s1,7.5.1,531,92,0,6
7.5.1.1-c1-s1,7.5.1.1,586,97,0,4
7.5.1.1-c2-s1,7.5.1.1,815,121,0,7
7.5.1.1-c3-s1,7.5.1.1,636,100,0,5
7.5.1.1-c4-s1,7.5.1.1,591,97,0,2
7.5.1.1-c5-s1,7.5.1.1,506,81,0,2
7.5.1.2-c1-s1,7.5.1.2,482,76,0,4
7.5.1.2-c2-s1,7.5.1.2,2289,345,87,7
7.5.1.2-c2-s2,7.5.1.2,2281,360,87,7
7.5.1.2-c2-s3,7.5.1.2,2250,361,87,7
7.5.1.2-c3-s1,7.5.1.2,2397,390,0,5
7.5.1.2-c3-s2,7.5.1.2,2355,380,0,5
7.5.1.2-c3-s3,7.5.1.2,1698,278,0,5
7.5.1.2-c4-s1,7.5.1.2,2339,395,0,2
7.5.1.2-c4-s2,7.5.1.2,2290,371,0,2
7.5.1.2-c4-s3,7.5.1.2,1565,266,0,2
7.5.1.2-c5-s1,7.5.1.2,506,81,0,2
7.5.1.3-c1-s1,7.5.1.3,1427,229,0,3
7.5.2-c1-s1,7.5.2,586,109,0,2
7.5.2-c2-s1,7.5.2,487,78,0,5
7.5.2-c3-s1,7.5.2,1746,331,89,9
7.5.2-c3-s2,7.5.2,2006,380,89,9
7.5.2-c4-s1,7.5.2,1194,214,0,8
7.5.2-c5-s1,7.5.2,818,154,33,2
7.5.2.1-c1-s1,7.5.2.1,734,130,0,4
7.5.2.1-c2-s1,7.5.2.1,985,147,49,4
7.5.2.1-c3-s1,7.5.2.1,590,96,0,2
7.5.2.2-c1-s1,7.5.2.2,959,173,56,4
7.5.2.2-c2-s1,7.5.2.2,2121,333,44,2
7.5.2.2-c3-s1,7.5.2.2,1504,268,5,6
7.5.2.2-c4-s1,7.5.2.2,439,78,0,8
7.5.2.2-c5-s1,7.5.2.2,851,148,0,2
7.5.2.2-c6-s1,7.5.2.2,1136,199,0,2
7.5.2.3-c1-s1,7.5.2.3,1915,346,0,3
7.5.3-c1-s1,7.5.3,331,54,0,3
7.5.3-c2-s1,7.5.3,743,134,0,5
7.5.3-c3-s1,7.5.3,1799,292,43,5
7.5.3-c3-s2,7.5.3,1633,277,43,5
7.5.3-c3-s3,7.5.3,1577,275,43,5
7.5.3-c3-s4,7.5.3,1718,324,43,5
7.5.3-c3-s5,7.5.3,627,120,43,5
7.5.3.1-c1-s1,7.5.3.1,890,151,0,5
7.5.3.1-c2-s1,7.5.3.1,994,149,49,4
7.5.3.1-c3-s1,7.5.3.1,600,98,0,2
7.5.3.2-c1-s1,7.5.3.2,1139,195,56,5
7.5.3.2-c2-s1,7.5.3.2,2121,333,44,2
7.5.3.2-c3-s1,7.5.3.2,1498,268,5,6
7.5.3.2-c4-s1,7.5.3.2,439,78,0,8
7.5.3.2-c5-s1,7.5.3.2,2271,358,0,5
7.5.3.2-c5-s2,7.5.3.2,2155,359,0,5
7.5.3.2-c5-s3,7.5.3.2,419,66,0,5
7.5.3.2-c5-s4,7.5.3.2,643,111,0,5
7.5.3.2-c6-s1,7.5.3.2,1281,217,0,2
7.5.3.2-c7-s1,7.5.3.2,1155,194,0,2
7.5.3.2-c8-s1,7.5.3.2,1181,203,0,2
7.5.3.3-c1-s1,7.5.3.3,590,94,0,4
7.5.3.3-c1-s2,7.5.3.3,1969,348,0,4
7.5.3.3-c1-s3,7.5.3.3,417,80,0,4
7.5.4-c1-s1,7.5.4,596,107,0,2
7.5.4-c2-s1,7.5.4,1844,310,0,11
7.5.4-c3-s1,7.5.4,1639,300,30,5
7.5.4-c3-s2,7.5.4,1682,298,30,5
7.5.4-c3-s3,7.5.4,2235,392,30,5
7.5.4-c3-s4,7.5.4,1470,283,30,5
7.5.4-c4-s1,7.5.4,2100,363,60,7
7.5.4-c4-s2,7.5.4,2088,366,60,7
7.5.4-c4-s3,7.5.4,1917,326,60,7
7.5.4-c4-s4,7.5.4,573,101,60,7
7.5.4.1-c1-s1,7.5.4.1,716,113,25,4
7.5.4.1-c2-s1,7.5.4.1,1006,150,49,4
7.5.4.1-c3-s1,7.5.4.1,592,96,0,2
7.5.4.2-c1-s1,7.5.4.2,587,93,56,3
7.5.4.2-c2-s1,7.5.4.2,1287,223,0,11
7.5.4.2-c3-s1,7.5.4.2,2426,393,0,7
7.5.4.2-c3-s2,7.5.4.2,2018,346,0,7
7.5.4.2-c3-s3,7.5.4.2,460,83,0,7
7.5.4.2-c4-s1,7.5.4.2,2254,361,103,8
7.5.4.2-c4-s2,7.5.4.2,2376,380,103,8
7.5.4.2-c5-s1,7.5.4.2,824,141,0,2
7.5.4.3-c1-s1,7.5.4.3,523,80,0,3
7.5.4.3-c1-s2,7.5.4.3,1983,362,0,3
7.5.4.3-c1-s3,7.5.4.3,728,145,0,3
7.5.5-c1-s1,7.5.5,1993,331,43,3
7.5.5-c1-s2,7.5.5,1966,324,43,3
7.5.5-c1-s3,7.5.5,1258,210,43,3
7.5.5-c1-s4,7.5.5,1574,273,43,3
7.5.5-c1-s5,7.5.5,1406,270,43,3
7.5.5-c1-s6,7.5.5,1992,363,43,3
7.5.5-c1-s7,7.5.5,294,54,43,3
7.5.5-c2-s1,7.5.5,1356,238,0,8
7.5.5-c2-s2,7.5.5,1435,263,0,8
7.5.5-c3-s1,7.5.5,1480,256,26,6
7.5.5.1-c1-s1,7.5.5.1,1106,168,25,7
7.5.5.1-c2-s1,7.5.5.1,1030,153,49,4
7.5.5.1-c3-s1,7.5.5.1,607,98,0,2
7.5.5.2-c1-s1,7.5.5.2,972,147,56,6
7.5.5.2-c2-s1,7.5.5.2,1284,223,0,11
7.5.5.2-c3-s1,7.5.5.2,2418,393,0,7
7.5.5.2-c3-s2,7.5.5.2,2016,346,0,7
7.5.5.2-c3-s3,7.5.5.2,471,84,0,7
7.5.5.2-c4-s1,7.5.5.2,2251,361,103,8
7.5.5.2-c4-s2,7.5.5.2,2251,362,103,8
7.5.5.2-c5-s1,7.5.5.2,2426,384,0,5
7.5.5.2-c5-s2,7.5.5.2,2304,371,0,5
7.5.5.2-c5-s3,7.5.5.2,82,13,0,5
7.5.5.2-c5-s4,7.5.5.2,646,111,0,5
7.5.5.2-c6-s1,7.5.5.2,1272,208,0,2
7.5.5.2-c7-s1,7.5.5.2,1176,192,0,2
7.5.5.3-c1-s1,7.5.5.3,715,105,0,6
7.5.5.3-c1-s2,7.5.5.3,2036,364,0,6
7.5.5.3-c1-s3,7.5.5.3,1826,320,0,6
7.5.5.4-c1-s1,7.5.5.4,1174,194,25,8
7.5.5.4-c2-s1,7.5.5.4,988,148,49,4
7.5.5.4-c3-s1,7.5.5.4,603,98,0,2
7.5.5.5-c1-s1,7.5.5.5,1250,202,56,7
7.5.5.5-c2-s1,7.5.5.5,1287,223,0,11
7.5.5.5-c3-s1,7.5.5.5,2426,393,0,7
7.5.5.5-c3-s2,7.5.5.5,2034,346,0,7
7.5.5.5-c3-s3,7.5.5.5,471,84,0,7
7.5.5.5-c4-s1,7.5.5.5,2254,361,103,8
7.5.5.5-c4-s2,7.5.5.5,2256,363,103,8
7.5.5.5-c5-s1,7.5.5.5,242,36,0,5
7.5.5.5-c6-s1,7.5.5.5,705,121,0,5
7.5.5.5-c7-s1,7.5.5.5,1077,190,0,2
7.5.5.5-c8-s1,7.5.5.5,1237,211,0,2
7.5.5.6-c1-s1,7.5.5.6,778,128,0,7
7.5.5.6-c1-s2,7.5.5.6,2036,364,0,7
7.5.5.6-c1-s3,7.5.5.6,1751,331,0,7
7.5.5.7-c1-s1,7.5.5.7,1179,180,56,6
7.5.5.7-c2-s1,7.5.5.7,1285,223,0,11
7.5.5.7-c3-s1,7.5.5.7,2418,393,0,7
7.5.5.7-c3-s2,7.5.5.7,2020,346,0,7
7.5.5.7-c3-s3,7.5.5.7,471,84,0,7
7.5.5.7-c4-s1,7.5.5.7,2252,361,103,8
7.5.5.7-c4-s2,7.5.5.7,2251,362,103,8
7.5.5.7-c5-s1,7.5.5.7,2325,373,33,7
7.5.5.7-c5-s2,7.5.5.7,2391,394,33,7
7.5.5.7-c5-s3,7.5.5.7,1772,281,33,7
7.5.5.7-c5-s4,7.5.5.7,200,39,33,7
7.5.5.7-c5-s5,7.5.5.7,2340,402,33,7
7.5.5.7-c6-s1,7.5.5.7,1212,202,0,2
7.5.5.7-c7-s1,7.5.5.7,1119,188,0,2
7.5.5.8-c1-s1,7.5.5.8,513,81,0,6
7.5.5.8-c1-s2,7.5.5.8,2042,364,0,6
7.5.5.8-c1-s3,7.5.5.8,1923,331,0,6
7.5.5.8-c1-s4,7.5.5.8,1049,195,0,6
7.5.6-c1-s1,7.5.6,1233,213,0,3
7.5.6-c1-s2,7.5.6,2056,337,0,3
7.5.6-c1-s3,7.5.6,2009,346,0,3
7.5.6-c1-s4,7.5.6,784,134,0,3
7.5.6-c1-s5,7.5.6,504,88,0,3
7.5.6-c1-s6,7.5.6,1425,274,0,3
7.5.6-c1-s7,7.5.6,1987,362,0,3
7.5.6-c1-s8,7.5.6,286,54,0,3
7.5.6-c2-s1,7.5.6,1620,285,0,8
7.5.6-c3-s1,7.5.6,916,157,26,6
7.5.6.1-c1-s1,7.5.6.1,820,128,56,6
7.5.6.1-c2-s1,7.5.6.1,1042,187,0,11
7.5.6.1-c3-s1,7.5.6.1,2357,393,0,7
7.5.6.1-c3-s2,7.5.6.1,1986,347,0,7
7.5.6.1-c3-s3,7.5.6.1,347,64,0,7
7.5.6.1-c4-s1,7.5.6.1,2128,348,103,8
7.5.6.1-c4-s2,7.5.6.1,2248,365,103,8
7.5.6.1-c5-s1,7.5.6.1,1352,225,85,4
7.5.6.1-c6-s1,7.5.6.1,2279,360,0,5
7.5.6.1-c6-s2,7.5.6.1,2262,372,0,5
7.5.6.1-c6-s3,7.5.6.1,227,33,0,5
7.5.6.1-c6-s4,7.5.6.1,661,114,0,5
7.5.6.1-c7-s1,7.5.6.1,1338,228,0,2
7.5.6.2-c1-s1,7.5.6.2,503,70,0,6
7.5.6.2-c1-s2,7.5.6.2,1772,308,0,6
7.5.6.2-c1-s3,7.5.6.2,819,132,0,6
7.5.6.3-c1-s1,7.5.6.3,739,126,56,6
7.5.6.3-c2-s1,7.5.6.3,1042,187,0,11
7.5.6.3-c3-s1,7.5.6.3,2357,393,0,7
7.5.6.3-c3-s2,7.5.6.3,1986,347,0,7
7.5.6.3-c3-s3,7.5.6.3,347,64,0,7
7.5.6.3-c4-s1,7.5.6.3,2139,349,103,8
7.5.6.3-c4-s2,7.5.6.3,2247,365,103,8
7.5.6.3-c5-s1,7.5.6.3,1350,225,85,4
7.5.6.3-c6-s1,7.5.6.3,259,45,0,5
7.5.6.3-c7-s1,7.5.6.3,982,177,0,2
7.5.6.4-c1-s1,7.5.6.4,431,66,0,6
7.5.6.4-c1-s2,7.5.6.4,1831,329,0,6
7.5.6.4-c1-s3,7.5.6.4,195,38,0,6
7.5.7-c1-s1,7.5.7,1938,338,0,4
7.5.7-c1-s2,7.5.7,1362,229,0,4
7.5.7.1-c1-s1,7.5.7.1,1055,175,56,5
7.5.7.1-c2-s1,7.5.7.1,1053,188,0,11
7.5.7.1-c3-s1,7.5.7.1,2357,393,0,7
7.5.7.1-c3-s2,7.5.7.1,1986,347,0,7
7.5.7.1-c3-s3,7.5.7.1,347,64,0,7
7.5.7.1-c4-s1,7.5.7.1,2148,348,103,8
7.5.7.1-c4-s2,7.5.7.1,2249,365,103,8
7.5.7.1-c5-s1,7.5.7.1,1372,229,86,4
7.5.7.1-c6-s1,7.5.7.1,2280,360,0,5
7.5.7.1-c6-s2,7.5.7.1,2262,372,0,5
7.5.7.1-c6-s3,7.5.7.1,227,33,0,5
7.5.7.1-c6-s4,7.5.7.1,658,113,0,5
7.5.7.1-c7-s1,7.5.7.1,710,125,0,6
7.5.7.1-c8-s1,7.5.7.1,261,45,0,5
7.5.7.1-c9-s1,7.5.7.1,1306,228,0,2
7.5.7.2-c1-s1,7.5.7.2,686,103,0,5
7.5.7.2-c1-s2,7.5.7.2,1878,314,0,5
7.5.7.2-c1-s3,7.5.7.2,1415,240,0,5
7.5.8-c1-s1,7.5.8,1285,234,0,2
7.5.8.1-c1-s1,7.5.8.1,1041,185,56,3
7.5.8.1-c2-s1,7.5.8.1,2126,338,80,2
7.5.8.1-c3-s1,7.5.8.1,1502,268,5,6
7.5.8.1-c4-s1,7.5.8.1,440,80,0,8
7.5.8.1-c5-s1,7.5.8.1,905,160,0,2
7.5.9-c1-s1,7.5.9,1523,240,0,3
7.5.9-c1-s2,7.5.9,949,161,0,3
7.5.9.1-c1-s1,7.5.9.1,1589,267,80,4
7.5.9.1-c2-s1,7.5.9.1,2130,338,80,2
7.5.9.1-c3-s1,7.5.9.1,1502,268,5,6
7.5.9.1-c4-s1,7.5.9.1,440,80,0,8
7.5.9.1-c5-s1,7.5.9.1,2171,329,32,3
7.5.9.1-c5-s2,7.5.9.1,2135,348,32,3
7.5.9.1-c5-s3,7.5.9.1,835,140,32,3
7.5.9.1-c5-s4,7.5.9.1,2393,388,32,3
7.5.9.1-c6-s1,7.5.9.1,1125,186,0,2
7.5.9.2-c1-s1,7.5.9.2,670,111,0,4
7.5.9.2-c1-s2,7.5.9.2,1774,318,0,4
7.5.9.2-c1-s3,7.5.9.2,1931,294,0,4
7.5.10-c1-s1,7.5.10,536,98,0,4
7.5.10-c2-s1,7.5.10,1337,230,105,4
7.5.10-c2-s2,7.5.10,1863,334,105,4
7.5.10-c2-s3,7.5.10,1436,248,105,4
7.5.10-c2-s4,7.5.10,1206,209,105,4
7.5.10-c2-s5,7.5.10,921,160,105,4
7.5.10-c3-s1,7.5.10,1634,293,31,3
7.5.10-c3-s2,7.5.10,1877,342,31,3
7.5.10-c3-s3,7.5.10,115,19,31,3
7.5.10-c3-s4,7.5.10,940,166,31,3
7.5.10-c4-s1,7.5.10,49,9,0,9
7.5.10-c4-s2,7.5.10,1689,321,0,9
7.5.10-c4-s3,7.5.10,1361,245,0,9
7.5.10-c5-s1,7.5.10,650,114,0,2
7.5.10-c6-s1,7.5.10,268,46,0,5
7.5.10-c7-s1,7.5.10,1886,333,0,4
7.5.10-c7-s2,7.5.10,583,107,0,4
7.5.10.1-c1-s1,7.5.10.1,678,115,0,5
7.5.10.1-c2-s1,7.5.10.1,652,109,30,4
7.5.10.1-c3-s1,7.5.10.1,504,82,39,5
7.5.10.1-c4-s1,7.5.10.1,1106,193,0,4
7.5.10.1-c5-s1,7.5.10.1,499,86,26,2
7.5.10.1-c6-s1,7.5.10.1,550,92,0,2
7.5.10.1-c7-s1,7.5.10.1,1816,318,0,10
7.5.10.2-c1-s1,7.5.10.2,755,126,0,8
7.5.10.2-c2-s1,7.5.10.2,1845,300,0,4
7.5.10.2-c3-s1,7.5.10.2,329,55,39,5
7.5.10.2-c4-s1,7.5.10.2,1148,199,0,4
7.5.10.2-c5-s1,7.5.10.2,499,86,26,2
7.5.10.2-c6-s1,7.5.10.2,550,92,0,2
7.5.10.2-c7-s1,7.5.10.2,1816,318,0,10
7.5.10.3-c1-s1,7.5.10.3,1400,254,0,5
7.5.11-c1-s1,7.5.11,1443,247,0,3
7.5.11-c2-s1,7.5.11,320,57,0,7
7.5.11-c3-s1,7.5.11,1001,183,0,5
7.5.11-c4-s1,7.5.11,414,64,26,2
7.5.11-c4-s2,7.5.11,1561,304,26,2
7.5.11-c4-s3,7.5.11,350,57,26,2
7.5.11-c4-s4,7.5.11,1657,286,26,2
7.5.11-c4-s5,7.5.11,798,135,26,2
7.5.11-c4-s6,7.5.11,1619,280,26,2
7.5.11-c4-s7,7.5.11,977,165,26,2
7.5.11-c4-s8,7.5.11,1019,176,26,2
7.5.11-c5-s1,7.5.11,1830,321,36,6
7.5.11-c5-s2,7.5.11,998,179,36,6
7.5.11-c6-s1,7.5.11,388,70,0,9
7.5.11-c7-s1,7.5.11,1722,304,0,5
7.5.11-c7-s2,7.5.11,2159,355,0,5
7.5.11-c7-s3,7.5.11,1416,246,0,5
7.5.11-c7-s4,7.5.11,1854,301,0,5
7.5.11.1-c1-s1,7.5.11.1,2368,372,78,4
7.5.11.1-c1-s2,7.5.11.1,2456,405,78,4
7.5.11.1-c1-s3,7.5.11.1,1053,183,78,4
7.5.12-c1-s1,7.5.12,1163,205,23,5
7.5.12-c2-s1,7.5.12,1033,172,0,6
7.5.12-c2-s2,7.5.12,1346,245,0,6
7.5.12-c2-s3,7.5.12,1627,275,0,6
7.5.12-c3-s1,7.5.12,1599,292,0,5
7.5.12-c3-s2,7.5.12,1609,287,0,5
7.5.12-c3-s3,7.5.12,826,149,0,5
7.5.12-c4-s1,7.5.12,1779,321,157,2
7.5.12-c4-s2,7.5.12,684,131,157,2
7.5.12-c4-s3,7.5.12,2049,371,157,2
7.5.12-c4-s4,7.5.12,1916,339,157,2
7.5.12-c4-s5,7.5.12,219,38,157,2
7.5.12-c4-s6,7.5.12,1754,318,157,2
7.5.12-c4-s7,7.5.12,1522,272,157,2
7.5.12-c4-s8,7.5.12,1350,244,157,2
7.5.12-c4-s9,7.5.12,1695,322,157,2
7.5.12-c5-s1,7.5.12,13,2,137,2
7.5.12-c5-s2,7.5.12,1577,287,137,2
7.5.12-c5-s3,7.5.12,562,105,137,2
7.5.12-c5-s4,7.5.12,1746,328,137,2
7.5.12-c5-s5,7.5.12,1116,200,137,2
7.5.12-c5-s6,7.5.12,1921,347,137,2
7.5.12-c5-s7,7.5.12,316,56,137,2
7.5.12-c6-s1,7.5.12,702,122,0,6
7.5.12-c7-s1,7.5.12,889,154,0,3
7.5.12.1-c1-s1,7.5.12.1,596,92,61,6
7.5.12.1-c2-s1,7.5.12.1,420,64,0,6
7.5.12.1-c2-s2,7.5.12.1,2458,381,0,6
7.5.12.1-c2-s3,7.5.12.1,1180,189,0,6
7.5.12.1-c3-s1,7.5.12.1,2372,389,0,5
7.5.12.1-c3-s2,7.5.12.1,2188,350,0,5
7.5.12.1-c3-s3,7.5.12.1,853,141,0,5
7.5.12.1-c4-s1,7.5.12.1,609,96,135,2
7.5.12.1-c4-s2,7.5.12.1,2450,399,135,2
7.5.12.1-c4-s3,7.5.12.1,2308,374,135,2
7.5.12.1-c4-s4,7.5.12.1,1272,215,135,2
7.5.12.1-c5-s1,7.5.12.1,2217,384,0,2
7.5.12.1-c5-s2,7.5.12.1,460,83,0,2
7.5.12.1-c6-s1,7.5.12.1,896,142,0,2
7.5.12.2-c1-s1,7.5.12.2,410,58,0,6
7.5.12.2-c1-s2,7.5.12.2,2181,362,0,6
7.5.13-c1-s1,7.5.13,1306,217,0,7
7.5.13-c2-s1,7.5.13,1178,192,36,5
7.5.13-c2-s2,7.5.13,1765,311,36,5
7.5.13-c2-s3,7.5.13,1051,193,36,5
7.5.13-c3-s1,7.5.13,605,107,0,2
7.5.13-c4-s1,7.5.13,561,86,0,2
7.5.13-c5-s1,7.5.13,718,123,0,6
7.5.13-c6-s1,7.5.13,905,155,0,3
7.5.13.1-c1-s1,7.5.13.1,537,80,61,8
7.5.13.1-c2-s1,7.5.13.1,1567,234,0,5
7.5.13.1-c3-s1,7.5.13.1,632,98,135,2
7.5.13.1-c3-s2,7.5.13.1,2450,399,135,2
7.5.13.1-c3-s3,7.5.13.1,2323,376,135,2
7.5.13.1-c3-s4,7.5.13.1,1311,214,135,2
7.5.13.1-c4-s1,7.5.13.1,2165,357,0,2
7.5.13.1-c4-s2,7.5.13.1,696,128,0,2
7.5.13.1-c5-s1,7.5.13.1,897,143,0,2
7.5.13.2-c1-s1,7.5.13.2,2189,348,0,8
7.5.14-c1-s1,7.5.14,823,140,76,7
7.5.14-c2-s1,7.5.14,1363,241,144,2
7.5.14-c2-s2,7.5.14,1602,302,144,2
7.5.14-c2-s3,7.5.14,1402,238,144,2
7.5.14-c2-s4,7.5.14,1719,342,144,2
7.5.14-c2-s5,7.5.14,1886,338,144,2
7.5.14-c2-s6,7.5.14,1634,286,144,2
7.5.14-c2-s7,7.5.14,830,155,144,2
7.5.14-c3-s1,7.5.14,743,127,0,7
7.5.14-c4-s1,7.5.14,1961,339,144,2
7.5.14-c4-s2,7.5.14,1747,319,144,2
7.5.14-c4-s3,7.5.14,1439,247,144,2
7.5.14-c4-s4,7.5.14,2008,356,144,2
7.5.14-c4-s5,7.5.14,2165,385,144,2
7.5.14-c4-s6,7.5.14,378,71,144,2
7.5.14-c5-s1,7.5.14,700,130,0,6
7.5.14.1-c1-s1,7.5.14.1,1003,172,84,5
7.5.14.1-c2-s1,7.5.14.1,723,120,46,6
7.5.14.1-c3-s1,7.5.14.1,1432,285,0,5
7.5.14.1-c3-s2,7.5.14.1,841,141,0,5
7.5.14.1-c4-s1,7.5.14.1,475,81,0,8
7.5.14.1-c5-s1,7.5.14.1,1090,179,0,9
7.5.14.1-c6-s1,7.5.14.1,1056,162,44,9
7.5.14.1-c6-s2,7.5.14.1,1746,294,44,9
7.5.14.1-c7-s1,7.5.14.1,843,139,0,2
7.5.14.2-c1-s1,7.5.14.2,2131,356,0,6
7.5.14.3-c1-s1,7.5.14.3,2191,382,0,6
7.5.14.4-c1-s1,7.5.14.4,985,171,81,5
7.5.14.4-c2-s1,7.5.14.4,470,72,46,6
7.5.14.4-c3-s1,7.5.14.4,1924,364,0,5
7.5.14.4-c4-s1,7.5.14.4,472,81,0,8
7.5.14.4-c5-s1,7.5.14.4,969,156,0,9
7.5.14.4-c6-s1,7.5.14.4,1066,162,44,9
7.5.14.4-c6-s2,7.5.14.4,2016,338,44,9
7.5.14.4-c7-s1,7.5.14.4,798,135,0,2
7.5.14.5-c1-s1,7.5.14.5,2011,341,0,6
7.5.14.6-c1-s1,7.5.14.6,2152,378,0,6
7.5.15-c1-s1,7.5.15,433,77,0,2
7.5.15-c2-s1,7.5.15,18,4,115,4
7.5.15-c2-s2,7.5.15,1274,250,115,4
7.5.15-c2-s3,7.5.15,1053,184,115,4
7.5.15-c3-s1,7.5.15,1704,310,0,13
7.5.15-c4-s1,7.5.15,35,7,44,7
7.5.15-c4-s2,7.5.15,1569,286,44,7
7.5.15-c4-s3,7.5.15,1104,210,44,7
7.5.15-c4-s4,7.5.15,1175,231,44,7
7.5.15-c5-s1,7.5.15,29,5,0,5
7.5.15-c5-s2,7.5.15,1839,332,0,5
7.5.15-c5-s3,7.5.15,726,138,0,5
7.5.15-c6-s1,7.5.15,426,72,0,2
7.5.15.1-c1-s1,7.5.15.1,601,96,55,3
7.5.15.1-c2-s1,7.5.15.1,416,70,0,6
7.5.15.1-c3-s1,7.5.15.1,307,47,0,9
7.5.15.1-c4-s1,7.5.15.1,1926,316,0,7
7.5.15.1-c4-s2,7.5.15.1,622,95,0,7
7.5.15.1-c5-s1,7.5.15.1,1469,250,0,5
7.5.15.1-c6-s1,7.5.15.1,697,115,0,11
7.5.15.1-c7-s1,7.5.15.1,661,110,0,2
7.5.15.2-c1-s1,7.5.15.2,1973,343,0,3
7.5.16-c1-s1,7.5.16,533,88,0,3
7.5.16-c2-s1,7.5.16,291,49,0,2
7.5.16-c3-s1,7.5.16,1053,177,108,5
7.5.16-c3-s2,7.5.16,2085,353,108,5
7.5.16-c3-s3,7.5.16,1626,297,108,5
7.5.16-c3-s4,7.5.16,1846,332,108,5
7.5.16-c4-s1,7.5.16,1221,214,0,5
7.5.16-c4-s2,7.5.16,848,149,0,5
7.5.16-c5-s1,7.5.16,1445,272,0,7
7.5.16-c6-s1,7.5.16,1826,327,50,4
7.5.16-c6-s2,7.5.16,1297,224,50,4
7.5.16-c6-s3,7.5.16,1987,356,50,4
7.5.16-c6-s4,7.5.16,280,48,50,4
7.5.16-c6-s5,7.5.16,1275,218,50,4
7.5.16-c6-s6,7.5.16,1183,219,50,4
7.5.16.1-c1-s1,7.5.16.1,1523,237,121,4
7.5.16.1-c2-s1,7.5.16.1,362,49,25,5
7.5.16.1-c3-s1,7.5.16.1,1413,232,0,7
7.5.16.1-c4-s1,7.5.16.1,889,140,0,4
7.5.16.1-c5-s1,7.5.16.1,689,111,0,2
7.5.16.2-c1-s1,7.5.16.2,1595,271,0,4
7.5.17-c1-s1,7.5.17,581,95,0,7
7.5.17-c2-s1,7.5.17,1091,177,0,2
7.5.17-c3-s1,7.5.17,1309,242,0,8
7.5.17-c3-s2,7.5.17,1210,225,0,8
7.5.17-c4-s1,7.5.17,233,38,0,3
7.5.17.1-c1-s1,7.5.17.1,1778,279,121,8
7.5.17.1-c2-s1,7.5.17.1,1414,232,0,7
7.5.17.1-c3-s1,7.5.17.1,2255,395,0,4
7.5.17.1-c4-s1,7.5.17.1,889,140,0,4
7.5.17.1-c5-s1,7.5.17.1,924,151,0,2
7.5.17.2-c1-s1,7.5.17.2,2099,355,0,8
7.5.17.2-c1-s2,7.5.17.2,110,20,0,8
7.5.18-c1-s1,7.5.18,559,93,0,8
7.5.18-c2-s1,7.5.18,920,157,0,2
7.5.18-c3-s1,7.5.18,238,36,0,5
7.5.18-c4-s1,7.5.18,1324,230,0,2
7.5.18-c5-s1,7.5.18,872,157,0,4
7.5.18-c6-s1,7.5.18,211,36,0,3
7.5.18.1-c1-s1,7.5.18.1,1388,223,121,9
7.5.18.1-c2-s1,7.5.18.1,1186,178,0,2
7.5.18.1-c3-s1,7.5.18.1,392,57,0,4
7.5.18.1-c4-s1,7.5.18.1,557,96,0,2
7.5.18.2-c1-s1,7.5.18.2,984,176,0,9
7.5.19-c1-s1,7.5.19,627,104,0,2
7.5.19-c2-s1,7.5.19,745,129,89,2
7.5.19-c3-s1,7.5.19,525,94,0,8
7.5.19.1-c1-s1,7.5.19.1,1885,304,121,3
7.5.19.1-c2-s1,7.5.19.1,362,49,25,5
7.5.19.1-c3-s1,7.5.19.1,1461,244,0,9
7.5.19.1-c4-s1,7.5.19.1,891,140,0,4
7.5.19.1-c5-s1,7.5.19.1,696,116,0,2
7.5.19.2-c1-s1,7.5.19.2,1567,273,0,3
7.5.20-c1-s1,7.5.20,641,106,0,4
7.5.20-c2-s1,7.5.20,1309,227,89,2
7.5.20.1-c1-s1,7.5.20.1,2090,338,121,5
7.5.20.1-c2-s1,7.5.20.1,362,49,25,5
7.5.20.1-c3-s1,7.5.20.1,1461,244,0,9
7.5.20.1-c4-s1,7.5.20.1,300,47,20,8
7.5.20.1-c5-s1,7.5.20.1,890,140,0,4
7.5.20.1-c6-s1,7.5.20.1,771,128,0,2
7.5.20.2-c1-s1,7.5.20.2,1862,323,0,5
7.5.21-c1-s1,7.5.21,569,92,0,7
7.5.21-c2-s1,7.5.21,792,135,0,2
7.5.21-c3-s1,7.5.21,934,155,0,8
7.5.21.1-c1-s1,7.5.21.1,1170,196,55,8
7.5.21.1-c2-s1,7.5.21.1,829,132,0,7
7.5.21.1-c3-s1,7.5.21.1,1363,225,37,7
7.5.21.1-c4-s1,7.5.21.1,605,100,0,2
7.5.21.2-c1-s1,7.5.21.2,1652,282,0,8
7.5.22-c1-s1,7.5.22,1929,318,0,7
7.5.22-c1-s2,7.5.22,1550,270,0,7
7.5.22-c1-s3,7.5.22,2000,332,0,7
7.5.22-c1-s4,7.5.22,939,164,0,7
7.5.22-c1-s5,7.5.22,1600,265,0,7
7.5.22-c2-s1,7.5.22,2092,360,0,7
7.5.22-c2-s2,7.5.22,651,110,0,7
7.5.22-c2-s3,7.5.22,2191,365,0,7
7.5.22-c3-s1,7.5.22,2094,345,0,3
7.5.22-c3-s2,7.5.22,1741,284,0,3
7.5.22-c3-s3,7.5.22,759,136,0,3
7.5.22-c3-s4,7.5.22,1553,260,0,3
7.5.22-c3-s5,7.5.22,1973,330,0,3
7.5.22-c3-s6,7.5.22,1659,295,0,3
7.5.22-c3-s7,7.5.22,1048,184,0,3
7.5.22-c3-s8,7.5.22,2077,346,0,3
7.5.22-c3-s9,7.5.22,2136,349,0,3
7.5.22-c3-s10,7.5.22,1058,177,0,3
7.5.22.1-c1-s1,7.5.22.1,1437,237,0,10
7.5.22.1-c2-s1,7.5.22.1,1524,258,37,4
7.5.22.1-c3-s1,7.5.22.1,612,104,0,9
7.5.22.1-c4-s1,7.5.22.1,411,66,0,4
7.5.22.1-c5-s1,7.5.22.1,644,113,0,2
7.5.22.3-c1-s1,7.5.22.3,1307,214,0,8
7.5.22.3-c2-s1,7.5.22.3,1525,258,37,4
7.5.22.3-c3-s1,7.5.22.3,568,95,0,2
7.5.22.3-c4-s1,7.5.22.3,498,87,0,2
7.5.22.5-c1-s1,7.5.22.5,1329,218,0,8
7.5.22.5-c2-s1,7.5.22.5,1530,259,37,4
7.5.22.5-c3-s1,7.5.22.5,911,154,0,2
7.5.22.5-c4-s1,7.5.22.5,509,88,0,2
7.5.22.7-c1-s1,7.5.22.7,1332,218,0,8
7.5.22.7-c2-s1,7.5.22.7,1525,258,37,4
7.5.22.7-c3-s1,7.5.22.7,1402,239,0,2
7.5.22.7-c4-s1,7.5.22.7,578,100,0,2
7.5.22.9-c1-s1,7.5.22.9,1379,222,0,9
7.5.22.9-c2-s1,7.5.22.9,1303,227,80,9
7.5.22.9-c3-s1,7.5.22.9,587,95,0,4
7.5.22.9-c4-s1,7.5.22.9,597,99,0,2
7.5.22.11-c1-s1,7.5.22.11,1613,258,0,13
7.5.22.11-c2-s1,7.5.22.11,314,53,0,2
7.5.22.11-c3-s1,7.5.22.11,2487,433,459,8
7.5.22.11-c3-s2,7.5.22.11,2309,354,459,8
7.5.22.11-c3-s3,7.5.22.11,2309,346,459,8
7.5.22.11-c3-s4,7.5.22.11,2013,309,459,8
7.5.22.11-c3-s5,7.5.22.11,2007,313,459,8
7.5.22.11-c4-s1,7.5.22.11,626,96,35,4
7.5.22.11-c5-s1,7.5.22.11,2223,368,64,8
7.5.22.11-c5-s2,7.5.22.11,926,148,64,8
7.5.22.11-c6-s1,7.5.22.11,1911,329,65,8
7.5.22.11-c7-s1,7.5.22.11,1639,263,0,2
7.6.1-c1-s1,7.6.1,1376,232,0,7
7.6.1-c2-s1,7.6.1,863,137,0,4
7.6.1-c3-s1,7.6.1,1871,319,52,4
7.6.1-c3-s2,7.6.1,1260,239,52,4
7.6.1-c3-s3,7.6.1,1911,363,52,4
7.6.1-c3-s4,7.6.1,1457,280,52,4
7.6.1-c3-s5,7.6.1,477,87,52,4
7.6.1-c3-s6,7.6.1,499,88,52,4
7.6.1-c3-s7,7.6.1,1808,325,52,4
7.6.1-c3-s8,7.6.1,2058,373,52,4
7.6.1-c3-s9,7.6.1,1661,302,52,4
7.6.1-c3-s10,7.6.1,2184,398,52,4
7.6.1-c3-s11,7.6.1,1864,343,52,4
7.6.1-c3-s12,7.6.1,2006,375,52,4
7.6.1-c3-s13,7.6.1,954,167,52,4
7.6.1-c4-s1,7.6.1,654,119,0,4
7.6.1-c4-s2,7.6.1,2120,379,0,4
7.6.1-c4-s3,7.6.1,1594,305,0,4
7.6.1-c4-s4,7.6.1,1110,214,0,4
7.6.1-c4-s5,7.6.1,1941,357,0,4
7.6.1-c4-s6,7.6.1,1512,293,0,4
7.6.1-c5-s1,7.6.1,1430,250,291,2
7.6.1-c5-s2,7.6.1,2292,394,291,2
7.6.1-c5-s3,7.6.1,262,46,291,2
7.6.1-c5-s4,7.6.1,23,3,291,2
7.6.1-c5-s5,7.6.1,1786,330,291,2
7.6.1-c5-s6,7.6.1,1433,260,291,2
7.6.1-c5-s7,7.6.1,25,3,291,2
7.6.1-c5-s8,7.6.1,1938,334,291,2
7.6.1-c5-s9,7.6.1,678,123,291,2
7.6.1-c5-s10,7.6.1,49,8,291,2
7.6.1-c5-s11,7.6.1,1892,351,291,2
7.6.1-c5-s12,7.6.1,794,151,291,2
7.6.1-c5-s13,7.6.1,1767,300,291,2
7.6.1-c6-s1,7.6.1,688,127,0,5
7.6.1-c7-s1,7.6.1,636,112,29,8
7.6.1-c7-s2,7.6.1,1863,333,29,8
7.6.1-c7-s3,7.6.1,1710,304,29,8
7.6.1-c8-s1,7.6.1,1061,178,0,4
7.6.1-c9-s1,7.6.1,42,5,48,5
7.6.1-c9-s2,7.6.1,1460,268,48,5
7.6.1-c9-s3,7.6.1,622,112,48,5
7.6.1-c9-s4,7.6.1,28,5,48,5
7.6.1.1-c1-s1,7.6.1.1,1067,167,0,14
7.6.1.1-c1-s2,7.6.1.1,2077,348,0,14
7.6.1.1-c2-s1,7.6.1.1,1787,283,52,7
7.6.1.1-c3-s1,7.6.1.1,2439,373,0,10
7.6.1.1-c3-s2,7.6.1.1,2124,336,0,10
7.6.1.1-c4-s1,7.6.1.1,209,28,0,2
7.6.1.1-c5-s1,7.6.1.1,727,119,0,2
7.6.1.2-c1-s1,7.6.1.2,1432,213,81,8
7.6.1.2-c2-s1,7.6.1.2,2394,387,32,4
7.6.1.2-c2-s2,7.6.1.2,2011,333,32,4
7.6.1.2-c2-s3,7.6.1.2,2184,376,32,4
7.6.1.2-c2-s4,7.6.1.2,302,55,32,4
7.6.1.2-c3-s1,7.6.1.2,301,45,0,6
7.6.1.2-c4-s1,7.6.1.2,268,40,0,6
7.6.1.2-c5-s1,7.6.1.2,164,27,0,5
7.6.1.2-c6-s1,7.6.1.2,203,28,0,2
7.6.1.2-c7-s1,7.6.1.2,1114,178,0,2
7.6.1.3-c1-s1,7.6.1.3,1868,274,0,11
7.6.1.4-c1-s1,7.6.1.4,1306,202,0,8
7.6.1.5-c1-s1,7.6.1.5,611,86,0,13
7.6.1.5-c1-s2,7.6.1.5,1645,249,0,13
7.6.1.6-c1-s1,7.6.1.6,2187,345,0,12
7.6.1.6-c1-s2,7.6.1.6,406,69,0,12
7.6.1.7-c1-s1,7.6.1.7,1484,249,0,9
7.6.1.8-c1-s1,7.6.1.8,611,90,0,14
7.6.1.8-c1-s2,7.6.1.8,1829,300,0,14
7.6.1.9-c1-s1,7.6.1.9,2141,340,0,10
7.6.1.10-c1-s1,7.6.1.10,1573,265,0,9
7.6.1.11-c1-s1,7.6.1.11,615,88,0,14
7.6.1.11-c1-s2,7.6.1.11,1911,316,0,14
7.6.1.12-c1-s1,7.6.1.12,1943,328,0,10
7.6.1.12-c1-s2,7.6.1.12,1259,226,0,10
7.6.1.12-c2-s1,7.6.1.12,1167,209,0,4
7.6.1.13-c1-s1,7.6.1.13,1666,291,0,7
7.6.1.14-c1-s1,7.6.1.14,674,99,0,12
7.6.1.14-c1-s2,7.6.1.14,1817,313,0,12
7.6.1.14-c1-s3,7.6.1.14,318,52,0,12
7.6.1.15-c1-s1,7.6.1.15,2361,392,19,10
7.6.1.15-c1-s2,7.6.1.15,1724,296,19,10
7.6.1.16-c1-s1,7.6.1.16,1943,319,0,8
7.6.1.17-c1-s1,7.6.1.17,2297,379,84,8
7.6.1.17-c1-s2,7.6.1.17,2297,363,84,8
7.6.1.17-c1-s3,7.6.1.17,2534,410,84,8
7.6.1.17-c1-s4,7.6.1.17,1868,296,84,8
7.6.1.18-c1-s1,7.6.1.18,2321,394,32,7
7.6.1.18-c1-s2,7.6.1.18,2129,354,32,7
7.6.1.18-c1-s3,7.6.1.18,770,137,32,7
7.6.1.19-c1-s1,7.6.1.19,1644,279,0,9
7.6.1.20-c1-s1,7.6.1.20,1898,330,0,11
7.6.1.21-c1-s1,7.6.1.21,1459,235,44,6
7.6.2-c1-s1,7.6.2,463,71,0,5
7.6.2-c2-s1,7.6.2,717,109,0,2
7.6.2-c3-s1,7.6.2,16,2,0,2
7.6.2-c3-s2,7.6.2,1975,338,0,2
7.6.2-c3-s3,7.6.2,992,162,0,2
7.6.2-c3-s4,7.6.2,957,165,0,2
7.6.2-c4-s1,7.6.2,1728,304,0,3
7.6.2-c4-s2,7.6.2,1071,184,0,3
7.6.2-c5-s1,7.6.2,1134,186,0,2
7.6.2-c5-s2,7.6.2,1783,338,0,2
7.6.2-c5-s3,7.6.2,431,71,0,2
7.6.2-c5-s4,7.6.2,53,8,0,2
7.6.2-c5-s5,7.6.2,1614,280,0,2
7.6.2-c5-s6,7.6.2,1008,185,0,2
7.6.2-c5-s7,7.6.2,1084,199,0,2
7.6.2-c5-s8,7.6.2,1966,350,0,2
7.6.2-c5-s9,7.6.2,1538,293,0,2
7.6.2-c6-s1,7.6.2,2141,365,0,6
7.6.2-c6-s2,7.6.2,365,62,0,6
7.6.2-c7-s1,7.6.2,471,77,48,5
7.6.2.1-c1-s1,7.6.2.1,1078,172,38,6
7.6.2.1-c2-s1,7.6.2.1,1206,199,0,3
7.6.2.1-c3-s1,7.6.2.1,2098,369,0,14
7.6.2.1-c3-s2,7.6.2.1,564,92,0,14
7.6.2.1-c4-s1,7.6.2.1,936,147,44,2
7.6.2.1-c5-s1,7.6.2.1,1276,211,0,2
7.6.2.2-c1-s1,7.6.2.2,1105,185,0,7
7.6.2.3-c1-s1,7.6.2.3,1250,211,0,9
7.6.2.3-c1-s2,7.6.2.3,1108,201,0,9
7.6.2.4-c1-s1,7.6.2.4,1269,198,38,13
7.6.2.4-c2-s1,7.6.2.4,1206,199,0,3
7.6.2.4-c3-s1,7.6.2.4,2022,342,104,6
7.6.2.4-c3-s2,7.6.2.4,2074,329,104,6
7.6.2.4-c3-s3,7.6.2.4,2468,383,104,6
7.6.2.4-c3-s4,7.6.2.4,1166,184,104,6
7.6.2.4-c4-s1,7.6.2.4,2112,371,0,14
7.6.2.4-c4-s2,7.6.2.4,562,92,0,14
7.6.2.4-c5-s1,7.6.2.4,947,149,44,2
7.6.2.4-c6-s1,7.6.2.4,1554,249,0,2
7.6.2.5-c1-s1,7.6.2.5,2138,321,0,14
7.6.2.6-c1-s1,7.6.2.6,623,95,0,16
7.6.2.6-c1-s2,7.6.2.6,2077,321,0,16
7.6.2.6-c1-s3,7.6.2.6,487,87,0,16
7.6.3-c1-s1,7.6.3,732,128,0,7
7.6.3-c2-s1,7.6.3,2070,373,0,4
7.6.3-c3-s1,7.6.3,1666,299,0,2
7.6.3-c3-s2,7.6.3,960,187,0,2
7.6.3-c3-s3,7.6.3,1443,271,0,2
7.6.3-c3-s4,7.6.3,1163,222,0,2
7.6.3-c3-s5,7.6.3,1284,224,0,2
7.6.3-c3-s6,7.6.3,1844,345,0,2
7.6.3-c3-s7,7.6.3,842,159,0,2
7.6.3-c3-s8,7.6.3,1587,289,0,2
7.6.3-c3-s9,7.6.3,1961,350,0,2
7.6.3-c3-s10,7.6.3,232,45,0,2
7.6.3-c3-s11,7.6.3,2002,368,0,2
7.6.3-c4-s1,7.6.3,1454,262,0,6
7.6.3-c4-s2,7.6.3,527,105,0,6
7.6.3-c4-s3,7.6.3,1508,276,0,6
7.6.3-c5-s1,7.6.3,1064,181,0,4
7.6.3-c6-s1,7.6.3,519,85,0,5
7.6.3-c7-s1,7.6.3,909,162,0,3
7.6.3-c8-s1,7.6.3,1052,183,0,3
7.6.3.1-c1-s1,7.6.3.1,1514,248,0,12
7.6.3.1-c2-s1,7.6.3.1,2223,389,0,2
7.6.3.1-c3-s1,7.6.3.1,2376,425,44,2
7.6.3.1-c3-s2,7.6.3.1,2220,391,44,2
7.6.3.1-c3-s3,7.6.3.1,2387,415,44,2
7.6.3.1-c4-s1,7.6.3.1,1098,185,0,2
7.6.3.2-c1-s1,7.6.3.2,1615,276,0,12
7.6.3.3-c1-s1,7.6.3.3,1469,247,0,12
7.6.3.3-c1-s2,7.6.3.3,1772,315,0,12
7.6.3.4-c1-s1,7.6.3.4,1503,246,0,15
7.6.3.4-c2-s1,7.6.3.4,1053,173,0,2
7.6.3.4-c3-s1,7.6.3.4,2473,420,77,2
7.6.3.4-c3-s2,7.6.3.4,2265,411,77,2
7.6.3.4-c3-s3,7.6.3.4,1537,259,77,2
7.6.3.4-c4-s1,7.6.3.4,1105,187,0,2
7.6.3.5-c1-s1,7.6.3.5,1368,222,0,11
7.6.3.5-c2-s1,7.6.3.5,2281,392,56,2
7.6.3.5-c2-s2,7.6.3.5,2434,410,56,2
7.6.3.5-c2-s3,7.6.3.5,993,173,56,2
7.6.3.5-c3-s1,7.6.3.5,991,162,44,4
7.6.3.5-c4-s1,7.6.3.5,909,155,0,2
7.6.3.6-c1-s1,7.6.3.6,1603,273,0,11
7.7.1-c1-s1,7.7.1,647,111,0,7
7.7.1-c2-s1,7.7.1,1821,303,19,4
7.7.1-c3-s1,7.7.1,1024,183,10,6
7.7.1-c3-s2,7.7.1,1660,276,10,6
7.7.1-c4-s1,7.7.1,375,66,0,6
7.7.1-c4-s2,7.7.1,1999,335,0,6
7.7.1-c5-s1,7.7.1,296,55,0,2
7.7.1-c6-s1,7.7.1,450,83,0,7
7.7.1-c7-s1,7.7.1,560,102,0,7
7.7.1-c7-s2,7.7.1,1998,345,0,7
7.7.1-c7-s3,7.7.1,243,41,0,7
7.7.1-c7-s4,7.7.1,1701,278,0,7
7.7.1-c7-s5,7.7.1,922,164,0,7
7.7.1-c8-s1,7.7.1,1508,256,0,7
7.7.1-c9-s1,7.7.1,88,15,37,15
7.7.1-c9-s2,7.7.1,1722,296,37,15
7.7.1-c9-s3,7.7.1,1860,316,37,15
7.7.1-c9-s4,7.7.1,1252,213,37,15
7.7.1-c9-s5,7.7.1,1148,204,37,15
7.7.1-c9-s6,7.7.1,1146,201,37,15
7.7.1-c10-s1,7.7.1,28,3,63,3
7.7.1-c10-s2,7.7.1,2098,354,63,3
7.7.1-c10-s3,7.7.1,883,153,63,3
7.7.1-c10-s4,7.7.1,1422,245,63,3
7.7.1-c10-s5,7.7.1,1172,206,63,3
7.7.1-c10-s6,7.7.1,1881,316,63,3
7.7.1-c10-s7,7.7.1,1604,276,63,3
7.7.1-c10-s8,7.7.1,1278,211,63,3
7.7.1-c11-s1,7.7.1,1586,252,0,6
7.7.1-c12-s1,7.7.1,1950,321,17,9
7.7.1-c12-s2,7.7.1,2226,351,17,9
7.7.1-c12-s3,7.7.1,1658,274,17,9
7.7.1-c12-s4,7.7.1,2012,338,17,9
7.7.1-c12-s5,7.7.1,2020,334,17,9
7.7.1-c12-s6,7.7.1,860,153,17,9
7.7.1-c13-s1,7.7.1,1882,323,0,3
7.7.1-c13-s2,7.7.1,1024,177,0,3
7.7.1-c13-s3,7.7.1,1642,289,0,3
7.7.1-c13-s4,7.7.1,2269,387,0,3
7.7.1-c13-s5,7.7.1,1009,169,0,3
7.7.1-c14-s1,7.7.1,34,5,58,5
7.7.1-c14-s2,7.7.1,1966,334,58,5
7.7.1-c14-s3,7.7.1,657,106,58,5
7.7.1-c15-s1,7.7.1,583,106,0,7
7.7.1-c16-s1,7.7.1,570,100,0,3
7.7.1.1-c1-s1,7.7.1.1,1802,291,59,6
7.7.1.1-c2-s1,7.7.1.1,2235,344,89,11
7.7.1.1-c3-s1,7.7.1.1,741,121,0,7
7.7.1.1-c4-s1,7.7.1.1,953,154,0,3
7.7.1.1-c4-s2,7.7.1.1,1982,318,0,3
7.7.1.1-c4-s3,7.7.1.1,1158,184,0,3
7.7.1.1-c4-s4,7.7.1.1,2415,387,0,3
7.7.1.1-c5-s1,7.7.1.1,759,128,0,2
7.7.1.2-c1-s1,7.7.1.2,2235,368,0,6
7.7.1.2-c1-s2,7.7.1.2,101,19,0,6
7.7.1.3-c1-s1,7.7.1.3,1671,270,59,8
7.7.1.3-c2-s1,7.7.1.3,2233,344,89,11
7.7.1.3-c3-s1,7.7.1.3,1848,296,0,9
7.7.1.3-c3-s2,7.7.1.3,1410,216,0,9
7.7.1.3-c4-s1,7.7.1.3,680,113,0,2
7.7.1.4-c1-s1,7.7.1.4,1512,242,59,6
7.7.1.4-c2-s1,7.7.1.4,855,137,0,16
7.7.1.4-c3-s1,7.7.1.4,737,121,0,7
7.7.1.4-c4-s1,7.7.1.4,953,154,0,3
7.7.1.4-c4-s2,7.7.1.4,2577,417,0,3
7.7.1.4-c4-s3,7.7.1.4,748,115,0,3
7.7.1.4-c4-s4,7.7.1.4,2410,387,0,3
7.7.1.4-c5-s1,7.7.1.4,814,136,0,2
7.7.1.5-c1-s1,7.7.1.5,2191,349,0,6
7.7.1.5-c1-s2,7.7.1.5,243,45,0,6
7.7.2-c1-s1,7.7.2,1054,166,0,3
7.7.2-c2-s1,7.7.2,362,52,0,9
7.7.2-c3-s1,7.7.2,1914,321,0,6
7.7.2-c4-s1,7.7.2,2093,354,0,3
7.7.2-c5-s1,7.7.2,649,111,0,5
7.7.2.1-c1-s1,7.7.2.1,704,114,44,4
7.7.2.1-c2-s1,7.7.2.1,203,36,46,5
7.7.2.1-c3-s1,7.7.2.1,389,57,0,3
7.7.2.1-c4-s1,7.7.2.1,316,47,0,3
7.7.2.1-c5-s1,7.7.2.1,1732,276,0,3
7.7.2.1-c6-s1,7.7.2.1,898,139,0,2
7.7.2.2-c1-s1,7.7.2.2,2110,330,0,4
B7.7.2.2-c1-s1,B7.7.2.2,2110,330,0,4
7.7.3-c1-s1,7.7.3,1630,287,0,9
7.7.3-c1-s2,7.7.3,1121,180,0,9
7.7.3-c2-s1,7.7.3,511,94,0,6
7.7.3-c3-s1,7.7.3,582,98,0,12
7.7.3-c4-s1,7.7.3,435,67,0,6
7.7.3-c5-s1,7.7.3,893,146,0,3
7.7.3.1-c1-s1,7.7.3.1,1649,274,0,10
7.7.3.1-c2-s1,7.7.3.1,494,85,0,6
7.7.3.1-c3-s1,7.7.3.1,854,142,0,9
7.7.3.1-c4-s1,7.7.3.1,719,119,0,7
7.7.3.1-c5-s1,7.7.3.1,913,150,0,3
7.7.3.1-c5-s2,7.7.3.1,2603,419,0,3
7.7.3.1-c5-s3,7.7.3.1,453,71,0,3
7.7.3.1-c5-s4,7.7.3.1,1520,244,0,3
7.7.3.1-c6-s1,7.7.3.1,832,147,0,2
7.8.1-c1-s1,7.8.1,305,50,0,3
7.8.1-c2-s1,7.8.1,1053,174,0,10
7.8.1-c3-s1,7.8.1,403,66,0,2
7.8.1-c4-s1,7.8.1,898,163,0,7
7.8.1-c5-s1,7.8.1,498,84,0,7
7.8.1-c6-s1,7.8.1,1411,239,0,6
7.8.1-c7-s1,7.8.1,1156,186,0,5
7.8.1-c7-s2,7.8.1,2110,351,0,5
7.8.1-c7-s3,7.8.1,600,104,0,5
7.8.1-c7-s4,7.8.1,1956,335,0,5
7.8.1-c7-s5,7.8.1,395,72,0,5
7.8.1-c7-s6,7.8.1,1806,309,0,5
7.8.1-c8-s1,7.8.1,1890,322,28,9
7.8.1-c9-s1,7.8.1,1696,289,42,7
7.8.1.1-c1-s1,7.8.1.1,1673,265,59,4
7.8.1.1-c2-s1,7.8.1.1,451,65,40,9
7.8.1.1-c3-s1,7.8.1.1,683,113,0,7
7.8.1.1-c4-s1,7.8.1.1,667,111,0,6
7.8.1.2-c1-s1,7.8.1.2,1360,233,0,4
7.8.2-c1-s1,7.8.2,295,48,0,4
7.8.2-c2-s1,7.8.2,306,48,0,10
7.8.2-c3-s1,7.8.2,345,57,0,2
7.8.2-c4-s1,7.8.2,867,146,67,7
7.8.2-c5-s1,7.8.2,1275,228,0,10
7.8.2-c6-s1,7.8.2,765,128,0,10
7.8.2-c7-s1,7.8.2,1291,224,0,10
7.8.2-c8-s1,7.8.2,236,36,0,7
7.8.2.1-c1-s1,7.8.2.1,1780,284,59,5
7.8.2.1-c2-s1,7.8.2.1,385,57,38,9
7.8.2.1-c3-s1,7.8.2.1,433,65,22,9
7.8.2.1-c4-s1,7.8.2.1,775,119,0,9
7.8.2.1-c5-s1,7.8.2.1,679,113,0,7
7.8.2.1-c6-s1,7.8.2.1,778,129,0,6
7.8.2.2-c1-s1,7.8.2.2,2025,341,0,5
7.8.3-c1-s1,7.8.3,1211,208,0,10
7.8.3-c2-s1,7.8.3,122,23,0,17
7.8.3-c2-s2,7.8.3,1738,301,0,17
7.8.3-c2-s3,7.8.3,1239,208,0,17
7.8.3-c2-s4,7.8.3,2073,337,0,17
7.8.3-c2-s5,7.8.3,1670,308,0,17
7.8.3-c2-s6,7.8.3,503,91,0,17
7.8.3-c2-s7,7.8.3,72,11,0,17
7.8.3-c2-s8,7.8.3,1503,252,0,17
7.8.3-c2-s9,7.8.3,1179,205,0,17
7.8.3-c2-s10,7.8.3,43,8,0,17
7.8.3-c2-s11,7.8.3,2144,366,0,17
7.8.3-c2-s12,7.8.3,916,156,0,17
7.8.3-c3-s1,7.8.3,1732,312,0,8
7.8.3-c3-s2,7.8.3,1621,268,0,8
7.8.3-c4-s1,7.8.3,1301,209,0,7
7.8.3-c5-s1,7.8.3,989,169,0,6
7.8.3.1-c1-s1,7.8.3.1,580,96,0,7
7.8.3.1-c2-s1,7.8.3.1,1303,195,0,7
7.8.3.1-c3-s1,7.8.3.1,816,129,27,8
7.8.3.1-c4-s1,7.8.3.1,478,81,0,2
7.8.3.2-c1-s1,7.8.3.2,853,143,0,7
7.8.3.3-c1-s1,7.8.3.3,772,130,0,13
7.8.3.3-c2-s1,7.8.3.3,2065,318,27,8
7.8.3.3-c3-s1,7.8.3.3,851,134,27,8
7.8.3.3-c4-s1,7.8.3.3,522,88,0,2
7.8.3.4-c1-s1,7.8.3.4,984,166,0,13
7.8.3.5-c1-s1,7.8.3.5,780,131,0,14
7.8.3.5-c2-s1,7.8.3.5,2373,348,27,8
7.8.3.5-c2-s2,7.8.3.5,1802,269,27,8
7.8.3.5-c3-s1,7.8.3.5,1382,211,27,8
7.8.3.5-c4-s1,7.8.3.5,518,88,0,2
7.8.3.6-c1-s1,7.8.3.6,1255,213,0,14
7.9-c1-s1,7.9,1763,295,0,9
7.9-c1-s2,7.9,1416,252,0,9
7.9-c1-s3,7.9,518,85,0,9
7.9-c2-s1,7.9,2075,354,183,5
7.9-c2-s2,7.9,502,90,183,5
7.9-c2-s3,7.9,1943,346,183,5
7.9-c2-s4,7.9,1805,315,183,5
7.9-c2-s5,7.9,2069,358,183,5
7.9-c2-s6,7.9,1464,245,183,5
7.9-c2-s7,7.9,1802,322,183,5
7.9-c2-s8,7.9,1280,238,183,5
7.9-c2-s9,7.9,618,111,183,5
7.9-c2-s10,7.9,446,78,183,5
7.9-c2-s11,7.9,1522,263,183,5
7.9-c2-s12,7.9,2082,347,183,5
7.9-c3-s1,7.9,1950,340,0,3
7.9-c4-s1,7.9,970,156,0,3
7.9.1-c1-s1,7.9.1,1776,301,78,10
7.9.1-c2-s1,7.9.1,2543,438,0,2
7.9.1-c2-s2,7.9.1,2152,351,0,2
7.9.1-c2-s3,7.9.1,2519,418,0,2
7.9.1-c2-s4,7.9.1,2594,419,0,2
7.9.1-c2-s5,7.9.1,248,38,0,2
7.9.1-c3-s1,7.9.1,726,126,35,3
7.9.1-c4-s1,7.9.1,493,84,0,2
8.1-c1-s1,8.1,1629,247,0,5
8.1-c1-s2,8.1,1659,289,0,5
8.1-c1-s3,8.1,1701,294,0,5
8.1-c2-s1,8.1,589,102,0,4
8.1-c3-s1,8.1,2165,361,0,5
8.1-c4-s1,8.1,22,4,0,4
8.1-c4-s2,8.1,1641,288,0,4
8.1-c4-s3,8.1,2028,348,0,4
8.1-c4-s4,8.1,581,94,0,4
8.1-c4-s5,8.1,345,59,0,4
8.1-c5-s1,8.1,1770,294,0,4
8.1-c6-s1,8.1,22,3,0,3
8.1-c6-s2,8.1,2003,335,0,3
8.1-c6-s3,8.1,894,136,0,3
8.1-c6-s4,8.1,213,38,0,3
8.1-c7-s1,8.1,1490,247,0,5
8.1-c8-s1,8.1,1836,302,0,6
8.1-c9-s1,8.1,1127,189,0,8
8.1-c10-s1,8.1,1322,217,0,2
8.1-c11-s1,8.1,1593,269,0,3
8.1-c11-s2,8.1,1709,289,0,3
8.1-c11-s3,8.1,1289,192,0,3
8.1-c12-s1,8.1,1974,345,0,7
8.1-c12-s2,8.1,1457,251,0,7
8.1-c13-s1,8.1,24,5,0,5
8.1-c13-s2,8.1,1579,278,0,5
8.1-c13-s3,8.1,667,114,0,5
8.1-c13-s4,8.1,26,5,0,5
8.1.1-c1-s1,8.1.1,2312,379,0,17
8.1.1-c1-s2,8.1.1,165,25,0,17
8.1.1-c2-s1,8.1.1,1509,249,0,2
8.1.2-c1-s1,8.1.2,1943,327,0,4
8.1.2-c2-s1,8.1.2,254,42,0,4
8.1.2-c3-s1,8.1.2,1871,321,0,5
8.1.2-c3-s2,8.1.2,568,97,0,5
8.1.2-c4-s1,8.1.2,955,159,0,8
8.1.2-c5-s1,8.1.2,2477,397,87,2
8.1.2-c5-s2,8.1.2,2210,353,87,2
8.1.2-c5-s3,8.1.2,1566,253,87,2
8.1.2-c5-s4,8.1.2,2285,377,87,2
8.1.2-c6-s1,8.1.2,333,53,0,2
8.1.3-c1-s1,8.1.3,1244,206,0,4
8.1.3-c1-s2,8.1.3,1154,189,0,4
8.2-c1-s1,8.2,1450,239,0,7
8.2-c2-s1,8.2,354,57,0,5
8.2-c3-s1,8.2,906,145,0,6
8.2-c4-s1,8.2,45,8,0,8
8.2-c4-s2,8.2,1525,276,0,8
8.2-c4-s3,8.2,870,161,0,8
8.2-c5-s1,8.2,345,64,0,4
8.2-c6-s1,8.2,994,182,0,3
8.2-c6-s2,8.2,1801,308,0,3
8.2-c6-s3,8.2,1976,338,0,3
8.2-c6-s4,8.2,889,145,0,3
8.2-c7-s1,8.2,233,35,0,3
8.2-c7-s2,8.2,2111,361,0,3
8.2-c7-s3,8.2,733,127,0,3
8.2-c7-s4,8.2,1174,203,0,3
8.2-c8-s1,8.2,1598,261,0,3
8.2-c9-s1,8.2,1713,291,0,2
8.2-c10-s1,8.2,646,109,0,5
8.2-c11-s1,8.2,1360,221,0,6
8.2-c12-s1,8.2,1599,259,0,2
8.2-c13-s1,8.2,1494,260,0,5
8.2-c14-s1,8.2,2099,365,0,3
8.2-c14-s2,8.2,2014,336,0,3
8.2-c14-s3,8.2,1039,162,0,3
8.2-c15-s1,8.2,1992,350,0,5
8.2-c15-s2,8.2,1457,251,0,5
8.2-c16-s1,8.2,24,5,0,5
8.2-c16-s2,8.2,1614,307,0,5
8.2-c16-s3,8.2,1702,290,0,5
8.2-c17-s1,8.2,794,131,0,9
8.2.1-c1-s1,8.2.1,337,58,128,4
8.2.1-c1-s2,8.2.1,1935,324,128,4
8.2.1-c1-s3,8.2.1,2352,395,128,4
8.2.1-c1-s4,8.2.1,2375,383,128,4
8.2.1-c1-s5,8.2.1,867,143,128,4
8.2.1-c1-s6,8.2.1,2397,400,128,4
8.2.1-c2-s1,8.2.1,715,125,0,2
8.2.2-c1-s1,8.2.2,1298,221,0,4
8.2.2-c2-s1,8.2.2,926,164,38,3
8.2.2-c3-s1,8.2.2,2417,383,102,2
8.2.2-c3-s2,8.2.2,1808,291,102,2
8.2.2-c3-s3,8.2.2,2234,368,102,2
8.2.2-c4-s1,8.2.2,744,124,0,2
8.2.3-c1-s1,8.2.3,1186,190,27,6
8.2.3-c1-s2,8.2.3,2171,370,27,6
8.2.3-c1-s3,8.2.3,2138,355,27,6
8.2.3-c1-s4,8.2.3,451,79,27,6
8.2.4-c1-s1,8.2.4,1165,187,27,8
8.2.4-c1-s2,8.2.4,2175,370,27,8
8.2.4-c1-s3,8.2.4,1674,279,27,8
8.2.5-c1-s1,8.2.5,1179,191,27,10
8.2.5-c1-s2,8.2.5,2175,370,27,10
8.2.5-c1-s3,8.2.5,2032,343,27,10
8.2.5-c1-s4,8.2.5,84,15,27,10
8.2.6-c1-s1,8.2.6,839,134,27,7
8.2.6-c1-s2,8.2.6,2175,369,27,7
8.2.6-c1-s3,8.2.6,29,5,27,7
8.2.7-c1-s1,8.2.7,1958,322,192,4
8.2.7-c2-s1,8.2.7,1869,319,0,5
8.2.7-c3-s1,8.2.7,1593,255,56,2
8.2.7-c4-s1,8.2.7,799,132,0,2
8.2.8-c1-s1,8.2.8,1084,166,0,4
8.2.8-c1-s2,8.2.8,1981,340,0,4
8.2.9-c1-s1,8.2.9,1043,169,0,7
8.2.9-c1-s2,8.2.9,1560,266,0,7
8.2.10-c1-s1,8.2.10,2121,346,0,5
8.3-c1-s1,8.3,1847,301,0,4
8.3-c1-s2,8.3,230,30,0,4
8.3-c2-s1,8.3,45,8,0,8
8.3-c2-s2,8.3,1480,270,0,8
8.3-c2-s3,8.3,868,161,0,8
8.3-c3-s1,8.3,1235,211,0,6
8.3-c3-s2,8.3,1856,321,0,6
8.3-c3-s3,8.3,1135,188,0,6
8.3-c3-s4,8.3,1117,189,0,6
8.3-c3-s5,8.3,887,158,0,6
8.3-c4-s1,8.3,1414,238,50,4
8.3-c4-s2,8.3,1574,263,50,4
8.3-c4-s3,8.3,1531,256,50,4
8.3-c4-s4,8.3,1404,246,50,4
8.3-c4-s5,8.3,791,142,50,4
8.3-c5-s1,8.3,24,5,0,5
8.3-c5-s2,8.3,1608,288,0,5
8.3-c5-s3,8.3,1636,282,0,5
8.3-c5-s4,8.3,26,5,0,5
8.3.1-c1-s1,8.3.1,1210,196,71,5
8.3.1-c2-s1,8.3.1,2265,390,0,4
8.3.1-c2-s2,8.3.1,297,50,0,4
8.3.1-c3-s1,8.3.1,2434,394,0,2
8.3.1-c3-s2,8.3.1,2052,326,0,2
8.3.1-c3-s3,8.3.1,1255,210,0,2
8.3.1-c4-s1,8.3.1,310,48,0,2
8.3.2-c1-s1,8.3.2,2275,371,0,5
B8.3.2-c1-s1,B8.3.2,2275,371,0,5
8.4-c1-s1,8.4,724,131,0,3
8.4-c2-s1,8.4,496,91,0,10
8.4-c3-s1,8.4,1015,164,43,4
8.4-c4-s1,8.4,1307,228,38,4
8.4-c5-s1,8.4,1319,227,0,8
8.4-c5-s2,8.4,1951,351,0,8
8.4-c5-s3,8.4,824,146,0,8
8.4-c6-s1,8.4,2272,389,77,7
8.4-c6-s2,8.4,2315,379,77,7
8.4-c6-s3,8.4,1630,281,77,7
8.4-c6-s4,8.4,415,68,77,7
8.4-c7-s1,8.4,1531,262,0,9
8.4-c8-s1,8.4,1784,322,35,5
8.4-c8-s2,8.4,1711,311,35,5
8.4.1-c1-s1,8.4.1,525,81,36,4
8.4.1-c2-s1,8.4.1,1641,276,45,6
8.4.1-c3-s1,8.4.1,1593,271,0,4
8.4.1-c4-s1,8.4.1,1806,298,0,3
8.4.1-c5-s1,8.4.1,442,77,0,6
8.4.1-c5-s2,8.4.1,2154,369,0,6
8.4.1-c5-s3,8.4.1,1077,184,0,6
8.4.1-c6-s1,8.4.1,1179,199,0,6
8.4.1-c6-s2,8.4.1,1582,276,0,6
8.4.2-c1-s1,8.4.2,983,167,0,4
8.4.2-c1-s2,8.4.2,1799,307,0,4
8.5-c1-s1,8.5,1599,256,0,5
8.5-c2-s1,8.5,976,167,0,3
8.5-c3-s1,8.5,16,4,0,4
8.5-c3-s2,8.5,1837,306,0,4
8.5-c3-s3,8.5,354,58,0,4
8.5-c4-s1,8.5,306,47,0,4
8.5-c5-s1,8.5,1186,175,0,3
8.5-c6-s1,8.5,1771,284,0,7
8.5-c7-s1,8.5,1182,188,0,7
8.5.1-c1-s1,8.5.1,1148,178,0,5
8.5.1-c2-s1,8.5.1,650,102,0,7
8.5.2-c1-s1,8.5.2,835,127,0,6
8.5.2-c2-s1,8.5.2,1787,266,0,5
8.5.2-c3-s1,8.5.2,1427,217,0,7
8.5.2-c4-s1,8.5.2,1470,221,0,7
8.6-c1-s1,8.6,1685,267,0,4
8.6-c2-s1,8.6,783,127,0,5
8.6-c3-s1,8.6,1386,233,0,4
8.6-c4-s1,8.6,304,47,0,4
8.6-c5-s1,8.6,1068,160,0,3
8.6-c6-s1,8.6,1759,283,0,7
8.6-c7-s1,8.6,1194,191,0,12
8.6-c8-s1,8.6,617,100,0,7
8.6.1-c1-s1,8.6.1,1306,202,0,6
8.6.1-c2-s1,8.6.1,549,86,0,7
8.6.1-c3-s1,8.6.1,633,99,0,4
8.6.2-c1-s1,8.6.2,888,131,0,7
8.6.2-c1-s2,8.6.2,1831,272,0,7
8.6.2-c2-s1,8.6.2,1414,214,0,4
8.6.2-c3-s1,8.6.2,1235,182,0,7
8.6.2-c4-s1,8.6.2,1457,218,0,4
8.7-c1-s1,8.7,1906,304,25,4
8.7-c2-s1,8.7,850,146,24,5
8.7-c2-s2,8.7,1078,208,24,5
8.7-c3-s1,8.7,707,124,362,9
8.7-c3-s2,8.7,1570,284,362,9
8.7-c3-s3,8.7,1493,274,362,9
8.7-c3-s4,8.7,1465,266,362,9
8.7-c3-s5,8.7,734,125,362,9
8.7-c3-s6,8.7,1926,341,362,9
8.7-c3-s7,8.7,1782,297,362,9
8.7-c3-s8,8.7,1243,232,362,9
8.7-c4-s1,8.7,1770,302,95,9
8.7-c4-s2,8.7,1640,276,95,9
8.7-c4-s3,8.7,1613,297,95,9
8.7-c4-s4,8.7,1049,181,95,9
8.7-c5-s1,8.7,1151,190,38,9
8.7-c5-s2,8.7,1216,227,38,9
8.7-c6-s1,8.7,100,16,24,8
8.7-c6-s2,8.7,1765,325,24,8
8.7-c6-s3,8.7,1467,277,24,8
8.7-c6-s4,8.7,687,126,24,8
8.7-c6-s5,8.7,806,141,24,8
8.7-c7-s1,8.7,1820,313,102,5
8.7-c7-s2,8.7,1652,294,102,5
8.7-c7-s3,8.7,679,117,102,5
8.7-c7-s4,8.7,1917,355,102,5
8.7-c7-s5,8.7,400,67,102,5
8.7-c7-s6,8.7,949,159,102,5
8.7-c7-s7,8.7,1516,279,102,5
8.7-c7-s8,8.7,1685,303,102,5
8.7-c7-s9,8.7,346,62,102,5
8.7.1-c1-s1,8.7.1,796,121,21,5
8.7.1-c1-s2,8.7.1,2442,391,21,5
8.7.1-c1-s3,8.7.1,757,124,21,5
8.7.2-c1-s1,8.7.2,834,134,21,5
8.7.2-c1-s2,8.7.2,2460,409,21,5
8.7.2-c1-s3,8.7.2,858,142,21,5
8.8-c1-s1,8.8,1790,305,122,2
8.8-c1-s2,8.8,1138,211,122,2
8.8-c2-s1,8.8,498,81,0,2
8.8-c3-s1,8.8,24,4,25,4
8.8-c3-s2,8.8,1604,299,25,4
8.8-c3-s3,8.8,993,181,25,4
8.8-c3-s4,8.8,1277,233,25,4
8.8-c4-s1,8.8,581,100,230,5
8.8-c4-s2,8.8,1668,300,230,5
8.8-c4-s3,8.8,438,72,230,5
8.8-c4-s4,8.8,1834,331,230,5
8.8-c4-s5,8.8,1748,306,230,5
8.8-c4-s6,8.8,710,130,230,5
8.8-c4-s7,8.8,1449,254,230,5
8.8-c4-s8,8.8,1183,214,230,5
8.8-c4-s9,8.8,1581,292,230,5
8.8-c4-s10,8.8,1903,335,230,5
8.8-c4-s11,8.8,1543,266,230,5
8.8-c4-s12,8.8,799,135,230,5
8.8-c5-s1,8.8,1198,217,0,4
8.8-c6-s1,8.8,424,79,19,3
8.8-c6-s2,8.8,1375,253,19,3
8.8-c6-s3,8.8,1868,328,19,3
8.8-c6-s4,8.8,1532,286,19,3
8.8-c6-s5,8.8,1772,313,19,3
8.8-c6-s6,8.8,1338,251,19,3
8.8-c7-s1,8.8,1711,304,5,5
8.8-c7-s2,8.8,1803,323,5,5
8.8-c7-s3,8.8,2049,358,5,5
8.8-c7-s4,8.8,1926,342,5,5
8.9-c1-s1,8.9,916,150,46,5
8.9-c2-s1,8.9,920,166,0,8
8.9-c3-s1,8.9,365,61,0,6
8.9-c4-s1,8.9,848,143,0,5
8.9-c5-s1,8.9,436,78,0,3
8.9-c6-s1,8.9,472,79,0,4
8.9-c7-s1,8.9,1759,295,0,5
8.9-c7-s2,8.9,686,105,0,5
8.9-c7-s3,8.9,1823,299,0,5
8.9-c7-s4,8.9,529,89,0,5
8.9-c7-s5,8.9,1995,337,0,5
8.9-c7-s6,8.9,487,95,0,5
8.9-c7-s7,8.9,92,16,0,5
8.9-c7-s8,8.9,1813,313,0,5
8.9-c7-s9,8.9,966,173,0,5
8.9-c7-s10,8.9,112,19,0,5
8.9-c7-s11,8.9,2131,351,0,5
8.9-c7-s12,8.9,1803,317,0,5
8.9-c7-s13,8.9,1169,179,0,5
8.9-c7-s14,8.9,1731,278,0,5
8.9-c7-s15,8.9,1858,308,0,5
8.9-c7-s16,8.9,1665,278,0,5
8.9-c7-s17,8.9,2213,358,0,5
8.9-c7-s18,8.9,2111,359,0,5
8.9-c8-s1,8.9,995,169,0,4
8.9-c9-s1,8.9,1363,222,0,4
8.9-c10-s1,8.9,1768,302,7,5
8.9-c10-s2,8.9,1946,309,7,5
8.9-c11-s1,8.9,2079,374,0,7
8.9-c11-s2,8.9,1319,226,0,7
8.9-c12-s1,8.9,1233,200,0,5
8.9-c13-s1,8.9,39,8,0,8
8.9-c13-s2,8.9,1910,343,0,8
8.9-c13-s3,8.9,131,27,0,8
8.9-c14-s1,8.9,1668,311,0,5
8.9.1-c1-s1,8.9.1,2140,367,0,14
8.9.1-c1-s2,8.9.1,714,111,0,14
8.9.1-c2-s1,8.9.1,1513,249,0,2
8.9.2-c1-s1,8.9.2,1870,311,42,6
8.9.2-c2-s1,8.9.2,1477,235,27,4
8.9.2-c3-s1,8.9.2,2170,342,0,8
8.9.2-c4-s1,8.9.2,677,107,0,9
8.9.2-c5-s1,8.9.2,2305,357,0,15
8.9.2-c5-s2,8.9.2,1181,192,0,15
8.9.2-c6-s1,8.9.2,2499,384,0,16
8.9.2-c6-s2,8.9.2,439,61,0,16
8.9.2-c7-s1,8.9.2,1649,252,0,6
8.9.2-c8-s1,8.9.2,2112,325,45,9
8.9.2-c9-s1,8.9.2,2120,337,57,3
8.9.2-c10-s1,8.9.2,1514,244,0,2
8.10-c1-s1,8.10,927,152,49,4
8.10-c2-s1,8.10,994,177,0,8
8.10-c3-s1,8.10,1269,216,0,4
8.10-c4-s1,8.10,874,147,0,5
8.10-c5-s1,8.10,437,78,0,3
8.10-c6-s1,8.10,783,140,0,4
8.10-c7-s1,8.10,2100,336,0,5
8.10-c7-s2,8.10,2154,355,0,5
8.10-c7-s3,8.10,2017,342,0,5
8.10-c7-s4,8.10,494,98,0,5
8.10-c7-s5,8.10,92,16,0,5
8.10-c7-s6,8.10,1833,320,0,5
8.10-c7-s7,8.10,500,90,0,5
8.10-c7-s8,8.10,112,19,0,5
8.10-c7-s9,8.10,2127,352,0,5
8.10-c7-s10,8.10,1799,317,0,5
8.10-c7-s11,8.10,1371,214,0,5
8.10-c7-s12,8.10,1679,284,0,5
8.10-c7-s13,8.10,600,103,0,5
8.10-c7-s14,8.10,1959,314,0,5
8.10-c7-s15,8.10,2104,361,0,5
8.10-c8-s1,8.10,593,100,0,4
8.10-c8-s2,8.10,1775,302,0,4
8.10-c9-s1,8.10,1751,286,0,4
8.10-c10-s1,8.10,1648,284,7,5
8.10-c10-s2,8.10,1933,310,7,5
8.10-c11-s1,8.10,2079,374,0,7
8.10-c11-s2,8.10,1319,226,0,7
8.10-c12-s1,8.10,1254,202,0,5
8.10-c13-s1,8.10,39,8,0,8
8.10-c13-s2,8.10,1904,343,0,8
8.10-c13-s3,8.10,129,27,0,8
8.10-c14-s1,8.10,1670,311,0,5
8.10.1-c1-s1,8.10.1,2160,366,0,15
8.10.1-c1-s2,8.10.1,714,111,0,15
8.10.1-c2-s1,8.10.1,1513,249,0,2
8.10.2-c1-s1,8.10.2,2173,354,42,5
8.10.2-c2-s1,8.10.2,1482,235,27,4
8.10.2-c3-s1,8.10.2,2180,340,0,8
8.10.2-c4-s1,8.10.2,686,108,0,9
8.10.2-c5-s1,8.10.2,2315,355,0,15
8.10.2-c5-s2,8.10.2,1181,192,0,15
8.10.2-c6-s1,8.10.2,2423,367,0,16
8.10.2-c6-s2,8.10.2,570,83,0,16
8.10.2-c7-s1,8.10.2,2292,345,0,13
8.10.2-c7-s2,8.10.2,547,80,0,13
8.10.2-c8-s1,8.10.2,2112,325,44,9
8.10.2-c9-s1,8.10.2,2119,337,58,3
8.10.2-c10-s1,8.10.2,1523,244,0,2
8.11-c1-s1,8.11,43,7,49,4
8.11-c1-s2,8.11,1789,303,49,4
8.11-c1-s3,8.11,196,27,49,4
8.11-c2-s1,8.11,1379,252,0,4
8.11-c3-s1,8.11,1162,227,25,10
8.11-c3-s2,8.11,2025,363,25,10
8.11-c3-s3,8.11,1544,306,25,10
8.11-c4-s1,8.11,850,162,0,4
8.11-c5-s1,8.11,1813,340,0,4
8.11-c5-s2,8.11,1331,238,0,4
8.11-c5-s3,8.11,1798,324,0,4
8.11-c5-s4,8.11,1508,262,0,4
8.11-c5-s5,8.11,2105,379,0,4
8.11-c5-s6,8.11,1919,358,0,4
8.11-c5-s7,8.11,965,166,0,4
8.11-c5-s8,8.11,2180,393,0,4
8.11-c5-s9,8.11,414,71,0,4
8.11-c5-s10,8.11,62,11,0,4
8.11-c5-s11,8.11,2060,345,0,4
8.11-c5-s12,8.11,1147,203,0,4
8.11-c6-s1,8.11,786,141,0,6
8.11-c7-s1,8.11,1973,365,0,8
8.11-c8-s1,8.11,1808,337,0,5
8.11-c8-s2,8.11,1896,353,0,5
8.11-c8-s3,8.11,1668,293,0,5
8.11-c8-s4,8.11,2156,392,0,5
8.11-c8-s5,8.11,311,55,0,5
8.11-c9-s1,8.11,914,176,0,12
8.11.1-c1-s1,8.11.1,1963,326,86,5
8.11.1-c2-s1,8.11.1,1561,250,27,4
8.11.1-c3-s1,8.11.1,631,97,38,5
8.11.1-c4-s1,8.11.1,1653,275,0,7
8.11.1-c5-s1,8.11.1,778,116,0,3
8.11.1-c6-s1,8.11.1,1115,175,0,5
8.11.1-c7-s1,8.11.1,1535,236,0,5
8.11.1-c8-s1,8.11.1,1579,259,0,3
8.11.1-c9-s1,8.11.1,1212,198,0,9
8.11.1-c10-s1,8.11.1,1459,240,0,2
8.12-c1-s1,8.12,1072,183,0,2
8.12-c2-s1,8.12,1697,280,42,4
8.12-c2-s2,8.12,1409,236,42,4
8.12-c2-s3,8.12,2085,353,42,4
8.12-c2-s4,8.12,1634,274,42,4
8.12-c2-s5,8.12,480,75,42,4
8.12-c2-s6,8.12,1727,300,42,4
8.12-c3-s1,8.12,822,139,0,4
8.12-c4-s1,8.12,732,127,32,3
8.12-c4-s2,8.12,1692,295,32,3
8.12-c4-s3,8.12,522,90,32,3
8.12-c4-s4,8.12,1587,274,32,3
8.12-c4-s5,8.12,1758,283,32,3
8.12-c4-s6,8.12,44,7,32,3
8.12-c4-s7,8.12,1808,323,32,3
8.12-c4-s8,8.12,1626,273,32,3
8.12-c4-s9,8.12,1832,322,32,3
8.12-c4-s10,8.12,58,10,32,3
8.12-c4-s11,8.12,1797,316,32,3
8.12-c4-s12,8.12,247,43,32,3
8.12-c4-s13,8.12,1502,261,32,3
8.12-c5-s1,8.12,2020,368,0,4
8.12-c6-s1,8.12,550,105,0,9
8.12-c7-s1,8.12,1258,215,46,8
8.12-c7-s2,8.12,1572,282,46,8
8.12-c7-s3,8.12,1712,304,46,8
8.12.1-c1-s1,8.12.1,2441,393,31,3
8.12.1-c2-s1,8.12.1,598,105,0,4
8.12.1-c3-s1,8.12.1,2373,385,99,3
8.12.1-c3-s2,8.12.1,1104,189,99,3
8.12.1-c4-s1,8.12.1,2368,381,24,7
8.12.1-c4-s2,8.12.1,325,53,24,7
8.12.1-c5-s1,8.12.1,2506,407,24,3
8.12.1-c5-s2,8.12.1,1930,305,24,3
8.12.1-c6-s1,8.12.1,1157,191,0,2
8.12.2-c1-s1,8.12.2,782,124,0,3
8.12.2-c1-s2,8.12.2,2039,341,0,3
8.13-c1-s1,8.13,587,97,0,3
8.13-c2-s1,8.13,1118,207,0,2
8.13-c3-s1,8.13,333,59,0,4
8.13-c4-s1,8.13,220,42,0,5
8.13-c5-s1,8.13,625,107,0,3
8.13.1-c1-s1,8.13.1,1532,274,0,4
8.13.1-c2-s1,8.13.1,1224,196,0,6
8.14-c1-s1,8.14,841,141,0,4
8.14-c2-s1,8.14,637,110,0,13
8.14-c3-s1,8.14,183,30,0,9
8.14-c4-s1,8.14,1706,285,0,10
8.14-c5-s1,8.14,259,43,0,10
8.14-c6-s1,8.14,402,64,0,10
8.14-c7-s1,8.14,238,44,0,7
8.14-c8-s1,8.14,1630,274,0,9
8.14-c8-s2,8.14,1465,245,0,9
8.14-c9-s1,8.14,1324,241,0,4
8.14-c10-s1,8.14,416,73,0,4
8.14-c11-s1,8.14,1776,310,0,7
8.14-c11-s2,8.14,1982,332,0,7
8.14.1-c1-s1,8.14.1,1158,192,0,9
8.14.1-c2-s1,8.14.1,1659,300,0,2
8.14.1-c3-s1,8.14.1,900,150,0,5
8.14.1-c4-s1,8.14.1,860,137,0,5
8.14.1-c5-s1,8.14.1,2114,358,0,9
8.14.1-c6-s1,8.14.1,1456,233,0,4
8.14.1-c7-s1,8.14.1,1296,209,0,6
8.14.1-c8-s1,8.14.1,771,122,0,10
8.14.1-c9-s1,8.14.1,1096,185,0,6
8.14.2-c1-s1,8.14.2,1080,178,0,9
8.14.2-c2-s1,8.14.2,1735,315,0,2
8.14.2-c3-s1,8.14.2,973,158,0,5
8.14.2-c4-s1,8.14.2,298,46,0,3
8.14.2-c5-s1,8.14.2,2530,401,0,12
8.14.2-c5-s2,8.14.2,498,78,0,12
8.14.2-c6-s1,8.14.2,1472,235,0,4
8.14.2-c7-s1,8.14.2,1302,210,0,6
8.14.2-c8-s1,8.14.2,771,122,0,10
8.14.2-c9-s1,8.14.2,1194,201,0,6
8.14.3-c1-s1,8.14.3,1081,179,0,11
8.14.3-c2-s1,8.14.3,1809,321,0,2
8.14.3-c3-s1,8.14.3,1122,186,0,5
8.14.3-c4-s1,8.14.3,337,49,0,4
8.14.3-c5-s1,8.14.3,384,63,0,5
8.14.3-c6-s1,8.14.3,647,102,0,3
8.14.3-c7-s1,8.14.3,2530,401,0,12
8.14.3-c7-s2,8.14.3,498,78,0,12
8.14.3-c8-s1,8.14.3,1488,236,0,4
8.14.3-c9-s1,8.14.3,1328,212,0,6
8.14.3-c10-s1,8.14.3,771,122,0,10
8.14.3-c11-s1,8.14.3,1356,232,0,6
8.15-c1-s1,8.15,1865,311,0,9
8.15-c2-s1,8.15,1492,250,0,8
8.15-c2-s2,8.15,1479,249,0,8
8.15-c3-s1,8.15,468,79,0,5
8.15-c4-s1,8.15,44,7,24,7
8.15-c4-s2,8.15,2092,345,24,7
8.15-c4-s3,8.15,587,101,24,7
8.15-c4-s4,8.15,510,90,24,7
8.15-c4-s5,8.15,1601,282,24,7
8.15-c4-s6,8.15,2157,362,24,7
8.15-c4-s7,8.15,1217,215,24,7
8.15-c4-s8,8.15,517,89,24,7
9.1.1-c1-s1,9.1.1,593,79,0,4
9.1.1-c2-s1,9.1.1,398,62,0,5
9.1.1-c3-s1,9.1.1,1290,212,18,5
9.1.1-c4-s1,9.1.1,861,130,0,4
9.1.1-c5-s1,9.1.1,1422,237,0,11
9.1.1-c5-s2,9.1.1,1368,241,0,11
9.1.1-c5-s3,9.1.1,1931,312,0,11
9.1.1-c5-s4,9.1.1,212,40,0,11
9.1.1-c5-s5,9.1.1,2050,340,0,11
9.1.1-c5-s6,9.1.1,1650,298,0,11
9.1.1-c5-s7,9.1.1,809,139,0,11
9.1.1-c6-s1,9.1.1,1577,250,65,7
9.1.1-c7-s1,9.1.1,481,77,0,13
9.1.1-c8-s1,9.1.1,828,122,0,5
9.1.1-c9-s1,9.1.1,219,34,0,6
9.1.1-c10-s1,9.1.1,1961,298,61,6
9.1.1-c10-s2,9.1.1,1889,293,61,6
9.1.1-c10-s3,9.1.1,676,111,61,6
9.1.1-c11-s1,9.1.1,1561,267,0,2
9.1.1-c12-s1,9.1.1,726,120,0,3
9.1.1-c12-s2,9.1.1,1801,314,0,3
9.1.1-c12-s3,9.1.1,1481,248,0,3
9.1.1.1-c1-s1,9.1.1.1,1183,179,0,10
9.1.1.1-c2-s1,9.1.1.1,1180,193,48,2
9.1.1.1-c3-s1,9.1.1.1,1096,168,0,3
9.1.1.1-c4-s1,9.1.1.1,1680,279,0,2
9.1.1.1-c5-s1,9.1.1.1,2058,298,0,2
9.1.1.1-c5-s2,9.1.1.1,2679,417,0,2
9.1.1.1-c5-s3,9.1.1.1,2404,388,0,2
9.1.1.1-c5-s4,9.1.1.1,2303,353,0,2
9.1.1.1-c5-s5,9.1.1.1,2005,298,0,2
9.1.1.1-c6-s1,9.1.1.1,985,152,0,2
9.1.1.1-c7-s1,9.1.1.1,723,109,0,2
9.1.1.2-c1-s1,9.1.1.2,2244,350,0,10
9.1.1.2-c1-s2,9.1.1.2,614,86,0,10
9.1.1.3-c1-s1,9.1.1.3,865,139,0,5
9.1.1.3-c2-s1,9.1.1.3,1180,193,48,2
9.1.1.3-c3-s1,9.1.1.3,1096,168,0,3
9.1.1.3-c4-s1,9.1.1.3,1661,274,0,2
9.1.1.3-c5-s1,9.1.1.3,987,152,0,2
9.1.1.3-c6-s1,9.1.1.3,554,89,0,2
9.1.1.4-c1-s1,9.1.1.4,2204,362,0,5
9.1.1.4-c1-s2,9.1.1.4,26,5,0,5
9.1.2-c1-s1,9.1.2,1099,150,0,7
9.1.2-c2-s1,9.1.2,936,148,0,5
9.1.2-c3-s1,9.1.2,103,14,0,14
9.1.2-c4-s1,9.1.2,694,100,0,4
9.1.2-c5-s1,9.1.2,1369,218,0,4
9.1.2-c6-s1,9.1.2,192,31,0,8
9.1.2-c6-s2,9.1.2,1932,315,0,8
9.1.2-c6-s3,9.1.2,1826,306,0,8
9.1.2-c6-s4,9.1.2,2037,355,0,8
9.1.2-c6-s5,9.1.2,514,90,0,8
9.1.2-c6-s6,9.1.2,796,131,0,8
9.1.2-c7-s1,9.1.2,1868,333,0,10
9.1.2-c7-s2,9.1.2,1599,267,0,10
9.1.2-c8-s1,9.1.2,1465,242,73,12
9.1.2-c8-s2,9.1.2,879,146,73,12
9.1.2-c8-s3,9.1.2,1416,234,73,12
9.1.2-c9-s1,9.1.2,1090,191,0,18
9.1.2-c9-s2,9.1.2,2230,388,0,18
9.1.2-c10-s1,9.1.2,1836,301,34,3
9.1.2-c11-s1,9.1.2,187,27,0,6
9.1.2-c12-s1,9.1.2,2148,346,61,6
9.1.2-c12-s2,9.1.2,2397,381,61,6
9.1.2-c12-s3,9.1.2,1659,270,61,6
9.1.2-c13-s1,9.1.2,1871,297,0,5
9.1.2-c13-s2,9.1.2,635,104,0,5
9.1.2-c13-s3,9.1.2,1937,328,0,5
9.1.2-c13-s4,9.1.2,559,95,0,5
9.1.2.1-c1-s1,9.1.2.1,1481,230,0,15
9.1.2.1-c2-s1,9.1.2.1,2583,423,62,2
9.1.2.1-c2-s2,9.1.2.1,512,81,62,2
9.1.2.1-c3-s1,9.1.2.1,1655,262,0,2
9.1.2.1-c4-s1,9.1.2.1,1038,156,0,6
9.1.2.1-c5-s1,9.1.2.1,1678,279,96,2
9.1.2.1-c6-s1,9.1.2.1,1925,291,0,2
9.1.2.1-c6-s2,9.1.2.1,2711,429,0,2
9.1.2.1-c6-s3,9.1.2.1,521,78,0,2
9.1.2.1-c6-s4,9.1.2.1,2343,375,0,2
9.1.2.1-c6-s5,9.1.2.1,1481,233,0,2
9.1.2.1-c7-s1,9.1.2.1,161,24,0,2
9.1.2.1-c7-s2,9.1.2.1,2327,397,0,2
9.1.2.1-c7-s3,9.1.2.1,971,158,0,2
9.1.2.1-c7-s4,9.1.2.1,794,126,0,2
9.1.2.1-c8-s1,9.1.2.1,753,120,0,2
9.1.2.2-c1-s1,9.1.2.2,761,116,0,11
9.1.2.2-c1-s2,9.1.2.2,2041,340,0,11
9.1.2.2-c1-s3,9.1.2.2,316,55,0,11
9.1.2.2-c1-s4,9.1.2.2,26,5,0,11
9.1.2.3-c1-s1,9.1.2.3,1306,211,0,10
9.1.2.3-c2-s1,9.1.2.3,2585,423,62,2
9.1.2.3-c2-s2,9.1.2.3,512,81,62,2
9.1.2.3-c3-s1,9.1.2.3,1673,266,0,2
9.1.2.3-c4-s1,9.1.2.3,1038,156,0,6
9.1.2.3-c5-s1,9.1.2.3,1714,285,96,2
9.1.2.3-c6-s1,9.1.2.3,161,24,0,2
9.1.2.3-c6-s2,9.1.2.3,2648,452,0,2
9.1.2.3-c6-s3,9.1.2.3,479,78,0,2
9.1.2.3-c6-s4,9.1.2.3,792,126,0,2
9.1.2.3-c7-s1,9.1.2.3,753,124,0,2
9.1.2.4-c1-s1,9.1.2.4,552,88,0,6
9.1.2.4-c1-s2,9.1.2.4,1982,354,0,6
9.2-c1-s1,9.2,450,67,12,5
9.2-c2-s1,9.2,1743,301,124,2
9.2-c2-s2,9.2,1103,180,124,2
9.2-c2-s3,9.2,2034,376,124,2
9.2-c2-s4,9.2,1643,294,124,2
9.2-c2-s5,9.2,1591,286,124,2
9.2-c3-s1,9.2,563,95,9,2
9.2-c4-s1,9.2,288,45,0,2
9.2.1-c1-s1,9.2.1,1694,279,37,6
9.2.1-c2-s1,9.2.1,1148,189,18,2
9.2.1-c3-s1,9.2.1,202,35,0,2
9.2.1-c4-s1,9.2.1,573,102,0,8
9.2.1-c5-s1,9.2.1,1895,336,16,7
9.2.1-c6-s1,9.2.1,107,15,0,2
9.2.1-c7-s1,9.2.1,614,110,0,2
9.2.2-c1-s1,9.2.2,529,86,0,6
9.2.2-c1-s2,9.2.2,1896,365,0,6
9.2.2-c1-s3,9.2.2,61,12,0,6
9.2.2-c1-s4,9.2.2,31,5,0,6
9.3-c1-s1,9.3,476,74,0,7
9.3-c2-s1,9.3,554,85,0,4
9.3-c3-s1,9.3,893,156,0,2
9.3.1-c1-s1,9.3.1,1833,307,37,9
9.3.1-c2-s1,9.3.1,1181,198,18,2
9.3.1-c3-s1,9.3.1,241,40,0,2
9.3.1-c4-s1,9.3.1,639,114,0,8
9.3.1-c5-s1,9.3.1,2026,349,16,7
9.3.1-c6-s1,9.3.1,107,15,0,2
9.3.1-c7-s1,9.3.1,739,132,0,2
9.3.2-c1-s1,9.3.2,619,106,0,8
9.3.2-c1-s2,9.3.2,1864,353,0,8
9.3.2-c1-s3,9.3.2,453,84,0,8
9.3.2-c1-s4,9.3.2,31,5,0,8
9.4-c1-s1,9.4,1675,261,0,9
9.4-c2-s1,9.4,475,77,0,4
9.4-c3-s1,9.4,1404,232,0,5
9.4-c4-s1,9.4,1914,317,0,6
9.4-c5-s1,9.4,149,25,0,4
9.4-c5-s2,9.4,1940,368,0,4
9.4-c5-s3,9.4,775,148,0,4
9.4-c5-s4,9.4,2090,337,0,4
9.4-c6-s1,9.4,900,166,0,2
9.4-c7-s1,9.4,905,149,0,2
9.4-c7-s2,9.4,2384,363,0,2
9.4-c7-s3,9.4,749,112,0,2
9.4-c7-s4,9.4,843,137,0,2
9.4-c8-s1,9.4,618,97,0,12
9.4.1-c1-s1,9.4.1,1444,228,34,11
9.4.1-c2-s1,9.4.1,342,50,0,3
9.4.1-c3-s1,9.4.1,1175,195,27,4
9.4.1-c4-s1,9.4.1,978,171,0,2
9.4.1-c5-s1,9.4.1,731,117,0,2
9.4.1-c6-s1,9.4.1,119,19,0,2
9.4.1-c7-s1,9.4.1,627,105,0,2
B9.4.1-c1-s1,B9.4.1,1444,228,34,11
B9.4.1-c2-s1,B9.4.1,342,50,0,3
B9.4.1-c3-s1,B9.4.1,1175,195,27,4
B9.4.1-c4-s1,B9.4.1,978,171,0,2
B9.4.1-c5-s1,B9.4.1,731,117,0,2
B9.4.1-c6-s1,B9.4.1,119,19,0,2
B9.4.1-c7-s1,B9.4.1,627,105,0,2
10.1-c1-s1,10.1,2067,352,22,7
10.1-c2-s1,10.1,65,11,0,11
10.1-c2-s2,10.1,1830,335,0,11
10.1-c2-s3,10.1,969,162,0,11
10.1-c3-s1,10.1,2089,361,0,6
10.1-c4-s1,10.1,1411,250,22,5
10.1-c4-s2,10.1,2115,374,22,5
10.1-c4-s3,10.1,1819,324,22,5
10.1-c4-s4,10.1,716,131,22,5
10.1-c4-s5,10.1,1913,334,22,5
10.1-c4-s6,10.1,891,151,22,5
10.2-c1-s1,10.2,915,154,22,3
10.2-c2-s1,10.2,367,65,0,8
10.2-c3-s1,10.2,1314,230,0,6
10.2-c4-s1,10.2,368,61,0,4
10.2-c5-s1,10.2,1255,215,0,2
10.2-c6-s1,10.2,789,140,25,3
10.2-c7-s1,10.2,995,170,0,3
10.2.1-c1-s1,10.2.1,1307,234,0,4
10.2.1-c2-s1,10.2.1,1222,221,0,5
10.2.1-c2-s2,10.2.1,1234,220,0,5
10.2.1-c3-s1,10.2.1,1168,206,0,6
10.2.1-c4-s1,10.2.1,1907,326,0,8
10.2.1-c5-s1,10.2.1,2017,373,26,7
10.2.1-c5-s2,10.2.1,983,179,26,7
10.2.1-c6-s1,10.2.1,2393,402,23,6
10.2.1-c6-s2,10.2.1,1117,193,23,6
11-c1-s1,11,2715,425,273,6
11-c1-s2,11,2303,399,273,6
11-c1-s3,11,1772,310,273,6
11-c1-s4,11,1851,312,273,6
11-c1-s5,11,2093,353,273,6
11-c2-s1,11,1961,313,21,5
11-c2-s2,11,1564,245,21,5
11-c3-s1,11,40,6,148,6
11-c3-s2,11,2499,412,148,6
11-c3-s3,11,828,139,148,6
11-c3-s4,11,29,5,148,6
11.1-c1-s1,11.1,1173,204,10,7
11.1-c2-s1,11.1,1240,207,30,11
11.1-c3-s1,11.1,1239,208,30,12
11.1-c4-s1,11.1,278,37,0,5
11.1-c5-s1,11.1,1214,219,0,3
11.1-c6-s1,11.1,520,91,23,8
11.1-c7-s1,11.1,1012,196,0,8
11.1-c8-s1,11.1,405,73,0,7
11.1-c9-s1,11.1,2134,367,193,11
11.1-c9-s2,11.1,396,71,193,11
11.1-c10-s1,11.1,2004,344,0,5
11.1-c10-s2,11.1,934,160,0,5
11.1-c11-s1,11.1,2083,369,0,7
11.1-c12-s1,11.1,1611,276,0,9
11.1-c13-s1,11.1,1316,238,0,7
11.1-c14-s1,11.1,633,100,0,4
11.1-c15-s1,11.1,1598,264,0,3
11.1-c16-s1,11.1,1770,299,0,8
11.1-c17-s1,11.1,2060,359,0,8
11.1-c18-s1,11.1,2078,362,50,5
11.1-c19-s1,11.1,2401,396,0,11
11.1-c20-s1,11.1,2090,366,0,9
11.1-c21-s1,11.1,777,140,0,5
11.1-c22-s1,11.1,1739,316,34,3
11.2-c1-s1,11.2,1627,266,36,8
11.2-c2-s1,11.2,708,127,24,4
11.2-c3-s1,11.2,1445,238,28,6
11.2-c4-s1,11.2,236,48,0,2
11.3-c1-s1,11.3,1668,278,79,8
11.3-c1-s2,11.3,674,124,79,8
11.4-c1-s1,11.4,2221,363,0,8
11.4-c2-s1,11.4,893,157,0,2
11.4-c3-s1,11.4,919,152,0,2
11.4-c4-s1,11.4,1118,198,0,7
11.4-c5-s1,11.4,1582,273,0,2
11.4-c6-s1,11.4,235,48,0,2
