method,query_id,k,recall,hit_rate,all_evidence_hit,evidence_coverage,mrr,ndcg
standalone_graph,1,1,0.0,0.0,0.0,0.0,0.0,0.0
standalone_graph,1,3,0.0,0.0,0.0,0.0,0.0,0.0
standalone_graph,1,5,1.0,1.0,1.0,1.0,0.2,0.38685280723454163
standalone_graph,1,10,1.0,1.0,1.0,1.0,0.2,0.38685280723454163
standalone_graph,1,20,1.0,1.0,1.0,1.0,0.2,0.38685280723454163
standalone_graph,3,1,0.0,0.0,0.0,0.0,0.0,0.0
standalone_graph,3,3,0.0,0.0,0.0,0.0,0.0,0.0
standalone_graph,3,5,0.0,0.0,0.0,0.0,0.0,0.0
standalone_graph,3,10,1.0,1.0,1.0,1.0,0.1111111111111111,0.3010299956639812
standalone_graph,3,20,1.0,1.0,1.0,1.0,0.1111111111111111,0.3010299956639812
standalone_graph,5,1,0.0,0.0,0.0,0.0,0.0,0.0
standalone_graph,5,3,0.0,0.0,0.0,0.0,0.0,0.0
standalone_graph,5,5,0.0,0.0,0.0,0.0,0.0,0.0
standalone_graph,5,10,0.0,0.0,0.0,0.0,0.0,0.0
standalone_graph,5,20,0.0,0.0,0.0,0.0,0.0,0.0
standalone_graph,6,1,0.0,0.0,0.0,0.0,0.0,0.0
standalone_graph,6,3,0.0,0.0,0.0,0.0,0.0,0.0
standalone_graph,6,5,0.0,0.0,0.0,0.0,0.0,0.0
standalone_graph,6,10,0.0,0.0,0.0,0.0,0.0,0.0
standalone_graph,6,20,0.0,0.0,0.0,0.0,0.0,0.0
standalone_graph,7,1,0.0,0.0,0.0,0.0,0.0,0.0
standalone_graph,7,3,0.0,0.0,0.0,0.0,0.0,0.0
standalone_graph,7,5,0.0,0.0,0.0,0.0,0.0,0.0
standalone_graph,7,10,0.0,0.0,0.0,0.0,0.0,0.0
standalone_graph,7,20,0.0,0.0,0.0,0.0,0.0,0.0
standalone_graph,8,1,0.0,0.0,0.0,0.0,0.0,0.0
standalone_graph,8,3,0.0,0.0,0.0,0.0,0.0,0.0
standalone_graph,8,5,0.0,0.0,0.0,0.0,0.0,0.0
standalone_graph,8,10,0.0,0.0,0.0,0.0,0.0,0.0
standalone_graph,8,20,0.0,0.0,0.0,0.0,0.0,0.0
standalone_graph,11,1,0.0,0.0,0.0,0.0,0.0,0.0
standalone_graph,11,3,0.0,0.0,0.0,0.0,0.0,0.0
standalone_graph,11,5,0.0,0.0,0.0,0.0,0.0,0.0
standalone_graph,11,10,0.0,0.0,0.0,0.0,0.0,0.0
standalone_graph,11,20,0.0,0.0,0.0,0.0,0.0,0.0
standalone_graph,12,1,0.0,0.0,0.0,0.0,0.0,0.0
standalone_graph,12,3,0.0,0.0,0.0,0.0,0.0,0.0
standalone_graph,12,5,0.0,0.0,0.0,0.0,0.0,0.0
standalone_graph,12,10,0.0,0.0,0.0,0.0,0.0,0.0
standalone_graph,12,20,0.0,0.0,0.0,0.0,0.0,0.0
standalone_graph,14,1,0.0,0.0,0.0,0.0,0.0,0.0
standalone_graph,14,3,0.0,0.0,0.0,0.0,0.0,0.0
standalone_graph,14,5,0.0,0.0,0.0,0.0,0.0,0.0
standalone_graph,14,10,0.0,0.0,0.0,0.0,0.0,0.0
standalone_graph,14,20,0.0,0.0,0.0,0.0,0.0,0.0
standalone_graph,15,1,0.0,0.0,0.0,0.0,0.0,0.0
standalone_graph,15,3,0.0,0.0,0.0,0.0,0.0,0.0
standalone_graph,15,5,0.0,0.0,0.0,0.0,0.0,0.0
standalone_graph,15,10,0.0,0.0,0.0,0.0,0.0,0.0
standalone_graph,15,20,0.0,0.0,0.0,0.0,0.0,0.0
standalone_graph,16,1,0.0,0.0,0.0,0.0,0.0,0.0
standalone_graph,16,3,0.0,0.0,0.0,0.0,0.0,0.0
standalone_graph,16,5,0.0,0.0,0.0,0.0,0.0,0.0
standalone_graph,16,10,0.0,0.0,0.0,0.0,0.0,0.0
standalone_graph,16,20,1.0,1.0,1.0,1.0,0.08333333333333333,0.27023815442731974
standalone_graph,17,1,0.0,0.0,0.0,0.0,0.0,0.0
standalone_graph,17,3,1.0,1.0,1.0,1.0,0.5,0.6309297535714575
standalone_graph,17,5,1.0,1.0,1.0,1.0,0.5,0.6309297535714575
standalone_graph,17,10,1.0,1.0,1.0,1.0,0.5,0.6309297535714575
standalone_graph,17,20,1.0,1.0,1.0,1.0,0.5,0.6309297535714575
standalone_graph,18,1,0.0,0.0,0.0,0.0,0.0,0.0
standalone_graph,18,3,0.0,0.0,0.0,0.0,0.0,0.0
standalone_graph,18,5,0.0,0.0,0.0,0.0,0.0,0.0
standalone_graph,18,10,0.0,0.0,0.0,0.0,0.0,0.0
standalone_graph,18,20,0.0,0.0,0.0,0.0,0.0,0.0
standalone_graph,19,1,0.0,0.0,0.0,0.0,0.0,0.0
standalone_graph,19,3,0.0,0.0,0.0,0.0,0.0,0.0
standalone_graph,19,5,0.0,0.0,0.0,0.0,0.0,0.0
standalone_graph,19,10,1.0,1.0,1.0,1.0,0.14285714285714285,0.3333333333333333
standalone_graph,19,20,1.0,1.0,1.0,1.0,0.14285714285714285,0.3333333333333333
standalone_graph,20,1,0.0,0.0,0.0,0.0,0.0,0.0
standalone_graph,20,3,0.0,0.0,0.0,0.0,0.0,0.0
standalone_graph,20,5,0.0,0.0,0.0,0.0,0.0,0.0
standalone_graph,20,10,0.0,0.0,0.0,0.0,0.0,0.0
standalone_graph,20,20,0.0,0.0,0.0,0.0,0.0,0.0
standalone_graph,21,1,0.0,0.0,0.0,0.0,0.0,0.0
standalone_graph,21,3,0.0,0.0,0.0,0.0,0.0,0.0
standalone_graph,21,5,0.0,0.0,0.0,0.0,0.0,0.0
standalone_graph,21,10,0.0,0.0,0.0,0.0,0.0,0.0
standalone_graph,21,20,0.0,0.0,0.0,0.0,0.0,0.0
standalone_graph,22,1,0.0,0.0,0.0,0.0,0.0,0.0
standalone_graph,22,3,0.0,0.0,0.0,0.0,0.0,0.0
standalone_graph,22,5,0.0,0.0,0.0,0.0,0.0,0.0
standalone_graph,22,10,0.0,0.0,0.0,0.0,0.0,0.0
standalone_graph,22,20,1.0,1.0,1.0,1.0,0.05,0.227670248696953
standalone_graph,23,1,0.0,0.0,0.0,0.0,0.0,0.0
standalone_graph,23,3,0.0,0.0,0.0,0.0,0.0,0.0
standalone_graph,23,5,0.0,0.0,0.0,0.0,0.0,0.0
standalone_graph,23,10,0.0,0.0,0.0,0.0,0.0,0.0
standalone_graph,23,20,0.0,0.0,0.0,0.0,0.0,0.0
standalone_graph,25,1,0.0,0.0,0.0,0.0,0.0,0.0
standalone_graph,25,3,0.0,0.0,0.0,0.0,0.0,0.0
standalone_graph,25,5,0.0,0.0,0.0,0.0,0.0,0.0
standalone_graph,25,10,0.0,0.0,0.0,0.0,0.0,0.0
standalone_graph,25,20,0.0,0.0,0.0,0.0,0.0,0.0
standalone_graph,26,1,0.0,0.0,0.0,0.0,0.0,0.0
standalone_graph,26,3,0.0,0.0,0.0,0.0,0.0,0.0
standalone_graph,26,5,0.0,0.0,0.0,0.0,0.0,0.0
standalone_graph,26,10,0.0,0.0,0.0,0.0,0.0,0.0
standalone_graph,26,20,0.0,0.0,0.0,0.0,0.0,0.0
standalone_graph,27,1,0.0,0.0,0.0,0.0,0.0,0.0
standalone_graph,27,3,0.0,0.0,0.0,0.0,0.0,0.0
standalone_graph,27,5,0.0,0.0,0.0,0.0,0.0,0.0
standalone_graph,27,10,0.0,0.0,0.0,0.0,0.0,0.0
standalone_graph,27,20,0.0,0.0,0.0,0.0,0.0,0.0
standalone_graph,28,1,0.0,0.0,0.0,0.0,0.0,0.0
standalone_graph,28,3,0.0,0.0,0.0,0.0,0.0,0.0
standalone_graph,28,5,0.0,0.0,0.0,0.0,0.0,0.0
standalone_graph,28,10,0.0,0.0,0.0,0.0,0.0,0.0
standalone_graph,28,20,0.0,0.0,0.0,0.0,0.0,0.0
standalone_graph,29,1,0.0,0.0,0.0,0.0,0.0,0.0
standalone_graph,29,3,0.0,0.0,0.0,0.0,0.0,0.0
standalone_graph,29,5,0.0,0.0,0.0,0.0,0.0,0.0
standalone_graph,29,10,0.0,0.0,0.0,0.0,0.0,0.0
standalone_graph,29,20,0.0,0.0,0.0,0.0,0.0,0.0
standalone_graph,31,1,0.0,0.0,0.0,0.0,0.0,0.0
standalone_graph,31,3,0.0,0.0,0.0,0.0,0.0,0.0
standalone_graph,31,5,0.0,0.0,0.0,0.0,0.0,0.0
standalone_graph,31,10,0.0,0.0,0.0,0.0,0.0,0.0
standalone_graph,31,20,1.0,1.0,1.0,1.0,0.05,0.227670248696953
standalone_graph,32,1,0.0,0.0,0.0,0.0,0.0,0.0
standalone_graph,32,3,0.0,0.0,0.0,0.0,0.0,0.0
standalone_graph,32,5,0.0,0.0,0.0,0.0,0.0,0.0
standalone_graph,32,10,0.0,0.0,0.0,0.0,0.0,0.0
standalone_graph,32,20,1.0,1.0,1.0,1.0,0.05,0.227670248696953
standalone_graph,33,1,0.0,0.0,0.0,0.0,0.0,0.0
standalone_graph,33,3,0.0,0.0,0.0,0.0,0.0,0.0
standalone_graph,33,5,0.0,0.0,0.0,0.0,0.0,0.0
standalone_graph,33,10,1.0,1.0,1.0,1.0,0.1,0.2890648263178879
standalone_graph,33,20,1.0,1.0,1.0,1.0,0.1,0.2890648263178879
standalone_graph,35,1,0.0,0.0,0.0,0.0,0.0,0.0
standalone_graph,35,3,0.0,0.0,0.0,0.0,0.0,0.0
standalone_graph,35,5,0.0,0.0,0.0,0.0,0.0,0.0
standalone_graph,35,10,0.0,0.0,0.0,0.0,0.0,0.0
standalone_graph,35,20,0.0,0.0,0.0,0.0,0.0,0.0
standalone_graph,37,1,0.0,0.0,0.0,0.0,0.0,0.0
standalone_graph,37,3,1.0,1.0,1.0,1.0,0.5,0.6309297535714575
standalone_graph,37,5,1.0,1.0,1.0,1.0,0.5,0.6309297535714575
standalone_graph,37,10,1.0,1.0,1.0,1.0,0.5,0.6309297535714575
standalone_graph,37,20,1.0,1.0,1.0,1.0,0.5,0.6309297535714575
standalone_graph,38,1,0.0,0.0,0.0,0.0,0.0,0.0
standalone_graph,38,3,0.0,0.0,0.0,0.0,0.0,0.0
standalone_graph,38,5,1.0,1.0,1.0,1.0,0.2,0.38685280723454163
standalone_graph,38,10,1.0,1.0,1.0,1.0,0.2,0.38685280723454163
standalone_graph,38,20,1.0,1.0,1.0,1.0,0.2,0.38685280723454163
standalone_graph,39,1,0.0,0.0,0.0,0.0,0.0,0.0
standalone_graph,39,3,0.0,0.0,0.0,0.0,0.0,0.0
standalone_graph,39,5,0.0,0.0,0.0,0.0,0.0,0.0
standalone_graph,39,10,0.0,0.0,0.0,0.0,0.0,0.0
standalone_graph,39,20,0.0,0.0,0.0,0.0,0.0,0.0
standalone_graph,40,1,0.0,0.0,0.0,0.0,0.0,0.0
standalone_graph,40,3,0.0,0.0,0.0,0.0,0.0,0.0
standalone_graph,40,5,0.0,0.0,0.0,0.0,0.0,0.0
standalone_graph,40,10,0.0,0.0,0.0,0.0,0.0,0.0
standalone_graph,40,20,0.0,0.0,0.0,0.0,0.0,0.0
standalone_graph,41,1,0.0,0.0,0.0,0.0,0.0,0.0
standalone_graph,41,3,0.0,0.0,0.0,0.0,0.0,0.0
standalone_graph,41,5,0.0,0.0,0.0,0.0,0.0,0.0
standalone_graph,41,10,0.0,0.0,0.0,0.0,0.0,0.0
standalone_graph,41,20,0.0,0.0,0.0,0.0,0.0,0.0
standalone_graph,42,1,0.0,0.0,0.0,0.0,0.0,0.0
standalone_graph,42,3,0.0,0.0,0.0,0.0,0.0,0.0
standalone_graph,42,5,0.0,0.0,0.0,0.0,0.0,0.0
standalone_graph,42,10,0.0,0.0,0.0,0.0,0.0,0.0
standalone_graph,42,20,0.0,0.0,0.0,0.0,0.0,0.0
standalone_graph,43,1,0.0,0.0,0.0,0.0,0.0,0.0
standalone_graph,43,3,0.0,0.0,0.0,0.0,0.0,0.0
standalone_graph,43,5,0.0,0.0,0.0,0.0,0.0,0.0
standalone_graph,43,10,0.0,0.0,0.0,0.0,0.0,0.0
standalone_graph,43,20,0.0,0.0,0.0,0.0,0.0,0.0
standalone_graph,44,1,0.0,0.0,0.0,0.0,0.0,0.0
standalone_graph,44,3,0.0,0.0,0.0,0.0,0.0,0.0
standalone_graph,44,5,0.0,0.0,0.0,0.0,0.0,0.0
standalone_graph,44,10,0.0,0.0,0.0,0.0,0.0,0.0
standalone_graph,44,20,1.0,1.0,1.0,1.0,0.05,0.227670248696953
standalone_graph,45,1,0.0,0.0,0.0,0.0,0.0,0.0
standalone_graph,45,3,0.0,0.0,0.0,0.0,0.0,0.0
standalone_graph,45,5,0.0,0.0,0.0,0.0,0.0,0.0
standalone_graph,45,10,1.0,1.0,1.0,1.0,0.1111111111111111,0.3010299956639812
standalone_graph,45,20,1.0,1.0,1.0,1.0,0.1111111111111111,0.3010299956639812
standalone_graph,46,1,1.0,1.0,1.0,1.0,1.0,1.0
standalone_graph,46,3,1.0,1.0,1.0,1.0,1.0,1.0
standalone_graph,46,5,1.0,1.0,1.0,1.0,1.0,1.0
standalone_graph,46,10,1.0,1.0,1.0,1.0,1.0,1.0
standalone_graph,46,20,1.0,1.0,1.0,1.0,1.0,1.0
standalone_graph,47,1,0.0,0.0,0.0,0.0,0.0,0.0
standalone_graph,47,3,0.0,0.0,0.0,0.0,0.0,0.0
standalone_graph,47,5,0.0,0.0,0.0,0.0,0.0,0.0
standalone_graph,47,10,0.0,0.0,0.0,0.0,0.0,0.0
standalone_graph,47,20,0.0,0.0,0.0,0.0,0.0,0.0
standalone_graph,48,1,0.0,0.0,0.0,0.0,0.0,0.0
standalone_graph,48,3,0.0,0.0,0.0,0.0,0.0,0.0
standalone_graph,48,5,0.0,0.0,0.0,0.0,0.0,0.0
standalone_graph,48,10,0.0,0.0,0.0,0.0,0.0,0.0
standalone_graph,48,20,0.0,0.0,0.0,0.0,0.0,0.0
standalone_graph,49,1,0.0,0.0,0.0,0.0,0.0,0.0
standalone_graph,49,3,0.0,0.0,0.0,0.0,0.0,0.0
standalone_graph,49,5,0.0,0.0,0.0,0.0,0.0,0.0
standalone_graph,49,10,0.0,0.0,0.0,0.0,0.0,0.0
standalone_graph,49,20,0.0,0.0,0.0,0.0,0.0,0.0
standalone_graph,50,1,0.0,0.0,0.0,0.0,0.0,0.0
standalone_graph,50,3,0.0,0.0,0.0,0.0,0.0,0.0
standalone_graph,50,5,0.0,0.0,0.0,0.0,0.0,0.0
standalone_graph,50,10,0.0,0.0,0.0,0.0,0.0,0.0
standalone_graph,50,20,0.0,0.0,0.0,0.0,0.0,0.0
standalone_graph,54,1,0.0,0.0,0.0,0.0,0.0,0.0
standalone_graph,54,3,0.0,0.0,0.0,0.0,0.0,0.0
standalone_graph,54,5,0.0,0.0,0.0,0.0,0.0,0.0
standalone_graph,54,10,0.0,0.0,0.0,0.0,0.0,0.0
standalone_graph,54,20,0.0,0.0,0.0,0.0,0.0,0.0
standalone_graph,56,1,1.0,1.0,1.0,1.0,1.0,1.0
standalone_graph,56,3,1.0,1.0,1.0,1.0,1.0,1.0
standalone_graph,56,5,1.0,1.0,1.0,1.0,1.0,1.0
standalone_graph,56,10,1.0,1.0,1.0,1.0,1.0,1.0
standalone_graph,56,20,1.0,1.0,1.0,1.0,1.0,1.0
standalone_graph,57,1,0.0,0.0,0.0,0.0,0.0,0.0
standalone_graph,57,3,0.0,0.0,0.0,0.0,0.0,0.0
standalone_graph,57,5,1.0,1.0,1.0,1.0,0.2,0.38685280723454163
standalone_graph,57,10,1.0,1.0,1.0,1.0,0.2,0.38685280723454163
standalone_graph,57,20,1.0,1.0,1.0,1.0,0.2,0.38685280723454163
standalone_graph,58,1,0.0,0.0,0.0,0.0,0.0,0.0
standalone_graph,58,3,0.0,0.0,0.0,0.0,0.0,0.0
standalone_graph,58,5,0.0,0.0,0.0,0.0,0.0,0.0
standalone_graph,58,10,0.0,0.0,0.0,0.0,0.0,0.0
standalone_graph,58,20,1.0,1.0,1.0,1.0,0.058823529411764705,0.23981246656813146
standalone_graph,59,1,0.0,0.0,0.0,0.0,0.0,0.0
standalone_graph,59,3,0.0,0.0,0.0,0.0,0.0,0.0
standalone_graph,59,5,0.0,0.0,0.0,0.0,0.0,0.0
standalone_graph,59,10,0.0,0.0,0.0,0.0,0.0,0.0
standalone_graph,59,20,0.0,0.0,0.0,0.0,0.0,0.0
standalone_graph,60,1,0.0,0.0,0.0,0.0,0.0,0.0
standalone_graph,60,3,0.0,0.0,0.0,0.0,0.0,0.0
standalone_graph,60,5,0.0,0.0,0.0,0.0,0.0,0.0
standalone_graph,60,10,0.0,0.0,0.0,0.0,0.0,0.0
standalone_graph,60,20,0.0,0.0,0.0,0.0,0.0,0.0
standalone_graph,61,1,0.0,0.0,0.0,0.0,0.0,0.0
standalone_graph,61,3,0.0,0.0,0.0,0.0,0.0,0.0
standalone_graph,61,5,0.0,0.0,0.0,0.0,0.0,0.0
standalone_graph,61,10,0.0,0.0,0.0,0.0,0.0,0.0
standalone_graph,61,20,1.0,1.0,1.0,1.0,0.09090909090909091,0.27894294565112987
standalone_graph,62,1,0.0,0.0,0.0,0.0,0.0,0.0
standalone_graph,62,3,0.0,0.0,0.0,0.0,0.0,0.0
standalone_graph,62,5,0.0,0.0,0.0,0.0,0.0,0.0
standalone_graph,62,10,0.0,0.0,0.0,0.0,0.0,0.0
standalone_graph,62,20,0.0,0.0,0.0,0.0,0.0,0.0
standalone_graph,63,1,0.0,0.0,0.0,0.0,0.0,0.0
standalone_graph,63,3,0.0,0.0,0.0,0.0,0.0,0.0
standalone_graph,63,5,0.0,0.0,0.0,0.0,0.0,0.0
standalone_graph,63,10,0.0,0.0,0.0,0.0,0.0,0.0
standalone_graph,63,20,0.0,0.0,0.0,0.0,0.0,0.0
standalone_graph,65,1,0.0,0.0,0.0,0.0,0.0,0.0
standalone_graph,65,3,1.0,1.0,1.0,1.0,0.5,0.6309297535714575
standalone_graph,65,5,1.0,1.0,1.0,1.0,0.5,0.6309297535714575
standalone_graph,65,10,1.0,1.0,1.0,1.0,0.5,0.6309297535714575
standalone_graph,65,20,1.0,1.0,1.0,1.0,0.5,0.6309297535714575
standalone_graph,66,1,0.0,0.0,0.0,0.0,0.0,0.0
standalone_graph,66,3,0.0,0.0,0.0,0.0,0.0,0.0
standalone_graph,66,5,0.0,0.0,0.0,0.0,0.0,0.0
standalone_graph,66,10,0.0,0.0,0.0,0.0,0.0,0.0
standalone_graph,66,20,0.0,0.0,0.0,0.0,0.0,0.0
standalone_graph,67,1,0.0,0.0,0.0,0.0,0.0,0.0
standalone_graph,67,3,0.0,0.0,0.0,0.0,0.0,0.0
standalone_graph,67,5,1.0,1.0,1.0,1.0,0.2,0.38685280723454163
standalone_graph,67,10,1.0,1.0,1.0,1.0,0.2,0.38685280723454163
standalone_graph,67,20,1.0,1.0,1.0,1.0,0.2,0.38685280723454163
standalone_graph,68,1,0.0,0.0,0.0,0.0,0.0,0.0
standalone_graph,68,3,0.0,0.0,0.0,0.0,0.0,0.0
standalone_graph,68,5,0.0,0.0,0.0,0.0,0.0,0.0
standalone_graph,68,10,1.0,1.0,1.0,1.0,0.1111111111111111,0.3010299956639812
standalone_graph,68,20,1.0,1.0,1.0,1.0,0.1111111111111111,0.3010299956639812
standalone_graph,69,1,0.0,0.0,0.0,0.0,0.0,0.0
standalone_graph,69,3,0.0,0.0,0.0,0.0,0.0,0.0
standalone_graph,69,5,0.0,0.0,0.0,0.0,0.0,0.0
standalone_graph,69,10,0.0,0.0,0.0,0.0,0.0,0.0
standalone_graph,69,20,0.0,0.0,0.0,0.0,0.0,0.0
standalone_graph,70,1,0.0,0.0,0.0,0.0,0.0,0.0
standalone_graph,70,3,0.0,0.0,0.0,0.0,0.0,0.0
standalone_graph,70,5,0.0,0.0,0.0,0.0,0.0,0.0
standalone_graph,70,10,0.0,0.0,0.0,0.0,0.0,0.0
standalone_graph,70,20,1.0,1.0,1.0,1.0,0.0625,0.24465054211822604
standalone_graph,71,1,0.0,0.0,0.0,0.0,0.0,0.0
standalone_graph,71,3,0.0,0.0,0.0,0.0,0.0,0.0
standalone_graph,71,5,0.0,0.0,0.0,0.0,0.0,0.0
standalone_graph,71,10,0.0,0.0,0.0,0.0,0.0,0.0
standalone_graph,71,20,1.0,1.0,1.0,1.0,0.05555555555555555,0.23540891336663824
standalone_graph,72,1,0.0,0.0,0.0,0.0,0.0,0.0
standalone_graph,72,3,0.0,0.0,0.0,0.0,0.0,0.0
standalone_graph,72,5,0.0,0.0,0.0,0.0,0.0,0.0
standalone_graph,72,10,0.0,0.0,0.0,0.0,0.0,0.0
standalone_graph,72,20,0.0,0.0,0.0,0.0,0.0,0.0
standalone_graph,73,1,0.0,0.0,0.0,0.0,0.0,0.0
standalone_graph,73,3,0.0,0.0,0.0,0.0,0.0,0.0
standalone_graph,73,5,0.0,0.0,0.0,0.0,0.0,0.0
standalone_graph,73,10,0.0,0.0,0.0,0.0,0.0,0.0
standalone_graph,73,20,0.0,0.0,0.0,0.0,0.0,0.0
standalone_graph,74,1,0.0,0.0,0.0,0.0,0.0,0.0
standalone_graph,74,3,0.0,0.0,0.0,0.0,0.0,0.0
standalone_graph,74,5,1.0,1.0,1.0,1.0,0.2,0.38685280723454163
standalone_graph,74,10,1.0,1.0,1.0,1.0,0.2,0.38685280723454163
standalone_graph,74,20,1.0,1.0,1.0,1.0,0.2,0.38685280723454163
standalone_graph,75,1,0.0,0.0,0.0,0.0,0.0,0.0
standalone_graph,75,3,0.0,0.0,0.0,0.0,0.0,0.0
standalone_graph,75,5,0.0,0.0,0.0,0.0,0.0,0.0
standalone_graph,75,10,0.0,0.0,0.0,0.0,0.0,0.0
standalone_graph,75,20,0.0,0.0,0.0,0.0,0.0,0.0
standalone_graph,77,1,0.0,0.0,0.0,0.0,0.0,0.0
standalone_graph,77,3,0.0,0.0,0.0,0.0,0.0,0.0
standalone_graph,77,5,0.0,0.0,0.0,0.0,0.0,0.0
standalone_graph,77,10,0.0,0.0,0.0,0.0,0.0,0.0
standalone_graph,77,20,0.0,0.0,0.0,0.0,0.0,0.0
standalone_graph,78,1,0.0,0.0,0.0,0.0,0.0,0.0
standalone_graph,78,3,0.0,0.0,0.0,0.0,0.0,0.0
standalone_graph,78,5,0.0,0.0,0.0,0.0,0.0,0.0
standalone_graph,78,10,0.0,0.0,0.0,0.0,0.0,0.0
standalone_graph,78,20,0.0,0.0,0.0,0.0,0.0,0.0
standalone_graph,79,1,1.0,1.0,1.0,1.0,1.0,1.0
standalone_graph,79,3,1.0,1.0,1.0,1.0,1.0,1.0
standalone_graph,79,5,1.0,1.0,1.0,1.0,1.0,1.0
standalone_graph,79,10,1.0,1.0,1.0,1.0,1.0,1.0
standalone_graph,79,20,1.0,1.0,1.0,1.0,1.0,1.0
standalone_graph,81,1,0.0,0.0,0.0,0.0,0.0,0.0
standalone_graph,81,3,0.0,0.0,0.0,0.0,0.0,0.0
standalone_graph,81,5,1.0,1.0,1.0,1.0,0.25,0.43067655807339306
standalone_graph,81,10,1.0,1.0,1.0,1.0,0.25,0.43067655807339306
standalone_graph,81,20,1.0,1.0,1.0,1.0,0.25,0.43067655807339306
standalone_graph,82,1,1.0,1.0,1.0,1.0,1.0,1.0
standalone_graph,82,3,1.0,1.0,1.0,1.0,1.0,1.0
standalone_graph,82,5,1.0,1.0,1.0,1.0,1.0,1.0
standalone_graph,82,10,1.0,1.0,1.0,1.0,1.0,1.0
standalone_graph,82,20,1.0,1.0,1.0,1.0,1.0,1.0
standalone_graph,83,1,0.0,0.0,0.0,0.0,0.0,0.0
standalone_graph,83,3,0.0,0.0,0.0,0.0,0.0,0.0
standalone_graph,83,5,0.0,0.0,0.0,0.0,0.0,0.0
standalone_graph,83,10,0.0,0.0,0.0,0.0,0.0,0.0
standalone_graph,83,20,0.0,0.0,0.0,0.0,0.0,0.0
standalone_graph,84,1,0.0,0.0,0.0,0.0,0.0,0.0
standalone_graph,84,3,0.0,0.0,0.0,0.0,0.0,0.0
standalone_graph,84,5,0.0,0.0,0.0,0.0,0.0,0.0
standalone_graph,84,10,0.0,0.0,0.0,0.0,0.0,0.0
standalone_graph,84,20,0.0,0.0,0.0,0.0,0.0,0.0
standalone_graph,87,1,0.0,0.0,0.0,0.0,0.0,0.0
standalone_graph,87,3,0.0,0.0,0.0,0.0,0.0,0.0
standalone_graph,87,5,0.0,0.0,0.0,0.0,0.0,0.0
standalone_graph,87,10,0.0,0.0,0.0,0.0,0.0,0.0
standalone_graph,87,20,1.0,1.0,1.0,1.0,0.05,0.227670248696953
standalone_graph,88,1,1.0,1.0,1.0,1.0,1.0,1.0
standalone_graph,88,3,1.0,1.0,1.0,1.0,1.0,1.0
standalone_graph,88,5,1.0,1.0,1.0,1.0,1.0,1.0
standalone_graph,88,10,1.0,1.0,1.0,1.0,1.0,1.0
standalone_graph,88,20,1.0,1.0,1.0,1.0,1.0,1.0
standalone_graph,89,1,0.0,0.0,0.0,0.0,0.0,0.0
standalone_graph,89,3,1.0,1.0,1.0,1.0,0.3333333333333333,0.5
standalone_graph,89,5,1.0,1.0,1.0,1.0,0.3333333333333333,0.5
standalone_graph,89,10,1.0,1.0,1.0,1.0,0.3333333333333333,0.5
standalone_graph,89,20,1.0,1.0,1.0,1.0,0.3333333333333333,0.5
standalone_graph,90,1,0.0,0.0,0.0,0.0,0.0,0.0
standalone_graph,90,3,0.0,0.0,0.0,0.0,0.0,0.0
standalone_graph,90,5,0.0,0.0,0.0,0.0,0.0,0.0
standalone_graph,90,10,0.0,0.0,0.0,0.0,0.0,0.0
standalone_graph,90,20,0.0,0.0,0.0,0.0,0.0,0.0
standalone_graph,92,1,0.0,0.0,0.0,0.0,0.0,0.0
standalone_graph,92,3,0.0,0.0,0.0,0.0,0.0,0.0
standalone_graph,92,5,0.0,0.0,0.0,0.0,0.0,0.0
standalone_graph,92,10,0.0,0.0,0.0,0.0,0.0,0.0
standalone_graph,92,20,1.0,1.0,1.0,1.0,0.07142857142857142,0.2559580248098155
standalone_graph,93,1,0.0,0.0,0.0,0.0,0.0,0.0
standalone_graph,93,3,0.0,0.0,0.0,0.0,0.0,0.0
standalone_graph,93,5,0.0,0.0,0.0,0.0,0.0,0.0
standalone_graph,93,10,0.0,0.0,0.0,0.0,0.0,0.0
standalone_graph,93,20,0.0,0.0,0.0,0.0,0.0,0.0
standalone_graph,94,1,0.0,0.0,0.0,0.0,0.0,0.0
standalone_graph,94,3,0.0,0.0,0.0,0.0,0.0,0.0
standalone_graph,94,5,0.0,0.0,0.0,0.0,0.0,0.0
standalone_graph,94,10,0.0,0.0,0.0,0.0,0.0,0.0
standalone_graph,94,20,0.0,0.0,0.0,0.0,0.0,0.0
standalone_graph,95,1,0.0,0.0,0.0,0.0,0.0,0.0
standalone_graph,95,3,0.0,0.0,0.0,0.0,0.0,0.0
standalone_graph,95,5,0.0,0.0,0.0,0.0,0.0,0.0
standalone_graph,95,10,0.0,0.0,0.0,0.0,0.0,0.0
standalone_graph,95,20,0.0,0.0,0.0,0.0,0.0,0.0
standalone_graph,97,1,0.0,0.0,0.0,0.0,0.0,0.0
standalone_graph,97,3,0.0,0.0,0.0,0.0,0.0,0.0
standalone_graph,97,5,0.0,0.0,0.0,0.0,0.0,0.0
standalone_graph,97,10,1.0,1.0,1.0,1.0,0.1111111111111111,0.3010299956639812
standalone_graph,97,20,1.0,1.0,1.0,1.0,0.1111111111111111,0.3010299956639812
standalone_graph,98,1,1.0,1.0,1.0,1.0,1.0,1.0
standalone_graph,98,3,1.0,1.0,1.0,1.0,1.0,1.0
standalone_graph,98,5,1.0,1.0,1.0,1.0,1.0,1.0
standalone_graph,98,10,1.0,1.0,1.0,1.0,1.0,1.0
standalone_graph,98,20,1.0,1.0,1.0,1.0,1.0,1.0
standalone_graph,99,1,0.0,0.0,0.0,0.0,0.0,0.0
standalone_graph,99,3,0.0,0.0,0.0,0.0,0.0,0.0
standalone_graph,99,5,0.0,0.0,0.0,0.0,0.0,0.0
standalone_graph,99,10,0.0,0.0,0.0,0.0,0.0,0.0
standalone_graph,99,20,1.0,1.0,1.0,1.0,0.058823529411764705,0.23981246656813146
standalone_graph,100,1,0.0,0.0,0.0,0.0,0.0,0.0
standalone_graph,100,3,0.0,0.0,0.0,0.0,0.0,0.0
standalone_graph,100,5,0.0,0.0,0.0,0.0,0.0,0.0
standalone_graph,100,10,0.0,0.0,0.0,0.0,0.0,0.0
standalone_graph,100,20,1.0,1.0,1.0,1.0,0.05555555555555555,0.23540891336663824
llm_keywords_concat,1,1,0.0,0.0,0.0,0.0,0.0,0.0
llm_keywords_concat,1,3,1.0,1.0,1.0,1.0,0.5,0.6309297535714575
llm_keywords_concat,1,5,1.0,1.0,1.0,1.0,0.5,0.6309297535714575
llm_keywords_concat,1,10,1.0,1.0,1.0,1.0,0.5,0.6309297535714575
llm_keywords_concat,1,20,1.0,1.0,1.0,1.0,0.5,0.6309297535714575
llm_keywords_concat,3,1,0.0,0.0,0.0,0.0,0.0,0.0
llm_keywords_concat,3,3,0.0,0.0,0.0,0.0,0.0,0.0
llm_keywords_concat,3,5,0.0,0.0,0.0,0.0,0.0,0.0
llm_keywords_concat,3,10,0.0,0.0,0.0,0.0,0.0,0.0
llm_keywords_concat,3,20,1.0,1.0,1.0,1.0,0.058823529411764705,0.23981246656813146
llm_keywords_concat,5,1,0.0,0.0,0.0,0.0,0.0,0.0
llm_keywords_concat,5,3,0.0,0.0,0.0,0.0,0.0,0.0
llm_keywords_concat,5,5,0.0,0.0,0.0,0.0,0.0,0.0
llm_keywords_concat,5,10,0.0,0.0,0.0,0.0,0.0,0.0
llm_keywords_concat,5,20,1.0,1.0,1.0,1.0,0.058823529411764705,0.23981246656813146
llm_keywords_concat,6,1,0.0,0.0,0.0,0.0,0.0,0.0
llm_keywords_concat,6,3,0.0,0.0,0.0,0.0,0.0,0.0
llm_keywords_concat,6,5,0.0,0.0,0.0,0.0,0.0,0.0
llm_keywords_concat,6,10,0.0,0.0,0.0,0.0,0.0,0.0
llm_keywords_concat,6,20,0.0,0.0,0.0,0.0,0.0,0.0
llm_keywords_concat,7,1,0.0,0.0,0.0,0.0,0.0,0.0
llm_keywords_concat,7,3,0.0,0.0,0.0,0.0,0.0,0.0
llm_keywords_concat,7,5,0.0,0.0,0.0,0.0,0.0,0.0
llm_keywords_concat,7,10,0.0,0.0,0.0,0.0,0.0,0.0
llm_keywords_concat,7,20,1.0,1.0,1.0,1.0,0.06666666666666667,0.25
llm_keywords_concat,8,1,0.0,0.0,0.0,0.0,0.0,0.0
llm_keywords_concat,8,3,0.0,0.0,0.0,0.0,0.0,0.0
llm_keywords_concat,8,5,0.0,0.0,0.0,0.0,0.0,0.0
llm_keywords_concat,8,10,0.0,0.0,0.0,0.0,0.0,0.0
llm_keywords_concat,8,20,0.0,0.0,0.0,0.0,0.0,0.0
llm_keywords_concat,11,1,0.0,0.0,0.0,0.0,0.0,0.0
llm_keywords_concat,11,3,0.0,0.0,0.0,0.0,0.0,0.0
llm_keywords_concat,11,5,0.0,0.0,0.0,0.0,0.0,0.0
llm_keywords_concat,11,10,0.0,0.0,0.0,0.0,0.0,0.0
llm_keywords_concat,11,20,0.0,0.0,0.0,0.0,0.0,0.0
llm_keywords_concat,12,1,0.0,0.0,0.0,0.0,0.0,0.0
llm_keywords_concat,12,3,0.0,0.0,0.0,0.0,0.0,0.0
llm_keywords_concat,12,5,0.0,0.0,0.0,0.0,0.0,0.0
llm_keywords_concat,12,10,0.0,0.0,0.0,0.0,0.0,0.0
llm_keywords_concat,12,20,0.0,0.0,0.0,0.0,0.0,0.0
llm_keywords_concat,14,1,0.0,0.0,0.0,0.0,0.0,0.0
llm_keywords_concat,14,3,0.0,0.0,0.0,0.0,0.0,0.0
llm_keywords_concat,14,5,0.0,0.0,0.0,0.0,0.0,0.0
llm_keywords_concat,14,10,0.0,0.0,0.0,0.0,0.0,0.0
llm_keywords_concat,14,20,0.0,0.0,0.0,0.0,0.0,0.0
llm_keywords_concat,15,1,0.0,0.0,0.0,0.0,0.0,0.0
llm_keywords_concat,15,3,0.0,0.0,0.0,0.0,0.0,0.0
llm_keywords_concat,15,5,0.0,0.0,0.0,0.0,0.0,0.0
llm_keywords_concat,15,10,0.0,0.0,0.0,0.0,0.0,0.0
llm_keywords_concat,15,20,0.0,0.0,0.0,0.0,0.0,0.0
llm_keywords_concat,16,1,0.0,0.0,0.0,0.0,0.0,0.0
llm_keywords_concat,16,3,0.0,0.0,0.0,0.0,0.0,0.0
llm_keywords_concat,16,5,0.0,0.0,0.0,0.0,0.0,0.0
llm_keywords_concat,16,10,0.0,0.0,0.0,0.0,0.0,0.0
llm_keywords_concat,16,20,0.0,0.0,0.0,0.0,0.0,0.0
llm_keywords_concat,17,1,0.0,0.0,0.0,0.0,0.0,0.0
llm_keywords_concat,17,3,0.0,0.0,0.0,0.0,0.0,0.0
llm_keywords_concat,17,5,0.0,0.0,0.0,0.0,0.0,0.0
llm_keywords_concat,17,10,0.0,0.0,0.0,0.0,0.0,0.0
llm_keywords_concat,17,20,1.0,1.0,1.0,1.0,0.09090909090909091,0.27894294565112987
llm_keywords_concat,18,1,0.0,0.0,0.0,0.0,0.0,0.0
llm_keywords_concat,18,3,0.0,0.0,0.0,0.0,0.0,0.0
llm_keywords_concat,18,5,0.0,0.0,0.0,0.0,0.0,0.0
llm_keywords_concat,18,10,0.0,0.0,0.0,0.0,0.0,0.0
llm_keywords_concat,18,20,0.0,0.0,0.0,0.0,0.0,0.0
llm_keywords_concat,19,1,0.0,0.0,0.0,0.0,0.0,0.0
llm_keywords_concat,19,3,0.0,0.0,0.0,0.0,0.0,0.0
llm_keywords_concat,19,5,0.0,0.0,0.0,0.0,0.0,0.0
llm_keywords_concat,19,10,0.0,0.0,0.0,0.0,0.0,0.0
llm_keywords_concat,19,20,1.0,1.0,1.0,1.0,0.09090909090909091,0.27894294565112987
llm_keywords_concat,20,1,0.0,0.0,0.0,0.0,0.0,0.0
llm_keywords_concat,20,3,0.0,0.0,0.0,0.0,0.0,0.0
llm_keywords_concat,20,5,0.0,0.0,0.0,0.0,0.0,0.0
llm_keywords_concat,20,10,0.0,0.0,0.0,0.0,0.0,0.0
llm_keywords_concat,20,20,0.0,0.0,0.0,0.0,0.0,0.0
llm_keywords_concat,21,1,0.0,0.0,0.0,0.0,0.0,0.0
llm_keywords_concat,21,3,0.0,0.0,0.0,0.0,0.0,0.0
llm_keywords_concat,21,5,0.0,0.0,0.0,0.0,0.0,0.0
llm_keywords_concat,21,10,0.0,0.0,0.0,0.0,0.0,0.0
llm_keywords_concat,21,20,0.0,0.0,0.0,0.0,0.0,0.0
llm_keywords_concat,22,1,0.0,0.0,0.0,0.0,0.0,0.0
llm_keywords_concat,22,3,0.0,0.0,0.0,0.0,0.0,0.0
llm_keywords_concat,22,5,0.0,0.0,0.0,0.0,0.0,0.0
llm_keywords_concat,22,10,0.0,0.0,0.0,0.0,0.0,0.0
llm_keywords_concat,22,20,0.0,0.0,0.0,0.0,0.0,0.0
llm_keywords_concat,23,1,0.0,0.0,0.0,0.0,0.0,0.0
llm_keywords_concat,23,3,0.0,0.0,0.0,0.0,0.0,0.0
llm_keywords_concat,23,5,0.0,0.0,0.0,0.0,0.0,0.0
llm_keywords_concat,23,10,0.0,0.0,0.0,0.0,0.0,0.0
llm_keywords_concat,23,20,0.0,0.0,0.0,0.0,0.0,0.0
llm_keywords_concat,25,1,0.0,0.0,0.0,0.0,0.0,0.0
llm_keywords_concat,25,3,0.0,0.0,0.0,0.0,0.0,0.0
llm_keywords_concat,25,5,0.0,0.0,0.0,0.0,0.0,0.0
llm_keywords_concat,25,10,0.0,0.0,0.0,0.0,0.0,0.0
llm_keywords_concat,25,20,0.0,0.0,0.0,0.0,0.0,0.0
llm_keywords_concat,26,1,0.0,0.0,0.0,0.0,0.0,0.0
llm_keywords_concat,26,3,0.0,0.0,0.0,0.0,0.0,0.0
llm_keywords_concat,26,5,0.0,0.0,0.0,0.0,0.0,0.0
llm_keywords_concat,26,10,0.0,0.0,0.0,0.0,0.0,0.0
llm_keywords_concat,26,20,0.0,0.0,0.0,0.0,0.0,0.0
llm_keywords_concat,27,1,0.0,0.0,0.0,0.0,0.0,0.0
llm_keywords_concat,27,3,0.0,0.0,0.0,0.0,0.0,0.0
llm_keywords_concat,27,5,0.0,0.0,0.0,0.0,0.0,0.0
llm_keywords_concat,27,10,0.0,0.0,0.0,0.0,0.0,0.0
llm_keywords_concat,27,20,0.0,0.0,0.0,0.0,0.0,0.0
llm_keywords_concat,28,1,0.0,0.0,0.0,0.0,0.0,0.0
llm_keywords_concat,28,3,0.0,0.0,0.0,0.0,0.0,0.0
llm_keywords_concat,28,5,0.0,0.0,0.0,0.0,0.0,0.0
llm_keywords_concat,28,10,0.0,0.0,0.0,0.0,0.0,0.0
llm_keywords_concat,28,20,0.0,0.0,0.0,0.0,0.0,0.0
llm_keywords_concat,29,1,0.0,0.0,0.0,0.0,0.0,0.0
llm_keywords_concat,29,3,0.0,0.0,0.0,0.0,0.0,0.0
llm_keywords_concat,29,5,0.0,0.0,0.0,0.0,0.0,0.0
llm_keywords_concat,29,10,0.0,0.0,0.0,0.0,0.0,0.0
llm_keywords_concat,29,20,1.0,1.0,1.0,1.0,0.09090909090909091,0.27894294565112987
llm_keywords_concat,31,1,0.0,0.0,0.0,0.0,0.0,0.0
llm_keywords_concat,31,3,0.0,0.0,0.0,0.0,0.0,0.0
llm_keywords_concat,31,5,0.0,0.0,0.0,0.0,0.0,0.0
llm_keywords_concat,31,10,0.0,0.0,0.0,0.0,0.0,0.0
llm_keywords_concat,31,20,1.0,1.0,1.0,1.0,0.05555555555555555,0.23540891336663824
llm_keywords_concat,32,1,0.0,0.0,0.0,0.0,0.0,0.0
llm_keywords_concat,32,3,0.0,0.0,0.0,0.0,0.0,0.0
llm_keywords_concat,32,5,0.0,0.0,0.0,0.0,0.0,0.0
llm_keywords_concat,32,10,1.0,1.0,1.0,1.0,0.16666666666666666,0.3562071871080222
llm_keywords_concat,32,20,1.0,1.0,1.0,1.0,0.16666666666666666,0.3562071871080222
llm_keywords_concat,33,1,0.0,0.0,0.0,0.0,0.0,0.0
llm_keywords_concat,33,3,0.0,0.0,0.0,0.0,0.0,0.0
llm_keywords_concat,33,5,0.0,0.0,0.0,0.0,0.0,0.0
llm_keywords_concat,33,10,0.0,0.0,0.0,0.0,0.0,0.0
llm_keywords_concat,33,20,0.0,0.0,0.0,0.0,0.0,0.0
llm_keywords_concat,35,1,0.0,0.0,0.0,0.0,0.0,0.0
llm_keywords_concat,35,3,0.0,0.0,0.0,0.0,0.0,0.0
llm_keywords_concat,35,5,0.0,0.0,0.0,0.0,0.0,0.0
llm_keywords_concat,35,10,0.0,0.0,0.0,0.0,0.0,0.0
llm_keywords_concat,35,20,0.0,0.0,0.0,0.0,0.0,0.0
llm_keywords_concat,37,1,0.0,0.0,0.0,0.0,0.0,0.0
llm_keywords_concat,37,3,1.0,1.0,1.0,1.0,0.5,0.6309297535714575
llm_keywords_concat,37,5,1.0,1.0,1.0,1.0,0.5,0.6309297535714575
llm_keywords_concat,37,10,1.0,1.0,1.0,1.0,0.5,0.6309297535714575
llm_keywords_concat,37,20,1.0,1.0,1.0,1.0,0.5,0.6309297535714575
llm_keywords_concat,38,1,0.0,0.0,0.0,0.0,0.0,0.0
llm_keywords_concat,38,3,0.0,0.0,0.0,0.0,0.0,0.0
llm_keywords_concat,38,5,0.0,0.0,0.0,0.0,0.0,0.0
llm_keywords_concat,38,10,1.0,1.0,1.0,1.0,0.16666666666666666,0.3562071871080222
llm_keywords_concat,38,20,1.0,1.0,1.0,1.0,0.16666666666666666,0.3562071871080222
llm_keywords_concat,39,1,0.0,0.0,0.0,0.0,0.0,0.0
llm_keywords_concat,39,3,0.0,0.0,0.0,0.0,0.0,0.0
llm_keywords_concat,39,5,0.0,0.0,0.0,0.0,0.0,0.0
llm_keywords_concat,39,10,0.0,0.0,0.0,0.0,0.0,0.0
llm_keywords_concat,39,20,0.0,0.0,0.0,0.0,0.0,0.0
llm_keywords_concat,40,1,0.0,0.0,0.0,0.0,0.0,0.0
llm_keywords_concat,40,3,0.0,0.0,0.0,0.0,0.0,0.0
llm_keywords_concat,40,5,0.0,0.0,0.0,0.0,0.0,0.0
llm_keywords_concat,40,10,0.0,0.0,0.0,0.0,0.0,0.0
llm_keywords_concat,40,20,1.0,1.0,1.0,1.0,0.07692307692307693,0.26264953503719357
llm_keywords_concat,41,1,0.0,0.0,0.0,0.0,0.0,0.0
llm_keywords_concat,41,3,0.0,0.0,0.0,0.0,0.0,0.0
llm_keywords_concat,41,5,0.0,0.0,0.0,0.0,0.0,0.0
llm_keywords_concat,41,10,0.0,0.0,0.0,0.0,0.0,0.0
llm_keywords_concat,41,20,0.0,0.0,0.0,0.0,0.0,0.0
llm_keywords_concat,42,1,0.0,0.0,0.0,0.0,0.0,0.0
llm_keywords_concat,42,3,0.0,0.0,0.0,0.0,0.0,0.0
llm_keywords_concat,42,5,0.0,0.0,0.0,0.0,0.0,0.0
llm_keywords_concat,42,10,1.0,1.0,1.0,1.0,0.125,0.31546487678572877
llm_keywords_concat,42,20,1.0,1.0,1.0,1.0,0.125,0.31546487678572877
llm_keywords_concat,43,1,0.0,0.0,0.0,0.0,0.0,0.0
llm_keywords_concat,43,3,0.0,0.0,0.0,0.0,0.0,0.0
llm_keywords_concat,43,5,0.0,0.0,0.0,0.0,0.0,0.0
llm_keywords_concat,43,10,0.0,0.0,0.0,0.0,0.0,0.0
llm_keywords_concat,43,20,0.0,0.0,0.0,0.0,0.0,0.0
llm_keywords_concat,44,1,0.0,0.0,0.0,0.0,0.0,0.0
llm_keywords_concat,44,3,0.0,0.0,0.0,0.0,0.0,0.0
llm_keywords_concat,44,5,0.0,0.0,0.0,0.0,0.0,0.0
llm_keywords_concat,44,10,0.0,0.0,0.0,0.0,0.0,0.0
llm_keywords_concat,44,20,0.0,0.0,0.0,0.0,0.0,0.0
llm_keywords_concat,45,1,0.0,0.0,0.0,0.0,0.0,0.0
llm_keywords_concat,45,3,0.0,0.0,0.0,0.0,0.0,0.0
llm_keywords_concat,45,5,0.0,0.0,0.0,0.0,0.0,0.0
llm_keywords_concat,45,10,0.0,0.0,0.0,0.0,0.0,0.0
llm_keywords_concat,45,20,1.0,1.0,1.0,1.0,0.07142857142857142,0.2559580248098155
llm_keywords_concat,46,1,1.0,1.0,1.0,1.0,1.0,1.0
llm_keywords_concat,46,3,1.0,1.0,1.0,1.0,1.0,1.0
llm_keywords_concat,46,5,1.0,1.0,1.0,1.0,1.0,1.0
llm_keywords_concat,46,10,1.0,1.0,1.0,1.0,1.0,1.0
llm_keywords_concat,46,20,1.0,1.0,1.0,1.0,1.0,1.0
llm_keywords_concat,47,1,0.0,0.0,0.0,0.0,0.0,0.0
llm_keywords_concat,47,3,0.0,0.0,0.0,0.0,0.0,0.0
llm_keywords_concat,47,5,0.0,0.0,0.0,0.0,0.0,0.0
llm_keywords_concat,47,10,0.0,0.0,0.0,0.0,0.0,0.0
llm_keywords_concat,47,20,0.0,0.0,0.0,0.0,0.0,0.0
llm_keywords_concat,48,1,0.0,0.0,0.0,0.0,0.0,0.0
llm_keywords_concat,48,3,0.0,0.0,0.0,0.0,0.0,0.0
llm_keywords_concat,48,5,0.0,0.0,0.0,0.0,0.0,0.0
llm_keywords_concat,48,10,0.0,0.0,0.0,0.0,0.0,0.0
llm_keywords_concat,48,20,0.0,0.0,0.0,0.0,0.0,0.0
llm_keywords_concat,49,1,0.0,0.0,0.0,0.0,0.0,0.0
llm_keywords_concat,49,3,0.0,0.0,0.0,0.0,0.0,0.0
llm_keywords_concat,49,5,0.0,0.0,0.0,0.0,0.0,0.0
llm_keywords_concat,49,10,0.0,0.0,0.0,0.0,0.0,0.0
llm_keywords_concat,49,20,0.0,0.0,0.0,0.0,0.0,0.0
llm_keywords_concat,50,1,0.0,0.0,0.0,0.0,0.0,0.0
llm_keywords_concat,50,3,0.0,0.0,0.0,0.0,0.0,0.0
llm_keywords_concat,50,5,0.0,0.0,0.0,0.0,0.0,0.0
llm_keywords_concat,50,10,0.0,0.0,0.0,0.0,0.0,0.0
llm_keywords_concat,50,20,0.0,0.0,0.0,0.0,0.0,0.0
llm_keywords_concat,54,1,0.0,0.0,0.0,0.0,0.0,0.0
llm_keywords_concat,54,3,0.0,0.0,0.0,0.0,0.0,0.0
llm_keywords_concat,54,5,0.0,0.0,0.0,0.0,0.0,0.0
llm_keywords_concat,54,10,0.0,0.0,0.0,0.0,0.0,0.0
llm_keywords_concat,54,20,0.0,0.0,0.0,0.0,0.0,0.0
llm_keywords_concat,56,1,1.0,1.0,1.0,1.0,1.0,1.0
llm_keywords_concat,56,3,1.0,1.0,1.0,1.0,1.0,1.0
llm_keywords_concat,56,5,1.0,1.0,1.0,1.0,1.0,1.0
llm_keywords_concat,56,10,1.0,1.0,1.0,1.0,1.0,1.0
llm_keywords_concat,56,20,1.0,1.0,1.0,1.0,1.0,1.0
llm_keywords_concat,57,1,0.0,0.0,0.0,0.0,0.0,0.0
llm_keywords_concat,57,3,0.0,0.0,0.0,0.0,0.0,0.0
llm_keywords_concat,57,5,0.0,0.0,0.0,0.0,0.0,0.0
llm_keywords_concat,57,10,0.0,0.0,0.0,0.0,0.0,0.0
llm_keywords_concat,57,20,1.0,1.0,1.0,1.0,0.09090909090909091,0.27894294565112987
llm_keywords_concat,58,1,0.0,0.0,0.0,0.0,0.0,0.0
llm_keywords_concat,58,3,0.0,0.0,0.0,0.0,0.0,0.0
llm_keywords_concat,58,5,0.0,0.0,0.0,0.0,0.0,0.0
llm_keywords_concat,58,10,0.0,0.0,0.0,0.0,0.0,0.0
llm_keywords_concat,58,20,0.0,0.0,0.0,0.0,0.0,0.0
llm_keywords_concat,59,1,0.0,0.0,0.0,0.0,0.0,0.0
llm_keywords_concat,59,3,0.0,0.0,0.0,0.0,0.0,0.0
llm_keywords_concat,59,5,0.0,0.0,0.0,0.0,0.0,0.0
llm_keywords_concat,59,10,0.0,0.0,0.0,0.0,0.0,0.0
llm_keywords_concat,59,20,0.0,0.0,0.0,0.0,0.0,0.0
llm_keywords_concat,60,1,0.0,0.0,0.0,0.0,0.0,0.0
llm_keywords_concat,60,3,0.0,0.0,0.0,0.0,0.0,0.0
llm_keywords_concat,60,5,0.0,0.0,0.0,0.0,0.0,0.0
llm_keywords_concat,60,10,0.0,0.0,0.0,0.0,0.0,0.0
llm_keywords_concat,60,20,0.0,0.0,0.0,0.0,0.0,0.0
llm_keywords_concat,61,1,0.0,0.0,0.0,0.0,0.0,0.0
llm_keywords_concat,61,3,0.0,0.0,0.0,0.0,0.0,0.0
llm_keywords_concat,61,5,0.0,0.0,0.0,0.0,0.0,0.0
llm_keywords_concat,61,10,0.0,0.0,0.0,0.0,0.0,0.0
llm_keywords_concat,61,20,1.0,1.0,1.0,1.0,0.07692307692307693,0.26264953503719357
llm_keywords_concat,62,1,0.0,0.0,0.0,0.0,0.0,0.0
llm_keywords_concat,62,3,0.0,0.0,0.0,0.0,0.0,0.0
llm_keywords_concat,62,5,0.0,0.0,0.0,0.0,0.0,0.0
llm_keywords_concat,62,10,0.0,0.0,0.0,0.0,0.0,0.0
llm_keywords_concat,62,20,0.0,0.0,0.0,0.0,0.0,0.0
llm_keywords_concat,63,1,0.0,0.0,0.0,0.0,0.0,0.0
llm_keywords_concat,63,3,0.0,0.0,0.0,0.0,0.0,0.0
llm_keywords_concat,63,5,0.0,0.0,0.0,0.0,0.0,0.0
llm_keywords_concat,63,10,0.0,0.0,0.0,0.0,0.0,0.0
llm_keywords_concat,63,20,0.0,0.0,0.0,0.0,0.0,0.0
llm_keywords_concat,65,1,0.0,0.0,0.0,0.0,0.0,0.0
llm_keywords_concat,65,3,0.0,0.0,0.0,0.0,0.0,0.0
llm_keywords_concat,65,5,1.0,1.0,1.0,1.0,0.25,0.43067655807339306
llm_keywords_concat,65,10,1.0,1.0,1.0,1.0,0.25,0.43067655807339306
llm_keywords_concat,65,20,1.0,1.0,1.0,1.0,0.25,0.43067655807339306
llm_keywords_concat,66,1,0.0,0.0,0.0,0.0,0.0,0.0
llm_keywords_concat,66,3,0.0,0.0,0.0,0.0,0.0,0.0
llm_keywords_concat,66,5,0.0,0.0,0.0,0.0,0.0,0.0
llm_keywords_concat,66,10,0.0,0.0,0.0,0.0,0.0,0.0
llm_keywords_concat,66,20,0.0,0.0,0.0,0.0,0.0,0.0
llm_keywords_concat,67,1,0.0,0.0,0.0,0.0,0.0,0.0
llm_keywords_concat,67,3,0.0,0.0,0.0,0.0,0.0,0.0
llm_keywords_concat,67,5,0.0,0.0,0.0,0.0,0.0,0.0
llm_keywords_concat,67,10,0.0,0.0,0.0,0.0,0.0,0.0
llm_keywords_concat,67,20,1.0,1.0,1.0,1.0,0.08333333333333333,0.27023815442731974
llm_keywords_concat,68,1,0.0,0.0,0.0,0.0,0.0,0.0
llm_keywords_concat,68,3,0.0,0.0,0.0,0.0,0.0,0.0
llm_keywords_concat,68,5,0.0,0.0,0.0,0.0,0.0,0.0
llm_keywords_concat,68,10,0.0,0.0,0.0,0.0,0.0,0.0
llm_keywords_concat,68,20,0.0,0.0,0.0,0.0,0.0,0.0
llm_keywords_concat,69,1,0.0,0.0,0.0,0.0,0.0,0.0
llm_keywords_concat,69,3,0.0,0.0,0.0,0.0,0.0,0.0
llm_keywords_concat,69,5,0.0,0.0,0.0,0.0,0.0,0.0
llm_keywords_concat,69,10,0.0,0.0,0.0,0.0,0.0,0.0
llm_keywords_concat,69,20,0.0,0.0,0.0,0.0,0.0,0.0
llm_keywords_concat,70,1,0.0,0.0,0.0,0.0,0.0,0.0
llm_keywords_concat,70,3,0.0,0.0,0.0,0.0,0.0,0.0
llm_keywords_concat,70,5,0.0,0.0,0.0,0.0,0.0,0.0
llm_keywords_concat,70,10,0.0,0.0,0.0,0.0,0.0,0.0
llm_keywords_concat,70,20,0.0,0.0,0.0,0.0,0.0,0.0
llm_keywords_concat,71,1,0.0,0.0,0.0,0.0,0.0,0.0
llm_keywords_concat,71,3,0.0,0.0,0.0,0.0,0.0,0.0
llm_keywords_concat,71,5,0.0,0.0,0.0,0.0,0.0,0.0
llm_keywords_concat,71,10,0.0,0.0,0.0,0.0,0.0,0.0
llm_keywords_concat,71,20,0.0,0.0,0.0,0.0,0.0,0.0
llm_keywords_concat,72,1,0.0,0.0,0.0,0.0,0.0,0.0
llm_keywords_concat,72,3,0.0,0.0,0.0,0.0,0.0,0.0
llm_keywords_concat,72,5,0.0,0.0,0.0,0.0,0.0,0.0
llm_keywords_concat,72,10,0.0,0.0,0.0,0.0,0.0,0.0
llm_keywords_concat,72,20,0.0,0.0,0.0,0.0,0.0,0.0
llm_keywords_concat,73,1,0.0,0.0,0.0,0.0,0.0,0.0
llm_keywords_concat,73,3,0.0,0.0,0.0,0.0,0.0,0.0
llm_keywords_concat,73,5,0.0,0.0,0.0,0.0,0.0,0.0
llm_keywords_concat,73,10,0.0,0.0,0.0,0.0,0.0,0.0
llm_keywords_concat,73,20,0.0,0.0,0.0,0.0,0.0,0.0
llm_keywords_concat,74,1,0.0,0.0,0.0,0.0,0.0,0.0
llm_keywords_concat,74,3,0.0,0.0,0.0,0.0,0.0,0.0
llm_keywords_concat,74,5,0.0,0.0,0.0,0.0,0.0,0.0
llm_keywords_concat,74,10,1.0,1.0,1.0,1.0,0.16666666666666666,0.3562071871080222
llm_keywords_concat,74,20,1.0,1.0,1.0,1.0,0.16666666666666666,0.3562071871080222
llm_keywords_concat,75,1,0.0,0.0,0.0,0.0,0.0,0.0
llm_keywords_concat,75,3,0.0,0.0,0.0,0.0,0.0,0.0
llm_keywords_concat,75,5,0.0,0.0,0.0,0.0,0.0,0.0
llm_keywords_concat,75,10,0.0,0.0,0.0,0.0,0.0,0.0
llm_keywords_concat,75,20,0.0,0.0,0.0,0.0,0.0,0.0
llm_keywords_concat,77,1,0.0,0.0,0.0,0.0,0.0,0.0
llm_keywords_concat,77,3,0.0,0.0,0.0,0.0,0.0,0.0
llm_keywords_concat,77,5,0.0,0.0,0.0,0.0,0.0,0.0
llm_keywords_concat,77,10,0.0,0.0,0.0,0.0,0.0,0.0
llm_keywords_concat,77,20,0.0,0.0,0.0,0.0,0.0,0.0
llm_keywords_concat,78,1,0.0,0.0,0.0,0.0,0.0,0.0
llm_keywords_concat,78,3,0.0,0.0,0.0,0.0,0.0,0.0
llm_keywords_concat,78,5,0.0,0.0,0.0,0.0,0.0,0.0
llm_keywords_concat,78,10,0.0,0.0,0.0,0.0,0.0,0.0
llm_keywords_concat,78,20,0.0,0.0,0.0,0.0,0.0,0.0
llm_keywords_concat,79,1,1.0,1.0,1.0,1.0,1.0,1.0
llm_keywords_concat,79,3,1.0,1.0,1.0,1.0,1.0,1.0
llm_keywords_concat,79,5,1.0,1.0,1.0,1.0,1.0,1.0
llm_keywords_concat,79,10,1.0,1.0,1.0,1.0,1.0,1.0
llm_keywords_concat,79,20,1.0,1.0,1.0,1.0,1.0,1.0
llm_keywords_concat,81,1,0.0,0.0,0.0,0.0,0.0,0.0
llm_keywords_concat,81,3,0.0,0.0,0.0,0.0,0.0,0.0
llm_keywords_concat,81,5,0.0,0.0,0.0,0.0,0.0,0.0
llm_keywords_concat,81,10,0.0,0.0,0.0,0.0,0.0,0.0
llm_keywords_concat,81,20,0.0,0.0,0.0,0.0,0.0,0.0
llm_keywords_concat,82,1,1.0,1.0,1.0,1.0,1.0,1.0
llm_keywords_concat,82,3,1.0,1.0,1.0,1.0,1.0,1.0
llm_keywords_concat,82,5,1.0,1.0,1.0,1.0,1.0,1.0
llm_keywords_concat,82,10,1.0,1.0,1.0,1.0,1.0,1.0
llm_keywords_concat,82,20,1.0,1.0,1.0,1.0,1.0,1.0
llm_keywords_concat,83,1,0.0,0.0,0.0,0.0,0.0,0.0
llm_keywords_concat,83,3,0.0,0.0,0.0,0.0,0.0,0.0
llm_keywords_concat,83,5,0.0,0.0,0.0,0.0,0.0,0.0
llm_keywords_concat,83,10,0.0,0.0,0.0,0.0,0.0,0.0
llm_keywords_concat,83,20,0.0,0.0,0.0,0.0,0.0,0.0
llm_keywords_concat,84,1,0.0,0.0,0.0,0.0,0.0,0.0
llm_keywords_concat,84,3,1.0,1.0,1.0,1.0,0.5,0.6309297535714575
llm_keywords_concat,84,5,1.0,1.0,1.0,1.0,0.5,0.6309297535714575
llm_keywords_concat,84,10,1.0,1.0,1.0,1.0,0.5,0.6309297535714575
llm_keywords_concat,84,20,1.0,1.0,1.0,1.0,0.5,0.6309297535714575
llm_keywords_concat,87,1,0.0,0.0,0.0,0.0,0.0,0.0
llm_keywords_concat,87,3,0.0,0.0,0.0,0.0,0.0,0.0
llm_keywords_concat,87,5,0.0,0.0,0.0,0.0,0.0,0.0
llm_keywords_concat,87,10,0.0,0.0,0.0,0.0,0.0,0.0
llm_keywords_concat,87,20,0.0,0.0,0.0,0.0,0.0,0.0
llm_keywords_concat,88,1,0.0,0.0,0.0,0.0,0.0,0.0
llm_keywords_concat,88,3,0.0,0.0,0.0,0.0,0.0,0.0
llm_keywords_concat,88,5,0.0,0.0,0.0,0.0,0.0,0.0
llm_keywords_concat,88,10,0.0,0.0,0.0,0.0,0.0,0.0
llm_keywords_concat,88,20,1.0,1.0,1.0,1.0,0.08333333333333333,0.27023815442731974
llm_keywords_concat,89,1,0.0,0.0,0.0,0.0,0.0,0.0
llm_keywords_concat,89,3,0.0,0.0,0.0,0.0,0.0,0.0
llm_keywords_concat,89,5,0.0,0.0,0.0,0.0,0.0,0.0
llm_keywords_concat,89,10,0.0,0.0,0.0,0.0,0.0,0.0
llm_keywords_concat,89,20,0.0,0.0,0.0,0.0,0.0,0.0
llm_keywords_concat,90,1,0.0,0.0,0.0,0.0,0.0,0.0
llm_keywords_concat,90,3,0.0,0.0,0.0,0.0,0.0,0.0
llm_keywords_concat,90,5,0.0,0.0,0.0,0.0,0.0,0.0
llm_keywords_concat,90,10,0.0,0.0,0.0,0.0,0.0,0.0
llm_keywords_concat,90,20,0.0,0.0,0.0,0.0,0.0,0.0
llm_keywords_concat,92,1,0.0,0.0,0.0,0.0,0.0,0.0
llm_keywords_concat,92,3,0.0,0.0,0.0,0.0,0.0,0.0
llm_keywords_concat,92,5,0.0,0.0,0.0,0.0,0.0,0.0
llm_keywords_concat,92,10,1.0,1.0,1.0,1.0,0.1111111111111111,0.3010299956639812
llm_keywords_concat,92,20,1.0,1.0,1.0,1.0,0.1111111111111111,0.3010299956639812
llm_keywords_concat,93,1,0.0,0.0,0.0,0.0,0.0,0.0
llm_keywords_concat,93,3,0.0,0.0,0.0,0.0,0.0,0.0
llm_keywords_concat,93,5,0.0,0.0,0.0,0.0,0.0,0.0
llm_keywords_concat,93,10,0.0,0.0,0.0,0.0,0.0,0.0
llm_keywords_concat,93,20,0.0,0.0,0.0,0.0,0.0,0.0
llm_keywords_concat,94,1,0.0,0.0,0.0,0.0,0.0,0.0
llm_keywords_concat,94,3,0.0,0.0,0.0,0.0,0.0,0.0
llm_keywords_concat,94,5,0.0,0.0,0.0,0.0,0.0,0.0
llm_keywords_concat,94,10,0.0,0.0,0.0,0.0,0.0,0.0
llm_keywords_concat,94,20,0.0,0.0,0.0,0.0,0.0,0.0
llm_keywords_concat,95,1,0.0,0.0,0.0,0.0,0.0,0.0
llm_keywords_concat,95,3,0.0,0.0,0.0,0.0,0.0,0.0
llm_keywords_concat,95,5,0.0,0.0,0.0,0.0,0.0,0.0
llm_keywords_concat,95,10,1.0,1.0,1.0,1.0,0.1111111111111111,0.3010299956639812
llm_keywords_concat,95,20,1.0,1.0,1.0,1.0,0.1111111111111111,0.3010299956639812
llm_keywords_concat,97,1,0.0,0.0,0.0,0.0,0.0,0.0
llm_keywords_concat,97,3,0.0,0.0,0.0,0.0,0.0,0.0
llm_keywords_concat,97,5,0.0,0.0,0.0,0.0,0.0,0.0
llm_keywords_concat,97,10,1.0,1.0,1.0,1.0,0.1111111111111111,0.3010299956639812
llm_keywords_concat,97,20,1.0,1.0,1.0,1.0,0.1111111111111111,0.3010299956639812
llm_keywords_concat,98,1,1.0,1.0,1.0,1.0,1.0,1.0
llm_keywords_concat,98,3,1.0,1.0,1.0,1.0,1.0,1.0
llm_keywords_concat,98,5,1.0,1.0,1.0,1.0,1.0,1.0
llm_keywords_concat,98,10,1.0,1.0,1.0,1.0,1.0,1.0
llm_keywords_concat,98,20,1.0,1.0,1.0,1.0,1.0,1.0
llm_keywords_concat,99,1,0.0,0.0,0.0,0.0,0.0,0.0
llm_keywords_concat,99,3,0.0,0.0,0.0,0.0,0.0,0.0
llm_keywords_concat,99,5,0.0,0.0,0.0,0.0,0.0,0.0
llm_keywords_concat,99,10,0.0,0.0,0.0,0.0,0.0,0.0
llm_keywords_concat,99,20,0.0,0.0,0.0,0.0,0.0,0.0
llm_keywords_concat,100,1,0.0,0.0,0.0,0.0,0.0,0.0
llm_keywords_concat,100,3,0.0,0.0,0.0,0.0,0.0,0.0
llm_keywords_concat,100,5,0.0,0.0,0.0,0.0,0.0,0.0
llm_keywords_concat,100,10,0.0,0.0,0.0,0.0,0.0,0.0
llm_keywords_concat,100,20,0.0,0.0,0.0,0.0,0.0,0.0
llm_keywords_mixed,1,1,0.0,0.0,0.0,0.0,0.0,0.0
llm_keywords_mixed,1,3,1.0,1.0,1.0,1.0,0.5,0.6309297535714575
llm_keywords_mixed,1,5,1.0,1.0,1.0,1.0,0.5,0.6309297535714575
llm_keywords_mixed,1,10,1.0,1.0,1.0,1.0,0.5,0.6309297535714575
llm_keywords_mixed,1,20,1.0,1.0,1.0,1.0,0.5,0.6309297535714575
llm_keywords_mixed,3,1,0.0,0.0,0.0,0.0,0.0,0.0
llm_keywords_mixed,3,3,0.0,0.0,0.0,0.0,0.0,0.0
llm_keywords_mixed,3,5,0.0,0.0,0.0,0.0,0.0,0.0
llm_keywords_mixed,3,10,0.0,0.0,0.0,0.0,0.0,0.0
llm_keywords_mixed,3,20,1.0,1.0,1.0,1.0,0.08333333333333333,0.27023815442731974
llm_keywords_mixed,5,1,0.0,0.0,0.0,0.0,0.0,0.0
llm_keywords_mixed,5,3,0.0,0.0,0.0,0.0,0.0,0.0
llm_keywords_mixed,5,5,0.0,0.0,0.0,0.0,0.0,0.0
llm_keywords_mixed,5,10,0.0,0.0,0.0,0.0,0.0,0.0
llm_keywords_mixed,5,20,0.0,0.0,0.0,0.0,0.0,0.0
llm_keywords_mixed,6,1,0.0,0.0,0.0,0.0,0.0,0.0
llm_keywords_mixed,6,3,0.0,0.0,0.0,0.0,0.0,0.0
llm_keywords_mixed,6,5,0.0,0.0,0.0,0.0,0.0,0.0
llm_keywords_mixed,6,10,0.0,0.0,0.0,0.0,0.0,0.0
llm_keywords_mixed,6,20,0.0,0.0,0.0,0.0,0.0,0.0
llm_keywords_mixed,7,1,0.0,0.0,0.0,0.0,0.0,0.0
llm_keywords_mixed,7,3,0.0,0.0,0.0,0.0,0.0,0.0
llm_keywords_mixed,7,5,0.0,0.0,0.0,0.0,0.0,0.0
llm_keywords_mixed,7,10,0.0,0.0,0.0,0.0,0.0,0.0
llm_keywords_mixed,7,20,1.0,1.0,1.0,1.0,0.05263157894736842,0.23137821315975915
llm_keywords_mixed,8,1,0.0,0.0,0.0,0.0,0.0,0.0
llm_keywords_mixed,8,3,0.0,0.0,0.0,0.0,0.0,0.0
llm_keywords_mixed,8,5,0.0,0.0,0.0,0.0,0.0,0.0
llm_keywords_mixed,8,10,0.0,0.0,0.0,0.0,0.0,0.0
llm_keywords_mixed,8,20,0.0,0.0,0.0,0.0,0.0,0.0
llm_keywords_mixed,11,1,0.0,0.0,0.0,0.0,0.0,0.0
llm_keywords_mixed,11,3,0.0,0.0,0.0,0.0,0.0,0.0
llm_keywords_mixed,11,5,0.0,0.0,0.0,0.0,0.0,0.0
llm_keywords_mixed,11,10,0.0,0.0,0.0,0.0,0.0,0.0
llm_keywords_mixed,11,20,0.0,0.0,0.0,0.0,0.0,0.0
llm_keywords_mixed,12,1,0.0,0.0,0.0,0.0,0.0,0.0
llm_keywords_mixed,12,3,0.0,0.0,0.0,0.0,0.0,0.0
llm_keywords_mixed,12,5,0.0,0.0,0.0,0.0,0.0,0.0
llm_keywords_mixed,12,10,0.0,0.0,0.0,0.0,0.0,0.0
llm_keywords_mixed,12,20,0.0,0.0,0.0,0.0,0.0,0.0
llm_keywords_mixed,14,1,0.0,0.0,0.0,0.0,0.0,0.0
llm_keywords_mixed,14,3,0.0,0.0,0.0,0.0,0.0,0.0
llm_keywords_mixed,14,5,0.0,0.0,0.0,0.0,0.0,0.0
llm_keywords_mixed,14,10,0.0,0.0,0.0,0.0,0.0,0.0
llm_keywords_mixed,14,20,0.0,0.0,0.0,0.0,0.0,0.0
llm_keywords_mixed,15,1,0.0,0.0,0.0,0.0,0.0,0.0
llm_keywords_mixed,15,3,0.0,0.0,0.0,0.0,0.0,0.0
llm_keywords_mixed,15,5,0.0,0.0,0.0,0.0,0.0,0.0
llm_keywords_mixed,15,10,0.0,0.0,0.0,0.0,0.0,0.0
llm_keywords_mixed,15,20,0.0,0.0,0.0,0.0,0.0,0.0
llm_keywords_mixed,16,1,0.0,0.0,0.0,0.0,0.0,0.0
llm_keywords_mixed,16,3,0.0,0.0,0.0,0.0,0.0,0.0
llm_keywords_mixed,16,5,0.0,0.0,0.0,0.0,0.0,0.0
llm_keywords_mixed,16,10,0.0,0.0,0.0,0.0,0.0,0.0
llm_keywords_mixed,16,20,1.0,1.0,1.0,1.0,0.058823529411764705,0.23981246656813146
llm_keywords_mixed,17,1,0.0,0.0,0.0,0.0,0.0,0.0
llm_keywords_mixed,17,3,1.0,1.0,1.0,1.0,0.5,0.6309297535714575
llm_keywords_mixed,17,5,1.0,1.0,1.0,1.0,0.5,0.6309297535714575
llm_keywords_mixed,17,10,1.0,1.0,1.0,1.0,0.5,0.6309297535714575
llm_keywords_mixed,17,20,1.0,1.0,1.0,1.0,0.5,0.6309297535714575
llm_keywords_mixed,18,1,0.0,0.0,0.0,0.0,0.0,0.0
llm_keywords_mixed,18,3,0.0,0.0,0.0,0.0,0.0,0.0
llm_keywords_mixed,18,5,0.0,0.0,0.0,0.0,0.0,0.0
llm_keywords_mixed,18,10,0.0,0.0,0.0,0.0,0.0,0.0
llm_keywords_mixed,18,20,0.0,0.0,0.0,0.0,0.0,0.0
llm_keywords_mixed,19,1,0.0,0.0,0.0,0.0,0.0,0.0
llm_keywords_mixed,19,3,0.0,0.0,0.0,0.0,0.0,0.0
llm_keywords_mixed,19,5,0.0,0.0,0.0,0.0,0.0,0.0
llm_keywords_mixed,19,10,1.0,1.0,1.0,1.0,0.1111111111111111,0.3010299956639812
llm_keywords_mixed,19,20,1.0,1.0,1.0,1.0,0.1111111111111111,0.3010299956639812
llm_keywords_mixed,20,1,0.0,0.0,0.0,0.0,0.0,0.0
llm_keywords_mixed,20,3,0.0,0.0,0.0,0.0,0.0,0.0
llm_keywords_mixed,20,5,0.0,0.0,0.0,0.0,0.0,0.0
llm_keywords_mixed,20,10,0.0,0.0,0.0,0.0,0.0,0.0
llm_keywords_mixed,20,20,0.0,0.0,0.0,0.0,0.0,0.0
llm_keywords_mixed,21,1,0.0,0.0,0.0,0.0,0.0,0.0
llm_keywords_mixed,21,3,0.0,0.0,0.0,0.0,0.0,0.0
llm_keywords_mixed,21,5,0.0,0.0,0.0,0.0,0.0,0.0
llm_keywords_mixed,21,10,0.0,0.0,0.0,0.0,0.0,0.0
llm_keywords_mixed,21,20,0.0,0.0,0.0,0.0,0.0,0.0
llm_keywords_mixed,22,1,0.0,0.0,0.0,0.0,0.0,0.0
llm_keywords_mixed,22,3,0.0,0.0,0.0,0.0,0.0,0.0
llm_keywords_mixed,22,5,0.0,0.0,0.0,0.0,0.0,0.0
llm_keywords_mixed,22,10,0.0,0.0,0.0,0.0,0.0,0.0
llm_keywords_mixed,22,20,0.0,0.0,0.0,0.0,0.0,0.0
llm_keywords_mixed,23,1,0.0,0.0,0.0,0.0,0.0,0.0
llm_keywords_mixed,23,3,0.0,0.0,0.0,0.0,0.0,0.0
llm_keywords_mixed,23,5,0.0,0.0,0.0,0.0,0.0,0.0
llm_keywords_mixed,23,10,0.0,0.0,0.0,0.0,0.0,0.0
llm_keywords_mixed,23,20,0.0,0.0,0.0,0.0,0.0,0.0
llm_keywords_mixed,25,1,0.0,0.0,0.0,0.0,0.0,0.0
llm_keywords_mixed,25,3,0.0,0.0,0.0,0.0,0.0,0.0
llm_keywords_mixed,25,5,0.0,0.0,0.0,0.0,0.0,0.0
llm_keywords_mixed,25,10,0.0,0.0,0.0,0.0,0.0,0.0
llm_keywords_mixed,25,20,0.0,0.0,0.0,0.0,0.0,0.0
llm_keywords_mixed,26,1,0.0,0.0,0.0,0.0,0.0,0.0
llm_keywords_mixed,26,3,0.0,0.0,0.0,0.0,0.0,0.0
llm_keywords_mixed,26,5,0.0,0.0,0.0,0.0,0.0,0.0
llm_keywords_mixed,26,10,0.0,0.0,0.0,0.0,0.0,0.0
llm_keywords_mixed,26,20,0.0,0.0,0.0,0.0,0.0,0.0
llm_keywords_mixed,27,1,0.0,0.0,0.0,0.0,0.0,0.0
llm_keywords_mixed,27,3,0.0,0.0,0.0,0.0,0.0,0.0
llm_keywords_mixed,27,5,0.0,0.0,0.0,0.0,0.0,0.0
llm_keywords_mixed,27,10,0.0,0.0,0.0,0.0,0.0,0.0
llm_keywords_mixed,27,20,0.0,0.0,0.0,0.0,0.0,0.0
llm_keywords_mixed,28,1,0.0,0.0,0.0,0.0,0.0,0.0
llm_keywords_mixed,28,3,0.0,0.0,0.0,0.0,0.0,0.0
llm_keywords_mixed,28,5,0.0,0.0,0.0,0.0,0.0,0.0
llm_keywords_mixed,28,10,0.0,0.0,0.0,0.0,0.0,0.0
llm_keywords_mixed,28,20,1.0,1.0,1.0,1.0,0.05555555555555555,0.23540891336663824
llm_keywords_mixed,29,1,0.0,0.0,0.0,0.0,0.0,0.0
llm_keywords_mixed,29,3,0.0,0.0,0.0,0.0,0.0,0.0
llm_keywords_mixed,29,5,0.0,0.0,0.0,0.0,0.0,0.0
llm_keywords_mixed,29,10,0.0,0.0,0.0,0.0,0.0,0.0
llm_keywords_mixed,29,20,0.0,0.0,0.0,0.0,0.0,0.0
llm_keywords_mixed,31,1,0.0,0.0,0.0,0.0,0.0,0.0
llm_keywords_mixed,31,3,0.0,0.0,0.0,0.0,0.0,0.0
llm_keywords_mixed,31,5,0.0,0.0,0.0,0.0,0.0,0.0
llm_keywords_mixed,31,10,1.0,1.0,1.0,1.0,0.1111111111111111,0.3010299956639812
llm_keywords_mixed,31,20,1.0,1.0,1.0,1.0,0.1111111111111111,0.3010299956639812
llm_keywords_mixed,32,1,0.0,0.0,0.0,0.0,0.0,0.0
llm_keywords_mixed,32,3,0.0,0.0,0.0,0.0,0.0,0.0
llm_keywords_mixed,32,5,0.0,0.0,0.0,0.0,0.0,0.0
llm_keywords_mixed,32,10,1.0,1.0,1.0,1.0,0.16666666666666666,0.3562071871080222
llm_keywords_mixed,32,20,1.0,1.0,1.0,1.0,0.16666666666666666,0.3562071871080222
llm_keywords_mixed,33,1,0.0,0.0,0.0,0.0,0.0,0.0
llm_keywords_mixed,33,3,0.0,0.0,0.0,0.0,0.0,0.0
llm_keywords_mixed,33,5,0.0,0.0,0.0,0.0,0.0,0.0
llm_keywords_mixed,33,10,0.0,0.0,0.0,0.0,0.0,0.0
llm_keywords_mixed,33,20,0.0,0.0,0.0,0.0,0.0,0.0
llm_keywords_mixed,35,1,0.0,0.0,0.0,0.0,0.0,0.0
llm_keywords_mixed,35,3,0.0,0.0,0.0,0.0,0.0,0.0
llm_keywords_mixed,35,5,0.0,0.0,0.0,0.0,0.0,0.0
llm_keywords_mixed,35,10,0.0,0.0,0.0,0.0,0.0,0.0
llm_keywords_mixed,35,20,0.0,0.0,0.0,0.0,0.0,0.0
llm_keywords_mixed,37,1,0.0,0.0,0.0,0.0,0.0,0.0
llm_keywords_mixed,37,3,1.0,1.0,1.0,1.0,0.5,0.6309297535714575
llm_keywords_mixed,37,5,1.0,1.0,1.0,1.0,0.5,0.6309297535714575
llm_keywords_mixed,37,10,1.0,1.0,1.0,1.0,0.5,0.6309297535714575
llm_keywords_mixed,37,20,1.0,1.0,1.0,1.0,0.5,0.6309297535714575
llm_keywords_mixed,38,1,0.0,0.0,0.0,0.0,0.0,0.0
llm_keywords_mixed,38,3,0.0,0.0,0.0,0.0,0.0,0.0
llm_keywords_mixed,38,5,1.0,1.0,1.0,1.0,0.25,0.43067655807339306
llm_keywords_mixed,38,10,1.0,1.0,1.0,1.0,0.25,0.43067655807339306
llm_keywords_mixed,38,20,1.0,1.0,1.0,1.0,0.25,0.43067655807339306
llm_keywords_mixed,39,1,0.0,0.0,0.0,0.0,0.0,0.0
llm_keywords_mixed,39,3,0.0,0.0,0.0,0.0,0.0,0.0
llm_keywords_mixed,39,5,0.0,0.0,0.0,0.0,0.0,0.0
llm_keywords_mixed,39,10,0.0,0.0,0.0,0.0,0.0,0.0
llm_keywords_mixed,39,20,0.0,0.0,0.0,0.0,0.0,0.0
llm_keywords_mixed,40,1,0.0,0.0,0.0,0.0,0.0,0.0
llm_keywords_mixed,40,3,0.0,0.0,0.0,0.0,0.0,0.0
llm_keywords_mixed,40,5,0.0,0.0,0.0,0.0,0.0,0.0
llm_keywords_mixed,40,10,0.0,0.0,0.0,0.0,0.0,0.0
llm_keywords_mixed,40,20,1.0,1.0,1.0,1.0,0.07692307692307693,0.26264953503719357
llm_keywords_mixed,41,1,0.0,0.0,0.0,0.0,0.0,0.0
llm_keywords_mixed,41,3,0.0,0.0,0.0,0.0,0.0,0.0
llm_keywords_mixed,41,5,0.0,0.0,0.0,0.0,0.0,0.0
llm_keywords_mixed,41,10,0.0,0.0,0.0,0.0,0.0,0.0
llm_keywords_mixed,41,20,0.0,0.0,0.0,0.0,0.0,0.0
llm_keywords_mixed,42,1,0.0,0.0,0.0,0.0,0.0,0.0
llm_keywords_mixed,42,3,0.0,0.0,0.0,0.0,0.0,0.0
llm_keywords_mixed,42,5,0.0,0.0,0.0,0.0,0.0,0.0
llm_keywords_mixed,42,10,1.0,1.0,1.0,1.0,0.125,0.31546487678572877
llm_keywords_mixed,42,20,1.0,1.0,1.0,1.0,0.125,0.31546487678572877
llm_keywords_mixed,43,1,0.0,0.0,0.0,0.0,0.0,0.0
llm_keywords_mixed,43,3,0.0,0.0,0.0,0.0,0.0,0.0
llm_keywords_mixed,43,5,0.0,0.0,0.0,0.0,0.0,0.0
llm_keywords_mixed,43,10,0.0,0.0,0.0,0.0,0.0,0.0
llm_keywords_mixed,43,20,0.0,0.0,0.0,0.0,0.0,0.0
llm_keywords_mixed,44,1,0.0,0.0,0.0,0.0,0.0,0.0
llm_keywords_mixed,44,3,0.0,0.0,0.0,0.0,0.0,0.0
llm_keywords_mixed,44,5,0.0,0.0,0.0,0.0,0.0,0.0
llm_keywords_mixed,44,10,0.0,0.0,0.0,0.0,0.0,0.0
llm_keywords_mixed,44,20,0.0,0.0,0.0,0.0,0.0,0.0
llm_keywords_mixed,45,1,0.0,0.0,0.0,0.0,0.0,0.0
llm_keywords_mixed,45,3,0.0,0.0,0.0,0.0,0.0,0.0
llm_keywords_mixed,45,5,1.0,1.0,1.0,1.0,0.25,0.43067655807339306
llm_keywords_mixed,45,10,1.0,1.0,1.0,1.0,0.25,0.43067655807339306
llm_keywords_mixed,45,20,1.0,1.0,1.0,1.0,0.25,0.43067655807339306
llm_keywords_mixed,46,1,1.0,1.0,1.0,1.0,1.0,1.0
llm_keywords_mixed,46,3,1.0,1.0,1.0,1.0,1.0,1.0
llm_keywords_mixed,46,5,1.0,1.0,1.0,1.0,1.0,1.0
llm_keywords_mixed,46,10,1.0,1.0,1.0,1.0,1.0,1.0
llm_keywords_mixed,46,20,1.0,1.0,1.0,1.0,1.0,1.0
llm_keywords_mixed,47,1,0.0,0.0,0.0,0.0,0.0,0.0
llm_keywords_mixed,47,3,0.0,0.0,0.0,0.0,0.0,0.0
llm_keywords_mixed,47,5,0.0,0.0,0.0,0.0,0.0,0.0
llm_keywords_mixed,47,10,0.0,0.0,0.0,0.0,0.0,0.0
llm_keywords_mixed,47,20,0.0,0.0,0.0,0.0,0.0,0.0
llm_keywords_mixed,48,1,0.0,0.0,0.0,0.0,0.0,0.0
llm_keywords_mixed,48,3,0.0,0.0,0.0,0.0,0.0,0.0
llm_keywords_mixed,48,5,0.0,0.0,0.0,0.0,0.0,0.0
llm_keywords_mixed,48,10,0.0,0.0,0.0,0.0,0.0,0.0
llm_keywords_mixed,48,20,0.0,0.0,0.0,0.0,0.0,0.0
llm_keywords_mixed,49,1,0.0,0.0,0.0,0.0,0.0,0.0
llm_keywords_mixed,49,3,0.0,0.0,0.0,0.0,0.0,0.0
llm_keywords_mixed,49,5,0.0,0.0,0.0,0.0,0.0,0.0
llm_keywords_mixed,49,10,0.0,0.0,0.0,0.0,0.0,0.0
llm_keywords_mixed,49,20,0.0,0.0,0.0,0.0,0.0,0.0
llm_keywords_mixed,50,1,0.0,0.0,0.0,0.0,0.0,0.0
llm_keywords_mixed,50,3,0.0,0.0,0.0,0.0,0.0,0.0
llm_keywords_mixed,50,5,0.0,0.0,0.0,0.0,0.0,0.0
llm_keywords_mixed,50,10,0.0,0.0,0.0,0.0,0.0,0.0
llm_keywords_mixed,50,20,0.0,0.0,0.0,0.0,0.0,0.0
llm_keywords_mixed,54,1,0.0,0.0,0.0,0.0,0.0,0.0
llm_keywords_mixed,54,3,0.0,0.0,0.0,0.0,0.0,0.0
llm_keywords_mixed,54,5,0.0,0.0,0.0,0.0,0.0,0.0
llm_keywords_mixed,54,10,0.0,0.0,0.0,0.0,0.0,0.0
llm_keywords_mixed,54,20,0.0,0.0,0.0,0.0,0.0,0.0
llm_keywords_mixed,56,1,1.0,1.0,1.0,1.0,1.0,1.0
llm_keywords_mixed,56,3,1.0,1.0,1.0,1.0,1.0,1.0
llm_keywords_mixed,56,5,1.0,1.0,1.0,1.0,1.0,1.0
llm_keywords_mixed,56,10,1.0,1.0,1.0,1.0,1.0,1.0
llm_keywords_mixed,56,20,1.0,1.0,1.0,1.0,1.0,1.0
llm_keywords_mixed,57,1,0.0,0.0,0.0,0.0,0.0,0.0
llm_keywords_mixed,57,3,0.0,0.0,0.0,0.0,0.0,0.0
llm_keywords_mixed,57,5,0.0,0.0,0.0,0.0,0.0,0.0
llm_keywords_mixed,57,10,1.0,1.0,1.0,1.0,0.1111111111111111,0.3010299956639812
llm_keywords_mixed,57,20,1.0,1.0,1.0,1.0,0.1111111111111111,0.3010299956639812
llm_keywords_mixed,58,1,0.0,0.0,0.0,0.0,0.0,0.0
llm_keywords_mixed,58,3,0.0,0.0,0.0,0.0,0.0,0.0
llm_keywords_mixed,58,5,0.0,0.0,0.0,0.0,0.0,0.0
llm_keywords_mixed,58,10,0.0,0.0,0.0,0.0,0.0,0.0
llm_keywords_mixed,58,20,0.0,0.0,0.0,0.0,0.0,0.0
llm_keywords_mixed,59,1,0.0,0.0,0.0,0.0,0.0,0.0
llm_keywords_mixed,59,3,0.0,0.0,0.0,0.0,0.0,0.0
llm_keywords_mixed,59,5,0.0,0.0,0.0,0.0,0.0,0.0
llm_keywords_mixed,59,10,0.0,0.0,0.0,0.0,0.0,0.0
llm_keywords_mixed,59,20,0.0,0.0,0.0,0.0,0.0,0.0
llm_keywords_mixed,60,1,0.0,0.0,0.0,0.0,0.0,0.0
llm_keywords_mixed,60,3,0.0,0.0,0.0,0.0,0.0,0.0
llm_keywords_mixed,60,5,0.0,0.0,0.0,0.0,0.0,0.0
llm_keywords_mixed,60,10,0.0,0.0,0.0,0.0,0.0,0.0
llm_keywords_mixed,60,20,0.0,0.0,0.0,0.0,0.0,0.0
llm_keywords_mixed,61,1,0.0,0.0,0.0,0.0,0.0,0.0
llm_keywords_mixed,61,3,0.0,0.0,0.0,0.0,0.0,0.0
llm_keywords_mixed,61,5,0.0,0.0,0.0,0.0,0.0,0.0
llm_keywords_mixed,61,10,0.0,0.0,0.0,0.0,0.0,0.0
llm_keywords_mixed,61,20,1.0,1.0,1.0,1.0,0.07692307692307693,0.26264953503719357
llm_keywords_mixed,62,1,0.0,0.0,0.0,0.0,0.0,0.0
llm_keywords_mixed,62,3,0.0,0.0,0.0,0.0,0.0,0.0
llm_keywords_mixed,62,5,0.0,0.0,0.0,0.0,0.0,0.0
llm_keywords_mixed,62,10,0.0,0.0,0.0,0.0,0.0,0.0
llm_keywords_mixed,62,20,0.0,0.0,0.0,0.0,0.0,0.0
llm_keywords_mixed,63,1,0.0,0.0,0.0,0.0,0.0,0.0
llm_keywords_mixed,63,3,0.0,0.0,0.0,0.0,0.0,0.0
llm_keywords_mixed,63,5,0.0,0.0,0.0,0.0,0.0,0.0
llm_keywords_mixed,63,10,0.0,0.0,0.0,0.0,0.0,0.0
llm_keywords_mixed,63,20,0.0,0.0,0.0,0.0,0.0,0.0
llm_keywords_mixed,65,1,0.0,0.0,0.0,0.0,0.0,0.0
llm_keywords_mixed,65,3,1.0,1.0,1.0,1.0,0.3333333333333333,0.5
llm_keywords_mixed,65,5,1.0,1.0,1.0,1.0,0.3333333333333333,0.5
llm_keywords_mixed,65,10,1.0,1.0,1.0,1.0,0.3333333333333333,0.5
llm_keywords_mixed,65,20,1.0,1.0,1.0,1.0,0.3333333333333333,0.5
llm_keywords_mixed,66,1,0.0,0.0,0.0,0.0,0.0,0.0
llm_keywords_mixed,66,3,0.0,0.0,0.0,0.0,0.0,0.0
llm_keywords_mixed,66,5,0.0,0.0,0.0,0.0,0.0,0.0
llm_keywords_mixed,66,10,0.0,0.0,0.0,0.0,0.0,0.0
llm_keywords_mixed,66,20,0.0,0.0,0.0,0.0,0.0,0.0
llm_keywords_mixed,67,1,0.0,0.0,0.0,0.0,0.0,0.0
llm_keywords_mixed,67,3,0.0,0.0,0.0,0.0,0.0,0.0
llm_keywords_mixed,67,5,0.0,0.0,0.0,0.0,0.0,0.0
llm_keywords_mixed,67,10,1.0,1.0,1.0,1.0,0.125,0.31546487678572877
llm_keywords_mixed,67,20,1.0,1.0,1.0,1.0,0.125,0.31546487678572877
llm_keywords_mixed,68,1,0.0,0.0,0.0,0.0,0.0,0.0
llm_keywords_mixed,68,3,0.0,0.0,0.0,0.0,0.0,0.0
llm_keywords_mixed,68,5,0.0,0.0,0.0,0.0,0.0,0.0
llm_keywords_mixed,68,10,0.0,0.0,0.0,0.0,0.0,0.0
llm_keywords_mixed,68,20,0.0,0.0,0.0,0.0,0.0,0.0
llm_keywords_mixed,69,1,0.0,0.0,0.0,0.0,0.0,0.0
llm_keywords_mixed,69,3,0.0,0.0,0.0,0.0,0.0,0.0
llm_keywords_mixed,69,5,0.0,0.0,0.0,0.0,0.0,0.0
llm_keywords_mixed,69,10,0.0,0.0,0.0,0.0,0.0,0.0
llm_keywords_mixed,69,20,0.0,0.0,0.0,0.0,0.0,0.0
llm_keywords_mixed,70,1,0.0,0.0,0.0,0.0,0.0,0.0
llm_keywords_mixed,70,3,0.0,0.0,0.0,0.0,0.0,0.0
llm_keywords_mixed,70,5,0.0,0.0,0.0,0.0,0.0,0.0
llm_keywords_mixed,70,10,0.0,0.0,0.0,0.0,0.0,0.0
llm_keywords_mixed,70,20,0.0,0.0,0.0,0.0,0.0,0.0
llm_keywords_mixed,71,1,0.0,0.0,0.0,0.0,0.0,0.0
llm_keywords_mixed,71,3,0.0,0.0,0.0,0.0,0.0,0.0
llm_keywords_mixed,71,5,0.0,0.0,0.0,0.0,0.0,0.0
llm_keywords_mixed,71,10,0.0,0.0,0.0,0.0,0.0,0.0
llm_keywords_mixed,71,20,0.0,0.0,0.0,0.0,0.0,0.0
llm_keywords_mixed,72,1,0.0,0.0,0.0,0.0,0.0,0.0
llm_keywords_mixed,72,3,0.0,0.0,0.0,0.0,0.0,0.0
llm_keywords_mixed,72,5,0.0,0.0,0.0,0.0,0.0,0.0
llm_keywords_mixed,72,10,0.0,0.0,0.0,0.0,0.0,0.0
llm_keywords_mixed,72,20,0.0,0.0,0.0,0.0,0.0,0.0
llm_keywords_mixed,73,1,0.0,0.0,0.0,0.0,0.0,0.0
llm_keywords_mixed,73,3,0.0,0.0,0.0,0.0,0.0,0.0
llm_keywords_mixed,73,5,0.0,0.0,0.0,0.0,0.0,0.0
llm_keywords_mixed,73,10,0.0,0.0,0.0,0.0,0.0,0.0
llm_keywords_mixed,73,20,0.0,0.0,0.0,0.0,0.0,0.0
llm_keywords_mixed,74,1,0.0,0.0,0.0,0.0,0.0,0.0
llm_keywords_mixed,74,3,0.0,0.0,0.0,0.0,0.0,0.0
llm_keywords_mixed,74,5,0.0,0.0,0.0,0.0,0.0,0.0
llm_keywords_mixed,74,10,0.0,0.0,0.0,0.0,0.0,0.0
llm_keywords_mixed,74,20,1.0,1.0,1.0,1.0,0.09090909090909091,0.27894294565112987
llm_keywords_mixed,75,1,0.0,0.0,0.0,0.0,0.0,0.0
llm_keywords_mixed,75,3,0.0,0.0,0.0,0.0,0.0,0.0
llm_keywords_mixed,75,5,0.0,0.0,0.0,0.0,0.0,0.0
llm_keywords_mixed,75,10,0.0,0.0,0.0,0.0,0.0,0.0
llm_keywords_mixed,75,20,0.0,0.0,0.0,0.0,0.0,0.0
llm_keywords_mixed,77,1,0.0,0.0,0.0,0.0,0.0,0.0
llm_keywords_mixed,77,3,0.0,0.0,0.0,0.0,0.0,0.0
llm_keywords_mixed,77,5,0.0,0.0,0.0,0.0,0.0,0.0
llm_keywords_mixed,77,10,0.0,0.0,0.0,0.0,0.0,0.0
llm_keywords_mixed,77,20,0.0,0.0,0.0,0.0,0.0,0.0
llm_keywords_mixed,78,1,0.0,0.0,0.0,0.0,0.0,0.0
llm_keywords_mixed,78,3,0.0,0.0,0.0,0.0,0.0,0.0
llm_keywords_mixed,78,5,0.0,0.0,0.0,0.0,0.0,0.0
llm_keywords_mixed,78,10,0.0,0.0,0.0,0.0,0.0,0.0
llm_keywords_mixed,78,20,0.0,0.0,0.0,0.0,0.0,0.0
llm_keywords_mixed,79,1,1.0,1.0,1.0,1.0,1.0,1.0
llm_keywords_mixed,79,3,1.0,1.0,1.0,1.0,1.0,1.0
llm_keywords_mixed,79,5,1.0,1.0,1.0,1.0,1.0,1.0
llm_keywords_mixed,79,10,1.0,1.0,1.0,1.0,1.0,1.0
llm_keywords_mixed,79,20,1.0,1.0,1.0,1.0,1.0,1.0
llm_keywords_mixed,81,1,0.0,0.0,0.0,0.0,0.0,0.0
llm_keywords_mixed,81,3,0.0,0.0,0.0,0.0,0.0,0.0
llm_keywords_mixed,81,5,0.0,0.0,0.0,0.0,0.0,0.0
llm_keywords_mixed,81,10,0.0,0.0,0.0,0.0,0.0,0.0
llm_keywords_mixed,81,20,1.0,1.0,1.0,1.0,0.08333333333333333,0.27023815442731974
llm_keywords_mixed,82,1,1.0,1.0,1.0,1.0,1.0,1.0
llm_keywords_mixed,82,3,1.0,1.0,1.0,1.0,1.0,1.0
llm_keywords_mixed,82,5,1.0,1.0,1.0,1.0,1.0,1.0
llm_keywords_mixed,82,10,1.0,1.0,1.0,1.0,1.0,1.0
llm_keywords_mixed,82,20,1.0,1.0,1.0,1.0,1.0,1.0
llm_keywords_mixed,83,1,0.0,0.0,0.0,0.0,0.0,0.0
llm_keywords_mixed,83,3,0.0,0.0,0.0,0.0,0.0,0.0
llm_keywords_mixed,83,5,0.0,0.0,0.0,0.0,0.0,0.0
llm_keywords_mixed,83,10,0.0,0.0,0.0,0.0,0.0,0.0
llm_keywords_mixed,83,20,0.0,0.0,0.0,0.0,0.0,0.0
llm_keywords_mixed,84,1,0.0,0.0,0.0,0.0,0.0,0.0
llm_keywords_mixed,84,3,1.0,1.0,1.0,1.0,0.5,0.6309297535714575
llm_keywords_mixed,84,5,1.0,1.0,1.0,1.0,0.5,0.6309297535714575
llm_keywords_mixed,84,10,1.0,1.0,1.0,1.0,0.5,0.6309297535714575
llm_keywords_mixed,84,20,1.0,1.0,1.0,1.0,0.5,0.6309297535714575
llm_keywords_mixed,87,1,0.0,0.0,0.0,0.0,0.0,0.0
llm_keywords_mixed,87,3,0.0,0.0,0.0,0.0,0.0,0.0
llm_keywords_mixed,87,5,0.0,0.0,0.0,0.0,0.0,0.0
llm_keywords_mixed,87,10,0.0,0.0,0.0,0.0,0.0,0.0
llm_keywords_mixed,87,20,1.0,1.0,1.0,1.0,0.05,0.227670248696953
llm_keywords_mixed,88,1,0.0,0.0,0.0,0.0,0.0,0.0
llm_keywords_mixed,88,3,0.0,0.0,0.0,0.0,0.0,0.0
llm_keywords_mixed,88,5,1.0,1.0,1.0,1.0,0.25,0.43067655807339306
llm_keywords_mixed,88,10,1.0,1.0,1.0,1.0,0.25,0.43067655807339306
llm_keywords_mixed,88,20,1.0,1.0,1.0,1.0,0.25,0.43067655807339306
llm_keywords_mixed,89,1,0.0,0.0,0.0,0.0,0.0,0.0
llm_keywords_mixed,89,3,0.0,0.0,0.0,0.0,0.0,0.0
llm_keywords_mixed,89,5,0.0,0.0,0.0,0.0,0.0,0.0
llm_keywords_mixed,89,10,0.0,0.0,0.0,0.0,0.0,0.0
llm_keywords_mixed,89,20,0.0,0.0,0.0,0.0,0.0,0.0
llm_keywords_mixed,90,1,0.0,0.0,0.0,0.0,0.0,0.0
llm_keywords_mixed,90,3,0.0,0.0,0.0,0.0,0.0,0.0
llm_keywords_mixed,90,5,0.0,0.0,0.0,0.0,0.0,0.0
llm_keywords_mixed,90,10,0.0,0.0,0.0,0.0,0.0,0.0
llm_keywords_mixed,90,20,0.0,0.0,0.0,0.0,0.0,0.0
llm_keywords_mixed,92,1,0.0,0.0,0.0,0.0,0.0,0.0
llm_keywords_mixed,92,3,0.0,0.0,0.0,0.0,0.0,0.0
llm_keywords_mixed,92,5,0.0,0.0,0.0,0.0,0.0,0.0
llm_keywords_mixed,92,10,1.0,1.0,1.0,1.0,0.125,0.31546487678572877
llm_keywords_mixed,92,20,1.0,1.0,1.0,1.0,0.125,0.31546487678572877
llm_keywords_mixed,93,1,0.0,0.0,0.0,0.0,0.0,0.0
llm_keywords_mixed,93,3,0.0,0.0,0.0,0.0,0.0,0.0
llm_keywords_mixed,93,5,0.0,0.0,0.0,0.0,0.0,0.0
llm_keywords_mixed,93,10,0.0,0.0,0.0,0.0,0.0,0.0
llm_keywords_mixed,93,20,0.0,0.0,0.0,0.0,0.0,0.0
llm_keywords_mixed,94,1,0.0,0.0,0.0,0.0,0.0,0.0
llm_keywords_mixed,94,3,0.0,0.0,0.0,0.0,0.0,0.0
llm_keywords_mixed,94,5,0.0,0.0,0.0,0.0,0.0,0.0
llm_keywords_mixed,94,10,0.0,0.0,0.0,0.0,0.0,0.0
llm_keywords_mixed,94,20,0.0,0.0,0.0,0.0,0.0,0.0
llm_keywords_mixed,95,1,0.0,0.0,0.0,0.0,0.0,0.0
llm_keywords_mixed,95,3,0.0,0.0,0.0,0.0,0.0,0.0
llm_keywords_mixed,95,5,0.0,0.0,0.0,0.0,0.0,0.0
llm_keywords_mixed,95,10,1.0,1.0,1.0,1.0,0.16666666666666666,0.3562071871080222
llm_keywords_mixed,95,20,1.0,1.0,1.0,1.0,0.16666666666666666,0.3562071871080222
llm_keywords_mixed,97,1,0.0,0.0,0.0,0.0,0.0,0.0
llm_keywords_mixed,97,3,0.0,0.0,0.0,0.0,0.0,0.0
llm_keywords_mixed,97,5,0.0,0.0,0.0,0.0,0.0,0.0
llm_keywords_mixed,97,10,1.0,1.0,1.0,1.0,0.125,0.31546487678572877
llm_keywords_mixed,97,20,1.0,1.0,1.0,1.0,0.125,0.31546487678572877
llm_keywords_mixed,98,1,1.0,1.0,1.0,1.0,1.0,1.0
llm_keywords_mixed,98,3,1.0,1.0,1.0,1.0,1.0,1.0
llm_keywords_mixed,98,5,1.0,1.0,1.0,1.0,1.0,1.0
llm_keywords_mixed,98,10,1.0,1.0,1.0,1.0,1.0,1.0
llm_keywords_mixed,98,20,1.0,1.0,1.0,1.0,1.0,1.0
llm_keywords_mixed,99,1,0.0,0.0,0.0,0.0,0.0,0.0
llm_keywords_mixed,99,3,0.0,0.0,0.0,0.0,0.0,0.0
llm_keywords_mixed,99,5,0.0,0.0,0.0,0.0,0.0,0.0
llm_keywords_mixed,99,10,0.0,0.0,0.0,0.0,0.0,0.0
llm_keywords_mixed,99,20,0.0,0.0,0.0,0.0,0.0,0.0
llm_keywords_mixed,100,1,0.0,0.0,0.0,0.0,0.0,0.0
llm_keywords_mixed,100,3,0.0,0.0,0.0,0.0,0.0,0.0
llm_keywords_mixed,100,5,0.0,0.0,0.0,0.0,0.0,0.0
llm_keywords_mixed,100,10,0.0,0.0,0.0,0.0,0.0,0.0
llm_keywords_mixed,100,20,0.0,0.0,0.0,0.0,0.0,0.0
llm_rerank_graph,1,1,0.0,0.0,0.0,0.0,0.0,0.0
llm_rerank_graph,1,3,1.0,1.0,1.0,1.0,0.3333333333333333,0.5
llm_rerank_graph,1,5,1.0,1.0,1.0,1.0,0.3333333333333333,0.5
llm_rerank_graph,1,10,1.0,1.0,1.0,1.0,0.3333333333333333,0.5
llm_rerank_graph,1,20,1.0,1.0,1.0,1.0,0.3333333333333333,0.5
llm_rerank_graph,3,1,0.0,0.0,0.0,0.0,0.0,0.0
llm_rerank_graph,3,3,1.0,1.0,1.0,1.0,0.5,0.6309297535714575
llm_rerank_graph,3,5,1.0,1.0,1.0,1.0,0.5,0.6309297535714575
llm_rerank_graph,3,10,1.0,1.0,1.0,1.0,0.5,0.6309297535714575
llm_rerank_graph,3,20,1.0,1.0,1.0,1.0,0.5,0.6309297535714575
llm_rerank_graph,5,1,0.0,0.0,0.0,0.0,0.0,0.0
llm_rerank_graph,5,3,0.0,0.0,0.0,0.0,0.0,0.0
llm_rerank_graph,5,5,0.0,0.0,0.0,0.0,0.0,0.0
llm_rerank_graph,5,10,0.0,0.0,0.0,0.0,0.0,0.0
llm_rerank_graph,5,20,0.0,0.0,0.0,0.0,0.0,0.0
llm_rerank_graph,6,1,0.0,0.0,0.0,0.0,0.0,0.0
llm_rerank_graph,6,3,0.0,0.0,0.0,0.0,0.0,0.0
llm_rerank_graph,6,5,0.0,0.0,0.0,0.0,0.0,0.0
llm_rerank_graph,6,10,0.0,0.0,0.0,0.0,0.0,0.0
llm_rerank_graph,6,20,0.0,0.0,0.0,0.0,0.0,0.0
llm_rerank_graph,7,1,0.0,0.0,0.0,0.0,0.0,0.0
llm_rerank_graph,7,3,0.0,0.0,0.0,0.0,0.0,0.0
llm_rerank_graph,7,5,0.0,0.0,0.0,0.0,0.0,0.0
llm_rerank_graph,7,10,0.0,0.0,0.0,0.0,0.0,0.0
llm_rerank_graph,7,20,0.0,0.0,0.0,0.0,0.0,0.0
llm_rerank_graph,8,1,0.0,0.0,0.0,0.0,0.0,0.0
llm_rerank_graph,8,3,0.0,0.0,0.0,0.0,0.0,0.0
llm_rerank_graph,8,5,0.0,0.0,0.0,0.0,0.0,0.0
llm_rerank_graph,8,10,0.0,0.0,0.0,0.0,0.0,0.0
llm_rerank_graph,8,20,0.0,0.0,0.0,0.0,0.0,0.0
llm_rerank_graph,11,1,0.0,0.0,0.0,0.0,0.0,0.0
llm_rerank_graph,11,3,0.0,0.0,0.0,0.0,0.0,0.0
llm_rerank_graph,11,5,0.0,0.0,0.0,0.0,0.0,0.0
llm_rerank_graph,11,10,0.0,0.0,0.0,0.0,0.0,0.0
llm_rerank_graph,11,20,0.0,0.0,0.0,0.0,0.0,0.0
llm_rerank_graph,12,1,0.0,0.0,0.0,0.0,0.0,0.0
llm_rerank_graph,12,3,0.0,0.0,0.0,0.0,0.0,0.0
llm_rerank_graph,12,5,0.0,0.0,0.0,0.0,0.0,0.0
llm_rerank_graph,12,10,0.0,0.0,0.0,0.0,0.0,0.0
llm_rerank_graph,12,20,0.0,0.0,0.0,0.0,0.0,0.0
llm_rerank_graph,14,1,0.0,0.0,0.0,0.0,0.0,0.0
llm_rerank_graph,14,3,0.0,0.0,0.0,0.0,0.0,0.0
llm_rerank_graph,14,5,0.0,0.0,0.0,0.0,0.0,0.0
llm_rerank_graph,14,10,0.0,0.0,0.0,0.0,0.0,0.0
llm_rerank_graph,14,20,0.0,0.0,0.0,0.0,0.0,0.0
llm_rerank_graph,15,1,0.0,0.0,0.0,0.0,0.0,0.0
llm_rerank_graph,15,3,0.0,0.0,0.0,0.0,0.0,0.0
llm_rerank_graph,15,5,0.0,0.0,0.0,0.0,0.0,0.0
llm_rerank_graph,15,10,0.0,0.0,0.0,0.0,0.0,0.0
llm_rerank_graph,15,20,0.0,0.0,0.0,0.0,0.0,0.0
llm_rerank_graph,16,1,0.0,0.0,0.0,0.0,0.0,0.0
llm_rerank_graph,16,3,1.0,1.0,1.0,1.0,0.5,0.6309297535714575
llm_rerank_graph,16,5,1.0,1.0,1.0,1.0,0.5,0.6309297535714575
llm_rerank_graph,16,10,1.0,1.0,1.0,1.0,0.5,0.6309297535714575
llm_rerank_graph,16,20,1.0,1.0,1.0,1.0,0.5,0.6309297535714575
llm_rerank_graph,17,1,0.0,0.0,0.0,0.0,0.0,0.0
llm_rerank_graph,17,3,0.0,0.0,0.0,0.0,0.0,0.0
llm_rerank_graph,17,5,0.0,0.0,0.0,0.0,0.0,0.0
llm_rerank_graph,17,10,1.0,1.0,1.0,1.0,0.16666666666666666,0.3562071871080222
llm_rerank_graph,17,20,1.0,1.0,1.0,1.0,0.16666666666666666,0.3562071871080222
llm_rerank_graph,18,1,0.0,0.0,0.0,0.0,0.0,0.0
llm_rerank_graph,18,3,0.0,0.0,0.0,0.0,0.0,0.0
llm_rerank_graph,18,5,0.0,0.0,0.0,0.0,0.0,0.0
llm_rerank_graph,18,10,0.0,0.0,0.0,0.0,0.0,0.0
llm_rerank_graph,18,20,0.0,0.0,0.0,0.0,0.0,0.0
llm_rerank_graph,19,1,0.0,0.0,0.0,0.0,0.0,0.0
llm_rerank_graph,19,3,0.0,0.0,0.0,0.0,0.0,0.0
llm_rerank_graph,19,5,0.0,0.0,0.0,0.0,0.0,0.0
llm_rerank_graph,19,10,1.0,1.0,1.0,1.0,0.1111111111111111,0.3010299956639812
llm_rerank_graph,19,20,1.0,1.0,1.0,1.0,0.1111111111111111,0.3010299956639812
llm_rerank_graph,20,1,0.0,0.0,0.0,0.0,0.0,0.0
llm_rerank_graph,20,3,0.0,0.0,0.0,0.0,0.0,0.0
llm_rerank_graph,20,5,0.0,0.0,0.0,0.0,0.0,0.0
llm_rerank_graph,20,10,0.0,0.0,0.0,0.0,0.0,0.0
llm_rerank_graph,20,20,0.0,0.0,0.0,0.0,0.0,0.0
llm_rerank_graph,21,1,0.0,0.0,0.0,0.0,0.0,0.0
llm_rerank_graph,21,3,0.0,0.0,0.0,0.0,0.0,0.0
llm_rerank_graph,21,5,0.0,0.0,0.0,0.0,0.0,0.0
llm_rerank_graph,21,10,0.0,0.0,0.0,0.0,0.0,0.0
llm_rerank_graph,21,20,0.0,0.0,0.0,0.0,0.0,0.0
llm_rerank_graph,22,1,0.0,0.0,0.0,0.0,0.0,0.0
llm_rerank_graph,22,3,0.0,0.0,0.0,0.0,0.0,0.0
llm_rerank_graph,22,5,1.0,1.0,1.0,1.0,0.25,0.43067655807339306
llm_rerank_graph,22,10,1.0,1.0,1.0,1.0,0.25,0.43067655807339306
llm_rerank_graph,22,20,1.0,1.0,1.0,1.0,0.25,0.43067655807339306
llm_rerank_graph,23,1,0.0,0.0,0.0,0.0,0.0,0.0
llm_rerank_graph,23,3,0.0,0.0,0.0,0.0,0.0,0.0
llm_rerank_graph,23,5,0.0,0.0,0.0,0.0,0.0,0.0
llm_rerank_graph,23,10,0.0,0.0,0.0,0.0,0.0,0.0
llm_rerank_graph,23,20,0.0,0.0,0.0,0.0,0.0,0.0
llm_rerank_graph,25,1,0.0,0.0,0.0,0.0,0.0,0.0
llm_rerank_graph,25,3,0.0,0.0,0.0,0.0,0.0,0.0
llm_rerank_graph,25,5,0.0,0.0,0.0,0.0,0.0,0.0
llm_rerank_graph,25,10,0.0,0.0,0.0,0.0,0.0,0.0
llm_rerank_graph,25,20,0.0,0.0,0.0,0.0,0.0,0.0
llm_rerank_graph,26,1,0.0,0.0,0.0,0.0,0.0,0.0
llm_rerank_graph,26,3,0.0,0.0,0.0,0.0,0.0,0.0
llm_rerank_graph,26,5,0.0,0.0,0.0,0.0,0.0,0.0
llm_rerank_graph,26,10,0.0,0.0,0.0,0.0,0.0,0.0
llm_rerank_graph,26,20,0.0,0.0,0.0,0.0,0.0,0.0
llm_rerank_graph,27,1,0.0,0.0,0.0,0.0,0.0,0.0
llm_rerank_graph,27,3,0.0,0.0,0.0,0.0,0.0,0.0
llm_rerank_graph,27,5,0.0,0.0,0.0,0.0,0.0,0.0
llm_rerank_graph,27,10,0.0,0.0,0.0,0.0,0.0,0.0
llm_rerank_graph,27,20,0.0,0.0,0.0,0.0,0.0,0.0
llm_rerank_graph,28,1,0.0,0.0,0.0,0.0,0.0,0.0
llm_rerank_graph,28,3,0.0,0.0,0.0,0.0,0.0,0.0
llm_rerank_graph,28,5,0.0,0.0,0.0,0.0,0.0,0.0
llm_rerank_graph,28,10,0.0,0.0,0.0,0.0,0.0,0.0
llm_rerank_graph,28,20,0.0,0.0,0.0,0.0,0.0,0.0
llm_rerank_graph,29,1,0.0,0.0,0.0,0.0,0.0,0.0
llm_rerank_graph,29,3,0.0,0.0,0.0,0.0,0.0,0.0
llm_rerank_graph,29,5,0.0,0.0,0.0,0.0,0.0,0.0
llm_rerank_graph,29,10,0.0,0.0,0.0,0.0,0.0,0.0
llm_rerank_graph,29,20,0.0,0.0,0.0,0.0,0.0,0.0
llm_rerank_graph,31,1,0.0,0.0,0.0,0.0,0.0,0.0
llm_rerank_graph,31,3,0.0,0.0,0.0,0.0,0.0,0.0
llm_rerank_graph,31,5,0.0,0.0,0.0,0.0,0.0,0.0
llm_rerank_graph,31,10,1.0,1.0,1.0,1.0,0.1,0.2890648263178879
llm_rerank_graph,31,20,1.0,1.0,1.0,1.0,0.1,0.2890648263178879
llm_rerank_graph,32,1,0.0,0.0,0.0,0.0,0.0,0.0
llm_rerank_graph,32,3,0.0,0.0,0.0,0.0,0.0,0.0
llm_rerank_graph,32,5,0.0,0.0,0.0,0.0,0.0,0.0
llm_rerank_graph,32,10,1.0,1.0,1.0,1.0,0.1111111111111111,0.3010299956639812
llm_rerank_graph,32,20,1.0,1.0,1.0,1.0,0.1111111111111111,0.3010299956639812
llm_rerank_graph,33,1,0.0,0.0,0.0,0.0,0.0,0.0
llm_rerank_graph,33,3,0.0,0.0,0.0,0.0,0.0,0.0
llm_rerank_graph,33,5,0.0,0.0,0.0,0.0,0.0,0.0
llm_rerank_graph,33,10,1.0,1.0,1.0,1.0,0.14285714285714285,0.3333333333333333
llm_rerank_graph,33,20,1.0,1.0,1.0,1.0,0.14285714285714285,0.3333333333333333
llm_rerank_graph,35,1,0.0,0.0,0.0,0.0,0.0,0.0
llm_rerank_graph,35,3,0.0,0.0,0.0,0.0,0.0,0.0
llm_rerank_graph,35,5,0.0,0.0,0.0,0.0,0.0,0.0
llm_rerank_graph,35,10,0.0,0.0,0.0,0.0,0.0,0.0
llm_rerank_graph,35,20,0.0,0.0,0.0,0.0,0.0,0.0
llm_rerank_graph,37,1,1.0,1.0,1.0,1.0,1.0,1.0
llm_rerank_graph,37,3,1.0,1.0,1.0,1.0,1.0,1.0
llm_rerank_graph,37,5,1.0,1.0,1.0,1.0,1.0,1.0
llm_rerank_graph,37,10,1.0,1.0,1.0,1.0,1.0,1.0
llm_rerank_graph,37,20,1.0,1.0,1.0,1.0,1.0,1.0
llm_rerank_graph,38,1,1.0,1.0,1.0,1.0,1.0,1.0
llm_rerank_graph,38,3,1.0,1.0,1.0,1.0,1.0,1.0
llm_rerank_graph,38,5,1.0,1.0,1.0,1.0,1.0,1.0
llm_rerank_graph,38,10,1.0,1.0,1.0,1.0,1.0,1.0
llm_rerank_graph,38,20,1.0,1.0,1.0,1.0,1.0,1.0
llm_rerank_graph,39,1,0.0,0.0,0.0,0.0,0.0,0.0
llm_rerank_graph,39,3,0.0,0.0,0.0,0.0,0.0,0.0
llm_rerank_graph,39,5,0.0,0.0,0.0,0.0,0.0,0.0
llm_rerank_graph,39,10,0.0,0.0,0.0,0.0,0.0,0.0
llm_rerank_graph,39,20,0.0,0.0,0.0,0.0,0.0,0.0
llm_rerank_graph,40,1,0.0,0.0,0.0,0.0,0.0,0.0
llm_rerank_graph,40,3,0.0,0.0,0.0,0.0,0.0,0.0
llm_rerank_graph,40,5,0.0,0.0,0.0,0.0,0.0,0.0
llm_rerank_graph,40,10,0.0,0.0,0.0,0.0,0.0,0.0
llm_rerank_graph,40,20,0.0,0.0,0.0,0.0,0.0,0.0
llm_rerank_graph,41,1,0.0,0.0,0.0,0.0,0.0,0.0
llm_rerank_graph,41,3,0.0,0.0,0.0,0.0,0.0,0.0
llm_rerank_graph,41,5,0.0,0.0,0.0,0.0,0.0,0.0
llm_rerank_graph,41,10,0.0,0.0,0.0,0.0,0.0,0.0
llm_rerank_graph,41,20,0.0,0.0,0.0,0.0,0.0,0.0
llm_rerank_graph,42,1,0.0,0.0,0.0,0.0,0.0,0.0
llm_rerank_graph,42,3,0.0,0.0,0.0,0.0,0.0,0.0
llm_rerank_graph,42,5,0.0,0.0,0.0,0.0,0.0,0.0
llm_rerank_graph,42,10,0.0,0.0,0.0,0.0,0.0,0.0
llm_rerank_graph,42,20,0.0,0.0,0.0,0.0,0.0,0.0
llm_rerank_graph,43,1,0.0,0.0,0.0,0.0,0.0,0.0
llm_rerank_graph,43,3,0.0,0.0,0.0,0.0,0.0,0.0
llm_rerank_graph,43,5,0.0,0.0,0.0,0.0,0.0,0.0
llm_rerank_graph,43,10,0.0,0.0,0.0,0.0,0.0,0.0
llm_rerank_graph,43,20,0.0,0.0,0.0,0.0,0.0,0.0
llm_rerank_graph,44,1,1.0,1.0,1.0,1.0,1.0,1.0
llm_rerank_graph,44,3,1.0,1.0,1.0,1.0,1.0,1.0
llm_rerank_graph,44,5,1.0,1.0,1.0,1.0,1.0,1.0
llm_rerank_graph,44,10,1.0,1.0,1.0,1.0,1.0,1.0
llm_rerank_graph,44,20,1.0,1.0,1.0,1.0,1.0,1.0
llm_rerank_graph,45,1,1.0,1.0,1.0,1.0,1.0,1.0
llm_rerank_graph,45,3,1.0,1.0,1.0,1.0,1.0,1.0
llm_rerank_graph,45,5,1.0,1.0,1.0,1.0,1.0,1.0
llm_rerank_graph,45,10,1.0,1.0,1.0,1.0,1.0,1.0
llm_rerank_graph,45,20,1.0,1.0,1.0,1.0,1.0,1.0
llm_rerank_graph,46,1,1.0,1.0,1.0,1.0,1.0,1.0
llm_rerank_graph,46,3,1.0,1.0,1.0,1.0,1.0,1.0
llm_rerank_graph,46,5,1.0,1.0,1.0,1.0,1.0,1.0
llm_rerank_graph,46,10,1.0,1.0,1.0,1.0,1.0,1.0
llm_rerank_graph,46,20,1.0,1.0,1.0,1.0,1.0,1.0
llm_rerank_graph,47,1,0.0,0.0,0.0,0.0,0.0,0.0
llm_rerank_graph,47,3,0.0,0.0,0.0,0.0,0.0,0.0
llm_rerank_graph,47,5,0.0,0.0,0.0,0.0,0.0,0.0
llm_rerank_graph,47,10,0.0,0.0,0.0,0.0,0.0,0.0
llm_rerank_graph,47,20,0.0,0.0,0.0,0.0,0.0,0.0
llm_rerank_graph,48,1,0.0,0.0,0.0,0.0,0.0,0.0
llm_rerank_graph,48,3,0.0,0.0,0.0,0.0,0.0,0.0
llm_rerank_graph,48,5,0.0,0.0,0.0,0.0,0.0,0.0
llm_rerank_graph,48,10,0.0,0.0,0.0,0.0,0.0,0.0
llm_rerank_graph,48,20,0.0,0.0,0.0,0.0,0.0,0.0
llm_rerank_graph,49,1,0.0,0.0,0.0,0.0,0.0,0.0
llm_rerank_graph,49,3,0.0,0.0,0.0,0.0,0.0,0.0
llm_rerank_graph,49,5,0.0,0.0,0.0,0.0,0.0,0.0
llm_rerank_graph,49,10,0.0,0.0,0.0,0.0,0.0,0.0
llm_rerank_graph,49,20,0.0,0.0,0.0,0.0,0.0,0.0
llm_rerank_graph,50,1,0.0,0.0,0.0,0.0,0.0,0.0
llm_rerank_graph,50,3,0.0,0.0,0.0,0.0,0.0,0.0
llm_rerank_graph,50,5,0.0,0.0,0.0,0.0,0.0,0.0
llm_rerank_graph,50,10,0.0,0.0,0.0,0.0,0.0,0.0
llm_rerank_graph,50,20,0.0,0.0,0.0,0.0,0.0,0.0
llm_rerank_graph,54,1,0.0,0.0,0.0,0.0,0.0,0.0
llm_rerank_graph,54,3,0.0,0.0,0.0,0.0,0.0,0.0
llm_rerank_graph,54,5,0.0,0.0,0.0,0.0,0.0,0.0
llm_rerank_graph,54,10,0.0,0.0,0.0,0.0,0.0,0.0
llm_rerank_graph,54,20,0.0,0.0,0.0,0.0,0.0,0.0
llm_rerank_graph,56,1,0.0,0.0,0.0,0.0,0.0,0.0
llm_rerank_graph,56,3,0.0,0.0,0.0,0.0,0.0,0.0
llm_rerank_graph,56,5,0.0,0.0,0.0,0.0,0.0,0.0
llm_rerank_graph,56,10,1.0,1.0,1.0,1.0,0.125,0.31546487678572877
llm_rerank_graph,56,20,1.0,1.0,1.0,1.0,0.125,0.31546487678572877
llm_rerank_graph,57,1,0.0,0.0,0.0,0.0,0.0,0.0
llm_rerank_graph,57,3,1.0,1.0,1.0,1.0,0.3333333333333333,0.5
llm_rerank_graph,57,5,1.0,1.0,1.0,1.0,0.3333333333333333,0.5
llm_rerank_graph,57,10,1.0,1.0,1.0,1.0,0.3333333333333333,0.5
llm_rerank_graph,57,20,1.0,1.0,1.0,1.0,0.3333333333333333,0.5
llm_rerank_graph,58,1,1.0,1.0,1.0,1.0,1.0,1.0
llm_rerank_graph,58,3,1.0,1.0,1.0,1.0,1.0,1.0
llm_rerank_graph,58,5,1.0,1.0,1.0,1.0,1.0,1.0
llm_rerank_graph,58,10,1.0,1.0,1.0,1.0,1.0,1.0
llm_rerank_graph,58,20,1.0,1.0,1.0,1.0,1.0,1.0
llm_rerank_graph,59,1,0.0,0.0,0.0,0.0,0.0,0.0
llm_rerank_graph,59,3,0.0,0.0,0.0,0.0,0.0,0.0
llm_rerank_graph,59,5,0.0,0.0,0.0,0.0,0.0,0.0
llm_rerank_graph,59,10,0.0,0.0,0.0,0.0,0.0,0.0
llm_rerank_graph,59,20,0.0,0.0,0.0,0.0,0.0,0.0
llm_rerank_graph,60,1,0.0,0.0,0.0,0.0,0.0,0.0
llm_rerank_graph,60,3,0.0,0.0,0.0,0.0,0.0,0.0
llm_rerank_graph,60,5,0.0,0.0,0.0,0.0,0.0,0.0
llm_rerank_graph,60,10,0.0,0.0,0.0,0.0,0.0,0.0
llm_rerank_graph,60,20,0.0,0.0,0.0,0.0,0.0,0.0
llm_rerank_graph,61,1,0.0,0.0,0.0,0.0,0.0,0.0
llm_rerank_graph,61,3,1.0,1.0,1.0,1.0,0.5,0.6309297535714575
llm_rerank_graph,61,5,1.0,1.0,1.0,1.0,0.5,0.6309297535714575
llm_rerank_graph,61,10,1.0,1.0,1.0,1.0,0.5,0.6309297535714575
llm_rerank_graph,61,20,1.0,1.0,1.0,1.0,0.5,0.6309297535714575
llm_rerank_graph,62,1,0.0,0.0,0.0,0.0,0.0,0.0
llm_rerank_graph,62,3,0.0,0.0,0.0,0.0,0.0,0.0
llm_rerank_graph,62,5,0.0,0.0,0.0,0.0,0.0,0.0
llm_rerank_graph,62,10,0.0,0.0,0.0,0.0,0.0,0.0
llm_rerank_graph,62,20,0.0,0.0,0.0,0.0,0.0,0.0
llm_rerank_graph,63,1,0.0,0.0,0.0,0.0,0.0,0.0
llm_rerank_graph,63,3,0.0,0.0,0.0,0.0,0.0,0.0
llm_rerank_graph,63,5,0.0,0.0,0.0,0.0,0.0,0.0
llm_rerank_graph,63,10,0.0,0.0,0.0,0.0,0.0,0.0
llm_rerank_graph,63,20,0.0,0.0,0.0,0.0,0.0,0.0
llm_rerank_graph,65,1,0.0,0.0,0.0,0.0,0.0,0.0
llm_rerank_graph,65,3,1.0,1.0,1.0,1.0,0.5,0.6309297535714575
llm_rerank_graph,65,5,1.0,1.0,1.0,1.0,0.5,0.6309297535714575
llm_rerank_graph,65,10,1.0,1.0,1.0,1.0,0.5,0.6309297535714575
llm_rerank_graph,65,20,1.0,1.0,1.0,1.0,0.5,0.6309297535714575
llm_rerank_graph,66,1,0.0,0.0,0.0,0.0,0.0,0.0
llm_rerank_graph,66,3,0.0,0.0,0.0,0.0,0.0,0.0
llm_rerank_graph,66,5,0.0,0.0,0.0,0.0,0.0,0.0
llm_rerank_graph,66,10,0.0,0.0,0.0,0.0,0.0,0.0
llm_rerank_graph,66,20,0.0,0.0,0.0,0.0,0.0,0.0
llm_rerank_graph,67,1,0.0,0.0,0.0,0.0,0.0,0.0
llm_rerank_graph,67,3,1.0,1.0,1.0,1.0,0.5,0.6309297535714575
llm_rerank_graph,67,5,1.0,1.0,1.0,1.0,0.5,0.6309297535714575
llm_rerank_graph,67,10,1.0,1.0,1.0,1.0,0.5,0.6309297535714575
llm_rerank_graph,67,20,1.0,1.0,1.0,1.0,0.5,0.6309297535714575
llm_rerank_graph,68,1,0.0,0.0,0.0,0.0,0.0,0.0
llm_rerank_graph,68,3,1.0,1.0,1.0,1.0,0.5,0.6309297535714575
llm_rerank_graph,68,5,1.0,1.0,1.0,1.0,0.5,0.6309297535714575
llm_rerank_graph,68,10,1.0,1.0,1.0,1.0,0.5,0.6309297535714575
llm_rerank_graph,68,20,1.0,1.0,1.0,1.0,0.5,0.6309297535714575
llm_rerank_graph,69,1,0.0,0.0,0.0,0.0,0.0,0.0
llm_rerank_graph,69,3,0.0,0.0,0.0,0.0,0.0,0.0
llm_rerank_graph,69,5,0.0,0.0,0.0,0.0,0.0,0.0
llm_rerank_graph,69,10,0.0,0.0,0.0,0.0,0.0,0.0
llm_rerank_graph,69,20,0.0,0.0,0.0,0.0,0.0,0.0
llm_rerank_graph,70,1,0.0,0.0,0.0,0.0,0.0,0.0
llm_rerank_graph,70,3,0.0,0.0,0.0,0.0,0.0,0.0
llm_rerank_graph,70,5,0.0,0.0,0.0,0.0,0.0,0.0
llm_rerank_graph,70,10,1.0,1.0,1.0,1.0,0.14285714285714285,0.3333333333333333
llm_rerank_graph,70,20,1.0,1.0,1.0,1.0,0.14285714285714285,0.3333333333333333
llm_rerank_graph,71,1,0.0,0.0,0.0,0.0,0.0,0.0
llm_rerank_graph,71,3,0.0,0.0,0.0,0.0,0.0,0.0
llm_rerank_graph,71,5,0.0,0.0,0.0,0.0,0.0,0.0
llm_rerank_graph,71,10,1.0,1.0,1.0,1.0,0.1,0.2890648263178879
llm_rerank_graph,71,20,1.0,1.0,1.0,1.0,0.1,0.2890648263178879
llm_rerank_graph,72,1,0.0,0.0,0.0,0.0,0.0,0.0
llm_rerank_graph,72,3,0.0,0.0,0.0,0.0,0.0,0.0
llm_rerank_graph,72,5,0.0,0.0,0.0,0.0,0.0,0.0
llm_rerank_graph,72,10,0.0,0.0,0.0,0.0,0.0,0.0
llm_rerank_graph,72,20,0.0,0.0,0.0,0.0,0.0,0.0
llm_rerank_graph,73,1,0.0,0.0,0.0,0.0,0.0,0.0
llm_rerank_graph,73,3,0.0,0.0,0.0,0.0,0.0,0.0
llm_rerank_graph,73,5,0.0,0.0,0.0,0.0,0.0,0.0
llm_rerank_graph,73,10,0.0,0.0,0.0,0.0,0.0,0.0
llm_rerank_graph,73,20,0.0,0.0,0.0,0.0,0.0,0.0
llm_rerank_graph,74,1,1.0,1.0,1.0,1.0,1.0,1.0
llm_rerank_graph,74,3,1.0,1.0,1.0,1.0,1.0,1.0
llm_rerank_graph,74,5,1.0,1.0,1.0,1.0,1.0,1.0
llm_rerank_graph,74,10,1.0,1.0,1.0,1.0,1.0,1.0
llm_rerank_graph,74,20,1.0,1.0,1.0,1.0,1.0,1.0
llm_rerank_graph,75,1,0.0,0.0,0.0,0.0,0.0,0.0
llm_rerank_graph,75,3,0.0,0.0,0.0,0.0,0.0,0.0
llm_rerank_graph,75,5,0.0,0.0,0.0,0.0,0.0,0.0
llm_rerank_graph,75,10,0.0,0.0,0.0,0.0,0.0,0.0
llm_rerank_graph,75,20,0.0,0.0,0.0,0.0,0.0,0.0
llm_rerank_graph,77,1,0.0,0.0,0.0,0.0,0.0,0.0
llm_rerank_graph,77,3,0.0,0.0,0.0,0.0,0.0,0.0
llm_rerank_graph,77,5,0.0,0.0,0.0,0.0,0.0,0.0
llm_rerank_graph,77,10,0.0,0.0,0.0,0.0,0.0,0.0
llm_rerank_graph,77,20,0.0,0.0,0.0,0.0,0.0,0.0
llm_rerank_graph,78,1,0.0,0.0,0.0,0.0,0.0,0.0
llm_rerank_graph,78,3,0.0,0.0,0.0,0.0,0.0,0.0
llm_rerank_graph,78,5,0.0,0.0,0.0,0.0,0.0,0.0
llm_rerank_graph,78,10,0.0,0.0,0.0,0.0,0.0,0.0
llm_rerank_graph,78,20,0.0,0.0,0.0,0.0,0.0,0.0
llm_rerank_graph,79,1,0.0,0.0,0.0,0.0,0.0,0.0
llm_rerank_graph,79,3,1.0,1.0,1.0,1.0,0.3333333333333333,0.5
llm_rerank_graph,79,5,1.0,1.0,1.0,1.0,0.3333333333333333,0.5
llm_rerank_graph,79,10,1.0,1.0,1.0,1.0,0.3333333333333333,0.5
llm_rerank_graph,79,20,1.0,1.0,1.0,1.0,0.3333333333333333,0.5
llm_rerank_graph,81,1,0.0,0.0,0.0,0.0,0.0,0.0
llm_rerank_graph,81,3,1.0,1.0,1.0,1.0,0.5,0.6309297535714575
llm_rerank_graph,81,5,1.0,1.0,1.0,1.0,0.5,0.6309297535714575
llm_rerank_graph,81,10,1.0,1.0,1.0,1.0,0.5,0.6309297535714575
llm_rerank_graph,81,20,1.0,1.0,1.0,1.0,0.5,0.6309297535714575
llm_rerank_graph,82,1,0.0,0.0,0.0,0.0,0.0,0.0
llm_rerank_graph,82,3,0.0,0.0,0.0,0.0,0.0,0.0
llm_rerank_graph,82,5,0.0,0.0,0.0,0.0,0.0,0.0
llm_rerank_graph,82,10,1.0,1.0,1.0,1.0,0.14285714285714285,0.3333333333333333
llm_rerank_graph,82,20,1.0,1.0,1.0,1.0,0.14285714285714285,0.3333333333333333
llm_rerank_graph,83,1,0.0,0.0,0.0,0.0,0.0,0.0
llm_rerank_graph,83,3,0.0,0.0,0.0,0.0,0.0,0.0
llm_rerank_graph,83,5,0.0,0.0,0.0,0.0,0.0,0.0
llm_rerank_graph,83,10,0.0,0.0,0.0,0.0,0.0,0.0
llm_rerank_graph,83,20,0.0,0.0,0.0,0.0,0.0,0.0
llm_rerank_graph,84,1,0.0,0.0,0.0,0.0,0.0,0.0
llm_rerank_graph,84,3,0.0,0.0,0.0,0.0,0.0,0.0
llm_rerank_graph,84,5,0.0,0.0,0.0,0.0,0.0,0.0
llm_rerank_graph,84,10,0.0,0.0,0.0,0.0,0.0,0.0
llm_rerank_graph,84,20,0.0,0.0,0.0,0.0,0.0,0.0
llm_rerank_graph,87,1,1.0,1.0,1.0,1.0,1.0,1.0
llm_rerank_graph,87,3,1.0,1.0,1.0,1.0,1.0,1.0
llm_rerank_graph,87,5,1.0,1.0,1.0,1.0,1.0,1.0
llm_rerank_graph,87,10,1.0,1.0,1.0,1.0,1.0,1.0
llm_rerank_graph,87,20,1.0,1.0,1.0,1.0,1.0,1.0
llm_rerank_graph,88,1,1.0,1.0,1.0,1.0,1.0,1.0
llm_rerank_graph,88,3,1.0,1.0,1.0,1.0,1.0,1.0
llm_rerank_graph,88,5,1.0,1.0,1.0,1.0,1.0,1.0
llm_rerank_graph,88,10,1.0,1.0,1.0,1.0,1.0,1.0
llm_rerank_graph,88,20,1.0,1.0,1.0,1.0,1.0,1.0
llm_rerank_graph,89,1,0.0,0.0,0.0,0.0,0.0,0.0
llm_rerank_graph,89,3,1.0,1.0,1.0,1.0,0.3333333333333333,0.5
llm_rerank_graph,89,5,1.0,1.0,1.0,1.0,0.3333333333333333,0.5
llm_rerank_graph,89,10,1.0,1.0,1.0,1.0,0.3333333333333333,0.5
llm_rerank_graph,89,20,1.0,1.0,1.0,1.0,0.3333333333333333,0.5
llm_rerank_graph,90,1,0.0,0.0,0.0,0.0,0.0,0.0
llm_rerank_graph,90,3,0.0,0.0,0.0,0.0,0.0,0.0
llm_rerank_graph,90,5,0.0,0.0,0.0,0.0,0.0,0.0
llm_rerank_graph,90,10,0.0,0.0,0.0,0.0,0.0,0.0
llm_rerank_graph,90,20,0.0,0.0,0.0,0.0,0.0,0.0
llm_rerank_graph,92,1,0.0,0.0,0.0,0.0,0.0,0.0
llm_rerank_graph,92,3,0.0,0.0,0.0,0.0,0.0,0.0
llm_rerank_graph,92,5,1.0,1.0,1.0,1.0,0.25,0.43067655807339306
llm_rerank_graph,92,10,1.0,1.0,1.0,1.0,0.25,0.43067655807339306
llm_rerank_graph,92,20,1.0,1.0,1.0,1.0,0.25,0.43067655807339306
llm_rerank_graph,93,1,0.0,0.0,0.0,0.0,0.0,0.0
llm_rerank_graph,93,3,0.0,0.0,0.0,0.0,0.0,0.0
llm_rerank_graph,93,5,0.0,0.0,0.0,0.0,0.0,0.0
llm_rerank_graph,93,10,0.0,0.0,0.0,0.0,0.0,0.0
llm_rerank_graph,93,20,0.0,0.0,0.0,0.0,0.0,0.0
llm_rerank_graph,94,1,0.0,0.0,0.0,0.0,0.0,0.0
llm_rerank_graph,94,3,0.0,0.0,0.0,0.0,0.0,0.0
llm_rerank_graph,94,5,0.0,0.0,0.0,0.0,0.0,0.0
llm_rerank_graph,94,10,0.0,0.0,0.0,0.0,0.0,0.0
llm_rerank_graph,94,20,0.0,0.0,0.0,0.0,0.0,0.0
llm_rerank_graph,95,1,0.0,0.0,0.0,0.0,0.0,0.0
llm_rerank_graph,95,3,0.0,0.0,0.0,0.0,0.0,0.0
llm_rerank_graph,95,5,0.0,0.0,0.0,0.0,0.0,0.0
llm_rerank_graph,95,10,0.0,0.0,0.0,0.0,0.0,0.0
llm_rerank_graph,95,20,0.0,0.0,0.0,0.0,0.0,0.0
llm_rerank_graph,97,1,0.0,0.0,0.0,0.0,0.0,0.0
llm_rerank_graph,97,3,0.0,0.0,0.0,0.0,0.0,0.0
llm_rerank_graph,97,5,1.0,1.0,1.0,1.0,0.25,0.43067655807339306
llm_rerank_graph,97,10,1.0,1.0,1.0,1.0,0.25,0.43067655807339306
llm_rerank_graph,97,20,1.0,1.0,1.0,1.0,0.25,0.43067655807339306
llm_rerank_graph,98,1,0.0,0.0,0.0,0.0,0.0,0.0
llm_rerank_graph,98,3,1.0,1.0,1.0,1.0,0.5,0.6309297535714575
llm_rerank_graph,98,5,1.0,1.0,1.0,1.0,0.5,0.6309297535714575
llm_rerank_graph,98,10,1.0,1.0,1.0,1.0,0.5,0.6309297535714575
llm_rerank_graph,98,20,1.0,1.0,1.0,1.0,0.5,0.6309297535714575
llm_rerank_graph,99,1,1.0,1.0,1.0,1.0,1.0,1.0
llm_rerank_graph,99,3,1.0,1.0,1.0,1.0,1.0,1.0
llm_rerank_graph,99,5,1.0,1.0,1.0,1.0,1.0,1.0
llm_rerank_graph,99,10,1.0,1.0,1.0,1.0,1.0,1.0
llm_rerank_graph,99,20,1.0,1.0,1.0,1.0,1.0,1.0
llm_rerank_graph,100,1,1.0,1.0,1.0,1.0,1.0,1.0
llm_rerank_graph,100,3,1.0,1.0,1.0,1.0,1.0,1.0
llm_rerank_graph,100,5,1.0,1.0,1.0,1.0,1.0,1.0
llm_rerank_graph,100,10,1.0,1.0,1.0,1.0,1.0,1.0
llm_rerank_graph,100,20,1.0,1.0,1.0,1.0,1.0,1.0
llm_expand_rerank,1,1,0.0,0.0,0.0,0.0,0.0,0.0
llm_expand_rerank,1,3,1.0,1.0,1.0,1.0,0.3333333333333333,0.5
llm_expand_rerank,1,5,1.0,1.0,1.0,1.0,0.3333333333333333,0.5
llm_expand_rerank,1,10,1.0,1.0,1.0,1.0,0.3333333333333333,0.5
llm_expand_rerank,1,20,1.0,1.0,1.0,1.0,0.3333333333333333,0.5
llm_expand_rerank,3,1,0.0,0.0,0.0,0.0,0.0,0.0
llm_expand_rerank,3,3,1.0,1.0,1.0,1.0,0.5,0.6309297535714575
llm_expand_rerank,3,5,1.0,1.0,1.0,1.0,0.5,0.6309297535714575
llm_expand_rerank,3,10,1.0,1.0,1.0,1.0,0.5,0.6309297535714575
llm_expand_rerank,3,20,1.0,1.0,1.0,1.0,0.5,0.6309297535714575
llm_expand_rerank,5,1,0.0,0.0,0.0,0.0,0.0,0.0
llm_expand_rerank,5,3,0.0,0.0,0.0,0.0,0.0,0.0
llm_expand_rerank,5,5,0.0,0.0,0.0,0.0,0.0,0.0
llm_expand_rerank,5,10,0.0,0.0,0.0,0.0,0.0,0.0
llm_expand_rerank,5,20,0.0,0.0,0.0,0.0,0.0,0.0
llm_expand_rerank,6,1,0.0,0.0,0.0,0.0,0.0,0.0
llm_expand_rerank,6,3,0.0,0.0,0.0,0.0,0.0,0.0
llm_expand_rerank,6,5,0.0,0.0,0.0,0.0,0.0,0.0
llm_expand_rerank,6,10,0.0,0.0,0.0,0.0,0.0,0.0
llm_expand_rerank,6,20,0.0,0.0,0.0,0.0,0.0,0.0
llm_expand_rerank,7,1,1.0,1.0,1.0,1.0,1.0,1.0
llm_expand_rerank,7,3,1.0,1.0,1.0,1.0,1.0,1.0
llm_expand_rerank,7,5,1.0,1.0,1.0,1.0,1.0,1.0
llm_expand_rerank,7,10,1.0,1.0,1.0,1.0,1.0,1.0
llm_expand_rerank,7,20,1.0,1.0,1.0,1.0,1.0,1.0
llm_expand_rerank,8,1,0.0,0.0,0.0,0.0,0.0,0.0
llm_expand_rerank,8,3,0.0,0.0,0.0,0.0,0.0,0.0
llm_expand_rerank,8,5,0.0,0.0,0.0,0.0,0.0,0.0
llm_expand_rerank,8,10,0.0,0.0,0.0,0.0,0.0,0.0
llm_expand_rerank,8,20,0.0,0.0,0.0,0.0,0.0,0.0
llm_expand_rerank,11,1,0.0,0.0,0.0,0.0,0.0,0.0
llm_expand_rerank,11,3,0.0,0.0,0.0,0.0,0.0,0.0
llm_expand_rerank,11,5,0.0,0.0,0.0,0.0,0.0,0.0
llm_expand_rerank,11,10,0.0,0.0,0.0,0.0,0.0,0.0
llm_expand_rerank,11,20,0.0,0.0,0.0,0.0,0.0,0.0
llm_expand_rerank,12,1,0.0,0.0,0.0,0.0,0.0,0.0
llm_expand_rerank,12,3,0.0,0.0,0.0,0.0,0.0,0.0
llm_expand_rerank,12,5,0.0,0.0,0.0,0.0,0.0,0.0
llm_expand_rerank,12,10,0.0,0.0,0.0,0.0,0.0,0.0
llm_expand_rerank,12,20,0.0,0.0,0.0,0.0,0.0,0.0
llm_expand_rerank,14,1,0.0,0.0,0.0,0.0,0.0,0.0
llm_expand_rerank,14,3,0.0,0.0,0.0,0.0,0.0,0.0
llm_expand_rerank,14,5,0.0,0.0,0.0,0.0,0.0,0.0
llm_expand_rerank,14,10,0.0,0.0,0.0,0.0,0.0,0.0
llm_expand_rerank,14,20,0.0,0.0,0.0,0.0,0.0,0.0
llm_expand_rerank,15,1,0.0,0.0,0.0,0.0,0.0,0.0
llm_expand_rerank,15,3,0.0,0.0,0.0,0.0,0.0,0.0
llm_expand_rerank,15,5,0.0,0.0,0.0,0.0,0.0,0.0
llm_expand_rerank,15,10,0.0,0.0,0.0,0.0,0.0,0.0
llm_expand_rerank,15,20,0.0,0.0,0.0,0.0,0.0,0.0
llm_expand_rerank,16,1,0.0,0.0,0.0,0.0,0.0,0.0
llm_expand_rerank,16,3,1.0,1.0,1.0,1.0,0.5,0.6309297535714575
llm_expand_rerank,16,5,1.0,1.0,1.0,1.0,0.5,0.6309297535714575
llm_expand_rerank,16,10,1.0,1.0,1.0,1.0,0.5,0.6309297535714575
llm_expand_rerank,16,20,1.0,1.0,1.0,1.0,0.5,0.6309297535714575
llm_expand_rerank,17,1,0.0,0.0,0.0,0.0,0.0,0.0
llm_expand_rerank,17,3,0.0,0.0,0.0,0.0,0.0,0.0
llm_expand_rerank,17,5,0.0,0.0,0.0,0.0,0.0,0.0
llm_expand_rerank,17,10,1.0,1.0,1.0,1.0,0.16666666666666666,0.3562071871080222
llm_expand_rerank,17,20,1.0,1.0,1.0,1.0,0.16666666666666666,0.3562071871080222
llm_expand_rerank,18,1,0.0,0.0,0.0,0.0,0.0,0.0
llm_expand_rerank,18,3,0.0,0.0,0.0,0.0,0.0,0.0
llm_expand_rerank,18,5,0.0,0.0,0.0,0.0,0.0,0.0
llm_expand_rerank,18,10,0.0,0.0,0.0,0.0,0.0,0.0
llm_expand_rerank,18,20,0.0,0.0,0.0,0.0,0.0,0.0
llm_expand_rerank,19,1,0.0,0.0,0.0,0.0,0.0,0.0
llm_expand_rerank,19,3,0.0,0.0,0.0,0.0,0.0,0.0
llm_expand_rerank,19,5,0.0,0.0,0.0,0.0,0.0,0.0
llm_expand_rerank,19,10,1.0,1.0,1.0,1.0,0.1111111111111111,0.3010299956639812
llm_expand_rerank,19,20,1.0,1.0,1.0,1.0,0.1111111111111111,0.3010299956639812
llm_expand_rerank,20,1,0.0,0.0,0.0,0.0,0.0,0.0
llm_expand_rerank,20,3,0.0,0.0,0.0,0.0,0.0,0.0
llm_expand_rerank,20,5,0.0,0.0,0.0,0.0,0.0,0.0
llm_expand_rerank,20,10,0.0,0.0,0.0,0.0,0.0,0.0
llm_expand_rerank,20,20,0.0,0.0,0.0,0.0,0.0,0.0
llm_expand_rerank,21,1,0.0,0.0,0.0,0.0,0.0,0.0
llm_expand_rerank,21,3,0.0,0.0,0.0,0.0,0.0,0.0
llm_expand_rerank,21,5,0.0,0.0,0.0,0.0,0.0,0.0
llm_expand_rerank,21,10,0.0,0.0,0.0,0.0,0.0,0.0
llm_expand_rerank,21,20,0.0,0.0,0.0,0.0,0.0,0.0
llm_expand_rerank,22,1,0.0,0.0,0.0,0.0,0.0,0.0
llm_expand_rerank,22,3,0.0,0.0,0.0,0.0,0.0,0.0
llm_expand_rerank,22,5,0.0,0.0,0.0,0.0,0.0,0.0
llm_expand_rerank,22,10,1.0,1.0,1.0,1.0,0.16666666666666666,0.3562071871080222
llm_expand_rerank,22,20,1.0,1.0,1.0,1.0,0.16666666666666666,0.3562071871080222
llm_expand_rerank,23,1,0.0,0.0,0.0,0.0,0.0,0.0
llm_expand_rerank,23,3,0.0,0.0,0.0,0.0,0.0,0.0
llm_expand_rerank,23,5,0.0,0.0,0.0,0.0,0.0,0.0
llm_expand_rerank,23,10,0.0,0.0,0.0,0.0,0.0,0.0
llm_expand_rerank,23,20,0.0,0.0,0.0,0.0,0.0,0.0
llm_expand_rerank,25,1,0.0,0.0,0.0,0.0,0.0,0.0
llm_expand_rerank,25,3,0.0,0.0,0.0,0.0,0.0,0.0
llm_expand_rerank,25,5,0.0,0.0,0.0,0.0,0.0,0.0
llm_expand_rerank,25,10,0.0,0.0,0.0,0.0,0.0,0.0
llm_expand_rerank,25,20,0.0,0.0,0.0,0.0,0.0,0.0
llm_expand_rerank,26,1,0.0,0.0,0.0,0.0,0.0,0.0
llm_expand_rerank,26,3,0.0,0.0,0.0,0.0,0.0,0.0
llm_expand_rerank,26,5,0.0,0.0,0.0,0.0,0.0,0.0
llm_expand_rerank,26,10,0.0,0.0,0.0,0.0,0.0,0.0
llm_expand_rerank,26,20,0.0,0.0,0.0,0.0,0.0,0.0
llm_expand_rerank,27,1,0.0,0.0,0.0,0.0,0.0,0.0
llm_expand_rerank,27,3,0.0,0.0,0.0,0.0,0.0,0.0
llm_expand_rerank,27,5,0.0,0.0,0.0,0.0,0.0,0.0
llm_expand_rerank,27,10,0.0,0.0,0.0,0.0,0.0,0.0
llm_expand_rerank,27,20,0.0,0.0,0.0,0.0,0.0,0.0
llm_expand_rerank,28,1,0.0,0.0,0.0,0.0,0.0,0.0
llm_expand_rerank,28,3,1.0,1.0,1.0,1.0,0.3333333333333333,0.5
llm_expand_rerank,28,5,1.0,1.0,1.0,1.0,0.3333333333333333,0.5
llm_expand_rerank,28,10,1.0,1.0,1.0,1.0,0.3333333333333333,0.5
llm_expand_rerank,28,20,1.0,1.0,1.0,1.0,0.3333333333333333,0.5
llm_expand_rerank,29,1,0.0,0.0,0.0,0.0,0.0,0.0
llm_expand_rerank,29,3,0.0,0.0,0.0,0.0,0.0,0.0
llm_expand_rerank,29,5,0.0,0.0,0.0,0.0,0.0,0.0
llm_expand_rerank,29,10,0.0,0.0,0.0,0.0,0.0,0.0
llm_expand_rerank,29,20,0.0,0.0,0.0,0.0,0.0,0.0
llm_expand_rerank,31,1,0.0,0.0,0.0,0.0,0.0,0.0
llm_expand_rerank,31,3,0.0,0.0,0.0,0.0,0.0,0.0
llm_expand_rerank,31,5,0.0,0.0,0.0,0.0,0.0,0.0
llm_expand_rerank,31,10,0.0,0.0,0.0,0.0,0.0,0.0
llm_expand_rerank,31,20,1.0,1.0,1.0,1.0,0.08333333333333333,0.27023815442731974
llm_expand_rerank,32,1,0.0,0.0,0.0,0.0,0.0,0.0
llm_expand_rerank,32,3,0.0,0.0,0.0,0.0,0.0,0.0
llm_expand_rerank,32,5,0.0,0.0,0.0,0.0,0.0,0.0
llm_expand_rerank,32,10,1.0,1.0,1.0,1.0,0.1,0.2890648263178879
llm_expand_rerank,32,20,1.0,1.0,1.0,1.0,0.1,0.2890648263178879
llm_expand_rerank,33,1,0.0,0.0,0.0,0.0,0.0,0.0
llm_expand_rerank,33,3,0.0,0.0,0.0,0.0,0.0,0.0
llm_expand_rerank,33,5,0.0,0.0,0.0,0.0,0.0,0.0
llm_expand_rerank,33,10,1.0,1.0,1.0,1.0,0.125,0.31546487678572877
llm_expand_rerank,33,20,1.0,1.0,1.0,1.0,0.125,0.31546487678572877
llm_expand_rerank,35,1,0.0,0.0,0.0,0.0,0.0,0.0
llm_expand_rerank,35,3,0.0,0.0,0.0,0.0,0.0,0.0
llm_expand_rerank,35,5,0.0,0.0,0.0,0.0,0.0,0.0
llm_expand_rerank,35,10,0.0,0.0,0.0,0.0,0.0,0.0
llm_expand_rerank,35,20,0.0,0.0,0.0,0.0,0.0,0.0
llm_expand_rerank,37,1,1.0,1.0,1.0,1.0,1.0,1.0
llm_expand_rerank,37,3,1.0,1.0,1.0,1.0,1.0,1.0
llm_expand_rerank,37,5,1.0,1.0,1.0,1.0,1.0,1.0
llm_expand_rerank,37,10,1.0,1.0,1.0,1.0,1.0,1.0
llm_expand_rerank,37,20,1.0,1.0,1.0,1.0,1.0,1.0
llm_expand_rerank,38,1,1.0,1.0,1.0,1.0,1.0,1.0
llm_expand_rerank,38,3,1.0,1.0,1.0,1.0,1.0,1.0
llm_expand_rerank,38,5,1.0,1.0,1.0,1.0,1.0,1.0
llm_expand_rerank,38,10,1.0,1.0,1.0,1.0,1.0,1.0
llm_expand_rerank,38,20,1.0,1.0,1.0,1.0,1.0,1.0
llm_expand_rerank,39,1,0.0,0.0,0.0,0.0,0.0,0.0
llm_expand_rerank,39,3,0.0,0.0,0.0,0.0,0.0,0.0
llm_expand_rerank,39,5,0.0,0.0,0.0,0.0,0.0,0.0
llm_expand_rerank,39,10,0.0,0.0,0.0,0.0,0.0,0.0
llm_expand_rerank,39,20,0.0,0.0,0.0,0.0,0.0,0.0
llm_expand_rerank,40,1,0.0,0.0,0.0,0.0,0.0,0.0
llm_expand_rerank,40,3,1.0,1.0,1.0,1.0,0.3333333333333333,0.5
llm_expand_rerank,40,5,1.0,1.0,1.0,1.0,0.3333333333333333,0.5
llm_expand_rerank,40,10,1.0,1.0,1.0,1.0,0.3333333333333333,0.5
llm_expand_rerank,40,20,1.0,1.0,1.0,1.0,0.3333333333333333,0.5
llm_expand_rerank,41,1,0.0,0.0,0.0,0.0,0.0,0.0
llm_expand_rerank,41,3,0.0,0.0,0.0,0.0,0.0,0.0
llm_expand_rerank,41,5,0.0,0.0,0.0,0.0,0.0,0.0
llm_expand_rerank,41,10,0.0,0.0,0.0,0.0,0.0,0.0
llm_expand_rerank,41,20,0.0,0.0,0.0,0.0,0.0,0.0
llm_expand_rerank,42,1,1.0,1.0,1.0,1.0,1.0,1.0
llm_expand_rerank,42,3,1.0,1.0,1.0,1.0,1.0,1.0
llm_expand_rerank,42,5,1.0,1.0,1.0,1.0,1.0,1.0
llm_expand_rerank,42,10,1.0,1.0,1.0,1.0,1.0,1.0
llm_expand_rerank,42,20,1.0,1.0,1.0,1.0,1.0,1.0
llm_expand_rerank,43,1,0.0,0.0,0.0,0.0,0.0,0.0
llm_expand_rerank,43,3,0.0,0.0,0.0,0.0,0.0,0.0
llm_expand_rerank,43,5,0.0,0.0,0.0,0.0,0.0,0.0
llm_expand_rerank,43,10,0.0,0.0,0.0,0.0,0.0,0.0
llm_expand_rerank,43,20,0.0,0.0,0.0,0.0,0.0,0.0
llm_expand_rerank,44,1,1.0,1.0,1.0,1.0,1.0,1.0
llm_expand_rerank,44,3,1.0,1.0,1.0,1.0,1.0,1.0
llm_expand_rerank,44,5,1.0,1.0,1.0,1.0,1.0,1.0
llm_expand_rerank,44,10,1.0,1.0,1.0,1.0,1.0,1.0
llm_expand_rerank,44,20,1.0,1.0,1.0,1.0,1.0,1.0
llm_expand_rerank,45,1,1.0,1.0,1.0,1.0,1.0,1.0
llm_expand_rerank,45,3,1.0,1.0,1.0,1.0,1.0,1.0
llm_expand_rerank,45,5,1.0,1.0,1.0,1.0,1.0,1.0
llm_expand_rerank,45,10,1.0,1.0,1.0,1.0,1.0,1.0
llm_expand_rerank,45,20,1.0,1.0,1.0,1.0,1.0,1.0
llm_expand_rerank,46,1,1.0,1.0,1.0,1.0,1.0,1.0
llm_expand_rerank,46,3,1.0,1.0,1.0,1.0,1.0,1.0
llm_expand_rerank,46,5,1.0,1.0,1.0,1.0,1.0,1.0
llm_expand_rerank,46,10,1.0,1.0,1.0,1.0,1.0,1.0
llm_expand_rerank,46,20,1.0,1.0,1.0,1.0,1.0,1.0
llm_expand_rerank,47,1,0.0,0.0,0.0,0.0,0.0,0.0
llm_expand_rerank,47,3,0.0,0.0,0.0,0.0,0.0,0.0
llm_expand_rerank,47,5,0.0,0.0,0.0,0.0,0.0,0.0
llm_expand_rerank,47,10,0.0,0.0,0.0,0.0,0.0,0.0
llm_expand_rerank,47,20,0.0,0.0,0.0,0.0,0.0,0.0
llm_expand_rerank,48,1,0.0,0.0,0.0,0.0,0.0,0.0
llm_expand_rerank,48,3,0.0,0.0,0.0,0.0,0.0,0.0
llm_expand_rerank,48,5,0.0,0.0,0.0,0.0,0.0,0.0
llm_expand_rerank,48,10,0.0,0.0,0.0,0.0,0.0,0.0
llm_expand_rerank,48,20,0.0,0.0,0.0,0.0,0.0,0.0
llm_expand_rerank,49,1,0.0,0.0,0.0,0.0,0.0,0.0
llm_expand_rerank,49,3,0.0,0.0,0.0,0.0,0.0,0.0
llm_expand_rerank,49,5,0.0,0.0,0.0,0.0,0.0,0.0
llm_expand_rerank,49,10,0.0,0.0,0.0,0.0,0.0,0.0
llm_expand_rerank,49,20,0.0,0.0,0.0,0.0,0.0,0.0
llm_expand_rerank,50,1,0.0,0.0,0.0,0.0,0.0,0.0
llm_expand_rerank,50,3,0.0,0.0,0.0,0.0,0.0,0.0
llm_expand_rerank,50,5,0.0,0.0,0.0,0.0,0.0,0.0
llm_expand_rerank,50,10,0.0,0.0,0.0,0.0,0.0,0.0
llm_expand_rerank,50,20,0.0,0.0,0.0,0.0,0.0,0.0
llm_expand_rerank,54,1,0.0,0.0,0.0,0.0,0.0,0.0
llm_expand_rerank,54,3,0.0,0.0,0.0,0.0,0.0,0.0
llm_expand_rerank,54,5,0.0,0.0,0.0,0.0,0.0,0.0
llm_expand_rerank,54,10,0.0,0.0,0.0,0.0,0.0,0.0
llm_expand_rerank,54,20,0.0,0.0,0.0,0.0,0.0,0.0
llm_expand_rerank,56,1,0.0,0.0,0.0,0.0,0.0,0.0
llm_expand_rerank,56,3,0.0,0.0,0.0,0.0,0.0,0.0
llm_expand_rerank,56,5,0.0,0.0,0.0,0.0,0.0,0.0
llm_expand_rerank,56,10,1.0,1.0,1.0,1.0,0.1111111111111111,0.3010299956639812
llm_expand_rerank,56,20,1.0,1.0,1.0,1.0,0.1111111111111111,0.3010299956639812
llm_expand_rerank,57,1,0.0,0.0,0.0,0.0,0.0,0.0
llm_expand_rerank,57,3,1.0,1.0,1.0,1.0,0.3333333333333333,0.5
llm_expand_rerank,57,5,1.0,1.0,1.0,1.0,0.3333333333333333,0.5
llm_expand_rerank,57,10,1.0,1.0,1.0,1.0,0.3333333333333333,0.5
llm_expand_rerank,57,20,1.0,1.0,1.0,1.0,0.3333333333333333,0.5
llm_expand_rerank,58,1,1.0,1.0,1.0,1.0,1.0,1.0
llm_expand_rerank,58,3,1.0,1.0,1.0,1.0,1.0,1.0
llm_expand_rerank,58,5,1.0,1.0,1.0,1.0,1.0,1.0
llm_expand_rerank,58,10,1.0,1.0,1.0,1.0,1.0,1.0
llm_expand_rerank,58,20,1.0,1.0,1.0,1.0,1.0,1.0
llm_expand_rerank,59,1,0.0,0.0,0.0,0.0,0.0,0.0
llm_expand_rerank,59,3,0.0,0.0,0.0,0.0,0.0,0.0
llm_expand_rerank,59,5,0.0,0.0,0.0,0.0,0.0,0.0
llm_expand_rerank,59,10,0.0,0.0,0.0,0.0,0.0,0.0
llm_expand_rerank,59,20,0.0,0.0,0.0,0.0,0.0,0.0
llm_expand_rerank,60,1,0.0,0.0,0.0,0.0,0.0,0.0
llm_expand_rerank,60,3,0.0,0.0,0.0,0.0,0.0,0.0
llm_expand_rerank,60,5,0.0,0.0,0.0,0.0,0.0,0.0
llm_expand_rerank,60,10,0.0,0.0,0.0,0.0,0.0,0.0
llm_expand_rerank,60,20,0.0,0.0,0.0,0.0,0.0,0.0
llm_expand_rerank,61,1,0.0,0.0,0.0,0.0,0.0,0.0
llm_expand_rerank,61,3,1.0,1.0,1.0,1.0,0.5,0.6309297535714575
llm_expand_rerank,61,5,1.0,1.0,1.0,1.0,0.5,0.6309297535714575
llm_expand_rerank,61,10,1.0,1.0,1.0,1.0,0.5,0.6309297535714575
llm_expand_rerank,61,20,1.0,1.0,1.0,1.0,0.5,0.6309297535714575
llm_expand_rerank,62,1,0.0,0.0,0.0,0.0,0.0,0.0
llm_expand_rerank,62,3,0.0,0.0,0.0,0.0,0.0,0.0
llm_expand_rerank,62,5,0.0,0.0,0.0,0.0,0.0,0.0
llm_expand_rerank,62,10,0.0,0.0,0.0,0.0,0.0,0.0
llm_expand_rerank,62,20,0.0,0.0,0.0,0.0,0.0,0.0
llm_expand_rerank,63,1,0.0,0.0,0.0,0.0,0.0,0.0
llm_expand_rerank,63,3,0.0,0.0,0.0,0.0,0.0,0.0
llm_expand_rerank,63,5,0.0,0.0,0.0,0.0,0.0,0.0
llm_expand_rerank,63,10,0.0,0.0,0.0,0.0,0.0,0.0
llm_expand_rerank,63,20,0.0,0.0,0.0,0.0,0.0,0.0
llm_expand_rerank,65,1,0.0,0.0,0.0,0.0,0.0,0.0
llm_expand_rerank,65,3,1.0,1.0,1.0,1.0,0.5,0.6309297535714575
llm_expand_rerank,65,5,1.0,1.0,1.0,1.0,0.5,0.6309297535714575
llm_expand_rerank,65,10,1.0,1.0,1.0,1.0,0.5,0.6309297535714575
llm_expand_rerank,65,20,1.0,1.0,1.0,1.0,0.5,0.6309297535714575
llm_expand_rerank,66,1,0.0,0.0,0.0,0.0,0.0,0.0
llm_expand_rerank,66,3,0.0,0.0,0.0,0.0,0.0,0.0
llm_expand_rerank,66,5,0.0,0.0,0.0,0.0,0.0,0.0
llm_expand_rerank,66,10,0.0,0.0,0.0,0.0,0.0,0.0
llm_expand_rerank,66,20,0.0,0.0,0.0,0.0,0.0,0.0
llm_expand_rerank,67,1,0.0,0.0,0.0,0.0,0.0,0.0
llm_expand_rerank,67,3,1.0,1.0,1.0,1.0,0.5,0.6309297535714575
llm_expand_rerank,67,5,1.0,1.0,1.0,1.0,0.5,0.6309297535714575
llm_expand_rerank,67,10,1.0,1.0,1.0,1.0,0.5,0.6309297535714575
llm_expand_rerank,67,20,1.0,1.0,1.0,1.0,0.5,0.6309297535714575
llm_expand_rerank,68,1,0.0,0.0,0.0,0.0,0.0,0.0
llm_expand_rerank,68,3,1.0,1.0,1.0,1.0,0.5,0.6309297535714575
llm_expand_rerank,68,5,1.0,1.0,1.0,1.0,0.5,0.6309297535714575
llm_expand_rerank,68,10,1.0,1.0,1.0,1.0,0.5,0.6309297535714575
llm_expand_rerank,68,20,1.0,1.0,1.0,1.0,0.5,0.6309297535714575
llm_expand_rerank,69,1,0.0,0.0,0.0,0.0,0.0,0.0
llm_expand_rerank,69,3,0.0,0.0,0.0,0.0,0.0,0.0
llm_expand_rerank,69,5,0.0,0.0,0.0,0.0,0.0,0.0
llm_expand_rerank,69,10,0.0,0.0,0.0,0.0,0.0,0.0
llm_expand_rerank,69,20,0.0,0.0,0.0,0.0,0.0,0.0
llm_expand_rerank,70,1,0.0,0.0,0.0,0.0,0.0,0.0
llm_expand_rerank,70,3,0.0,0.0,0.0,0.0,0.0,0.0
llm_expand_rerank,70,5,0.0,0.0,0.0,0.0,0.0,0.0
llm_expand_rerank,70,10,1.0,1.0,1.0,1.0,0.14285714285714285,0.3333333333333333
llm_expand_rerank,70,20,1.0,1.0,1.0,1.0,0.14285714285714285,0.3333333333333333
llm_expand_rerank,71,1,0.0,0.0,0.0,0.0,0.0,0.0
llm_expand_rerank,71,3,0.0,0.0,0.0,0.0,0.0,0.0
llm_expand_rerank,71,5,0.0,0.0,0.0,0.0,0.0,0.0
llm_expand_rerank,71,10,1.0,1.0,1.0,1.0,0.1,0.2890648263178879
llm_expand_rerank,71,20,1.0,1.0,1.0,1.0,0.1,0.2890648263178879
llm_expand_rerank,72,1,0.0,0.0,0.0,0.0,0.0,0.0
llm_expand_rerank,72,3,0.0,0.0,0.0,0.0,0.0,0.0
llm_expand_rerank,72,5,0.0,0.0,0.0,0.0,0.0,0.0
llm_expand_rerank,72,10,0.0,0.0,0.0,0.0,0.0,0.0
llm_expand_rerank,72,20,0.0,0.0,0.0,0.0,0.0,0.0
llm_expand_rerank,73,1,0.0,0.0,0.0,0.0,0.0,0.0
llm_expand_rerank,73,3,0.0,0.0,0.0,0.0,0.0,0.0
llm_expand_rerank,73,5,0.0,0.0,0.0,0.0,0.0,0.0
llm_expand_rerank,73,10,0.0,0.0,0.0,0.0,0.0,0.0
llm_expand_rerank,73,20,0.0,0.0,0.0,0.0,0.0,0.0
llm_expand_rerank,74,1,1.0,1.0,1.0,1.0,1.0,1.0
llm_expand_rerank,74,3,1.0,1.0,1.0,1.0,1.0,1.0
llm_expand_rerank,74,5,1.0,1.0,1.0,1.0,1.0,1.0
llm_expand_rerank,74,10,1.0,1.0,1.0,1.0,1.0,1.0
llm_expand_rerank,74,20,1.0,1.0,1.0,1.0,1.0,1.0
llm_expand_rerank,75,1,0.0,0.0,0.0,0.0,0.0,0.0
llm_expand_rerank,75,3,0.0,0.0,0.0,0.0,0.0,0.0
llm_expand_rerank,75,5,0.0,0.0,0.0,0.0,0.0,0.0
llm_expand_rerank,75,10,0.0,0.0,0.0,0.0,0.0,0.0
llm_expand_rerank,75,20,0.0,0.0,0.0,0.0,0.0,0.0
llm_expand_rerank,77,1,0.0,0.0,0.0,0.0,0.0,0.0
llm_expand_rerank,77,3,0.0,0.0,0.0,0.0,0.0,0.0
llm_expand_rerank,77,5,0.0,0.0,0.0,0.0,0.0,0.0
llm_expand_rerank,77,10,0.0,0.0,0.0,0.0,0.0,0.0
llm_expand_rerank,77,20,0.0,0.0,0.0,0.0,0.0,0.0
llm_expand_rerank,78,1,0.0,0.0,0.0,0.0,0.0,0.0
llm_expand_rerank,78,3,0.0,0.0,0.0,0.0,0.0,0.0
llm_expand_rerank,78,5,0.0,0.0,0.0,0.0,0.0,0.0
llm_expand_rerank,78,10,0.0,0.0,0.0,0.0,0.0,0.0
llm_expand_rerank,78,20,0.0,0.0,0.0,0.0,0.0,0.0
llm_expand_rerank,79,1,0.0,0.0,0.0,0.0,0.0,0.0
llm_expand_rerank,79,3,0.0,0.0,0.0,0.0,0.0,0.0
llm_expand_rerank,79,5,1.0,1.0,1.0,1.0,0.2,0.38685280723454163
llm_expand_rerank,79,10,1.0,1.0,1.0,1.0,0.2,0.38685280723454163
llm_expand_rerank,79,20,1.0,1.0,1.0,1.0,0.2,0.38685280723454163
llm_expand_rerank,81,1,0.0,0.0,0.0,0.0,0.0,0.0
llm_expand_rerank,81,3,1.0,1.0,1.0,1.0,0.5,0.6309297535714575
llm_expand_rerank,81,5,1.0,1.0,1.0,1.0,0.5,0.6309297535714575
llm_expand_rerank,81,10,1.0,1.0,1.0,1.0,0.5,0.6309297535714575
llm_expand_rerank,81,20,1.0,1.0,1.0,1.0,0.5,0.6309297535714575
llm_expand_rerank,82,1,0.0,0.0,0.0,0.0,0.0,0.0
llm_expand_rerank,82,3,0.0,0.0,0.0,0.0,0.0,0.0
llm_expand_rerank,82,5,0.0,0.0,0.0,0.0,0.0,0.0
llm_expand_rerank,82,10,1.0,1.0,1.0,1.0,0.1111111111111111,0.3010299956639812
llm_expand_rerank,82,20,1.0,1.0,1.0,1.0,0.1111111111111111,0.3010299956639812
llm_expand_rerank,83,1,0.0,0.0,0.0,0.0,0.0,0.0
llm_expand_rerank,83,3,0.0,0.0,0.0,0.0,0.0,0.0
llm_expand_rerank,83,5,0.0,0.0,0.0,0.0,0.0,0.0
llm_expand_rerank,83,10,0.0,0.0,0.0,0.0,0.0,0.0
llm_expand_rerank,83,20,0.0,0.0,0.0,0.0,0.0,0.0
llm_expand_rerank,84,1,1.0,1.0,1.0,1.0,1.0,1.0
llm_expand_rerank,84,3,1.0,1.0,1.0,1.0,1.0,1.0
llm_expand_rerank,84,5,1.0,1.0,1.0,1.0,1.0,1.0
llm_expand_rerank,84,10,1.0,1.0,1.0,1.0,1.0,1.0
llm_expand_rerank,84,20,1.0,1.0,1.0,1.0,1.0,1.0
llm_expand_rerank,87,1,1.0,1.0,1.0,1.0,1.0,1.0
llm_expand_rerank,87,3,1.0,1.0,1.0,1.0,1.0,1.0
llm_expand_rerank,87,5,1.0,1.0,1.0,1.0,1.0,1.0
llm_expand_rerank,87,10,1.0,1.0,1.0,1.0,1.0,1.0
llm_expand_rerank,87,20,1.0,1.0,1.0,1.0,1.0,1.0
llm_expand_rerank,88,1,1.0,1.0,1.0,1.0,1.0,1.0
llm_expand_rerank,88,3,1.0,1.0,1.0,1.0,1.0,1.0
llm_expand_rerank,88,5,1.0,1.0,1.0,1.0,1.0,1.0
llm_expand_rerank,88,10,1.0,1.0,1.0,1.0,1.0,1.0
llm_expand_rerank,88,20,1.0,1.0,1.0,1.0,1.0,1.0
llm_expand_rerank,89,1,0.0,0.0,0.0,0.0,0.0,0.0
llm_expand_rerank,89,3,0.0,0.0,0.0,0.0,0.0,0.0
llm_expand_rerank,89,5,1.0,1.0,1.0,1.0,0.2,0.38685280723454163
llm_expand_rerank,89,10,1.0,1.0,1.0,1.0,0.2,0.38685280723454163
llm_expand_rerank,89,20,1.0,1.0,1.0,1.0,0.2,0.38685280723454163
llm_expand_rerank,90,1,0.0,0.0,0.0,0.0,0.0,0.0
llm_expand_rerank,90,3,0.0,0.0,0.0,0.0,0.0,0.0
llm_expand_rerank,90,5,0.0,0.0,0.0,0.0,0.0,0.0
llm_expand_rerank,90,10,0.0,0.0,0.0,0.0,0.0,0.0
llm_expand_rerank,90,20,0.0,0.0,0.0,0.0,0.0,0.0
llm_expand_rerank,92,1,0.0,0.0,0.0,0.0,0.0,0.0
llm_expand_rerank,92,3,0.0,0.0,0.0,0.0,0.0,0.0
llm_expand_rerank,92,5,1.0,1.0,1.0,1.0,0.25,0.43067655807339306
llm_expand_rerank,92,10,1.0,1.0,1.0,1.0,0.25,0.43067655807339306
llm_expand_rerank,92,20,1.0,1.0,1.0,1.0,0.25,0.43067655807339306
llm_expand_rerank,93,1,0.0,0.0,0.0,0.0,0.0,0.0
llm_expand_rerank,93,3,0.0,0.0,0.0,0.0,0.0,0.0
llm_expand_rerank,93,5,0.0,0.0,0.0,0.0,0.0,0.0
llm_expand_rerank,93,10,0.0,0.0,0.0,0.0,0.0,0.0
llm_expand_rerank,93,20,0.0,0.0,0.0,0.0,0.0,0.0
llm_expand_rerank,94,1,0.0,0.0,0.0,0.0,0.0,0.0
llm_expand_rerank,94,3,0.0,0.0,0.0,0.0,0.0,0.0
llm_expand_rerank,94,5,0.0,0.0,0.0,0.0,0.0,0.0
llm_expand_rerank,94,10,0.0,0.0,0.0,0.0,0.0,0.0
llm_expand_rerank,94,20,0.0,0.0,0.0,0.0,0.0,0.0
llm_expand_rerank,95,1,1.0,1.0,1.0,1.0,1.0,1.0
llm_expand_rerank,95,3,1.0,1.0,1.0,1.0,1.0,1.0
llm_expand_rerank,95,5,1.0,1.0,1.0,1.0,1.0,1.0
llm_expand_rerank,95,10,1.0,1.0,1.0,1.0,1.0,1.0
llm_expand_rerank,95,20,1.0,1.0,1.0,1.0,1.0,1.0
llm_expand_rerank,97,1,0.0,0.0,0.0,0.0,0.0,0.0
llm_expand_rerank,97,3,0.0,0.0,0.0,0.0,0.0,0.0
llm_expand_rerank,97,5,0.0,0.0,0.0,0.0,0.0,0.0
llm_expand_rerank,97,10,1.0,1.0,1.0,1.0,0.16666666666666666,0.3562071871080222
llm_expand_rerank,97,20,1.0,1.0,1.0,1.0,0.16666666666666666,0.3562071871080222
llm_expand_rerank,98,1,0.0,0.0,0.0,0.0,0.0,0.0
llm_expand_rerank,98,3,1.0,1.0,1.0,1.0,0.5,0.6309297535714575
llm_expand_rerank,98,5,1.0,1.0,1.0,1.0,0.5,0.6309297535714575
llm_expand_rerank,98,10,1.0,1.0,1.0,1.0,0.5,0.6309297535714575
llm_expand_rerank,98,20,1.0,1.0,1.0,1.0,0.5,0.6309297535714575
llm_expand_rerank,99,1,1.0,1.0,1.0,1.0,1.0,1.0
llm_expand_rerank,99,3,1.0,1.0,1.0,1.0,1.0,1.0
llm_expand_rerank,99,5,1.0,1.0,1.0,1.0,1.0,1.0
llm_expand_rerank,99,10,1.0,1.0,1.0,1.0,1.0,1.0
llm_expand_rerank,99,20,1.0,1.0,1.0,1.0,1.0,1.0
llm_expand_rerank,100,1,1.0,1.0,1.0,1.0,1.0,1.0
llm_expand_rerank,100,3,1.0,1.0,1.0,1.0,1.0,1.0
llm_expand_rerank,100,5,1.0,1.0,1.0,1.0,1.0,1.0
llm_expand_rerank,100,10,1.0,1.0,1.0,1.0,1.0,1.0
llm_expand_rerank,100,20,1.0,1.0,1.0,1.0,1.0,1.0
