query_id,query,category,reasoning,type,top_k,precision,recall,reciprocal_rank,ndcg,evidence_coverage,first_relevant_rank,retrieved_count,relevant_count,latency_ms,answer_accuracy_exact_match,answer_token_f1,answer_correctness
00baaedf,APH: impact of purchase obligations distribution on cap allocation & growth strategy.,Footnotes,False,None,5,0.0,0.0,0.0,0.0,0.0,,5,1,5.0052080769091845,,,
bcea6cba,Mgmt sentiment on buyback for DE is positive.,Shareholder return,False,None,5,0.0,0.0,0.0,0.0,0.0,,5,1,3.6568749928846955,,,
1d81f6e6,Company vs. franchise employment ratio for Yum.,Company overview,True,Division,5,0.2,1.0,1.0,1.0,1.0,1,5,1,2.6255830889567733,,,
9c501783,Paychex impact of interest accrual rev & holding period risks.,Accounting,False,None,5,0.0,0.0,0.0,0.0,0.0,,5,1,3.3079999266192317,,,
009d2b5a,BKR share repurchase trends indicate notable financial health & growth signals for 2022-2023.,Shareholder return,False,None,5,0.0,0.0,0.0,0.0,0.0,,5,1,4.728667088784277,,,
51c9848d,"Operating income growth for ServiceNow in 2023 compared to 2022, NOW.",Financials,True,Subtract,5,0.2,1.0,0.5,0.6309297535714575,1.0,2,5,1,6.227083969861269,,,
29ffa0a8,Tech trends @ Fox Corp impact competitive positioning & growth.,Company overview,False,None,5,0.2,1.0,0.3333333333333333,0.5,1.0,3,5,1,1.0225840378552675,,,
98796dd9,"Growth is influenced by Citizens Financial's HR strategy and board oversight, CFG.",Company overview,True,None,5,0.2,1.0,1.0,1.0,1.0,1,5,1,10.377292055636644,,,
ded7a7da,KMB's stock options & RSU dilution in '21 vs '23.,Financials,True,Division,5,0.0,0.0,0.0,0.0,0.0,,5,1,3.325499943457544,,,
9fd9b39f,Impact on liquidity & working capital from 30-day payment terms at Marathon Oil (MRO).,Accounting,False,None,5,0.0,0.0,0.0,0.0,0.0,,5,1,4.618125036358833,,,
88041b7f,"Analysis of liquidity, working cap, & asset reduction for Jabil, JBL.",Financials,False,None,5,0.0,0.0,0.0,0.0,0.0,,5,2,3.7492919946089387,,,
66717c5b,Key financial metrics for resilience amid economic and supply volatility for Valero Energy (VLO) remain robust.,Company overview,False,None,5,0.0,0.0,0.0,0.0,0.0,,5,1,4.111208952963352,,,
1b182746,Unfunded commitments split and liquidity impact for HIG.,Footnotes,False,None,5,0.0,0.0,0.0,0.0,0.0,,5,1,3.5347919911146164,,,
f9c69b00,"HRL's point-in-time rev, impact of short-term contracts.",Accounting,False,None,5,0.0,0.0,0.0,0.0,0.0,,5,1,4.5132499653846025,,,
2f580281,Litig. & reg. impacts on Raymond James Financial's short-medium term fin. condition?,Legal,False,None,5,0.0,0.0,0.0,0.0,0.0,,5,1,3.0447079334408045,,,
c6001ff0,Kellanova's revenue & profitability in comps.,Company overview,False,None,5,0.0,0.0,0.0,0.0,0.0,,5,1,2.1370419999584556,,,
2373efc3,"Impact of board diversity at Match Group on strategy & profitability, MTCH.",Governance,False,None,5,0.0,0.0,0.0,0.0,0.0,,5,1,4.474458051845431,,,
14331ce6,Expenditure for the Keysight repurchase program.,Shareholder return,False,None,5,0.0,0.0,0.0,0.0,0.0,,5,1,3.4613750176504254,,,
d568d2e6,"Autodesk's strategy on digital pipeline (ADSK) aims to enhance productivity, boost sustainability, and maximize financial impact.",Company overview,False,None,5,0.0,0.0,0.0,0.0,0.0,,5,1,5.17491705249995,,,
d4b02852,CRWD's acquisition of Bionic & Reposify includes goodwill breakdown driven by strategic factors.,Footnotes,False,None,5,0.2,1.0,1.0,1.0,1.0,1,5,1,3.8966659922152758,,,
c2ee2ce8,CF trend and working capital drivers for Mastercard.,Footnotes,False,None,5,0.0,0.0,0.0,0.0,0.0,,5,1,3.3529169159010053,,,
6116554e,"impact of cybersecurity risk framework on financial liabilities & risk profile relative to peers, vistra.",Risk,False,None,5,0.2,1.0,0.25,0.43067655807339306,1.0,4,5,1,5.5448750499635935,,,
33ce4bb1,UR's rev. CAGR 2021-2023 growth potential.,Financials,True,Compositional,5,0.0,0.0,0.0,0.0,0.0,,5,1,2.2224170388653874,,,
282899e9,Liquidity implications for new investments & div policy well.,Financials,False,None,5,0.0,0.0,0.0,0.0,0.0,,5,1,2.5564999086782336,,,
b4a342c0,AAPL’s op. margin in 2023 vs 2024 shows trends in efficiency.,Financials,True,Compositional,5,0.0,0.0,0.0,0.0,0.0,,5,1,3.61183297354728,,,
768e9813,Trends in investing cash flow changes and new project investments for FY23-FY24 show promising developments for AMAT.,Footnotes,False,None,5,0.0,0.0,0.0,0.0,0.0,,5,1,5.180957959964871,,,
632f159a,Contract progress input metrics for Jabil.,Accounting,False,None,5,0.0,0.0,0.0,0.0,0.0,,5,1,2.120707998983562,,,
1f259cd6,"Labcorp's operating income trend & expense impact decline from 2021-2023, ticker LHC.",Financials,True,None,5,0.0,0.0,0.0,0.0,0.0,,5,1,3.9779579965397716,,,
60a9ab97,NetApp's buyback and div payout affect liquidity.,Shareholder return,False,None,5,0.0,0.0,0.0,0.0,0.0,,5,1,2.4201669730246067,,,
aafeb7e5,Consideration allocation basis for Kellanova (K) in the multi-element PO.,Accounting,False,None,5,0.0,0.0,0.0,0.0,0.0,,5,1,4.609500057995319,,,
98a4a949,Corning's (GLW) leadership greatly influences its cap allocation & overall valuation.,Governance,False,None,5,0.2,1.0,1.0,1.0,1.0,1,5,1,1.0753750102594495,,,
982346ea,Impact on costs and risk from TransDigm labor negotiations.,Company overview,True,None,5,0.0,0.0,0.0,0.0,0.0,,5,1,4.180624964646995,,,
c0cb5a68,14.3% growth in JKHY’s Corp & Other segment indicates strong diversification and improved risk profile; JKHY.,Footnotes,False,None,5,0.2,1.0,0.3333333333333333,0.5,1.0,3,5,1,4.268084070645273,,,
4e1c0ef4,"2023 Linde operating margin vs historical efficiency, LND.",Financials,True,Compositional,5,0.0,0.0,0.0,0.0,0.0,,5,1,2.014499972574413,,,
1708d4eb,Liquidity mgmt of ground lease obligations for Ventas.,Footnotes,False,None,5,0.2,1.0,0.25,0.43067655807339306,1.0,4,5,1,3.3054170198738575,,,
70c2a733,Impact of OTIS litigation resolution on risk & valuation.,Legal,False,None,5,0.2,1.0,0.5,0.6309297535714575,1.0,2,5,1,3.438584040850401,,,
03f6e507,Impact of cybersecurity governance on valuation for Bunge Global SA.,Risk,False,None,5,0.2,1.0,0.5,0.6309297535714575,1.0,2,5,1,4.2250839760527015,,,
9c052a04,J&J R&D comps vs rev growth & margins.,Company overview,False,None,5,0.0,0.0,0.0,0.0,0.0,,5,1,0.5956250242888927,,,
bd9a5806,$1B liquidity utilization at Cboe Global Markets.,Financials,False,None,5,0.0,0.0,0.0,0.0,0.0,,5,1,1.6686669550836086,,,
0b56dcdc,Rev & GPM change for Labcorp Holdings Inc. from 2022 to 2023; drivers of income stmt: LH.,Financials,False,None,5,0.0,0.0,0.0,0.0,0.0,,5,2,6.382042076438665,,,
e58b0d4f,Change in significance of GS unsecured LT borrowings from 2022 to 2023 with ticker at the end.,Financials,False,None,5,0.0,0.0,0.0,0.0,0.0,,5,1,8.277875022031367,,,
5039b6f2,"How does IVZ's global team along with its investment capabilities ensure consistent cash flow and long-term growth for its portfolio, IVZ?",Company overview,False,None,5,0.0,0.0,0.0,0.0,0.0,,5,1,5.691375001333654,,,
b63530c9,The decentralized structure of ITW influences efficiency and competitive adv. by enabling quicker decision-making.,Company overview,False,None,5,0.2,1.0,1.0,1.0,1.0,1,5,1,4.942583967931569,,,
8caea930,Effects of Hasbro's leadership changes on strategic direction & fin. oversight; HAS.,Governance,False,None,5,0.2,1.0,0.2,0.38685280723454163,1.0,5,5,1,3.9107080083340406,,,
38aa7960,Impact on op. stability & risk profile of PACCAR employee initiatives.,Company overview,True,None,5,0.2,1.0,0.5,0.6309297535714575,1.0,2,5,1,3.5975839709863067,,,
4c16bbd0,"Exec hires at Campbell Soup Co. focus on culture, comms, & risk mgmt. impact.",Governance,False,None,5,0.0,0.0,0.0,0.0,0.0,,5,1,2.725082915276289,,,
46f556a4,"Competitor consolidation in adjacent mkts affects AUTDSK's pricing power, rev margins, & overall impact.",Company overview,False,None,5,0.0,0.0,0.0,0.0,0.0,,5,1,2.5256670778617263,,,
db2ffc8b,Rev rec risk of MHK over-time vs point-in-time.,Accounting,False,None,5,0.0,0.0,0.0,0.0,0.0,,5,1,3.969874931499362,,,
121f0e7c,"22-23 leverage, liquidity, cash vs current assets, receivables/inventory shifts for Philip Morris.",Financials,False,None,5,0.0,0.0,0.0,0.0,0.0,,5,2,3.00437503028661,,,
45c5626a,"COST principal transactions, estimation of returns & impact of deferred sales on risk and fin. health, ticker.",Accounting,False,None,5,0.2,1.0,0.5,0.6309297535714575,1.0,2,5,1,5.070499959401786,,,
50f0d12b,NA workforce dist. % for Grainger.,Company overview,True,None,5,0.0,0.0,0.0,0.0,0.0,,5,1,1.643582945689559,,,
caf1835d,Mgt confident in Q4 buyback strategy for CTSH.,Governance,False,None,5,0.0,0.0,0.0,0.0,0.0,,5,2,2.981750061735511,,,
d29f04cc,Calc 2023 inv. turnover: cost of sales versus avg. inventory (2022-23) efficiency analysis for AMZN.,Financials,False,None,5,0.0,0.0,0.0,0.0,0.0,,5,2,4.933333024382591,,,
5f506a44,Rev mix evolution FY22-24 for Electronic Arts (EA): trends at a pt. in time vs. over time.,Footnotes,False,None,5,0.0,0.0,0.0,0.0,0.0,,5,1,4.800790920853615,,,
3e10388f,"DHI has recently completed a share repurchase, disclosing volume & cost details, ticker DHI.",Shareholder return,False,None,5,0.0,0.0,0.0,0.0,0.0,,5,1,2.905125031247735,,,
879058a2,Dec23 Feb24 cumulative US headcount for FIS regarding strategic transaction impact.,Company overview,True,Addition,5,0.0,0.0,0.0,0.0,0.0,,5,1,2.364582964219153,,,
d9c259ef,2024 JCI vs 2023 inventory turnover rate efficiency.,Financials,False,None,5,0.0,0.0,0.0,0.0,0.0,,5,2,2.1177500020712614,,,
72be57ff,"Capital allocation for TMUS includes network investment, operational efficiencies, and cash flow valuation.",Governance,False,None,5,0.0,0.0,0.0,0.0,0.0,,5,1,3.9820000529289246,,,
15e127bc,Impact of revenue recognition alignment with insurance liabilities on investor assessment for Allstate (ALL).,Accounting,False,None,5,0.0,0.0,0.0,0.0,0.0,,5,1,5.553750088438392,,,
5597d7bc,"Impact of Equinix's digital/data center investments on revenue & financial health in 2023, EQIX.",Governance,False,None,5,0.2,1.0,0.5,0.6309297535714575,1.0,2,5,1,5.866708932444453,,,
43cb4472,STLD's current CapEx and growth impacts from its major investments.,Footnotes,False,None,5,0.0,0.0,0.0,0.0,0.0,,5,1,3.558084019459784,,,
e8382a50,Class action impact on RealPage and liability mgmt. for ESS (Essex Property Trust).,Legal,False,None,5,0.2,1.0,0.3333333333333333,0.5,1.0,3,5,1,4.31750004645437,,,
acfe6e45,AO Smith's (AOS) dist. channels and innovation margin protection.,Company overview,False,None,5,0.2,1.0,0.3333333333333333,0.5,1.0,3,5,1,2.2870840039104223,,,
611d5592,"TXT's capital structure change involves shifts in LT debt & equity, with implications for risk & growth, TXT.",Financials,False,None,5,0.0,0.0,0.0,0.0,0.0,,5,2,4.674541996791959,,,
517ce722,AMD's mkt sh. growth amidst Int'l & ARM/FPGA comp.,Company overview,False,None,5,0.2,1.0,1.0,1.0,1.0,1,5,1,0.31812500674277544,,,
e9793513,DG's net sales growth & capex P&E impact on expansion.,Financials,False,None,5,0.0,0.0,0.0,0.0,0.0,,5,2,3.0284159583970904,,,
b4aac21b,Fluctuations in repurchase price and strategic timing for LEN.,Shareholder return,False,None,5,0.0,0.0,0.0,0.0,0.0,,5,1,4.262750037014484,,,
443d7268,TFC debt instruments' effective vs stated rates impact on risk profile & cash flow.,Financials,False,None,5,0.0,0.0,0.0,0.0,0.0,,5,1,2.908749971538782,,,
627c4741,GPN operating income margin: 2022 vs. 2023.,Financials,True,Compositional,5,0.0,0.0,0.0,0.0,0.0,,5,1,2.724083955399692,,,
bbb96ff0,Impact on R&D & growth from PhDs on IDEXX board.,Governance,False,None,5,0.0,0.0,0.0,0.0,0.0,,5,1,2.963292063213885,,,
806e970c,"Board titles for Citizens Financial as of Feb 2024 include various roles, ticker CIZN.",Governance,False,None,5,0.0,0.0,0.0,0.0,0.0,,5,1,5.76812494546175,,,
5523d412,NRG's legal risk mgmt. impacts credit profile & investor sentiment.,Legal,False,None,5,0.2,1.0,0.2,0.38685280723454163,1.0,5,5,1,1.158999977633357,,,
3613026b,Long-term growth and cybersecurity mgmt. for NTRS.,Risk,False,None,5,0.0,0.0,0.0,0.0,0.0,,5,1,3.7851670058444142,,,
c26d1227,"The impact of CFG insider trading activity on mgmt sentiment is noteworthy, especially for investors focusing on CFG.",Governance,False,None,5,0.0,0.0,0.0,0.0,0.0,,5,1,6.1069580260664225,,,
6410ae20,R&D expense of NXPI = per-employee allocation x 12K R&D headcount.,Company overview,True,Multiplication,5,0.0,0.0,0.0,0.0,0.0,,5,1,3.1751670176163316,,,
05fa53fc,OTIS - Cybersecurity risk mgmt impacts on earnings & positioning.,Risk,False,None,5,0.2,1.0,1.0,1.0,1.0,1,5,1,2.348874928429723,,,
991e4798,Noncash investing & financing impacts on CFs & future invest flex. BLK.,Footnotes,False,None,5,0.2,1.0,0.3333333333333333,0.5,1.0,3,5,1,2.223417046479881,,,
c371959c,Current liab & liquidity/capital allocation impact of BKNG legal/reg accruals.,Legal,False,None,5,0.0,0.0,0.0,0.0,0.0,,5,1,3.5554999485611916,,,
f058bc53,"Repurchases for ICE approved due to strong cash flow & favorable mkt conditions, vs suspensions based on potential mkt volatility & regulatory scrutiny.",Shareholder return,False,None,5,0.0,0.0,0.0,0.0,0.0,,5,1,5.485499976202846,,,
583ce28d,Trends in KLA legal claims and risk indicators are worth monitoring closely.,Legal,False,None,5,0.0,0.0,0.0,0.0,0.0,,5,1,4.93058399297297,,,
d8144c64,"Tesla's operating cash flow, TSL, is pivotal for sustaining long-term growth and maintaining a competitive edge.",Footnotes,False,None,5,0.0,0.0,0.0,0.0,0.0,,5,2,7.041541975922883,,,
48dc9928,Impact of revenue recognition estimation on profit and risk for ResMed.,Accounting,False,None,5,0.0,0.0,0.0,0.0,0.0,,5,1,5.820040940307081,,,
afd8dbbf,CPT net inc. impact of rising int. & D&A; cost mgmt. analysis.,Financials,False,None,5,0.0,0.0,0.0,0.0,0.0,,5,2,4.321709042415023,,,
481f256c,MGM's repurchase of shares impacts EPS valuation.,Shareholder return,False,None,5,0.0,0.0,0.0,0.0,0.0,,5,1,2.696041017770767,,,
aa969dd9,"Impact on oversight efficiency from AES FTE vs. leadership ratio, Ticker.",Company overview,True,Compositional,5,0.2,1.0,1.0,1.0,1.0,1,5,1,2.7458330150693655,,,
f6fe7643,EPS calc for product vs net earnings.,Financials,True,Multiplication,5,0.0,0.0,0.0,0.0,0.0,,5,1,2.6489170268177986,,,
a29b7204,"Impact of Netflix's cybersecurity initiatives on risk mgmt & valuation, NFLX.",Risk,False,None,5,0.2,1.0,1.0,1.0,1.0,1,5,1,3.6298329941928387,,,
faccde50,"KHC's OCF growth drivers for 2023 vs. 2022, plus the impact of inventory & taxes.",Footnotes,False,None,5,0.0,0.0,0.0,0.0,0.0,,5,2,6.231750012375414,,,
1b91644c,Litigation provisions impact on profitability for MSCI.,Legal,False,None,5,0.2,1.0,0.5,0.6309297535714575,1.0,2,5,1,2.8297080425545573,,,
8e1eddd5,Impact on efficiency & cost mngmt of D&A allocation for PFG segment.,Footnotes,False,None,5,0.0,0.0,0.0,0.0,0.0,,5,1,5.238874931819737,,,
c50e6c64,Ticker REGN faces litigation related to loss contingencies disclosures impacting the firm.,Legal,False,None,5,0.0,0.0,0.0,0.0,0.0,,5,1,4.191874992102385,,,
fc72c9c3,"HD avg repurchase price analysis over 3 periods alongside mkt condition indicators, ticker at end.",Shareholder return,False,None,5,0.0,0.0,0.0,0.0,0.0,,5,1,2.6282919570803642,,,
8b011879,MKTX's Intl trading offerings play a key role in diversifying revenue streams & expanding market reach.,Company overview,False,None,5,0.0,0.0,0.0,0.0,0.0,,5,1,3.7068750243633986,,,
4f003e56,Kenvue Inc. headcount and stability analysis 99-1.,Company overview,True,Compositional,5,0.2,1.0,1.0,1.0,1.0,1,5,1,2.99083290155977,,,
9b145f20,Impact of rev rec mod on GoDaddy's (GDDY) profitability & cash flow.,Accounting,False,None,5,0.0,0.0,0.0,0.0,0.0,,5,1,3.6093750968575478,,,
13ddaf99,Impact of Akamai purchase commitments on liquidity & op cash flows (AKAM).,Footnotes,False,None,5,0.0,0.0,0.0,0.0,0.0,,5,1,4.04795806389302,,,
a64a11d6,"Trends in legal expenses, HP, indicate profitability risks.",Legal,False,None,5,0.0,0.0,0.0,0.0,0.0,,5,1,2.811041078530252,,,
1bc4aa38,Implications of labor structure w/ LYV employee ratio.,Company overview,True,Compositional,5,0.0,0.0,0.0,0.0,0.0,,5,1,2.5391250383108854,,,
27127193,"Amazon's (AMZN) cybersecurity assessments enhance risk mgmt, bolstering investor confidence.",Risk,False,None,5,0.2,1.0,1.0,1.0,1.0,1,5,1,0.8797090267762542,,,
303b76f5,2023 combined R&D & S&M expense for ABNB vs 2021/22.,Financials,True,Addition,5,0.0,0.0,0.0,0.0,0.0,,5,1,3.7876670248806477,,,
c01a1cf9,Impact on FX risk and strategy from Labcorp's (LABP) cross currency swaps.,Footnotes,False,None,5,0.0,0.0,0.0,0.0,0.0,,5,1,4.194041946902871,,,
8950a79d,Catalent's (CTLT) negative shift in retained earnings raises concerns over profitability and sustainable growth.,Financials,False,None,5,0.2,1.0,0.25,0.43067655807339306,1.0,4,5,1,3.7156250327825546,,,
7e8e5eca,Impact on cash flow/credit risk in the payer cycle at Quest Diagnostics.,Accounting,False,None,5,0.2,1.0,0.25,0.43067655807339306,1.0,4,5,1,5.427958094514906,,,
ea35858f,"Impact of long-term contracts by Diamondback Energy on cost predictability and capex planning, FANG.",Footnotes,False,None,5,0.0,0.0,0.0,0.0,0.0,,5,1,5.516708013601601,,,
dc0899e6,Cadence's ($68.7M) settlement liquidity impact on working capital.,Footnotes,False,None,5,0.2,1.0,1.0,1.0,1.0,1,5,1,2.520957961678505,,,
414d46fa,Cybersecurity integration in ERM for Danaher (DHR) is critical for maintaining financial stability and mitigating risk.,Risk,False,None,5,0.2,1.0,1.0,1.0,1.0,1,5,1,5.494499928317964,,,
094f4aee,"MDLZ operating cycle, trade receivables, inventories for 2022-2023, cash conversion, and profitability insights.",Financials,False,None,5,0.0,0.0,0.0,0.0,0.0,,5,2,6.2893329886719584,,,
029fdcea,10-K reveals changes in insider ownership for SPG drivers.,Governance,False,None,5,0.0,0.0,0.0,0.0,0.0,,5,1,3.7106660893186927,,,
fe36c2af,Assessment of financial impact from IDEX legal proceedings.,Legal,False,None,5,0.0,0.0,0.0,0.0,0.0,,5,1,4.28741704672575,,,
acc14ec2,Liquidity & risk effects for DIS in 2023-24 show a cash flow swing.,Footnotes,False,None,5,0.0,0.0,0.0,0.0,0.0,,5,1,5.342709016986191,,,
2a7583bd,Management fee recognition for KKR focuses on committed cap vs invested cap vs NAV.,Accounting,False,None,5,0.2,1.0,1.0,1.0,1.0,1,5,1,3.0930000357329845,,,
b5f2dc29,Authorized amounts for share repurchase programs at Airbnb (ABNB) as of 12/31/2023.,Shareholder return,False,None,5,0.0,0.0,0.0,0.0,0.0,,5,1,6.825666991062462,,,
7e6ca9c1,"Paycom's lease terms are noncancellable, with options for extension/termination acting as key provisions.",Footnotes,False,None,5,0.2,1.0,1.0,1.0,1.0,1,5,1,4.686542088165879,,,
08d4d817,Uncertain liability impact on risk profile and cash flow for Cisco Systems (CSCO).,Footnotes,False,None,5,0.0,0.0,0.0,0.0,0.0,,5,1,4.847749951295555,,,
3d131391,Integration of Fortinet products impacts recurring rev and cash flow.,Governance,False,None,5,0.0,0.0,0.0,0.0,0.0,,5,1,4.083708045072854,,,
89366387,BFS leverages customer relationships & local market expertise for competitive risk mitigation.,Company overview,False,None,5,0.2,1.0,1.0,1.0,1.0,1,5,1,2.9293750412762165,,,
2f81464c,Payment commitments ratio & liquidity/cap allocation implications for CSX (2024-2028).,Footnotes,False,None,5,0.0,0.0,0.0,0.0,0.0,,5,1,2.7250410057604313,,,
8f62cc27,Impact of contract cost amortization on Stanley Black & Decker (SWK).,Accounting,False,None,5,0.0,0.0,0.0,0.0,0.0,,5,1,3.882415941916406,,,
f992566d,Oversight governance of VICI Properties' board composition.,Governance,False,None,5,0.2,1.0,1.0,1.0,1.0,1,5,1,2.7861660346388817,,,
8b839d46,"Regulatory risk mitigation for Medicare/Medicaid revenue at Universal Health Services, ticker in last position.",Accounting,False,None,5,0.2,1.0,0.3333333333333333,0.5,1.0,3,5,1,4.899292020127177,,,
386449e1,Impact of contractual commitments on liquidity & cash flows for Bunge Glo SA.,Footnotes,False,None,5,0.2,1.0,1.0,1.0,1.0,1,5,1,4.84833400696516,,,
4f129a4b,"Impact of NDAQ's settlement with OFAC on legal accruals, operating results, and cash flow.",Legal,False,None,5,0.2,1.0,1.0,1.0,1.0,1,5,1,5.899709067307413,,,
7b29348b,"Impact of NetApp pricing/discounting segmentation on SSP and rev rec, NPTN.",Accounting,False,None,5,0.2,1.0,1.0,1.0,1.0,1,5,1,4.123209044337273,,,
2c770214,CYB cost ctrl prof. for ALB.,Risk,False,None,5,0.0,0.0,0.0,0.0,0.0,,5,1,1.9761250587180257,,,
ef834df5,Impact on near-term profitability and cash flow evolution due to CZR cybersecurity litigation remediation.,Legal,False,None,5,0.0,0.0,0.0,0.0,0.0,,5,1,5.00812497921288,,,
b0d88612,Rev recognition for KO involves factors like est. variable consideration.,Accounting,False,None,5,0.0,0.0,0.0,0.0,0.0,,5,1,2.315875026397407,,,
6ea05319,"ETR avg employees: CL&P, NSTAR Electric, PSNH vs. Eversource Service",Company overview,True,Compositional,5,0.2,1.0,0.5,0.6309297535714575,1.0,2,5,1,1.1930420296266675,,,
3ad0576a,MTB repurchase price var. Nov-Dec 2023 exp.,Shareholder return,False,None,5,0.0,0.0,0.0,0.0,0.0,,5,1,1.9066669046878815,,,
efa32b2c,Remaining KMI repurchase auth and cap allocation strat.,Shareholder return,False,None,5,0.0,0.0,0.0,0.0,0.0,,5,1,2.4381669936701655,,,
05281bdb,"Quarterly share buybacks, cap allocation strategy, valuation confidence for LVS.",Shareholder return,False,None,5,0.0,0.0,0.0,0.0,0.0,,5,1,2.421459066681564,,,
a7379ea7,"Operating margin for Globe Life in 2023 compared to 2022 and 2021, GL.",Financials,True,Compositional,5,0.2,1.0,0.5,0.6309297535714575,1.0,2,5,1,7.154791965149343,,,
50d03c27,Impact on future financials from MKTX's legal risk exposures vs. reserves.,Legal,False,None,5,0.0,0.0,0.0,0.0,0.0,,5,1,3.179708030074835,,,
b7f01009,"Liquidity support from CBRE revolving credit facilities and their impact on market conditions, CBRE.",Financials,False,None,5,0.2,1.0,0.3333333333333333,0.5,1.0,3,5,1,4.574791062623262,,,
0d0d16d0,Capex conversion to op profit across segments for Celanese (CE).,Footnotes,False,None,5,0.0,0.0,0.0,0.0,0.0,,5,1,3.1107079703360796,,,
e4f87a9e,Refinancing repayment of long-term debt maturity for PFG from 2024-2028.,Financials,False,None,5,0.0,0.0,0.0,0.0,0.0,,5,1,4.809041973203421,,,
296f4703,Tech integration at Nasdaq’s data biz vs ICE’s Cboe & TSX.,Company overview,False,None,5,0.2,1.0,1.0,1.0,1.0,1,5,1,1.5857919352129102,,,
371e0f4c,PG's interest exp. is expected to rise for 2023-2024.,Financials,True,Subtract,5,0.0,0.0,0.0,0.0,0.0,,5,1,4.871582961641252,,,
5a4cf5af,"Match Group's remaining repurchase cap compared to quarterly expenditure impacts, ticker at end.",Governance,False,None,5,0.0,0.0,0.0,0.0,0.0,,5,1,3.1457500299438834,,,
d14302b7,Targa's (TRGP) cyber risk framework valuation impact.,Risk,False,None,5,0.2,1.0,1.0,1.0,1.0,1,5,1,0.9549579117447138,,,
5d58daa3,"Through LEN, diversification can mitigate risk and stabilize cash flow during downturns.",Company overview,False,None,5,0.0,0.0,0.0,0.0,0.0,,5,1,3.3497080439701676,,,
af7fd8bd,"SYK headcount up from 50K to 52K, reflecting a 4% growth; assess impact on operational expansion.",Company overview,True,Compositional,5,0.0,0.0,0.0,0.0,0.0,,5,1,4.793124971911311,,,
b83d4c52,Litigation risk mitigation for ONEOK is crucial in maintaining stability.,Legal,False,None,5,0.0,0.0,0.0,0.0,0.0,,5,1,3.7902919575572014,,,
e986a075,"Pension obligations of JCI affect capital allocation and financial flexibility, JCI.",Footnotes,False,None,5,0.0,0.0,0.0,0.0,0.0,,5,1,4.454749985598028,,,
140f0658,VRSN operational risk tied to US/non-US workforce dist.,Company overview,True,Compositional,5,0.0,0.0,0.0,0.0,0.0,,5,1,2.8236249927431345,,,
9a41a152,Impact of Zebra Tech's Matrox acquisition on investing cash flow & future invs. Ticker to consider: ZBRA.,Footnotes,False,None,5,0.2,0.5,1.0,0.6131471927654584,0.8116966580976864,1,5,2,4.903041059151292,,,
7f060a38,Net profit margin calc for KeyCorp 2023 = net income / total revenue.,Financials,True,Compositional,5,0.0,0.0,0.0,0.0,0.0,,5,1,3.8253749953582883,,,
2c434478,Pre-tax profit adjustments for TXT 2023 include special charges and pension components.,Financials,True,Compositional,5,0.2,1.0,0.5,0.6309297535714575,1.0,2,5,1,4.613332916051149,,,
33c59ebc,IR dual channel model's impact on cust svc & rev growth.,Company overview,False,None,5,0.0,0.0,0.0,0.0,0.0,,5,1,1.9757919944822788,,,
6a06a639,HST's repurchase impacts divs on cap allocation & liquidity risk.,Shareholder return,False,None,5,0.0,0.0,0.0,0.0,0.0,,5,1,1.993624959141016,,,
a4a22930,FDS's repurchase timing/pricing can significantly affect cap allocation & financial health.,Shareholder return,False,None,5,0.0,0.0,0.0,0.0,0.0,,5,1,2.053458010777831,,,
c0dfa491,Net profit margin for TROW in 2023.,Financials,True,Division,5,0.0,0.0,0.0,0.0,0.0,,5,1,4.307416034862399,,,
d60347e5,"MU's May 2023 sales in China face impacts & regulatory risks, with mitigation strategies needed.",Company overview,False,None,5,0.0,0.0,0.0,0.0,0.0,,5,1,4.610624979250133,,,
f98a35e7,Impact of AES on cybersecurity oversight governance.,Risk,False,None,5,0.0,0.0,0.0,0.0,0.0,,5,1,3.414417034946382,,,
1ec36701,Retail vs non-retail headcount ratio for ROST.,Company overview,True,Division,5,0.0,0.0,0.0,0.0,0.0,,5,1,1.8811250338330865,,,
704a26ec,Risks to Yum's mkt share and future cash flow arise from digital competitors. YUM.,Company overview,False,None,5,0.0,0.0,0.0,0.0,0.0,,5,1,4.826165968552232,,,
f63867ac,"Air Products and Chemicals, Inc. has focused on a capital allocation strategy and paused buybacks, APD.",Shareholder return,False,None,5,0.0,0.0,0.0,0.0,0.0,,5,1,5.203292006626725,,,
6988c81d,Opportunities & risks for cash flow mgmt relating to FRT liquidity.,Footnotes,False,None,5,0.0,0.0,0.0,0.0,0.0,,5,1,3.483374952338636,,,
ad738f67,Repurchase timing impacts equity mgmt. & shareholder signaling for CINF.,Shareholder return,False,None,5,0.0,0.0,0.0,0.0,0.0,,5,1,2.223834046162665,,,
dd96e4e1,2023 restructuring asset charges by Dow Inc. impact profitability - operational vs one-off.,Financials,False,None,5,0.2,0.5,0.5,0.38685280723454163,0.34363481712503546,2,5,2,3.265958046540618,,,
96531c30,"Leadership profiles, capital allocation, operational strategy, profitability, and valuation of NEE.",Governance,False,None,5,0.0,0.0,0.0,0.0,0.0,,5,1,3.7519169272854924,,,
d7698bba,Impact of Cintas CTAS on cap allocation & risk in cybersecurity vendor space.,Risk,False,None,5,0.0,0.0,0.0,0.0,0.0,,5,1,4.536124994046986,,,
6cfe7b4e,"US workforce rev est. 24.7k emps @ $50k/ea, OMC.",Company overview,True,Multiplication,5,0.0,0.0,0.0,0.0,0.0,,5,1,0.8097499376162887,,,
42b295b3,"Allocation of arrangement consideration by relative SSP for multiple POs, STERIS plc?",Accounting,False,None,5,0.0,0.0,0.0,0.0,0.0,,5,1,4.044290981255472,,,
288a37f2,POOL Corp's board oversight of CIO cybersecurity risk mgmt vs industry best practices affecting investor confidence.,Risk,False,None,5,0.0,0.0,0.0,0.0,0.0,,5,1,3.5063750110566616,,,
3b3fb87a,WBA SG&A % sales trends influence profitability.,Financials,True,Compositional,5,0.0,0.0,0.0,0.0,0.0,,5,1,1.9965000683441758,,,
23e48bf5,"Operational capex allocation for Lennar Corp based on headcount as of 11/30/2023, LEN.",Company overview,True,Multiplication,5,0.0,0.0,0.0,0.0,0.0,,5,1,5.986624979414046,,,
a0adb935,BLK share repurchase $remaining vs $spent Dec 23.,Shareholder return,False,None,5,0.0,0.0,0.0,0.0,0.0,,5,1,1.1849169386550784,,,
0e7dfbe5,"Calc net hedge impact for IDXX, compare current vs prior period.",Financials,True,Addition,5,0.2,1.0,1.0,1.0,1.0,1,5,1,3.101667040027678,,,
aa3f31b9,PH environmental legal issues impact cash flow details; ticker in last position.,Legal,False,None,5,0.0,0.0,0.0,0.0,0.0,,5,1,3.602375043556094,,,
1e92c787,Ticker CPY: Legal liabilities vs. historical op results & risk provisions.,Legal,False,None,5,0.0,0.0,0.0,0.0,0.0,,5,1,1.8449160270392895,,,
e0ab2c1c,"EXR's competitive market position vs. CubeSmart, NSA, PS: pricing, location, ops.",Company overview,False,None,5,0.0,0.0,0.0,0.0,0.0,,5,1,1.3543330132961273,,,
b2147785,United Airlines' (UAL) asset pledges may restrict financial flexibility for investments/acquisitions.,Footnotes,False,None,5,0.2,0.5,1.0,0.6131471927654584,0.908184780525206,1,5,2,3.5058330977335572,,,
e9d6879d,FedEx liquidity: external financing vs internal cash generation.,Financials,False,None,5,0.0,0.0,0.0,0.0,0.0,,5,1,1.3126250123605132,,,
d87b0247,HII exec team exploring risk mgt & defense opps.,Governance,False,None,5,0.0,0.0,0.0,0.0,0.0,,5,1,0.8517920505255461,,,
b2fc383f,Impact of EA litigation provisions on liquidity ratios for the stock ticker.,Legal,False,None,5,0.0,0.0,0.0,0.0,0.0,,5,1,5.5795409716665745,,,
30f22ee8,Strategies of MSFT for balancing R&D spend with cost efficiency.,Company overview,False,None,5,0.0,0.0,0.0,0.0,0.0,,5,1,5.398917011916637,,,
90e5f605,2023 pre-tax income for Dow and the effect of effective tax impact; DOW.,Financials,True,Addition,5,0.0,0.0,0.0,0.0,0.0,,5,1,7.130375015549362,,,
3fac433f,"Travelers' reinsurance premium accounting impacts net income and risk profile, TRV.",Accounting,False,None,5,0.2,1.0,0.3333333333333333,0.5,1.0,3,5,1,3.5063340328633785,,,
81d923ce,"NTAP's cash from ops vs. share buybacks, divs, capex.",Financials,False,None,5,0.0,0.0,0.0,0.0,0.0,,5,2,2.247250056825578,,,
3fb6546c,"Ticker MAA focuses on governance, risk mngmt, controls, profitability & cash flow.",Risk,False,None,5,0.0,0.0,0.0,0.0,0.0,,5,1,2.603291068226099,,,
f012ab87,"GEHC faces US Anti-Terrorism claims pending, posing a risk impact on valuation.",Legal,False,None,5,0.2,1.0,1.0,1.0,1.0,1,5,1,3.703167079947889,,,
6ceebbb6,EPS % change analysis shows that net income for RCL is experiencing a turnaround in profitability recovery.,Financials,True,Compositional,5,0.0,0.0,0.0,0.0,0.0,,5,1,6.2712079379707575,,,
cda3f039,Risk oversight analysis of News Corp board composition.,Governance,False,None,5,0.0,0.0,0.0,0.0,0.0,,5,1,3.0758330831304193,,,
9135324a,SWKS rev reserve est. impact on grth & stblty.,Accounting,False,None,5,0.0,0.0,0.0,0.0,0.0,,5,1,1.7900830134749413,,,
1533c65a,"Net inc. decline driven by op. mkts, factors impacting cost mgmt & pricing for CHRW.",Financials,False,None,5,0.0,0.0,0.0,0.0,0.0,,5,2,3.7311669439077377,,,
24fb4644,Impact of workforce geographic & tenure distribution on stability & growth for CF Industries.,Company overview,True,None,5,0.0,0.0,0.0,0.0,0.0,,5,1,4.505374934524298,,,
26a1f309,"GD: the impact of consistent insider trading on investor sentiment, ticker stability & growth prospects.",Governance,False,None,5,0.0,0.0,0.0,0.0,0.0,,5,1,4.503207979723811,,,
8671e69b,"For 2023, to calculate NPM for Southwest Airlines, we analyze revs vs. expenses, and evaluate y-o-y profitability.",Financials,True,Compositional,5,0.2,1.0,0.25,0.43067655807339306,1.0,4,5,1,5.887166014872491,,,
380d6b0f,DBE fees impact oil/nat gas revs.,Accounting,False,None,5,0.2,1.0,1.0,1.0,1.0,1,5,1,0.7891670102253556,,,
858195f0,"Exec transitions, leadership strategy in place for PPL.",Governance,False,None,5,0.2,1.0,0.25,0.43067655807339306,1.0,4,5,1,3.1402920139953494,,,
fe71f9ca,AMT funding mix for share buyback impacts liquidity.,Shareholder return,False,None,5,0.0,0.0,0.0,0.0,0.0,,5,1,2.1107500651851296,,,
fef3e529,Impact of MTBE litigation on cash flow & financial health of DUK.,Legal,False,None,5,0.2,1.0,1.0,1.0,1.0,1,5,1,4.214500077068806,,,
641a00ff,How do analysts gauge ABBV's share buyback consistency & scale as a signal for long-term growth & financial health?,Shareholder return,False,None,5,0.0,0.0,0.0,0.0,0.0,,5,1,5.165666923858225,,,
16567b37,"$754M annual commitment for transp. volume & storage 2024-2028, ONEOK.",Footnotes,False,None,5,0.2,1.0,1.0,1.0,1.0,1,5,1,2.6411250000819564,,,
45e82026,Impact of IPG’s emerging tech on ad rev vs. traditional methods is noteworthy.,Company overview,False,None,5,0.0,0.0,0.0,0.0,0.0,,5,1,3.975332947447896,,,
b4e63696,COTR – Derivative gains vol. risk assess.,Financials,False,None,5,0.0,0.0,0.0,0.0,0.0,,5,2,0.752583029679954,,,
72265591,"Impact of AVY sanction order on legal costs & risk profile, with RFID alternatives considered.",Legal,False,None,5,0.2,1.0,1.0,1.0,1.0,1,5,1,4.680540994741023,,,
5cdb27f3,"WMB's liquidity & cap allocation commitments, short vs long term, are crucial.",Footnotes,False,None,5,0.0,0.0,0.0,0.0,0.0,,5,1,2.295583952218294,,,
30931ff3,SNOW board's composition diversity & risk oversight.,Governance,False,None,5,0.0,0.0,0.0,0.0,0.0,,5,1,1.101040979847312,,,
58204621,Debt maturity structure & refinancing risk analysis for AMETEK.,Financials,False,None,5,0.0,0.0,0.0,0.0,0.0,,5,1,2.308208029717207,,,
0e5c5e48,"Allstate's differentiation strategy in voluntary benefits focuses on providing unique offerings, while ticker (ALL) remains a key identifier in the competitive landscape.",Company overview,False,None,5,0.2,1.0,0.2,0.38685280723454163,1.0,5,5,1,5.980374990031123,,,
18da327f,Calculation of net profit margin for Deere & Co (DE) 2024 along with a 3-yr trend analysis.,Financials,True,Division,5,0.0,0.0,0.0,0.0,0.0,,5,1,5.878208903595805,,,
28379ac6,Diluted shares multiplier from EPS & net income for KMB.,Financials,True,Multiplication,5,0.0,0.0,0.0,0.0,0.0,,5,1,3.57204198371619,,,
b8197be6,"WD APAC cost efficiency in workforce talent access, WD.",Company overview,True,None,5,0.0,0.0,0.0,0.0,0.0,,5,1,2.6864579413086176,,,
4cb47b33,WTW - Impact of tech innovation growth on Willis Towers Watson vs. the industry.,Company overview,False,None,5,0.0,0.0,0.0,0.0,0.0,,5,1,4.607917042449117,,,
d56c1b15,Impact of IVZ incident response & cyber awareness on ops and growth.,Risk,False,None,5,0.0,0.0,0.0,0.0,0.0,,5,1,4.660999984480441,,,
f9f3baa8,Outside counsel opinions and pending litigation risk assessment JBHT.,Legal,False,None,5,0.2,1.0,1.0,1.0,1.0,1,5,1,2.8051669942215085,,,
f4df29e5,% of rev from passenger tix for Carnival & YoY trend.,Financials,True,Compositional,5,0.2,1.0,1.0,1.0,1.0,1,5,1,3.588374936953187,,,
5f7adf0f,Impact of Robin Kramer's non-10b5-1 sale on Biogen (BIIB) insider ownership.,Governance,False,None,5,0.2,1.0,1.0,1.0,1.0,1,5,1,3.9585840422660112,,,
0945b83d,FTE % for DAL shows competitive edge.,Company overview,True,Compositional,5,0.0,0.0,0.0,0.0,0.0,,5,1,1.8529590452089906,,,
0c350892,2023 capex trends for Southwest Airlines (LUV) vs historical show an evolving investment focus analysis.,Footnotes,False,None,5,0.0,0.0,0.0,0.0,0.0,,5,1,3.517833072692156,,,
7629fec6,PFG exec age dist. strategic stability.,Governance,False,None,5,0.0,0.0,0.0,0.0,0.0,,5,1,0.4353750264272094,,,
416d398e,"Transparency, liquidity, integrity, and segment alignment in the Nasdaq.",Company overview,False,None,5,0.2,0.5,1.0,0.6131471927654584,0.762900597501358,1,5,2,4.337333026342094,,,
c86ca97b,Contingency planning impact on cash flow protection for PNW cybersecurity controls.,Risk,False,None,5,0.0,0.0,0.0,0.0,0.0,,5,1,3.4863330656662583,,,
6f2e146d,Dec2023 net LT debt for PARA vs Dec2022 YOY change.,Financials,False,None,5,0.0,0.0,0.0,0.0,0.0,,5,2,2.5422500912100077,,,
7ef620f0,SG&A % of rev trend for FIS in 2023 vs 2021/22.,Financials,True,Compositional,5,0.2,1.0,0.3333333333333333,0.5,1.0,3,5,1,5.834292038343847,,,
f6bf681e,"Chipotle’s ticker on the market reflects its commitment to workforce invest., ensuring long-term stability & growth for investors.",Company overview,True,None,5,0.0,0.0,0.0,0.0,0.0,,5,1,5.924541968852282,,,
6143d123,"Count of non-temp employees at LyondellBasell for Dec 2023, LYB.",Company overview,True,None,5,0.0,0.0,0.0,0.0,0.0,,5,1,4.669290967285633,,,
154baa50,Legal risk mgmt & cont. strategies for DexCom (DXCM) amid evolving market dynamics.,Legal,False,None,5,0.2,1.0,0.3333333333333333,0.5,1.0,3,5,1,2.520916983485222,,,
04d4db4c,EQT's lease expense breakdown significantly affects its op cost structure and overall profitability.,Footnotes,False,None,5,0.0,0.0,0.0,0.0,0.0,,5,1,3.1149170827120543,,,
5e3f21b8,"The legal proceedings facing Morgan Stanley may adversely affect investor sentiment, credit ratings, and competitive positioning; MS.",Legal,False,None,5,0.0,0.0,0.0,0.0,0.0,,5,1,4.400583915412426,,,
4a0dcbce,"Decline % in net income for ROK 2023-24 and operational component drivers, ticker ROK.",Financials,True,Division,5,0.0,0.0,0.0,0.0,0.0,,5,1,5.455542006529868,,,
dcce3753,Decentralized cybersecurity risk profile valuation ROP.,Risk,False,None,5,0.2,1.0,1.0,1.0,1.0,1,5,1,0.7094170432537794,,,
2185b65c,Impact on short-term cash flow liquidity from PSX's $4M settlement.,Legal,False,None,5,0.0,0.0,0.0,0.0,0.0,,5,1,3.4018750302493572,,,
60bffd90,"Trends in share price for the IDEXX repurchase program & mgt valuation insights, IDXX.",Governance,False,None,5,0.0,0.0,0.0,0.0,0.0,,5,1,4.732500063255429,,,
07851579,Impact on cash flows due to Netflix's tech & content innovation.,Company overview,False,None,5,0.0,0.0,0.0,0.0,0.0,,5,2,3.7245830753818154,,,
0e73082a,"Humana Inc. workforce rev: 67.6k emps @ $300k each, HUM.",Company overview,True,Multiplication,5,0.0,0.0,0.0,0.0,0.0,,5,1,1.1651249369606376,,,
87344e3d,MCD's litigation risk impacts profitability and future earnings.,Legal,False,None,5,0.0,0.0,0.0,0.0,0.0,,5,1,2.851000055670738,,,
41e4519e,Mid-term contract risk mitigation strategies for Corning.,Footnotes,False,None,5,0.0,0.0,0.0,0.0,0.0,,5,1,2.5077919708564878,,,
f25628f2,Degree mix at VRTX vs. strategy for innovation & compliance; VRTX,Governance,False,None,5,0.0,0.0,0.0,0.0,0.0,,5,1,2.8589590219780803,,,
63e9dff0,"Capex contributions by segment for WM from 2021 to 2023, ticker included.",Footnotes,False,None,5,0.2,1.0,0.5,0.6309297535714575,1.0,2,5,1,5.546250031329691,,,
998133a2,CapEx historical comparison for WMB this year.,Footnotes,False,None,5,0.0,0.0,0.0,0.0,0.0,,5,2,2.41800001822412,,,
d23113f2,3Y trends & efficiency analysis of operating margin for SO.,Financials,False,None,5,0.0,0.0,0.0,0.0,0.0,,5,2,3.708207979798317,,,
9ed7b51d,Revenue concentration risk & mitigation for ODFL.,Governance,False,None,5,0.0,0.0,0.0,0.0,0.0,,5,1,2.0625829929485917,,,
178fff86,"Net earnings vs sales growth for 2021-2023, ticker ZBH.",Financials,True,Compositional,5,0.0,0.0,0.0,0.0,0.0,,5,1,3.8898340426385403,,,
8d42fa4c,Impacts on margins & costs from FAST investment in industrial service models.,Company overview,False,None,5,0.0,0.0,0.0,0.0,0.0,,5,1,4.215250024572015,,,
936cb456,Analysis of employee proportion in CHD AP revenue share.,Company overview,True,Division,5,0.0,0.0,0.0,0.0,0.0,,5,1,3.880874952301383,,,
59274b9d,"WBD’s fixed licensing offers more predictable rev growth vs. royalties, providing earnings predictability for investors, WBD.",Accounting,False,None,5,0.2,1.0,0.5,0.6309297535714575,1.0,2,5,1,2.7532499516382813,,,
e9a5667c,AVB's board/executive mix influences corp governance amidst strategic risk.,Governance,False,None,5,0.0,0.0,0.0,0.0,0.0,,5,1,1.550207962282002,,,
c250208a,SYF. Diversity @ Synchrony Fin. enhances comp. pos. while improving talent mgmt.,Company overview,True,None,5,0.0,0.0,0.0,0.0,0.0,,5,1,0.5389590514823794,,,
21ea4b83,HII's litigation risk reserves & settlements will impact growth and capex.,Legal,False,None,5,0.2,1.0,0.3333333333333333,0.5,1.0,3,5,1,3.0073750531300902,,,
46b3e570,Cost of capital impact from OKE cybersecurity assessments board updates.,Risk,False,None,5,0.0,0.0,0.0,0.0,0.0,,5,1,4.210333921946585,,,
b0c5406b,BLK op margin trend for 2023 vs 2022/21.,Financials,True,Compositional,5,0.0,0.0,0.0,0.0,0.0,,5,1,3.2201249850913882,,,
1417a8e1,MRK repurchase plan remaining value as of Dec 2023.,Shareholder return,False,None,5,0.2,1.0,0.3333333333333333,0.5,1.0,3,5,1,4.31150000076741,,,
1bf6459f,Impact of CTLT biologics capex cut on rev growth FY22-FY24 CTLT.,Footnotes,False,None,5,0.2,1.0,0.2,0.38685280723454163,1.0,5,5,1,3.162250039167702,,,
ffec1f9f,"Debt maturity risk & refi opps for AbbVie, Tkr: ABBV.",Financials,False,None,5,0.0,0.0,0.0,0.0,0.0,,5,1,2.196167013607919,,,
31322393,Performance drivers for WYNN in Macau vs. recoveries in regional gaming.,Company overview,False,None,5,0.2,1.0,0.3333333333333333,0.5,1.0,3,5,1,3.010874963365495,,,
b3e1e96d,UHS revenue CAGR 2021-2023 & growth outlook.,Financials,True,Compositional,5,0.2,1.0,0.5,0.6309297535714575,1.0,2,5,1,2.1832919446751475,,,
07a20cbe,"Labcorp fin metrics, op eff, tech int, drug dev svc, LH.",Company overview,False,None,5,0.0,0.0,0.0,0.0,0.0,,5,2,0.16612501349300146,,,
ea83db4b,Impact on cash flow from TTWO's contractual obligations trend from 2025-2029.,Footnotes,False,None,5,0.0,0.0,0.0,0.0,0.0,,5,1,3.343624994158745,,,
383d8d29,Total labor cost calc: $80K (ROP) x 16.8K employees.,Company overview,True,Multiplication,5,0.0,0.0,0.0,0.0,0.0,,5,1,1.8856249516829848,,,
abd91a70,Fluctuations in op exp for ON Semiconductor vs op inc.,Financials,False,None,5,0.0,0.0,0.0,0.0,0.0,,5,2,3.668582998216152,,,
44915caa,Domestic employee concentration & tenure impact on operational stability and competitive positioning for travelers.,Company overview,True,None,5,0.2,1.0,1.0,1.0,1.0,1,5,1,4.164458019658923,,,
963cc932,Eversource's capex for 2024-2028 focuses on electric transmission vs distribution strategy.,Footnotes,False,None,5,0.2,1.0,1.0,1.0,1.0,1,5,1,3.592749941162765,,,
dbff9eaa,Dover Corp (DOV) 25k+ employees strategic exec. operational capacity.,Company overview,True,None,5,0.0,0.0,0.0,0.0,0.0,,5,1,1.0400000028312206,,,
8be59ee3,Impact on ops efficiency & profit from AOS PO/inv repurchase.,Footnotes,False,None,5,0.0,0.0,0.0,0.0,0.0,,5,1,2.6736250147223473,,,
844faf9e,D&A ratio vs revenue trend for Federal Realty from 2021-2023 shows impact on profitability/capex.,Financials,True,Compositional,5,0.2,1.0,0.25,0.43067655807339306,1.0,4,5,1,5.579959019087255,,,
3d5426fb,"TT's profit margins & OPEX compared to EA, Ubisoft, and Tencent in competitive positioning regarding market dynamics. TT, EA, UBI, TCEHY.",Company overview,False,None,5,0.2,1.0,1.0,1.0,1.0,1,5,1,4.657833022065461,,,
05095fe2,"NDSN liquidity evolution 2024: cash on hand, ops cash, credit facility borrowings.",Footnotes,False,None,5,0.2,0.5,0.25,0.2640681225725909,0.2612048192771084,4,5,2,2.800124930217862,,,
1848ea15,Asset sale investing cash flows and disposition strategy for BXP.,Footnotes,False,None,5,0.2,1.0,0.3333333333333333,0.5,1.0,3,5,1,3.8726249476894736,,,
064dbe0e,Hess Corp's asbestos claims accounting impacts profitability due to HONX reserve adjustments.,Legal,False,None,5,0.2,1.0,1.0,1.0,1.0,1,5,1,2.760459086857736,,,
9bba5ae0,INVH's lack of share repurchase may negatively affect per share perf & valuation.,Shareholder return,False,None,5,0.0,0.0,0.0,0.0,0.0,,5,1,3.620374947786331,,,
e168a53b,FTE YOY increase calc is low.,Company overview,True,Subtract,5,0.0,0.0,0.0,0.0,0.0,,5,1,1.4715000288560987,,,
401535e1,ADP US vs non-US rev 2024.,Footnotes,False,None,5,0.0,0.0,0.0,0.0,0.0,,5,1,1.5592079143971205,,,
16321037,NTAP's cybersecurity RM impact on fin. risk & profit.,Risk,False,None,5,0.0,0.0,0.0,0.0,0.0,,5,1,2.162375021725893,,,
9989da23,The impact of post-2028 obligations on Colgate-Palmolive (CL) Co.'s long-term strategy.,Footnotes,False,None,5,0.0,0.0,0.0,0.0,0.0,,5,1,5.344957928173244,,,
a001b450,MGM & LVS Macao gaming premium cash flow profitability impact 2032.,Footnotes,False,None,5,0.2,1.0,1.0,1.0,1.0,1,5,1,1.1339170159772038,,,
62ad481f,"RL FY24 operating cash flow adjustments for reconciliation, ticker.",Footnotes,False,None,5,0.0,0.0,0.0,0.0,0.0,,5,2,2.6727080112323165,,,
0a854fa0,Cybersecurity oversight at Uber (UBER) is crucial for ensuring effective financial risk mitigation.,Risk,False,None,5,0.2,1.0,1.0,1.0,1.0,1,5,1,4.193375003524125,,,
7cc7ebab,How will FY25 capex ($200-225M) impact growth & cash flex for ADP?,Footnotes,False,None,5,0.0,0.0,0.0,0.0,0.0,,5,2,2.7372499462217093,,,
b93df148,UDR's share repurchase program is influencing capital allocation & divs.,Financials,False,None,5,0.0,0.0,0.0,0.0,0.0,,5,1,2.573375008068979,,,
4399004e,Efficacy of operational strategy through role mix of Atmos Energy.,Company overview,True,None,5,0.0,0.0,0.0,0.0,0.0,,5,1,2.9714169213548303,,,
0542261a,Operational efficiency for Eversource (ES) showed a margin trend from 2021 to 2023.,Financials,True,Compositional,5,0.2,1.0,0.5,0.6309297535714575,1.0,2,5,1,5.505666951648891,,,
ecb2b6d2,"Trends in Basic EPS over the last 3 yrs for GoDaddy, highlighting rev growth and share count influence, GDDY.",Financials,True,Compositional,5,0.0,0.0,0.0,0.0,0.0,,5,1,5.902540986426175,,,
2c51f782,Comp. strategy for alt. energy in MRO's refined products mkt sh. with ticker at end.,Company overview,False,None,5,0.2,1.0,0.5,0.6309297535714575,1.0,2,5,1,4.98908304143697,,,
33dfb7a3,2023-24 inventory turnover efficiency analysis for NIKE.,Financials,False,None,5,0.0,0.0,0.0,0.0,0.0,,5,2,2.765791956335306,,,
bcfd5ce0,"Intel's revenue risks, concentration, opportunities, segment perf, and top customers should be analyzed.",Footnotes,False,None,5,0.2,1.0,0.5,0.6309297535714575,1.0,2,5,1,3.421875066123903,,,
c30bed08,Trends in capex for Feb '24 vs Jan '23 & Jan '22 for DLR.,Footnotes,False,None,5,0.0,0.0,0.0,0.0,0.0,,5,1,3.1612080056220293,,,
9d5307ed,Impact on cash flow liability from pending legal outcomes for PANW.,Legal,False,None,5,0.0,0.0,0.0,0.0,0.0,,5,1,4.077916964888573,,,
cefe4559,Impact of 6% capex drop on competitive stance & risk profile for FISV.,Footnotes,False,None,5,0.0,0.0,0.0,0.0,0.0,,5,1,4.373083007521927,,,
33c70b75,"HAS 2023 op perf vs. 2022: non-cash impairments, asset disposals, prod disruptions.",Footnotes,False,None,5,0.0,0.0,0.0,0.0,0.0,,5,1,3.2347500091418624,,,
9187a173,Impact on long-term cash flow & risk mgmt from life policy obligations beyond 2024 for CINF.,Footnotes,False,None,5,0.0,0.0,0.0,0.0,0.0,,5,1,5.283749895170331,,,
60ab094f,Refinancing risk strategy options for GILD.,Footnotes,False,None,5,0.0,0.0,0.0,0.0,0.0,,5,1,2.065666951239109,,,
f86f3313,BW’s 3-yr cost/SG&A ratio impact on margins.,Financials,True,Compositional,5,0.0,0.0,0.0,0.0,0.0,,5,1,3.0997920548543334,,,
ba3b94c8,Extra cap commitments for Prologis PLD in unconsolidated entities focus on liquidity cap allocation between dev vs acq.,Footnotes,False,None,5,0.0,0.0,0.0,0.0,0.0,,5,1,4.213458043523133,,,
fbb54f90,Analyze exec role history & future growth prospects for McDonald's Corp (MCD),Governance,False,None,5,0.0,0.0,0.0,0.0,0.0,,5,1,2.0424589747563004,,,
d2c6bf47,Regions Financial Corp (RF) is managing its debt securities positioning with a focus on liquidity and interest rate risk.,Financials,False,None,5,0.0,0.0,0.0,0.0,0.0,,5,2,6.814582971855998,,,
8a3c3587,CMCSA's legal proceedings influence risk & investor confidence.,Legal,False,None,5,0.0,0.0,0.0,0.0,0.0,,5,1,0.9402080904692411,,,
5e0fdbc3,"Insider ownership at MCC, along with peer comparison, reflects competitive positioning for sustainable growth.",Governance,False,None,5,0.0,0.0,0.0,0.0,0.0,,5,1,3.394500003196299,,,
217e91bc,Vesting repurchases by CTRA employees affect buyback strategy and shareholder value.,Shareholder return,False,None,5,0.0,0.0,0.0,0.0,0.0,,5,1,3.710333025082946,,,
5216de54,"Impact on growth & service offerings from increase in GM contract liabilities, GM.",Footnotes,False,None,5,0.0,0.0,0.0,0.0,0.0,,5,1,4.413667018525302,,,
fa4fb739,$TSLA internal promo practices & mgt retention posits competitive growth.,Company overview,True,None,5,0.0,0.0,0.0,0.0,0.0,,5,1,1.0527910199016333,,,
cf2642de,Cybersecurity governance and operational risk mitigation at Tyson Foods.,Risk,False,None,5,0.0,0.0,0.0,0.0,0.0,,5,1,3.112541977316141,,,
6d741879,FRT repurchase tx expense vs historical recurring comp cash outflows for ticker.,Shareholder return,False,None,5,0.0,0.0,0.0,0.0,0.0,,5,1,2.5540830101817846,,,
1dca6315,"Tickers: Ulta's inv. LCNRV OI impact, cost vs. mkts assumption effects.",Accounting,False,None,5,0.0,0.0,0.0,0.0,0.0,,5,1,0.9609169792383909,,,
fe0996f2,Risks & benefits of asset concentration for ISRG US.,Footnotes,False,None,5,0.0,0.0,0.0,0.0,0.0,,5,2,3.668125020340085,,,
0abb3803,DexCom's single segment internal perf eval & resource allocation impact.,Footnotes,False,None,5,0.2,1.0,0.3333333333333333,0.5,1.0,3,5,1,0.9983329800888896,,,
39cb1bc6,HD FY23 int exp op inc ratio net earn impact for ticker.,Financials,True,Compositional,5,0.0,0.0,0.0,0.0,0.0,,5,1,2.4602499324828386,,,
b85d77d9,Domestic-to-total employee ratio for MGM (MGM).,Company overview,True,Division,5,0.2,1.0,0.5,0.6309297535714575,1.0,2,5,1,3.457832965068519,,,
9bf45e00,JPM's liquidity profile impact from a drop in excess eligible HQLA (12/31/22 vs 12/31/23),Financials,False,None,5,0.2,1.0,1.0,1.0,1.0,1,5,1,4.633625037968159,,,
a26e7f67,"UP's workforce impact on competitive positioning experienced significant changes, with the ticker at the end.",Company overview,True,None,5,0.0,0.0,0.0,0.0,0.0,,5,1,4.988708067685366,,,
a833aeb7,"Impact of revenue recognition on PSX variable pricing contracts due to variable consideration allocation in refined petroleum, PSX.",Accounting,False,None,5,0.2,1.0,0.5,0.6309297535714575,1.0,2,5,1,6.045625079423189,,,
39504250,Analysis of UNP's debt structure and risk profile.,Financials,False,None,5,0.0,0.0,0.0,0.0,0.0,,5,2,3.665458061732352,,,
94efd00c,Vistra's (VST) kWh output method impacts rev timing & volatility for multi-yr contracts.,Accounting,False,None,5,0.2,1.0,1.0,1.0,1.0,1,5,1,2.1167079685255885,,,
41afe48d,Impact of NTRS's conservative balance sheet on competitive adv. & client investments.,Company overview,False,None,5,0.2,1.0,0.5,0.6309297535714575,1.0,2,5,1,3.7294590147212148,,,
f7bd5bca,PFE cap allocation & innovation impact on future valuation & financial health.,Company overview,False,None,5,0.0,0.0,0.0,0.0,0.0,,5,1,2.8027499793097377,,,
eb4bed9e,"Exec role at Bunge Global SA focuses on convergence, capital allocation, & growth; BG.",Governance,False,None,5,0.0,0.0,0.0,0.0,0.0,,5,1,2.9176248935982585,,,
d08b53d5,NVR's headcount decline in 2022 & 2023.,Company overview,True,Subtract,5,0.0,0.0,0.0,0.0,0.0,,5,1,3.3677920000627637,,,
2862dac2,Cash outflows from JKHY investmnts impact growth & competitive positioning.,Footnotes,False,None,5,0.0,0.0,0.0,0.0,0.0,,5,1,2.2038340102881193,,,
5f74efa7,Impact on billing & working capital due to changes in EMN contract liabilities/assets.,Accounting,False,None,5,0.0,0.0,0.0,0.0,0.0,,5,1,5.320291966199875,,,
aad4e6b2,Impact of TI’s product mix & channel strategy on revenue stability/profitability in a fragmented market.,Company overview,False,None,5,0.0,0.0,0.0,0.0,0.0,,5,1,5.630500032566488,,,
b2c40332,"Rev growth, mkt share, and bottler/distributor efficacy for Monster Beverage Corp (MNST) are key metrics.",Company overview,False,None,5,0.0,0.0,0.0,0.0,0.0,,5,1,4.119541961699724,,,
42c9db2b,Impact of non-op items on MU fiscal net margin for Aug 2024 vs. prior yrs.,Financials,True,Compositional,5,0.0,0.0,0.0,0.0,0.0,,5,1,5.304874968715012,,,
56280163,DXCM's excess obsolete inventory affects GPM & cost of sales trend.,Financials,False,None,5,0.2,0.5,1.0,0.6131471927654584,0.37064492216456635,1,5,2,2.964792074635625,,,
a3715155,KDP's warranty accrual consistency & cost estimation risk mgmt.,Footnotes,False,None,5,0.2,1.0,1.0,1.0,1.0,1,5,1,1.0158329969272017,,,
0ed7397a,"Impact of Marathon Oil's DEI & talent mgmt on risk mitigation & sustainable execution, MRO.",Company overview,True,None,5,0.2,1.0,1.0,1.0,1.0,1,5,1,3.5529170418158174,,,
d43e22a3,FCF growth outlook for VeriSign's cybersecurity investment.,Risk,False,None,5,0.0,0.0,0.0,0.0,0.0,,5,1,2.0995839731767774,,,
9eb937cd,"MO, Altria Group’s cybersecurity risk mitigation significantly impacts operational stability and investor confidence.",Risk,False,None,5,0.0,0.0,0.0,0.0,0.0,,5,1,2.734541893005371,,,
63d5fdfe,DPZ: Effects of NIST/CIS frameworks & risk assessments on control investments in cybersecurity.,Risk,False,None,5,0.0,0.0,0.0,0.0,0.0,,5,1,4.723459016531706,,,
a105990c,"Bio‑Rad GM trends from 2021-2023: net sales vs COGS impact, pricing/cost efficiency - Bio-Rad Laboratories, Inc. (BIO)",Financials,True,Compositional,5,0.2,1.0,1.0,1.0,1.0,1,5,1,4.150917055085301,,,
28d0dde5,FY23-FY24 net sales growth for AZO.,Financials,True,Subtract,5,0.0,0.0,0.0,0.0,0.0,,5,1,2.3318330058827996,,,
864fd74a,Impact on NVDA share repurchases from the excise tax in IRA.,Shareholder return,False,None,5,0.0,0.0,0.0,0.0,0.0,,5,1,5.2269999869167805,,,
7a265fc1,Impact of litigation/regulatory disclosures on SD steel dynamics financials.,Legal,False,None,5,0.0,0.0,0.0,0.0,0.0,,5,1,3.4273749915882945,,,
98932d15,"TER - non-US employee breakdown, rem and global concentration risks.",Company overview,True,Compositional,5,0.0,0.0,0.0,0.0,0.0,,5,1,3.0499580316245556,,,
e027e572,Impact of COF insider trading on steady state governance & valuation.,Governance,False,None,5,0.0,0.0,0.0,0.0,0.0,,5,1,3.4887499641627073,,,
775f32e4,Axon’s liquidity effects on board's repurchase strategy amid different mkts. AXON.,Financials,False,None,5,0.0,0.0,0.0,0.0,0.0,,5,1,2.4309579748660326,,,
0d021da5,Globe Life $GL mgmt adjustments to future FC/growth due to legal/lit outcomes.,Legal,False,None,5,0.2,1.0,0.3333333333333333,0.5,1.0,3,5,1,3.0258750775828958,,,
a32ff401,HII breakdown of $333M interest schedule & liquidity effect on ticker.,Footnotes,False,None,5,0.0,0.0,0.0,0.0,0.0,,5,1,3.497416968457401,,,
4ac62908,Lowe's (LOW) diluted EPS for the current yr and YoY % change.,Financials,True,Compositional,5,0.0,0.0,0.0,0.0,0.0,,5,1,4.445915925316513,,,
935d8537,Implications of repurchase capacity & cap allocation for BMY Dec23.,Shareholder return,False,None,5,0.0,0.0,0.0,0.0,0.0,,5,1,3.25858301948756,,,
2d017427,WD faces rev. reversal risks due to OEM vol. & reseller inventory challenges.,Accounting,False,None,5,0.0,0.0,0.0,0.0,0.0,,5,1,2.5244170101359487,,,
dcfcf16c,Cybersecurity risk mitigation and ERM disclosures at AMD require both internal and external expertise.,Risk,False,None,5,0.0,0.0,0.0,0.0,0.0,,5,1,3.5444590030238032,,,
d2145eab,Trend analysis of ODFL's effective tax rate for FY21-23.,Financials,True,Compositional,5,0.0,0.0,0.0,0.0,0.0,,5,1,3.600790980271995,,,
adcdcd4c,"Net income drivers for HBAN C&RB 2023: NII, credit loss provisions, noninterest comps vs. prior periods, ticker HBAN.",Footnotes,False,None,5,0.2,0.5,0.25,0.2640681225725909,0.8527383367139959,4,5,2,3.9510419592261314,,,
9458528f,"LHX txn limit diffs, role, conf, insight, ticker.",Governance,False,None,5,0.0,0.0,0.0,0.0,0.0,,5,1,0.19854202400892973,,,
931a4bb7,Trend of MRK's cost of sales ratio from 2021-23 indicates operational efficiency.,Financials,True,Compositional,5,0.0,0.0,0.0,0.0,0.0,,5,1,3.957916982471943,,,
d4c2b246,Labor management at Builders FirstSource (BLDR) significantly impacts op. efficiency & growth.,Company overview,True,None,5,0.0,0.0,0.0,0.0,0.0,,5,1,1.8363338895142078,,,
84b00642,Impact of VeriSign .web auction lit. on Opex & profitability in latest periods.,Legal,False,None,5,0.2,1.0,1.0,1.0,1.0,1,5,1,4.197333008050919,,,
e610de90,Sysco's headcount YoY % change and its effect on capex/OPEX planning.,Company overview,True,Compositional,5,0.0,0.0,0.0,0.0,0.0,,5,1,3.4594578901305795,,,
6ec351e2,"$FOXA $800M settlement impact on short-term profitability, cash flow, long-term financial profile.",Legal,False,None,5,0.0,0.0,0.0,0.0,0.0,,5,1,3.5116669023409486,,,
271f99ed,"Metrics for C.H. Robinson share repurchases 2021-2023 reflect a strong buyback strategy, focusing on maximizing shareholder value, CHRW.",Shareholder return,False,None,5,0.0,0.0,0.0,0.0,0.0,,5,1,5.548125016503036,,,
bbd3ab14,"Impact of ECL 2023 on OCF reflects working capital changes, ticker at the end.",Footnotes,False,None,5,0.0,0.0,0.0,0.0,0.0,,5,1,5.770875024609268,,,
999af08a,Legal issues in PNW affect FCF & capex for TKR.,Legal,False,None,5,0.0,0.0,0.0,0.0,0.0,,5,1,3.258666954934597,,,
509a9a1e,"GL Life Inc 2023 OCF adj. policy benefits deferral, amort. realized gains, risk cost mgmt.",Footnotes,False,None,5,0.2,1.0,0.5,0.6309297535714575,1.0,2,5,1,2.644374966621399,,,
ac2812b8,Repurchase timing magnitude vs. capital allocation liquidity for Vertex.,Shareholder return,False,None,5,0.0,0.0,0.0,0.0,0.0,,5,1,2.437166986055672,,,
c8d8e505,"Impact on cash flow & fin. health from WEC board expertise, ticker last.",Governance,False,None,5,0.2,1.0,1.0,1.0,1.0,1,5,1,3.3509579952806234,,,
ab40586a,"2022 plan for capital allocation strategy repurchase by Corteva, Inc.",Shareholder return,False,None,5,0.2,1.0,1.0,1.0,1.0,1,5,1,3.9812499890103936,,,
ae1d8875,Alorica lawsuit trial legal expenses impact cap allocation & valuation for FTNT.,Legal,False,None,5,0.2,0.5,1.0,0.6131471927654584,0.7939569270331083,1,5,2,2.508500008843839,,,
9cb6b73f,"Deckers Outdoor Corp's (DECK) cybersecurity oversight impacts investor confidence, earnings, & valuation.",Risk,False,None,5,0.0,0.0,0.0,0.0,0.0,,5,1,0.8808329002931714,,,
7f56c02a,"Colgate-Palmolive (CL) Brazilian tax legal impact on cash flow & earnings, in the short & long term.",Legal,False,None,5,0.2,1.0,1.0,1.0,1.0,1,5,1,5.609584040939808,,,
39042960,"Competitive dynamics, risk profile, cap allocation, and financials for Centene Corp (CNC).",Company overview,False,None,5,0.0,0.0,0.0,0.0,0.0,,5,1,3.2990830950438976,,,
5e066ad6,"Trends in JPM liquidity suggest potential growth challenges and funding strategies, specifically for JPM.",Footnotes,False,None,5,0.0,0.0,0.0,0.0,0.0,,5,1,4.409249988384545,,,
6373d980,Impact of comp/ben strategy and divestiture on talent retention and growth: Qorvo.,Company overview,True,None,5,0.0,0.0,0.0,0.0,0.0,,5,1,4.363709012977779,,,
c163252a,Cost drivers for buyback in FY23 vs FY22 for Bio-Techne (BIO).,Shareholder return,False,None,5,0.0,0.0,0.0,0.0,0.0,,5,1,3.1062091002240777,,,
66f41c9b,"GRMN, cybersecurity initiatives may boost earnings stability, potentially impacting revenue.",Risk,False,None,5,0.0,0.0,0.0,0.0,0.0,,5,1,1.8176670419052243,,,
f8aec91a,Impact of Hasbro share repurchases on EPS dilution.,Shareholder return,False,None,5,0.2,0.5,1.0,0.6131471927654584,0.4272930648769575,1,5,2,3.4856669371947646,,,
bbf75c08,Impact of revenue recognition methodology on Pentair's performance.,Accounting,False,None,5,0.2,1.0,0.25,0.43067655807339306,1.0,4,5,1,3.7332921056076884,,,
753c0a3f,"board governance update on strategic impact, DLTR, uniform signing date for Dollar Tree.",Governance,False,None,5,0.0,0.0,0.0,0.0,0.0,,5,1,3.5836249589920044,,,
122a90a9,Ingersoll Rand's (IR) mgmt of env. liabilities assurance.,Legal,False,None,5,0.0,0.0,0.0,0.0,0.0,,5,1,2.4652499705553055,,,
ae44c022,Repurchase timing factors for ADSK shares.,Shareholder return,False,None,5,0.0,0.0,0.0,0.0,0.0,,5,1,2.484082942828536,,,
df267823,Insulet (PODD) share buyback effects on diluted EPS & shareholder value.,Shareholder return,False,None,5,0.0,0.0,0.0,0.0,0.0,,5,1,2.3760830517858267,,,
3503ec02,"Effect of MSCI exec talent DEI succession planning on comps, pos, and long-term growth.",Company overview,True,None,5,0.2,1.0,1.0,1.0,1.0,1,5,1,4.654042073525488,,,
ff8ee376,Disclosures of legal claims risk mgmt by Ford.,Legal,False,None,5,0.0,0.0,0.0,0.0,0.0,,5,1,3.3845420693978667,,,
5d33a070,Analysis of profit margins in continuous-flow mfg costs for First Solar (FSLR).,Company overview,False,None,5,0.2,1.0,1.0,1.0,1.0,1,5,1,4.699749988503754,,,
b3f3f9bf,Finance lease obligations (Gen) cash flow & long-term cap alloc impact 2025 purchase opt.,Footnotes,False,None,5,0.2,1.0,1.0,1.0,1.0,1,5,1,2.4690841091796756,,,
5c8c2bc6,"MCK share repurchase drivers: stock price, reg's, op cash.",Shareholder return,False,None,5,0.0,0.0,0.0,0.0,0.0,,5,1,1.9471250707283616,,,
6a5d1db8,Impact on profitability and cash flows from DIS pension assumptions.,Accounting,False,None,5,0.2,1.0,0.5,0.6309297535714575,1.0,2,5,1,4.048374947160482,,,
fc51d026,"ANET, 3-yr rev mix growth drivers vs. svc rev mkt risk.",Financials,False,None,5,0.0,0.0,0.0,0.0,0.0,,5,2,1.0336249833926558,,,
fee5d856,GE cost ests affect rev rec & risk of loss undr-estimation; ticker in last pos.,Accounting,False,None,5,0.0,0.0,0.0,0.0,0.0,,5,1,4.071041010320187,,,
68fa07ac,Veralto Corp's committed fixed/min qty costs impact its long-term profit margins; ticker at end.,Footnotes,False,None,5,0.0,0.0,0.0,0.0,0.0,,5,1,3.009915933944285,,,
09e19762,MPC receivables liquidity risks in rev rec model.,Accounting,False,None,5,0.0,0.0,0.0,0.0,0.0,,5,1,2.192834042944014,,,
6ec030f6,Growth & profitability impact on PH (2022-2024) for basic EPS.,Financials,True,Compositional,5,0.0,0.0,0.0,0.0,0.0,,5,1,4.044250003062189,,,
5736bc08,Ticker impact on EL shipping/handling rev rec cost structure.,Accounting,False,None,5,0.0,0.0,0.0,0.0,0.0,,5,1,2.206458942964673,,,
192056c2,Impact of Huntington Bancshares (HBAN) branch/ATM network on risk mgmt & profitability.,Company overview,False,None,5,0.0,0.0,0.0,0.0,0.0,,5,1,3.399999928660691,,,
186aaab4,IPG's legal proceedings risk disclosure may impact stock performance.,Legal,False,None,5,0.0,0.0,0.0,0.0,0.0,,5,1,2.5239590322598815,,,
8617fa64,"A EPS impact from weighted avg shares, comparing basic vs diluted, along with dilution trends for A (Agilent).",Financials,True,Compositional,5,0.0,0.0,0.0,0.0,0.0,,5,1,4.784916993230581,,,
ef106f13,Axon (AXON) demonstrates tech differentiation with an impact on margin vs. peers.,Company overview,False,None,5,0.0,0.0,0.0,0.0,0.0,,5,1,3.1132909934967756,,,
f1913dd7,"Impact on profitability and growth from competitive tech & product quality of SHW Performance Coatings, SHW.",Company overview,False,None,5,0.2,1.0,1.0,1.0,1.0,1,5,1,5.356000037863851,,,
65f007c7,Cyber KPIs & risk metrics valuation for News Corp.,Risk,False,None,5,0.2,1.0,1.0,1.0,1.0,1,5,1,2.042250009253621,,,
b2352ef1,"Competitive edge in hospitality from the BXP-Marriott partnership, BXP.",Company overview,False,None,5,0.0,0.0,0.0,0.0,0.0,,5,1,4.008040996268392,,,
3d07a559,"ABT's leadership transitions drive profitability growth, ABT.",Governance,False,None,5,0.0,0.0,0.0,0.0,0.0,,5,1,0.516542000696063,,,
23d3835c,"Impact of TRV portfolio composition on fair value, net investment income, & profitability.",Financials,False,None,5,0.0,0.0,0.0,0.0,0.0,,5,2,4.452374996617436,,,
feefc8b8,"HPE quarterly share buyback timing, execution on a monthly basis.",Shareholder return,False,None,5,0.0,0.0,0.0,0.0,0.0,,5,1,3.188165952451527,,,
ce7bf4a8,The impact on cash flow from KR's cybersecurity governance and operational stability.,Risk,False,None,5,0.0,0.0,0.0,0.0,0.0,,5,1,5.228708032518625,,,
8c8c8c34,Hasbro (HAS) 2023 one-time charges impact on operating profitability vs historical trends and cap allocation implications.,Financials,False,None,5,0.0,0.0,0.0,0.0,0.0,,5,3,5.205500056035817,,,
1e8be09e,HCA's near-term liquidity & cash flow impact from qui tam litigation.,Legal,False,None,5,0.2,1.0,1.0,1.0,1.0,1,5,1,2.4708330165594816,,,
8dcba71a,Net interest exp. vs income before taxes ratio for CDW 2023.,Financials,True,Division,5,0.2,1.0,1.0,1.0,1.0,1,5,1,3.8340419996529818,,,
b9fed6e2,"WAB's EPS dilution: basic vs diluted, current vs prior trend.",Financials,True,Division,5,0.0,0.0,0.0,0.0,0.0,,5,1,1.2025419855490327,,,
aa44510f,Repurchase cap for PTC from 2024-2027 vs capital allocation strategy.,Shareholder return,False,None,5,0.0,0.0,0.0,0.0,0.0,,5,1,3.60212498344481,,,
28272076,"Governance, capital allocation, and board composition for XYL.",Governance,False,None,5,0.0,0.0,0.0,0.0,0.0,,5,2,3.5379170440137386,,,
513b2d2c,Debt maturity evolution segments for eBay (EBAY).,Financials,False,None,5,0.0,0.0,0.0,0.0,0.0,,5,1,2.095084055326879,,,
8aede22f,"Fin. treatment & strategy for SJM 10b5-1 vs stock plan shrs, ticker last: SJM.",Shareholder return,False,None,5,0.0,0.0,0.0,0.0,0.0,,5,1,2.8087079990655184,,,
d7bf030d,Litigation settlement impact on financials for Synchrony Financial.,Legal,False,None,5,0.2,1.0,1.0,1.0,1.0,1,5,1,3.4793749218806624,,,
d1541d09,"COT Energy's trifold role influences governance audits significantly, COT.",Governance,False,None,5,0.0,0.0,0.0,0.0,0.0,,5,1,0.628374982625246,,,
728d93bd,"Future Capex priorities for Equifax include reliability, security, DR, & software licensing, EQFX.",Footnotes,False,None,5,0.2,1.0,1.0,1.0,1.0,1,5,1,2.480125054717064,,,
ca992e1a,"Rev trends, esp. in core markets, along with exp mgmt practices and strong mkt positioning contribute significantly to growth for Camden Property Trust (CPT).",Legal,False,None,5,0.0,0.0,0.0,0.0,0.0,,5,1,6.369624985381961,,,
d231334d,Impact of WM cybersecurity incident on financials & digital capex risk mgmt. WM,Risk,False,None,5,0.2,1.0,0.5,0.6309297535714575,1.0,2,5,1,3.7546250969171524,,,
51fe871c,"Legal proceedings (TI) can impact liability, materiality, justifications, and ultimately, the financials.",Legal,False,None,5,0.0,0.0,0.0,0.0,0.0,,5,1,3.9786670822650194,,,
1b3bafbd,PSEG's cybersecurity capex impacts long-term growth & investor sentiment.,Risk,False,None,5,0.2,1.0,0.5,0.6309297535714575,1.0,2,5,1,1.3235000660642982,,,
194a74cf,The expertise of Hologic's board significantly impacts long-term profitability and growth.,Governance,False,None,5,0.0,0.0,0.0,0.0,0.0,,5,1,4.939875099807978,,,
7f47263b,"Impact of BLDR cap allocation on BS PP&E, LTD, cash for 2022-2023, ticker.",Financials,False,None,5,0.0,0.0,0.0,0.0,0.0,,5,2,5.626708036288619,,,
f0da7cee,Impact of new store formats & product innovation on SBUX's financial health.,Governance,False,None,5,0.2,1.0,1.0,1.0,1.0,1,5,1,4.365290980786085,,,
fc3d0879,RMD - ResMed's reg testing offers a competitive edge in med device & SaaS markets.,Company overview,False,None,5,0.0,0.0,0.0,0.0,0.0,,5,1,3.2610000343993306,,,
11dac9fd,Impact on rev. forecast for EU&I GU&I from DUK contract structure.,Accounting,False,None,5,0.2,1.0,0.5,0.6309297535714575,1.0,2,5,1,3.581875003874302,,,
1004d2dc,Impact of KLA Corp's talent dev. on innovation and human capital risk in FY2024.,Company overview,True,None,5,0.2,1.0,0.3333333333333333,0.5,1.0,3,5,1,5.606541992165148,,,
8a5a8dd5,Customer diversification at PANW has a significant impact on its competitive position.,Company overview,False,None,5,0.0,0.0,0.0,0.0,0.0,,5,1,4.444750025868416,,,
eebf1559,Impact of aerospace divestiture cash inflow on investing activities & capital allocation for Ball Corp (BALL).,Footnotes,False,None,5,0.2,1.0,1.0,1.0,1.0,1,5,1,4.9766660667955875,,,
59f6aa2f,Cost impact margins for Stryker cybersecurity.,Risk,False,None,5,0.2,1.0,1.0,1.0,1.0,1,5,1,2.318332903087139,,,
1948c0d3,The impact of the AES comp on cap allocation and prof. may indicate ticker performance.,Company overview,False,None,5,0.0,0.0,0.0,0.0,0.0,,5,1,5.652083898894489,,,
89a360a7,EPS growth multiplier check HES from 2021 to 2023.,Financials,True,Multiplication,5,0.0,0.0,0.0,0.0,0.0,,5,1,3.9122499292716384,,,
2cc2abea,"NDSN organic sales by segment (IPS, MFS, ATS) and product line evolution.",Footnotes,False,None,5,0.2,1.0,1.0,1.0,1.0,1,5,1,3.4162920201197267,,,
218f0435,J&J's 2023 net profit margin implications.,Financials,True,Compositional,5,0.0,0.0,0.0,0.0,0.0,,5,1,1.9940419588238,,,
021cafe5,"Impact of strategic CapEx & mktg invs on op cash flow vs. capital raise, CZR.",Financials,False,None,5,0.2,1.0,0.2,0.38685280723454163,1.0,5,5,1,3.9681249763816595,,,
661955cc,KMB's consumer trends influence on sales growth & mkts share.,Company overview,False,None,5,0.0,0.0,0.0,0.0,0.0,,5,1,2.6123749557882547,,,
fba03cfa,Legal case outcomes for Brown-Forman (BF.B) highlight emerging risk mgmt trends.,Legal,False,None,5,0.0,0.0,0.0,0.0,0.0,,5,1,2.457750029861927,,,
c93ba789,DAL's op + non-op recon vs profitability impact of IBT.,Financials,True,Addition,5,0.0,0.0,0.0,0.0,0.0,,5,1,2.6862500235438347,,,
e11e7208,KR 2023 operating margin & trend over 3 reporting periods.,Financials,True,Compositional,5,0.0,0.0,0.0,0.0,0.0,,5,1,2.623416017740965,,,
99215940,OCF & profitability impact from ITW non-cash adjustments.,Footnotes,False,None,5,0.0,0.0,0.0,0.0,0.0,,5,2,2.298041945323348,,,
2abdded8,How do variable adjustments affect R revenue reliability & profitability for STLD?,Accounting,False,None,5,0.0,0.0,0.0,0.0,0.0,,5,1,2.6474579935893416,,,
a339992b,BIO has risks in its cap structure related to treasury stock financing.,Footnotes,False,None,5,0.2,1.0,1.0,1.0,1.0,1,5,1,4.7365829814225435,,,
89eada8b,"2023 capex comps breakdown for DG: store, ticker, DC/transport, new stores, tech upgrades.",Footnotes,False,None,5,0.2,1.0,1.0,1.0,1.0,1,5,1,2.935584052465856,,,
4bd22ae4,impact of board tenure on financial outcomes for GS.,Governance,False,None,5,0.0,0.0,0.0,0.0,0.0,,5,1,4.822583985514939,,,
8b020fa8,"Allegion plc, analyze LT debt trend for 2022-2023 & assess leverage impact.",Financials,False,None,5,0.0,0.0,0.0,0.0,0.0,,5,1,3.6842499393969774,,,
2bb66351,"Net stock issuance, repurchase, tax liabilities, cash flow, and capital allocation for BEN.",Shareholder return,False,None,5,0.0,0.0,0.0,0.0,0.0,,5,1,4.659750033169985,,,
a042753d,DuPont (DD) indemnification agreements affect litigation and environmental liabilities.,Legal,False,None,5,0.2,1.0,1.0,1.0,1.0,1,5,1,2.8647080762311816,,,
980ffb05,"Assess the impact of TROW's cybersecurity investments on profitability and financial condition, TROW.",Risk,False,None,5,0.0,0.0,0.0,0.0,0.0,,5,1,6.038666004315019,,,
55cade30,"Supply chain strategies of Deckers face offshore competition, ticker DECK.",Company overview,False,None,5,0.2,1.0,1.0,1.0,1.0,1,5,1,2.642541890963912,,,
1123bd06,Competitive positioning for NIKE's global labor risk.,Company overview,True,None,5,0.2,1.0,0.3333333333333333,0.5,1.0,3,5,1,2.325874986127019,,,
3b71b727,ZTS – Evaluate the impact of Zoetis' cyber risk mgt on its valuation vs. animal health peers.,Risk,False,None,5,0.2,1.0,1.0,1.0,1.0,1,5,1,5.114207975566387,,,
3f7985bb,Ticker impact on EPS: HALL antidilutive vs basic shares ratio.,Financials,True,Division,5,0.0,0.0,0.0,0.0,0.0,,5,1,2.2778750862926245,,,
80d7a7c9,Analyzing the financials and growth of Fertilizantes Brazil post-integration: The Mosaic Co. impact on performance.,Company overview,False,None,5,0.2,1.0,1.0,1.0,1.0,1,5,1,5.381624912843108,,,
098c212e,"Impact of FIS product diversity and support on valuation vs. peers, Ticker in focus.",Company overview,False,None,5,0.0,0.0,0.0,0.0,0.0,,5,1,5.5198329500854015,,,
c53c3280,Comparative analysis of Q4 2023 COP share repurchase volume against prior historical programs for ticker COP.,Shareholder return,False,None,5,0.0,0.0,0.0,0.0,0.0,,5,1,4.8972079530358315,,,
3ba029b2,Impact on revenue stability & growth from HPE's variable consideration SSP.,Accounting,False,None,5,0.2,1.0,1.0,1.0,1.0,1,5,1,3.0181669862940907,,,
fa2f160f,Standby LC credit risk & loss exposure @ PNC.,Footnotes,False,None,5,0.2,1.0,1.0,1.0,1.0,1,5,1,1.2709579896181822,,,
a142ef48,2021-2023 RF total interest income comparison.,Financials,True,Addition,5,0.0,0.0,0.0,0.0,0.0,,5,1,2.8192909667268395,,,
4cf1afca,"ACN; capital structure, cash flow, & inv. strategy details.",Footnotes,False,None,5,0.0,0.0,0.0,0.0,0.0,,5,1,1.5134160639718175,,,
dd482c37,Op expense shifts for ORLY impact op income trends & cost mgmt.,Footnotes,False,None,5,0.0,0.0,0.0,0.0,0.0,,5,2,2.7970829978585243,,,
6846a3d1,Impact on margins and risk from transport cost volatility in freight/delivery cost treatment for Vulcan Materials: VMC.,Accounting,False,None,5,0.0,0.0,0.0,0.0,0.0,,5,1,5.99604204762727,,,
fed52d0a,"Darden's demog & mkt impact on CAPEX allocation, DRI, is noteworthy.",Company overview,False,None,5,0.0,0.0,0.0,0.0,0.0,,5,1,2.5744999293237925,,,
f843c78b,Impact on trends & financial perf. due to Regeneron's rev rec. timing.,Accounting,False,None,5,0.0,0.0,0.0,0.0,0.0,,5,1,3.9699580520391464,,,
7754ff9e,TSCO's allocation of capital for short-term contracts.,Footnotes,False,None,5,0.0,0.0,0.0,0.0,0.0,,5,1,3.9770420407876372,,,
ac04cb74,YoY change in diluted EPS for EXR 2023.,Financials,True,Compositional,5,0.0,0.0,0.0,0.0,0.0,,5,1,3.798083052970469,,,
70130d76,"Impact of share buybacks on EPS & valuation for Dexcom, Inc. (DXCM).",Shareholder return,False,None,5,0.0,0.0,0.0,0.0,0.0,,5,2,4.307082970626652,,,
e6ea006c,Cybersecurity governance impact on long-term growth and risk-adjusted returns for PWR board.,Risk,False,None,5,0.0,0.0,0.0,0.0,0.0,,5,1,5.04670909140259,,,
3cad3793,Ticker ICE 2023 net inc. reconciliation vs. cons. net inc.,Financials,True,Addition,5,0.0,0.0,0.0,0.0,0.0,,5,1,2.0631670486181974,,,
f7132ca1,"Ticker EQR shows basic vs. diluted EPS, examining share count dilution impact for the current year.",Financials,True,Compositional,5,0.0,0.0,0.0,0.0,0.0,,5,1,4.355166107416153,,,
853ffc14,MPWR revenue trends in the region from 2021 to 2023.,Footnotes,False,None,5,0.2,1.0,1.0,1.0,1.0,1,5,1,6.007291958667338,,,
4b8542b5,5 F5 key mktg strategies for reviving brands & generating demand.,Company overview,False,None,5,0.2,1.0,0.3333333333333333,0.5,1.0,3,5,1,2.1982499165460467,,,
ca013344,"Impact of external assessment on risk mitigation by FedEx CISO-ERM, FDX.",Risk,False,None,5,0.2,1.0,1.0,1.0,1.0,1,5,1,4.414625000208616,,,
ca8f2db5,Implications of deferred rev on cash flow & profitability for Republic Services (RSG).,Accounting,False,None,5,0.0,0.0,0.0,0.0,0.0,,5,1,4.626707988791168,,,
8bdca0a5,"Succession planning for PACCAR execs focuses on driving sustainable growth, PCAR.",Governance,False,None,5,0.0,0.0,0.0,0.0,0.0,,5,1,2.682125079445541,,,
3e0f8f20,"Recon adjustments at Trimble Inc. impact op income and pretax margins for cost mgmt., TRMB.",Footnotes,False,None,5,0.0,0.0,0.0,0.0,0.0,,5,1,4.480249946936965,,,
72d93b44,Impact of % change in UNH interest exp on pre-tax earnings.,Financials,True,Compositional,5,0.0,0.0,0.0,0.0,0.0,,5,1,5.0350830424577,,,
5e0ba1f8,How does the timing of revenue recognition impact earnings visibility and capital allocation at MET?,Accounting,False,None,5,0.0,0.0,0.0,0.0,0.0,,5,1,5.8767920127138495,,,
487e367c,"Impact of MA contracts on cash flow, liquidity, & working capital for the ticker.",Accounting,False,None,5,0.0,0.0,0.0,0.0,0.0,,5,1,5.9172919718548656,,,
a3caa12e,"Impact of non-op adjustments on OI to IBT transition for FY23, ticker in last position.",Financials,True,Addition,5,0.0,0.0,0.0,0.0,0.0,,5,1,6.3595829997211695,,,
0ca21392,LRCX's cust acquisition & upgrade incentives strategy.,Company overview,False,None,5,0.0,0.0,0.0,0.0,0.0,,5,1,0.7465829839929938,,,
782b759c,Trends in BAC comp exp & headcount impact on HR effctvns and op profit.,Company overview,True,None,5,0.0,0.0,0.0,0.0,0.0,,5,1,4.050999996252358,,,
14fb6372,RSG's cybersecurity governance vs. peers offers a risk mgt. edge.,Risk,False,None,5,0.0,0.0,0.0,0.0,0.0,,5,1,2.0282090408727527,,,
4d6d40d3,Pending legal exposure mgmt risk quantification for IDEXX Laboratories.,Legal,False,None,5,0.0,0.0,0.0,0.0,0.0,,5,1,2.2065419470891356,,,
cd143828,Impact of dereg charges on cash flow for EVRG.,Company overview,False,None,5,0.0,0.0,0.0,0.0,0.0,,5,1,4.3685410637408495,,,
aea5547d,Boston Scientific (BSX) retained share repurchase capacity for EPS accretion Q4 2023.,Shareholder return,False,None,5,0.0,0.0,0.0,0.0,0.0,,5,1,3.1187920831143856,,,
c45e77c0,XEL: fuel contract expirations & cost structure stability vs. commodity volatility.,Footnotes,False,None,5,0.0,0.0,0.0,0.0,0.0,,5,1,0.9843329899013042,,,
03b6872f,Impact on risk mgmt. & financial rptng from NCLH TESS/Audit oversight & CISO updates.,Risk,False,None,5,0.0,0.0,0.0,0.0,0.0,,5,1,3.7094999570399523,,,
29a505f8,CapEx breakdown for AJG 2023 vs trends for 2024 allocation.,Footnotes,False,None,5,0.0,0.0,0.0,0.0,0.0,,5,1,3.0497919069603086,,,
5db190aa,"HR initiatives at Molina Healthcare, impacting retention & competitiveness, are key to enhancing overall performance.",Company overview,True,None,5,0.0,0.0,0.0,0.0,0.0,,5,1,3.8016249891370535,,,
6d54f321,Liquidity analysis for Chipotle (CMG) reveals CA and CL dynamics for 2022-2023.,Financials,False,None,5,0.0,0.0,0.0,0.0,0.0,,5,2,4.488875041715801,,,
afca0faf,"Shanghai lease obligations, TSLA capex, and tax rev. performance.",Footnotes,False,None,5,0.2,1.0,0.5,0.6309297535714575,1.0,2,5,1,2.8136250330135226,,,
d39021a1,AON's lit. defense strat. impacts earnings growth & capex.,Legal,False,None,5,0.2,1.0,0.2,0.38685280723454163,1.0,5,5,1,0.8156669791787863,,,
894ef2dc,Trends in LT debt for News Corp (NWSA) and their impact.,Financials,False,None,5,0.0,0.0,0.0,0.0,0.0,,5,1,4.454125068150461,,,
848b7c90,CSX's long-term growth strategy focuses on operating model improvements & capital allocation.,Company overview,False,None,5,0.0,0.0,0.0,0.0,0.0,,5,2,3.366749966517091,,,
3a5461c6,Mondelez plans for FY23 buyback shrs with the ticker MDLZ at avg cost.,Shareholder return,False,None,5,0.0,0.0,0.0,0.0,0.0,,5,1,4.58304095081985,,,
7522ec13,Delta's pricing profitability impact of JV alliances network vs. competitors.,Company overview,False,None,5,0.2,1.0,1.0,1.0,1.0,1,5,1,2.765541081316769,,,
80d224df,Adjustments in net product sales and revenue recognition practices at CSCO.,Accounting,False,None,5,0.0,0.0,0.0,0.0,0.0,,5,1,4.85708296764642,,,
cbc29e32,Impact on cash flow from lease residuals & risk assessment of EXC surety bonds.,Footnotes,False,None,5,0.2,1.0,0.5,0.6309297535714575,1.0,2,5,1,4.5524160377681255,,,
cfbd2d69,Risks & audit controls related to rev estimation for MSCI asset fees.,Accounting,False,None,5,0.2,1.0,0.5,0.6309297535714575,1.0,2,5,1,3.8369999965652823,,,
be8b2742,How do cybersecurity regulatory shifts affect Nucor (NUE) in terms of competitive positioning and revenue growth?,Risk,False,None,5,0.2,1.0,0.25,0.43067655807339306,1.0,4,5,1,5.2704159170389175,,,
68688a1f,Details on the TSLA share repurchase event: repurchase price and share count.,Shareholder return,False,None,5,0.0,0.0,0.0,0.0,0.0,,5,1,4.408625070936978,,,
4d77c89e,Effective tax rate trends for PYPL impact net income.,Financials,True,Compositional,5,0.0,0.0,0.0,0.0,0.0,,5,1,3.075125045143068,,,
c297b892,Legal risk exposures at Arch Capital vs. sector norms in ins.,Legal,False,None,5,0.0,0.0,0.0,0.0,0.0,,5,1,3.347958088852465,,,
6a7c8a5e,AEP's (American Electric Power) impact on market leadership & revenue stability across various industrial sectors.,Company overview,False,None,5,0.2,0.5,0.2,0.23719771276929622,0.4096153846153846,5,5,2,3.044125041924417,,,
832d3861,Cybersecurity growth compliance at State Street Corp. in focus STT.,Risk,False,None,5,0.0,0.0,0.0,0.0,0.0,,5,1,3.18620796315372,,,
d3be5e48,Liquidity risk for SWK amidst debt repayments & refinancing.,Footnotes,False,None,5,0.0,0.0,0.0,0.0,0.0,,5,1,2.212250023148954,,,
1d1377a3,SPGI's leadership drives market adaptability & strategic M&A.,Governance,False,None,5,0.0,0.0,0.0,0.0,0.0,,5,1,2.1860830020159483,,,
4ee0f2c2,"CMCSA macro & consumer trends impact on growth/valuation, risk mgmt.",Governance,False,None,5,0.0,0.0,0.0,0.0,0.0,,5,1,2.2173329489305615,,,
77eee559,"Impact of UDR board structure & mgmt overlap on strategy, cost ctrl, ops efficiency, valuation, Ticker.",Governance,False,None,5,0.0,0.0,0.0,0.0,0.0,,5,1,4.077791934832931,,,
534e77e4,The impact on organic growth of recurring rev for IDEXX (IDXX) is of interest.,Footnotes,False,None,5,0.2,1.0,1.0,1.0,1.0,1,5,1,5.785292014479637,,,
df66f082,Dual role of QUALCOMM affects cap allocation & profitability.,Governance,False,None,5,0.2,1.0,0.5,0.6309297535714575,1.0,2,5,1,2.310125040821731,,,
2fcbde83,"Trends in operating leverage at Gartner, with a focus on multiplatform profitability, are a key area for investors to monitor.",Company overview,False,None,5,0.2,1.0,1.0,1.0,1.0,1,5,1,7.9457920510321856,,,
61c95c3d,"DTE (DTE Energy) board oversees cybersecurity gvnc, enhancing invstr confidence & mngng risk.",Risk,False,None,5,0.2,1.0,1.0,1.0,1.0,1,5,1,1.3101670192554593,,,
41df1a8c,EPS multiple FY24 vs FY23 for Salesforce.,Financials,True,Division,5,0.0,0.0,0.0,0.0,0.0,,5,1,1.7800419591367245,,,
0fc7a24d,"Impact of BLL cybersecurity risk mgt on risk profile & capital allocation, BLL.",Risk,False,None,5,0.0,0.0,0.0,0.0,0.0,,5,1,3.8182499120011926,,,
d16f7335,CSX allocation mix: trad infra vs strategic proj for long-term growth; TKR: CSX.,Footnotes,False,None,5,0.2,1.0,1.0,1.0,1.0,1,5,1,2.455333014950156,,,
133a4c15,Paycom’s cyber risk integration impacts biz cont. & growth outlook.,Risk,False,None,5,0.0,0.0,0.0,0.0,0.0,,5,1,0.8767909603193402,,,
c1e62800,"Cybersecurity risk mgt impact on risk profile, cost of cap, valuation.",Risk,False,None,5,0.0,0.0,0.0,0.0,0.0,,5,1,3.7213750183582306,,,
ca192319,DFS cybersecurity risk liability impact.,Risk,False,None,5,0.0,0.0,0.0,0.0,0.0,,5,1,1.1449999874457717,,,
8be5e254,"Impact of DG exec structure on risk mgmt & profitability, ticker in last position.",Governance,False,None,5,0.0,0.0,0.0,0.0,0.0,,5,1,4.498500027693808,,,
47d74c5f,"DG focuses on audits for cybersecurity, operational resilience, & growth.",Risk,False,None,5,0.0,0.0,0.0,0.0,0.0,,5,1,2.9413331067189574,,,
6b580050,Risk strat for FORT insider sales pre-arr plans.,Governance,False,None,5,0.2,1.0,0.5,0.6309297535714575,1.0,2,5,1,2.436708891764283,,,
2e65050c,QCOM YoY long-term debt change drivers.,Financials,False,None,5,0.0,0.0,0.0,0.0,0.0,,5,1,1.305124955251813,,,
4d181fb3,"Impact of executive power concentration in the CTAS CEO role on overall company governance and strategic direction, CTAS.",Governance,False,None,5,0.0,0.0,0.0,0.0,0.0,,5,1,7.19154195394367,,,
43851c17,ALGN's strategic cap allocation is focused on the Cubicure acquisition.,Footnotes,False,None,5,0.0,0.0,0.0,0.0,0.0,,5,1,3.8167081074789166,,,
28561000,"ECL WC dynamics: cash, inv., liquidity.",Financials,False,None,5,0.0,0.0,0.0,0.0,0.0,,5,2,0.7651670603081584,,,
e8f77803,"The global workforce of Baker Hughes affects its competitive positioning and risk mgmt, BKR.",Company overview,True,None,5,0.2,1.0,1.0,1.0,1.0,1,5,1,4.990833927877247,,,
53e9ad17,IRM cash flow liquidity for near-term vs. long-term purchase commitments.,Footnotes,False,None,5,0.0,0.0,0.0,0.0,0.0,,5,1,3.202000050805509,,,
4b29d8a3,BLL shareholders equity YoY: impact of RE & TS on cap allocation.,Financials,False,None,5,0.0,0.0,0.0,0.0,0.0,,5,1,3.4969589905813336,,,
ff76317b,"The impact of specialized roles at Mettler-Toledo Intl on ops efficiency & talent mgmt is noteworthy, MTD.",Governance,False,None,5,0.0,0.0,0.0,0.0,0.0,,5,1,5.542749888263643,,,
bf8b90e2,Direct sales vs. reseller impact on margins & cash flow by account size in PTC.,Governance,False,None,5,0.2,1.0,1.0,1.0,1.0,1,5,1,4.488165955990553,,,
a5dc1f70,Equity Residential (EQR): CEO dual role impacts on strat. & fin. perf.,Governance,False,None,5,0.0,0.0,0.0,0.0,0.0,,5,1,1.984999980777502,,,
2e187d15,SPG faces mixed financing risks for nonrecurring capex.,Footnotes,False,None,5,0.2,1.0,0.5,0.6309297535714575,1.0,2,5,1,1.9818339496850967,,,
19590cee,Intel's long-term growth and competitive positioning driven by cybersecurity investments TICKER.,Risk,False,None,5,0.0,0.0,0.0,0.0,0.0,,5,1,3.674665931612253,,,
de8f9da7,"Impact of EAC cost comp. & rev. timing on perf. obligations at Leidos Holdings, Inc. (LDOS).",Accounting,False,None,5,0.2,1.0,0.25,0.43067655807339306,1.0,4,5,1,4.452249966561794,,,
02df4a77,DUK's exec impact on career: cap allocation & reg readiness.,Governance,False,None,5,0.0,0.0,0.0,0.0,0.0,,5,1,1.8419999396428466,,,
1672b3e6,"Marsh & McLennan's cybersecurity risk mitigation framework outlines the fin. impacts associated with its strategies, specifically for ticker.",Risk,False,None,5,0.0,0.0,0.0,0.0,0.0,,5,1,4.649165901355445,,,
51d3b586,Weighted avg interest rate exposure for Bunge Global SA in 2022-2023.,Financials,False,None,5,0.2,1.0,0.5,0.6309297535714575,1.0,2,5,1,4.981125006452203,,,
271cdc79,"Impact of execs on oversight & cap allocation for IR board, ticker at end.",Governance,False,None,5,0.0,0.0,0.0,0.0,0.0,,5,1,4.988125059753656,,,
a68b8600,Impact of LIBOR-to-SOFR transition debt svc risk on Jacobs Solutions Inc. (JACB),Footnotes,False,None,5,0.0,0.0,0.0,0.0,0.0,,5,1,4.99975006096065,,,
c366468e,Impact on cash flow/working capital from Boeing BA payment structure.,Accounting,False,None,5,0.0,0.0,0.0,0.0,0.0,,5,1,3.5590410698205233,,,
02b691db,"0.75*4300/6 unionized emp per CBA, CARR",Company overview,True,Division,5,0.0,0.0,0.0,0.0,0.0,,5,1,0.7376669673249125,,,
f49d2918,"The expertise of BorgWarner's board/executives significantly influences mkt challenges & shareholder value, BWA.",Governance,False,None,5,0.2,1.0,0.5,0.6309297535714575,1.0,2,5,1,3.922334057278931,,,
9e648e04,"Impact of Fiserv's competitive positioning compared to diversified rivals, FISV.",Company overview,False,None,5,0.0,0.0,0.0,0.0,0.0,,5,1,3.6437499802559614,,,
c5c07c07,NTRS's liquidity impacted by historic litigation/regulatory accruals.,Legal,False,None,5,0.2,1.0,1.0,1.0,1.0,1,5,1,1.7105420120060444,,,
d1a75cc3,Distribution of Broadridge Financial Solutions' non-US workforce presented with tickers in the final column.,Company overview,True,None,5,0.0,0.0,0.0,0.0,0.0,,5,1,6.291458965279162,,,
c66b68fb,Corteva's (CTVA) global workforce dist. & reg. risk mgmt.,Company overview,True,Addition,5,0.0,0.0,0.0,0.0,0.0,,5,1,0.9119169553741813,,,
e547f41c,Impact on revenue and liquidity from deferred rev for Nucor (NUE).,Accounting,False,None,5,0.2,1.0,1.0,1.0,1.0,1,5,1,4.870500066317618,,,
616a32d2,Impact of compliance costs & fines on AES Corp (AES).,Legal,False,None,5,0.2,1.0,1.0,1.0,1.0,1,5,1,3.6267919931560755,,,
7108882a,Expedia's impact on intl mkt share growth is driven by its global supply & product diff. strategies.,Company overview,False,None,5,0.2,1.0,0.5,0.6309297535714575,1.0,2,5,1,4.436625051312149,,,
5a76da58,Impact of MTB revenue segmentation on analysis of recurring vs non-recurring income.,Accounting,False,None,5,0.0,0.0,0.0,0.0,0.0,,5,1,4.051749943755567,,,
db7dbecc,ALB current liabilities & LT debt vs equity evolution 2022-2023.,Financials,False,None,5,0.0,0.0,0.0,0.0,0.0,,5,2,2.963833976536989,,,
8d99eb06,"Timing of performance obligations and revenue predictability/stability in parts & services contracts, LKQ.",Accounting,False,None,5,0.2,1.0,0.5,0.6309297535714575,1.0,2,5,1,5.277042044326663,,,
60fefd59,"In 2021, regulatory actions and ACE initiatives significantly impacted PG&E's liquidity.",Legal,False,None,5,0.2,1.0,0.5,0.6309297535714575,1.0,2,5,1,4.059125087223947,,,
62e248ee,The impact of SWKS R&D and CapEx on op performance and comp positioning.,Company overview,False,None,5,0.0,0.0,0.0,0.0,0.0,,5,1,5.194999976083636,,,
33f6abc1,How will PACCAR's capex on R&D impact long-term growth in truck parts?,Company overview,False,None,5,0.2,1.0,1.0,1.0,1.0,1,5,1,4.139124997891486,,,
a110273e,"Factors influencing T2 repurchase decision: mkt conditions, stock price, & company performance.",Shareholder return,False,None,5,0.0,0.0,0.0,0.0,0.0,,5,1,2.615208039060235,,,
1980570f,"Effectiveness of AIG's capex deployment varies across segments, AIG.",Footnotes,False,None,5,0.0,0.0,0.0,0.0,0.0,,5,1,2.528791897930205,,,
af3450d6,Ball Corp (BALL) 2023 employee count global vs US.,Company overview,True,None,5,0.0,0.0,0.0,0.0,0.0,,5,1,2.1865000016987324,,,
b9340949,Avg repurchase cost for Constellation Energy Mar23 vs Jan24; key drivers of difference?,Shareholder return,False,None,5,0.0,0.0,0.0,0.0,0.0,,5,1,3.750500036403537,,,
4a700e08,Revenue timing impact of pct completion under ASC 606 for ODFL.,Accounting,False,None,5,0.2,1.0,0.3333333333333333,0.5,1.0,3,5,1,3.7902090698480606,,,
cc8c4e44,AOS intends to allocate capex for cybersecurity incidents while implementing a future strategy.,Risk,False,None,5,0.0,0.0,0.0,0.0,0.0,,5,1,4.411999951116741,,,
dc7881d4,J&J exec roles in global mkt expn offer strategic adv.,Governance,False,None,5,0.0,0.0,0.0,0.0,0.0,,5,1,2.5564590469002724,,,
21563374,Rev. alloc. risk in EMR measurement adj.,Accounting,False,None,5,0.0,0.0,0.0,0.0,0.0,,5,1,2.144875004887581,,,
ec7a0e2a,Cost-sales multiplier vs gross margin for Merck & Co. (MRK) in 2023.,Financials,True,Multiplication,5,0.2,1.0,1.0,1.0,1.0,1,5,1,4.256832995451987,,,
5a9a0ac3,Impact on risk mngmt & cap allocation due to NIKE (NKE) exec appointment.,Governance,False,None,5,0.2,1.0,0.5,0.6309297535714575,1.0,2,5,1,3.4487079828977585,,,
6cc20c49,Cincinnati Financial Corp (CINF) rev mix evolution from 2021-2023 showcases segment analysis.,Footnotes,False,None,5,0.2,1.0,1.0,1.0,1.0,1,5,1,3.6192500265315175,,,
d6365cb9,Effects of insider trading tx timing on EPS & valuation for WM.,Governance,False,None,5,0.0,0.0,0.0,0.0,0.0,,5,1,3.8740000454708934,,,
5f0c0125,"2023 cash alloc for Pool Corp: debt, share rep, divs, capex/acq?",Footnotes,False,None,5,0.0,0.0,0.0,0.0,0.0,,5,2,3.2820000778883696,,,
28cce812,"Trends in Costco legal proceedings regarding wage & privacy claims are showing growth, impacting overall business.",Legal,False,None,5,0.2,1.0,1.0,1.0,1.0,1,5,1,4.035750054754317,,,
37b76f4a,Cybersecurity risk mgmt. impact on long-term valuation.,Risk,False,None,5,0.0,0.0,0.0,0.0,0.0,,5,1,2.616708050481975,,,
abf9d50e,Impact of amortization on useful lives of intangible assets for PANW.,Footnotes,False,None,5,0.0,0.0,0.0,0.0,0.0,,5,1,4.358040983788669,,,
5786fbf1,Insider transactions at GILD may influence valuation multiples & stock performance.,Governance,False,None,5,0.0,0.0,0.0,0.0,0.0,,5,1,2.4087500059977174,,,
bade8183,Change in operating exp. share for Constellation Energy CEG from 2022-23 and its impact on margins.,Financials,True,Compositional,5,0.0,0.0,0.0,0.0,0.0,,5,1,7.346750004217029,,,
dd4ce14f,"% of IR US employees vs total, ticker in last position.",Company overview,True,Division,5,0.0,0.0,0.0,0.0,0.0,,5,1,4.133958020247519,,,
7b67097d,BWA's environmental liabilities accrual assumptions & the impact of PRP risk-sharing.,Legal,False,None,5,0.0,0.0,0.0,0.0,0.0,,5,1,4.03541699051857,,,
791f910a,"AMD recognized gaming rev via cost-based allocation, matching costs w/ rev.",Accounting,False,None,5,0.0,0.0,0.0,0.0,0.0,,5,1,1.905334065668285,,,
eb0501b5,Feb2024 EXPD repurchase threshold vs 140k shrs.,Shareholder return,False,None,5,0.0,0.0,0.0,0.0,0.0,,5,1,0.30845904257148504,,,
84afca0d,Net profit margin trend for BKNG from 2021-2023.,Financials,True,Compositional,5,0.0,0.0,0.0,0.0,0.0,,5,1,4.015416954644024,,,
1547b1c5,Succession risk at Lennar and its impact on generational transition.,Governance,False,None,5,0.0,0.0,0.0,0.0,0.0,,5,1,3.946624929085374,,,
0f941d3e,"CNP's exec leadership strengths & gaps impact future growth, profitability.",Governance,False,None,5,0.0,0.0,0.0,0.0,0.0,,5,1,1.1667920043691993,,,
2869a9cd,Long-term non-cancellable inventory commitments for Seagate Technology Holdings plc present both competitive risks and benefits.,Footnotes,False,None,5,0.2,1.0,0.3333333333333333,0.5,1.0,3,5,1,4.6255410416051745,,,
7afb4cb7,"INVH faces competitive risks regarding rent, occupancy, and asset value.",Company overview,False,None,5,0.2,1.0,1.0,1.0,1.0,1,5,1,2.9180001001805067,,,
83b24f60,"In 2023, ON Semiconductor (ON) engaged in share repurchase expenditures.",Shareholder return,False,None,5,0.0,0.0,0.0,0.0,0.0,,5,1,3.9755409816280007,,,
5c385790,ERM integration in BLK may affect financial stability in cybersecurity.,Risk,False,None,5,0.0,0.0,0.0,0.0,0.0,,5,1,3.457459039054811,,,
f194f8d3,Flexibility in capital allocation through share repurchase methods for BLDR.,Shareholder return,False,None,5,0.0,0.0,0.0,0.0,0.0,,5,1,3.993084072135389,,,
ec28bd31,Impact on ops & strategy from Baxter employee geo dist. (BAX).,Company overview,True,None,5,0.0,0.0,0.0,0.0,0.0,,5,1,2.7965829940512776,,,
c87bf5e6,NEM Q4 2023 share repurchase volumes & monthly avg price variation.,Shareholder return,False,None,5,0.0,0.0,0.0,0.0,0.0,,5,1,2.311208052560687,,,
5befceb0,"How do exec credentials and tenure influence growth, succession, and strategic investments at Jacobs Solutions Inc. (J)?",Governance,False,None,5,0.0,0.0,0.0,0.0,0.0,,5,1,3.5964580019935966,,,
5c65aeac,Diversity at RTX enhances risk management and boosts competitiveness.,Company overview,True,None,5,0.0,0.0,0.0,0.0,0.0,,5,1,3.189624985679984,,,
a72ef1d0,Impact of FCX board comp on governance & growth.,Governance,False,None,5,0.0,0.0,0.0,0.0,0.0,,5,1,3.6601669853553176,,,
0ae8f2f5,2023 Kimco financing effects on liquidity vs prev yrs.,Footnotes,False,None,5,0.0,0.0,0.0,0.0,0.0,,5,1,2.6830420829355717,,,
f1eb3b32,AOS's capex in ROW & Corp segments affects its future expansion.,Footnotes,False,None,5,0.0,0.0,0.0,0.0,0.0,,5,1,2.6678750291466713,,,
440592a6,How do the BT JV and call option for full equity align with WBD's growth objectives and future earnings?,Governance,False,None,5,0.4,1.0,1.0,0.8772153153380493,1.0,1,5,2,5.665290984325111,,,
6ae93077,Funding strat for cash reqs & debt/capex mgmt; ticker.,Footnotes,False,None,5,0.0,0.0,0.0,0.0,0.0,,5,1,2.3632500087842345,,,
48806f50,InfoSec IR plan for risk mitigation in financial reporting & ops at International Flavors & Fragrances Inc. (IFF),Risk,False,None,5,0.2,1.0,0.5,0.6309297535714575,1.0,2,5,1,4.808290977962315,,,
6676a597,KDP's union ratios & labor cost flexibility risk in NA mkts.,Company overview,True,Compositional,5,0.0,0.0,0.0,0.0,0.0,,5,1,2.5559579953551292,,,
fe44efc0,"LUV's (Southwest Airlines) top mgmt diversity, competitive positioning, and risk mgmt strategies.",Governance,False,None,5,0.0,0.0,0.0,0.0,0.0,,5,1,2.542999922297895,,,
7e25bc4e,NetApp's (NTAP) 10b5-1 insider trading pattern change vs prior yr & its impact on val.,Governance,False,None,5,0.0,0.0,0.0,0.0,0.0,,5,1,2.900333027355373,,,
36568b38,2021-23 capex allocation strategy for LKQ European Specialty.,Footnotes,False,None,5,0.2,1.0,1.0,1.0,1.0,1,5,1,2.5392499519512057,,,
dd409603,Impacts on FS due to Labcorp legal proceedings & legal reserves?,Legal,False,None,5,0.0,0.0,0.0,0.0,0.0,,5,1,3.4016669960692525,,,
9eff06fa,Rev mix contrib for TSLA from 2021-2023.,Financials,True,Compositional,5,0.0,0.0,0.0,0.0,0.0,,5,1,3.6150829400867224,,,
620be13e,"EPS growth reduction at Fiserv impacts future growth & P/E, FISV.",Financials,True,Compositional,5,0.2,1.0,1.0,1.0,1.0,1,5,1,1.8176250159740448,,,
cec1f1e8,Legal risk associated w/ Hasbro's liquidity cap allocation.,Legal,False,None,5,0.0,0.0,0.0,0.0,0.0,,5,1,1.2815829832106829,,,
ba38bf35,FTV inclusive ppl strategy for comp growth.,Company overview,True,None,5,0.2,1.0,0.5,0.6309297535714575,1.0,2,5,1,1.913249958306551,,,
c3496fb8,HST's turnover quality ratio shows vol. at 5% vs. total at 7%.,Company overview,True,Division,5,0.2,1.0,0.25,0.43067655807339306,1.0,4,5,1,2.1548750810325146,,,
5c51ec56,"CarMax faces uncertainty in tax benefits, risk profile, & future liabilities.",Footnotes,False,None,5,0.0,0.0,0.0,0.0,0.0,,5,1,3.058957983739674,,,
cacf534e,"EQIX, Board & Exec roster with key titles.",Governance,False,None,5,0.0,0.0,0.0,0.0,0.0,,5,1,1.924250042065978,,,
bfd54af3,Scale and cash flow impact of Public Storage vs regional peers.,Company overview,False,None,5,0.2,1.0,1.0,1.0,1.0,1,5,1,3.9177919970825315,,,
d2d0a22b,Details on share repurchase for Hess (HES) in 2023.,Shareholder return,False,None,5,0.0,0.0,0.0,0.0,0.0,,5,1,4.631082993000746,,,
db495ea0,FY24 op exp components sum vs TTWO reported Opex.,Financials,True,Addition,5,0.0,0.0,0.0,0.0,0.0,,5,1,0.33141602762043476,,,
9e24aaba,Impact on financing costs & financial health from interest exp/income balance at DTE Energy.,Footnotes,False,None,5,0.0,0.0,0.0,0.0,0.0,,5,1,4.8252500128000975,,,
6a93c395,Bunge Global SA faces legal proceedings that may affect cash flows and overall financial health.,Legal,False,None,5,0.2,1.0,0.2,0.38685280723454163,1.0,5,5,1,4.869583994150162,,,
39392eca,Repurchase execution for AAXN amid mkts & corporate factors.,Shareholder return,False,None,5,0.0,0.0,0.0,0.0,0.0,,5,1,2.449457999318838,,,
df327410,USAA PNC patent lawsuit risk on cont. damages & valuation.,Legal,False,None,5,0.2,1.0,1.0,1.0,1.0,1,5,1,1.7867919523268938,,,
8e33ae7e,Absence of off-balance sheet (OBS) items for ITW has implications for its risk profile & fin. flexibility.,Footnotes,False,None,5,0.0,0.0,0.0,0.0,0.0,,5,1,4.263874958269298,,,
6f67758e,Net sales drop and gross margin impact for AVY in 2022-23.,Financials,False,None,5,0.0,0.0,0.0,0.0,0.0,,5,2,5.581750068813562,,,
df27b7cc,Biogen (BIIB) revenue recognition timing under ASC 606: point vs over time.,Accounting,False,None,5,0.0,0.0,0.0,0.0,0.0,,5,1,2.2243750281631947,,,
9191863a,board diversity expertise competitive positioning for CCI in telecommunications infrastructure by Crown Castle Inc.,Governance,False,None,5,0.0,0.0,0.0,0.0,0.0,,5,1,4.449583007954061,,,
63fff84a,"Impact on profitability from ADM DTC nutrition innovation vs ingredient suppliers and FMCG, as measured by key metrics.",Company overview,False,None,5,0.2,1.0,0.5,0.6309297535714575,1.0,2,5,1,5.250040907412767,,,
55f69561,"In 2022-2023, Wynn Resorts' LT debt comps & balance changes are noteworthy.",Financials,False,None,5,0.0,0.0,0.0,0.0,0.0,,5,1,4.6007499331608415,,,
2f3a9075,Leadership background of KEYS impacts competitive positioning in electronic measurement.,Governance,False,None,5,0.0,0.0,0.0,0.0,0.0,,5,1,3.5854580346494913,,,
420c6309,Dec 2023 global FTE count breakdown by region for Enphase Energy.,Company overview,True,Compositional,5,0.0,0.0,0.0,0.0,0.0,,5,1,3.453874960541725,,,
03fa63cb,"Impact of cybersecurity cert cost on profit, ROI, & competitive edge at Insulet Corp.",Risk,False,None,5,0.2,1.0,1.0,1.0,1.0,1,5,1,4.296666011214256,,,
3d5a35ca,"Capital allocation strategy for growth in Rollins Inc's 2022-2023 investing activities, ROL.",Footnotes,False,None,5,0.0,0.0,0.0,0.0,0.0,,5,1,5.101584014482796,,,
2452c216,"MSCI ESG mkt pos vs ticker Sustainalytics, ISS, Moody's rev impact.",Company overview,False,None,5,0.2,1.0,1.0,1.0,1.0,1,5,1,0.4800419555976987,,,
04e09aec,Impact on financials from Visa board roles.,Governance,False,None,5,0.0,0.0,0.0,0.0,0.0,,5,1,2.880166983231902,,,
375fc6a5,"Financing actions for EMN 2023, with ticker in play, capex support, and financial structure strategy.",Footnotes,False,None,5,0.0,0.0,0.0,0.0,0.0,,5,1,6.267125019803643,,,
e3d83b69,2023 Teradyne segment rev & pre-tax income vs historical.,Footnotes,False,None,5,0.2,1.0,1.0,1.0,1.0,1,5,1,2.1732919849455357,,,
d0736b09,Ticket AAL unused est. FS adj.,Accounting,False,None,5,0.2,1.0,0.3333333333333333,0.5,1.0,3,5,1,0.054541975259780884,,,
11abd756,"Attrition of PPL impacts turnover with implications for ops efficiency & recruitment, with ticker at the end.",Company overview,True,Compositional,5,0.2,1.0,0.5,0.6309297535714575,1.0,2,5,1,5.511458031833172,,,
13e1bb0c,The impact of GM's incident response & governance on competitive positioning and emerging tech growth is significant.,Risk,False,None,5,0.2,1.0,1.0,1.0,1.0,1,5,1,6.388916983269155,,,
4bcddfda,"Impact of WAT inventory & deferred rev on cash ops liquidity, ticker at end.",Financials,False,None,5,0.0,0.0,0.0,0.0,0.0,,5,1,4.248084034770727,,,
6c777e2a,GNRC non-current assets evolution: prop/equip & intangibles impact on strat/growth.,Financials,False,None,5,0.0,0.0,0.0,0.0,0.0,,5,1,2.7409170288592577,,,
539a7983,ESG risk mitig. for PANW governance.,Governance,False,None,5,0.2,1.0,0.5,0.6309297535714575,1.0,2,5,1,1.9186249701306224,,,
08b5c7f0,"HCM growth driven by ADP's global scale, partnership strategy, and marketplace impact.",Governance,False,None,5,0.2,1.0,1.0,1.0,1.0,1,5,1,3.404207993298769,,,
761ea335,Input cost of PKG affects profitability & risk mngmt.,Footnotes,False,None,5,0.0,0.0,0.0,0.0,0.0,,5,1,2.684165956452489,,,
49c63438,Impact of regulatory risk on Pinnacle West's env capex spending.,Footnotes,False,None,5,0.0,0.0,0.0,0.0,0.0,,5,1,3.5322499461472034,,,
783e529c,Key exp. mix trends for ABNB over 3 yrs.,Financials,True,Compositional,5,0.0,0.0,0.0,0.0,0.0,,5,1,2.3561250418424606,,,
5c365180,Capital One (COF) loans interest inc. mult. factor 2022-2023.,Financials,True,Multiplication,5,0.0,0.0,0.0,0.0,0.0,,5,1,3.1153749441727996,,,
140b702e,The impact of regulatory/legal disputes on risk profile and valuation metrics for Regency Centers Corp (REG) can be significant.,Legal,False,None,5,0.0,0.0,0.0,0.0,0.0,,5,1,7.1485840016976,,,
d53eb0d3,HPE's cash flow & WC impact from $1.3B purchase obligations.,Footnotes,False,None,5,0.0,0.0,0.0,0.0,0.0,,5,1,2.5826669298112392,,,
a8d239fe,The impact of litigation & environmental risk mitigation on growth for Dow Inc (DOW) is significant.,Legal,False,None,5,0.2,1.0,0.25,0.43067655807339306,1.0,4,5,1,6.321124965324998,,,
816d1572,"Impact of liquidity risk on securities vs capex for ARISTA, both current & historical.",Footnotes,False,None,5,0.0,0.0,0.0,0.0,0.0,,5,2,5.042417091317475,,,
20b15853,Diversity factors impacting strategic decisions of EXPE board.,Governance,False,None,5,0.0,0.0,0.0,0.0,0.0,,5,1,3.1049170065671206,,,
698e21f8,Valuation impact of environmental lit risk for Verizon.,Legal,False,None,5,0.2,1.0,0.5,0.6309297535714575,1.0,2,5,1,3.40962503105402,,,
7d7b8965,Liquidity and credit risk mgmt strategies for JBHT’s capex funding.,Footnotes,False,None,5,0.0,0.0,0.0,0.0,0.0,,5,1,3.3987920032814145,,,
2267b114,Global workforce innovation in human capital at ANSYS.,Company overview,True,None,5,0.2,1.0,1.0,1.0,1.0,1,5,1,3.3657499589025974,,,
91a5521c,Non-cash adj & working cap impact on cash flow & earnings quality at DVA.,Financials,False,None,5,0.0,0.0,0.0,0.0,0.0,,5,1,3.3508340129628778,,,
420d3c59,"KKR: talent attr., retention, asset mgmt., competition.",Company overview,False,None,5,0.0,0.0,0.0,0.0,0.0,,5,1,0.6064160261303186,,,
a3403e5b,Impact of Hilton's net cash financing on liquidity & capital structure: effects of divs & repurchases on fin. position. HLT,Financials,False,None,5,0.2,1.0,0.5,0.6309297535714575,1.0,2,5,1,4.706165986135602,,,
c76d0173,"Geo strategy valuation for SBA Comm compared to peers is crucial, SBAC.",Company overview,False,None,5,0.0,0.0,0.0,0.0,0.0,,5,1,3.671916085295379,,,
d648d8c1,"EMR, operating CF % of sales trend 2022-2024 drivers.",Footnotes,False,None,5,0.0,0.0,0.0,0.0,0.0,,5,1,3.811874892562628,,,
7858900d,"Bio-Techne's excess cash investment policy focuses on risk mngmt by choosing between CDs vs ETF bonds, ticker in mind.",Footnotes,False,None,5,0.0,0.0,0.0,0.0,0.0,,5,1,4.314832971431315,,,
478660bb,Impact on operational resilience and growth: ECS team & cybersecurity training ON.,Risk,False,None,5,0.2,1.0,1.0,1.0,1.0,1,5,1,3.4592909505590796,,,
c439a2e2,Indemnification materiality thresholds trends historically for Dover Corp.,Footnotes,False,None,5,0.0,0.0,0.0,0.0,0.0,,5,1,1.761666964739561,,,
5826eadc,FTE to contractor ratio at Mastercard & reliance on external HR.,Company overview,True,Compositional,5,0.0,0.0,0.0,0.0,0.0,,5,1,3.436666913330555,,,
a868f9cd,$MAS capex vs D&A trend analysis for 2024.,Footnotes,False,None,5,0.0,0.0,0.0,0.0,0.0,,5,1,3.283499972894788,,,
63fc314c,Trend in gross margin and prod. costs for PPG Ind. from FY21-FY23.,Financials,True,Compositional,5,0.2,1.0,0.25,0.43067655807339306,1.0,4,5,1,4.900667001493275,,,
eab6525d,Corp governance mix: Insulet exec board vs indies.,Governance,False,None,5,0.0,0.0,0.0,0.0,0.0,,5,1,0.810416997410357,,,
5193c6af,ENPH: bundled contract allocation hardware vs svc.,Accounting,False,None,5,0.0,0.0,0.0,0.0,0.0,,5,1,0.4452499561011791,,,
3a996538,2023 CapEx for BKNG: prop/equip vs op expansion/tech strat.,Footnotes,False,None,5,0.0,0.0,0.0,0.0,0.0,,5,2,2.586458111181855,,,
7dab539c,GILD’s capital allocation & mktg strategy enhances competitive positioning.,Company overview,False,None,5,0.0,0.0,0.0,0.0,0.0,,5,1,1.2073330581188202,,,
4d85b4dc,BS metrics evolution for liquidity in CAT during 2022-23.,Financials,False,None,5,0.0,0.0,0.0,0.0,0.0,,5,2,3.8738750154152513,,,
786ca980,"Moat of FactSet, barriers to entry, capital allocation, & investment analysis.",Company overview,False,None,5,0.2,1.0,1.0,1.0,1.0,1,5,1,3.7601670483127236,,,
cb7db7d6,"Impact of RL litigation on capital allocation & fin stability, ticker.",Legal,False,None,5,0.0,0.0,0.0,0.0,0.0,,5,1,3.5659580025821924,,,
d7bbfb01,Cash flow valuation impact from WAT litigation resolution.,Legal,False,None,5,0.0,0.0,0.0,0.0,0.0,,5,1,2.1303329849615693,,,
f3fad1cc,"Exec tenure, age dist., and gov. succession planning for CMCSA.",Governance,False,None,5,0.0,0.0,0.0,0.0,0.0,,5,1,3.1315420055761933,,,
d997c703,Prologis' glbl-lcl strat for frag ownership & cap deploy.,Company overview,False,None,5,0.2,1.0,1.0,1.0,1.0,1,5,1,1.680165994912386,,,
83c09c7f,"Calc PFG's revenue per emp & profit implications, focusing on the ticker in the middle.",Company overview,True,Compositional,5,0.0,0.0,0.0,0.0,0.0,,5,1,4.340042010881007,,,
4b2547f5,Analysis of cash investing drivers for EXPE.,Footnotes,False,None,5,0.0,0.0,0.0,0.0,0.0,,5,1,3.5269580548629165,,,
c67b3857,"JNPR, eval revenue recog for prod vs svc vol impact.",Accounting,False,None,5,0.0,0.0,0.0,0.0,0.0,,5,1,2.0444169640541077,,,
8ff5caa8,Viatris (VTRS) ASC606 net rev variable considerations YoY comp.,Accounting,False,None,5,0.2,1.0,0.2,0.38685280723454163,1.0,5,5,1,0.9742500260472298,,,
3b3a93f9,"Cost efficiency of Viatris share repurchase volume in early 2024 vs 2023, VTRS.",Shareholder return,False,None,5,0.0,0.0,0.0,0.0,0.0,,5,1,4.987457999959588,,,
3e9e8555,AZO's operating cash flow vs alt fin risk.,Financials,False,None,5,0.0,0.0,0.0,0.0,0.0,,5,1,1.6945420065894723,,,
8a8cd2e9,Utilization timeline criteria for repurchase program by Regency Centers (REG).,Shareholder return,False,None,5,0.0,0.0,0.0,0.0,0.0,,5,1,2.972083049826324,,,
c09843b8,Grainger (GWW) market share rev growth impact mix large eComm vs. regional peers.,Company overview,False,None,5,0.2,1.0,1.0,1.0,1.0,1,5,1,1.8655830062925816,,,
8f0bcc24,Strategic trends for FY24 NTAP vs FY23 CAPEX.,Footnotes,False,None,5,0.0,0.0,0.0,0.0,0.0,,5,1,1.7322500934824347,,,
6a12b142,VOBA amortization and revenue recognition of long-duration contracts for Chubb (CB).,Accounting,False,None,5,0.2,1.0,1.0,1.0,1.0,1,5,1,4.806250100955367,,,
2af3f51a,ADI rev decline 2023-2024: IS drivers & future growth impact,Financials,False,None,5,0.0,0.0,0.0,0.0,0.0,,5,2,3.279249998740852,,,
b1e74c73,O's tenant risk impact on revenue/profitability.,Company overview,False,None,5,0.0,0.0,0.0,0.0,0.0,,5,1,2.2421249886974692,,,
eeb6e82a,How is Kimberly-Clark leveraging diverse talent to enhance competitive positioning and stabilize cash flow? KMB.,Governance,False,None,5,0.2,1.0,1.0,1.0,1.0,1,5,1,4.312250064685941,,,
6982fbb9,Marriott's (MAR) cybersecurity capex impact and growth drivers are crucial for its strategic positioning in the market.,Risk,False,None,5,0.0,0.0,0.0,0.0,0.0,,5,1,6.482041906565428,,,
4b858e58,The impact of risk governance on S&P's (SPGI) CAPEX and M&A strategies is crucial.,Risk,False,None,5,0.0,0.0,0.0,0.0,0.0,,5,1,7.09683308377862,,,
094d5944,Impact on cost mgmt of adjusted EBITDA for WBD corporate ops perf.,Footnotes,False,None,5,0.8,0.6666666666666666,1.0,0.8687949224876582,0.5155716545923891,1,5,6,4.487250000238419,,,
04c42c12,Impact of NTRS mgmt. bg on competitive positioning.,Governance,False,None,5,0.0,0.0,0.0,0.0,0.0,,5,1,3.242082893848419,,,
3e07330d,WM's revenue & net income growth multiplier for 2022-23.,Financials,True,Multiplication,5,0.0,0.0,0.0,0.0,0.0,,5,1,3.579874988645315,,,
84e349c0,"Risk procedures for pending legal claims by Autodesk in financial reporting, ticker at end.",Legal,False,None,5,0.2,1.0,0.5,0.6309297535714575,1.0,2,5,1,5.532457958906889,,,
c4987e2a,Risks related to working capital deficit are impacting Verisk's growth financing.,Footnotes,False,None,5,0.2,0.5,0.3333333333333333,0.3065735963827292,0.7221926556679085,3,5,2,3.7448330549523234,,,
f3545941,NIST framework risk profile for CoStar Group's (CSGP) op ex impact.,Risk,False,None,5,0.0,0.0,0.0,0.0,0.0,,5,1,2.231165999546647,,,
7ff04ba6,Indicators for market risk governance in SWKS board composition.,Governance,False,None,5,0.0,0.0,0.0,0.0,0.0,,5,1,3.819291014224291,,,
06cb1da2,"Disclosure risks in ATO legal proceedings, with material impacts on the ticker, necessitate robust risk management.",Legal,False,None,5,0.0,0.0,0.0,0.0,0.0,,5,1,5.693041021004319,,,
ac86c7ac,Alt expansion & profitability growth in US wealth mgmt at T. Rowe Price.,Company overview,False,None,5,0.2,1.0,1.0,1.0,1.0,1,5,1,3.300708020105958,,,
62f08e8e,"SYF's tech, underwriting, & marketing differentiation boost profitability & market share.",Company overview,False,None,5,0.0,0.0,0.0,0.0,0.0,,5,1,1.4279999304562807,,,
bd6419b4,Impact on cost efficiency and long-term growth of Dollar Tree (FLT) F23 cybersecurity policy.,Risk,False,None,5,0.0,0.0,0.0,0.0,0.0,,5,1,5.079041933640838,,,
037b46e9,Liquidity safety for FDIC insured deposits SCHW.,Financials,False,None,5,0.2,1.0,0.3333333333333333,0.5,1.0,3,5,1,1.837249961681664,,,
2e71d2ec,"Count of CBRE non-reimbursed employees & exposure to reimbursement risk, ticker at end.",Company overview,True,Compositional,5,0.0,0.0,0.0,0.0,0.0,,5,1,4.627833026461303,,,
ee72659a,Competitive pressures can affect pricing and profits for tickers.,Company overview,False,None,5,0.0,0.0,0.0,0.0,0.0,,5,1,3.7085830699652433,,,
480ec148,TSC's cybersecurity risk mitigation impact.,Risk,False,None,5,0.0,0.0,0.0,0.0,0.0,,5,1,1.014416920952499,,,
2096e6bb,JPM's workforce expansion posits a significant impact on competitive positioning & long-term growth.,Company overview,True,None,5,0.0,0.0,0.0,0.0,0.0,,5,1,3.6157499998807907,,,
87d147f1,Analysis of TTWO basic/diluted EPS trends from FY22 to FY24.,Footnotes,False,None,5,0.0,0.0,0.0,0.0,0.0,,5,2,4.313708981499076,,,
01142856,$23.9B in demand deposits against short-term liabilities impacts liquidity for Ameriprise.,Footnotes,False,None,5,0.2,1.0,1.0,1.0,1.0,1,5,1,3.855041926726699,,,
d21bea07,Effects of net rev adjustments on margins & sales efficiency for MDLZ.,Accounting,False,None,5,0.0,0.0,0.0,0.0,0.0,,5,1,4.5071670319885015,,,
0e3e9873,Impact on operational strategy & risk mgmt. from employee dist. at Teleflex.,Company overview,True,None,5,0.0,0.0,0.0,0.0,0.0,,5,1,3.6742499796673656,,,
323b83f6,Impact of PSX share repurchase on EPS & SH value.,Shareholder return,False,None,5,0.0,0.0,0.0,0.0,0.0,,5,1,3.6587080685421824,,,
104978b2,Impact of FX exposure on cash stability at First Solar (FSLR).,Footnotes,False,None,5,0.0,0.0,0.0,0.0,0.0,,5,1,4.05208405572921,,,
3986a611,"HP's agent vs principal revenue reporting risk & valuation, particularly for its ticker, is crucial for understanding financial health.",Accounting,False,None,5,0.2,1.0,1.0,1.0,1.0,1,5,1,4.233250045217574,,,
560de7f5,"Implications of Q4 employee share transactions on capital allocation strategy for SCHW, Charles Schwab.",Shareholder return,False,None,5,0.0,0.0,0.0,0.0,0.0,,5,1,4.829167039133608,,,
e2b34ab6,"Impact of MO sales incentive accruals on cap allocation & fin health, MO.",Accounting,False,None,5,0.0,0.0,0.0,0.0,0.0,,5,1,3.659541951492429,,,
d747f567,"Impact of PPG exec backgrounds on cap allocation & financial health across industrial, automotive, coatings sectors, ticker at the end.",Governance,False,None,5,0.2,1.0,1.0,1.0,1.0,1,5,1,5.508915986865759,,,
342e0b7e,EPS trends ROST and share count dynamics show significant shifts.,Financials,False,None,5,0.0,0.0,0.0,0.0,0.0,,5,2,2.7262079529464245,,,
a93d4d89,"2023 IVZ op/net margin trends, profitability, & tax impact.",Financials,True,Compositional,5,0.0,0.0,0.0,0.0,0.0,,5,1,2.4599579628556967,,,
6dd14e70,2023 capex vs other investing cash flows for IPG.,Footnotes,False,None,5,0.0,0.0,0.0,0.0,0.0,,5,1,3.7262500263750553,,,
48f2a045,Analysis of goodwill impairment risks for AMZN.,Footnotes,False,None,5,0.0,0.0,0.0,0.0,0.0,,5,1,3.2913750037550926,,,
53eedf70,Litigation risk analysis for LVS & impact on cash flow.,Legal,False,None,5,0.0,0.0,0.0,0.0,0.0,,5,1,3.42345901299268,,,
4df3055b,2023 avg buyback price for Kenvue vs mkts.,Shareholder return,False,None,5,0.0,0.0,0.0,0.0,0.0,,5,1,2.725166967138648,,,
22178cf6,CISO & GNRC cybersecurity committee's impact on investor confidence & competitive positioning.,Risk,False,None,5,0.2,1.0,1.0,1.0,1.0,1,5,1,2.2673329804092646,,,
f3c8dd28,VLO constant share count impact on EPS profitability trends.,Financials,True,Compositional,5,0.0,0.0,0.0,0.0,0.0,,5,1,2.1870420314371586,,,
7c6e2326,Key financial officers on the DRI board impact financial mgmt transparency.,Governance,False,None,5,0.0,0.0,0.0,0.0,0.0,,5,1,4.046833026222885,,,
cbb8417a,"WABTC gaps in leadership structure, capital allocation, and op efficiency.",Governance,False,None,5,0.0,0.0,0.0,0.0,0.0,,5,1,3.5723340697586536,,,
56e7d468,2023 vs 2022 absolute & % for Centene system enhancements & hardware capex.,Footnotes,False,None,5,0.2,1.0,0.3333333333333333,0.5,1.0,3,5,1,3.3545000478625298,,,
d1343a44,2023 CNP net profit margin trend analysis.,Financials,True,Division,5,0.0,0.0,0.0,0.0,0.0,,5,1,1.9534999737516046,,,
a5f93e5c,"ICE funding strategy for cash, timing details, and CFO obligations: ticker.",Footnotes,False,None,5,0.2,1.0,1.0,1.0,1.0,1,5,1,3.668416989967227,,,
d2e32106,SBUX’s product rev mix impacts segment op performance.,Footnotes,False,None,5,0.0,0.0,0.0,0.0,0.0,,5,1,1.2617919128388166,,,
7e2f8adf,Impact on sustainability from APTV board/executive risk mitigation.,Governance,False,None,5,0.0,0.0,0.0,0.0,0.0,,5,1,3.319250070489943,,,
1f0cf87e,CPT leadership structure influences strategic financial decision-making significantly.,Governance,False,None,5,0.0,0.0,0.0,0.0,0.0,,5,1,1.5236670151352882,,,
5d774c3a,"Wynn's SSR allocation influences revenue rec. & profit metrics, WYN.",Accounting,False,None,5,0.0,0.0,0.0,0.0,0.0,,5,1,0.6855839164927602,,,
de318d4a,"Regeneron, R&D headcount ratio & pipeline impact.",Company overview,True,Compositional,5,0.2,1.0,1.0,1.0,1.0,1,5,1,0.7017910247668624,,,
a790ebe2,AbbVie’s (ABBV) net profit margin for 2023 compared to the past 2 yrs.,Financials,True,Compositional,5,0.0,0.0,0.0,0.0,0.0,,5,1,5.265749990940094,,,
bf2c4db1,Board finance expertise at Alphabet – focused on risk mgmt & capital allocation impact.,Governance,False,None,5,0.0,0.0,0.0,0.0,0.0,,5,1,3.4348330227658153,,,
b6d1ad71,"operating lease commitments, ticker WST, capex asset mgt impact through 2047.",Footnotes,False,None,5,0.2,1.0,0.5,0.6309297535714575,1.0,2,5,1,2.044833032414317,,,
a5dfbe6d,Exec tenure @ Evergy impacts strategy & risk mgmt.,Governance,False,None,5,0.0,0.0,0.0,0.0,0.0,,5,1,0.800207955762744,,,
8e615a7a,NVIDIA Corp's exec ops/legal impact on risk mgmt & corp governance.,Governance,False,None,5,0.0,0.0,0.0,0.0,0.0,,5,1,2.341749961487949,,,
507c8829,ABBV's strategic measures to mitigate obsolescence risk.,Company overview,False,None,5,0.0,0.0,0.0,0.0,0.0,,5,1,2.4161250330507755,,,
2f5610d3,Profitability valuation near-term impact for LWS board/executive skill mix.,Governance,False,None,5,0.0,0.0,0.0,0.0,0.0,,5,1,2.855291008017957,,,
d1505471,"$50K rev per full-time emp x 13,800 for McCormick.",Company overview,True,Multiplication,5,0.2,1.0,1.0,1.0,1.0,1,5,1,2.352749928832054,,,
8d9f69c2,Labor risk & neg. track record for IDEX CBA expirations.,Company overview,True,None,5,0.0,0.0,0.0,0.0,0.0,,5,1,1.8791250186040998,,,
d93a88db,Ticker metrics for product investment review by Take-Two include internal/external titles and ROI.,Company overview,False,None,5,0.2,1.0,1.0,1.0,1.0,1,5,1,4.645457956939936,,,
e9fdeba1,BAC's tech innovation provides a competitive edge vs nontraditional/digital asset firms and growth outlook.,Company overview,False,None,5,0.0,0.0,0.0,0.0,0.0,,5,1,3.655417007394135,,,
cd61ae31,Impact of input volatility on incentive returns & revenue predictability: Prologis.,Accounting,False,None,5,0.2,1.0,1.0,1.0,1.0,1,5,1,3.5127089358866215,,,
7c04a814,"Impact of PRU avg rev/FTE on total rev potential with 15,882 US & 24,484 non-US FTE.",Company overview,True,Multiplication,5,0.2,1.0,1.0,1.0,1.0,1,5,1,4.823917057365179,,,
e907e1d7,BAX exec leadership's impact on strategy & competitive positioning.,Governance,False,None,5,0.0,0.0,0.0,0.0,0.0,,5,1,2.222334034740925,,,
7924cdff,Impact of LMT mgmt. transformation on op. efficiency & growth.,Governance,False,None,5,0.0,0.0,0.0,0.0,0.0,,5,1,3.252832917496562,,,
fa1c3d93,Long-term debt maturity breakdown & short-term liquidity risk (ED) for ConEd.,Footnotes,False,None,5,0.0,0.0,0.0,0.0,0.0,,5,1,2.7973749674856663,,,
64c60ecd,"PODD - Insulet Corp's cash eq. rose from 2022 to 2023, enhancing debt liquidity.",Financials,False,None,5,0.0,0.0,0.0,0.0,0.0,,5,1,4.523208946920931,,,
32a40054,Board composition for ANSYS: execs vs indies for strategic oversight.,Governance,False,None,5,0.0,0.0,0.0,0.0,0.0,,5,1,2.326540998183191,,,
6d390b39,CapEx PPE for JNPR in the current yr vs. the prior two yrs.,Footnotes,False,None,5,0.0,0.0,0.0,0.0,0.0,,5,1,4.463874967768788,,,
121c7067,TDY variable consideration est. methods for award/incentive fees over time.,Accounting,False,None,5,0.2,1.0,0.5,0.6309297535714575,1.0,2,5,1,2.6847919216379523,,,
3c7472f8,"Balance sheet evolution, leverage risk for CRL.",Financials,False,None,5,0.0,0.0,0.0,0.0,0.0,,5,2,2.0857079653069377,,,
57c859b1,Evaluating UAL's cybersecurity risk & third-party assessments affects financial stability & disruption cost mitigation; UAL.,Risk,False,None,5,0.0,0.0,0.0,0.0,0.0,,5,1,2.4907500483095646,,,
00b622f5,BS 2022-2023 shows PLD debt change.,Financials,True,Subtract,5,0.0,0.0,0.0,0.0,0.0,,5,1,2.330958959646523,,,
116f7dd0,"Mohawk Industries (MHK) faces workforce geography op risk, with union impact being a key factor.",Company overview,True,Division,5,0.0,0.0,0.0,0.0,0.0,,5,1,3.0126249184831977,,,
673f2ab9,Financial impact of ONEOK’s leadership transitions.,Governance,False,None,5,0.2,1.0,1.0,1.0,1.0,1,5,1,3.0420420225709677,,,
d026fe6b,"TDY 2023 share repurchase vol., cost, avg. price.",Shareholder return,False,None,5,0.2,1.0,0.2,0.38685280723454163,1.0,5,5,1,2.4252079892903566,,,
974ab5e4,"Digital Realty Trust’s occupancy & rental strategy, ticker DLR, is focused on competitive data centers.",Company overview,False,None,5,0.2,1.0,0.3333333333333333,0.5,1.0,3,5,1,3.1859580194577575,,,
e7427562,Impact on growth and positioning post-2020 for AT&T (T) after leadership change.,Governance,False,None,5,0.2,1.0,0.25,0.43067655807339306,1.0,4,5,1,4.843791946768761,,,
815e1721,Impact on risk & growth from ROPER's non-US rev.,Company overview,False,None,5,0.0,0.0,0.0,0.0,0.0,,5,1,3.130582976154983,,,
5ccc9ee6,"2023 REG redevel. costs impact: timing, proj. scale, NOI volatility.",Footnotes,False,None,5,0.2,1.0,0.25,0.43067655807339306,1.0,4,5,1,2.1047089248895645,,,
433df80d,"Healthpeak Properties has demonstrated solid credit quality metrics with respect to revenue growth, occupancy rates, and lease renewals, primarily focusing on properties in the healthcare sector, symbol: PEAK.",Company overview,False,None,5,0.0,0.0,0.0,0.0,0.0,,5,1,7.775458041578531,,,
ae9bd2e5,Long-term debt interest expense & SWKS cap structure evolution.,Financials,False,None,5,0.0,0.0,0.0,0.0,0.0,,5,2,1.7949999310076237,,,
ec36841d,Litigation/regulatory impact on future ops and cash flows for Copart.,Legal,False,None,5,0.2,1.0,0.3333333333333333,0.5,1.0,3,5,1,4.591875011101365,,,
c2fdd280,% of unionized workforce at IP and its impact on op flexibility/cost.,Company overview,True,Compositional,5,0.0,0.0,0.0,0.0,0.0,,5,1,5.112665938213468,,,
a61dfff3,"Cybersecurity risk management at Ford aims to boost investor confidence, F.",Risk,False,None,5,0.0,0.0,0.0,0.0,0.0,,5,1,3.162250039167702,,,
87d535a2,Impact of VRTX legal proceedings on growth & profitability.,Legal,False,None,5,0.0,0.0,0.0,0.0,0.0,,5,1,3.5256249830126762,,,
b36d9731,Impact of dual-CEO model on AMZN's strategy & profitability.,Governance,False,None,5,0.0,0.0,0.0,0.0,0.0,,5,2,3.295375034213066,,,
86fc0568,"Teleflex's strategic focus on exec specialization is key, with strong emphasis on risk mgmt.",Governance,False,None,5,0.0,0.0,0.0,0.0,0.0,,5,1,3.434333950281143,,,
8e508779,"Insider trading arrangements, mgmt confidence, Constellation Brands.",Governance,False,None,5,0.0,0.0,0.0,0.0,0.0,,5,1,0.4309579962864518,,,
627f4344,"Impact of Mastercard's cybersecurity program on financial health, MSTR.",Risk,False,None,5,0.0,0.0,0.0,0.0,0.0,,5,1,4.089416936039925,,,
15c87bfd,Workforce comp ratios @ QCOM and LT productivity.,Company overview,True,Compositional,5,0.0,0.0,0.0,0.0,0.0,,5,1,2.1509591024369,,,
60268a5a,Repurchase avg share prices & variance analysis for TRP Q4'23.,Shareholder return,False,None,5,0.0,0.0,0.0,0.0,0.0,,5,1,2.3340409388765693,,,
2a4eaac4,"Exec backgrounds in HES and risk mgmt for commodities, ticker at the end.",Governance,False,None,5,0.0,0.0,0.0,0.0,0.0,,5,1,5.556624964810908,,,
e1778b28,Huntington Bancshares' impact from Fed policy on capital allocation.,Company overview,False,None,5,0.4,1.0,0.3333333333333333,0.5437713091520254,1.0,3,5,2,2.896042075008154,,,
890cf52f,"IDXX's key expense ratios shift, impacting profit & cap allocation.",Financials,True,Compositional,5,0.0,0.0,0.0,0.0,0.0,,5,1,0.8844999829307199,,,
e325ffeb,Governance risk mgmt. impact of JCI's dual CEO-chairman structure.,Governance,False,None,5,0.0,0.0,0.0,0.0,0.0,,5,1,2.8501659398898482,,,
2cdda180,Dedicated lead independent director for board oversight boosts investor confidence in TTWO.,Governance,False,None,5,0.0,0.0,0.0,0.0,0.0,,5,1,3.6999169969931245,,,
eca9e0d9,HP; impact of cybersecurity integration on comps & growth.,Risk,False,None,5,0.2,1.0,1.0,1.0,1.0,1,5,1,3.3764999825507402,,,
232e9758,The Coca-Cola Company’s revenue increase for 2022-2023 vs. COGS growth.,Financials,True,Subtract,5,0.2,1.0,1.0,1.0,1.0,1,5,1,5.020958022214472,,,
baa08a9b,"Ticker breakdown for Tapestry total credit facility: Revolv., Capri Acq., China Credit.",Financials,False,None,5,0.2,1.0,1.0,1.0,1.0,1,5,1,2.5084170047193766,,,
b1790bf5,Timing predictability for revenue recognition of EQT variable consideration vs fixed pricing.,Accounting,False,None,5,0.0,0.0,0.0,0.0,0.0,,5,1,3.7958340253680944,,,
2b72a7fb,12m breakdown of debt maturity structure for Equifax (EFX).,Footnotes,False,None,5,0.0,0.0,0.0,0.0,0.0,,5,1,3.307415987364948,,,
71b18930,Details on Q3 2024 share repurchases include share count and total spend for AAPL.,Shareholder return,False,None,5,0.0,0.0,0.0,0.0,0.0,,5,1,5.317125003784895,,,
0940142b,"Impact of SBAC incentive comp structure on rev growth & margins, ticker at the end.",Company overview,False,None,5,0.0,0.0,0.0,0.0,0.0,,5,1,4.9316249787807465,,,
31cc53ab,Impact on profitability & growth due to NOC ticker leadership transition.,Governance,False,None,5,0.0,0.0,0.0,0.0,0.0,,5,1,3.398458007723093,,,
aacafa82,"CE legal disclosures, ticker in mind, competitive positioning & recurring settlement risk.",Legal,False,None,5,0.0,0.0,0.0,0.0,0.0,,5,1,2.7069170027971268,,,
c8b3aa1b,"Pentair's (PNR) cybersecurity policies bolster growth, enhance operational continuity, and support earnings.",Risk,False,None,5,0.0,0.0,0.0,0.0,0.0,,5,1,2.8919170144945383,,,
852fe7da,EVGR's cybersecurity cost impact on margins & cash flow.,Risk,False,None,5,0.0,0.0,0.0,0.0,0.0,,5,1,2.570040989667177,,,
4a20b020,Update on WBA repurchase: June 2018 program total vs $10bn cap as of 8/31/24 for ticker WBA.,Shareholder return,False,None,5,0.0,0.0,0.0,0.0,0.0,,5,1,6.304958020336926,,,
2dba4bde,ONEOK's net inc. % change Y/Y 2022-2023 signals op. perf.,Financials,False,Compositional,5,0.4,1.0,0.5,0.6509209298071326,1.0,2,5,2,2.835666062310338,,,
999f3356,Moody's; repurchase of equity's effect on BS.,Shareholder return,False,None,5,0.0,0.0,0.0,0.0,0.0,,5,1,3.3945419127121568,,,
593a01eb,BIIB's diluted EPS trend from 2021 to 2023.,Financials,True,Division,5,0.0,0.0,0.0,0.0,0.0,,5,1,3.8923750398680568,,,
79539fe8,General Mills (GIS) share repurchase period breakdown & avg price mkt impact.,Shareholder return,False,None,5,0.0,0.0,0.0,0.0,0.0,,5,1,2.243833034299314,,,
6ed40c14,3Y weighted-average diluted shares for AAPL and the associated dilution risk.,Financials,True,Addition,5,0.0,0.0,0.0,0.0,0.0,,5,1,4.772708984091878,,,
775f0325,"Advanced economic analysis, portfolio mgmt, competitive positioning, and valuation metrics for Marathon Oil (MRO).",Company overview,False,None,5,0.2,1.0,0.5,0.6309297535714575,1.0,2,5,1,3.412666032090783,,,
dd5d7631,The liquidity impact of cash equivalents and marketable securities for Deere & Company is significant; DE.,Financials,False,None,5,0.2,1.0,0.5,0.6309297535714575,1.0,2,5,1,6.868917029350996,,,
a0aa4acb,Valuation risks for Paycom (PAYC) arise from competitive HCM diversifications.,Company overview,False,None,5,0.2,1.0,0.3333333333333333,0.5,1.0,3,5,1,2.7544170152395964,,,
dcb1071b,Loews Corp FY23 vs FY22 NI change contributors.,Financials,True,Subtraction,5,0.0,0.0,0.0,0.0,0.0,,5,1,0.3107090014964342,,,
8fd1dcd5,Q4 2023 repurchase volume & cost breakdown by month for WY.,Shareholder return,False,None,5,0.0,0.0,0.0,0.0,0.0,,5,1,3.6000829422846437,,,
e13cfff2,Impact and sustainability of non-op income margin for CoStar (CSTOR).,Financials,True,Compositional,5,0.2,1.0,0.5,0.6309297535714575,1.0,2,5,1,4.571416997350752,,,
a8371daa,Long-term valuation impact of AON regarding cybersecurity threats.,Risk,False,None,5,0.2,1.0,1.0,1.0,1.0,1,5,1,3.319084062241018,,,
21e0225d,Headcount reduction calc for CCI restructure.,Company overview,True,Subtract,5,0.0,0.0,0.0,0.0,0.0,,5,1,1.624041935428977,,,
2fe791f9,Adobe's CAPEX & investing cash impact on working cap for Dec '22-'23.,Footnotes,False,None,5,0.0,0.0,0.0,0.0,0.0,,5,2,3.33958410192281,,,
39db3698,EMEA DRT employee ratio.,Company overview,True,Compositional,5,0.2,1.0,1.0,1.0,1.0,1,5,1,0.3714170306921005,,,
3917a1e4,Impact of IT risk mgmt on JBHT cap allocation & long-term growth.,Risk,False,None,5,0.0,0.0,0.0,0.0,0.0,,5,1,4.275458049960434,,,
98a71e78,KHC 4Q cumulative HC increase & expansion strategy.,Company overview,True,Addition,5,0.0,0.0,0.0,0.0,0.0,,5,1,0.7672921055927873,,,
8fcf7261,State Street's tech/op efficiency vs G-SIBs (diversified).,Company overview,False,None,5,0.2,1.0,1.0,1.0,1.0,1,5,1,0.4229580517858267,,,
31a77044,CVS revenue change YoY 2022-2023 segment breakdown.,Financials,True,Compositional,5,0.0,0.0,0.0,0.0,0.0,,5,1,2.5117499753832817,,,
9af64349,"EL contract mix's impact on financial flexibility stems from the balance of debt svc vs purchase obligations, with the ticker positioned at the end.",Footnotes,False,None,5,0.0,0.0,0.0,0.0,0.0,,5,1,7.2804170195013285,,,
b7bcc30c,NSC's share repurchase trends from 2021 to 2023.,Shareholder return,False,None,5,0.0,0.0,0.0,0.0,0.0,,5,1,4.064791952259839,,,
b51436b4,Unionization rate & renewal risk at Textron.,Company overview,True,None,5,0.2,1.0,0.25,0.43067655807339306,1.0,4,5,1,1.5170000260695815,,,
d8b96be0,Impact on short-term forecasts for revenue recognition of performance obligations related to Essex Property Trust 2024. ESS,Accounting,False,None,5,0.0,0.0,0.0,0.0,0.0,,5,1,6.672666990198195,,,
eb8bd7b1,"BSX's ERM board engagement in cybersecurity drives long-term growth & enhances competitive positioning in healthcare tech, BSX.",Risk,False,None,5,0.0,0.0,0.0,0.0,0.0,,5,1,3.390250029042363,,,
15b5a805,ADI's eng. talent ratio & turnover impact on comp. innovation.,Company overview,True,Division,5,0.0,0.0,0.0,0.0,0.0,,5,1,1.9073329167440534,,,
92372c12,ISRG product vs svc growth's profit impact.,Financials,False,None,5,0.0,0.0,0.0,0.0,0.0,,5,2,1.1036660289391875,,,
1f63c476,Timing and freq analysis of share repurchase for NEE.,Shareholder return,False,None,5,0.2,1.0,0.2,0.38685280723454163,1.0,5,5,1,4.581167013384402,,,
b2d09fdb,Proj. rev. grow. for Fortinet 1.08.,Financials,True,Multiplication,5,0.2,1.0,1.0,1.0,1.0,1,5,1,1.6149170696735382,,,
d20600e5,Motorola Solutions (MSI) performance obligation allocation ESP data inputs.,Accounting,False,None,5,0.2,1.0,1.0,1.0,1.0,1,5,1,1.3107500271871686,,,
dff64dfe,"WDC's operational efficiency initiatives boost gross margins, enhancing shareholder value.",Company overview,False,None,5,0.0,0.0,0.0,0.0,0.0,,5,3,1.1097079841420054,,,
46f93d4f,Capex emission reduction sustainability strategy by UP.,Footnotes,False,None,5,0.0,0.0,0.0,0.0,0.0,,5,1,1.7284590285271406,,,
307ebb9a,Liquidity trends for Invesco Ltd. in 2022-2023 highlight cash growth vs current liabilities.,Financials,False,None,5,0.2,1.0,1.0,1.0,1.0,1,5,1,4.971667076461017,,,
a71496ab,BDX's cybersecurity initiatives enhance risk mitigation & ensure revenue stability.,Risk,False,None,5,0.0,0.0,0.0,0.0,0.0,,5,1,1.3037080643698573,,,
a126f321,"Component drivers for BT's LT debt change from Jan '23 to Feb '24 include various factors impacting performance and leverage, BT.",Financials,False,None,5,0.0,0.0,0.0,0.0,0.0,,5,1,5.855291965417564,,,
aa74640f,IP - Evolution of treasury stock & buyback activity from 2021 to 2023.,Shareholder return,False,None,5,0.0,0.0,0.0,0.0,0.0,,5,1,4.984416998922825,,,
cb8cde02,Seagate's (STX) product mix influences pricing power and profitability in contrast to industry trends in FY23-FY24.,Company overview,False,None,5,0.2,1.0,1.0,1.0,1.0,1,5,1,4.508916987106204,,,
588044e1,"Projected op costs for NRG with 10% rev growth, based on a constant op cost ratio.",Financials,True,Multiplication,5,0.0,0.0,0.0,0.0,0.0,,5,1,5.260457983240485,,,
c9fb2128,CBRE allocates cap to competitive geogs & prop types w/ strategic adj. for ticker.,Company overview,False,None,5,0.0,0.0,0.0,0.0,0.0,,5,1,3.100625006482005,,,
df464ff0,Impact of NVDA's AI/autonomous invsmt on R&D & long-term cash flow.,Company overview,False,None,5,0.2,1.0,0.25,0.43067655807339306,1.0,4,5,1,4.104208084754646,,,
ba8b7b08,Impact on EPS & shareholder value from LLY Q4 2023 share repurchase.,Shareholder return,False,None,5,0.0,0.0,0.0,0.0,0.0,,5,1,3.8140000542625785,,,
9a2f6246,2023 vs 2021-22 comparison of Meta Platforms' (META) gross margin.,Financials,True,Compositional,5,0.2,1.0,0.25,0.43067655807339306,1.0,4,5,1,3.5519999219104648,,,
227a8b74,"Impact on regional market focus and risk exposure from CDW employee headcount gap: US vs int'l, Ticker.",Company overview,True,Subtract,5,0.0,0.0,0.0,0.0,0.0,,5,1,4.5697500463575125,,,
5b41b242,"Outlook for VeriSign's DNS rev growth in 2023 includes eval of sustainability, risks, and opport.; VRSN.",Footnotes,False,None,5,0.2,0.5,1.0,0.6131471927654584,0.36926438455935906,1,5,2,6.069832947105169,,,
bfd970a9,CRL's CAGRs for revenue from FY21 to FY23 reflect a positive growth trend.,Financials,True,Compositional,5,0.0,0.0,0.0,0.0,0.0,,5,1,4.451958928257227,,,
b62b858e,RJF 2024 pre-tax margin (pre-tax income / net revenues) for the ticker.,Financials,True,Division,5,0.2,1.0,0.3333333333333333,0.5,1.0,3,5,1,4.413207992911339,,,
0cf87abd,"ANET lease cost trends, fixed & variable, for 2022-2023 OPEX impact.",Footnotes,False,None,5,0.2,1.0,0.5,0.6309297535714575,1.0,2,5,1,3.840999910607934,,,
9bc074c5,The liquidity impact of cash flow resulting from timing differences in revenue for Dayforce Inc. (DFC) may affect overall financial stability.,Accounting,False,None,5,0.0,0.0,0.0,0.0,0.0,,5,1,7.755291066132486,,,
5c0962af,OXY op exp % of net sales 2023 vs 2022.,Financials,True,Division,5,0.0,0.0,0.0,0.0,0.0,,5,1,4.188458085991442,,,
7875b96b,ESS | The impact of board-level cybersecurity oversight at Essex Property Trust on op risk & financial stability growth.,Risk,False,None,5,0.0,0.0,0.0,0.0,0.0,,5,1,6.201458047144115,,,
dd6f68f1,"Insider practices in risk mgmt., profit & cap allocation outlook undergo changes by AWK board.",Governance,False,None,5,0.0,0.0,0.0,0.0,0.0,,5,1,3.6256660241633654,,,
c43105cc,Trend analysis of effective tax rate over a 3-yr period for PulteGroup (PHM).,Financials,True,Compositional,5,0.0,0.0,0.0,0.0,0.0,,5,1,4.923250060528517,,,
d8a43669,WTW's share buyback evolution & cap alloc implications.,Governance,False,None,5,0.0,0.0,0.0,0.0,0.0,,5,2,0.7157090585678816,,,
e338970c,"Pfizer’s revenue recognition criteria for bill-and-hold sales involve certain controls, PFE.",Accounting,False,None,5,0.2,1.0,1.0,1.0,1.0,1,5,1,3.968167002312839,,,
7fd59fe6,"Audit oversight & cybersecurity impact on valuation, stakeholder confidence, capital allocation, MSI.",Risk,False,None,5,0.0,0.0,0.0,0.0,0.0,,5,1,2.5628330186009407,,,
e149fc42,"Impact of Garmin's (GRMN) repurchase on EPS, valuation & competitive positioning.",Shareholder return,False,None,5,0.0,0.0,0.0,0.0,0.0,,5,1,3.449833020567894,,,
20b00eee,"Occidental's cybersecurity controls, along with the fin. impact of legal/reputational risk mitigation.",Risk,False,None,5,0.2,1.0,1.0,1.0,1.0,1,5,1,4.782790900208056,,,
4954fcea,US workforce % and exposure to domestic trends/regulations for ITW.,Company overview,True,Compositional,5,0.0,0.0,0.0,0.0,0.0,,5,1,4.2134999530389905,,,
b9fe86a2,"Partnerships in industry, tech capabilities, & risk mgt impact XOM's long-term fin performance.",Company overview,False,None,5,0.0,0.0,0.0,0.0,0.0,,5,1,3.403165959753096,,,
ba58192c,DG's valuation metrics amid a competitive landscape.,Company overview,False,None,5,0.0,0.0,0.0,0.0,0.0,,5,1,1.7302499618381262,,,
52a3d5cf,Net inc change for SPG from 2022 to 2023.,Financials,True,Subtract,5,0.0,0.0,0.0,0.0,0.0,,5,1,5.363791016861796,,,
4694f306,Ticker HRL's net earnings & EPS trends 2022-2024 impact inv. returns.,Financials,False,None,5,0.0,0.0,0.0,0.0,0.0,,5,2,2.5784579338505864,,,
be408a88,"Axon Enterprise's competitive advantages in integrated law enforcement tech drive valuation growth, symbol: AAXN.",Governance,False,None,5,0.2,1.0,1.0,1.0,1.0,1,5,1,2.6924170088022947,,,
32cb9812,Stryker's (SYK) contractual payment sched impacts capital alloc risk/opps.,Footnotes,False,None,5,0.0,0.0,0.0,0.0,0.0,,5,1,1.4552500797435641,,,
9c0b523c,Letters of credit (LoC) have liquidity mgt contractual obligations.,Footnotes,False,None,5,0.2,1.0,0.2,0.38685280723454163,1.0,5,5,1,3.378916997462511,,,
61be339f,Profitability margins for CSX: influence of service reqs & operational efficiency on performance.,Company overview,False,None,5,0.0,0.0,0.0,0.0,0.0,,5,1,4.2432500049471855,,,
76507368,The impact of TMUS cybersecurity incidents on operating results & profitability; steps for mgmt to mitigate risks.,Risk,False,None,5,0.0,0.0,0.0,0.0,0.0,,5,1,6.722209043800831,,,
09690af4,"CNP's cybersecurity governance can influence investor confidence, with the cost of capital being significantly impacted.",Risk,False,None,5,0.0,0.0,0.0,0.0,0.0,,5,1,5.063958000391722,,,
b80c80c1,Impact of unused buyback funds on future repurchase strategy & liquidity for CRL.,Shareholder return,False,None,5,0.0,0.0,0.0,0.0,0.0,,5,1,4.410499939695001,,,
fafe5a2e,PTC rev growth pct change 2022-23 vs 2023-24.,Financials,True,Compositional,5,0.0,0.0,0.0,0.0,0.0,,5,1,2.40866607055068,,,
70754222,Implications of OMC’s operating cash coverage vs reliance on its credit facility.,Footnotes,False,None,5,0.0,0.0,0.0,0.0,0.0,,5,1,4.28291701246053,,,
39cede68,CHRW's defined contribution plan expns. for 2021-2023.,Footnotes,False,None,5,0.2,1.0,1.0,1.0,1.0,1,5,1,3.146582981571555,,,
3ae9e4ea,Cooper Companies (COO) revenue recog. alloc. consistency.,Accounting,False,None,5,0.0,0.0,0.0,0.0,0.0,,5,1,0.7902079960331321,,,
7071fe75,Boston Scientific's capex in 2023 vs. prior years shows notable trends for the ticker BSX.,Footnotes,False,None,5,0.0,0.0,0.0,0.0,0.0,,5,1,5.016250070184469,,,
d4dd24bd,Impact of XYL's debt terms & interest on profitability & growth.,Footnotes,False,None,5,0.0,0.0,0.0,0.0,0.0,,5,1,3.9180839667096734,,,
315642bb,Net inc. % change vs. diluted EPS for Chubb (CB) 2022-23.,Financials,True,Compositional,5,0.2,1.0,0.25,0.43067655807339306,1.0,4,5,1,3.2470409059897065,,,
60d89c3f,"Exec role at Atmos (ATO) focuses on synergies, governance, and comp. positioning.",Governance,False,None,5,0.0,0.0,0.0,0.0,0.0,,5,1,3.614792018197477,,,
8da00622,Impact of NA segment transactions on profitability & positioning for MDLZ.,Footnotes,False,None,5,0.0,0.0,0.0,0.0,0.0,,5,5,3.97862505633384,,,
346221e5,ASC 606 rev rec & perf obligations at Con Edison.,Accounting,False,None,5,0.2,1.0,1.0,1.0,1.0,1,5,1,1.473542070016265,,,
749ded76,Q4'23 share repurchase volume & expenditure for Chipotle (CMG).,Shareholder return,False,None,5,0.0,0.0,0.0,0.0,0.0,,5,1,2.266500028781593,,,
961eab03,Share buyback calc inputs & valuation impact for FANG.,Shareholder return,False,None,5,0.0,0.0,0.0,0.0,0.0,,5,1,2.144458005204797,,,
81fdb65e,Weyerhaeuser's monetization of high-use lands impacts growth & profitability in Real Estate & ENR.,Company overview,False,None,5,0.2,1.0,1.0,1.0,1.0,1,5,1,3.779500024393201,,,
baccb7bd,"SYF – Insights on governance structure from the Feb 8, 2024, board appointments at Synchrony Financial.",Governance,False,None,5,0.0,0.0,0.0,0.0,0.0,,5,1,5.485125002451241,,,
9cab28de,"The impact of network security from Cisco Systems, Inc. on competitive positioning and capex allocation, CSCO.",Governance,False,None,5,0.0,0.0,0.0,0.0,0.0,,5,1,6.389875081367791,,,
1222dcfa,"Future capex for BDX vs historical trends, growth strategy in focus.",Footnotes,False,None,5,0.0,0.0,0.0,0.0,0.0,,5,1,3.5593329230323434,,,
e6bc450f,"Zimmer Biomet's intl. risk exposure and workforce dist. focus on two key areas: global ops, particularly in regions affected by political and economic instability, and the ticker ZBH reflects its strategy in navigating these challenges.",Company overview,True,Subtract,5,0.0,0.0,0.0,0.0,0.0,,5,1,7.520084036514163,,,
7ae396be,AJG's sources for funding share buybacks impact financial stability.,Shareholder return,False,None,5,0.0,0.0,0.0,0.0,0.0,,5,1,3.0408749589696527,,,
7bd7681d,GE: Revenue volatility due to air travel & defense cycles impacts profitability & resilience.,Company overview,False,None,5,0.2,1.0,1.0,1.0,1.0,1,5,1,2.7099159779027104,,,
a6f732c0,Sempra's risk & cash flow impact from cybersecurity frameworks is a key focus.,Risk,False,None,5,0.2,1.0,1.0,1.0,1.0,1,5,1,4.054583958350122,,,
a7807f03,Delta in diluted EPS for UHS 2023 vs. 2022.,Financials,True,Subtract,5,0.2,1.0,1.0,1.0,1.0,1,5,1,4.296042025089264,,,
298d4dbc,Elevance Health's IT infra support commitment sch. through June 2025 will include ticker updates.,Footnotes,False,None,5,0.2,1.0,1.0,1.0,1.0,1,5,1,2.587708062492311,,,
4fda44cc,UHS's cybersecurity governance impacts reg/litigation risk & valuation.,Risk,False,None,5,0.0,0.0,0.0,0.0,0.0,,5,1,0.9550000540912151,,,
0bb7750c,COF's net income change in 2022-2023 earnings performance.,Financials,True,Compositional,5,0.0,0.0,0.0,0.0,0.0,,5,1,4.433540976606309,,,
65bb2d6e,Exec roles on BKNG board & their strategic impact analyzed. BKNG.,Governance,False,None,5,0.0,0.0,0.0,0.0,0.0,,5,1,2.5891250697895885,,,
d9d05bfd,Q4 vs FY 2023 avg repurchase price for WST.,Shareholder return,False,None,5,0.0,0.0,0.0,0.0,0.0,,5,1,2.8546659741550684,,,
4cec520d,Impact of Rockwell Automation (ROK) capital allocation on growth & tech differentiation vs peers.,Company overview,False,None,5,0.2,1.0,0.3333333333333333,0.5,1.0,3,5,1,3.676749998703599,,,
72984b48,Impact on financials from WLTW self-insured risk provisions criteria.,Legal,False,None,5,0.2,1.0,1.0,1.0,1.0,1,5,1,2.7941250009462237,,,
d0cba352,"Arista's cybersecurity program board update frequency details reflect, in the ticker column, consistent reporting intervals.",Risk,False,None,5,0.0,0.0,0.0,0.0,0.0,,5,1,4.144874983467162,,,
12eb374e,"Impact of PulteGroup's cyber insurance on capital allocation & stability, PHM.",Risk,False,None,5,0.0,0.0,0.0,0.0,0.0,,5,1,3.7160420324653387,,,
4547b214,"Details on recent share repurchases by DG, DG, indicate a strategic move to enhance shareholder value.",Shareholder return,False,None,5,0.0,0.0,0.0,0.0,0.0,,5,1,5.0148749724030495,,,
38afbc2b,Coca-Cola's (KO) geo capex investment priorities focus on Latin America.,Footnotes,False,None,5,0.0,0.0,0.0,0.0,0.0,,5,1,1.9395829876884818,,,
d382bc3b,EIX net gain pref. stock repurchases cond. inc.,Shareholder return,False,None,5,0.0,0.0,0.0,0.0,0.0,,5,1,1.6768750501796603,,,
f1f50f03,PSEG: exec multiplexing & its effect on competitive positioning & growth in the energy sector.,Governance,False,None,5,0.0,0.0,0.0,0.0,0.0,,5,1,4.56962501630187,,,
dbd75df2,"Impact of IEX cybersecurity governance on risk & growth, IEX.",Risk,False,None,5,0.0,0.0,0.0,0.0,0.0,,5,1,3.626417019404471,,,
d6e9598f,FTV's competitive strategy significantly impacts its OpM and ROIC.,Company overview,False,None,5,0.0,0.0,0.0,0.0,0.0,,5,1,2.809000085107982,,,
181cf6f3,Cybersecurity risk assessment & valuation impact for UNP.,Risk,False,None,5,0.0,0.0,0.0,0.0,0.0,,5,1,2.313624951057136,,,
ef08b83f,Legal risk mgmt BRK insurance reinsurance.,Legal,False,None,5,0.0,0.0,0.0,0.0,0.0,,5,1,1.0279580019414425,,,
4cd5cbe7,PSEG exposure drivers for 2022-2023.,Footnotes,False,None,5,0.2,1.0,1.0,1.0,1.0,1,5,1,3.192082978785038,,,
96ff55d9,"T-Mobile US's postpaid rev, TMO, pricing power, and wireless demand.",Footnotes,False,None,5,0.2,1.0,0.3333333333333333,0.5,1.0,3,5,1,2.58629210293293,,,
867c45f6,FY24 R&D % of rev for HP Inc. vs historical trends & growth implications.,Financials,True,Compositional,5,0.0,0.0,0.0,0.0,0.0,,5,1,3.509624977596104,,,
10a0e925,"AOS notes the impact of interest rates on insurers' debt mix, especially regarding long-term financing.",Financials,False,None,5,0.0,0.0,0.0,0.0,0.0,,5,1,5.5889589712023735,,,
96562cc9,CapEx for CAT in 2023 vs. 2022 vs. 2021.,Footnotes,False,None,5,0.0,0.0,0.0,0.0,0.0,,5,1,4.551541991531849,,,
caf79379,IP's competitive strategy in pulp & packaging focuses on product innovation & efficiency. IP leverages its scale to drive cost leadership in the market. Strategic partnerships enhance IP's supply chain resilience while expanding its customer base. Sustainability initiatives align with growing demand for eco-friendly products.,Company overview,False,None,5,0.0,0.0,0.0,0.0,0.0,,5,1,9.099166956730187,,,
cb21e1b4,Liquidity risk profile (SNPS) vs funding mix of credit & operating facilities.,Financials,False,None,5,0.0,0.0,0.0,0.0,0.0,,5,1,3.208999987691641,,,
062e1065,FISV FY23 total exp delta vs FY22,Financials,True,Subtract,5,0.0,0.0,0.0,0.0,0.0,,5,1,0.8977500256150961,,,
ede28f1f,"Impact of IRM board exec involvement on oversight, profitability, & risk mgmt. for TICKER.",Governance,False,None,5,0.0,0.0,0.0,0.0,0.0,,5,1,4.5585420448333025,,,
8387845b,Cybersecurity integration cost structure margins for AMRN.,Risk,False,None,5,0.0,0.0,0.0,0.0,0.0,,5,1,2.2695419611409307,,,
95c72c12,CAPEX increase by LKQ Corp to enhance op capacity & growth impact.,Footnotes,False,None,5,0.0,0.0,0.0,0.0,0.0,,5,1,3.0972090316936374,,,
8ac98b17,"CRWD's liquidity breakdown for short-term coverage as of Jan 31, 2024.",Financials,False,None,5,0.0,0.0,0.0,0.0,0.0,,5,1,5.321625038050115,,,
2d816a1c,FRT trends in rental inc. collectibility adj. 2021-2023.,Accounting,False,None,5,0.2,1.0,0.5,0.6309297535714575,1.0,2,5,1,3.4626669948920608,,,
370d6f75,"Impact of J cash settlement on liquidity vs prev reserve levels, Ticker.",Legal,False,None,5,0.0,0.0,0.0,0.0,0.0,,5,1,3.7937089800834656,,,
c6b6a725,Impact of BLK workforce on competitive positioning.,Company overview,True,None,5,0.0,0.0,0.0,0.0,0.0,,5,1,3.328666905872524,,,
30fc6001,The dual role of JBHT's CEO can significantly impact strategic decision-making.,Governance,False,None,5,0.0,0.0,0.0,0.0,0.0,,5,1,3.9173749973997474,,,
364bfa9d,"Impact of NUE debt structure on cost, implications for capital allocation, and strategies for hedging, NUE.",Footnotes,False,None,5,0.0,0.0,0.0,0.0,0.0,,5,1,5.625999998301268,,,
4c0f4c6f,"Risk mitigation of Brown & Brown employment agreements, challenges on state enforceability.",Company overview,True,None,5,0.2,1.0,1.0,1.0,1.0,1,5,1,3.5249170614406466,,,
280034bf,Q4 2023 for AEE shows no buyback cap allocation strategy.,Shareholder return,False,None,5,0.0,0.0,0.0,0.0,0.0,,5,1,3.027832950465381,,,
6f992198,Impact of employee geography & labor representation on competitive positioning & risk for Pentair (PNR).,Company overview,True,None,5,0.0,0.0,0.0,0.0,0.0,,5,1,4.486874910071492,,,
d1fdc0f4,Ratable rev rec termination for convenience impacts BRCM's recurring rev predictability.,Accounting,False,None,5,0.2,1.0,1.0,1.0,1.0,1,5,1,1.75762502476573,,,
002d8b2b,FCA impact on Equifax: UK ops & global reg implications.,Legal,False,None,5,0.2,1.0,1.0,1.0,1.0,1,5,1,1.9965829560533166,,,
2aa3dc07,impact of $8m settlement on MO's cost of sales & performance,Legal,False,None,5,0.0,0.0,0.0,0.0,0.0,,5,1,3.932999912649393,,,
5180a49b,"Corteva, Inc.: Impact of CF composition shift on liquidity mgmt.",Footnotes,False,None,5,0.0,0.0,0.0,0.0,0.0,,5,1,3.3877919195219874,,,
ee85d604,"Buyback count and avg price for fiscal 2024, Paychex.",Shareholder return,False,None,5,0.2,1.0,1.0,1.0,1.0,1,5,1,3.933125059120357,,,
efbe6f3a,Impact on DLTR valuation & outlook due to litigation loss estimates.,Legal,False,None,5,0.0,0.0,0.0,0.0,0.0,,5,1,3.8972500478848815,,,
e6960ad0,YoY growth analysis of DHI employee headcount.,Company overview,True,Subtract,5,0.0,0.0,0.0,0.0,0.0,,5,1,2.576041966676712,,,
e55b23c3,MTCH's (Match Group) rev mix impacts its val & growth prospects.,Footnotes,False,None,5,0.2,0.3333333333333333,0.5,0.2960819109658652,0.2065252854812398,2,5,3,1.1382909724488854,,,
ef6862a6,"Devon Energy contract obligations maturities details, TKR: DVN, are pivotal for assessing cash flow timelines.",Footnotes,False,None,5,0.0,0.0,0.0,0.0,0.0,,5,1,3.4990409621968865,,,
ea350631,Analysis of the executed % and pace for the PG repurchase program during May-June '24 with ticker in focus.,Shareholder return,False,None,5,0.0,0.0,0.0,0.0,0.0,,5,1,7.995415944606066,,,
8fa565d0,"PEP, liquidity profile supports acquisitions & share repurchases.",Company overview,False,None,5,0.2,1.0,0.5,0.6309297535714575,1.0,2,5,1,1.162166940048337,,,
2ef8185f,"TTWO FY2025 capex trend vs. historical data, implications for financial health.",Footnotes,False,None,5,0.0,0.0,0.0,0.0,0.0,,5,1,2.9159170808270574,,,
55574941,PG's effective tax impact on EBT & future profit in 2023.,Financials,True,Compositional,5,0.0,0.0,0.0,0.0,0.0,,5,1,4.406999913044274,,,
266908f6,The risk impact of KLA's contingent liabilities from guarantee arrangements is noteworthy.,Footnotes,False,None,5,0.0,0.0,0.0,0.0,0.0,,5,1,5.116707994602621,,,
347e6fd3,2021-2023 Corning Inc (GLW) capex evolution & cap allocation analysis.,Footnotes,False,None,5,0.2,1.0,0.2,0.38685280723454163,1.0,5,5,1,2.2560000652447343,,,
e480bf6d,Current yr SG&A/net sales ratio for Otis (OTIS) Corp.,Financials,True,Division,5,0.2,1.0,1.0,1.0,1.0,1,5,1,3.5417090402916074,,,
ed388697,"McKesson CapEx allocations for PPE & software as of Mar 31, 2024 vs prior period.",Footnotes,False,None,5,0.0,0.0,0.0,0.0,0.0,,5,2,5.269290995784104,,,
5c368887,2023 CAPEX vs D&A by seg reinvestment & maintenance for NOC.,Footnotes,False,None,5,0.0,0.0,0.0,0.0,0.0,,5,2,4.263749928213656,,,
8f3f5e65,Impact of DIS seasonal vs. cost volatility tied to FTE/part-time ratio.,Company overview,True,Compositional,5,0.0,0.0,0.0,0.0,0.0,,5,1,4.1994169587269425,,,
428334ce,Impact of net income comp on META's diluted EPS.,Financials,True,Compositional,5,0.2,1.0,0.5,0.6309297535714575,1.0,2,5,1,4.069957998581231,,,
3b2e4065,"Assurant shifts in 22-23 portfolio comp include fixed maturities vs equities vs ST, impacting returns for ticker.",Financials,False,None,5,0.0,0.0,0.0,0.0,0.0,,5,1,3.5989999305456877,,,
6c16ce87,Align Tech exec team tenure's impact on fin. stability & risk mgmt.,Governance,False,None,5,0.0,0.0,0.0,0.0,0.0,,5,1,2.106082974933088,,,
c86e8e5e,Expense for share buyback qty of PPL.,Shareholder return,False,None,5,0.0,0.0,0.0,0.0,0.0,,5,1,3.588041989132762,,,
7b6ec08b,Impact on LT debt profile & interest exp. from NVDA 0.309% Notes repaid.,Financials,False,None,5,0.2,1.0,1.0,1.0,1.0,1,5,1,3.080209018662572,,,
08bc93be,AXON's competitive positioning & growth risk implications in cybersecurity standards.,Risk,False,None,5,0.2,1.0,1.0,1.0,1.0,1,5,1,2.73499998729676,,,
85982df0,Amcor rev rec for pkg services has a point-in-time trigger.,Accounting,False,None,5,0.0,0.0,0.0,0.0,0.0,,5,1,4.660499980673194,,,
7b1bf62b,STZ - Constellation Brands' leadership in M&A influences cap allocation & firm valuation.,Governance,False,None,5,0.2,1.0,1.0,1.0,1.0,1,5,1,3.094417043030262,,,
14fd39b3,KeyCorp's litigation and investigations present a financial impact risk assessment.,Legal,False,None,5,0.2,1.0,1.0,1.0,1.0,1,5,1,4.02624998241663,,,
d91edcfa,"Impact of ISRG's cybersecurity posture on growth and competitive edge, ISRG.",Risk,False,None,5,0.0,0.0,0.0,0.0,0.0,,5,1,4.395375028252602,,,
ee761a2d,Growth outlook for ORCL's board composition & industry leadership.,Governance,False,None,5,0.0,0.0,0.0,0.0,0.0,,5,1,2.435166039504111,,,
4a0b6973,"Welltower Inc.'s employee geog. operational focus, risk profile, and int'l growth implications, WELL.",Company overview,True,None,5,0.0,0.0,0.0,0.0,0.0,,5,1,3.314708941616118,,,
0ecb620f,TSC capex influence on positioning & SH value.,Company overview,False,None,5,0.0,0.0,0.0,0.0,0.0,,5,1,1.7513750353828073,,,
3e30891e,Long-term debt mgmt & risk implications analysis for Marriott.,Financials,False,None,5,0.2,0.5,0.5,0.38685280723454163,0.5198321891685737,2,5,2,2.7532080421224236,,,
2d806651,"Southwest (LUV) pricing & cost structure vs. AA, DAL, UAL comparison.",Company overview,False,None,5,0.2,1.0,1.0,1.0,1.0,1,5,1,0.7571660680696368,,,
a5c13753,"C  legal actions, risk mgmt, & comp pos.",Legal,False,None,5,0.0,0.0,0.0,0.0,0.0,,5,1,1.0732919909060001,,,
13ce82c5,NEM's liquidity vs capex strat amid dev spending.,Footnotes,False,None,5,0.0,0.0,0.0,0.0,0.0,,5,1,0.22408307995647192,,,
7bfce0c3,Etsy's competitive positioning amidst cyber risk mgmt. tabletop exercises will impact sustainable growth.,Risk,False,None,5,0.2,1.0,1.0,1.0,1.0,1,5,1,1.7619170248508453,,,
e7ebd4b5,Cybersecurity risk & disruption mitigation efforts by the AAPL InfoSec team.,Risk,False,None,5,0.0,0.0,0.0,0.0,0.0,,5,1,3.239957964979112,,,
fde37dbe,"UHS components of net cash investing for 2022-2023 include their ticker, reflecting strategic allocations and expenditures.",Footnotes,False,None,5,0.0,0.0,0.0,0.0,0.0,,5,1,6.941125029698014,,,
8a0f887d,"Impact of Micron leadership expertise on growth & valuation, MU.",Governance,False,None,5,0.0,0.0,0.0,0.0,0.0,,5,1,3.407082986086607,,,
5987572d,"The impact on regional strategy at Applied Materials, ticker AMAT, is influenced by the headcount differential between NA and EMEA.",Company overview,True,Compositional,5,0.0,0.0,0.0,0.0,0.0,,5,1,6.0671670362353325,,,
e2374de4,"Risk mitigation measures for Kinder Morgan pipeline incidents can impact both valuation & investor confidence, KMI.",Legal,False,None,5,0.2,1.0,1.0,1.0,1.0,1,5,1,2.812958089634776,,,
a3f75c4c,"Share repurchase detail for Deckers in Feb, Mar, and May 9.",Shareholder return,False,None,5,0.0,0.0,0.0,0.0,0.0,,5,1,4.889125004410744,,,
6d0247db,"Impact of RL exec leadership on strategy, brand, and profit outlook remains crucial.",Governance,False,None,5,0.0,0.0,0.0,0.0,0.0,,5,1,4.393667099066079,,,
7415499e,"Hedging efficacy of Constellation Energy (CE) plays a crucial role in mitigating commodity risk, ensuring stable earnings generation.",Company overview,False,None,5,0.2,1.0,0.5,0.6309297535714575,1.0,2,5,1,4.458124982193112,,,
439361cf,Bio-Rad's contingent liabilities from legal proceedings may impact liquidity.,Legal,False,None,5,0.0,0.0,0.0,0.0,0.0,,5,1,2.678082906641066,,,
0847caa8,"Valuation metrics, growth outlook & positioning of PG&E vs peers, with ticker listed last.",Shareholder return,False,None,5,0.0,0.0,0.0,0.0,0.0,,5,1,3.253999981097877,,,
25376eba,CMI audit SET reporting impacts strategic oversight & competitive pos.,Risk,False,None,5,0.2,1.0,0.2,0.38685280723454163,1.0,5,5,1,1.1624170001596212,,,
e2545bea,Impact of revenue diversity from sanctioned region transactions on BAC.,Governance,False,None,5,0.0,0.0,0.0,0.0,0.0,,5,1,4.137082956731319,,,
409e7c7d,DaVita's full continuum kidney care integration's impact on comp. positioning & valuation.,Company overview,False,None,5,0.2,1.0,1.0,1.0,1.0,1,5,1,2.021542051807046,,,
e8aeec39,U.S. employee headcount vs. non-U.S. for General Mills (GIS).,Company overview,True,Compositional,5,0.0,0.0,0.0,0.0,0.0,,5,1,2.98866699449718,,,
737399b8,Metric per emp calc (Total/2400) & cap alloc for EQR.,Company overview,True,Division,5,0.0,0.0,0.0,0.0,0.0,,5,1,2.444499987177551,,,
93af5a89,"When evaluating rental rev rec under ASC 842, Digital Realty Trust's ticker (DLR) plays a critical role.",Accounting,False,None,5,0.2,1.0,0.2,0.38685280723454163,1.0,5,5,1,2.499499940313399,,,
b90a5f65,ResMed Inc. (RMD) focuses on employee regional allocation vs. exp. strategy.,Company overview,True,Compositional,5,0.2,1.0,0.5,0.6309297535714575,1.0,2,5,1,2.3372500436380506,,,
5baaca1a,Implications of DBE FTE/total workforce ratio and operational leverage; DBE.,Company overview,True,Compositional,5,0.0,0.0,0.0,0.0,0.0,,5,1,3.780583036132157,,,
825743cb,How does workforce diversity at Regions Financial (RF) impact overall performance and company culture?,Company overview,True,None,5,0.2,1.0,0.5,0.6309297535714575,1.0,2,5,1,4.305084003135562,,,
8fe31f0a,financing schedule struct impact on swaps & debt liquidity AMGN.,Footnotes,False,None,5,0.0,0.0,0.0,0.0,0.0,,5,1,2.2558330092579126,,,
e3e6d264,Ticker ARE: Analyze net income changes from 2021-2023 & assess the impact on investor returns.,Financials,True,Subtract,5,0.0,0.0,0.0,0.0,0.0,,5,1,6.321459077298641,,,
a923611e,Liquidity trends for PYPL in 2023 compared to 2022/21 driven by net investing cash.,Footnotes,False,None,5,0.0,0.0,0.0,0.0,0.0,,5,2,6.79829204455018,,,
3f515a80,"Risks related to external financing, alongside growth potential and competitive positioning, must be assessed for Hasbro (HAS).",Financials,False,None,5,0.0,0.0,0.0,0.0,0.0,,5,2,5.865416955202818,,,
5564af35,Confirmation of Allegion CEO and its strategic impact.,Governance,False,None,5,0.0,0.0,0.0,0.0,0.0,,5,1,3.7709999596700072,,,
abd45efd,CapEx for STZ corp ops vs negative OI for central admin invesmt.,Footnotes,False,None,5,0.0,0.0,0.0,0.0,0.0,,5,1,1.6924160299822688,,,
eee0a434,"Tyson Foods (TSN) CapEx breakdown: production growth, infra upgrades, & safety for future market positioning.",Footnotes,False,None,5,0.2,1.0,1.0,1.0,1.0,1,5,1,2.356541925109923,,,
a5e44b3c,O'Reilly Automotive (ORLY) has announced a recent share repurchase program.,Shareholder return,False,None,5,0.0,0.0,0.0,0.0,0.0,,5,1,2.881291904486716,,,
9ea8a960,EIX valuation of tax positions cash flow timing risk.,Footnotes,False,None,5,0.0,0.0,0.0,0.0,0.0,,5,1,3.1760839046910405,,,
feef12b0,Align (ALGN) total shares repurchased & avg monthly price thru Dec 31'23 Q3.,Shareholder return,False,None,5,0.0,0.0,0.0,0.0,0.0,,5,1,2.485583070665598,,,
b8a370cd,Impact of Alphabet Inc.'s AI infrastructure on growth & comp. positioning; GOOGL.,Footnotes,False,None,5,0.2,1.0,0.25,0.43067655807339306,1.0,4,5,1,3.5463750828057528,,,
5c2db553,C.H.D. overlapping exec & board roles may impact governance.,Governance,False,None,5,0.0,0.0,0.0,0.0,0.0,,5,1,2.005833084695041,,,
e1a6d522,Ticker impacts from Sysco financing mix changes on liquidity & cash flow.,Financials,False,None,5,0.0,0.0,0.0,0.0,0.0,,5,1,3.161959000863135,,,
527b0352,"FCF trends at GE HealthCare, tgt ticker, CapEx sustainment, and SH return strategies.",Shareholder return,False,None,5,0.0,0.0,0.0,0.0,0.0,,5,1,2.8606250416487455,,,
936be64f,Operating margin of AT&T in 2023 vs 2022/2021 efficiency.,Financials,True,Compositional,5,0.0,0.0,0.0,0.0,0.0,,5,1,5.789874936453998,,,
29149a0f,Cybersecurity cost structure for EQT vs benchmarks.,Risk,False,None,5,0.0,0.0,0.0,0.0,0.0,,5,1,2.190000028349459,,,
33bd358a,Contingent vs salaried labor flex ratio for Aptiv PLC.,Company overview,True,Compositional,5,0.2,1.0,0.25,0.43067655807339306,1.0,4,5,1,1.776541001163423,,,
5c5bf092,Dilution & cap allocation implications for ATO equity comp plan.,Shareholder return,False,None,5,0.0,0.0,0.0,0.0,0.0,,5,1,2.1536670392379165,,,
efb85d6d,Jack Henry's (JKHY) treasury repurchase cost efficiency is of interest.,Shareholder return,False,None,5,0.0,0.0,0.0,0.0,0.0,,5,1,3.7022080505266786,,,
ef59f6fa,"MSFT workforce dist’n by function & strat implications for future ops, ticker at end: MSFT.",Company overview,True,Compositional,5,0.0,0.0,0.0,0.0,0.0,,5,1,3.478791913948953,,,
d7d01085,"Overview of litigation claims for Kellanova, ticker now at the end.",Legal,False,None,5,0.0,0.0,0.0,0.0,0.0,,5,1,4.980958066880703,,,
a329042d,"DHR for capex, M&A, & restructuring is operating CF sustainability.",Financials,False,None,5,0.0,0.0,0.0,0.0,0.0,,5,1,3.9324170211330056,,,
5ba1ceaa,Insulet (PODD) 2022 SG&A litigation settlement margins impact.,Legal,False,None,5,0.0,0.0,0.0,0.0,0.0,,5,1,2.697500050999224,,,
938c18ff,Cash flow impact on growth strategy from DRI acquisition.,Footnotes,False,None,5,0.0,0.0,0.0,0.0,0.0,,5,1,3.296665963716805,,,
d97792bc,"Drivers of Teledyne's profitability & competitive landscape include innovation, operational efficiency, and market demand, with the ticker at the end: TDY.",Company overview,False,None,5,0.0,0.0,0.0,0.0,0.0,,5,1,6.360832951031625,,,
252b31e3,Influence on strategy & risk mgmt. by CarMax exec team age & roles.,Governance,False,None,5,0.2,1.0,0.5,0.6309297535714575,1.0,2,5,1,2.8822080930694938,,,
fad2f2ab,Impact of BKR exec mix on op perf & fin health in evolving energy mkts for BKR.,Governance,False,None,5,0.0,0.0,0.0,0.0,0.0,,5,1,5.12512493878603,,,
cf081f0e,Impact of compensation data (ETR) on cost mgmt & profitability vs Philly utility peers.,Company overview,False,None,5,0.2,1.0,0.5,0.6309297535714575,1.0,2,5,1,3.9361249655485153,,,
81f24637,"Impact on reinvestment from MCD's cap allocation: dividend & buyback, with ticker MCD in focus.",Company overview,False,None,5,0.0,0.0,0.0,0.0,0.0,,5,1,4.3728750897571445,,,
7ffb5d93,PEP roles of CFO/Controller driving ops efficiency & profitability impact.,Governance,False,None,5,0.0,0.0,0.0,0.0,0.0,,5,1,2.6456669438630342,,,
6d3d1b51,Iron Mountain's cyber controls boost investor confidence amid emerging threats & support sustainable growth.,Risk,False,None,5,0.0,0.0,0.0,0.0,0.0,,5,1,1.122749992646277,,,
3411b585,"HII's remaining repurchase funds impact on capital allocation & shareholder returns, HII.",Shareholder return,False,None,5,0.0,0.0,0.0,0.0,0.0,,5,1,2.5915000587701797,,,
39d2a6ef,2023 R&D/net rev ratio for INTC & its long-term growth impact.,Financials,True,Compositional,5,0.0,0.0,0.0,0.0,0.0,,5,1,4.119707969948649,,,
7b6ba41a,"Impact of CEO tenure on investor confidence, growth & capex relative to WST board stability.",Governance,False,None,5,0.0,0.0,0.0,0.0,0.0,,5,1,4.719124990515411,,,
be54e84c,"Credit risk, expected loss allowance factors for receivables AXON.",Accounting,False,None,5,0.2,1.0,1.0,1.0,1.0,1,5,1,2.9263750184327364,,,
c96ba1a6,"FRT claim cost forecast impacts volatility in earnings, ticker to follow.",Legal,False,None,5,0.0,0.0,0.0,0.0,0.0,,5,1,3.5832090070471168,,,
eedb7c55,Bank vs non-bank impact on MS liquidity composition: funding stability.,Financials,False,None,5,0.4,1.0,1.0,1.0,1.0,1,5,2,2.2601669188588858,,,
82579e7b,Stryker (SYK) R&D drives rev growth & profitability.,Company overview,False,None,5,0.0,0.0,0.0,0.0,0.0,,5,1,0.5293750436976552,,,
79a01db8,Lennar (LEN) faces legal claims that jeopardize profitability.,Legal,False,None,5,0.0,0.0,0.0,0.0,0.0,,5,1,1.796458032913506,,,
03ae4ea2,Impact of debt cap ratio change for Masco (MAS) will be closely monitored.,Financials,False,None,5,0.0,0.0,0.0,0.0,0.0,,5,1,4.373790929093957,,,
0ca4e01a,Investing cash breakdown of $183M for CapEx/acquisitions/derivatives in 2023 OTIS.,Footnotes,False,None,5,0.0,0.0,0.0,0.0,0.0,,5,1,5.134457955136895,,,
93f34fff,"Accenture's Q4 FY24 share buyback program shows substantial activity, ACN.",Shareholder return,False,None,5,0.2,1.0,1.0,1.0,1.0,1,5,1,1.3319170102477074,,,
e9d47dd7,PP&E net additions & investment strategy for ADI fiscal 2024.,Footnotes,False,None,5,0.0,0.0,0.0,0.0,0.0,,5,1,3.2659999560564756,,,
d851c821,Rising cash equivalents could impact liquidity for Quanta Services.,Financials,False,None,5,0.0,0.0,0.0,0.0,0.0,,5,2,3.048958024010062,,,
48e99010,Annual net profit margin analysis for Cardinal Health.,Financials,True,Division,5,0.2,1.0,1.0,1.0,1.0,1,5,1,2.5708330795168877,,,
2668b0b6,Repurchase authorizations for SRE vs activity in share buybacks.,Shareholder return,False,None,5,0.0,0.0,0.0,0.0,0.0,,5,1,3.378957975655794,,,
d6ecec0e,"Impact of Bio-Rad's global workforce dist. on comp positioning & risk diversification, BIO.",Company overview,True,None,5,0.2,1.0,0.3333333333333333,0.5,1.0,3,5,1,3.5950839519500732,,,
2e2d8671,2023 inventory turnover ratio calc for TSLA and op efficiency implications.,Financials,False,None,5,0.0,0.0,0.0,0.0,0.0,,5,2,3.97058401722461,,,
63b30054,Liquidity & BS impact from Nordson's repurchase.,Shareholder return,False,None,5,0.0,0.0,0.0,0.0,0.0,,5,1,1.699875108897686,,,
788c0f80,AAPL's cont. innovation in R&D drives a comp. adv. in effectiveness.,Company overview,False,None,5,0.0,0.0,0.0,0.0,0.0,,5,1,3.180667059496045,,,
f83b67eb,Net sales tax recognition comparability for CPRT.,Accounting,False,None,5,0.0,0.0,0.0,0.0,0.0,,5,1,2.617291989736259,,,
2a44ae07,VTRS directors' backgrounds impact on growth & comp positioning.,Governance,False,None,5,0.0,0.0,0.0,0.0,0.0,,5,1,2.194667002186179,,,
72397c9c,"Employee satisfaction (ESS) significantly impacts ops efficiency, growth, & risk.",Company overview,True,None,5,0.0,0.0,0.0,0.0,0.0,,5,1,1.0666250018402934,,,
f20b0c16,"Profitability ratios, pricing, cost control trends, and future outlook for Hershey, HSY.",Financials,True,Compositional,5,0.2,1.0,0.5,0.6309297535714575,1.0,2,5,1,3.636959008872509,,,
a1a0c98d,Analyzing the impact of PPE changes & depreciation on CAPEX for Seagate (STX) Technology Holdings.,Footnotes,False,None,5,0.0,0.0,0.0,0.0,0.0,,5,2,5.515416036359966,,,
5eb93509,DECK's board diversity impacts capital allocation & growth strategy.,Governance,False,None,5,0.0,0.0,0.0,0.0,0.0,,5,1,1.6073751030489802,,,
84d691ca,Targa Resources' employee structure and ticker TRGP delineate its competitive positioning.,Company overview,True,None,5,0.0,0.0,0.0,0.0,0.0,,5,1,2.9110839823260903,,,
de1045f4,Impact on near-term CF & profitability from legal/regulatory outlays; Ticker in last position.,Legal,False,None,5,0.0,0.0,0.0,0.0,0.0,,5,1,4.50183404609561,,,
5f7a82e8,"Estimation of DAL's ticket breakage & revenue recognition, DAL.",Accounting,False,None,5,0.2,1.0,0.3333333333333333,0.5,1.0,3,5,1,2.3972910130396485,,,
e52ec4a4,Exec team structure age profile of LKQ impacts profitability & sustainable growth.,Governance,False,None,5,0.0,0.0,0.0,0.0,0.0,,5,1,2.6548330206424,,,
3392a40c,Repurchase pause vs balance sheet liquidity in Q4 2023 for Iron Mountain (IRM).,Shareholder return,False,None,5,0.0,0.0,0.0,0.0,0.0,,5,1,3.926832927390933,,,
2485f7c7,"Impact of accounting judgments on eBay's rev growth & fin health, EBAY.",Accounting,False,None,5,0.2,1.0,1.0,1.0,1.0,1,5,1,3.5416659666225314,,,
8493de92,OI profitability for Alliant Energy Corp (LNT) utility segments in 2023 vs 2022.,Footnotes,False,None,5,0.2,1.0,1.0,1.0,1.0,1,5,1,4.414999973960221,,,
f348f796,"FAS shipping/handling recognition cash flow impact vs rev impact, ticker in the mix.",Accounting,False,None,5,0.0,0.0,0.0,0.0,0.0,,5,1,3.878209041431546,,,
de4cb0a8,Effects of CFO/GC changes at Ameren on perf. & risk mgmt.,Governance,False,None,5,0.0,0.0,0.0,0.0,0.0,,5,1,3.984167007729411,,,
c8107fb5,Oversight of cybersecurity integration at Evergy.,Risk,False,None,5,0.2,1.0,1.0,1.0,1.0,1,5,1,3.045374993234873,,,
45791de8,T. Rowe Price's growth via acquisitions & ventures enhances competitive positioning.,Company overview,False,None,5,0.0,0.0,0.0,0.0,0.0,,5,1,1.2324999552220106,,,
1d13611f,Impact of Amgen (AMGN) patent expirations vs. biosimilar revenue on growth & market share.,Company overview,False,None,5,0.2,1.0,1.0,1.0,1.0,1,5,1,4.074165946803987,,,
cabfd197,"For 2023, revenue from oil sales at Diamondback Energy is recorded as a percentage.",Financials,True,Division,5,0.2,1.0,1.0,1.0,1.0,1,5,1,6.609207950532436,,,
0831c38e,Impact on liquidity from PRU financing cash flow policyholder deposits & withdrawals.,Footnotes,False,None,5,0.0,0.0,0.0,0.0,0.0,,5,1,3.077165922150016,,,
f514dd06,Impact of higher repurchases on financing cash flow for LULU.,Shareholder return,False,None,5,0.0,0.0,0.0,0.0,0.0,,5,1,4.515624954365194,,,
da55096a,The impact of annual renewals liability on DRI surety bonds values is noteworthy.,Footnotes,False,None,5,0.0,0.0,0.0,0.0,0.0,,5,1,5.122249945998192,,,
c0e7f554,"EXC impact on near-term cash flow, liquidity & cap allocation, and legal settlements.",Legal,False,None,5,0.0,0.0,0.0,0.0,0.0,,5,1,3.9317499613389373,,,
4d205e83,Impact on rev margins from Stryker’s sales returns provisions during demand shifts.,Accounting,False,None,5,0.0,0.0,0.0,0.0,0.0,,5,1,3.2238749554380774,,,
69113c9d,Diff % in frontline vs mgr turnover improvement for Assurant.,Company overview,True,Subtract,5,0.2,1.0,1.0,1.0,1.0,1,5,1,2.849249984137714,,,
c77928fe,AAL's litigation risk vs peers' mitigations.,Legal,False,None,5,0.0,0.0,0.0,0.0,0.0,,5,1,0.6859590066596866,,,
33daeaa7,ORCL CAPEX trends for 2024 vs 2023 vs 2022 focus on growth invts.,Footnotes,False,None,5,0.0,0.0,0.0,0.0,0.0,,5,1,4.526040982455015,,,
2c234abc,Impact on cap structure & EPS from equity comp plan shares of Bunge Global SA.,Shareholder return,False,None,5,0.2,1.0,0.5,0.6309297535714575,1.0,2,5,1,4.6487090876325965,,,
67c0bc2a,"Lamb Weston Holdings faces cybersecurity risk mgmt. challenges that could affect its financial impact, considering its ticker symbol at the end.",Risk,False,None,5,0.0,0.0,0.0,0.0,0.0,,5,1,5.054292036220431,,,
080ee40b,JNPR 2023 NP margin calc.,Financials,True,Division,5,0.0,0.0,0.0,0.0,0.0,,5,1,1.411000033840537,,,
2a356cda,"Trends in ROST's share repurchase activity vs. confidence in mgmt's buyback programs, ROST.",Shareholder return,False,None,5,0.0,0.0,0.0,0.0,0.0,,5,1,2.7824999997392297,,,
bfbee6ec,CVS’s full-time workforce % and its talent dev. strategy.,Company overview,True,None,5,0.2,1.0,0.3333333333333333,0.5,1.0,3,5,1,3.14024998806417,,,
dd0c1676,Competitive risks to profitability and growth for HP Inc. (HPQ) are influenced by market dynamics and technological advancements.,Company overview,False,None,5,0.0,0.0,0.0,0.0,0.0,,5,1,5.935333087109029,,,
49d877bd,Gross vs net rev recognition impact on core biz & comp risks.,Accounting,False,None,5,0.0,0.0,0.0,0.0,0.0,,5,1,2.674542018212378,,,
e70c9940,Change in Zebra Tech's sell & mktg exp for 2022-23 reflects cost mgmt strategies; ZBRA.,Financials,True,Subtract,5,0.2,1.0,1.0,1.0,1.0,1,5,1,4.0227919816970825,,,
8cd7147a,FSLR rev rec contract terms net sales comparability.,Footnotes,False,None,5,0.0,0.0,0.0,0.0,0.0,,5,1,1.6029999824240804,,,
2e6c7446,Drivers of HSIC LT debt change from end-22 to end-23.,Financials,False,None,5,0.0,0.0,0.0,0.0,0.0,,5,1,4.4380000326782465,,,
84285353,Essex Property Trust's (ESS) full-time workforce influences its competitive positioning.,Company overview,True,None,5,0.0,0.0,0.0,0.0,0.0,,5,1,1.980084110982716,,,
bf770fa5,Insulet's (PODD) CAPEX evolution for 2022-2023 and strategic developments for the Malaysia facility.,Footnotes,False,None,5,0.2,1.0,0.5,0.6309297535714575,1.0,2,5,1,5.444208043627441,,,
80a834eb,WMT EDLP EDLC margin impact from omni-channel competition.,Company overview,False,None,5,0.2,1.0,1.0,1.0,1.0,1,5,1,1.7261250177398324,,,
cfd76afd,Variable consideration for volume incentives recognized under MAS rev.,Accounting,False,None,5,0.2,1.0,1.0,1.0,1.0,1,5,1,2.5147090200334787,,,
872d9129,Analysis of BEN third-party dist. risk/opp.,Company overview,False,None,5,0.0,0.0,0.0,0.0,0.0,,5,1,2.795416978187859,,,
51e07f0f,Product revenue for Teradyne (TER) saw a decline from 2022 to 2023.,Financials,True,Subtract,5,0.0,0.0,0.0,0.0,0.0,,5,1,5.866541061550379,,,
5bfcb475,Cybersecurity investor confidence in CG is shaping valuation metrics.,Risk,False,None,5,0.0,0.0,0.0,0.0,0.0,,5,1,2.770917024463415,,,
08117364,Union coverage at FE impacts labor costs.,Company overview,True,Division,5,0.0,0.0,0.0,0.0,0.0,,5,1,1.7342079663649201,,,
c2040c97,"Diversity in GM exec team, risk mgmt., and emerging mkts.",Governance,False,None,5,0.0,0.0,0.0,0.0,0.0,,5,1,3.4898340236395597,,,
a0e7d855,"Colgate-Palmolive (CL) global employee dist., rev. divers. & geo. risk.",Company overview,True,None,5,0.0,0.0,0.0,0.0,0.0,,5,1,1.0650840122252703,,,
0e783bd2,NOC COSO control assess impacts on investor confidence.,Governance,False,None,5,0.0,0.0,0.0,0.0,0.0,,5,2,1.9040829502046108,,,
0b2189b0,Avg revenue per employee impact of 0.5% staffing increase for TROW.,Company overview,True,Compositional,5,0.0,0.0,0.0,0.0,0.0,,5,1,3.9684580406174064,,,
2b4d9eea,"The influence of frameworks, audits, & incident tests on cash flow & risk mgmt. is critical for EMR.",Risk,False,None,5,0.0,0.0,0.0,0.0,0.0,,5,1,6.22233294416219,,,
a3269f2a,Capex allocation impact on future growth: operational vs. strategic at Copart (CPRT).,Footnotes,False,None,5,0.0,0.0,0.0,0.0,0.0,,5,1,2.931291935965419,,,
d7145d1f,Impact of declining trading volumes on operating cash risk at CME.,Footnotes,False,None,5,0.0,0.0,0.0,0.0,0.0,,5,1,4.637332982383668,,,
34e9614d,Analyzing overall employee count change while reviewing STERIS plc's dental segment.,Company overview,True,Compositional,5,0.0,0.0,0.0,0.0,0.0,,5,1,1.2599999317899346,,,
42d7e4ad,Regulatory risks for ABNB impact costs and long-term growth.,Legal,False,None,5,0.0,0.0,0.0,0.0,0.0,,5,1,4.132666974328458,,,
196d7add,Analysis of liquidity flex with $846M cash allocation for Gen Digital.,Footnotes,False,None,5,0.0,0.0,0.0,0.0,0.0,,5,1,4.382167011499405,,,
35badeea,Liquidity risks from unrecorded liabilities in HRL litigation.,Legal,False,None,5,0.0,0.0,0.0,0.0,0.0,,5,1,3.177833976224065,,,
ef1b885e,HII's cybersecurity leadership offers operational benefits & a competitive edge.,Risk,False,None,5,0.0,0.0,0.0,0.0,0.0,,5,1,2.184709068387747,,,
f919e4a5,"Trends in operating, variable, and short-term lease exp. from MTD 2021-2023 and their impact on profitability, ticker.",Footnotes,False,None,5,0.0,0.0,0.0,0.0,0.0,,5,1,6.960875005461276,,,
7129c382,Competitor consolidation impacts on VeriSign (VRSN) financials & positioning.,Company overview,False,None,5,0.0,0.0,0.0,0.0,0.0,,5,1,1.564375008456409,,,
b72c5ca7,"T-Mobile US's repurchase timing, TMO, along with pricing, has implications on capital structure and market position.",Governance,False,None,5,0.0,0.0,0.0,0.0,0.0,,5,1,5.056749912910163,,,
18c29fe0,Trends in operating CF adjustments from 2021-23 for Essex Property Trust impact (ESS).,Footnotes,False,None,5,0.2,0.5,0.5,0.38685280723454163,0.7607308584686775,2,5,2,4.983415943570435,,,
d6a74250,Q4 insider sentiment for MKTX.,Governance,False,None,5,0.0,0.0,0.0,0.0,0.0,,5,1,1.584709039889276,,,
4f8e604d,WD's cost efficiency measures vs STX & TOS.,Company overview,False,None,5,0.0,0.0,0.0,0.0,0.0,,5,1,0.7247920148074627,,,
66cfb412,"Post-cyber incident controls at Prudential Financial are applied to mitigate financial risks, PRU.",Risk,False,None,5,0.2,1.0,1.0,1.0,1.0,1,5,1,4.3032909743487835,,,
0ac81b90,Liquidity sustainability for Deckers (DECK) amidst volatility in op cash flow.,Financials,False,None,5,0.0,0.0,0.0,0.0,0.0,,5,1,3.3274999586865306,,,
5ac4b6ee,"BKR's cybersecurity spend impact on growth, financial health & cap allocation.",Risk,False,None,5,0.0,0.0,0.0,0.0,0.0,,5,1,2.781333983875811,,,
bf2ba2ab,Calculation of net contribution from Mortgage Banking for NVR 2023.,Financials,True,Subtract,5,0.2,1.0,1.0,1.0,1.0,1,5,1,4.779458045959473,,,
2af10bc3,"Impact of EPRT board diversity on growth & positioning, EPRT.",Governance,False,None,5,0.0,0.0,0.0,0.0,0.0,,5,1,3.598207957111299,,,
dcf82462,"Cybersecurity oversight by the HRL leadership board impacts investor confidence & valuation, HRL.",Risk,False,None,5,0.0,0.0,0.0,0.0,0.0,,5,1,3.401458030566573,,,
fa82d657,BF.B - Completion of Brown-Forman repurchase and key dates in late 2023.,Shareholder return,False,None,5,0.0,0.0,0.0,0.0,0.0,,5,1,5.2708330331370234,,,
8fe36be5,Core svc profitability excl. trans & transformation costs for WLTW operating margin.,Financials,True,Compositional,5,0.0,0.0,0.0,0.0,0.0,,5,1,2.6403749361634254,,,
c5664588,"Exec tenure at Costco affects stability & profitability, COST.",Governance,False,None,5,0.0,0.0,0.0,0.0,0.0,,5,1,1.530459034256637,,,
3a2fc318,Oct-Nov 2023 repurchase details vs FY 2023 for IDEX Corp.,Shareholder return,False,None,5,0.0,0.0,0.0,0.0,0.0,,5,2,2.6678330032154918,,,
8a4d6b83,How do changes in bundled service delivery impact revenue and profitability for INTU?,Accounting,False,None,5,0.0,0.0,0.0,0.0,0.0,,5,1,4.970832960680127,,,
155b0d36,McDonald's (MCD) cybersecurity risk mngmt significantly impacts op. continuity & profitability.,Risk,False,None,5,0.0,0.0,0.0,0.0,0.0,,5,1,0.8243749616667628,,,
62cd8482,Impact of ASC606 on unbilled sales rev for FirstEnergy Corp (FE) recognition.,Accounting,False,None,5,0.2,1.0,0.25,0.43067655807339306,1.0,4,5,1,4.192832973785698,,,
bdba0767,PYPL's board oversight on cybersecurity impacts investor confidence & valuation.,Risk,False,None,5,0.0,0.0,0.0,0.0,0.0,,5,1,2.2363750031217933,,,
f3e43dc3,Trust balance L rate volatility vs guarantee liabilities.,Legal,False,None,5,0.0,0.0,0.0,0.0,0.0,,5,1,1.004750025458634,,,
a2cb7d05,Peer comparison on cybersecurity investment (LEN) reveals competitive positioning and highlights digital risk.,Risk,False,None,5,0.0,0.0,0.0,0.0,0.0,,5,1,3.4295000368729234,,,
79713bb8,"In 2023, Extra Space Storage (EXR) mgmt. has a view on stock valuation and fin. health without share repurchases.",Shareholder return,False,None,5,0.0,0.0,0.0,0.0,0.0,,5,1,6.44575001206249,,,
4888e693,"The impact of workforce diversity at Fiserv on competitiveness and talent acquisition is significant, FISV.",Company overview,True,None,5,0.0,0.0,0.0,0.0,0.0,,5,1,6.665625027380884,,,
710aefd3,Impact of growth on supply chain resiliency for EXPD.,Company overview,False,None,5,0.2,1.0,1.0,1.0,1.0,1,5,1,4.143874975852668,,,
fb3bd0ae,Impact on cap alloc & cash flow from Ulta's dual CFO/Trea.,Governance,False,None,5,0.0,0.0,0.0,0.0,0.0,,5,1,2.919750055298209,,,
4119482a,"RCL's cash flow, ticker RCL, vs. capex, compared to cruise industry peers.",Company overview,False,None,5,0.0,0.0,0.0,0.0,0.0,,5,1,2.6972920168191195,,,
0ea050ed,Timing of WDC board & exec approval impacts reporting & governance.,Governance,False,None,5,0.0,0.0,0.0,0.0,0.0,,5,1,2.9570419574156404,,,
659dc86a,"How did net income for KLA Corporation (KLAC) shift from 2023 to 2024, and what was the effect of unique items?",Financials,True,Subtraction,5,0.2,1.0,1.0,1.0,1.0,1,5,1,8.91758396755904,,,
09843496,"CPT 2023 breakdown of prop dev & capex, ticker included.",Footnotes,False,None,5,0.0,0.0,0.0,0.0,0.0,,5,1,3.0588749796152115,,,
0ff54d8c,ROK's repurchase cap outlay for Q3 2024 vs $1B auth.,Shareholder return,False,None,5,0.0,0.0,0.0,0.0,0.0,,5,1,2.4115419946610928,,,
2cb9707d,Non-cash adj for NI to Ops CF & sustainability at Parker-Hannifin.,Footnotes,False,None,5,0.0,0.0,0.0,0.0,0.0,,5,2,3.8778750458732247,,,
304d57b9,Implications of employee turnover and avg service on ops efficiency risk mtg for Teledyne Technologies.,Company overview,True,None,5,0.0,0.0,0.0,0.0,0.0,,5,1,5.365667049773037,,,
2a8d2244,Impact of board demographics & tenure on stability and market response for Humana (HUM).,Governance,False,None,5,0.0,0.0,0.0,0.0,0.0,,5,1,5.420333007350564,,,
76ae790b,Near-term construction commitments for Realty Income vs. long-term growth strategy and rental mkt positioning.,Legal,False,None,5,0.0,0.0,0.0,0.0,0.0,,5,1,4.24854108132422,,,
a8300795,Cboe's legal proceedings and loss accrual criteria disclosures.,Legal,False,None,5,0.2,1.0,0.3333333333333333,0.5,1.0,3,5,1,2.656750031746924,,,
9435966b,AMZN's supplier term strategy & scale impact on margins and competitive positioning.,Company overview,False,None,5,0.0,0.0,0.0,0.0,0.0,,5,1,3.591249929741025,,,
a9938d07,The impact of the AXP TRIS program on capital allocation and financial health is noteworthy.,Risk,False,None,5,0.2,1.0,1.0,1.0,1.0,1,5,1,6.737541989423335,,,
be1ebdad,FY23 share repurchase vol. & avg. price for JNPR.,Shareholder return,False,None,5,0.0,0.0,0.0,0.0,0.0,,5,1,2.3451249580830336,,,
a1fd5d30,Impact of Garmin (GRMN) exec team diversity on ops & profitability.,Governance,False,None,5,0.0,0.0,0.0,0.0,0.0,,5,1,3.3124590991064906,,,
15c80065,"Evolving capital allocation in EA's repurchase program, EA.",Shareholder return,False,None,5,0.0,0.0,0.0,0.0,0.0,,5,1,2.832291997037828,,,
1c14679a,Highest female non-service region for CVX & implications of gender diversity strategy.,Company overview,True,None,5,0.2,1.0,1.0,1.0,1.0,1,5,1,3.838916076347232,,,
3e67415a,Rev rec estimate review protocols & future impact for NDAQ.,Accounting,False,None,5,0.0,0.0,0.0,0.0,0.0,,5,1,2.3629580391570926,,,
83e054ad,SG&A % of rev for XOM in 2023.,Financials,True,Multiplication,5,0.0,0.0,0.0,0.0,0.0,,5,1,5.381832947023213,,,
6af10ede,Liquidity & short-term op flexibility impact due to cash decline for ICE 2022-2023.,Financials,False,None,5,0.0,0.0,0.0,0.0,0.0,,5,2,5.228374968282878,,,
2f409436,EPS ratio analysis for Moderna in 2023 vs. 2022 shows performance metrics worth noting.,Financials,True,Division,5,0.0,0.0,0.0,0.0,0.0,,5,1,4.503791918978095,,,
9ca3ead9,ROA cap impact on pricing power & revenue stability for CMS Energy.,Company overview,False,None,5,0.2,1.0,1.0,1.0,1.0,1,5,1,3.0945419566705823,,,
73cf193f,Jabil - headcount segmentation validation & its fin. and op. impact.,Company overview,True,Subtract,5,0.0,0.0,0.0,0.0,0.0,,5,1,2.638125093653798,,,
f04742d4,"Loss/legal cost estimation methods for O'Reilly Automotive, ticker ASC450-20.",Legal,False,None,5,0.0,0.0,0.0,0.0,0.0,,5,1,2.759833005256951,,,
c61bae06,Liquidity & capex ratio for Autodesk (ADSK) as of Jan 2024.,Footnotes,False,None,5,0.0,0.0,0.0,0.0,0.0,,5,1,4.3605410028249025,,,
2b95c22b,"Utilization of buyback plan by J.B. Hunt, ticker JBHT, indicates strategic capital allocation.",Shareholder return,False,None,5,0.0,0.0,0.0,0.0,0.0,,5,1,3.6892079515382648,,,
50e8a17d,"Impact of DE&I HR strategy on board oversight, competitive positioning, and stability. Ticker in last position.",Company overview,True,None,5,0.2,1.0,0.2,0.38685280723454163,1.0,5,5,1,5.828000023029745,,,
ed285df6,"First Solar's CdTe tech offers a competitive edge over c-Si modules, FSLR.",Governance,False,None,5,0.2,1.0,1.0,1.0,1.0,1,5,1,2.142125042155385,,,
b7c0b549,WMB; capacity/reliability/pricing analysis in NG trans & storage for future growth.,Company overview,False,None,5,0.2,1.0,0.25,0.43067655807339306,1.0,4,5,1,3.495875047519803,,,
df5a87c0,2023 vs 2024 trends for pipeline precon spend mega campus.,Footnotes,False,None,5,0.2,1.0,1.0,1.0,1.0,1,5,1,3.0614580027759075,,,
8e00feea,SRE exec confidence in Rule 10b5-1 supports long-term growth stability.,Governance,False,None,5,0.2,1.0,0.25,0.43067655807339306,1.0,4,5,1,3.072999999858439,,,
983fe7a1,"Projections for growth, valuation impact and competitive dynamics of SPGI.",Company overview,False,None,5,0.0,0.0,0.0,0.0,0.0,,5,1,4.2932500364258885,,,
92342eda,ULTA's omnichannel strat: rev & risk impact from physical vs digital.,Governance,False,None,5,0.2,1.0,1.0,1.0,1.0,1,5,1,1.929249963723123,,,
30c54f71,"Revvity labor risks: global workforce, ticker union impact, turnover factors.",Company overview,True,None,5,0.0,0.0,0.0,0.0,0.0,,5,1,1.539084012620151,,,
03b929e0,"Impact of Danaher's prog. rev. rec. on profitability & cash flow, DHR.",Accounting,False,None,5,0.0,0.0,0.0,0.0,0.0,,5,1,3.5698750289157033,,,
ce1f4e0e,TTWO's workforce & talent dev. significantly impacts its comp. positioning & innovation.,Company overview,True,None,5,0.0,0.0,0.0,0.0,0.0,,5,1,1.1157500557601452,,,
7d32cfeb,W.W. Grainger's lease structure affects recurring cash outflows.,Footnotes,False,None,5,0.2,1.0,0.3333333333333333,0.5,1.0,3,5,1,0.9545410284772515,,,
a2997303,"CarMax's rev streams & risk/reserve adj. include fluctuating demand, pricing pressures, and inventory mgmt., which may affect overall performance.",Accounting,False,None,5,0.0,0.0,0.0,0.0,0.0,,5,1,4.2317090556025505,,,
3a2196bd,OP cash flow comparison for 2023 vs 2022 along with efficiency indicators for ServiceNow (SNOW).,Footnotes,False,None,5,0.0,0.0,0.0,0.0,0.0,,5,2,4.277958068996668,,,
eda299d8,ZBH's debt struct. for 2022-2023 impacts liquidity.,Financials,False,None,5,0.0,0.0,0.0,0.0,0.0,,5,1,3.384375013411045,,,
0e2f8437,Capex split for EIX: traditional vs wildfire mitigation.,Footnotes,False,None,5,0.2,1.0,0.3333333333333333,0.5,1.0,3,5,1,1.712416997179389,,,
c5ebf903,"The impact of key signatories from Ameriprise Financial on cap alloc and risk mgmt, ticker in focus.",Governance,False,None,5,0.0,0.0,0.0,0.0,0.0,,5,1,7.341542048379779,,,
be3b1c90,Rollins branch office employee concentration's impact on operational efficiency and customer retention.,Company overview,True,None,5,0.2,1.0,1.0,1.0,1.0,1,5,1,3.489374998025596,,,
2bed47cb,Dec vs Nov '23 WAB repurchase price trend & market timing.,Shareholder return,False,None,5,0.0,0.0,0.0,0.0,0.0,,5,1,1.3820419553667307,,,
73c5b186,Diversity target calc for AAPL leadership goes here.,Company overview,True,Compositional,5,0.0,0.0,0.0,0.0,0.0,,5,1,1.8275410402566195,,,
64fd35f4,Monster Beverage’s D&I and talent dev. initiatives provide a long-term competitive edge for its global workforce.,Company overview,True,None,5,0.0,0.0,0.0,0.0,0.0,,5,1,5.5184169905260205,,,
42a3eae0,PANW's S&M spend significantly affects its competitiveness and drives market share/rev growth.,Company overview,False,None,5,0.0,0.0,0.0,0.0,0.0,,5,1,3.410208038985729,,,
fa7b3788,FX adj. on Deere's (DE) warranty liab. & hedging implications.,Footnotes,False,None,5,0.2,1.0,1.0,1.0,1.0,1,5,1,1.542625017464161,,,
956b65ab,"Trends in the refinancing mkt for UPS fixed-rate senior notes 2022-2023, UPS.",Financials,False,None,5,0.0,0.0,0.0,0.0,0.0,,5,1,5.736083025112748,,,
2717f745,Principle & interest timeline for MSFT long-term debt structure in 2025 vs. beyond.,Financials,False,None,5,0.0,0.0,0.0,0.0,0.0,,5,1,4.087583045475185,,,
af9f9651,"Tax benefits, cash outlays, and risks impact Steel Dynamics.",Footnotes,False,None,5,0.2,1.0,0.25,0.43067655807339306,1.0,4,5,1,3.0059999553486705,,,
8aaa3f91,DE&I impact of PAYX on comp. positioning & LT operational stability.,Company overview,True,None,5,0.2,1.0,0.3333333333333333,0.5,1.0,3,5,1,3.448124974966049,,,
d75facea,Market liquidity risks for Revvity's internal funds may impact working capital.,Financials,False,None,5,0.0,0.0,0.0,0.0,0.0,,5,1,3.511333023197949,,,
ce5ac850,Investment decision mgmt. background in Aon capital allocation.,Governance,False,None,5,0.2,1.0,0.5,0.6309297535714575,1.0,2,5,1,2.6390409329906106,,,
4373d2f8,"Amidst global competitive pressures, Cincinnati Financial (CINF) is differentiating itself.",Company overview,False,None,5,0.0,0.0,0.0,0.0,0.0,,5,1,2.3573340149596334,,,
1e719aea,Legal proceedings financial impact disclosures for Aptiv PLC.,Legal,False,None,5,0.0,0.0,0.0,0.0,0.0,,5,1,2.832499914802611,,,
b4d591d8,Risk-reward of ISRG's capex in light of macro trends.,Footnotes,False,None,5,0.0,0.0,0.0,0.0,0.0,,5,2,3.3045830205082893,,,
1464730f,CZR's board expertise dist. impacts risk mgmt & profitability at Cons. Edison.,Governance,False,None,5,0.0,0.0,0.0,0.0,0.0,,5,1,1.9013750134035945,,,
849434bc,"Impact on capex, profitability & rate adjustments from EVS contract structure timing for ticker.",Footnotes,False,None,5,0.0,0.0,0.0,0.0,0.0,,5,1,3.8683749735355377,,,
0b916241,EPS * shares vs. NCLH net income comparison.,Financials,True,Multiplication,5,0.0,0.0,0.0,0.0,0.0,,5,1,1.6284579178318381,,,
08326489,RTX's cust fin receipts/payments affect inv CF & risk mgmt.,Footnotes,False,None,5,0.0,0.0,0.0,0.0,0.0,,5,2,0.9301250101998448,,,
2c45fddc,"Capital allocation strategy for ANSYS, ticker ANSS, includes repurchase figures.",Shareholder return,False,None,5,0.0,0.0,0.0,0.0,0.0,,5,1,2.6334169087931514,,,
0d177134,Impact of Allegion's tech integration on market share growth.,Company overview,False,None,5,0.0,0.0,0.0,0.0,0.0,,5,1,3.8730000378564,,,
e29bf567,"Cencora's net cash outflow from invest. activities and growth strategy focus on boosting ROI, TKR: CEN.",Footnotes,False,None,5,0.0,0.0,0.0,0.0,0.0,,5,1,4.717874922789633,,,
aead9fb8,"Insights from GD CFO/Controller on capital allocation, financial health & risk mgmt, focusing on ticker for strategic evaluation.",Governance,False,None,5,0.0,0.0,0.0,0.0,0.0,,5,1,4.669415997341275,,,
ade75eb1,Medtronic's (MDT) sanctions compliance influence on its financial risk profile.,Governance,False,None,5,0.2,1.0,0.5,0.6309297535714575,1.0,2,5,1,2.9885830590501428,,,
668b927a,"Refinancing risks, capital structure, and maturities for NDAQ.",Financials,False,None,5,0.0,0.0,0.0,0.0,0.0,,5,1,3.3543750178068876,,,
588bf70b,Litigation liabilities vs. earnings cash reserves for TSLA.,Legal,False,None,5,0.0,0.0,0.0,0.0,0.0,,5,1,2.6579590048640966,,,
1d15c95f,Employee investment by AmEx impacts talent retention.,Company overview,True,None,5,0.0,0.0,0.0,0.0,0.0,,5,1,1.7847499111667275,,,
a0f08119,ONEOK's HC efficiency & growth strat.,Company overview,True,None,5,0.0,0.0,0.0,0.0,0.0,,5,1,0.26412494480609894,,,
d9037289,Dual roles on HSY board & oversight impact.,Governance,False,None,5,0.0,0.0,0.0,0.0,0.0,,5,1,2.386874984949827,,,
84eb41e4,Ticker AMETEK focuses on cybersecurity governance to mitigate financial risk.,Risk,False,None,5,0.2,1.0,1.0,1.0,1.0,1,5,1,3.8459589704871178,,,
49f441e1,"Impact of tech innovation & R&D on competitiveness and long-term outlook, MSI.",Company overview,False,None,5,0.0,0.0,0.0,0.0,0.0,,5,1,4.655209020711482,,,
9a435726,Impact of Kenvue's enviro litigation on cap allocation & growth.,Legal,False,None,5,0.2,1.0,0.25,0.43067655807339306,1.0,4,5,1,3.3792080357670784,,,
5cb096e1,$QCOM near-term $9.6B obligations liquidity & WC impact.,Footnotes,False,None,5,0.0,0.0,0.0,0.0,0.0,,5,1,1.5223330119624734,,,
98e1ac08,Impact of GL profitability from proportional premium recognition on short-duration health contracts.,Accounting,False,None,5,0.2,1.0,1.0,1.0,1.0,1,5,1,4.3025839840993285,,,
103fc818,Estimation methodologies for legal contingency loss (ticker) under ES.,Legal,False,None,5,0.0,0.0,0.0,0.0,0.0,,5,1,2.5462500052526593,,,
9c01e59c,Competitor mix impact on pricing & positioning for NRG Energy (NRG).,Company overview,False,None,5,0.0,0.0,0.0,0.0,0.0,,5,1,2.8602919774129987,,,
37736ba6,Impact of legal proceedings on risk profile vs peers for ENPH.,Legal,False,None,5,0.0,0.0,0.0,0.0,0.0,,5,1,4.259667010046542,,,
88d43395,IQVIA's growth commitments post-acquisition may impact profitability.,Footnotes,False,None,5,0.0,0.0,0.0,0.0,0.0,,5,1,1.735582947731018,,,
4abc8ba5,Arch Capital's cybersecurity oversight committees navigate risks while ensuring robust governance.,Risk,False,None,5,0.0,0.0,0.0,0.0,0.0,,5,1,1.5544999623671174,,,
c6e04e23,Impact of multi-element sponsorship rev rec forecast for LYV.,Accounting,False,None,5,0.2,1.0,1.0,1.0,1.0,1,5,1,3.1635829946026206,,,
ba839e0d,"net proceeds from investments in 2023 vs 2022, strategy insights for Edwards Lifesciences (EW)",Footnotes,False,None,5,0.0,0.0,0.0,0.0,0.0,,5,1,5.616624956019223,,,
8d7862d5,"Repurchase % for ECL Dec 2023 vs. program, capital alloc focus for ticker.",Shareholder return,False,None,5,0.0,0.0,0.0,0.0,0.0,,5,1,3.2412080327048898,,,
eb857404,"SRE rev rec timing: cost-based reg recoveries, balancing accts, actual vs auth cost devs, ticker.",Accounting,False,None,5,0.2,1.0,1.0,1.0,1.0,1,5,1,1.5723340911790729,,,
ce12254b,"Exec age & experience affect long-term strategy and risk mgmt, F5.",Governance,False,None,5,0.0,0.0,0.0,0.0,0.0,,5,1,3.4080420155078173,,,
fdf63f2e,Mosaic Co. (MOS) faces raw material purchase obligations impacting supply chain and working capital risks.,Footnotes,False,None,5,0.2,1.0,1.0,1.0,1.0,1,5,1,3.4291670890524983,,,
7c394f3f,TDG's ROI on cybersecurity investment & its competitive impact.,Risk,False,None,5,0.0,0.0,0.0,0.0,0.0,,5,1,2.602374996058643,,,
48ed8be0,Impact of AVB lease obligations on op flex & profitability.,Footnotes,False,None,5,0.0,0.0,0.0,0.0,0.0,,5,1,3.489707945846021,,,
ca2c479c,Rev rec control transfer crit. consis. in contracts for SHW.,Accounting,False,None,5,0.0,0.0,0.0,0.0,0.0,,5,1,3.3847909653559327,,,
8185bded,Oracle (ORCL) cybersecurity policies influence investor confidence & long-term growth.,Risk,False,None,5,0.2,1.0,0.3333333333333333,0.5,1.0,3,5,1,1.3958340277895331,,,
a4be2d71,Corp gov oversight by Kenvue's board comp.,Governance,False,None,5,0.2,1.0,0.25,0.43067655807339306,1.0,4,5,1,1.8160829786211252,,,
322710d5,"CAPX strategy of AMETEK impacts productivity, thereby affecting competitiveness and growth.",Footnotes,False,None,5,0.0,0.0,0.0,0.0,0.0,,5,1,3.48116597160697,,,
e6224c86,"NXPI's revenue rec, shipment, legal title, cash flow, & working capital impact.",Accounting,False,None,5,0.0,0.0,0.0,0.0,0.0,,5,1,2.2204170236364007,,,
614bc02c,Timing of LIHTC asset sale in RJF project partnership contracts impacts capital allocation & liquidity for investors; ticker at last.,Footnotes,False,None,5,0.2,1.0,1.0,1.0,1.0,1,5,1,5.72520901914686,,,
7bd35d58,"Ventas Inc, monitoring of cybersecurity controls & reporting to the board.",Risk,False,None,5,0.0,0.0,0.0,0.0,0.0,,5,1,5.181542015634477,,,
e88455e9,"State Street's JV consolidation, impacting headcount in India, could influence competitive positioning (TICKER) and drive long-term growth.",Company overview,True,None,5,0.2,1.0,0.25,0.43067655807339306,1.0,4,5,1,4.053333075717092,,,
add9c55f,Hourly headcount & staffing mix flex impact at BorgWarner.,Company overview,True,Subtract,5,0.0,0.0,0.0,0.0,0.0,,5,1,1.4169160276651382,,,
4a7da3fa,Axon (AAXN) board comp: exec vs ind ratios.,Governance,False,None,5,0.0,0.0,0.0,0.0,0.0,,5,1,0.6384999724105,,,
fc725ce9,Ball Corp's funding metrics via op. cash flow & borrowings support growth & debt svc.,Footnotes,False,None,5,0.2,1.0,1.0,1.0,1.0,1,5,1,1.6702499706298113,,,
cfbb8927,Changes in TFX returns & rebates reserve impact rev.,Accounting,False,None,5,0.2,1.0,0.5,0.6309297535714575,1.0,2,5,1,2.509083948098123,,,
91e4457d,Chevron's (CVX) cap allocation impacts the competitive pet/petro landscape on balanced exp/tech/refining investments.,Company overview,False,None,5,0.2,1.0,1.0,1.0,1.0,1,5,1,3.484833985567093,,,
7abe4278,AKAM's legal proceedings may affect profitability and capital allocation.,Legal,False,None,5,0.0,0.0,0.0,0.0,0.0,,5,1,3.2991659827530384,,,
cf1132f1,"For RMD, scheduled diversification can impact liquidity and result in dilution.",Governance,False,None,5,0.0,0.0,0.0,0.0,0.0,,5,1,4.555625026114285,,,
8c7d8c55,MDT - Cybersecurity risks from Medtronic impact ERM (Enterprise Risk Management) capital allocation & mitigation strategies.,Risk,False,None,5,0.2,1.0,0.5,0.6309297535714575,1.0,2,5,1,3.084292053245008,,,
5a2cbe28,Impact of SBUX cybersecurity policy on liabilities and long-term growth.,Risk,False,None,5,0.0,0.0,0.0,0.0,0.0,,5,1,4.893583012744784,,,
5a9a0a83,"Competitive positioning of Moderna mRNA and strategic collaborations contrasted with growth trajectories of Pfizer/BioNTech, ticker at the end.",Company overview,False,None,5,0.2,1.0,1.0,1.0,1.0,1,5,1,5.647666985169053,,,
ea919e7d,Op inc margin for JCI restructuring impairment in 2024 vs 2023/2022.,Financials,True,Compositional,5,0.0,0.0,0.0,0.0,0.0,,5,1,4.975666990503669,,,
2344e0e3,Impact of CAT geo/product mix on rev & profit.,Company overview,False,None,5,0.0,0.0,0.0,0.0,0.0,,5,1,3.388624987564981,,,
15b19f69,CARR's cybersecurity committees focus on operational resilience & financial protection.,Risk,False,None,5,0.0,0.0,0.0,0.0,0.0,,5,1,2.7442920254543424,,,
f089f070,"Decline drivers for Qorvo capex in FY23-24, QRVO.",Footnotes,False,None,5,0.0,0.0,0.0,0.0,0.0,,5,1,2.885333029553294,,,
0bb56f71,3rd Party Risk Mgmt by GL proactively impacts competitive positioning & shareholder value.,Risk,False,None,5,0.0,0.0,0.0,0.0,0.0,,5,1,2.2954579908400774,,,
f244030e,MCO 2024 future min. payments breakdown & near-term obligations.,Footnotes,False,None,5,0.0,0.0,0.0,0.0,0.0,,5,1,2.0605410682037473,,,
aa4241d2,Albemarle Corp's multi-obligations SSP allocation conditions.,Accounting,False,None,5,0.0,0.0,0.0,0.0,0.0,,5,1,0.85108308121562,,,
5171593a,"The impact of RL cybersecurity risk mgt on financials, particularly for the ticker, shows a significant correlation.",Risk,False,None,5,0.0,0.0,0.0,0.0,0.0,,5,1,6.074000033549964,,,
9df97ba7,PNW veteran rep % gap affects labor stability & competitiveness.,Company overview,True,Compositional,5,0.0,0.0,0.0,0.0,0.0,,5,1,0.17800007481127977,,,
834527e3,2023 GPN cost of service/revenue ratio?,Financials,True,Division,5,0.0,0.0,0.0,0.0,0.0,,5,1,3.6971670342609286,,,
8b8617b6,"Corteva's CEO discussed M&A effects on growth & profitability after 2021, CTVA.",Governance,False,None,5,0.2,1.0,1.0,1.0,1.0,1,5,1,3.2755000283941627,,,
dbecd760,Impact on engagement/int. mgmt. from AKAM sales + admin allocation.,Company overview,True,Addition,5,0.0,0.0,0.0,0.0,0.0,,5,1,2.843291964381933,,,
15cec13e,EPS change for ResMed (RMD) from 2023-2024 and its impact on earnings quality.,Financials,True,Compositional,5,0.0,0.0,0.0,0.0,0.0,,5,1,6.32495793979615,,,
2240dfc4,P&G’s financing activities affect liquidity & cash.,Footnotes,False,None,5,0.0,0.0,0.0,0.0,0.0,,5,1,1.6576250782236457,,,
3ad38596,"Ticker trends for Paychex legal disputes indicate an increasing frequency, which may impact future resolutions significantly.",Legal,False,None,5,0.0,0.0,0.0,0.0,0.0,,5,1,4.115917021408677,,,
562bd7c8,10-yr retirement % of mgmt & impact on succession planning at Constellation Energy Corp (CEG),Company overview,True,Division,5,0.0,0.0,0.0,0.0,0.0,,5,1,4.119666991755366,,,
a8eafb25,Hershey's (HSY) legal claims freq. & risk shifts.,Legal,False,None,5,0.0,0.0,0.0,0.0,0.0,,5,1,0.966459047049284,,,
a7aeba4a,"Impact of T. Rowe Price's diversified channels on risk mgmt & financial health, TROW.",Governance,False,None,5,0.2,1.0,1.0,1.0,1.0,1,5,1,4.234791034832597,,,
c4fbe305,AIG's 2023 op. margin reflects core efficiency.,Financials,True,Compositional,5,0.2,1.0,0.2,0.38685280723454163,1.0,5,5,1,1.6467500245198607,,,
af9492a5,"Impact on profitability and growth of clear aligner/scanner revenue recognition, cost structure, and discounting for ALGN.",Accounting,False,None,5,0.2,1.0,1.0,1.0,1.0,1,5,1,5.379916983656585,,,
08de8104,"NII, FTP credit/charge rates impact for FIFTH THIRD BANCORP.",Footnotes,False,None,5,0.6,0.75,1.0,0.8318724637288826,0.667784464146263,1,5,4,2.5677919620648026,,,
170afe62,"UnitedHealth Group's board roles oversee financial profitability, notably for ticker UNH.",Governance,False,None,5,0.2,1.0,1.0,1.0,1.0,1,5,1,2.944084000773728,,,
82cc7270,Capex trends & strategy for GWW 2024 vs FY.,Footnotes,False,None,5,0.0,0.0,0.0,0.0,0.0,,5,1,2.495791995897889,,,
3b5d6452,"VTRS impact of NIST framework on ops stability, risk mgmt & profitability.",Risk,False,None,5,0.0,0.0,0.0,0.0,0.0,,5,1,3.4111670684069395,,,
0f41b58e,S&A exp for Hubbell (HUBB) 2021-2023: focus on cost ctrl.,Financials,True,Subtract,5,0.2,1.0,0.3333333333333333,0.5,1.0,3,5,1,5.287167034111917,,,
0636e3c9,"HSY, analyze raw material cost commitments & purchase obligations timeline.",Footnotes,False,None,5,0.0,0.0,0.0,0.0,0.0,,5,1,1.7492499900981784,,,
641126f0,BAC's deferred taxes on loans held-for-sale impact its risk profile and mkt positioning.,Footnotes,False,None,5,0.2,1.0,0.2,0.38685280723454163,1.0,5,5,1,4.815208027139306,,,
c6601f46,SLB's $1.7B repurchase program Q vs significance.,Shareholder return,False,None,5,0.2,1.0,1.0,1.0,1.0,1,5,1,0.9483330650255084,,,
7978c6df,2023 rev comp reconciliation for NDAQ.,Financials,True,Addition,5,0.0,0.0,0.0,0.0,0.0,,5,1,2.517875051125884,,,
8f7bac2f,Risk to growth and financial health stems from adverse legal judgments; AAPL.,Legal,False,None,5,0.0,0.0,0.0,0.0,0.0,,5,1,4.82837506569922,,,
bfb899e0,Timing of ODFL's repurchase programs and interplay w/ new program start.,Shareholder return,False,None,5,0.0,0.0,0.0,0.0,0.0,,5,1,4.013999947346747,,,
6c8d9611,"Carrier Global's contractual obligations lead to a decline in restricted cash, CARR.",Footnotes,False,None,5,0.2,1.0,0.25,0.43067655807339306,1.0,4,5,1,4.694040981121361,,,
117af04e,Inclusive workforce culture enhances competitive positioning for HBAN.,Company overview,True,None,5,0.2,1.0,0.2,0.38685280723454163,1.0,5,5,1,2.079457975924015,,,
cc559f72,Dividend payout ratios and cap allocation signals for XOM during 2021-23.,Financials,True,Compositional,5,0.0,0.0,0.0,0.0,0.0,,5,1,3.7665829295292497,,,
eab03655,The impact of cybersecurity measures on VMC's risk profile and profitability.,Risk,False,None,5,0.0,0.0,0.0,0.0,0.0,,5,1,5.298458971083164,,,
0a19c044,Calc cost of sales & avg inventory for Viatris (VTRS) FY23 FY22 to find inventory turnover.,Financials,False,None,5,0.2,0.5,1.0,0.6131471927654584,0.684923076923077,1,5,2,4.610041971318424,,,
03c84735,Align Tech's financial stability amid cybersecurity ops.,Risk,False,None,5,0.0,0.0,0.0,0.0,0.0,,5,1,1.212666044011712,,,
7ee20504,Employee headcount gap US vs UK for UHS has regional scale implications.,Company overview,True,Subtract,5,0.0,0.0,0.0,0.0,0.0,,5,1,2.604583976790309,,,
3a89d5b5,M&A integration risks for WBD impact growth.,Footnotes,False,None,5,0.0,0.0,0.0,0.0,0.0,,5,1,2.994125010445714,,,
4ceaa1d3,"UDR's CAPEX growth was driven by strategic renovations & NOI enhancements, playing a key role in boosting asset quality & rental strategy.",Footnotes,False,None,5,0.2,1.0,1.0,1.0,1.0,1,5,1,4.458499955944717,,,
9d8c6633,"Trends in Gilead's (GILD) oncology segment, including Yescarta & Trodelvy, impact product sales growth for 2023 vs. 2022/2021.",Footnotes,False,None,5,0.2,0.5,1.0,0.6131471927654584,0.7163736496504978,1,5,2,5.947415949776769,,,
e6ceb3b0,Cost-to-cost rev rec timing & estimate risk for POC at L3Harris.,Accounting,False,None,5,0.2,1.0,1.0,1.0,1.0,1,5,1,4.0315830847248435,,,
1ffceab8,Drivers of LT debt at Amgen and the impact on leverage.,Financials,False,None,5,0.0,0.0,0.0,0.0,0.0,,5,1,5.639667040668428,,,
7a265d68,2023 GPM net sales vs cost mix for WTRC.,Financials,True,Compositional,5,0.0,0.0,0.0,0.0,0.0,,5,1,3.383041941560805,,,
f6300dd1,"Competitive pricing of TMUS vs AT&T, Verizon, and DISH remains critical for market positioning, TMUS.",Company overview,False,None,5,0.2,1.0,1.0,1.0,1.0,1,5,1,4.961499944329262,,,
bc803f0d,How do different rev rec policies affect profit & cash flow analysis for BD?,Accounting,False,None,5,0.0,0.0,0.0,0.0,0.0,,5,1,2.8692909982055426,,,
87787a41,MHK - Legal disputes can affect capital allocation & growth strategies for Mohawk Industries.,Legal,False,None,5,0.0,0.0,0.0,0.0,0.0,,5,1,2.9582909774035215,,,
25967f8d,RTX's note redemption affects refi & valuation amidst rising rates.,Financials,False,None,5,0.0,0.0,0.0,0.0,0.0,,5,1,0.6372920470312238,,,
1ed9d0af,CF's multi-shipment performance obligations enhance rev predictability.,Accounting,False,None,5,0.0,0.0,0.0,0.0,0.0,,5,2,1.0642081033438444,,,
495c944c,Revenue growth for Synopsys (SNPS) projected from 10/31/23 to 10/31/24.,Financials,True,Subtract,5,0.2,1.0,0.5,0.6309297535714575,1.0,2,5,1,4.669333109632134,,,
607c63b0,TXN op margin 2022-23 adjusted SG&A vs R&D expenses insights.,Financials,False,None,5,0.2,0.5,0.25,0.2640681225725909,0.39538188277087033,4,5,2,2.95391702093184,,,
d3f85f16,Insider trading arrangements at DUK vs valuation and strategic confidence.,Governance,False,None,5,0.0,0.0,0.0,0.0,0.0,,5,1,2.89441691711545,,,
6a26c7e7,Risk mitigation and growth impact from OMC cybersecurity frameworks.,Risk,False,None,5,0.0,0.0,0.0,0.0,0.0,,5,1,3.343124990351498,,,
d5641244,"Review of climate risk measures by Biogen, BIIB.",Governance,False,None,5,0.2,1.0,1.0,1.0,1.0,1,5,1,3.183708991855383,,,
a0281bcd,CZR's rev rec on simulcast fees contrasted with pari-mutuel commissions impacts stability.,Accounting,False,None,5,0.2,1.0,1.0,1.0,1.0,1,5,1,2.545375027693808,,,
bc4da0cc,SWK's growth potential is impacted by its risk mgmt processes.,Risk,False,None,5,0.0,0.0,0.0,0.0,0.0,,5,1,2.9058330692350864,,,
5da21cf3,Fleet modernization at SWA vs financial discipline amid commitments from Boeing.,Footnotes,False,None,5,0.2,1.0,1.0,1.0,1.0,1,5,1,2.772624953649938,,,
1e3ebd79,Share repurchase availability for Broadridge Financial Solutions (BR) in June 2024 and cap alloc implications.,Shareholder return,False,None,5,0.0,0.0,0.0,0.0,0.0,,5,1,5.58162503875792,,,
ef19da5a,Margins impact from discount & rebate adjustments for International Flavors & Fragrances Inc. (IFF),Accounting,False,None,5,0.0,0.0,0.0,0.0,0.0,,5,1,3.038334078155458,,,
482a575a,"Effective IR increases debt servicing for TMUS, impacting profitability.",Financials,False,None,5,0.0,0.0,0.0,0.0,0.0,,5,2,2.144667087122798,,,
5333f2a6,"Litigation from CTLT impacts cost structure & risk profile, CTLT.",Legal,False,None,5,0.0,0.0,0.0,0.0,0.0,,5,1,2.0819579949602485,,,
5d9eebb2,Ticker impact: Host Hotels' cybersecurity integration significantly influences financial risk & valuation.,Risk,False,None,5,0.0,0.0,0.0,0.0,0.0,,5,1,1.7906659049913287,,,
16d50916,"Sustainability of RMD operating cash flow drivers, RMD.",Footnotes,False,None,5,0.0,0.0,0.0,0.0,0.0,,5,1,3.0086669139564037,,,
7ebf3f4c,FY24 interest exp. ratio & debt svc. impact for CTLT.,Financials,True,Multiplication,5,0.0,0.0,0.0,0.0,0.0,,5,1,2.3930839961394668,,,
56377738,"Changes in LDOS bylaws may impact minority SH meetings, presenting both risks & benefits.",Governance,False,None,5,0.2,1.0,1.0,1.0,1.0,1,5,1,3.4044160274788737,,,
4c4831e4,"Liquidity risk for F5 associated with foreign cash can lead to potential challenges, yet it also offers strategic advantages. F5",Financials,False,None,5,0.0,0.0,0.0,0.0,0.0,,5,1,5.643833079375327,,,
f0dc7062,Succession planning for mgmt stability at AVY.,Governance,False,None,5,0.0,0.0,0.0,0.0,0.0,,5,1,2.4047920014709234,,,
5c12f5c1,"Impact on cost mgmt and pricing from gross margin of Amcor 2024 vs 2023, AMCR.",Financials,True,Compositional,5,0.2,1.0,0.3333333333333333,0.5,1.0,3,5,1,6.244332995265722,,,
bcdc4f8b,"Change in cash, equivalents, and investments for Palo Alto Networks (PANW) from 2023 to July 2024.",Financials,False,None,5,0.0,0.0,0.0,0.0,0.0,,5,1,7.259333040565252,,,
24b36dea,ICE headcount exclusion analysis & geographic diversification.,Company overview,True,Subtract,5,0.0,0.0,0.0,0.0,0.0,,5,1,0.2882500411942601,,,
5abb8535,"Regulatory, legislative, and load growth risk factors for Xcel Energy's (XEL) CapEx forecast.",Footnotes,False,None,5,0.2,1.0,1.0,1.0,1.0,1,5,1,3.587291925214231,,,
aee3dac9,"Evolution of pricing margins for Jack Henry compared to established competitors, ticker JKHY.",Company overview,False,None,5,0.0,0.0,0.0,0.0,0.0,,5,1,4.292916972190142,,,
e6377b79,"Timeliness update on DHI board governance for Nov 19, 2024, ticker at end.",Governance,False,None,5,0.0,0.0,0.0,0.0,0.0,,5,1,4.111332935281098,,,
748641f6,Impact of cybersecurity upgrades by Morgan Stanley on growth and competitive positioning MS.,Risk,False,None,5,0.0,0.0,0.0,0.0,0.0,,5,1,4.97337500564754,,,
fa242d44,FICO's cybersecurity stance influences stability & margins.,Risk,False,None,5,0.0,0.0,0.0,0.0,0.0,,5,1,0.28624990954995155,,,
33d671d5,DECK's legal disputes on IP impact op profitability.,Legal,False,None,5,0.0,0.0,0.0,0.0,0.0,,5,1,2.0644579781219363,,,
07308ac3,Repurchase capacity for Dec23 & cap alloc impact for xyL.,Shareholder return,False,None,5,0.0,0.0,0.0,0.0,0.0,,5,1,2.055249991826713,,,
ecd2698e,Trends in operating margin for AWK from 2021-2023.,Financials,True,Compositional,5,0.0,0.0,0.0,0.0,0.0,,5,1,5.088415928184986,,,
01350b8a,"ServiceNow repurchased shares in Q4 2023 at an avg price during Oct/Nov, details include shares and SNOW ticker.",Shareholder return,False,None,5,0.0,0.0,0.0,0.0,0.0,,5,1,5.9752080123871565,,,
d6afde90,"Impact of 2023 billable expenses due to IPG rev adjustments, ticker at end.",Financials,True,Subtract,5,0.2,1.0,1.0,1.0,1.0,1,5,1,5.126917036250234,,,
d96d85c8,Retail data monetization @ Kroger (KR) & margin impact.,Company overview,False,None,5,0.0,0.0,0.0,0.0,0.0,,5,1,1.0583329712972045,,,
7ea76b0b,NEM gross margin trends 2021-2023 show notable patterns alongside production cost efficiency.,Financials,True,Compositional,5,0.0,0.0,0.0,0.0,0.0,,5,1,2.5495419977232814,,,
45a2da1c,Operational risk from labor disputes in OTIS union agreements.,Company overview,True,None,5,0.2,1.0,0.5,0.6309297535714575,1.0,2,5,1,3.2389999832957983,,,
126e5f91,Impact of TDG rev rec on short-term volatility & profitability.,Accounting,False,None,5,0.0,0.0,0.0,0.0,0.0,,5,1,3.465958987362683,,,
bf0a081a,Mitigating legal risk for Qorvo involves assessing material adverse impacts on consolidated financial position.,Legal,False,None,5,0.0,0.0,0.0,0.0,0.0,,5,1,4.784791963174939,,,
3566f88e,"Confirm Class B net inc calc for Constellation Brands - diluted EPS x weighted avg shares as of Feb 28, 2023.",Financials,True,Multiplication,5,0.2,1.0,0.3333333333333333,0.5,1.0,3,5,1,5.748250056058168,,,
9f593dcd,Calc gross margin for MAA 2023 using rental revenue with ticker MAA and opEx excl. taxes/ins.,Financials,True,Multiplication,5,0.2,1.0,1.0,1.0,1.0,1,5,1,5.09654195047915,,,
9d9fa48b,Litigation risk valuation for Marriott class cert.,Legal,False,None,5,0.0,0.0,0.0,0.0,0.0,,5,1,2.096958924084902,,,
9ebe33b4,Terms for the ABNB acquisition & funding details re: share issuance.,Footnotes,False,None,5,0.0,0.0,0.0,0.0,0.0,,5,1,3.730333992280066,,,
4552b1e8,Risk of op cost impact on MMM workforce distribution.,Company overview,True,Compositional,5,0.0,0.0,0.0,0.0,0.0,,5,1,3.8565839640796185,,,
45b57186,Equifax (EFX) operating cash flows and $1.5B credit facility bolster liquidity risk mgmt and enhance financial resilience.,Financials,False,None,5,0.2,1.0,0.2,0.38685280723454163,1.0,5,5,1,4.070875002071261,,,
c7c9a9f3,Corpay’s exec team role diversity enhances resilience & opens mkt opps.,Governance,False,None,5,0.0,0.0,0.0,0.0,0.0,,5,1,0.5090419435873628,,,
7535a8e4,AEP's IRP (Integrated Resource Plan) enviro integration costs vs renewables balance.,Governance,False,None,5,0.2,1.0,0.25,0.43067655807339306,1.0,4,5,1,1.4092919882386923,,,
dae11327,CVS protocols for cyber IR involve 3rd party assessments to address financial risk.,Risk,False,None,5,0.0,0.0,0.0,0.0,0.0,,5,1,4.17729199398309,,,
33519081,"EQIX, trends in cost structure for SB, comp, RSU, RSA, and ESPP from 2021-23.",Shareholder return,False,None,5,0.0,0.0,0.0,0.0,0.0,,5,2,5.357500049285591,,,
98cd5ed6,Impact of deferred rev on rev timing accuracy in Waste Mgt.,Accounting,False,None,5,0.2,1.0,1.0,1.0,1.0,1,5,1,4.400208010338247,,,
839f128b,$IT total investment in employee training.,Company overview,True,Multiplication,5,0.0,0.0,0.0,0.0,0.0,,5,1,3.099916037172079,,,
7898ca60,"Eversource Energy debt: implications of the new series vs repaid bond int. rates & borrowing costs, ES.",Financials,False,None,5,0.2,1.0,1.0,1.0,1.0,1,5,1,4.296791972592473,,,
2a6ca4ad,Impact of comp. & inv. security volatility risk on NTRS ONI.,Accounting,False,None,5,0.0,0.0,0.0,0.0,0.0,,5,1,3.4617079654708505,,,
cbe5d68e,SAP ERP & Sovos tech investments by Campbell Soup are aimed at boosting efficiency by 2025.,Footnotes,False,None,5,0.2,1.0,0.5,0.6309297535714575,1.0,2,5,1,3.159667016007006,,,
6aef0faa,Impact of Keurig Dr Pepper customer incentives on SG&A and ops classification; ticker at end.,Accounting,False,None,5,0.2,1.0,0.5,0.6309297535714575,1.0,2,5,1,5.7337499456480145,,,
d29b1f90,"Sames-store sales, foot traffic trends, and their impact on future growth for TJX.",Company overview,False,None,5,0.0,0.0,0.0,0.0,0.0,,5,1,4.827375058084726,,,
89dd3112,Div policy of Intuit reflects interplay of capital returns.,Shareholder return,False,None,5,0.0,0.0,0.0,0.0,0.0,,5,2,2.6923330733552575,,,
dddb38cc,Asbestos liability from FMC could impact earnings stability and valuation significantly.,Legal,False,None,5,0.2,1.0,1.0,1.0,1.0,1,5,1,3.413375001400709,,,
4df54efc,"Drivers of Truist's repurchase plan include timing, size, capital, liquidity & regulatory factors.",Shareholder return,False,None,5,0.2,1.0,1.0,1.0,1.0,1,5,1,3.769082948565483,,,
effdea67,"ALL 2023 total op & non-underwriting exp (op costs, restructuring, amortization) for ticker.",Financials,True,Addition,5,0.0,0.0,0.0,0.0,0.0,,5,1,3.969667013734579,,,
4ebcf931,2023 GL repurchase share count and cash outlay from excess cash.,Shareholder return,False,None,5,0.2,1.0,0.5,0.6309297535714575,1.0,2,5,1,4.385832929983735,,,
e0d34d6b,Veralto Corp's (VLTO) global labor dist. union influence on op. flexibility and cost risk.,Company overview,True,None,5,0.0,0.0,0.0,0.0,0.0,,5,1,3.5129579482600093,,,
de06fbdb,Impact of timing on cash flow ops for Nordson Corp regarding interest outflows.,Footnotes,False,None,5,0.0,0.0,0.0,0.0,0.0,,5,1,4.782792064361274,,,
6b48d971,"Trends in warranty liabilities, FTV, future costs, and contractual terms.",Footnotes,False,None,5,0.2,1.0,0.25,0.43067655807339306,1.0,4,5,1,4.169833962805569,,,
99f4169e,Q4 2023 DOW buyback vol. & avg. price.,Shareholder return,False,None,5,0.0,0.0,0.0,0.0,0.0,,5,1,1.7601250438019633,,,
dd760470,Union contract expiry risks at NWSA; mgt focusing on talent retention during digital pivot.,Company overview,True,None,5,0.2,1.0,0.25,0.43067655807339306,1.0,4,5,1,2.9744169441983104,,,
fbdeab72,Impact of SWK reserved share auth on current repurchase prog.,Shareholder return,False,None,5,0.2,1.0,0.3333333333333333,0.5,1.0,3,5,1,3.8643330335617065,,,
95455e96,Leadership trading & Y/Y insider ownership risk impact for MRK.,Governance,False,None,5,0.0,0.0,0.0,0.0,0.0,,5,1,2.2058330941945314,,,
afee55e1,Repurchase pricing strategy & market timing for EBAY.,Governance,False,None,5,0.0,0.0,0.0,0.0,0.0,,5,1,2.3100420366972685,,,
8c7ba746,"Categories for charter capex allocation and priorities for investment, ticker placed last.",Footnotes,False,None,5,0.0,0.0,0.0,0.0,0.0,,5,1,3.2464159885421395,,,
b77defd2,"2023 CAPEX breakdown for Snap-on Inc and allocation for Snap-on Tools Group, ticker SNA.",Footnotes,False,None,5,0.2,1.0,0.3333333333333333,0.5,1.0,3,5,1,4.782874952070415,,,
97ce3390,Moody's (MCO) DS/R&I/D&I competitive dynamics & risk profile - Moody's Corp.,Company overview,False,None,5,0.2,1.0,1.0,1.0,1.0,1,5,1,1.1619159486144781,,,
a0eb16bf,"Liquidity strategies for cash flow, short-term rev rec in GPC.",Accounting,False,None,5,0.0,0.0,0.0,0.0,0.0,,5,1,3.7488749949261546,,,
bb25e8e4,Share repurchases by APA influence financial flexibility & dividend growth.,Shareholder return,False,None,5,0.0,0.0,0.0,0.0,0.0,,5,1,2.722500008530915,,,
0715d1c6,Opex & margin strategy of INTC amid competition.,Company overview,False,None,5,0.0,0.0,0.0,0.0,0.0,,5,5,2.562417066656053,,,
e087563f,BR profitability trend: net earnings & EPS evolution 2022-2024.,Financials,True,Compositional,5,0.0,0.0,0.0,0.0,0.0,,5,1,2.356582903303206,,,
b77b94f8,Operational scale of permanent employees at FedEx as of 5/31/24.,Company overview,True,Addition,5,0.2,1.0,1.0,1.0,1.0,1,5,1,4.662499995902181,,,
916216d3,T risks from legacy services of AT&T impact cash flow.,Company overview,False,None,5,0.0,0.0,0.0,0.0,0.0,,5,1,4.441833007149398,,,
690e8c06,Insights on fundamentals and growth reveal DLTR repurchase activity.,Shareholder return,False,None,5,0.0,0.0,0.0,0.0,0.0,,5,1,3.171415999531746,,,
1f201d22,LLY's int'l workforce %.,Company overview,True,Compositional,5,0.0,0.0,0.0,0.0,0.0,,5,1,0.23645791225135326,,,
8eecb5e9,Litigation risk from SLB impacts earnings and capex strategy.,Legal,False,None,5,0.2,1.0,0.25,0.43067655807339306,1.0,4,5,1,3.3458329271525145,,,
4facf142,Revenue comparability for CBRE involves performance obligations.,Accounting,False,None,5,0.0,0.0,0.0,0.0,0.0,,5,1,2.3780419724062085,,,
b5930e1d,GNRC Qtr repurchase breakdown: overall activity vs publicly announced for ticker.,Shareholder return,False,None,5,0.0,0.0,0.0,0.0,0.0,,5,1,2.146375016309321,,,
defc0afc,Subpoenas re: AMAT risk cash flow impact from export controls on China.,Legal,False,None,5,0.2,1.0,1.0,1.0,1.0,1,5,1,3.2019170466810465,,,
2e41c631,Future growth & fin. strat. indicators for ROPE exec board.,Governance,False,None,5,0.0,0.0,0.0,0.0,0.0,,5,1,2.4812909541651607,,,
8b42c977,"Simon PG's impact on rental rates & occupancy is driven by property quality, location, and diversity.",Company overview,False,None,5,0.0,0.0,0.0,0.0,0.0,,5,1,4.768042010255158,,,
ee0937af,"AD stock buyback strategy & financial discipline: reinvest vs returns, Ticker.",Shareholder return,False,None,5,0.0,0.0,0.0,0.0,0.0,,5,1,1.7573749646544456,,,
2da12e10,Ameren's (AEE) remediation expense control measures.,Legal,False,None,5,0.2,1.0,1.0,1.0,1.0,1,5,1,0.9084159974008799,,,
dab289e7,"Profitability comparison, revenue growth analysis, and key drivers between NCL, Carnival, & RC, with tickers positioned last.",Company overview,False,None,5,0.0,0.0,0.0,0.0,0.0,,5,1,3.4363329177722335,,,
f4a0ae10,"Contingency funding for Paramount Global plays a vital role in capital allocation, focusing on cybersecurity growth.",Risk,False,None,5,0.0,0.0,0.0,0.0,0.0,,5,1,5.250541027635336,,,
36ac5135,"Hologic's pricing strategy, HOLX, in the competitive landscape influences cost control and profitability.",Company overview,False,None,5,0.0,0.0,0.0,0.0,0.0,,5,1,4.917833022773266,,,
939c086f,"Etsy's board governance, investor confidence, and valuation drivers are critical factors, with the ticker denoted as ETSY.",Governance,False,None,5,0.0,0.0,0.0,0.0,0.0,,5,1,6.046166061423719,,,
90e1e57b,"SP estimation metholody for JCI performance obligations, mkt data, and transfer pricing.",Accounting,False,None,5,0.0,0.0,0.0,0.0,0.0,,5,1,3.713333047926426,,,
930c4b78,"deferred rev impact on inc timing and predictability for subscriptions in pay TV, News Corp (NWSA).",Accounting,False,None,5,0.2,1.0,1.0,1.0,1.0,1,5,1,5.286167026497424,,,
66c75d0f,Impact of cybersecurity cap allocation and investor returns on PPG.,Risk,False,None,5,0.2,1.0,1.0,1.0,1.0,1,5,1,4.374415962956846,,,
8448adbf,Dual leadership roles @ Marsh McLennan impact cap allocation.,Governance,False,None,5,0.2,1.0,1.0,1.0,1.0,1,5,1,0.8240829920396209,,,
548c85d5,Board expertise @ Airbnb impacts strategic initiatives.,Governance,False,None,5,0.0,0.0,0.0,0.0,0.0,,5,1,1.028000027872622,,,
82993b3c,Impact of legal proceedings valuation risk on Zoetis.,Legal,False,None,5,0.0,0.0,0.0,0.0,0.0,,5,1,3.640666021965444,,,
2980ece7,Impact of APD capex allocation on risk profile & capital strategy: traditional vs NGHC JV.,Footnotes,False,None,5,0.2,1.0,0.5,0.6309297535714575,1.0,2,5,1,3.923207987099886,,,
596a1078,RF's dividend payment impact on equity & future policy will be examined.,Shareholder return,False,None,5,0.0,0.0,0.0,0.0,0.0,,5,1,3.350042039528489,,,
db4966a4,$MDLZ pending legal provision impact on profitability & cash flows.,Legal,False,None,5,0.0,0.0,0.0,0.0,0.0,,5,1,2.743665943853557,,,
516361c8,"Masco Corp faces long-term debt refi risk, emphasizing the importance of effective debt mgt. MAS.",Footnotes,False,None,5,0.0,0.0,0.0,0.0,0.0,,5,1,4.262125003151596,,,
2916277a,FE ratio of earnings to revs for 2023.,Financials,True,Division,5,0.0,0.0,0.0,0.0,0.0,,5,1,4.975124960765243,,,
4adcfdbf,Impact on growth from diversity in VZ's human capital.,Company overview,True,None,5,0.0,0.0,0.0,0.0,0.0,,5,1,4.144334001466632,,,
abafb622,COO's exec board communication on capital allocation & ticker accountability.,Governance,False,None,5,0.0,0.0,0.0,0.0,0.0,,5,1,2.450666972436011,,,
9ce734db,ATC MISO Tranche1 strategy WEC capital investments cash flow profitability outlook.,Footnotes,False,None,5,0.2,1.0,0.3333333333333333,0.5,1.0,3,5,1,1.6477499157190323,,,
ec00423f,"IDEX competitive dynamics affect cap allocation & risk mgmt strategies, especially for stocks like IDEX.",Company overview,False,None,5,0.0,0.0,0.0,0.0,0.0,,5,1,2.361707971431315,,,
ac474862,"Gartner, Inc. (IT) is focusing on debt mgmt. strategy amid mkts' variability.",Footnotes,False,None,5,0.0,0.0,0.0,0.0,0.0,,5,1,3.1617910135537386,,,
1f7925e3,"Legal disputes involving Eli Lilly affect risk valuation, TKR: LLY.",Legal,False,None,5,0.0,0.0,0.0,0.0,0.0,,5,1,1.0752499802038074,,,
19b392a0,Impact of dividend growth vs EPS improvement on capital allocation for DUK.,Financials,True,Compositional,5,0.0,0.0,0.0,0.0,0.0,,5,1,4.394208895973861,,,
ee97e1ff,HBAN's interest exp. comp. sum vs. total & 3-yr trend.,Financials,True,Addition,5,0.0,0.0,0.0,0.0,0.0,,5,1,1.5428749611601233,,,
13abe1a8,"LHX net margin trends for continuing ops from 2021-23, key drivers.",Financials,True,Compositional,5,0.0,0.0,0.0,0.0,0.0,,5,1,3.499833052046597,,,
621c238f,"DVN timing for rev rec, liquidity, & working capital control.",Accounting,False,None,5,0.0,0.0,0.0,0.0,0.0,,5,1,2.4870410561561584,,,
ed8b4689,US IRM unionization rates alongside LatAm labor negotiation risks are integral to tracking market dynamics.,Company overview,True,Division,5,0.0,0.0,0.0,0.0,0.0,,5,1,3.4084999933838844,,,
9a16d50d,Trends in legal disclosures for AT&T (T) regarding frequency and their impact on earnings.,Legal,False,None,5,0.0,0.0,0.0,0.0,0.0,,5,1,6.328291958197951,,,
2a23bce1,"LMT's capex strategy aims to balance equipment/facilities/IT investments, while also ensuring op flexibility and competitive positioning.",Footnotes,False,None,5,0.0,0.0,0.0,0.0,0.0,,5,1,4.842792055569589,,,
922903ab,ERM integration in BA cybersecurity impacts investor sentiment.,Risk,False,None,5,0.0,0.0,0.0,0.0,0.0,,5,1,2.240666071884334,,,
504ed7e5,"Sum & growth impact of S&M + product dev exp for MTCH 2023, ticker at end.",Financials,True,Addition,5,0.0,0.0,0.0,0.0,0.0,,5,1,5.149957956746221,,,
142fb376,Differences in rev. recognition for Insurance vs. Consulting by Marsh & McLennan impact growth. MMC.,Accounting,False,None,5,0.2,1.0,0.25,0.43067655807339306,1.0,4,5,1,4.102708073332906,,,
f8b3bd40,"Impact of COO cybersecurity IR processes on efficiency & profitability, ticker.",Risk,False,None,5,0.0,0.0,0.0,0.0,0.0,,5,1,3.410208970308304,,,
1682332c,Tractor Supply - litigation provisions vs. accrued liabilities & risk.,Legal,False,None,5,0.0,0.0,0.0,0.0,0.0,,5,1,1.3599999947473407,,,
e280edea,Cigna (CI) share buyback Q4 2023: volume & avg. cost.,Shareholder return,False,None,5,0.0,0.0,0.0,0.0,0.0,,5,1,2.1411660127341747,,,
244884f0,2023 components contribution for Akamai (AKAM) inv cash.,Footnotes,False,None,5,0.0,0.0,0.0,0.0,0.0,,5,1,2.924958011135459,,,
a30cf46e,"ISRG; Intuitive Surgical BOD's adv. degrees, strat. risk mgmt. impct.",Governance,False,None,5,0.0,0.0,0.0,0.0,0.0,,5,1,0.4938750062137842,,,
159e25ed,Cybersecurity risk mitigation in the SWS sector enhances profitability.,Risk,False,None,5,0.0,0.0,0.0,0.0,0.0,,5,1,3.5167919704690576,,,
2d7be62a,WDC's legal risks impact on cap alloc. & financials.,Legal,False,None,5,0.0,0.0,0.0,0.0,0.0,,5,1,2.1835840307176113,,,
1f02c108,The financing impact of interest rate swap cap risk on Invitation Homes Inc. is of concern. INVH,Footnotes,False,None,5,0.2,1.0,0.5,0.6309297535714575,1.0,2,5,1,5.6675419909879565,,,
d37c4167,Capex for MCD is 24% aligned with Accelerating the Arches (MCD) restaurant dev.,Footnotes,False,None,5,0.2,1.0,1.0,1.0,1.0,1,5,1,4.227125085890293,,,
b6e613ca,"investor confidence in industry frameworks, risk mgmt, and stability at WEC Energy.",Risk,False,None,5,0.0,0.0,0.0,0.0,0.0,,5,1,4.1912090964615345,,,
f648047d,"Impact of PNC's diversified income on market: long-term profitability vs revenue recognition, PNC.",Accounting,False,None,5,0.0,0.0,0.0,0.0,0.0,,5,1,4.570790915749967,,,
37300b8f,Q4 '23 share repurchase details & monthly cost analysis for Centene.,Shareholder return,False,None,5,0.0,0.0,0.0,0.0,0.0,,5,1,2.692541922442615,,,
366669e5,MCHP's ease of dev for mixed-signal integration enhances its competitive positioning in embedded control solutions?,Governance,False,None,5,0.2,1.0,1.0,1.0,1.0,1,5,1,4.807791905477643,,,
692c9d8f,Net interest factor for GE HealthCare increased from 2022 to 2023 with the ticker at the end: GEHC.,Financials,True,Multiplication,5,0.2,1.0,1.0,1.0,1.0,1,5,1,7.834041956812143,,,
06642fdc,Fortive exec tenure impact on invst. sentiment & risk profile.,Governance,False,None,5,0.0,0.0,0.0,0.0,0.0,,5,1,1.9891250412911177,,,
78367bc8,Ticker 3M's ASC 450 legal liabs affect its profit and valuation.,Legal,False,None,5,0.2,1.0,1.0,1.0,1.0,1,5,1,2.9374579899013042,,,
8166a1f6,"Governance of board roles at BlackRock, Inc, BLK.",Governance,False,None,5,0.0,0.0,0.0,0.0,0.0,,5,1,3.434124984778464,,,
8185a29f,Cap allocation & pricing powers of CenterPoint Energy (CNP) vs. monopolistic utility benchmarks.,Company overview,False,None,5,0.0,0.0,0.0,0.0,0.0,,5,1,2.445958089083433,,,
a49153d3,Net realized cap gains total & revenue impact for PFG 2023.,Financials,True,Addition,5,0.0,0.0,0.0,0.0,0.0,,5,1,3.8137079682201147,,,
0daec318,EMN – 2023 div payout & cap allocation analysis for Eastman Chemical Co.,Financials,True,Compositional,5,0.2,1.0,0.2,0.38685280723454163,1.0,5,5,1,2.80437502078712,,,
151efd09,"Cybersecurity risk integration for growth & competitive positioning, ticker at the end.",Risk,False,None,5,0.0,0.0,0.0,0.0,0.0,,5,1,4.0695000207051635,,,
8cf150d7,Impact on financial flexibility and balance sheet from CF Industries' share buyback cap allocation is noteworthy; CF.,Shareholder return,False,None,5,0.2,1.0,1.0,1.0,1.0,1,5,1,5.371249979361892,,,
8b125187,"UA leadership's age & expertise, along with risk mgmt., play a key role in growth outlook.",Governance,False,None,5,0.0,0.0,0.0,0.0,0.0,,5,1,4.343125037848949,,,
8a333641,"Valuation of cash flow risk linked to JNJ antitrust biosimilar litigation, JNJ.",Legal,False,None,5,0.0,0.0,0.0,0.0,0.0,,5,1,3.8875419413670897,,,
083c81e0,Unified leadership impacts cap allocation & growth for Arista Networks (ANET).,Governance,False,None,5,0.0,0.0,0.0,0.0,0.0,,5,1,1.9518750486895442,,,
e4bffb23,Net profit margin for 2023 was reported by JBHT.,Financials,True,Multiplication,5,0.0,0.0,0.0,0.0,0.0,,5,1,3.962708986364305,,,
98cbaec9,Impact of EQR's incremental borrowing rate on lease valuation risks.,Accounting,False,None,5,0.2,1.0,0.3333333333333333,0.5,1.0,3,5,1,3.557833028025925,,,
ea927f15,"Liquidity and growth analysis for Jacobs Solutions Inc. fiscal 2024, ticker JEC.",Footnotes,False,None,5,0.0,0.0,0.0,0.0,0.0,,5,1,4.078665981069207,,,
cd65606a,Hubbell's impact on revenue growth and market share is influenced by pricing & svc. level.,Company overview,False,None,5,0.0,0.0,0.0,0.0,0.0,,5,1,5.1850409945473075,,,
1a41c75c,"Revenue trends by segment for Roper from 2021 to 2023, along with key revenue drivers, ticker at the end.",Footnotes,False,None,5,0.0,0.0,0.0,0.0,0.0,,5,1,8.032166981138289,,,
a13ffe4d,"Concentration of IP debt maturities, liquidity, and refinancing risk for post-2028, with ticker in focus.",Footnotes,False,None,5,0.0,0.0,0.0,0.0,0.0,,5,1,6.21862499974668,,,
5a2d1b85,ECL's environmental liability accrual assumptions affect profitability & cash flows.,Legal,False,None,5,0.0,0.0,0.0,0.0,0.0,,5,1,1.4237909344956279,,,
9a2baa2a,"Pentair plc, in a rising rate environment, employs interest rate risk mitigation strategies such as hedging debt exposure.",Footnotes,False,None,5,0.0,0.0,0.0,0.0,0.0,,5,1,5.0467499531805515,,,
c1181243,Hologic's op margin consistency for 2024 remains a key focus; HOLX.,Financials,True,Multiplication,5,0.0,0.0,0.0,0.0,0.0,,5,1,3.4110830165445805,,,
32c0f795,"Factors delaying DuPont's repurchase include market volatility, regulatory concerns, and internal funding priorities.",Shareholder return,False,None,5,0.0,0.0,0.0,0.0,0.0,,5,1,3.3595829736441374,,,
dfd9105e,Labor risk impact from expiring CBAs (DE) at Deere.,Company overview,True,None,5,0.2,1.0,1.0,1.0,1.0,1,5,1,2.5031670229509473,,,
cf094b34,SCHW 2023 rev/emp calc.,Company overview,True,Compositional,5,0.0,0.0,0.0,0.0,0.0,,5,1,1.3839579187333584,,,
302ba15c,Impact of VRSN's senior notes rate structure on interest expense & YoY fin. health.,Financials,False,None,5,0.0,0.0,0.0,0.0,0.0,,5,1,4.302832996472716,,,
43a65ffb,Impact on near-term liquidity & cash flow from Carrier Global's current debt reduction. CARR,Financials,False,None,5,0.0,0.0,0.0,0.0,0.0,,5,1,4.0094159776344895,,,
87eff1ed,Ticker EFX analysis: mltpls & cash flow metrics vs ind peers.,Company overview,False,None,5,0.0,0.0,0.0,0.0,0.0,,5,1,0.9526669746264815,,,
3794bf5a,Starbucks mgmt expresses confidence in $10B 5-1 repurchase plan; SBUX.,Shareholder return,False,None,5,0.2,1.0,0.3333333333333333,0.5,1.0,3,5,1,2.8901250334456563,,,
2ac76703,Evolution of EQIX's long-term debt maturity strategy.,Financials,False,None,5,0.0,0.0,0.0,0.0,0.0,,5,1,3.2085420098155737,,,
6a7ceef8,Georgia Power's workforce % as of 12/31/23 is TBD.,Company overview,True,Division,5,0.2,1.0,1.0,1.0,1.0,1,5,1,4.499166971072555,,,
01d03a27,Xylem’s (XYL) product rev delta from 2022 to 2023.,Financials,True,Subtract,5,0.2,1.0,0.2,0.38685280723454163,1.0,5,5,1,4.1377919260412455,,,
e67ea0cc,TMO's exec leadership diversity impacts comp positioning & fin resilience.,Governance,False,None,5,0.0,0.0,0.0,0.0,0.0,,5,1,0.4200839903205633,,,
8754aad6,Catalent's (CTLT) board expertise influences investor sentiment & aids in market navigation.,Governance,False,None,5,0.0,0.0,0.0,0.0,0.0,,5,1,2.7322910027578473,,,
3a0a5c65,Analysis of EPS impact and conversion factor for BKNG's convertible note.,Financials,True,Multiplication,5,0.2,1.0,1.0,1.0,1.0,1,5,1,4.445999977178872,,,
d25be660,"MDLZ's consumer-centric growth strategy enhances local brand innovation, positively impacting short-term sales & mkt share.",Company overview,False,None,5,0.2,1.0,1.0,1.0,1.0,1,5,1,2.554916078224778,,,
b035aeed,female rep ratio mgmt vs overall employees at XEL,Company overview,True,Division,5,0.0,0.0,0.0,0.0,0.0,,5,1,1.5449170023202896,,,
fbd5851d,"CMI capex growth drivers include strong demand in key markets, investment in new tech, and expansion in manufacturing capacity.",Footnotes,False,None,5,0.0,0.0,0.0,0.0,0.0,,5,1,4.342540982179344,,,
d285d328,FY23 rev for Intuit SB&SE derived from 19% growth.,Financials,True,Multiplication,5,0.0,0.0,0.0,0.0,0.0,,5,1,2.533750026486814,,,
b2ea9d2a,ETSY's share buyback & cash outlay for 2023.,Shareholder return,False,None,5,0.0,0.0,0.0,0.0,0.0,,5,1,3.153500030748546,,,
fa1c6a61,"COF cash flow loan, Capital One's credit quality risk mgmt. 3Y.",Footnotes,False,None,5,0.0,0.0,0.0,0.0,0.0,,5,1,2.1133749978616834,,,
b4011614,2024 INTU service GP calc.,Financials,True,Subtract,5,0.0,0.0,0.0,0.0,0.0,,5,1,1.3589999871328473,,,
6510fc21,"Valero Energy's cybersecurity framework impacts operational risk, cash flow, and profitability, VLO.",Risk,False,None,5,0.0,0.0,0.0,0.0,0.0,,5,1,3.0022499850019813,,,
7f7492dd,SJM's cash repatriation impacts liquidity & risk mitigation for 2025.,Footnotes,False,None,5,0.0,0.0,0.0,0.0,0.0,,5,1,2.5858329609036446,,,
df70025f,Chipotle's cybersecurity incident impact on revenue valuation may significantly affect the company’s stock (CMG).,Risk,False,None,5,0.2,1.0,1.0,1.0,1.0,1,5,1,4.830209072679281,,,
305edbea,"Avg repurchase price of NXP Semiconductors vs mkt price for 2022-2023, NXPI.",Shareholder return,False,None,5,0.2,1.0,1.0,1.0,1.0,1,5,1,4.70399996265769,,,
9a7fc19e,Impact of Tapestry's no repurchase program on capital allocation. TPR,Shareholder return,False,None,5,0.0,0.0,0.0,0.0,0.0,,5,1,4.104458028450608,,,
ef20d54f,Ticker YUM % change in weighted-average common & dilutive shares outstanding 2021-2023.,Financials,True,Division,5,0.0,0.0,0.0,0.0,0.0,,5,1,4.293084028176963,,,
c280cdca,US Waste Mgmt (WM) employee concn. poses operational risk; mkt focus.,Company overview,True,Division,5,0.0,0.0,0.0,0.0,0.0,,5,1,1.3539170613512397,,,
4f07c87f,Competitor risk mitigation & cust. protection measures for Cummins in emerging mkts.,Company overview,False,None,5,0.0,0.0,0.0,0.0,0.0,,5,1,3.301790915429592,,,
af946d22,CapEx trends affecting D&A for DuPont (DD) from 2021-2023?,Footnotes,False,None,5,0.0,0.0,0.0,0.0,0.0,,5,2,4.641417064704001,,,
de3d67a5,"CAG's diluted shares, net income, and correlation with earnings growth from 2022-2024 in regard to cap structure.",Financials,True,Compositional,5,0.0,0.0,0.0,0.0,0.0,,5,1,7.657499983906746,,,
47703f4b,"Honeywell's leadership diversity positively impacts operational efficiency and profitability, HON.",Governance,False,None,5,0.0,0.0,0.0,0.0,0.0,,5,1,2.4030840722844005,,,
b1be9a4c,TR % change impact on sales vs credit for Targa Resources Corp.,Financials,True,Compositional,5,0.2,1.0,0.5,0.6309297535714575,1.0,2,5,1,3.4866250352934003,,,
6544875b,Repurchase of MAA shares driven by factors & future buyback implications.,Shareholder return,False,None,5,0.2,1.0,1.0,1.0,1.0,1,5,1,3.7371660582721233,,,
eae61882,Nordson's (NDSN) R&D and tech support bolster comp. adv. & drive growth.,Company overview,False,None,5,0.0,0.0,0.0,0.0,0.0,,5,1,2.500082948245108,,,
c62dca3d,SBA's revenue mix: site leasing vs. dev. growth & profitability trends from 2021-23.,Financials,True,Compositional,5,0.2,1.0,1.0,1.0,1.0,1,5,1,2.305208006873727,,,
39c3d7fa,"Live Nation insights on leadership mix, profitability & efficiency; ticker in last position.",Governance,False,None,5,0.0,0.0,0.0,0.0,0.0,,5,1,3.0370838940143585,,,
4680eb49,"CarMax’s repurchase affects CS & returns for investors, as the ticker demonstrates.",Shareholder return,False,None,5,0.0,0.0,0.0,0.0,0.0,,5,1,3.820291021838784,,,
7de2bd9c,"Amcor Rigid Packaging's market positioning, with capex risk management, has shown trends over the last 3 yrs.",Footnotes,False,None,5,0.2,1.0,0.3333333333333333,0.5,1.0,3,5,1,4.3455829145386815,,,
d519c33e,"Exec background @ Amgen and industry adaptability influence fin. resilience, AMGN.",Governance,False,None,5,0.0,0.0,0.0,0.0,0.0,,5,1,2.368916990235448,,,
eb5d9dc6,"PCA Q3 '23 repurchase scale/cost vs Q4 '21, Q3/Q4 '22 trends.",Shareholder return,False,None,5,0.2,1.0,0.25,0.43067655807339306,1.0,4,5,1,1.2166249798610806,,,
5a681f31,Ticker TRMB shows potential impact on liquidity & working capital due to contractual timing.,Footnotes,False,None,5,0.0,0.0,0.0,0.0,0.0,,5,1,4.002082976512611,,,
b064ce25,Impact of PPG's (PPG) repurchase balance on long-term profit.,Shareholder return,False,None,5,0.2,1.0,1.0,1.0,1.0,1,5,1,4.0203750832006335,,,
c6ff73ab,FY21 vs FY23 net earnings diff in PM profitability analysis; ticker at end.,Financials,True,Subtract,5,0.0,0.0,0.0,0.0,0.0,,5,1,3.3350420417264104,,,
40a32c5c,"Bio-Techne's strategic initiatives include comps, multiples, and ROIC metrics; ticker at the end is TECH.",Governance,False,None,5,0.2,1.0,1.0,1.0,1.0,1,5,1,4.700249992311001,,,
b0e7224a,AIG: rev rec diff for short-dur vs long-dur products.,Accounting,False,None,5,0.0,0.0,0.0,0.0,0.0,,5,1,2.2095830645412207,,,
a1b1b14c,"J cybersecurity integration enhances ERM in ops risk, impacting long-term profit.",Risk,False,None,5,0.0,0.0,0.0,0.0,0.0,,5,1,2.9964579734951258,,,
7d96081d,Strategic priorities analysis on cybersecurity vs R&D spend at Adobe (ADBE),Risk,False,None,5,0.0,0.0,0.0,0.0,0.0,,5,1,2.660500002093613,,,
4c027d8d,"MTCH cash flow analysis for tech cap funding & comp strategy, MTCH.",Company overview,False,None,5,0.0,0.0,0.0,0.0,0.0,,5,1,2.558124950155616,,,
3bf12f49,Impact on liquidity and capital allocation for Philip Morris from inventory purchase obligations.,Footnotes,False,None,5,0.0,0.0,0.0,0.0,0.0,,5,1,5.105999996885657,,,
1e11e17f,Impact on leverage & risk from long-term debt reduction by Steel Dynamics (STLD).,Financials,False,None,5,0.2,1.0,1.0,1.0,1.0,1,5,1,4.000874934718013,,,
b5605364,REGN's risk mgt framework for cybersecurity breaches & their fin impact.,Risk,False,None,5,0.0,0.0,0.0,0.0,0.0,,5,1,2.5470840046182275,,,
e1ca8bde,Insider trading consistency risk impact on Globe Life Inc.,Governance,False,None,5,0.0,0.0,0.0,0.0,0.0,,5,1,2.4405840085819364,,,
04e40770,"Net sales rev ests for Baxter Intl considering var factors, BAX.",Accounting,False,None,5,0.0,0.0,0.0,0.0,0.0,,5,1,2.8332090005278587,,,
c5fb0991,Trend in cost mgmt efficiency from 2021-2023 for BH.,Financials,True,Compositional,5,0.0,0.0,0.0,0.0,0.0,,5,1,4.900041967630386,,,
5cb94e55,CF - 2024 CapEx vs past trends & growth potential.,Footnotes,False,None,5,0.0,0.0,0.0,0.0,0.0,,5,1,1.4247919898480177,,,
38ae5ab1,Constellation Energy's (CE) cash flow credit targets affect its fin. health & valuation.,Governance,False,None,5,0.2,1.0,1.0,1.0,1.0,1,5,1,1.9159578951075673,,,
d7a741b3,TSCO's seasonal & rec stability impacts on risk & seasonality.,Footnotes,False,None,5,0.0,0.0,0.0,0.0,0.0,,5,1,1.6977919731289148,,,
3dba3aea,AEP leadership has a mix of seasoned execs and new talent.,Governance,False,None,5,0.0,0.0,0.0,0.0,0.0,,5,1,4.753374960273504,,,
59afad7f,"Risk mitigation via revenue diversification in new bond products, MKTX.",Governance,False,None,5,0.2,1.0,1.0,1.0,1.0,1,5,1,2.8689579339697957,,,
1494e8a6,CHRW's global workforce DEI initiatives bolsters competitiveness.,Company overview,True,None,5,0.2,1.0,0.5,0.6309297535714575,1.0,2,5,1,0.7010420085862279,,,
31b63c4f,EPS growth for PSX: basic vs diluted from 2021-2023.,Financials,True,Compositional,5,0.0,0.0,0.0,0.0,0.0,,5,1,3.891709027811885,,,
29a1955d,"Q4 2023 share repurchase volumes & pricing trends from Devon Energy, DVN.",Shareholder return,False,None,5,0.0,0.0,0.0,0.0,0.0,,5,1,2.946041990071535,,,
760db9cb,Impact of Mastercard leadership transitions on strategy and long-term growth? MCD,Governance,False,None,5,0.2,1.0,0.25,0.43067655807339306,1.0,4,5,1,4.7304159961640835,,,
d45d63d3,2023 Morgan Stanley (MS) share buyback repurchase vol. & cost.,Shareholder return,False,None,5,0.0,0.0,0.0,0.0,0.0,,5,1,2.1739579970017076,,,
a36f14a7,Impact valuation of BBWI after litigation disclosure update.,Legal,False,None,5,0.0,0.0,0.0,0.0,0.0,,5,1,2.749916980974376,,,
732404ca,Ratio of all part-time employees with tickers positioned last.,Company overview,True,Compositional,5,0.0,0.0,0.0,0.0,0.0,,5,1,4.016541060991585,,,
39aadee9,% change in NFLX US rev from 2021-2023 and future outlook.,Footnotes,False,None,5,0.0,0.0,0.0,0.0,0.0,,5,1,5.326250102370977,,,
137d7560,AMP: potential financial risk from stricter enviro regs.,Legal,False,None,5,0.0,0.0,0.0,0.0,0.0,,5,1,2.4101249873638153,,,
36f27611,LYB rev mix evol trade vs related parties 3yr div dependency.,Financials,False,None,5,0.0,0.0,0.0,0.0,0.0,,5,2,1.3434169813990593,,,
63305b88,Impact on cash flow and capital allocation from legal proceedings related to VICI absence.,Legal,False,None,5,0.0,0.0,0.0,0.0,0.0,,5,1,5.797541933134198,,,
7506f8c3,"Tax efficiency trends for DHI from 2022 to 2024, focusing on effective tax rate.",Financials,True,Compositional,5,0.0,0.0,0.0,0.0,0.0,,5,1,5.646707955747843,,,
de4cb7cb,"Net sales & OI correlation with segments, global exposure risk for COO EU/US ticker.",Footnotes,False,None,5,0.0,0.0,0.0,0.0,0.0,,5,2,3.8659999845549464,,,
6a55f120,Risk mgmt. of JBHT ensures cash flow stability amidst competitive pressures.,Company overview,False,None,5,0.0,0.0,0.0,0.0,0.0,,5,1,2.9894590843468904,,,
b1e82d10,Remaining repurchase balance for TMUS in Jan 2024 and future capital return drivers.,Shareholder return,False,None,5,0.2,1.0,0.5,0.6309297535714575,1.0,2,5,1,5.248166038654745,,,
b0fa24d5,"SCHW's revenue recognition methods differ, impacting revenue volatility.",Accounting,False,None,5,0.0,0.0,0.0,0.0,0.0,,5,1,0.7469579577445984,,,
ef0930ec,Net PPE vs Op Inc capex efficiency of Diamondback Energy (FANG).,Financials,False,None,5,0.4,1.0,1.0,1.0,1.0,1,5,2,3.032166976481676,,,
ab915391,The impact of NCLH's legal proceedings on cash flows and financial health is a key focus for investors.,Legal,False,None,5,0.0,0.0,0.0,0.0,0.0,,5,1,8.821584051474929,,,
69c1de05,Impact on operational risk and market penetration due to MSFT OEM segmentation.,Company overview,False,None,5,0.0,0.0,0.0,0.0,0.0,,5,1,4.643416032195091,,,
10a0023f,"Termination dates for ROK vs. historical trading behavior, with focus on ticker performance.",Governance,False,None,5,0.0,0.0,0.0,0.0,0.0,,5,1,3.681125002913177,,,
132a45f4,"Governance, risk, and growth are impacted by MRO insider trading arrangements, MRO.",Governance,False,None,5,0.0,0.0,0.0,0.0,0.0,,5,1,4.12816705647856,,,
e4b7f43e,"Litigation mgmt risk, LYB, affects investor confidence and capital allocation.",Legal,False,None,5,0.0,0.0,0.0,0.0,0.0,,5,1,2.6978750247508287,,,
d4f5374a,"Implications on cash flow for Marriott Sheraton Grand Chicago $500M in 2024, considering fair value risk, N/A.",Footnotes,False,None,5,0.2,1.0,1.0,1.0,1.0,1,5,1,5.7074170326814055,,,
f0485726,Safety and Productivity Solutions capex trend for risk mgt growth. HON.,Footnotes,False,None,5,0.0,0.0,0.0,0.0,0.0,,5,1,3.366749966517091,,,
39947dfa,"Litigation impact on equity comp and cap allocation from Carrier Global Corp UTC Equity Awards is a key concern for investors, CARR.",Legal,False,None,5,0.2,1.0,0.5,0.6309297535714575,1.0,2,5,1,6.592332967557013,,,
e4627286,CAPEX breakdown NRG: growth/integration vs maintenance/enviro cost analysis.,Footnotes,False,None,5,0.2,1.0,1.0,1.0,1.0,1,5,1,1.028207945637405,,,
cd0f52f6,Elevance Health's op. efficiency in digital/telehealth drives long-term growth.,Company overview,False,None,5,0.2,1.0,0.3333333333333333,0.5,1.0,3,5,1,2.83895805478096,,,
b1390dd8,Impact of revenue recognition criteria on Kimberly-Clark (KMB),Accounting,False,None,5,0.0,0.0,0.0,0.0,0.0,,5,1,3.4190419828519225,,,
b1e807e6,"Analysis of Steel Dynamics' sustainability, decarbonization efforts, competitive positioning, and risk, STLD.",Company overview,False,None,5,0.2,1.0,1.0,1.0,1.0,1,5,1,3.775999997742474,,,
bbe3afca,Best Buy's (BBY) rev principal vs agent FS timing impact.,Accounting,False,None,5,0.2,1.0,1.0,1.0,1.0,1,5,1,1.0631670011207461,,,
96d467e2,Franchise fees & gross rec tax influences on rev rec & profitability for TX/MS ATO.,Accounting,False,None,5,0.0,0.0,0.0,0.0,0.0,,5,1,2.9887909768149257,,,
5803fcc5,"Types of legal proceedings & risks related to environmental remediation liabilities, ticker.",Legal,False,None,5,0.0,0.0,0.0,0.0,0.0,,5,1,4.470332991331816,,,
5dbcd4b2,Feb 23 signature date for Wynn governance board continuity.,Governance,False,None,5,0.2,1.0,0.25,0.43067655807339306,1.0,4,5,1,2.5862499605864286,,,
5afca8e2,BX FY23 rev components reconcil validity.,Financials,True,Addition,5,0.0,0.0,0.0,0.0,0.0,,5,1,0.15170802362263203,,,
c1a63784,"Governance, risk mgt insights, & CF's role designations.",Governance,False,None,5,0.0,0.0,0.0,0.0,0.0,,5,1,0.6950420793145895,,,
4e6ec421,"Current yr capex investing classification for Revvity, ticker last.",Footnotes,False,None,5,0.0,0.0,0.0,0.0,0.0,,5,1,2.194875036366284,,,
dd5507ae,Calc dilutive EPS for BAC 2023.,Financials,True,Multiplication,5,0.0,0.0,0.0,0.0,0.0,,5,1,2.6126670418307185,,,
d495a623,"Low turnover, flexible workspace, risk mitigation & competitive positioning: Amgen Inc. HCM.",Company overview,True,None,5,0.2,1.0,1.0,1.0,1.0,1,5,1,1.2463330058380961,,,
7d97976b,PSA recording of ancillary rev & fee breakdown with ticker in the middle.,Accounting,False,None,5,0.0,0.0,0.0,0.0,0.0,,5,1,4.819583031348884,,,
f8ab23da,Cost impact of WELL vs comps: financing costs & leverage ratios assessed with ticker in view.,Company overview,False,None,5,0.0,0.0,0.0,0.0,0.0,,5,1,5.151958088390529,,,
e475446b,Ticker ODFL shows near-term contractual oblgtns % and liquidity impact.,Footnotes,False,None,5,0.0,0.0,0.0,0.0,0.0,,5,1,2.7687919791787863,,,
fa58b976,IVZ's purchase obligations drivers differ from 12/31/22 to 12/31/23.,Footnotes,False,None,5,0.0,0.0,0.0,0.0,0.0,,5,1,3.8956248899921775,,,
b77b2557,Legal uncertainty affecting Snap-on Inc. valuation impacts investor sentiment.,Legal,False,None,5,0.2,1.0,1.0,1.0,1.0,1,5,1,2.2432090481743217,,,
f5069526,Cap allocation & EPS impact from FedEx (FDX) repurchase reserve.,Shareholder return,False,None,5,0.2,1.0,0.5,0.6309297535714575,1.0,2,5,1,1.7305000219494104,,,
782c2953,Impact of DVA property sale proceeds on CF investing & disposal strategy.,Footnotes,False,None,5,0.0,0.0,0.0,0.0,0.0,,5,1,3.825417021289468,,,
f90dd3c5,DOW's OCF & growth impacted by purchase obligations.,Footnotes,False,None,5,0.2,1.0,1.0,1.0,1.0,1,5,1,1.9305830355733633,,,
40ad07e9,Updates on Baker Hughes' cost estimate drivers: historical cost vs ticker observed cost improvements in long-term SA and custom eqpt.,Accounting,False,None,5,0.2,1.0,0.5,0.6309297535714575,1.0,2,5,1,4.724125028587878,,,
8ac481e8,ServiceNow InQuisient litigation fin. impact.,Legal,False,None,5,0.2,1.0,1.0,1.0,1.0,1,5,1,0.6245840340852737,,,
28e3bfd2,Variability in cost basis timing impact for TSN equity comp.,Shareholder return,False,None,5,0.0,0.0,0.0,0.0,0.0,,5,1,3.988833981566131,,,
bacd257d,ZTS revenue in accrual acctg & changes FY 2022-23.,Accounting,False,None,5,0.0,0.0,0.0,0.0,0.0,,5,1,3.092207945883274,,,
0a6b86d1,Legal proceedings related to Prologis impact earnings vol.,Legal,False,None,5,0.0,0.0,0.0,0.0,0.0,,5,1,3.0977920396253467,,,
34763c7c,"The outcomes of historical legal cases affect ongoing disputes and settlements/losses, especially for AbbVie.",Legal,False,None,5,0.2,1.0,0.5,0.6309297535714575,1.0,2,5,1,5.794833065010607,,,
dddedf3e,Pharma growth risk strategy BMY litigation.,Legal,False,None,5,0.0,0.0,0.0,0.0,0.0,,5,1,1.094167004339397,,,
6f59c8ed,"Cooper Companies forecasts a 3% workforce growth, with a breakdown across the Americas, EMEA, and Asia Pacific; COO.",Company overview,True,Compositional,5,0.2,1.0,0.5,0.6309297535714575,1.0,2,5,1,5.41499990504235,,,
314bc5b6,"Impact of KDP's cybersecurity oversight on fin. stability, KDP.",Risk,False,None,5,0.2,1.0,1.0,1.0,1.0,1,5,1,3.3644159557297826,,,
fdc51e94,"2022-23 IPG LT debt breakdown: current vs non-current, ticker at end.",Financials,False,None,5,0.0,0.0,0.0,0.0,0.0,,5,1,2.8410839149728417,,,
a59c7489,NXPI – rev geography vs asset loc: inv strategy & growth implications.,Footnotes,False,None,5,0.0,0.0,0.0,0.0,0.0,,5,1,0.8044999558478594,,,
5905ba05,Impact on strategy and growth from Altria exec age profile and role dist. is notable. MO.,Governance,False,None,5,0.0,0.0,0.0,0.0,0.0,,5,1,4.640458035282791,,,
bc8caf99,2023 share repurchase shares & cost by IDEXX.,Shareholder return,False,None,5,0.2,1.0,0.5,0.6309297535714575,1.0,2,5,1,3.266208921559155,,,
45623b44,"IP: effect of specialized ops roles on profitability, efficiency, & capital allocation?",Governance,False,None,5,0.0,0.0,0.0,0.0,0.0,,5,1,3.6033340729773045,,,
b703f322,Analysis of revenue growth trends for CrowdStrike (CRWD) FY22-FY23 and FY23-FY24.,Financials,True,Compositional,5,0.2,1.0,1.0,1.0,1.0,1,5,1,4.434166010469198,,,
b9585b09,"Impact on op margin from selling, service, & R&D exp. of Generac Holdings Inc. for 2021-2023, GNRC.",Financials,True,Compositional,5,0.2,1.0,1.0,1.0,1.0,1,5,1,6.61100004799664,,,
0b203279,Impact on operating margins from ZBH's competitive positioning.,Company overview,False,None,5,0.0,0.0,0.0,0.0,0.0,,5,1,2.9972499469295144,,,
ce244827,"HUBB talent dev, employee demographics, labor relations, competitive positioning, profitability.",Company overview,True,None,5,0.2,1.0,1.0,1.0,1.0,1,5,1,0.8480420801788568,,,
d3792a4e,Cash/liquidity shift impact for EQT Corp from 2022-2023.,Financials,False,None,5,0.2,0.5,0.5,0.38685280723454163,0.5438448566610455,2,5,2,4.306667018681765,,,
a519cc67,CMS's cybersecurity risk mgmt (cyber risk) & growth strategies are crucial for safeguarding assets & enabling expansion.,Risk,False,None,5,0.2,1.0,1.0,1.0,1.0,1,5,1,3.360416041687131,,,
2a87b405,2023 share repurchase breakdown for OXY.,Shareholder return,False,None,5,0.0,0.0,0.0,0.0,0.0,,5,1,3.0383749399334192,,,
5917c54a,8% net sales growth forecast for GPC OPEX.,Financials,True,Multiplication,5,0.0,0.0,0.0,0.0,0.0,,5,1,2.579541993327439,,,
21b12275,PG&E Corp's rev growth mult for FY21-FY23.,Financials,True,Multiplication,5,0.0,0.0,0.0,0.0,0.0,,5,1,1.8838340183719993,,,
eb8289a7,The impact of VeriSign’s global marketing & sales office on its profitability (VRSN) and market penetration is significant.,Company overview,False,None,5,0.0,0.0,0.0,0.0,0.0,,5,2,7.080000010319054,,,
bb217dc8,"Revvity's innovative product differentiation, TICKER, through pricing and operational efficiency.",Company overview,False,None,5,0.2,1.0,1.0,1.0,1.0,1,5,1,2.8429579688236117,,,
04a8b1c4,"Impact of cybersecurity spend on profitability, cash flow, and risk profile for ADI.",Risk,False,None,5,0.0,0.0,0.0,0.0,0.0,,5,1,5.490875104442239,,,
4ede4f64,"Debt prioritization, financing options, and capital allocation impact due to NVR restrictive covenants. NVR",Financials,False,None,5,0.2,1.0,0.3333333333333333,0.5,1.0,3,5,1,4.285000031813979,,,
128995bc,FedEx faces operational risk due to CapEx cuts.,Footnotes,False,None,5,0.2,1.0,0.3333333333333333,0.5,1.0,3,5,1,2.532999962568283,,,
72b70e59,Sentiment on PG insider trading & governance risk is critical for investors.,Governance,False,None,5,0.0,0.0,0.0,0.0,0.0,,5,1,3.5798330791294575,,,
d444c9ad,"Abbott Laboratories' cumulative tax expense and burden from 2021-2023, TAXS.",Financials,True,Addition,5,0.2,1.0,1.0,1.0,1.0,1,5,1,4.395624971948564,,,
e9fcaf4a,KKR's trg/phishing/onboarding impact on op risk & profit.,Risk,False,None,5,0.2,1.0,1.0,1.0,1.0,1,5,1,2.1006669849157333,,,
8d382a39,"Total non-op income for Jan 28, 2024, & its impact on financial resilience for NVDA.",Financials,True,Addition,5,0.2,1.0,0.5,0.6309297535714575,1.0,2,5,1,5.201457999646664,,,
dd6fc6f0,BSX's legal proceedings' impact on long-term growth in global medtech.,Legal,False,None,5,0.0,0.0,0.0,0.0,0.0,,5,1,4.168791929259896,,,
63b59dff,ADM's 2023 GM multiplier vs. historical levels.,Financials,True,Multiplication,5,0.0,0.0,0.0,0.0,0.0,,5,1,1.592666027136147,,,
de43cc85,"Aligning investment strategy with long-term profitability & capital allocation involves T-R-V: VP, IPC Chair, co-CIO roles.",Governance,False,None,5,0.0,0.0,0.0,0.0,0.0,,5,1,3.136749961413443,,,
8d2c69f0,Impact of XEL exec tenure on ops efficiency & long-term stability.,Governance,False,None,5,0.0,0.0,0.0,0.0,0.0,,5,1,3.6141250748187304,,,
fb75f59d,HCM strategy for competitive positioning & risk mitigation targeted.,Company overview,True,None,5,0.0,0.0,0.0,0.0,0.0,,5,1,2.3521670373156667,,,
91a4ad56,"Default risk on TMO’s pension guarantee can significantly impact profitability, TMO.",Footnotes,False,None,5,0.0,0.0,0.0,0.0,0.0,,5,1,2.3142079589888453,,,
c9b8bf67,Stryker's impact on cash flow and capex from litigation exp. mgmt.,Legal,False,None,5,0.0,0.0,0.0,0.0,0.0,,5,1,3.9340000366792083,,,
4be2ff68,"Regional risk growth under APD board oversight, APD.",Governance,False,None,5,0.0,0.0,0.0,0.0,0.0,,5,1,1.9246250158175826,,,
7b77a1d5,Veralto Corp; the CISO & cybersecurity ops significantly influence incident mgmt. & company valuation.,Risk,False,None,5,0.0,0.0,0.0,0.0,0.0,,5,1,2.8874579584226012,,,
4acd02f9,Crown Castle Inc. 2023 op. margin vs 2022 & 2021.,Financials,True,Compositional,5,0.2,1.0,1.0,1.0,1.0,1,5,1,2.6424170937389135,,,
fe93aeca,R&D/marketing strategy and early market entry impact on future growth for LLY.,Company overview,False,None,5,0.0,0.0,0.0,0.0,0.0,,5,1,4.7131250612437725,,,
008beea7,Hasbro (HAS) FY 2023 effective interest rate & cost of capital.,Financials,True,Compositional,5,0.2,1.0,1.0,1.0,1.0,1,5,1,4.10545791964978,,,
2366000e,Brown & Brown YoY net inc. trends 2022-2023 for profitability.,Financials,True,Subtraction,5,0.2,1.0,1.0,1.0,1.0,1,5,1,3.8140000542625785,,,
e9bd6c0b,2024 capex by ON Semiconductor will impact cash flow & allocation.,Footnotes,False,None,5,0.0,0.0,0.0,0.0,0.0,,5,1,3.6967910127714276,,,
3e8564fd,"Impact of CMI exec tenure/role mix on stability, succession, & fin. health, ticker.",Governance,False,None,5,0.0,0.0,0.0,0.0,0.0,,5,1,3.3362499671056867,,,
5ec1cab7,GILD's R&D regulatory impact on capital needs and financing mix.,Footnotes,False,None,5,0.2,0.5,1.0,0.6131471927654584,0.8947927736450585,1,5,2,3.723750007338822,,,
171e7e29,Gross margins trend for NEE 2021-2023 adjusted.,Financials,True,Compositional,5,0.0,0.0,0.0,0.0,0.0,,5,1,3.1068340176716447,,,
e8fe34b7,Best Buy 2024 capex split between e-comm/IT vs store/supply chain: BBY,Footnotes,False,None,5,0.2,1.0,1.0,1.0,1.0,1,5,1,1.8639579648151994,,,
bc2fb598,Net vs operating margin impact of discontinued ops for VRSK 2023.,Financials,True,Compositional,5,0.0,0.0,0.0,0.0,0.0,,5,1,4.718334064818919,,,
e5df5d19,Arch Capital (ACGL) mortgage ins. growth strat. vs. gov. programs & multi-line reinsurers.,Company overview,False,None,5,0.2,1.0,1.0,1.0,1.0,1,5,1,1.4158750418573618,,,
325b41bf,"Impact of Etsy's global brand on mkt share compared to trad & online retailers, ticker placed last.",Company overview,False,None,5,0.2,1.0,0.3333333333333333,0.5,1.0,3,5,1,4.825958050787449,,,
5ef0124e,HPE's legal obligations affect its profitability & growth.,Legal,False,None,5,0.2,1.0,1.0,1.0,1.0,1,5,1,1.7296250443905592,,,
b8f2e37f,"Turnover rates & demographics of WMB employees affect competitive positioning & operational efficiency, WMB.",Company overview,True,None,5,0.0,0.0,0.0,0.0,0.0,,5,1,2.9942080145701766,,,
8b9544ef,Diversity headcount change in COP leadership impacts talent strategy.,Company overview,True,Compositional,5,0.0,0.0,0.0,0.0,0.0,,5,1,2.636625082232058,,,
2aab6ad3,historical cyber impact & current risk mitigation framework at Chubb Limited (CB),Risk,False,None,5,0.2,1.0,1.0,1.0,1.0,1,5,1,2.315458026714623,,,
5102022a,WEC's union/non-union mix & labor influence on flexibility and cash flows.,Company overview,True,Compositional,5,0.0,0.0,0.0,0.0,0.0,,5,1,3.5630830097943544,,,
80b4c7f2,UHS DSH cash flow impact and payment exposure.,Legal,False,None,5,0.2,1.0,1.0,1.0,1.0,1,5,1,2.7932500233873725,,,
eb8bf697,Percentage of the US workforce at Honeywell.,Company overview,True,Compositional,5,0.0,0.0,0.0,0.0,0.0,,5,1,4.208834026940167,,,
d8444c14,JKHY FY24 dil. EPS vs. FY23 net inc. growth.,Financials,True,Compositional,5,0.0,0.0,0.0,0.0,0.0,,5,1,1.2633330188691616,,,
729e9e22,Impact on OPEX & breach cost savings due to SFI investment by MSFT.,Risk,False,None,5,0.0,0.0,0.0,0.0,0.0,,5,1,4.173833993263543,,,
7c496ab8,CIG's CISO & cyber def reporting bolster cybersecurity risk mgmt and enhance investor confidence at Philip Morris International.,Risk,False,None,5,0.2,1.0,0.25,0.43067655807339306,1.0,4,5,1,3.38570901658386,,,
3fdcbf86,"Analysis of Seagate's rev decline across channels/geographies for July '22 to June '24, STX.",Footnotes,False,None,5,0.0,0.0,0.0,0.0,0.0,,5,1,4.623207962140441,,,
3f4538b6,The impact of LRCX warranty packages on customer confidence & recurring revenue.,Company overview,False,None,5,0.2,1.0,1.0,1.0,1.0,1,5,1,4.583416972309351,,,
9aea4c5f,Impact on capital structure and liquidity from share buybacks at Capital One (COF).,Shareholder return,False,None,5,0.0,0.0,0.0,0.0,0.0,,5,1,5.0301250303164124,,,
d9efbfd4,CHRW's ESG governance structure incorporates the Chief HR/ESG monitoring process.,Governance,False,None,5,0.0,0.0,0.0,0.0,0.0,,5,2,2.7039999840781093,,,
c3940015,FMC’s cybersecurity incident mgmt impacts investor confidence & market val. when evaluating the ticker.,Risk,False,None,5,0.2,1.0,1.0,1.0,1.0,1,5,1,2.8050000546500087,,,
310a0390,Risk of adverse ruling in CME legal proceedings could impact.,Legal,False,None,5,0.2,1.0,1.0,1.0,1.0,1,5,1,4.325667046941817,,,
1127cdbe,FT associate % at Ulta Beauty.,Company overview,True,Division,5,0.2,1.0,0.25,0.43067655807339306,1.0,4,5,1,1.09737494494766,,,
d3d61c3d,Share repurchase volume and avg price by period for Lamb Weston (LW).,Shareholder return,False,None,5,0.0,0.0,0.0,0.0,0.0,,5,1,4.536499967798591,,,
f84e5b23,Impact on cash flow due to legal settlements for AIG.,Legal,False,None,5,0.2,1.0,0.5,0.6309297535714575,1.0,2,5,1,4.584833048284054,,,
ac775c26,Moody's (MCO) 2023 EPS x wtd avg shrs vs reported NI.,Financials,True,Multiplication,5,0.0,0.0,0.0,0.0,0.0,,5,1,1.674083061516285,,,
fddb90be,"AAPL board experience on profitability, cap allocation impact.",Governance,False,None,5,0.0,0.0,0.0,0.0,0.0,,5,1,2.4099170695990324,,,
c2c93989,BNSF: Impact of competitive factors on revenue & fin'l performance.,Company overview,False,None,5,0.2,1.0,1.0,1.0,1.0,1,5,1,4.040499916300178,,,
15f5d8fb,"Impact of TXN geo rev mix on regional risk & growth opps, TXN.",Footnotes,False,None,5,0.0,0.0,0.0,0.0,0.0,,5,1,3.5243750317022204,,,
21abe5f6,"ODFL faces pricing, capacity, & service quality risks; mitigation measures include strategic pricing, fleet optimization, & enhanced customer service protocols.",Company overview,False,None,5,0.0,0.0,0.0,0.0,0.0,,5,1,2.2902500350028276,,,
733d4435,Impact of US concentration on stability & innovation for SHW workforce geo dist.,Company overview,True,None,5,0.0,0.0,0.0,0.0,0.0,,5,1,4.146332968957722,,,
df883f40,Cybersecurity risk mgmt for Steel Dynamics (STLD) may have significant fin. impact.,Risk,False,None,5,0.0,0.0,0.0,0.0,0.0,,5,1,3.4254170022904873,,,
1db1d5fc,TSN's variable consideration risk may adversely affect its profitability & cash flow.,Accounting,False,None,5,0.0,0.0,0.0,0.0,0.0,,5,1,2.5647919392213225,,,
f9b30ca9,NII growth vs total interest income for FTHR in 2022-2023.,Financials,True,Compositional,5,0.0,0.0,0.0,0.0,0.0,,5,1,5.308042047545314,,,
bc20b319,Terms on convertible notes for ETSY can have a significant impact on debt mgmt.,Financials,False,None,5,0.2,1.0,1.0,1.0,1.0,1,5,1,4.811166087165475,,,
d3866026,PS insurance limits vs max prob loss for risk mgmt.,Legal,False,None,5,0.2,1.0,1.0,1.0,1.0,1,5,1,2.185499994084239,,,
97a49f41,absence of updated Rule 10b5-1 plans at GPN impacts financial health & long-term value commmt.,Governance,False,None,5,0.0,0.0,0.0,0.0,0.0,,5,1,4.791041952557862,,,
232e40ba,Impact on op risk and long-term strategy from ADSK employee headcount mix.,Company overview,True,None,5,0.0,0.0,0.0,0.0,0.0,,5,1,4.678332945331931,,,
cacafcdc,"Amazon's rev mix influences rev growth & OI, with various segments contributing differently.",Company overview,False,None,5,0.0,0.0,0.0,0.0,0.0,,5,1,2.0213329698890448,,,
ccb3f709,"Impact of Rollins covenant on ops flexibility & credit capacity, ROL.",Footnotes,False,None,5,0.2,1.0,1.0,1.0,1.0,1,5,1,3.3825000282377005,,,
dfe523a6,Geo mix operational efficiency risks WST emp.,Company overview,True,None,5,0.0,0.0,0.0,0.0,0.0,,5,1,0.6132499547675252,,,
865ab092,"IPG alignment for oversight & legal risk involving CEO, CFO, ticker GC, CAO.",Governance,False,None,5,0.0,0.0,0.0,0.0,0.0,,5,1,2.3777500027790666,,,
5d752537,Impact of $14M off-market liability amortization on rev & earnings trends for LHX.,Footnotes,False,None,5,0.2,1.0,1.0,1.0,1.0,1,5,1,4.728666041046381,,,
38280e9d,"EBITA trends for IPG in MD&E, IA&C, and SC&E indicate underlying profitability and op efficiency.",Footnotes,False,None,5,0.2,1.0,1.0,1.0,1.0,1,5,1,4.304917063564062,,,
e7cfcef0,Impact of HPE's cybersecurity initiative on profitability for ticker.,Risk,False,None,5,0.2,1.0,0.5,0.6309297535714575,1.0,2,5,1,4.0044160559773445,,,
9912e204,Impact of exec tenure on DIS strategy consistency & profitability.,Governance,False,None,5,0.0,0.0,0.0,0.0,0.0,,5,1,3.282416029833257,,,
f92c85bd,Capex breakdown of $4.6B for FCX: major mining vs Indonesia smelter.,Footnotes,False,None,5,0.2,1.0,1.0,1.0,1.0,1,5,1,3.1656669452786446,,,
6a79b60b,"Crown Castle's (CCI) competitive positioning: locational, deployment speed, QoS factors vs. traditional fiber & small cell entrants.",Company overview,False,None,5,0.2,1.0,1.0,1.0,1.0,1,5,1,0.9868750348687172,,,
1e547123,MGM's legal risk profile impact from cybersecurity insurance.,Legal,False,None,5,0.0,0.0,0.0,0.0,0.0,,5,1,2.3633750388398767,,,
c4a5e704,Linde plc's exec appointments could impact growth valuation significantly.,Governance,False,None,5,0.0,0.0,0.0,0.0,0.0,,5,1,0.9674999164417386,,,
47b6ff37,Analyzing NPM trends for AFL in 2023.,Financials,True,Compositional,5,0.0,0.0,0.0,0.0,0.0,,5,1,3.5894999746233225,,,
67feb1c2,% of FTE for D union reps outside Virginia Power.,Company overview,True,Compositional,5,0.0,0.0,0.0,0.0,0.0,,5,1,3.331791958771646,,,
f934797b,FRT board structure; exec vs non-exec (sig pg),Governance,False,None,5,0.0,0.0,0.0,0.0,0.0,,5,1,1.11241708509624,,,
90182dc0,What % of Lamb Weston intl. employees are based outside the U.S.?,Company overview,True,Compositional,5,0.0,0.0,0.0,0.0,0.0,,5,1,5.098040914162993,,,
3770b7f0,"Analysis of employee comp. ratio & retention for Valero, ticker VLO.",Company overview,True,Division,5,0.0,0.0,0.0,0.0,0.0,,5,1,3.3412500051781535,,,
250330d5,AI investments by Intuit impact operational efficiency margin.,Company overview,False,None,5,0.2,1.0,0.3333333333333333,0.5,1.0,3,5,1,1.9484999356791377,,,
8da67ac2,"Exelon’s smart grid, storm hardening & reliability tech yield financial returns (EXC).",Governance,False,None,5,0.2,1.0,1.0,1.0,1.0,1,5,1,1.3306670589372516,,,
7c672859,CMCSA subscriber & cash flow resiliency vs. wireline/wireless comp.,Company overview,False,None,5,0.2,0.5,0.5,0.38685280723454163,0.5574878018265983,2,5,2,0.7902910001575947,,,
a0bb8903,Operational impacts of cybersecurity on breach costs & growth for IDEXX.,Risk,False,None,5,0.2,1.0,1.0,1.0,1.0,1,5,1,4.4738749274984,,,
841af29f,ALGN's purchase commitments can influence liquidity & working cap.,Footnotes,False,None,5,0.0,0.0,0.0,0.0,0.0,,5,2,1.1640419252216816,,,
379644c5,Dollar Tree FT/PT ratio & % FT workforce.,Company overview,True,Division,5,0.0,0.0,0.0,0.0,0.0,,5,1,0.31049991957843304,,,
1dc1afeb,"2024 premium forecast for Everest Group Ltd using the growth factor from 2022-23, EGL.",Financials,True,Multiplication,5,0.2,1.0,0.5,0.6309297535714575,1.0,2,5,1,4.983791965059936,,,
845d1876,Fortinet (FTNT) capital allocation in R&D and cust. support effectiveness.,Company overview,False,None,5,0.0,0.0,0.0,0.0,0.0,,5,1,3.792540985159576,,,
a251f9f7,Impact of BlackRock legal disputes on LT profitability & cap allocation.,Legal,False,None,5,0.2,1.0,1.0,1.0,1.0,1,5,1,3.4294159850105643,,,
a3012bee,The impact of FAST customer diversification on revenue stability and capital allocation.,Footnotes,False,None,5,0.0,0.0,0.0,0.0,0.0,,5,1,5.772958043962717,,,
4d1e5449,"Employee count by union/non-union for BXP, as of Dec 2023.",Company overview,True,Compositional,5,0.2,1.0,1.0,1.0,1.0,1,5,1,5.419999943114817,,,
a97d9785,Verisk Analytics (VRSK) faces long-term debt refinancing risks impacting capital planning.,Financials,False,None,5,0.0,0.0,0.0,0.0,0.0,,5,1,1.9367500208318233,,,
8c4d3adb,Calculating historical employee count for LKQ using hypothetical CAGR assumptions.,Company overview,True,Compositional,5,0.0,0.0,0.0,0.0,0.0,,5,1,2.10320798214525,,,
8760bb8f,HP's (HPQ) capital allocation via share repurchase & net debt repayment enhances shareholder returns.,Footnotes,False,None,5,0.0,0.0,0.0,0.0,0.0,,5,1,2.2126249969005585,,,
e010795d,Impact of litigation uncertainty risk on CBRE.,Legal,False,None,5,0.0,0.0,0.0,0.0,0.0,,5,1,3.4491249825805426,,,
6ff1e2b0,Repurchase timing vs flexibility for MO in Jan '23 vs Jan '24.,Shareholder return,False,None,5,0.0,0.0,0.0,0.0,0.0,,5,1,3.261999925598502,,,
6b981838,Xcel Energy (XEL) revenue & net income growth trends driven by segment performance.,Shareholder return,False,None,5,0.0,0.0,0.0,0.0,0.0,,5,1,3.013291978277266,,,
a54fecf0,Cboe (CBOE) allocates capital primarily towards dividends/share buybacks vs growth investments.,Footnotes,False,None,5,0.0,0.0,0.0,0.0,0.0,,5,2,2.111333073116839,,,
8a78e858,eBay quarterly seasonal net rev trends & seq pct changes (3Y),Shareholder return,False,None,5,0.2,1.0,0.5,0.6309297535714575,1.0,2,5,1,1.281667035073042,,,
4fc7ea18,Great Place to Work growth in the TSCO workforce strategy.,Company overview,True,None,5,0.2,1.0,0.3333333333333333,0.5,1.0,3,5,1,4.588000010699034,,,
032ab4b7,"Keysight's cybersecurity framework, KEY, is crucial for financial risk mitigation as outlined in NIST SP 800-171.",Risk,False,None,5,0.2,1.0,1.0,1.0,1.0,1,5,1,5.420791916549206,,,
80609166,Integration of IP capex with capital structure & rating impacts on profit growth.,Footnotes,False,None,5,0.0,0.0,0.0,0.0,0.0,,5,1,4.245458985678852,,,
115841a0,Juniper Networks (JNPR) focus on capital allocation and strategic priorities from recent financials.,Company overview,False,None,5,0.0,0.0,0.0,0.0,0.0,,5,1,4.141749930568039,,,
1fb441a1,Monitoring deposit trends influenced by competitor interest rates for HBAN.,Financials,False,None,5,0.2,1.0,0.5,0.6309297535714575,1.0,2,5,1,2.9642090667039156,,,
bb1b004a,Implications for cash flow & cap allocation due to insider trading at Entergy (ETR).,Governance,False,None,5,0.0,0.0,0.0,0.0,0.0,,5,1,4.1024580132216215,,,
f7f183bb,R&D innovation cap alloc strategy at GOOGL: current vs historical periods of acquisition/divestiture.,Footnotes,False,None,5,0.0,0.0,0.0,0.0,0.0,,5,1,3.6914160009473562,,,
94d9c7ca,Employee growth multiplier for PAYC vs expected target.,Company overview,True,Division,5,0.0,0.0,0.0,0.0,0.0,,5,1,2.2799589205533266,,,
e479900d,Conditions of Mohawk Industries' (MHK) repurchase program and their impact on investors.,Shareholder return,False,None,5,0.0,0.0,0.0,0.0,0.0,,5,1,4.796833032742143,,,
6e8ebd1d,Rest of World workforce % AOS reported.,Company overview,True,Compositional,5,0.2,1.0,0.5,0.6309297535714575,1.0,2,5,1,2.279084059409797,,,
c7bd1759,Impact of TJX legal claims on cap allocation & valuation metrics?,Legal,False,None,5,0.2,1.0,1.0,1.0,1.0,1,5,1,3.6420419346541166,,,
9534c55e,Risk implications for APA's remaining $600M spend in Egypt PSC.,Footnotes,False,None,5,0.2,1.0,1.0,1.0,1.0,1,5,1,3.092415980063379,,,
f2c16abd,Cybersecurity event readiness valuation assessment for DIS.,Risk,False,None,5,0.0,0.0,0.0,0.0,0.0,,5,1,1.9934580195695162,,,
25aeb00d,"Ford 2023 capex alignment: growth initiatives vs other investing cash outflows, F",Footnotes,False,None,5,0.0,0.0,0.0,0.0,0.0,,5,1,3.172583063133061,,,
f7a17972,Impact on risk & cap allocation from FCX's power PPA terms & min demand obligations.,Footnotes,False,None,5,0.2,1.0,1.0,1.0,1.0,1,5,1,3.28212499152869,,,
2f48a322,"Conagra Brands' capex trends indicate a focus on strategic investments for growth, with a positive outlook ahead for the CAG.",Footnotes,False,None,5,0.0,0.0,0.0,0.0,0.0,,5,1,5.665875039994717,,,
7aaa9885,EIX net profit margin FY23 compared to FY21/FY22.,Financials,True,Compositional,5,0.0,0.0,0.0,0.0,0.0,,5,1,2.7045420138165355,,,
38aeac1d,Impact on margins from shipping fee cost acct for LULU.,Accounting,False,None,5,0.0,0.0,0.0,0.0,0.0,,5,1,3.7051669787615538,,,
09f68daf,"Financial performance & valuation of DTE, as assessed by its board structure.",Governance,False,None,5,0.0,0.0,0.0,0.0,0.0,,5,1,4.9780410481616855,,,
995a7473,2024 ROK property capex vs 2022-2023.,Footnotes,False,None,5,0.0,0.0,0.0,0.0,0.0,,5,1,2.783791976980865,,,
e1ad203a,Effect on asset base & op capacity forecast from SBUX capex.,Footnotes,False,None,5,0.0,0.0,0.0,0.0,0.0,,5,1,2.7041250141337514,,,
bfd44d99,FTE vs PTE ratio (BBWI) impact on comp & HR cap allocation.,Company overview,True,Compositional,5,0.0,0.0,0.0,0.0,0.0,,5,1,1.8089590594172478,,,
182f0809,"GM operating margin 2023 vs 2022, GM.",Financials,True,Division,5,0.2,1.0,0.2,0.38685280723454163,1.0,5,5,1,2.6249169604852796,,,
73b89c35,The inventory turnover ratio for KLA Corp (KLAC) based on the 2023-24 ending inventory and cost of revenue indicates operational efficiency.,Financials,False,None,5,0.0,0.0,0.0,0.0,0.0,,5,2,7.672375068068504,,,
ee46d84d,Insights on capex/assets ratio and fiscal discipline for UR in 2023.,Footnotes,False,None,5,0.0,0.0,0.0,0.0,0.0,,5,1,5.697417072951794,,,
f7345c53,How does MCO's pre-tax gain on debt extinguishment improve from -0.38 in '22 to 0 in '23?,Financials,True,Subtract,5,0.2,1.0,1.0,1.0,1.0,1,5,1,5.290916073136032,,,
907fe84f,Q4 2023 share buyback program value and cap structure strategy from Zoetis.,Shareholder return,False,None,5,0.2,1.0,0.2,0.38685280723454163,1.0,5,5,1,4.504874930717051,,,
824157a4,INTC's weighted avg effective int. rate & future int. exp.,Financials,False,None,5,0.0,0.0,0.0,0.0,0.0,,5,1,1.066999975591898,,,
68ea2cce,"Update on CPB repurchase capacity for June/Sept 2021 and implications for future buybacks, ticker CPB.",Shareholder return,False,None,5,0.0,0.0,0.0,0.0,0.0,,5,1,4.753165994770825,,,
23862201,Impact of CDNS cert on investor sentiment & valuation is noteworthy.,Risk,False,None,5,0.0,0.0,0.0,0.0,0.0,,5,1,3.8072499446570873,,,
9759448e,Ralph Lauren Corp trends in 3-yr net rev/op inc/net inc & efficiency.,Financials,True,Compositional,5,0.2,1.0,0.5,0.6309297535714575,1.0,2,5,1,2.8326669707894325,,,
73c47ada,ARP adjustments for EXC impact rev & income rec.,Accounting,False,None,5,0.2,1.0,1.0,1.0,1.0,1,5,1,2.26808397565037,,,
6e58ecc3,BKNG 25k HC proj US emp split.,Company overview,True,Compositional,5,0.0,0.0,0.0,0.0,0.0,,5,1,0.4962080856785178,,,
ac7cef6f,"Paycom’s (PAYC) interest income, recurring rev, profitability, and cash flow.",Accounting,False,None,5,0.2,1.0,0.5,0.6309297535714575,1.0,2,5,1,2.9836250469088554,,,
5bb9ddd9,"HD CapEx sustainability historical trends, projected needs, & long-term profit impact.",Footnotes,False,None,5,0.0,0.0,0.0,0.0,0.0,,5,2,1.64733303245157,,,
a847cc21,"Impact of JAC 5.9% bonds interest step-up on future interest exp. and fin. health, JAC.",Financials,False,None,5,0.2,1.0,1.0,1.0,1.0,1,5,1,4.82312508393079,,,
c37dca0a,ROK's revenue allocation for primary products vs incentives using the SSP method relative to its peer tickers.,Accounting,False,None,5,0.0,0.0,0.0,0.0,0.0,,5,1,4.916791920550168,,,
beb3f801,Net inc + tax vs pre-tax inc for Coterra Energy Inc. for 2021-23.,Financials,True,Addition,5,0.2,1.0,1.0,1.0,1.0,1,5,1,3.198042046278715,,,
acf3ad7b,2023 TGT net profit margin vs prior yrs.,Financials,True,Division,5,0.0,0.0,0.0,0.0,0.0,,5,1,2.0355830201879144,,,
eb8c4b27,CAGR for MS trading rev.,Financials,True,Compositional,5,0.0,0.0,0.0,0.0,0.0,,5,1,1.664959010668099,,,
03bb2a85,60% workforce high-cost region headcount & ticker MET profitability impact.,Company overview,True,Compositional,5,0.0,0.0,0.0,0.0,0.0,,5,1,1.3271250063553452,,,
b06b2778,Pricing allocation for bundled perf obligations in QRVO.,Accounting,False,None,5,0.0,0.0,0.0,0.0,0.0,,5,1,3.1400839798152447,,,
605dbb1a,"D/E, interest coverage, and liquidity affect capital structure.",Shareholder return,False,None,5,0.0,0.0,0.0,0.0,0.0,,5,1,3.082666895352304,,,
6c0cf8f1,"FCF trends and allocation for NiSource include CapEx, debt, and dividends.",Shareholder return,False,None,5,0.0,0.0,0.0,0.0,0.0,,5,1,3.5354590509086847,,,
828fb2d1,ROST's margin impact from growth drivers in the product mix segments.,Footnotes,False,None,5,0.0,0.0,0.0,0.0,0.0,,5,3,4.425875027664006,,,
a1aed0db,NYS lawsuit against PepsiCo focuses on liability for public nuisance & deceptive claims.,Legal,False,None,5,0.2,1.0,1.0,1.0,1.0,1,5,1,3.0969579238444567,,,
6790c3b2,"Impact of CRM board diversity on growth & profitability, ticker at end.",Governance,False,None,5,0.0,0.0,0.0,0.0,0.0,,5,1,4.3225830886512995,,,
800ca373,AEP's EPS FY23 recon check: basic EPS vs net inc.,Financials,True,Addition,5,0.2,1.0,0.25,0.43067655807339306,1.0,4,5,1,1.2550830142572522,,,
1629d803,CAH's at-Home Solutions error affects rev comp & financial health.,Accounting,False,None,5,0.2,1.0,1.0,1.0,1.0,1,5,1,2.097541932016611,,,
b29d99c7,Impact on supply chain risk and cost structure for Skyworks globally.,Governance,False,None,5,0.0,0.0,0.0,0.0,0.0,,5,1,4.497915972024202,,,
bab4997a,Sempra LNG facility location's impact on CAPEX & profitability.,Company overview,False,None,5,0.0,0.0,0.0,0.0,0.0,,5,1,1.9147921120747924,,,
b9d7e934,EQIX: how NIST/ISO compliance affects cyber risk & financial exposure.,Risk,False,None,5,0.0,0.0,0.0,0.0,0.0,,5,1,1.9293749937787652,,,
1619611a,Effects on cost structure & FCF from MCK's cybersecurity investment.,Risk,False,None,5,0.0,0.0,0.0,0.0,0.0,,5,1,2.8650829335674644,,,
420d5bba,FDS 2024 OPEX change vs. REV change from 2023.,Financials,True,Subtract,5,0.0,0.0,0.0,0.0,0.0,,5,1,2.8849169611930847,,,
bef3834b,Impact of potential legal loss on GS capital structure.,Legal,False,None,5,0.0,0.0,0.0,0.0,0.0,,5,1,4.092999966815114,,,
99d237ff,"The impact of cybersecurity controls on capital allocation and profitability amid incident risk for Williams Companies, WMB.",Risk,False,None,5,0.0,0.0,0.0,0.0,0.0,,5,1,6.793041946366429,,,
86c2408a,"Exec demographics, governance, and succession risk for CL.",Governance,False,None,5,0.0,0.0,0.0,0.0,0.0,,5,1,3.2391250133514404,,,
0e8bfc8c,"MDT, conduct capex trend analysis for Medtronic plc to assess reinvestment strategy.",Footnotes,False,None,5,0.0,0.0,0.0,0.0,0.0,,5,1,3.324833931401372,,,
71978df1,Contingency reserves pending claims historical comparison for EOG.,Legal,False,None,5,0.2,1.0,1.0,1.0,1.0,1,5,1,1.989290933124721,,,
53ccc41c,VTRS can employ IP litigation risk mitigation strategies to safeguard its interests.,Company overview,False,None,5,0.0,0.0,0.0,0.0,0.0,,5,1,3.111041965894401,,,
982dfb3f,"Last yr, significant insider activity suggests mgmt confidence in HAL.",Governance,False,None,5,0.0,0.0,0.0,0.0,0.0,,5,1,2.3676250129938126,,,
dc7140c7,"Explore FS's $230M liability risk profile, with ticker insights impacting cap allocation.",Legal,False,None,5,0.0,0.0,0.0,0.0,0.0,,5,1,1.9670410547405481,,,
ed16c837,HPE vs 61k: 10% output boost effective headcount.,Company overview,True,Compositional,5,0.2,1.0,0.3333333333333333,0.5,1.0,3,5,1,0.595416990108788,,,
61b75f97,Impact of General Dynamics' cybersecurity stance on capex & investment strategy GD.,Risk,False,None,5,0.0,0.0,0.0,0.0,0.0,,5,1,3.9511669892817736,,,
f6724406,"Forecasts for mitigating cybersecurity risks by Lockheed Martin, ticker LMT.",Risk,False,None,5,0.2,1.0,1.0,1.0,1.0,1,5,1,2.7550000231713057,,,
df598abc,$7.4B contractual obligations from ConocoPhillips vs timing impact on op cash flow.,Footnotes,False,None,5,0.0,0.0,0.0,0.0,0.0,,5,1,3.446832997724414,,,
0f5f0f0f,SSP judgment on TRMB's bundled discount allocation.,Accounting,False,None,5,0.2,1.0,1.0,1.0,1.0,1,5,1,1.6491659916937351,,,
6b748773,"Impact on comp. & profit. from advanced dist., pkg., & customization investments by COO.",Company overview,False,None,5,0.0,0.0,0.0,0.0,0.0,,5,1,3.3918749541044235,,,
7c486343,VICI's lease capex impact on future capex allocation & cash flow planning.,Footnotes,False,None,5,0.0,0.0,0.0,0.0,0.0,,5,2,2.709332969971001,,,
997b6f80,Impact of leverage risk on BKR OBS.,Footnotes,False,None,5,0.0,0.0,0.0,0.0,0.0,,5,1,3.3113330136984587,,,
8d508378,"Corteva's strategy on germplasm & traits within the competitive landscape, CTVA.",Company overview,False,None,5,0.2,1.0,1.0,1.0,1.0,1,5,1,3.3296250039711595,,,
ed517235,"Insights on growth & comp positioning regarding capex from PEP 2023, with ticker at the end.",Footnotes,False,None,5,0.0,0.0,0.0,0.0,0.0,,5,1,5.6368340738117695,,,
b2c9909f,"KR 2023 operating CF adjustments driven by depn, impairments & non-cash items vs prior periods.",Footnotes,False,None,5,0.0,0.0,0.0,0.0,0.0,,5,1,3.6097089760005474,,,
1fd37e8b,2023 CapEx vs. Dep. segment strat. for BRK.,Footnotes,False,None,5,0.0,0.0,0.0,0.0,0.0,,5,1,2.63758294750005,,,
dbc2f26b,HD notes maturity trends & refinancing risk are noted.,Financials,False,None,5,0.0,0.0,0.0,0.0,0.0,,5,1,1.9088339759036899,,,
fcd422c1,"Impact of UHS mngd care contracts on revenue & margins vs peers, particularly UHS ticker.",Company overview,False,None,5,0.0,0.0,0.0,0.0,0.0,,5,1,3.6468340549618006,,,
e64f288b,"Airbnb's cybersecurity measures have a notable financial impact on its ops and CAPEX, ticker in last.",Risk,False,None,5,0.0,0.0,0.0,0.0,0.0,,5,1,6.44891697447747,,,
57010950,Impact of exec roles on risk mgmt & ops efficiency at Elevance Health (ELV),Governance,False,None,5,0.0,0.0,0.0,0.0,0.0,,5,1,4.133458016440272,,,
16848acc,"Cadence’s competitive positioning is influenced by its investments in talent, diversity, and engagement, CDNS.",Company overview,True,None,5,0.2,1.0,1.0,1.0,1.0,1,5,1,5.0698749255388975,,,
b2f7dff0,Impact of LKQ dist. & inventory vs. aftermarket/OEM.,Company overview,False,None,5,0.0,0.0,0.0,0.0,0.0,,5,1,2.4734579492360353,,,
9d21a3ac,Valuation impact of GS cybersecurity & risk.,Risk,False,None,5,0.0,0.0,0.0,0.0,0.0,,5,1,2.7465829625725746,,,
8e621ede,FS Snap-on rev/exp impact on op earnings & segment growth.,Financials,True,Compositional,5,0.2,1.0,0.5,0.6309297535714575,1.0,2,5,1,2.374082920141518,,,
8be1cd19,"Growth acceleration in SNPS Design IP segment, future outlook, and risks.",Footnotes,False,None,5,0.0,0.0,0.0,0.0,0.0,,5,1,3.7097909953445196,,,
0f66ee0e,"Mitigating risk through a diversified customer base for revenue growth, DD.",Company overview,False,None,5,0.0,0.0,0.0,0.0,0.0,,5,1,3.7580420030280948,,,
cb9b0a31,Impact of capital allocation timing on NDAQ repurchase methods.,Shareholder return,False,None,5,0.0,0.0,0.0,0.0,0.0,,5,1,3.734000027179718,,,
b8b5740e,Impact of DXCM governance policies on investor confidence & cap allocation.,Governance,False,None,5,0.0,0.0,0.0,0.0,0.0,,5,2,3.4568749833852053,,,
2284d0ac,"The impact of capital allocation, risk mgmt., and hybrid multicloud strategies of Equinix AI, EQIX.",Company overview,False,None,5,0.2,1.0,0.5,0.6309297535714575,1.0,2,5,1,4.922292078845203,,,
07312099,FY23 share repurchase breakdown timing & avg prices for Fortive.,Shareholder return,False,None,5,0.0,0.0,0.0,0.0,0.0,,5,1,2.2438749438151717,,,
21a7b863,How do net card fee deferral and straight-line recognition impact AXP's revenue stability and short-term profitability?,Accounting,False,None,5,0.2,1.0,0.25,0.43067655807339306,1.0,4,5,1,3.655333071947098,,,
97a58d47,YoY change in diluted EPS for AFL in 2023.,Financials,True,Compositional,5,0.0,0.0,0.0,0.0,0.0,,5,1,3.7287090672180057,,,
ea494e3f,DLR's external factors influencing CapEx/investment strategy.,Footnotes,False,None,5,0.0,0.0,0.0,0.0,0.0,,5,1,1.2140839826315641,,,
ed7d4351,"Impact of Fox Corp's cybersecurity risk monitoring on credit rating, ticker FOX.",Risk,False,None,5,0.2,1.0,0.5,0.6309297535714575,1.0,2,5,1,3.704375005327165,,,
b494b8b3,Exec team succession risks from age diversity in CTSH.,Governance,False,None,5,0.0,0.0,0.0,0.0,0.0,,5,1,3.1322919530794024,,,
340c0d3f,Liquidity vs long-term growth: MCHP capex balance.,Footnotes,False,None,5,0.0,0.0,0.0,0.0,0.0,,5,1,1.312499982304871,,,
ff28cc54,"Impact on KPI tracking and profitability of HSIC IMS, HSIC.",Legal,False,None,5,0.0,0.0,0.0,0.0,0.0,,5,1,4.00883296970278,,,
ea10b9f8,Revenue recognition for late fees & fin. charges by Corpay impacts profitability; ticker at end.,Accounting,False,None,5,0.2,1.0,0.25,0.43067655807339306,1.0,4,5,1,3.638499998487532,,,
38fd54d0,TDY's legal/regulatory impact on competitive positioning & valuation re export controls/trade compliance.,Legal,False,None,5,0.2,1.0,0.2,0.38685280723454163,1.0,5,5,1,2.872832934372127,,,
25d93bcd,"SYK profitability analysis for 2023 vs 2022, focusing on goodwill impair/amort.",Financials,False,None,5,0.0,0.0,0.0,0.0,0.0,,5,2,4.04966704081744,,,
8c83a642,"Ruling on AOS patent impacts capital allocation strategy for the co. with ticker in focus, AOS.",Legal,False,None,5,0.0,0.0,0.0,0.0,0.0,,5,1,5.970500060357153,,,
aea9d9e5,"Marriott's sustainability & emissions targets, with the ticker in the mix, could significantly impact growth.",Governance,False,None,5,0.2,0.5,1.0,0.6131471927654584,0.4725778409988936,1,5,2,4.394749994389713,,,
5fe8bbb2,"Hilton Worldwide (HLT) employs 178k direct staff, which represents % of total workforce.",Company overview,True,Compositional,5,0.0,0.0,0.0,0.0,0.0,,5,1,3.482458065263927,,,
8954e9c0,"Unconditional commitments amounts & timeline, cash flow impact for PPG.",Footnotes,False,None,5,0.2,1.0,1.0,1.0,1.0,1,5,1,2.7724580140784383,,,
3c4ea168,"Obligations of PG&E in the near term vs. long-term timing magnitude, PG&E.",Footnotes,False,None,5,0.0,0.0,0.0,0.0,0.0,,5,1,5.065958946943283,,,
e4906a95,"Cogeneration/PPAs impact on cost structure, cash flow & financial health for Southern Co.",Company overview,False,None,5,0.2,1.0,1.0,1.0,1.0,1,5,1,4.191583022475243,,,
da9853fc,Impact on capital allocation and short-medium liquidity from CZR lease/operating contracts.,Footnotes,False,None,5,0.0,0.0,0.0,0.0,0.0,,5,1,4.8205830389633775,,,
9b96bb5c,Vulcan Materials (VMC) has contractual obligations that impact cash flow timing.,Footnotes,False,None,5,0.0,0.0,0.0,0.0,0.0,,5,1,3.0267080292105675,,,
36625641,"Impact of new exec at Waters Corp (WAT) on FM, governance, & growth?",Governance,False,None,5,0.2,1.0,1.0,1.0,1.0,1,5,1,4.090124974027276,,,
5e3cadd5,WDC capped call hedge dilution ~$155M net proceeds cap price ~70.26.,Shareholder return,False,None,5,0.2,1.0,1.0,1.0,1.0,1,5,1,1.3784579932689667,,,
bf120812,"Liquidity impact from HPP 2023 financing, with net borrowings vs repayments, ticker in last position.",Footnotes,False,None,5,0.0,0.0,0.0,0.0,0.0,,5,1,4.942207946442068,,,
ba09b711,Projected employee count for NG next FY.,Company overview,True,Compositional,5,0.0,0.0,0.0,0.0,0.0,,5,1,1.907791942358017,,,
0019de4b,ADP's net earnings vs diluted EPS growth for FY 2023-2024.,Financials,True,Compositional,5,0.2,1.0,1.0,1.0,1.0,1,5,1,3.6849169991910458,,,
4bb77ba6,FRT's trends in CIP & lease ROU for 2022-23 impact growth/assets strategy.,Financials,False,None,5,0.0,0.0,0.0,0.0,0.0,,5,1,4.3452499667182565,,,
f2396b30,Cintas' (CTAS) liquidity sources include operating CF vs debt capacity.,Financials,False,None,5,0.0,0.0,0.0,0.0,0.0,,5,1,1.894082990474999,,,
2ab793d6,Asbestos liability estimation risk profile for TT affects capital allocation.,Legal,False,None,5,0.2,1.0,1.0,1.0,1.0,1,5,1,2.45779100805521,,,
7651d550,"Impact of PH contract reserve on rev & profit, ticker.",Accounting,False,None,5,0.0,0.0,0.0,0.0,0.0,,5,1,3.3409579191356897,,,
e234202e,Adequacy of reserves accrual by Teleflex for legal risks (TLFX).,Legal,False,None,5,0.0,0.0,0.0,0.0,0.0,,5,1,4.149582935497165,,,
e90d475d,Multi-layered cybersecurity effectiveness of Corpay.,Risk,False,None,5,0.0,0.0,0.0,0.0,0.0,,5,1,2.4428339675068855,,,
6e37729c,Micron's (MU) gross margin trends for FY22-24 reflect operational vs cost strategy.,Financials,False,None,5,0.2,0.5,0.5,0.38685280723454163,0.4019607843137255,2,5,2,2.5932920398190618,,,
6d9c2e56,EPS drivers & sustainability analysis for KHC.,Financials,False,None,5,0.0,0.0,0.0,0.0,0.0,,5,2,1.8145840149372816,,,
a981ed0a,Interest exp. to op. inc. ratio for EXR 2023 indicates leverage risk.,Financials,True,Compositional,5,0.0,0.0,0.0,0.0,0.0,,5,1,4.224375006742775,,,
67f1f33b,"KeyCorp’s contractual terms for rev recognition, ticker KBC, on noninterest inc.",Accounting,False,None,5,0.2,1.0,0.25,0.43067655807339306,1.0,4,5,1,3.068875055760145,,,
7adaeced,"Kenvue's (KVUE) risk mgmt, competitive threats, & future valuation.",Company overview,False,None,5,0.0,0.0,0.0,0.0,0.0,,5,1,1.2231669388711452,,,
40e37c47,Consolidated reporting for HST includes resource allocation with a focus on regional performance.,Footnotes,False,None,5,0.0,0.0,0.0,0.0,0.0,,5,1,5.043250042945147,,,
08c5453b,Projection for UBER's emp count and its impact on cost structure?,Company overview,True,Compositional,5,0.2,1.0,0.2,0.38685280723454163,1.0,5,5,1,4.366207984276116,,,
c8f602e1,Impact on profitability from WBD's rev mix.,Governance,False,None,5,0.2,1.0,0.3333333333333333,0.5,1.0,3,5,1,2.393541974015534,,,
594e5ae5,KMB's capital allocation strategy includes buybacks to boost EPS.,Shareholder return,False,None,5,0.0,0.0,0.0,0.0,0.0,,5,1,2.8487499803304672,,,
767cfdfd,Delta's 2023 capex breakdown aligns with its strategic priorities & environmental initiatives.,Footnotes,False,None,5,0.0,0.0,0.0,0.0,0.0,,5,1,2.935083000920713,,,
8a63ae4f,Change in NDAQ employees from 2022-2023 in absolute % terms.,Company overview,True,Compositional,5,0.0,0.0,0.0,0.0,0.0,,5,1,4.494208027608693,,,
410df4b0,VZ's cybersecurity integration impacts capital allocation & cost mgmt.,Risk,False,None,5,0.0,0.0,0.0,0.0,0.0,,5,1,1.3694160152226686,,,
3f9c9ea2,"Impact on cash flow, liquidity & financial health from Oracle's (ORCL) 90-day financ receivables sale.",Accounting,False,None,5,0.2,1.0,0.2,0.38685280723454163,1.0,5,5,1,4.0180420037359,,,
b885791a,Global % of TPR retail part-time employment.,Company overview,True,Compositional,5,0.0,0.0,0.0,0.0,0.0,,5,1,3.1068329699337482,,,
3e5ab321,PEP ratio of other pension/retiree medical income from 2022 to 2023.,Financials,True,Division,5,0.2,1.0,1.0,1.0,1.0,1,5,1,6.224457989446819,,,
e198f0ea,Performance obligations & revenue timing for hybrid software deals w/ bundle subs for PTC.,Accounting,False,None,5,0.2,1.0,1.0,1.0,1.0,1,5,1,2.6186670875176787,,,
8bb857e8,Contingencies related to legal matters at CarMax and their capital strategy.,Legal,False,None,5,0.2,1.0,1.0,1.0,1.0,1,5,1,4.978583077900112,,,
e0029b4e,"Trends in AGG diluted shares for Air Products’ capital structure, ticker APD 3FY.",Financials,True,Addition,5,0.2,1.0,1.0,1.0,1.0,1,5,1,3.9518330013379455,,,
1fe55322,"CHD faces long-term obligation risks—IP, product liability, and consumer class action—impacting financial health.",Legal,False,None,5,0.2,1.0,1.0,1.0,1.0,1,5,1,4.059165949001908,,,
3874598c,FY24 capex vs tech inv. obj. for PTC.,Footnotes,False,None,5,0.0,0.0,0.0,0.0,0.0,,5,1,1.5710419975221157,,,
c4f609a3,CMI's impact on margins and valuation stemming from expensing vs. capitalized contract costs.,Accounting,False,None,5,0.0,0.0,0.0,0.0,0.0,,5,1,4.0405410109087825,,,
d27d275a,Impact on sentiment and valuation from Centene litigation risk.,Legal,False,None,5,0.0,0.0,0.0,0.0,0.0,,5,1,3.896458074450493,,,
ff085a65,"Est. legal claim fluctuations for VLO, impacting cap allocation & inv. sentiment.",Legal,False,None,5,0.0,0.0,0.0,0.0,0.0,,5,1,2.006665919907391,,,
525d53c3,Proactive third-party risk & cybersecurity training by CF Industries may enhance competitive positioning & growth.,Risk,False,None,5,0.0,0.0,0.0,0.0,0.0,,5,1,3.0169590609148145,,,
e209a313,"Paycom's board structure influences its growth and competitive stance in the software sector, PAYC.",Governance,False,None,5,0.0,0.0,0.0,0.0,0.0,,5,1,4.951541079208255,,,
96cc0422,"Dec 2023 RSG LT debt breakdown & YOY comp, ticker at the end.",Financials,False,None,5,0.0,0.0,0.0,0.0,0.0,,5,1,3.6379999946802855,,,
536b783d,NP margin trend for W. R. Berkley Corp vs history in 2023.,Financials,True,Compositional,5,0.2,1.0,0.3333333333333333,0.5,1.0,3,5,1,3.7447090726345778,,,
2aa58d41,Q4 2023 AXP share repurchase count & avg price.,Shareholder return,False,None,5,0.0,0.0,0.0,0.0,0.0,,5,1,2.239333000034094,,,
b28b68da,Competitive pressures for FedEx domestically vs internationally are significant.,Company overview,False,None,5,0.0,0.0,0.0,0.0,0.0,,5,1,2.8908749809488654,,,
baa8fbc8,EXP's debt-free BS suggests lower risk & greater investment flexibility.,Financials,False,None,5,0.0,0.0,0.0,0.0,0.0,,5,1,1.3383340556174517,,,
c3a86d42,Impact of DUK cybersecurity framework on op risk & financial stability.,Risk,False,None,5,0.0,0.0,0.0,0.0,0.0,,5,1,4.1701250011101365,,,
fa94abd4,Buyback of HWM $697M effects on repurchase activity & valuation.,Shareholder return,False,None,5,0.0,0.0,0.0,0.0,0.0,,5,1,3.1385410111397505,,,
273d3a81,"Impact of board expertise diversity on competitive positioning & valuation, Nasdaq.",Governance,False,None,5,0.0,0.0,0.0,0.0,0.0,,5,1,3.714999998919666,,,
3b349609,Revisions on Env. compliance for Evergy (EVRG) AR obligations & the ensuing valuation impact.,Legal,False,None,5,0.2,1.0,1.0,1.0,1.0,1,5,1,4.10270900465548,,,
567b1b3e,Workforce diversity & engagement effects on operational risk & stability in PM.,Company overview,True,None,5,0.0,0.0,0.0,0.0,0.0,,5,1,3.1767910113558173,,,
6eada393,Oct-Dec 2023 avg price impact for DFS shares transaction cost structure.,Shareholder return,False,None,5,0.0,0.0,0.0,0.0,0.0,,5,1,3.6477079847827554,,,
f0bac493,Impact of revenue recognition fees vs. value on predictability and performance in WBA healthcare.,Accounting,False,None,5,0.0,0.0,0.0,0.0,0.0,,5,1,5.758084007538855,,,
0ca4ffea,GILD EPS growth from 2021-2023 indicates stable profitability.,Financials,True,None,5,0.0,0.0,0.0,0.0,0.0,,5,1,2.912209019996226,,,
63fe63b0,"Composite of utility op expenses for Sempra 2023, SRE.",Financials,True,Addition,5,0.0,0.0,0.0,0.0,0.0,,5,1,3.9212920237332582,,,
17c1ab79,TDG gross profit diff FY23 vs FY24.,Financials,True,Subtract,5,0.0,0.0,0.0,0.0,0.0,,5,1,0.3114580176770687,,,
a286ea58,Impact disclosure of expedients under ASC606 for Allegion.,Accounting,False,None,5,0.2,1.0,0.25,0.43067655807339306,1.0,4,5,1,3.5783329512923956,,,
1aea038f,Halliburton's CFO appt impacts liquidity & profitability.,Governance,False,None,5,0.2,1.0,1.0,1.0,1.0,1,5,1,0.29870797879993916,,,
621800ad,CRL 390M purchase obligations liquidity working capital impact 2024.,Footnotes,False,None,5,0.0,0.0,0.0,0.0,0.0,,5,1,2.199333976022899,,,
e5cb20c7,"APD: plant efficiency, tech perf, & svc impact on global comp?",Company overview,False,None,5,0.0,0.0,0.0,0.0,0.0,,5,2,2.167374943383038,,,
b74bb459,HBAN's rev rec criteria for control transfer timing.,Accounting,False,None,5,0.0,0.0,0.0,0.0,0.0,,5,1,2.050208975560963,,,
ae65d8b1,Net securities purchases vs capex role in capital allocation for Humana.,Footnotes,False,None,5,0.2,1.0,0.3333333333333333,0.5,1.0,3,5,1,3.8624160224571824,,,
9cb04440,IPG's contract term strctre impacts rev stability & growth.,Accounting,False,None,5,0.0,0.0,0.0,0.0,0.0,,5,1,1.0702499421313405,,,
2a06c02f,"Revenue trends, MKTX, and long-lived assets, along with future capex for tech investments.",Footnotes,False,None,5,0.0,0.0,0.0,0.0,0.0,,5,1,4.72587498370558,,,
56f8fe6a,Operational performance and financial condition are impacted by NCL labor challenges.,Company overview,True,None,5,0.0,0.0,0.0,0.0,0.0,,5,1,4.365624976344407,,,
db445d39,"Analysis of non-op items for TMO: impact of interest income, interest expense, and other income/expense.",Financials,True,Addition,5,0.0,0.0,0.0,0.0,0.0,,5,1,5.846875021234155,,,
9332fec7,Ticker QRVO: Impact of supply chain cybersecurity risk on growth & capex.,Risk,False,None,5,0.0,0.0,0.0,0.0,0.0,,5,1,3.715749946422875,,,
d772c5e2,"Breakdown of CBRE contractual obligations for short-term vs long-term repayment, CBRE.",Footnotes,False,None,5,0.2,1.0,1.0,1.0,1.0,1,5,1,3.985874936915934,,,
a9374502,"Q2 2024 buyback from Parker-Hannifin vs. authorized program, ticker PH.",Shareholder return,False,None,5,0.0,0.0,0.0,0.0,0.0,,5,1,2.389207947999239,,,
75782154,TYL's pricing & customization strategy is being shaped amid intense comp. pressures.,Company overview,False,None,5,0.0,0.0,0.0,0.0,0.0,,5,1,1.7138340044766665,,,
9d3bae54,Wholesale transmission earnings true-up adjustments for AEP in FERC filings.,Accounting,False,None,5,0.2,1.0,1.0,1.0,1.0,1,5,1,3.365041920915246,,,
2a830c6b,PFE projects a 20% net income improvement in EPS.,Financials,True,Multiplication,5,0.0,0.0,0.0,0.0,0.0,,5,1,3.7626250414177775,,,
7814058d,3YR rev trends for customer diversification at Axon (AXON).,Company overview,False,None,5,0.2,1.0,0.25,0.43067655807339306,1.0,4,5,1,2.7020410634577274,,,
61e10a82,"Eli Lilly's recent leadership appointments impact operational efficiency and enhance profitability outlook, LLY.",Governance,False,None,5,0.2,1.0,0.5,0.6309297535714575,1.0,2,5,1,2.5968339759856462,,,
654b6eed,"L3Harris, impact of cybersecurity investments on OPEX & cash flow.",Risk,False,None,5,0.2,1.0,0.5,0.6309297535714575,1.0,2,5,1,3.864042111672461,,,
9110583d,Impact of substitute risk on mkt share & cash flow forecast for Ball Corp (BALL).,Company overview,False,None,5,0.0,0.0,0.0,0.0,0.0,,5,1,4.857041989453137,,,
068322be,LYB's repurchase auth & cap allocation shift.,Shareholder return,False,None,5,0.0,0.0,0.0,0.0,0.0,,5,1,0.3701660316437483,,,
d484921d,"TMO's pricing strat, rev margin analysis vs comp enviro.",Company overview,False,None,5,0.0,0.0,0.0,0.0,0.0,,5,1,0.39645808283239603,,,
b7268d1d,Liquidity and long-term profitability may be affected by CRWD's legal proceedings.,Legal,False,None,5,0.0,0.0,0.0,0.0,0.0,,5,1,4.6335409861058,,,
cba6c2fc,"Oversight of cyber risks and their financial impact at Hilton Qtr AC, HLT.",Risk,False,None,5,0.2,1.0,0.5,0.6309297535714575,1.0,2,5,1,4.767250036820769,,,
7dc64b77,Litigation reserve variance for VTRS impacts valuation and investor sentiment.,Legal,False,None,5,0.2,0.3333333333333333,1.0,0.46927872602275644,0.028847236294044804,1,5,3,3.07225005235523,,,
7a0a85ca,"Over 3 yrs, ICE's financing activities impact liquidity in capital structure.",Footnotes,False,None,5,0.0,0.0,0.0,0.0,0.0,,5,1,3.394208033569157,,,
1cf270a2,"Unconsolidated land dev investments by PulteGroup in 2023 compared to 2022, is there a strategy shift? PHM.",Footnotes,False,None,5,0.4,1.0,1.0,1.0,1.0,1,5,2,7.059916038997471,,,
dcc915af,HP Inc.'s employee engagement & talent strategy (HPQ) impact on long-term competitiveness.,Company overview,True,None,5,0.2,1.0,1.0,1.0,1.0,1,5,1,3.0321249505504966,,,
17d90aad,"L3Harris' workforce ratio of engineers to scientists and its effect on innovation and market positioning, TICKER.",Company overview,True,Division,5,0.2,1.0,0.3333333333333333,0.5,1.0,3,5,1,5.668832920491695,,,
7c69c889,Impact of remaining repurchase capacity on liquidity & cash flow for SMCI.,Shareholder return,False,None,5,0.0,0.0,0.0,0.0,0.0,,5,1,4.669541958719492,,,
9fafdcee,"The cybersecurity controls of Western Digital affect op & fin risk, WD.",Risk,False,None,5,0.2,1.0,1.0,1.0,1.0,1,5,1,3.967624972574413,,,
08924154,"The Hartford Financial Services Group, Inc. - ACL est. & econ adj. methods for premiums receivable & agents' balances.",Accounting,False,None,5,0.2,1.0,1.0,1.0,1.0,1,5,1,4.349208087660372,,,
5dbeb964,Effects on growth & expansion amid presence of 3M/Orafol in AVY's competitive landscape.,Company overview,False,None,5,0.2,1.0,1.0,1.0,1.0,1,5,1,4.2721249628812075,,,
5bdcf5f7,The impact of ADI EHS regulation on manufacturing competitiveness and profitability is critical.,Governance,False,None,5,0.2,1.0,1.0,1.0,1.0,1,5,1,5.717583931982517,,,
f31c4212,"The impact of Jabil's cybersecurity risk mgmt on ops & inv confidence is significant, Jabil (JBL).",Risk,False,None,5,0.2,1.0,1.0,1.0,1.0,1,5,1,5.222250008955598,,,
9fda159a,Corning’s continuous vuln management & NIST CSF assessments impact on info systems security & capex.,Risk,False,None,5,0.2,1.0,1.0,1.0,1.0,1,5,1,2.7287499979138374,,,
aa94d53c,HD's legal proceedings impact on financials mgmt. justification.,Legal,False,None,5,0.0,0.0,0.0,0.0,0.0,,5,1,2.1801249822601676,,,
58febd45,Ticker PEP combined net rev FY21 FY22 FY23,Financials,True,Addition,5,0.0,0.0,0.0,0.0,0.0,,5,1,0.885666930116713,,,
e7c39978,"Impact of FICO leadership exp. on strategic positioning, ticker in last pos.",Governance,False,None,5,0.0,0.0,0.0,0.0,0.0,,5,1,4.261458059772849,,,
a8db7706,FY24 Visa op. margin vs FY23 vs FY22,Financials,True,Compositional,5,0.0,0.0,0.0,0.0,0.0,,5,1,0.120542012155056,,,
33f62c3d,FISV insider ownership Q4 2023 shows trends in Rule 10b5-1 trading plans vs. prior yr.,Governance,False,None,5,0.0,0.0,0.0,0.0,0.0,,5,1,3.802916966378689,,,
3072327e,"Accrual criteria under LHX and its influence on profit risk, LHX.",Legal,False,None,5,0.0,0.0,0.0,0.0,0.0,,5,1,3.778457990847528,,,
f50686ac,"Trends in repurchase prices from 2021 to 2023 for Bank of America suggested valuation patterns, BAC.",Shareholder return,False,None,5,0.0,0.0,0.0,0.0,0.0,,5,1,7.013167021796107,,,
d36685c9,Timing of BX interest pymt obligations impacts cash flow.,Footnotes,False,None,5,0.0,0.0,0.0,0.0,0.0,,5,1,3.2747500808909535,,,
22bb7b97,Akamai's EPS impact from share count dilution in 2023.,Financials,True,Addition,5,0.0,0.0,0.0,0.0,0.0,,5,1,3.9686670061200857,,,
0652bb9e,KMB's employee dist. risk & positioning analysis.,Company overview,True,None,5,0.0,0.0,0.0,0.0,0.0,,5,1,0.8382500382140279,,,
f5ed1088,Impact of competitive landscape on valuation growth for Aon plc (AON),Company overview,False,None,5,0.0,0.0,0.0,0.0,0.0,,5,1,4.116249969229102,,,
6beb8e59,Trends in op. margins over 3Y vs. cost structure & pricing power for LRCX.,Financials,False,None,5,0.0,0.0,0.0,0.0,0.0,,5,2,3.6526250187307596,,,
bbaa2f22,Kenvue Inc. (KVUE) employs a non-op cash mgmt strategy.,Footnotes,False,None,5,0.0,0.0,0.0,0.0,0.0,,5,1,2.6468749856576324,,,
7c24280d,Growth dynamics of CHRW 3Y segment revenue trends.,Footnotes,False,None,5,0.0,0.0,0.0,0.0,0.0,,5,1,2.6808329857885838,,,
983a1fce,"KEYS competitive impact on metrics, valuations, & long-term capital allocation trends.",Company overview,False,None,5,0.0,0.0,0.0,0.0,0.0,,5,1,2.9162500286474824,,,
3b0962af,"CHRW faces a revenue dip due to partially completed contracts, posing investor risks and necessitating strategic shifts.",Accounting,False,None,5,0.2,1.0,1.0,1.0,1.0,1,5,1,4.829582991078496,,,
0d87b595,Capex $300.7M for TT vs. op capacity & competitive positioning.,Footnotes,False,None,5,0.2,1.0,0.3333333333333333,0.5,1.0,3,5,1,2.075625001452863,,,
71e2b68b,"$MO 2023 capex is a $196M decline, affecting cap allocation & investment strategy.",Footnotes,False,None,5,0.0,0.0,0.0,0.0,0.0,,5,1,3.616624977439642,,,
aba497e1,"Legal proceedings disclosures & risk outlook, EXPD.",Legal,False,None,5,0.0,0.0,0.0,0.0,0.0,,5,1,0.9517919970676303,,,
499515d0,Liquidity & leverage in ALB: risk mgt and competitive invstmnts in dynamic pricing.,Company overview,False,None,5,0.0,0.0,0.0,0.0,0.0,,5,1,3.503874992020428,,,
bb56359b,AFL domestic vs international leadership (tickers) impact on regional risk mngmt & growth.,Governance,False,None,5,0.0,0.0,0.0,0.0,0.0,,5,1,2.5637910002842546,,,
efd1aece,What is BFS's new int. exp. figure after a 10% increase from FY23?,Financials,True,Multiplication,5,0.0,0.0,0.0,0.0,0.0,,5,1,3.5891670268028975,,,
164fc5f8,Impacts of emerging trends on market share growth for MMC.,Company overview,False,None,5,0.0,0.0,0.0,0.0,0.0,,5,1,4.490167018957436,,,
500b76e4,PTC Inc. software svc model alternative op metrics.,Financials,False,None,5,0.2,0.5,0.5,0.38685280723454163,0.44187375035704085,2,5,2,0.8377500344067812,,,
061bd28a,"MOTO exec shifts strategic focus, growth impact.",Governance,False,None,5,0.0,0.0,0.0,0.0,0.0,,5,1,0.881750020198524,,,
5da536e9,"Risk mgmt., capital allocation, & profitability - NetApp (NTAP).",Governance,False,None,5,0.0,0.0,0.0,0.0,0.0,,5,1,1.0359999723732471,,,
fedb0902,Impact of imputed interest EIP on transaction pricing & profit vs. credit risk for TMUS.,Accounting,False,None,5,0.2,1.0,1.0,1.0,1.0,1,5,1,4.885958041995764,,,
312a9d8d,"F5, Inc. (FFIV) employee initiatives governance culture growth profitability.",Governance,False,None,5,0.4,1.0,0.5,0.6934264036172708,1.0,2,5,2,1.264041056856513,,,
8a9b3bba,TDG legal disclosures vs. sector norms: effects on investor confidence & valuation.,Legal,False,None,5,0.0,0.0,0.0,0.0,0.0,,5,1,1.9357919227331877,,,
c4c47e11,"Primary mkt role of POOL via a 3-pronged strategy, ticker at the end.",Company overview,False,None,5,0.2,0.5,0.2,0.23719771276929622,0.6557869443331998,5,5,2,5.148458993062377,,,
bd546744,2023 HUBB term loan effect on cap structure & leverage.,Financials,False,None,5,0.0,0.0,0.0,0.0,0.0,,5,1,3.03145800717175,,,
1c19438e,Capital allocation for Intuitive Surgical (ISRG) focuses on R&D & innovation vs new robotic entrants.,Company overview,False,None,5,0.2,1.0,0.5,0.6309297535714575,1.0,2,5,1,3.4200840163975954,,,
5441cb00,Trends in D&O trading vs insider ownership for TE Connectivity.,Governance,False,None,5,0.0,0.0,0.0,0.0,0.0,,5,1,3.214959055185318,,,
d6ea3644,"Profitability vs. key sector competitors analysis for Charles River, ticker CRL, focusing on differentiation strategies.",Company overview,False,None,5,0.0,0.0,0.0,0.0,0.0,,5,1,2.9674579855054617,,,
fbe92ea5,Impact of risk controls on risk mgmt and capital alloc. for URNR.,Risk,False,None,5,0.0,0.0,0.0,0.0,0.0,,5,1,5.3877090103924274,,,
e95ef96c,Cash flow rev stability over the long term from PPAs for CMS Energy.,Footnotes,False,None,5,0.2,1.0,1.0,1.0,1.0,1,5,1,4.859499982558191,,,
73668768,Blackstone Inc. senior notes int. rate impact on debt svc. & WACD.,Financials,False,None,5,0.2,1.0,1.0,1.0,1.0,1,5,1,2.8106250101700425,,,
a316af4a,Impact on diluted EPS for NCLH if anti-dilutive exch. notes are included.,Financials,True,Compositional,5,0.2,1.0,1.0,1.0,1.0,1,5,1,4.095250042155385,,,
21d303fb,"Impact of policy cancellation reserves on risk profile & revenue recognition for Brown & Brown, Inc. (BRO)",Accounting,False,None,5,0.2,1.0,0.5,0.6309297535714575,1.0,2,5,1,4.670458030886948,,,
89b89914,ICE fixed income data svc mkts defending against e-trading & global data provs.,Company overview,False,None,5,0.2,1.0,1.0,1.0,1.0,1,5,1,2.070874907076359,,,
40b95c16,FY24 rev diff for Equipment & Services vs QCOM Licensing.,Financials,True,Subtract,5,0.0,0.0,0.0,0.0,0.0,,5,1,2.2848750231787562,,,
8bb97548,2023 M&T Bank (MTB) operating profit margin (IBT vs. net int. + other inc.) performance.,Financials,True,Compositional,5,0.0,0.0,0.0,0.0,0.0,,5,1,3.856042050756514,,,
3977d4d3,ABT capex on property & equipment 2023 vs 2022 vs 2021.,Footnotes,False,None,5,0.0,0.0,0.0,0.0,0.0,,5,1,3.741209045983851,,,
a3aa8e1e,CVX multi-prod rev allocation observable SSP challenges.,Accounting,False,None,5,0.0,0.0,0.0,0.0,0.0,,5,1,0.2637499710544944,,,
1f789347,Liquidity impact from staggered leases on inventory commitments ADI.,Footnotes,False,None,5,0.0,0.0,0.0,0.0,0.0,,5,1,2.7427920140326023,,,
9e3caeb3,PRU: litigation impact on margins due to flawed mortality reserves.,Legal,False,None,5,0.2,1.0,1.0,1.0,1.0,1,5,1,3.440874977968633,,,
eb8e8054,NDAQ's reg cap instruments comp impact on stability.,Footnotes,False,None,5,0.0,0.0,0.0,0.0,0.0,,5,1,1.7734169960021973,,,
1d0a2763,"The impact of capital allocation on long-term valuation for Booking Holdings Inc. (BKNG) includes factors such as cybersecurity, training, and governance.",Risk,False,None,5,0.0,0.0,0.0,0.0,0.0,,5,1,8.78600007854402,,,
4fd8f27d,Profitability trends for FY22-24 at LULU and their cost mgmt strategies.,Financials,True,None,5,0.0,0.0,0.0,0.0,0.0,,5,1,4.2102920124307275,,,
c5e163ca,Purchase commitments schedule for HBAN and its impact on cash flow/cap allocation.,Footnotes,False,None,5,0.0,0.0,0.0,0.0,0.0,,5,1,4.786000004969537,,,
c5417cfa,M&T's loan/lease trends indicate credit losses; allow for risk mgmt adjustments.,Financials,False,None,5,0.0,0.0,0.0,0.0,0.0,,5,1,2.687457948923111,,,
946aec87,Non-op expenses for BAX 2023 include various components.,Financials,True,Addition,5,0.0,0.0,0.0,0.0,0.0,,5,1,3.5739169688895345,,,
3eec923a,"How does capital allocation for acquisitions impact rev, cash flow, and growth for Roper Technologies (ROP)?",Governance,False,None,5,0.2,1.0,0.5,0.6309297535714575,1.0,2,5,1,4.246458993293345,,,
5c593e8f,Cancellation penalty risk for EPAM cloud.,Footnotes,False,None,5,0.2,1.0,1.0,1.0,1.0,1,5,1,1.911749946884811,,,
bf96c859,Rental rate pressure risks from a fragmented equipment rental market (XXYY) impact profitability.,Company overview,False,None,5,0.2,1.0,1.0,1.0,1.0,1,5,1,3.219208912923932,,,
cbd456e9,"Biogen manages legal liabs vs LT growth as it faces patent expirations and reg challenges, BIIB.",Legal,False,None,5,0.2,1.0,1.0,1.0,1.0,1,5,1,3.600417054258287,,,
7b932734,"NIKE's PV calc for operating lease uses wtd avg disc rate, lease term, & cash flow outlook.",Footnotes,False,None,5,0.0,0.0,0.0,0.0,0.0,,5,1,3.098833025433123,,,
8b65a4ac,"Cybersecurity framework AMT enhances competitive positioning, boosting investor confidence.",Risk,False,None,5,0.0,0.0,0.0,0.0,0.0,,5,1,0.705457990989089,,,
d5f36478,"Non-cash adj. & profit drivers for Visa Inc. are analyzed to determine OCFO performance, V.",Footnotes,False,None,5,0.0,0.0,0.0,0.0,0.0,,5,1,4.580833949148655,,,
10097787,"ORLY drivers of profitability, operational efficiency.",Governance,False,None,5,0.0,0.0,0.0,0.0,0.0,,5,1,2.3058330407366157,,,
cab1585f,"Revenue from Comcast Corp theme parks, along with EBITDA & operational drivers, emphasizes sustainability. CMCSA.",Footnotes,False,None,5,0.2,1.0,1.0,1.0,1.0,1,5,1,2.6392500149086118,,,
97f167af,"Altria Group's innovative strategy in the tobacco sector focuses on new product development and reduced harm solutions, MO.",Company overview,False,None,5,0.2,1.0,0.2,0.38685280723454163,1.0,5,5,1,5.937292007729411,,,
704af187,"The excise tax impact on share repurchase, profitability, and cash flow for ADP, Inc. needs consideration.",Governance,False,None,5,0.2,0.5,0.5,0.38685280723454163,0.6762956669498725,2,5,2,6.183000048622489,,,
2dc19798,Liquidity constraints from ROP impact inv. financing and WC.,Financials,False,None,5,0.0,0.0,0.0,0.0,0.0,,5,2,3.0194580322131515,,,
05807c0d,"ERM integration in HESS cybersecurity enhances risk mitigation impact, ticker HES.",Risk,False,None,5,0.0,0.0,0.0,0.0,0.0,,5,1,2.7788749430328608,,,
9bcb7888,Drivers for decline in ag commodity inventory and changes in ADM purchase obligations for 2022-2023; ticker at the end.,Footnotes,False,None,5,0.0,0.0,0.0,0.0,0.0,,5,1,7.527375011704862,,,
caa865da,"Impact of Hasbro's brand segmentation on long-term rev & profit growth, HAS.",Company overview,False,None,5,0.2,1.0,1.0,1.0,1.0,1,5,1,4.328791983425617,,,
ded741e6,What market signals or internal factors may drive share buybacks for Verizon (VZ)?,Shareholder return,False,None,5,0.2,1.0,1.0,1.0,1.0,1,5,1,3.9378750370815396,,,
255d5849,"Competitive adv of KLA in field sales, svc eng, & mktg.",Company overview,False,None,5,0.0,0.0,0.0,0.0,0.0,,5,1,3.6320419749245048,,,
a22f75eb,SWKS's M&A and partnerships influence fin. flexibility & debt.,Footnotes,False,None,5,0.0,0.0,0.0,0.0,0.0,,5,1,3.2495419727638364,,,
ab0f8f38,AP workforce split vs. Europe at Keysight Tech.,Company overview,True,Compositional,5,0.2,1.0,0.5,0.6309297535714575,1.0,2,5,1,1.3146250275895,,,
495f038d,RJF's share repurchase prog. offsets dilution in capital alloc.,Shareholder return,False,None,5,0.2,1.0,0.5,0.6309297535714575,1.0,2,5,1,2.7739580255001783,,,
531e08d6,Diversity in PTC's board leadership & resilience during market stress.,Governance,False,None,5,0.0,0.0,0.0,0.0,0.0,,5,1,3.1374170212075114,,,
bdaebbc2,The impact of cybersecurity-ERM integration on stability & continuity for Realty Income (O) is significant.,Risk,False,None,5,0.0,0.0,0.0,0.0,0.0,,5,1,6.1055420665070415,,,
8454865b,Cash flow & liquidity impact due to FMC contract timing.,Footnotes,False,None,5,0.0,0.0,0.0,0.0,0.0,,5,1,3.264833940193057,,,
eac358ea,"Liquidity risks related to near-term capex and funding strategies are critical to assess for Intel, INTC.",Footnotes,False,None,5,0.0,0.0,0.0,0.0,0.0,,5,1,5.537374992854893,,,
f6dfc79c,NOC's $100M EAC adj. impact amidst NASA neg. risks.,Accounting,False,None,5,0.2,1.0,1.0,1.0,1.0,1,5,1,0.6649589631706476,,,
25a25dbe,Ticker CME implied NI calc 2023 (EPS x basic shares in k),Financials,True,Multiplication,5,0.0,0.0,0.0,0.0,0.0,,5,1,3.314332920126617,,,
b79eb272,$47M est. for ALB remediation cost assumptions & timeline.,Footnotes,False,None,5,0.0,0.0,0.0,0.0,0.0,,5,2,2.06941703800112,,,
727076f3,Debt maturity schedule for Alphabet (GOOGL) for 2024-2028 and liquidity/refi risk analysis.,Financials,False,None,5,0.0,0.0,0.0,0.0,0.0,,5,1,4.157459014095366,,,
6cad544e,Trends in repo pricing & cap allocation signals for JPM.,Shareholder return,False,None,5,0.0,0.0,0.0,0.0,0.0,,5,1,3.0218750471249223,,,
8dc2e978,Changes in near-term debt maturities and refinancing risk at Elevance Health (ELV).,Financials,False,None,5,0.0,0.0,0.0,0.0,0.0,,5,1,4.51616698410362,,,
5e0cd8a9,STLD's op cost risk cap allocation affects long-term profit and valuation.,Governance,False,None,5,0.0,0.0,0.0,0.0,0.0,,5,1,3.202625084668398,,,
192855bf,CSCO revenue segmentation drivers: decline in networking vs growth in security & observability.,Footnotes,False,None,5,0.2,1.0,1.0,1.0,1.0,1,5,1,2.525624935515225,,,
cb0dac42,IDXX channel strategy's impact on cust acquisition & retention.,Company overview,False,None,5,0.0,0.0,0.0,0.0,0.0,,5,1,2.131083980202675,,,
c572a986,Dec 2023 operating margin for Revvity?,Financials,True,Multiplication,5,0.0,0.0,0.0,0.0,0.0,,5,1,2.9750840039923787,,,
05c4a27b,Cybersecurity risk mgmt at Fiserv (FISV) boosts investor confidence.,Risk,False,None,5,0.0,0.0,0.0,0.0,0.0,,5,1,1.4650420052930713,,,
a78846b5,Impact of Gartner (IT) cybersecurity ins. on risk mgmt. & growth.,Risk,False,None,5,0.2,1.0,1.0,1.0,1.0,1,5,1,3.810084075666964,,,
610b28d6,VZ updates pricing/promo/bundling strategies amid competitive pressures.,Company overview,False,None,5,0.0,0.0,0.0,0.0,0.0,,5,1,0.7154169725254178,,,
2448d34a,2023 interest exp. for PPL Corp sees a 20% reduction.,Financials,True,Multiplication,5,0.2,1.0,0.3333333333333333,0.5,1.0,3,5,1,3.9057499961927533,,,
5100e840,Ford's (F) leadership tenure and governance impact.,Governance,False,None,5,0.0,0.0,0.0,0.0,0.0,,5,1,2.507332945242524,,,
0b9424ce,Growth multiple for MAR operating income from 2021-2023.,Financials,True,Multiplication,5,0.0,0.0,0.0,0.0,0.0,,5,1,4.430708009749651,,,
2d7a17aa,ISRG - Prior yr FTE calc from 2023 headcount change.,Company overview,True,Compositional,5,0.0,0.0,0.0,0.0,0.0,,5,1,2.6388330152258277,,,
59660dbe,RCL's trading protocols influence insider trading risk & governance significantly.,Governance,False,None,5,0.0,0.0,0.0,0.0,0.0,,5,1,0.8784170495346189,,,
89ae7f9f,CME Group's financial impact from cybersecurity risk mitigation efforts.,Risk,False,None,5,0.2,1.0,1.0,1.0,1.0,1,5,1,2.852250006981194,,,
e9f69778,"$STT forecasts $20M-$40M in loss contingencies, raising concerns over capital reserves' stability.",Legal,False,None,5,0.0,0.0,0.0,0.0,0.0,,5,1,2.935459022410214,,,
990bcfc5,"Historical profitability of system executions & competitive position of Lockheed Martin vs Boeing & Northrop Grumman, TKR: LMT, BA, NOC.",Company overview,False,None,5,0.0,0.0,0.0,0.0,0.0,,5,1,2.763874945230782,,,
4619f55f,"BLL: legal risk mgmt, product liability, IP disputes, profitability outlook.",Legal,False,None,5,0.0,0.0,0.0,0.0,0.0,,5,1,1.4414159813895822,,,
61b91115,"HR headcount for FCX Indonesia: direct employees plus contractors, ticker.",Company overview,True,Addition,5,0.2,1.0,0.5,0.6309297535714575,1.0,2,5,1,2.155124908313155,,,
ff14c422,The impact of NRG cybersecurity governance on cap allocation & strat planning.,Risk,False,None,5,0.2,1.0,1.0,1.0,1.0,1,5,1,4.425458959303796,,,
deda6a50,"TRMB, YoY change in employee headcount for 2022-2023.",Company overview,True,Subtract,5,0.0,0.0,0.0,0.0,0.0,,5,1,4.467999911867082,,,
5d534a31,TSC's (Tractor Supply Co.) CapEx allocation for FY 2022 vs. FY 2023 highlights key invts.,Footnotes,False,None,5,0.2,1.0,0.5,0.6309297535714575,1.0,2,5,1,3.513250034302473,,,
753c9178,YoY CapEx vs net sales & EBIT correlation for Dow Inc. highlights competitive positioning.,Footnotes,False,None,5,0.2,0.5,1.0,0.6131471927654584,0.5902912621359223,1,5,2,2.771749976091087,,,
1583fb95,RJF's overlapping bank & wealth mgmt roles enhance operational efficiency & shareholder value; RJF.,Governance,False,None,5,0.0,0.0,0.0,0.0,0.0,,5,1,1.0988749563694,,,
2d83b753,Trend analysis of liability vs equity for MKTX during FY 2022-23.,Financials,False,None,5,0.0,0.0,0.0,0.0,0.0,,5,1,4.319624975323677,,,
ecb129f1,Drivers for warranty cost provisioning in CoS - PM for IQOS.,Accounting,False,None,5,0.2,1.0,0.5,0.6309297535714575,1.0,2,5,1,3.219541977159679,,,
5e51e4f4,"Impact on rev & comps from EA global football franchise, EA SPORTS FC (EA), Electronic Arts Inc.",Governance,False,None,5,0.2,1.0,1.0,1.0,1.0,1,5,1,2.879000036045909,,,
8c30171b,Cencora's comp. pos. leverages op. eff. for growth.,Company overview,False,None,5,0.0,0.0,0.0,0.0,0.0,,5,1,1.7313749995082617,,,
aa0999c9,QCOM Dec 2024 div per share & cap return policy alignment.,Shareholder return,False,None,5,0.0,0.0,0.0,0.0,0.0,,5,1,1.8857079558074474,,,
7b795372,"SYY's cybersecurity integration, strategic planning, and capital allocation strategies aim to enhance investor confidence.",Risk,False,None,5,0.0,0.0,0.0,0.0,0.0,,5,1,3.997625084593892,,,
6a56ccd8,Exec role diversity at Sempra boosts investor confidence & drives growth/profitability; SRE.,Governance,False,None,5,0.0,0.0,0.0,0.0,0.0,,5,1,1.441999920643866,,,
7699c261,Impact of CME global expansion and product innovation on rev growth and market share in derivatives clearing mkts - Ticker.,Company overview,False,None,5,0.2,1.0,0.3333333333333333,0.5,1.0,3,5,1,6.190165993757546,,,
0065ac90,Risk of supply mkt volatility exists in a non-cancellable agrmt: DHR.,Footnotes,False,None,5,0.0,0.0,0.0,0.0,0.0,,5,1,4.4865841045975685,,,
f0e57ed9,Impact on cash flow from Teradyne legal proceedings.,Legal,False,None,5,0.2,0.5,1.0,0.6131471927654584,0.6893977103036336,1,5,2,3.1457910081371665,,,
9f5648ce,"Kraft Heinz's adaptive strategy focuses on sustainability and financials, with a notable emphasis on eco-friendly practices and robust financial performance, KHC.",Company overview,False,None,5,0.0,0.0,0.0,0.0,0.0,,5,1,5.36125001963228,,,
19297fe3,2023 turnover departure calculation for Intel Corp.,Company overview,True,Compositional,5,0.2,1.0,0.5,0.6309297535714575,1.0,2,5,1,2.658334095031023,,,
9bd9e38b,Risk exposure breakdown for FirstEnergy Corp (FE) incl. ratings for contingent vs. surety bonds.,Footnotes,False,None,5,0.2,1.0,1.0,1.0,1.0,1,5,1,2.0514170173555613,,,
6ee222c0,Net profit margins for EPAM from 2021-2023; income tax impact analysis.,Financials,True,Compositional,5,0.2,1.0,1.0,1.0,1.0,1,5,1,4.712208989076316,,,
c9c7ff50,Cybersecurity risk mgmt effectiveness metrics for Meta Platforms (META).,Risk,False,None,5,0.2,1.0,1.0,1.0,1.0,1,5,1,2.1274170139804482,,,
ffd4dc24,Pfizer's $5.2B contract breakdown includes milestone vs purchase obligations.,Footnotes,False,None,5,0.2,1.0,1.0,1.0,1.0,1,5,1,1.5855829697102308,,,
b7e0df53,"Oversight structure, risk mgmt, & cap allocation for STERIS plc.",Governance,False,None,5,0.0,0.0,0.0,0.0,0.0,,5,1,2.0110830664634705,,,
adcd97ab,Ticker analysis of COO OCF liquidity dependence.,Financials,False,None,5,0.0,0.0,0.0,0.0,0.0,,5,1,2.307458082213998,,,
0da0b592,Equity awards dilution's impact on EPS for META.,Governance,False,None,5,0.0,0.0,0.0,0.0,0.0,,5,1,3.044708981178701,,,
4ee4f7f9,Impact of labor cost/flexibility on ORLY's union workforce %.,Company overview,True,Compositional,5,0.0,0.0,0.0,0.0,0.0,,5,1,3.562208032235503,,,
3db9ee34,BEN's board leadership impacts long-term profitability.,Governance,False,None,5,0.0,0.0,0.0,0.0,0.0,,5,1,1.6217089723795652,,,
cb26ce07,Risk mgmt in strategic partnerships for global mkts expansion by Gen Digital Inc.,Company overview,False,None,5,0.0,0.0,0.0,0.0,0.0,,5,1,4.461750038899481,,,
dc4687be,"Sum of ORCL support functions employee count (R&D, Hardware, G&A) vs core investment analysis.",Company overview,True,Addition,5,0.0,0.0,0.0,0.0,0.0,,5,1,3.7551249843090773,,,
6234e3cd,"Diversity at Micron Tech impacts growth and risk, MU.",Company overview,True,None,5,0.0,0.0,0.0,0.0,0.0,,5,1,2.9505410930141807,,,
0bb64eb9,Capex segment allocation for Live Nation Ent. in 2023 is detailed; ticker is LYV.,Footnotes,False,None,5,0.0,0.0,0.0,0.0,0.0,,5,1,4.302667104639113,,,
f7b696d6,Workforce strategy for BBY emphasizes competitive positioning & operational excellence.,Company overview,True,None,5,0.0,0.0,0.0,0.0,0.0,,5,1,2.2187919821590185,,,
9c61c469,EA's key franchise rev shows strong risk diversification.,Company overview,False,None,5,0.2,0.5,0.5,0.38685280723454163,0.645323289391086,2,5,2,0.822666916064918,,,
ff87bc33,"(WYNN) Amid uncertainty, Wynn Resorts' stable insider trading arrangements impact risk profile & investor sentiment.",Governance,False,None,5,0.0,0.0,0.0,0.0,0.0,,5,1,1.1523331049829721,,,
20f58019,STZ's seasonal hiring & union effects on op cost stability & risk mgmt.,Company overview,True,None,5,0.0,0.0,0.0,0.0,0.0,,5,1,2.10470799356699,,,
a6f54757,"Xylem (XYL) legal issues impact ops, financials, & mgmt view.",Legal,False,None,5,0.0,0.0,0.0,0.0,0.0,,5,1,0.9130000835284591,,,
b97d754f,CF non-cash adj. impact on op. CF 2021-2023.,Footnotes,False,None,5,0.0,0.0,0.0,0.0,0.0,,5,1,3.5737919388338923,,,
17bd0299,Exec role changes at Williams impact cap allocation & profit strategy.,Governance,False,None,5,0.0,0.0,0.0,0.0,0.0,,5,1,1.935542095452547,,,
1102fd8f,"WBD: financial performance impact from cable, satellite, & streaming agreements.",Company overview,False,None,5,0.2,1.0,0.5,0.6309297535714575,1.0,2,5,1,2.672084025107324,,,
7ef2383e,"Jabil FY2024 net cash financing comps: buybacks, debt, treasury tax, dividends; ticker at the end.",Footnotes,False,None,5,0.0,0.0,0.0,0.0,0.0,,5,1,4.198957933112979,,,
307eb9a3,"Lululemon's impact on ppl strategy & competitive positioning, LULU, drives its growth potential.",Company overview,True,None,5,0.0,0.0,0.0,0.0,0.0,,5,1,2.8061249759048223,,,
6682bd1a,Impact of Salesforce’s (CRM) competitive positioning on valuation metrics and trends in market share.,Company overview,False,None,5,0.0,0.0,0.0,0.0,0.0,,5,1,5.672584054991603,,,
60998d89,"Impact of MPC employee bargaining mix on labor cost & flexibility, MPC.",Company overview,True,Compositional,5,0.2,1.0,1.0,1.0,1.0,1,5,1,3.705958020873368,,,
18ea0563,"Regeneron's differentiation strategy focuses on efficacy, safety, and IP vs. pharma and biosimilar competitors.",Company overview,False,None,5,0.2,1.0,0.3333333333333333,0.5,1.0,3,5,1,3.1664579873904586,,,
3fc3c078,How does the expertise of Veralto's board (VLT) affect its profitability and growth?,Governance,False,None,5,0.0,0.0,0.0,0.0,0.0,,5,1,5.328209022991359,,,
dc4dc72e,"Deferred rev trends at ENPH impact on rev visibility & contract struct for 2022-23, ENPH.",Financials,False,None,5,0.0,0.0,0.0,0.0,0.0,,5,2,4.286041017621756,,,
27a1b65f,Cash/ST investments trends for MPWR liquidity ratios 2022-2023.,Financials,False,None,5,0.0,0.0,0.0,0.0,0.0,,5,3,3.639875096268952,,,
1445a963,VTRS 2021-2023 net sales decline & gross profit growth % indicate operational efficiency.,Financials,True,Compositional,5,0.0,0.0,0.0,0.0,0.0,,5,1,3.044125041924417,,,
4710f3a0,Litigation impact on risk & cap allocation due to Delta capacity.,Legal,False,None,5,0.2,1.0,1.0,1.0,1.0,1,5,1,3.674041945487261,,,
d1479bf5,"AEE's capex from 2024-27 focuses on renewables, storage, and distribution along with a long-term strategy; ticker at end: AEE.",Footnotes,False,None,5,0.2,1.0,0.3333333333333333,0.5,1.0,3,5,1,6.9104579742997885,,,
c9c85bc0,Match Group's ops discontinuation impacts diluted EPS & earnings consistency over 3 yrs.,Financials,True,Compositional,5,0.2,1.0,1.0,1.0,1.0,1,5,1,1.5545421047136188,,,
e4e06de6,Emerging therapies exert vertex competitive pressure on revenue & growth for the co. (TICKER).,Company overview,False,None,5,0.0,0.0,0.0,0.0,0.0,,5,1,4.180499934591353,,,
a2e421e0,Rockwell Automation's (ROK) cybersecurity track record impacts profitability & investor sentiment significantly.,Risk,False,None,5,0.0,0.0,0.0,0.0,0.0,,5,1,0.6310419412329793,,,
66fe949e,"CenterPoint Energy's min. purchase obligations for gas & electric could impact near-to-mid term liquidity & cash flow, CNP.",Footnotes,False,None,5,0.2,1.0,1.0,1.0,1.0,1,5,1,4.60904196370393,,,
3f0b0818,HII's experienced workforce has a significant impact on its operational and financial performance.,Company overview,True,None,5,0.0,0.0,0.0,0.0,0.0,,5,1,5.50491688773036,,,
eaf0a2ef,"The geo diversification, operational risk, and financial health of The Cooper Companies (COO) are significant factors to consider.",Governance,False,None,5,0.2,1.0,0.3333333333333333,0.5,1.0,3,5,1,7.03008403070271,,,
c0501574,"Low CAPEX drivers for FY22-23; outlook for long-term growth is promising, with ticker at the end.",Footnotes,False,None,5,0.0,0.0,0.0,0.0,0.0,,5,1,5.44812495354563,,,
0bd0d81f,"YoY headcount change calc and its impact on growth/scalability for Cencora, Inc. CEN.",Company overview,True,Compositional,5,0.0,0.0,0.0,0.0,0.0,,5,1,4.3589579872787,,,
20944f6a,Impact on revenue growth & market share vs competitors from PFG dist. & cust. access.,Company overview,False,None,5,0.0,0.0,0.0,0.0,0.0,,5,1,3.694834071211517,,,
bfe26665,"In WY's legal proceedings, the financial impact disclosure is critical for stakeholders.",Legal,False,None,5,0.0,0.0,0.0,0.0,0.0,,5,1,5.760750034824014,,,
e1a15eea,Revenue recognition for INTC is based on combined obligations versus timing of standalone sales.,Accounting,False,None,5,0.0,0.0,0.0,0.0,0.0,,5,1,5.756332888267934,,,
02354203,Regulatory impact from UNP on capex & valuation.,Company overview,False,None,5,0.0,0.0,0.0,0.0,0.0,,5,1,2.677457989193499,,,
c399ba47,Impact on EPS and shareholder value from share repurchase by Marathon Oil (MRO).,Shareholder return,False,None,5,0.2,1.0,1.0,1.0,1.0,1,5,1,4.910375108011067,,,
a317e32e,INCY - R&D and SG&A trends & margin impact analysis over the last 3 yrs.,Financials,False,None,5,0.0,0.0,0.0,0.0,0.0,,5,2,4.896125057712197,,,
94da7528,Liquidity constraints at Trane Technologies impact op/capex decisions.,Financials,False,None,5,0.0,0.0,0.0,0.0,0.0,,5,1,1.6448750393465161,,,
cde54e71,Reserves methodologies for legal proceedings related to contingent liabilities at Live Nation.,Legal,False,None,5,0.2,1.0,1.0,1.0,1.0,1,5,1,4.310457967221737,,,
1a60bc13,Impact on net vs. op margin for CVS in 2023 non-op.,Financials,True,Compositional,5,0.0,0.0,0.0,0.0,0.0,,5,1,5.138500011526048,,,
d57542ec,"Duke Energy's min full-time threshold for employees affects overall stability and profitability, DUK.",Company overview,True,Compositional,5,0.2,1.0,1.0,1.0,1.0,1,5,1,3.7347080651670694,,,
33cdf911,"KKR’s strategies for legal/regulatory risk mgmt. focus on proactive compliance and risk assessment, ensuring that KKR adapts swiftly to changes in regulatory environments.",Legal,False,None,5,0.0,0.0,0.0,0.0,0.0,,5,1,7.182875066064298,,,
6151a95c,Impact on valuation of DexCom (DXCM) from short-term liability risk mgmt. vs. historical periods.,Footnotes,False,None,5,0.0,0.0,0.0,0.0,0.0,,5,1,4.601499997079372,,,
c8896695,Capex segmentation trends for SYY and their impact on profit growth.,Footnotes,False,None,5,0.0,0.0,0.0,0.0,0.0,,5,1,4.176166956312954,,,
731db2f5,Impact of WBA cybersecurity risk mgmt on operational/financial stability - WBA.,Risk,False,None,5,0.2,1.0,1.0,1.0,1.0,1,5,1,4.085125052370131,,,
25638981,NA employee ratio vs ADM ticker vs global workforce & regional focus.,Company overview,True,Division,5,0.2,1.0,1.0,1.0,1.0,1,5,1,1.0757079580798745,,,
5f3502e7,$50.7M purchase commitment impact on South Texas AHS for cement/ready mix - MMD (Martin Marietta Materials).,Footnotes,False,None,5,0.2,1.0,1.0,1.0,1.0,1,5,1,3.107834025286138,,,
cb08b8b0,"SBA Comm., credit evals & DTA quality receivables.",Accounting,False,None,5,0.0,0.0,0.0,0.0,0.0,,5,1,0.6348330061882734,,,
6d9f0183,SYSCO upfront pymt treatment affects BS & earnings.,Accounting,False,None,5,0.2,1.0,1.0,1.0,1.0,1,5,1,0.431500026024878,,,
a9128898,Darden Restaurants saw a change in FY operating costs.,Financials,True,Subtract,5,0.2,1.0,0.5,0.6309297535714575,1.0,2,5,1,3.5251249792054296,,,
e3c466db,CAT's % of non-US workforce impacts labor costs & regional risk.,Company overview,True,Compositional,5,0.0,0.0,0.0,0.0,0.0,,5,1,3.5296669229865074,,,
0d73a9c9,Implications on FS earnings stability re IQVIA liability adjustments.,Legal,False,None,5,0.2,1.0,1.0,1.0,1.0,1,5,1,2.0616670371964574,,,
1212251e,Kellanova's (K) operating cash flow & capex affect liquidity.,Footnotes,False,None,5,0.0,0.0,0.0,0.0,0.0,,5,2,1.7727089580148458,,,
8f0f8606,Brown & Brown repurchase residual vs. historical auths.,Shareholder return,False,None,5,0.0,0.0,0.0,0.0,0.0,,5,1,0.4551250021904707,,,
1db14ead,"CHRW's layered cybersecurity strategy enhances its comp. position amidst supply chain & tech dependencies, CHRW.",Risk,False,None,5,0.0,0.0,0.0,0.0,0.0,,5,1,1.5515841078013182,,,
214fb436,CNP's ARP revenue separation impacts period comparability.,Accounting,False,None,5,0.2,1.0,0.5,0.6309297535714575,1.0,2,5,1,0.9351250482723117,,,
12af1ddb,RCL headcount breakdown: US vs int'l % with ticker in the mid.,Company overview,True,Compositional,5,0.0,0.0,0.0,0.0,0.0,,5,1,3.9144159527495503,,,
abb29737,Impact of environmental mediation on Tyson Foods (TSN) cost structure and capital allocation.,Legal,False,None,5,0.2,1.0,1.0,1.0,1.0,1,5,1,4.598667030222714,,,
9eb78ce3,Working cap adjustments for EXC operating CF.,Financials,False,None,5,0.0,0.0,0.0,0.0,0.0,,5,1,2.2542079677805305,,,
b72cf605,"Kellanova's 2023 net inc. split shows a clear divide: cont. ops vs. disc. ops, impacting earnings sust.",Financials,True,Compositional,5,0.2,1.0,1.0,1.0,1.0,1,5,1,3.3321670489385724,,,
d221aa64,Litigation risk strategies for MPWR and future profitability.,Legal,False,None,5,0.0,0.0,0.0,0.0,0.0,,5,1,3.5208750050514936,,,
c5e12545,"HII rev recognition criteria timing, predictability & segments for ticker.",Accounting,False,None,5,0.0,0.0,0.0,0.0,0.0,,5,1,1.9518749322742224,,,
4bcc8fd5,Post-COVID competition impacts Wynn Resorts (WYNN) Macau mkt share & rev.,Company overview,False,None,5,0.2,0.5,1.0,0.6131471927654584,0.9457167090754877,1,5,2,1.0404159547761083,,,
b216a433,"IDEX's rev rec timing criteria focus on when control transfers, with the ticker IDEX indicating performance measures in compliance.",Accounting,False,None,5,0.0,0.0,0.0,0.0,0.0,,5,1,5.445667076855898,,,
0c9d6824,Indemnification liabilities and future claims impact ZTS.,Footnotes,False,None,5,0.0,0.0,0.0,0.0,0.0,,5,1,2.721708035096526,,,
935c944e,PYPL liquidity via current assets for 2022-2023.,Financials,False,None,5,0.0,0.0,0.0,0.0,0.0,,5,2,3.6828339798375964,,,
9126dd6c,Ticker EPAM exec leadership board governance structure.,Governance,False,None,5,0.0,0.0,0.0,0.0,0.0,,5,1,0.9348330786451697,,,
e388ce7e,Ticker AZO presents various long-term obligation categories & cash flow risk.,Footnotes,False,None,5,0.0,0.0,0.0,0.0,0.0,,5,1,2.2423749323934317,,,
c44f9307,Avg prices for Kimco Realty (KIM) share repurchases in Oct/Dec 2023 vs market.,Shareholder return,False,None,5,0.0,0.0,0.0,0.0,0.0,,5,1,4.283834015950561,,,
b38fc006,"Liquidity, interest exp., & debt schedule of Nucor Corp.",Footnotes,False,None,5,0.2,1.0,1.0,1.0,1.0,1,5,1,2.8263330459594727,,,
1722b9eb,NFLX's share repurchase data and valuation insights reflect mgt's strategy.,Governance,False,None,5,0.0,0.0,0.0,0.0,0.0,,5,2,2.998083014972508,,,
37969583,"3Y EPS trends, ODFL, and implications for div and reinvestment strategy.",Financials,False,None,5,0.0,0.0,0.0,0.0,0.0,,5,2,3.0890420312061906,,,
da91a4f3,"PNR 2023 CAPEX breakdown: operational, strategic, and historical comparisons w/ ticker at end.",Footnotes,False,None,5,0.0,0.0,0.0,0.0,0.0,,5,1,3.821750055067241,,,
1eafed65,"Buyback timing, ZBRA, and volume factors.",Shareholder return,False,None,5,0.0,0.0,0.0,0.0,0.0,,5,1,2.499333000741899,,,
83ab8f2b,2023 NP margin vs 2022/21 for ticker.,Financials,True,Compositional,5,0.0,0.0,0.0,0.0,0.0,,5,1,3.288417006842792,,,
c1e95d88,"Cash outflow drivers for NI investing activities, milestone pmts & AFS impact; ticker at end.",Footnotes,False,None,5,0.0,0.0,0.0,0.0,0.0,,5,1,3.329999977722764,,,
926f49d4,Impact on profitability due to alternative capital allocation for RCL.,Shareholder return,False,None,5,0.0,0.0,0.0,0.0,0.0,,5,1,4.4496250338852406,,,
249d0f6f,Repurchase cost trend for AVGO FY22-FY24.,Shareholder return,False,None,5,0.0,0.0,0.0,0.0,0.0,,5,1,2.2617080248892307,,,
40b0c7db,Impact on competitiveness & innovation from Match Group headcount cut & tech hiring. MTCH,Company overview,True,None,5,0.2,1.0,1.0,1.0,1.0,1,5,1,2.67687498126179,,,
366f4a71,Ulta Beauty; op income vs net income margins trends and FY performance insights.,Financials,False,None,5,0.4,1.0,0.5,0.6509209298071326,1.0,2,5,2,3.10712493956089,,,
d839dac4,GEH: Variable considerations in revenue estimation trends for GE HealthCare.,Accounting,False,None,5,0.0,0.0,0.0,0.0,0.0,,5,2,3.2406250247731805,,,
123e8718,"Collective bargaining by LMT US workforce impacts operational risk and controls labor costs, LMT.",Company overview,True,None,5,0.0,0.0,0.0,0.0,0.0,,5,1,3.8227499462664127,,,
fa0be83e,"Jabil OI impact for FY23-24 from restructuring & severance charges, net of divestiture adjustments, JBL.",Financials,True,Subtract,5,0.2,1.0,1.0,1.0,1.0,1,5,1,4.648124915547669,,,
a03a23e0,Impacts on fin health and risk profile from target litig. risk provisions; TKR.,Legal,False,None,5,0.0,0.0,0.0,0.0,0.0,,5,1,3.9262500358745456,,,
297064c7,2023 Arch Capital's underwriting exp. ratios by segment.,Footnotes,False,None,5,0.2,1.0,1.0,1.0,1.0,1,5,1,2.7227919781580567,,,
547de610,Risks & benefits of CPB's comp structure on profitability & cash flow.,Governance,False,None,5,0.0,0.0,0.0,0.0,0.0,,5,1,3.6913329968228936,,,
7b8b858f,"Inc. revenue from Uber driver incentives vs. impact on S&M margins, UBER.",Accounting,False,None,5,0.2,1.0,1.0,1.0,1.0,1,5,1,3.324834047816694,,,
f3c26105,CSX's leadership influences risk mgmt in network ops.,Governance,False,None,5,0.2,1.0,0.5,0.6309297535714575,1.0,2,5,1,2.2880410542711616,,,
cb2c3d34,Revenue timing by channel for NIKE (NKE) and its cash flow impact.,Accounting,False,None,5,0.0,0.0,0.0,0.0,0.0,,5,1,4.7007499961182475,,,
adc95a0a,Net inc margin mult calc for SHW 2023.,Financials,True,Multiplication,5,0.0,0.0,0.0,0.0,0.0,,5,1,3.16229194868356,,,
804903d6,"Impact of increased income taxes on cash flow reconciliation for Aflac and appraisal of tax management, Aflac (AFL).",Footnotes,False,None,5,0.2,1.0,0.2,0.38685280723454163,1.0,5,5,1,6.34012499358505,,,
1dcfade7,Expedia Group's (EXPE) investing CF shift implications suggest a potential impact on inv. maturities & CapEx.,Risk,False,None,5,0.0,0.0,0.0,0.0,0.0,,5,1,3.197500016540289,,,
665c08cf,ADBE new gross profit calc w/ +3pp margin improvement.,Financials,True,Multiplication,5,0.0,0.0,0.0,0.0,0.0,,5,1,0.9017919655889273,,,
0faa43e5,"The Home Depot board’s oversight roles include internal controls & risk mgmt, HD.",Governance,False,None,5,0.0,0.0,0.0,0.0,0.0,,5,1,3.4221250098198652,,,
fd13e9dd,NXP's (NXPI) current assets vs. liabilities affect liquidity.,Financials,False,None,5,0.2,0.5,1.0,0.6131471927654584,0.557388084819926,1,5,2,1.492417068220675,,,
199c7b53,CapEx trends for IR vs. prior yrs & strategy.,Footnotes,False,None,5,0.0,0.0,0.0,0.0,0.0,,5,1,2.0307910162955523,,,
2e8b4bfd,Monthly share availability & repurchase implications for TT.,Shareholder return,False,None,5,0.0,0.0,0.0,0.0,0.0,,5,1,2.2832079557701945,,,
684b270f,Impact on profitability & capex strategy related to IDEXX EHS compliance.,Governance,False,None,5,0.0,0.0,0.0,0.0,0.0,,5,2,3.783583058975637,,,
41e7512e,"Garmin's OCF boosts operational efficiency, while ticker GARM signals future CapEx potential.",Financials,False,None,5,0.0,0.0,0.0,0.0,0.0,,5,1,1.208790927194059,,,
2fdba0b2,"Net sales & segment profit trends by biz unit for Honeywell over 3Y, HON.",Footnotes,False,None,5,0.2,1.0,1.0,1.0,1.0,1,5,1,3.5680000437423587,,,
e69149b0,Moody's insider ownership changes & mgmt alignment.,Governance,False,None,5,0.0,0.0,0.0,0.0,0.0,,5,1,0.4491250729188323,,,
b6b828d9,"Ticker comparisons show Bio-Rad's tech edge in fin. perf. vs. DHR, Merck Millipore, and TMO.",Company overview,False,None,5,0.2,1.0,0.3333333333333333,0.5,1.0,3,5,1,3.197083016857505,,,
e5087f13,Impact on timing accuracy for revenue recognition related to XEL meter readings.,Accounting,False,None,5,0.0,0.0,0.0,0.0,0.0,,5,1,4.574084072373807,,,
2cfb7842,"WAT's repurchase strategy can significantly impact mkt sentiment, while also carrying specific risks.",Shareholder return,False,None,5,0.0,0.0,0.0,0.0,0.0,,5,1,2.3745420621708035,,,
29ca5895,"FRT is evolving capital allocation strategies amid competitive, constrained property mkt.",Company overview,False,None,5,0.0,0.0,0.0,0.0,0.0,,5,1,2.2720840061083436,,,
0207e3fc,STX - Seagate's global ops & tech leadership drives comp. positioning & growth.,Governance,False,None,5,0.0,0.0,0.0,0.0,0.0,,5,1,0.8673749398440123,,,
7d0da7d3,INVH workforce strategy influences ops excellence & human capital risk.,Company overview,True,None,5,0.0,0.0,0.0,0.0,0.0,,5,1,1.6724170418456197,,,
b59efb8d,Huntington's legal/regulatory financial impact assumptions.,Legal,False,None,5,0.2,1.0,1.0,1.0,1.0,1,5,1,1.8715839833021164,,,
d8b68b71,Cost schedule for Paycom HQ expansion from Q4 '21 to Q1 '24.,Footnotes,False,None,5,0.0,0.0,0.0,0.0,0.0,,5,1,3.904124954715371,,,
d6026a97,HP's cyber training & risk mgmt. positively impact growth.,Risk,False,None,5,0.0,0.0,0.0,0.0,0.0,,5,1,1.1726249940693378,,,
63d1f728,Legal contingencies trends & future impact analysis for NetApp.,Legal,False,None,5,0.0,0.0,0.0,0.0,0.0,,5,1,2.4880419950932264,,,
76892293,"CoStar’s cash position compared to 12-mo contractual outflows, CSGP.",Financials,False,None,5,0.0,0.0,0.0,0.0,0.0,,5,1,2.810582984238863,,,
1eb3104c,The impact of MKTX cybersecurity audits on operational resilience and cash flow protection.,Risk,False,None,5,0.0,0.0,0.0,0.0,0.0,,5,1,6.102874991483986,,,
a3c3f192,"Impact of PTC on employee diversity, competitive positioning, and regional risk.",Company overview,True,None,5,0.0,0.0,0.0,0.0,0.0,,5,1,4.828416975215077,,,
3de38a80,"Positioning in RF digital banking, ticker unknown, may significantly influence long-term market impact.",Company overview,False,None,5,0.2,1.0,0.5,0.6309297535714575,1.0,2,5,1,3.620582981966436,,,
832b932c,"Avg purchase price trend for SBA from 2021-2023 during repurchase execution, ticker at end.",Shareholder return,False,None,5,0.0,0.0,0.0,0.0,0.0,,5,1,5.034458939917386,,,
22f7fccb,Cognizant's TM impact on SVC quality & profitability is noteworthy.,Company overview,False,None,5,0.0,0.0,0.0,0.0,0.0,,5,1,2.537375083193183,,,
f51e1f25,CCL's cybersecurity training measures show effectiveness.,Risk,False,None,5,0.0,0.0,0.0,0.0,0.0,,5,1,0.6147079402580857,,,
3d662ecd,BMY's diluted EPS increase for FY 2022-2023.,Financials,True,Subtract,5,0.0,0.0,0.0,0.0,0.0,,5,1,3.398542059585452,,,
e6590295,MTCH tax risks from separation transactions; cash flow impact ex-IAC/ex-MTCH.,Footnotes,False,None,5,0.2,1.0,1.0,1.0,1.0,1,5,1,2.51408398617059,,,
1f8a677c,DFS's risk profile regarding credit card receivables margins faces significant competitive pressures.,Company overview,False,None,5,0.2,1.0,1.0,1.0,1.0,1,5,1,1.6808750806376338,,,
66b28f37,Cybersecurity risk mgmt. for DXCM has significant fin. impacts.,Risk,False,None,5,0.0,0.0,0.0,0.0,0.0,,5,1,2.5387079222127795,,,
be180e64,"Purchase timing, volume, liquidity impact for LULU ESPP.",Governance,False,None,5,0.2,1.0,1.0,1.0,1.0,1,5,1,2.1621669875457883,,,
748aaa96,Env. lib. impact on long-term profit & cash flow for GE.,Legal,False,None,5,0.2,1.0,0.5,0.6309297535714575,1.0,2,5,1,3.608333063311875,,,
2b487753,TYSN's target mktg significantly drives rev growth & boosts demand.,Company overview,False,None,5,0.0,0.0,0.0,0.0,0.0,,5,1,0.5004589911550283,,,
e83f65d6,"2023 capex vs asset bases by segment for TMO, ticker analysis reveals future strategy implications.",Footnotes,False,None,5,0.0,0.0,0.0,0.0,0.0,,5,1,3.8652500370517373,,,
f92d377d,Impact of UPS's cap allocation on shareholder value based on exec background.,Governance,False,None,5,0.0,0.0,0.0,0.0,0.0,,5,1,3.871374996379018,,,
b7d92d69,"Capex for PPL cybersecurity vs benchmarks, with operational impact analyzed.",Risk,False,None,5,0.2,1.0,1.0,1.0,1.0,1,5,1,3.4954160219058394,,,
aba38bce,BXP's cybersecurity integration impact on CAPEX & IT investments.,Risk,False,None,5,0.2,1.0,0.5,0.6309297535714575,1.0,2,5,1,2.4259580532088876,,,
ef24b153,TRGP's court ruling may affect profitability & valuation metrics.,Legal,False,None,5,0.0,0.0,0.0,0.0,0.0,,5,1,1.3351249508559704,,,
c2c22a4b,"Details on the 2023 share repurchase program for FMC include the ticker FMC, outlining plans to buy back shares as part of the company’s capital allocation strategy.",Shareholder return,False,None,5,0.2,1.0,0.2,0.38685280723454163,1.0,5,5,1,9.466250077821314,,,
88a44f91,Impact on fin. health risk from remediation liability reserves at Dominion Energy (D).,Legal,False,None,5,0.2,1.0,1.0,1.0,1.0,1,5,1,3.732083016075194,,,
73f4ba26,"Howmet Aerospace's future growth prospects, competitive positioning, and asset investments align strategically with their ticker.",Footnotes,False,None,5,0.0,0.0,0.0,0.0,0.0,,5,1,3.9252080023288727,,,
ac857a7e,"Eversource Energy's operational risks, profitability, & cash flow stability compared to peers, TKR: ES.",Company overview,False,None,5,0.2,1.0,0.2,0.38685280723454163,1.0,5,5,1,2.802375005558133,,,
7ea99805,STX's share buyback strategy criteria & its impact on shareholder value.,Shareholder return,False,None,5,0.0,0.0,0.0,0.0,0.0,,5,3,3.1105410307645798,,,
3fbf83cc,"AWK mgmt exp on reg strategy & growth, ticker in last position.",Governance,False,None,5,0.0,0.0,0.0,0.0,0.0,,5,1,3.345708013512194,,,
a13b68ad,Impact on valuation & investor risk from Waters Corp's cyber ins. WAT.,Risk,False,None,5,0.0,0.0,0.0,0.0,0.0,,5,1,2.7092499658465385,,,
c5c42ebf,"Trends in cash flow and capital allocation for Qorvo, ticker QRVO, indicate a focus on strategic investments.",Company overview,False,None,5,0.0,0.0,0.0,0.0,0.0,,5,1,6.514749955385923,,,
6700e183,Risk mitigation & financial stability are enhanced by VRSN's advanced security measures.,Governance,False,None,5,0.0,0.0,0.0,0.0,0.0,,5,1,3.2740419264882803,,,
56d56b0a,Implications of ratable rev rec on perf & prof of MSFT's integrated cloud services.,Accounting,False,None,5,0.0,0.0,0.0,0.0,0.0,,5,1,3.3892920473590493,,,
ad500d5e,TTWO alternative efficiency ratios.,Financials,False,None,5,0.0,0.0,0.0,0.0,0.0,,5,2,0.19716599490493536,,,
0995362d,AIG's liquidity implications are critical regarding its payment obligations period breakdown.,Footnotes,False,None,5,0.2,1.0,0.5,0.6309297535714575,1.0,2,5,1,2.6632080553099513,,,
99642083,MRNA's milestone timing for grant rev. deferral drives growth & sust. prospects.,Accounting,False,None,5,0.2,1.0,0.5,0.6309297535714575,1.0,2,5,1,1.9150420557707548,,,
9fd50629,Capex trend for WST 2023 vs 2022 will impact ops efficiency and risk significantly.,Footnotes,False,None,5,0.0,0.0,0.0,0.0,0.0,,5,1,4.998916992917657,,,
b8ac8b36,"Uber's board focuses on expertise, governance, and growth.",Governance,False,None,5,0.0,0.0,0.0,0.0,0.0,,5,1,3.332083928398788,,,
41933a53,"R&D % for Super Micro Computer as of June 30, 2023, and its impact on competitive positioning.",Company overview,True,Division,5,0.0,0.0,0.0,0.0,0.0,,5,1,7.298207958228886,,,
166365be,"MetLife faces evolving reg., competitive dynamics impacting cap mgt. & risk mitigation, MET.",Company overview,False,None,5,0.0,0.0,0.0,0.0,0.0,,5,1,0.9729160228744149,,,
ebb4989e,"Repurchases by Expedia can enhance capital structure while potentially impacting financial flexibility, EXPE.",Shareholder return,False,None,5,0.0,0.0,0.0,0.0,0.0,,5,1,2.9505828861147165,,,
9b0ad675,"Competitive positioning of United Airlines’ domestic route network versus foreign carriers, TKR: UAL.",Company overview,False,None,5,0.2,1.0,1.0,1.0,1.0,1,5,1,2.75537499692291,,,
e82f3fcf,2023 share repurchase volume & cost for EVRG.,Shareholder return,False,None,5,0.0,0.0,0.0,0.0,0.0,,5,2,3.1774590024724603,,,
e1170463,How does CT&O integration on cybersecurity impact investor sentiment and market valuation for ARE?,Risk,False,None,5,0.0,0.0,0.0,0.0,0.0,,5,1,4.8322080401703715,,,
793dc0e4,"HWM's impact on cash flow & investment is influenced by leadership in cost control, supply chain, and cap allocation.",Governance,False,None,5,0.0,0.0,0.0,0.0,0.0,,5,1,6.414790987037122,,,
a13c3e28,Impact on OPEX & cash flow from CSCO's global expansion.,Company overview,False,None,5,0.0,0.0,0.0,0.0,0.0,,5,2,3.0553750693798065,,,
5c7a541a,CAG litigation accrual trends FY23-FY24 & reg risk.,Legal,False,None,5,0.0,0.0,0.0,0.0,0.0,,5,1,0.7924160454422235,,,
511068aa,"Short-term debt risks and oppty with rising bank loan rates in 2023 vs 2022, MDLZ.",Footnotes,False,None,5,0.0,0.0,0.0,0.0,0.0,,5,2,6.05491700116545,,,
3aeadfbc,"MTCH's litigation exp., contingent liabs. affect profitability & cap allocation.",Legal,False,None,5,0.0,0.0,0.0,0.0,0.0,,5,1,0.680082943290472,,,
ac11d985,"The board diversity at TE Connectivity influences its financial health and profitability, TEL.",Governance,False,None,5,0.0,0.0,0.0,0.0,0.0,,5,1,4.989749984815717,,,
21dcc948,LDOS 2023 op income vs non-op exp ratio highlights leverage risk.,Financials,True,Compositional,5,0.0,0.0,0.0,0.0,0.0,,5,1,2.278124913573265,,,
c39e9b8c,The impact of EQT Corp's remote workforce on cost structure and regional risk factors needs to be analyzed.,Company overview,True,None,5,0.0,0.0,0.0,0.0,0.0,,5,1,8.299125009216368,,,
226abecd,Succession planning & governance factors for PNC exec age/longevity.,Governance,False,None,5,0.0,0.0,0.0,0.0,0.0,,5,1,2.457750029861927,,,
208e1402,Trane's rev allocation pricing strategy for performance obligation SSP.,Accounting,False,None,5,0.0,0.0,0.0,0.0,0.0,,5,1,2.2786669433116913,,,
cb4f0605,How the structure of AVB's cybersecurity team and its oversight influence competitive edge and growth? AVB.,Risk,False,None,5,0.0,0.0,0.0,0.0,0.0,,5,1,5.2501249592751265,,,
a9e81306,"Iron Mountain's global footprint enhances its competitive advantage over regional players regarding pricing, brand image, and tech capabilities, IRM.",Company overview,False,None,5,0.0,0.0,0.0,0.0,0.0,,5,1,3.5525000421330333,,,
e13a4600,Net earnings to operating cash adjustments for HPE and earnings quality.,Footnotes,False,None,5,0.2,1.0,1.0,1.0,1.0,1,5,1,5.280624958686531,,,
26063d00,Op margin trend for EA from 2022-2024 & ticker exp impact analysis.,Financials,True,Compositional,5,0.0,0.0,0.0,0.0,0.0,,5,1,3.8494999753311276,,,
68baba75,Impact of VICI macro trends on competitive positioning & growth potential.,Company overview,False,None,5,0.0,0.0,0.0,0.0,0.0,,5,1,3.7409579381346703,,,
15cf0974,"The impact of APA on profitability, with the ticker in play, brings into question the allocation of capital.",Legal,False,None,5,0.0,0.0,0.0,0.0,0.0,,5,1,6.597250001505017,,,
da2a2fad,Generational workforce ratios and succession strategy for Ameren Corp (AEE).,Company overview,True,Compositional,5,0.2,1.0,1.0,1.0,1.0,1,5,1,3.1612920574843884,,,
5635c096,"Impact of detailed expenses from Fortinet ASU 2023-07 on operational efficiency and profitability, FTNT.",Footnotes,False,None,5,0.2,0.5,1.0,0.6131471927654584,0.21798900235663787,1,5,2,5.976124899461865,,,
bc46e855,BRWN: Trends in advtg & SG&A exp impact on margins 22-24.,Financials,True,Compositional,5,0.0,0.0,0.0,0.0,0.0,,5,1,4.225332988426089,,,
c75e72af,Cybersecurity qualitative indicators risk profile & cap allocation for EL.,Risk,False,None,5,0.0,0.0,0.0,0.0,0.0,,5,1,2.1004159934818745,,,
f291eab1,BorgWarner's revenue impact from sales incentives & allowances.,Accounting,False,None,5,0.0,0.0,0.0,0.0,0.0,,5,1,2.1941669983789325,,,
931c9e69,Regional sum for IPG Intl employees.,Company overview,True,Addition,5,0.0,0.0,0.0,0.0,0.0,,5,1,2.0105839939787984,,,
84dcafd9,The impact on profitability trends due to a decline in GS EPS.,Financials,True,Subtract,5,0.0,0.0,0.0,0.0,0.0,,5,1,6.051040953025222,,,
3eb50135,Materiality assessment of Host Hotels' legal proceedings.,Legal,False,None,5,0.2,1.0,1.0,1.0,1.0,1,5,1,2.6801249478012323,,,
959808fd,"AMGN, PCSK9 litigation's impact on finls.",Legal,False,None,5,0.2,1.0,0.25,0.43067655807339306,1.0,4,5,1,1.8837919924408197,,,
b3c82dc5,TECH’s cyber ins. impact on risk profile & fin. perf.,Risk,False,None,5,0.0,0.0,0.0,0.0,0.0,,5,1,2.088249893859029,,,
bce4ef5a,"Timing of borrowings for IDEX note 7 impacts interest, liquidity, and overall fin. health.",Footnotes,False,None,5,0.2,1.0,0.5,0.6309297535714575,1.0,2,5,1,4.952625022269785,,,
ab7f8163,Linde plc's rev. rec. for onsite merchant packaged ind. gases affects rev. timing & reliability.,Accounting,False,None,5,0.2,1.0,1.0,1.0,1.0,1,5,1,1.815000083297491,,,
6f4a92f9,"ISRG capital sys sales cycle risks, macro trends, rev, and capex planning.",Company overview,False,None,5,0.0,0.0,0.0,0.0,0.0,,5,1,2.87987501360476,,,
d98ed546,"Implications of STT front office rev rec point vs over time, ticker.",Accounting,False,None,5,0.2,1.0,0.5,0.6309297535714575,1.0,2,5,1,2.6982499985024333,,,
e94fa477,CAPEX vs D&A for TJX and implications for asset renewal.,Footnotes,False,None,5,0.2,1.0,0.3333333333333333,0.5,1.0,3,5,1,3.9157079299911857,,,
0b050b73,Future liabilities from legal proceedings at Alliant Energy may impact cash flow.,Legal,False,None,5,0.2,1.0,1.0,1.0,1.0,1,5,1,3.881458076648414,,,
795bc1a4,"Valuation risk analysis of Tesla (TSLA) energy storage; focus on modular design, pricing efficiency.",Company overview,False,None,5,0.2,1.0,0.25,0.43067655807339306,1.0,4,5,1,3.5943329567089677,,,
9652c9b0,"Litigation risk mgt, with GWW as the ticker, involves protective measures and market impact considerations.",Legal,False,None,5,0.0,0.0,0.0,0.0,0.0,,5,1,5.340416915714741,,,
021d681e,Operational impact liabilities from cyber risk at Berkshire Hathaway.,Risk,False,None,5,0.2,1.0,1.0,1.0,1.0,1,5,1,2.8883329359814525,,,
8f5abfaa,"Liquidity & cap allocation integration for CDW (debt, divs, M&A, buybacks).",Financials,False,None,5,0.2,1.0,0.5,0.6309297535714575,1.0,2,5,1,2.922415966168046,,,
9a1d46b3,"Cigna (CI) cash flow allocation for capex, debt management, and pension risk mitigation.",Financials,False,None,5,0.0,0.0,0.0,0.0,0.0,,5,1,4.077167017385364,,,
9272cb94,AZO's rev rec lifecycle impacts growth vis & valuation metrics.,Accounting,False,None,5,0.0,0.0,0.0,0.0,0.0,,5,1,0.4047909751534462,,,
6cf59e04,cost ctrl for vendor risk mgmt & cybersecurity on balance sheet (AMP),Risk,False,None,5,0.2,1.0,0.3333333333333333,0.5,1.0,3,5,1,3.3673329744488,,,
67f0bc2a,"Breakdown of CVS CapEx allocation % for tech/digital vs store facilities, ticker at the end.",Footnotes,False,None,5,0.2,1.0,0.5,0.6309297535714575,1.0,2,5,1,4.985917010344565,,,
6e2aa6be,Impact of KKR board expertise on profitability & fin. health.,Governance,False,None,5,0.0,0.0,0.0,0.0,0.0,,5,1,3.623749944381416,,,
294c8353,"OM impact from transport exp & regional cost pressures, ticker.",Footnotes,False,None,5,0.0,0.0,0.0,0.0,0.0,,5,1,2.022666041739285,,,
637abee1,Trend analysis of ULTA's 3-yr IBIT vs tax exp impact on tax strat & profit sustainability.,Footnotes,False,None,5,0.2,0.5,0.3333333333333333,0.3065735963827292,0.8932346723044398,3,5,2,3.651374951004982,,,
5fd56f83,Impact on cap allocation from INTC repurchase auth.,Governance,False,None,5,0.0,0.0,0.0,0.0,0.0,,5,1,2.549415919929743,,,
e0b8ba0e,2022-2023 asset liquidity for PCAR truck parts.,Financials,False,None,5,0.4,1.0,0.5,0.6240505200038379,1.0,2,5,2,3.4635839983820915,,,
0912ecfd,CTSH's restructuring charges' effect on op. margin vs 2021-22.,Financials,True,Compositional,5,0.0,0.0,0.0,0.0,0.0,,5,1,2.4092079838737845,,,
6c4a2c46,Int'l rev trends & global exposure analysis for Nordson Corp.,Company overview,False,None,5,0.0,0.0,0.0,0.0,0.0,,5,1,2.197750029154122,,,
241306ce,PTC's robust gov. & board oversight boosts inv. confidence in risk mgmt.,Risk,False,None,5,0.2,1.0,1.0,1.0,1.0,1,5,1,2.7728340355679393,,,
732f45a4,"Repurchase metrics for Wynn Resorts from Oct-Dec 2023 at a weighted avg price of [insert price here], WYNN.",Shareholder return,False,None,5,0.0,0.0,0.0,0.0,0.0,,5,1,6.084458087570965,,,
267cf58b,"Exec age, career diversity, & succession risk analysis for JPM.",Governance,False,None,5,0.0,0.0,0.0,0.0,0.0,,5,1,2.14395800139755,,,
f23ccc86,2023 margins for AVY and investor sentiment are being closely monitored.,Financials,True,Compositional,5,0.0,0.0,0.0,0.0,0.0,,5,1,4.648292087949812,,,
b27c33b9,Capex timing & scale for SLB '23 vs '24 growth strategy.,Footnotes,False,None,5,0.2,1.0,0.2,0.38685280723454163,1.0,5,5,1,2.253792015835643,,,
0a6d7405,DTE non-utility eco legal risk mgmt. impacts long-term growth inv. returns.,Legal,False,None,5,0.2,1.0,0.5,0.6309297535714575,1.0,2,5,1,2.087875036522746,,,
98d378a5,Impact on diluted EPS from options dilution shift over 3 yrs for REGN.,Financials,True,Compositional,5,0.0,0.0,0.0,0.0,0.0,,5,1,3.958249930292368,,,
e8b00a6c,Recog of rev for goods vs services differs btwn pharma & animal health for MRK.,Accounting,False,None,5,0.2,1.0,0.3333333333333333,0.5,1.0,3,5,1,3.486500005237758,,,
7537460e,CEO of Intel's background impacts strategy & governance.,Governance,False,None,5,0.0,0.0,0.0,0.0,0.0,,5,1,2.5797500275075436,,,
a11ba734,"Calculation of operating income contribution for SWA ground ops employee, SWA.",Company overview,True,Multiplication,5,0.0,0.0,0.0,0.0,0.0,,5,1,3.963249968364835,,,
daaa8d1b,Impact of MDLZ on competitive positioning & supply chain resilience through cybersecurity investment.,Risk,False,None,5,0.0,0.0,0.0,0.0,0.0,,5,1,4.099208978004754,,,
e40376d0,Feb 9 board signatures may influence leadership and governance at Enphase Energy.,Governance,False,None,5,0.0,0.0,0.0,0.0,0.0,,5,1,3.7443749606609344,,,
628c1df9,The impact of evolving debt maturities on capital structure and debt svc risk for MLM.,Financials,False,None,5,0.0,0.0,0.0,0.0,0.0,,5,2,6.526584038510919,,,
d3e66e76,Investing mix for AAL: short-term investments vs. aircraft capex for 2022 vs 2023; AAL.,Footnotes,False,None,5,0.2,1.0,1.0,1.0,1.0,1,5,1,3.818625002168119,,,
953fa6e2,Liquidity & WC shifts for Iron Mountain in 2022-2023.,Financials,False,None,5,0.4,1.0,1.0,1.0,1.0,1,5,2,4.268209100700915,,,
69efc866,Board oversight roles & governance implications for CCF (Capital One Financial Corp) are critical.,Governance,False,None,5,0.0,0.0,0.0,0.0,0.0,,5,1,4.242458031512797,,,
ade230dd,"Risk quantification for The Hartford cybersecurity breach, along with contingency planning and cap allocation, THG.",Risk,False,None,5,0.2,1.0,1.0,1.0,1.0,1,5,1,5.105166928842664,,,
ad038b52,Risk impact from CMG legal proceedings claims.,Legal,False,None,5,0.0,0.0,0.0,0.0,0.0,,5,1,2.135207992978394,,,
6e5aff44,Revenue recognition timing for performance obligations at Raymond James.,Accounting,False,None,5,0.0,0.0,0.0,0.0,0.0,,5,1,3.158167004585266,,,
df0aacf7,Impact of proactive cybersecurity measures (CL) on resilience & future growth costs.,Risk,False,None,5,0.0,0.0,0.0,0.0,0.0,,5,1,4.058833001181483,,,
482447a7,"Amcor plc: calc inv turnover ratio 2023 vs 2024, comparing cost of sales vs combined inventory components.",Financials,False,None,5,0.4,1.0,1.0,1.0,1.0,1,5,2,3.9397079963237047,,,
d12b0ddb,Impact on growth from third-party audit cybersecurity risk mgmt at Elevance Health (ELV).,Risk,False,None,5,0.0,0.0,0.0,0.0,0.0,,5,1,3.982124966569245,,,
5c779106,CRWD's unvested share repurchase affects risk & cash flow.,Shareholder return,False,None,5,0.2,0.5,0.3333333333333333,0.3065735963827292,0.6575342465753424,3,5,2,1.7872919561341405,,,
90c29e26,BLDR's governance structure is balanced by signatories.,Governance,False,None,5,0.0,0.0,0.0,0.0,0.0,,5,1,2.170333988033235,,,
ffe62972,Cencora's cybersecurity training & vendor assessments affect ticker competitive positioning & valuation.,Risk,False,None,5,0.0,0.0,0.0,0.0,0.0,,5,1,1.0295420652255416,,,
17756967,Hershey's strong operating cash flows (HSY) enhance liquidity & support strategic investment funding.,Financials,False,None,5,0.2,1.0,0.25,0.43067655807339306,1.0,4,5,1,2.3497919319197536,,,
a3ffa1f1,IRM's effectiveness in mitigating litigation insurance risk.,Legal,False,None,5,0.0,0.0,0.0,0.0,0.0,,5,1,2.4837079690769315,,,
4d35cd29,"The impact of Trimble's legal exposures on its comp. positioning, risk profile, growth, and valuation is noteworthy, TICKER.",Legal,False,None,5,0.0,0.0,0.0,0.0,0.0,,5,1,6.342374952509999,,,
81b8e7c5,CPRT's competitive advantages in online auctions bolster growth via Purple Wave acquisition.,Footnotes,False,None,5,0.2,1.0,1.0,1.0,1.0,1,5,1,2.6505409041419625,,,
bd6a382c,"Board structure, cap allocation, and risk mgmt at Quanta Services.",Governance,False,None,5,0.0,0.0,0.0,0.0,0.0,,5,1,3.618541988544166,,,
a746930b,"Risk & perf of display diversification for Semiconductor Systems, AGS, with the AMAT.",Company overview,False,None,5,0.2,1.0,0.5,0.6309297535714575,1.0,2,5,1,4.919374943710864,,,
cad35b37,The impact of Aptiv PLC's cybersecurity risk mgmt. on financial risks.,Risk,False,None,5,0.2,1.0,1.0,1.0,1.0,1,5,1,5.117000080645084,,,
c62a56e9,CF: GE investing - cont. vs discont. analysis of dispos. & acquis. current vs prev. yr.,Footnotes,False,None,5,0.0,0.0,0.0,0.0,0.0,,5,1,2.720167045481503,,,
b4a8b134,Cloud rev rec consumption vs subs impact on growth & recurring rev for GOOGL.,Accounting,False,None,5,0.2,1.0,0.2,0.38685280723454163,1.0,5,5,1,2.7740829391404986,,,
7922279a,"Key judgment adjustments on PYPL revenue comparability, affecting future growth impact.",Accounting,False,None,5,0.0,0.0,0.0,0.0,0.0,,5,1,2.8044170467182994,,,
c19ea78e,TBC faces profitability risks due to pricing pressure and tech competition.,Company overview,False,None,5,0.0,0.0,0.0,0.0,0.0,,5,1,3.792708972468972,,,
e72efd51,"Impact on revenue from MGM Resorts VIP vs main floor along with strategies for mitigating Macau risks, MGM.",Company overview,False,None,5,0.2,1.0,1.0,1.0,1.0,1,5,1,4.5042079873383045,,,
2e60c9f5,HON's fair value hedging adj. impact on net LT debt for 2022-2023 in risk mgmt.,Financials,False,None,5,0.0,0.0,0.0,0.0,0.0,,5,1,6.108583998866379,,,
22c697ef,Cybersecurity governance risk impact on profitability and credit ratings for DVA (DaVita Inc.).,Risk,False,None,5,0.2,1.0,0.5,0.6309297535714575,1.0,2,5,1,4.521916969679296,,,
65156632,"Gross margins, operating cash flow & rate stabilization metrics for LNT vs service obligations & competition in retail/wholesale power for LNT.",Company overview,False,None,5,0.2,0.5,0.3333333333333333,0.3065735963827292,0.6110192837465565,3,5,2,4.760082927532494,,,
3f36abbd,"Employee distribution by region: US, Asia, Europe with absolute numbers and global presence for Lam Research (LRCX).",Company overview,True,Compositional,5,0.0,0.0,0.0,0.0,0.0,,5,1,4.999667056836188,,,
6115c602,"Trends in non-op expenses for AES, impacting profitability and growth sustainability.",Financials,False,None,5,0.2,0.5,1.0,0.6131471927654584,0.4688026981450253,1,5,2,4.396083066239953,,,
b2ef2c2d,AEP's revolving credit covenants affect cap allocation & debt mgmt.,Shareholder return,False,None,5,0.2,1.0,1.0,1.0,1.0,1,5,1,1.0109160793945193,,,
673e49e2,"Bristol-Myers Squibb (BMY) leverages leadership expertise in CA, R&D, and global supply to respond to regulatory trends and emerging markets for growth/valuation.",Governance,False,None,5,0.0,0.0,0.0,0.0,0.0,,5,1,5.871583009138703,,,
59807f68,Litigation involving Equity Residential could impact capital allocation and investment strategy significantly.,Legal,False,None,5,0.0,0.0,0.0,0.0,0.0,,5,1,3.4042500192299485,,,
3772d674,Calculation of inventory turnover for FY24 at Nordson.,Financials,False,None,5,0.0,0.0,0.0,0.0,0.0,,5,2,3.696041996590793,,,
b8847421,Ticker TE Connectivity headcount reconciliation with regional breakdown vs total.,Company overview,True,Compositional,5,0.0,0.0,0.0,0.0,0.0,,5,1,2.0982089918106794,,,
7a680425,Impact of $877.1M retail loan originations on investing CF for PACCAR.,Footnotes,False,None,5,0.2,0.5,1.0,0.6131471927654584,0.5697808535178778,1,5,2,4.0625829715281725,,,
fbed0cb3,Impact of liquidity due to 30-90 day terms & dist. agreements for Monolithic Power Systems (MPWR),Governance,False,None,5,0.0,0.0,0.0,0.0,0.0,,5,1,5.2596250316128135,,,
9ea63686,"LMT's liquidity allocation ops vs share repurchases vs corporate initiatives over 12M, ticker LMT.",Financials,False,None,5,0.2,1.0,0.2,0.38685280723454163,1.0,5,5,1,1.849207910709083,,,
fe8ef015,"Quanta Services faces competitive risk regarding margins from fixed vs unit pricing, PWR.",Company overview,False,None,5,0.0,0.0,0.0,0.0,0.0,,5,1,2.5382920866832137,,,
53ccc827,ATO net income for common shareholders from 2022-2024 total.,Financials,True,Addition,5,0.0,0.0,0.0,0.0,0.0,,5,1,4.851416917517781,,,
9e33c586,2023 net income vs cash flows sustainability for FE; non-cash adjustments' impact.,Footnotes,False,None,5,0.0,0.0,0.0,0.0,0.0,,5,1,4.080041078850627,,,
44aeeeb1,Impact on capital allocation due to leadership age demographics at RTX Corp.,Governance,False,None,5,0.2,1.0,1.0,1.0,1.0,1,5,1,4.170999978668988,,,
327cc151,Impact of refining agreements and metals mkts conditions on NEM revenue recognition.,Accounting,False,None,5,0.2,1.0,1.0,1.0,1.0,1,5,1,4.659625003114343,,,
14939d05,Rev volatility & margin stability tied to EOG pricing mech.,Accounting,False,None,5,0.2,1.0,1.0,1.0,1.0,1,5,1,2.0157500403001904,,,
9a7718d0,"Profit margins for Devon Energy in 2023 reflect operating costs, with DVN implementing inflation mitigation measures.",Company overview,False,None,5,0.0,0.0,0.0,0.0,0.0,,5,1,5.256999982520938,,,
45f99eae,"YoY rev growth trends from 2022-2024 & key drivers, BR.",Financials,False,None,5,0.0,0.0,0.0,0.0,0.0,,5,2,2.8617079369723797,,,
82046d95,"Trends in repurchase pricing and strategies for Live Nation, ticker LN.",Shareholder return,False,None,5,0.0,0.0,0.0,0.0,0.0,,5,1,4.089791909791529,,,
c4c86cdd,MAA's debt/equity cap structure impacts capex & growth amid competitive landscape.,Company overview,False,None,5,0.0,0.0,0.0,0.0,0.0,,5,1,1.400041044689715,,,
aa4ef915,Impacts of 3M's operating & finance leases on capital structure & risk profile.,Footnotes,False,None,5,0.2,1.0,1.0,1.0,1.0,1,5,1,4.013875033706427,,,
bc5c0e96,"Divisional structure, risk mgmt, & competitive positioning of Nasdaq.",Governance,False,None,5,0.2,0.5,0.5,0.38685280723454163,0.23709940249864203,2,5,2,2.507458906620741,,,
99966e3a,"SNPS board's cybersecurity oversight impacts investor confidence, affecting growth.",Risk,False,None,5,0.0,0.0,0.0,0.0,0.0,,5,1,1.1499999091029167,,,
f6d8272a,CF from property sales vs. acquisitions/renovations impacts asset strategy for INVH.,Footnotes,False,None,5,0.0,0.0,0.0,0.0,0.0,,5,1,3.3457090612500906,,,
74189809,"Risk, synergies, & competitive impact of Verisk (VRSK) acquisition.",Company overview,False,None,5,0.0,0.0,0.0,0.0,0.0,,5,1,2.831334015354514,,,
370225a7,"Trend in EPS for MMC 3Y, both basic & diluted, shows impact on SH value.",Financials,True,Compositional,5,0.0,0.0,0.0,0.0,0.0,,5,1,4.50699997600168,,,
99b022fd,"Regulatory/legal factors impacting capital allocation and growth potential for Ameriprise Financial, AMP.",Legal,False,None,5,0.0,0.0,0.0,0.0,0.0,,5,1,4.545332980342209,,,
0098df3b,Op profit delta for MAS in 2021 vs 2023.,Financials,True,Subtract,5,0.0,0.0,0.0,0.0,0.0,,5,1,4.0825000032782555,,,
a9e3ab26,COP legal proceedings consolidated impact.,Legal,False,None,5,0.0,0.0,0.0,0.0,0.0,,5,1,1.4791660942137241,,,
571c7bba,Trend analysis of cost per share repurchase for ULTA reveals significant market implications.,Shareholder return,False,None,5,0.0,0.0,0.0,0.0,0.0,,5,1,4.480832954868674,,,
07994506,How does internally promoted leadership at Republic Services impact long-term growth and capital allocation? (RSG),Governance,False,None,5,0.0,0.0,0.0,0.0,0.0,,5,1,4.2030829936265945,,,
8a6d1e23,DLTR's net sales tax impact on profitability & efficiency presentation.,Accounting,False,None,5,0.0,0.0,0.0,0.0,0.0,,5,1,2.7870420599356294,,,
fa08cbd4,FDIC legal impact on investor sentiment and valuation for BoA.,Legal,False,None,5,0.2,1.0,1.0,1.0,1.0,1,5,1,3.9628330850973725,,,
abec5653,Estimation assumptions for impact of LW ERP lawsuit.,Legal,False,None,5,0.2,1.0,0.3333333333333333,0.5,1.0,3,5,1,3.210333059541881,,,
3214f263,"Match Group's competitive positioning for brand portfolio strategy focuses on customer acquisition, reflecting ticker MG.",Governance,False,None,5,0.0,0.0,0.0,0.0,0.0,,5,1,3.76587500795722,,,
4b2b8dc7,"Calculate the decrease in voluntary attrition for Catalent using a headcount of 16,900.",Company overview,True,Multiplication,5,0.2,1.0,1.0,1.0,1.0,1,5,1,5.939833004958928,,,
6dea7da8,"Trends in Kenvue's capex vs D&A for reinvestment strategy reflect a focus on growth, KVUE.",Footnotes,False,None,5,0.0,0.0,0.0,0.0,0.0,,5,1,4.82220808044076,,,
33a82061,"EAT liquidity facilities in funding ops, capex, M&A.",Financials,False,None,5,0.0,0.0,0.0,0.0,0.0,,5,1,3.0508340569213033,,,
4fff72dc,Cadence's (CDNS) rev vs asset alloc by region for profitability & efficiency.,Footnotes,False,None,5,0.2,1.0,1.0,1.0,1.0,1,5,1,2.655874937772751,,,
0d5ac529,E&P rev rec take/ship pay deferred rev shortfall tkr.,Accounting,False,None,5,0.2,1.0,1.0,1.0,1.0,1,5,1,0.8072500349953771,,,
72172ee3,Q4 2023 cash outlays in comparison to share repurchases for MA align with its financial strategy.,Shareholder return,False,None,5,0.0,0.0,0.0,0.0,0.0,,5,1,6.903499946929514,,,
2c377698,Current net profit margin insights for ON Semiconductor (ON) highlight profitability metrics.,Financials,True,Division,5,0.2,1.0,0.25,0.43067655807339306,1.0,4,5,1,3.353290958330035,,,
39d85a49,Historical return adjustments for NVDA raise concerns about future revenue decline implications.,Accounting,False,None,5,0.0,0.0,0.0,0.0,0.0,,5,1,2.5423330953344703,,,
57926ee0,"UHS Q4 2023 trading protocols' impact on investor sentiment, capital allocation, & governance.",Governance,False,None,5,0.0,0.0,0.0,0.0,0.0,,5,1,3.0882920837029815,,,
710e31a7,Evergy COLI deferred rev % of 2023 NI: EVRG.,Financials,True,Division,5,0.2,1.0,1.0,1.0,1.0,1,5,1,2.980290912091732,,,
96477e23,CVX profitability margins impacted by environmental legal proceedings.,Legal,False,None,5,0.0,0.0,0.0,0.0,0.0,,5,1,1.7118329415097833,,,
85d52b8b,IP margin trends & drivers for 2021-23 showcasing the tickers' impact on performance.,Financials,True,Compositional,5,0.0,0.0,0.0,0.0,0.0,,5,1,4.508083104155958,,,
93c46d80,"Judgment calls on ICE revenue recognition estimates affect FP during contract renewals/restructuring, ICE.",Accounting,False,None,5,0.0,0.0,0.0,0.0,0.0,,5,1,2.6743339840322733,,,
6e880902,"Tyson Foods global workforce, ticker TSN, shows a contrast between the US vs ex-US.",Company overview,True,Compositional,5,0.0,0.0,0.0,0.0,0.0,,5,1,3.169208997860551,,,
aa8844f2,"The impact of competitive pressure on News Corp's pricing strategy, ticker NWSA, and brand strength in consumer products.",Company overview,False,None,5,0.2,0.5,1.0,0.6131471927654584,0.4544935262757045,1,5,2,6.532124942168593,,,
33d79fd7,Impact of Mettler-Toledo training & safety on growth of operational risk - MTD.,Company overview,True,None,5,0.0,0.0,0.0,0.0,0.0,,5,1,3.605416975915432,,,
f0c1c636,Ticker CMS: Exp evolution vs. net income relationship.,Financials,False,None,5,0.2,1.0,1.0,1.0,1.0,1,5,1,1.1853339383378625,,,
6149407c,KHC share repurchase utilization vs. remaining auth.,Shareholder return,False,None,5,0.0,0.0,0.0,0.0,0.0,,5,2,1.0504170786589384,,,
dd99d4f6,History of share repurchase authorization for PANW.,Shareholder return,False,None,5,0.0,0.0,0.0,0.0,0.0,,5,1,3.363583004102111,,,
60f2347f,"The Home Depot labor cost structure for 2023, with the ticker HD as a reference, shows a breakdown between salaried vs hourly employees.",Company overview,True,Compositional,5,0.0,0.0,0.0,0.0,0.0,,5,1,6.482500000856817,,,
4b247250,Pool Corp's (POOL) legal proceedings may impact profitability & stability.,Legal,False,None,5,0.0,0.0,0.0,0.0,0.0,,5,1,1.5878330450505018,,,
3e3b049f,Impact on liquidity & working capital from Generac floor plan financing.,Legal,False,None,5,0.2,1.0,0.5,0.6309297535714575,1.0,2,5,1,3.1339999986812472,,,
94af7f5d,"Impact of DTE Energy’s competitive positioning on growth & valuation vs. peers is critical, DTE.",Company overview,False,None,5,0.2,1.0,0.25,0.43067655807339306,1.0,4,5,1,4.223417025059462,,,
92c0e909,"Impact of reinvestment on ORI operating income change, ticker at end.",Financials,True,Subtract,5,0.0,0.0,0.0,0.0,0.0,,5,1,4.477584036067128,,,
f13d6ca1,Inquiry on capex allocation under current mkt conditions for BLDR.,Footnotes,False,None,5,0.0,0.0,0.0,0.0,0.0,,5,1,3.3205419313162565,,,
1023e5b0,DexCom’s intl workforce % and global talent diversity stats.,Company overview,True,Division,5,0.2,1.0,1.0,1.0,1.0,1,5,1,2.37270793877542,,,
a9ad9aac,Initial vs subsequent delivery breakdown for EW ASR Dec23 shares.,Shareholder return,False,None,5,0.0,0.0,0.0,0.0,0.0,,5,1,2.1299589425325394,,,
b952c8c8,ARE - Commercial paper debt profile & cash mgmt.,Footnotes,False,None,5,0.0,0.0,0.0,0.0,0.0,,5,1,2.2060000337660313,,,
b6168b5c,"Historical rev data, geography, contract lengths for SSP FTNT.",Accounting,False,None,5,0.0,0.0,0.0,0.0,0.0,,5,1,2.350041060708463,,,
2a1f5a24,WMT's YoY CapEx mix: intl exp. vs operational upgrades.,Footnotes,False,None,5,0.0,0.0,0.0,0.0,0.0,,5,1,0.29045797418802977,,,
55ad59cc,"Incyte follows a five-step rev rec model for trans pricing and perf obligations, INCY.",Accounting,False,None,5,0.0,0.0,0.0,0.0,0.0,,5,1,4.1110829915851355,,,
f4d9cb7d,2024-29 liquidity financing impact from NSC contractual cash outflows.,Footnotes,False,None,5,0.0,0.0,0.0,0.0,0.0,,5,1,2.8714999789372087,,,
d8e2c920,Voluntary turnover at Merck (MRK) during 2022-2023 poses workforce stability risks.,Company overview,True,Subtract,5,0.0,0.0,0.0,0.0,0.0,,5,1,3.227290930226445,,,
d80921fa,"Roles of Celanese board directors, ticker at the end.",Governance,False,None,5,0.0,0.0,0.0,0.0,0.0,,5,1,4.344332963228226,,,
adb517af,DOV's gross margin for 2023.,Financials,True,Division,5,0.0,0.0,0.0,0.0,0.0,,5,1,2.6095000794157386,,,
7adf2689,WAB's enviro reg impact on fin performance & cash flows.,Legal,False,None,5,0.0,0.0,0.0,0.0,0.0,,5,1,2.470540930517018,,,
13eefd3a,"How do repurchase trends at The Goldman Sachs Group, Inc. (GS) inform risk mgmt. & capital allocation amid mkt. conditions?",Shareholder return,False,None,5,0.0,0.0,0.0,0.0,0.0,,5,1,3.8977910298854113,,,
0f168207,"Contract expirations at Dominion Energy impact revenue sustainability & growth compared to market metrics, TKR: D.",Footnotes,False,None,5,0.0,0.0,0.0,0.0,0.0,,5,1,3.6885839654132724,,,
c81b0a5b,Impact of PPG's legal contingent liabilities on BS strength & capital allocation. PPG.,Legal,False,None,5,0.2,1.0,1.0,1.0,1.0,1,5,1,3.8822079077363014,,,
05ffad35,Q3 2024 AZO share repurchase vol. and avg. cost.,Shareholder return,False,None,5,0.2,1.0,0.5,0.6309297535714575,1.0,2,5,1,3.3146250061690807,,,
2253f9e2,"For Parker-Hannifin, the cybersecurity framework yields a competitive edge, ticker PH, driving sustainability.",Risk,False,None,5,0.2,1.0,0.3333333333333333,0.5,1.0,3,5,1,3.825291059911251,,,
fac481f2,Employee count at AVB impacts op. expenses.,Company overview,True,Compositional,5,0.0,0.0,0.0,0.0,0.0,,5,1,1.6701249405741692,,,
a43402e5,The impact of board composition on profitability and capex allocation for Host Hotels (HST) is a key consideration.,Governance,False,None,5,0.0,0.0,0.0,0.0,0.0,,5,1,7.646500016562641,,,
bfcb31d8,"O YOY AR & working cap of current assets vs liabilities, ticker.",Financials,False,None,5,0.0,0.0,0.0,0.0,0.0,,5,1,3.103540977463126,,,
f4a7a397,Diff in employee count by geography for SNOW US vs intl.,Company overview,True,Subtract,5,0.0,0.0,0.0,0.0,0.0,,5,1,3.98341694381088,,,
6134b7a9,Impact on cap allocation & investments due to UnitedHealth litigation regulatory issues.,Legal,False,None,5,0.0,0.0,0.0,0.0,0.0,,5,1,3.7280000979080796,,,
27c8f9ef,"Competitiveness, rev, & profitability analysis for Cardinal Health.",Company overview,False,None,5,0.0,0.0,0.0,0.0,0.0,,5,1,1.8390000332146883,,,
79f12ac5,Cybersecurity standards can influence investor confidence and impact valuation for CHTR.,Risk,False,None,5,0.0,0.0,0.0,0.0,0.0,,5,1,3.5738750593736768,,,
bd3ad2de,"The impact of DEI at Seagate on employee retention & sustainable growth has been noteworthy, STX.",Company overview,True,None,5,0.2,1.0,1.0,1.0,1.0,1,5,1,5.336165893822908,,,
78eec5b1,purchase commitments total value and FY allocation for MCHP Microchip Technology Incorporated,Footnotes,False,None,5,0.0,0.0,0.0,0.0,0.0,,5,1,4.163500037975609,,,
db046720,"Impact of MOH board diversity on growth & profitability, MOH.",Governance,False,None,5,0.0,0.0,0.0,0.0,0.0,,5,1,3.6083750892430544,,,
f546c6ad,JMJ - Pricing power & profitability vs. private label threat.,Company overview,False,None,5,0.2,1.0,0.3333333333333333,0.5,1.0,3,5,1,0.6311250617727637,,,
c1dbd451,Equinix (EQIX) interest exp. to OI ratio 2021-2023 leverg. pre-tax impact.,Financials,True,Compositional,5,0.2,1.0,0.5,0.6309297535714575,1.0,2,5,1,3.8434999296441674,,,
91d38ba3,Tech analytics differentiation & market share influence of IQV.,Company overview,False,None,5,0.0,0.0,0.0,0.0,0.0,,5,1,2.761333016678691,,,
1447cf8d,CenterPoint Energy's unionization ratio in the electric segment remains noteworthy.,Company overview,True,Division,5,0.2,1.0,1.0,1.0,1.0,1,5,1,3.237375058233738,,,
fb44fe92,CHRW's legal disclosures include info on consolidated fin'l statements & risk factors.,Legal,False,None,5,0.0,0.0,0.0,0.0,0.0,,5,1,3.406709060072899,,,
b66c24eb,Target Corp's pension exp. & benefit oblig. sensitivity to actuarial assumption changes.,Accounting,False,None,5,0.0,0.0,0.0,0.0,0.0,,5,1,2.287207986228168,,,
fba028a4,Rollins Inc (ROL) senior mgmt. signatories for corporate governance and risk mgt.,Governance,False,None,5,0.0,0.0,0.0,0.0,0.0,,5,1,3.745625028386712,,,
4af93b03,Net profit margins trend for ROST over the past 3 fiscal yrs.,Financials,True,Compositional,5,0.0,0.0,0.0,0.0,0.0,,5,1,3.88133293017745,,,
f839277d,Ticker CVS: Cost structure influences & EBITDA impact from Rx mfr negotiations.,Company overview,False,None,5,0.0,0.0,0.0,0.0,0.0,,5,3,1.9238749518990517,,,
615de760,"Impact of Gartner's exec board on fin strategy & capex, ticker in last.",Governance,False,None,5,0.0,0.0,0.0,0.0,0.0,,5,1,4.521625000052154,,,
91d50c4f,Distribution sales reliance at Builders FirstSource (BLDR) raises op risk & cash flow implications stemming from low installation rev.,Accounting,False,None,5,0.0,0.0,0.0,0.0,0.0,,5,1,3.044000011868775,,,
6901a2d6,Akamai's impact on profit & scalability is balanced by asset growth.,Footnotes,False,None,5,0.0,0.0,0.0,0.0,0.0,,5,1,3.361874958500266,,,
282c02f1,ON Semiconductor's (ON) competitive landscape influences margins and cost efficiency.,Company overview,False,None,5,0.0,0.0,0.0,0.0,0.0,,5,1,3.2042500097304583,,,
6b611c81,Cash flow trends for Bath & Body Works (BBWI) from 2021-23 indicate liquidity stability implications and growth investments.,Footnotes,False,None,5,0.2,0.3333333333333333,0.2,0.18154179253735267,0.5086104513064132,5,5,3,4.719999968074262,,,
6c44480d,"Seagate; assessing cyber risk integration, along with its financial liability impact.",Risk,False,None,5,0.0,0.0,0.0,0.0,0.0,,5,1,3.2173750223591924,,,
d4317aea,Union Pacific's (UNP) env. remediation liabilities impact on fin. statements.,Legal,False,None,5,0.0,0.0,0.0,0.0,0.0,,5,1,2.455833018757403,,,
883e2cda,Insulet (PODD) cap allocation strategy amid competitive shifts.,Company overview,False,None,5,0.0,0.0,0.0,0.0,0.0,,5,1,0.7239169208332896,,,
7bb154c9,"The corporate culture at Microchip Technology influences its competitive positioning, with the stock ticker being MCHP.",Company overview,True,None,5,0.2,1.0,1.0,1.0,1.0,1,5,1,4.388417000882328,,,
ac159b21,NVR Q4 2023 share buybacks volumes & avg prices for Oct vs Dec.,Shareholder return,False,None,5,0.0,0.0,0.0,0.0,0.0,,5,1,2.957124961540103,,,
44c80f9d,EPS for Trimble Inc. in 2021 vs reported variance using NI calc x Shares.,Financials,True,Multiplication,5,0.0,0.0,0.0,0.0,0.0,,5,1,3.8984579732641578,,,
4598bb70,Impact on profitability & cash flow from effective tax rate in 2024 for Constellation Brands (STZ).,Financials,True,Compositional,5,0.2,1.0,1.0,1.0,1.0,1,5,1,5.671124905347824,,,
5247d46e,SBLK's inventory reduction impacts OCF shift from 2022 to 2023.,Financials,False,None,5,0.0,0.0,0.0,0.0,0.0,,5,1,4.121416946873069,,,
1d32b2eb,"Impact on competitive positioning vs peers, VICI, due to non-buyback activities.",Shareholder return,False,None,5,0.0,0.0,0.0,0.0,0.0,,5,1,3.7456669379025698,,,
6ef9ca93,Impact of 2023 $550M Delayed-Draw Term Loan on LT debt profile vs 2022 for Fortive Corp (FTV),Financials,False,None,5,0.2,1.0,1.0,1.0,1.0,1,5,1,5.816041026264429,,,
4633b506,The revenue decline in KLAC's semiconductor process control and its impact on GP for 2023-2024.,Footnotes,False,None,5,0.2,1.0,1.0,1.0,1.0,1,5,1,7.569083012640476,,,
c4bbf172,"Corning’s rev rec process, with customer acceptance clauses, ensures timely revenue recognition, as ticker COG is positioned centrally in its policy.",Accounting,False,None,5,0.2,1.0,1.0,1.0,1.0,1,5,1,5.193582968786359,,,
ed8e023b,"Impact of EOG's cybersecurity costs on profit & cash flow, EOG.",Risk,False,None,5,0.2,1.0,0.5,0.6309297535714575,1.0,2,5,1,3.996332990936935,,,
d704bb16,"Breakdown of Adobe's non-cancellable purchase obligations over 5Y+, total amount, ADBE.",Footnotes,False,None,5,0.0,0.0,0.0,0.0,0.0,,5,1,3.849916043691337,,,
f07fc22c,SWK divestiture proceeds 2022 impact on investing cash flows & strategy.,Footnotes,False,None,5,0.0,0.0,0.0,0.0,0.0,,5,1,3.2529999734833837,,,
e575336b,"Concerns about impairment related to Altria's goodwill/intangibles acquisition strategy, MO.",Financials,False,None,5,0.0,0.0,0.0,0.0,0.0,,5,2,2.976875053718686,,,
1303017a,MSI's acquisition and capex changes to impact net invest. cash flow for 2022-2023.,Financials,False,None,5,0.0,0.0,0.0,0.0,0.0,,5,1,6.323707988485694,,,
22d89f54,Liquidity outlook for Walmart CA/CL trends in 2023-2024 should be monitored closely for the ticker.,Financials,False,None,5,0.0,0.0,0.0,0.0,0.0,,5,2,5.500584025867283,,,
ac511959,Ticker query on Elevance Health's workforce gap & ratio.,Company overview,True,Compositional,5,0.0,0.0,0.0,0.0,0.0,,5,1,1.6516249161213636,,,
0a43fded,Lamb Weston (LW) contractual obligations breakdown 12m vs LT.,Footnotes,False,None,5,0.0,0.0,0.0,0.0,0.0,,5,1,0.7124999538064003,,,
3f716e04,GenMills' (GIS) innovation & consumer insights vs competitors' rev growth impact.,Company overview,False,None,5,0.2,1.0,0.3333333333333333,0.5,1.0,3,5,1,0.9790420299395919,,,
46c2f0d6,FY22 vs FY23 profitability variability for MRO net income gap.,Financials,True,Subtract,5,0.0,0.0,0.0,0.0,0.0,,5,1,2.412749920040369,,,
c3f1f26a,"Impact of WY exec skill mix on fin health & cap allocation, WY.",Governance,False,None,5,0.0,0.0,0.0,0.0,0.0,,5,1,3.232875023968518,,,
32ea3c79,Net inc calc for EDW shows a 10% EPS rise (2.30×1.10) based on 609.4M diluted shares.,Financials,True,Multiplication,5,0.2,1.0,1.0,1.0,1.0,1,5,1,4.992417059838772,,,
fb4be289,Allocations of participating securities for FY 2023-24 will impact non-op exp at Rockwell Automation (ROK).,Financials,True,Addition,5,0.2,1.0,1.0,1.0,1.0,1,5,1,5.098041030578315,,,
e0da84fb,Q4 2023 net shares repurchase impact from RSU tax withhold for United Rentals.,Shareholder return,False,None,5,0.0,0.0,0.0,0.0,0.0,,5,1,4.366750014014542,,,
46e16c28,Liquidity & op risk in Alliant Energy's electric & gas sales reliance.,Financials,False,None,5,0.0,0.0,0.0,0.0,0.0,,5,1,2.703125006519258,,,
f6a68c16,"Linde's cap allocation strategy focuses on higher ST borrowing and structured LT debt, LIN.",Financials,False,None,5,0.0,0.0,0.0,0.0,0.0,,5,1,3.312957938760519,,,
ac10f2e6,Loews' P&C underwriting strategies' profitability is influenced by cyclical trends.,Company overview,False,None,5,0.0,0.0,0.0,0.0,0.0,,5,1,2.3970840265974402,,,
f3a3d09b,"The impact of working capital on Honeywell's (HON) reinvestment strategies, including acquisitions, dividends, share repurchases, and CapEx.",Company overview,False,None,5,0.2,0.5,1.0,0.6131471927654584,0.6068156834005131,1,5,2,6.386541994288564,,,
55f1c65c,How Costco's (COST) repurchase capacity & avg prices affect cap allocation & investor returns.,Shareholder return,False,None,5,0.0,0.0,0.0,0.0,0.0,,5,1,1.4446660643443465,,,
ca37d80a,"BRCM employee retention, R&D allocation, competitive positioning, tech.",Company overview,True,None,5,0.0,0.0,0.0,0.0,0.0,,5,1,0.9022079175338149,,,
df114337,"Assessment of capex trends and reinvestment strategy for ANSYS, ANSS.",Footnotes,False,None,5,0.0,0.0,0.0,0.0,0.0,,5,1,4.242249997332692,,,
3264d4f6,ESG impact on competitive positioning & talent retention for REG.,Company overview,True,None,5,0.0,0.0,0.0,0.0,0.0,,5,1,2.8712910134345293,,,
fa131666,Competitive strategy and growth of Apple ecosystem integration is demonstrated by AAPL.,Governance,False,None,5,0.0,0.0,0.0,0.0,0.0,,5,1,4.749208106659353,,,
fe6d1720,"CTSH headcount shift Eo22-Eo23, op efficiency & workforce flexibility impact.",Company overview,True,None,5,0.2,1.0,0.3333333333333333,0.5,1.0,3,5,1,0.6622910732403398,,,
6e747b7b,impact of new exec-led initiatives on KHC shareholder value & fin. health,Governance,False,None,5,0.0,0.0,0.0,0.0,0.0,,5,1,3.867999999783933,,,
e3f3b197,VICI's estimated impact on revenue & expense reporting influences profitability analysis.,Accounting,False,None,5,0.2,1.0,1.0,1.0,1.0,1,5,1,2.80287500936538,,,
6473d3e7,LOW cybersecurity integration ERM impact on financial stability.,Risk,False,None,5,0.0,0.0,0.0,0.0,0.0,,5,1,2.6417499175295234,,,
499f070d,"WLTW employee ratio insights on HWC vs Risk & Broking & profitability, ticker at the end.",Company overview,True,Compositional,5,0.0,0.0,0.0,0.0,0.0,,5,1,3.81799996830523,,,
37032567,Hess Corp's US workforce concentration impacts labor costs and risk diversification; HES.,Company overview,True,Compositional,5,0.2,1.0,0.3333333333333333,0.5,1.0,3,5,1,2.9249589424580336,,,
9f4c64ae,"Cigna's (CI) home delivery & specialty pharmacy investments drive rev growth, enhancing competitive edge.",Company overview,False,None,5,0.2,1.0,1.0,1.0,1.0,1,5,1,1.1631250381469727,,,
de70a4bc,"Age, role dist., & governance of Synopsys execs is crucial for sustainable decision-making.",Governance,False,None,5,0.2,1.0,0.25,0.43067655807339306,1.0,4,5,1,3.9427500450983644,,,
3d5404ab,Profitability risk profile impact of ANSYS indemnification claims.,Footnotes,False,None,5,0.2,1.0,0.3333333333333333,0.5,1.0,3,5,1,2.8162080561742187,,,
e1f81036,Impact of LYV cybersecurity governance on risk disclosures & investor confidence.,Risk,False,None,5,0.0,0.0,0.0,0.0,0.0,,5,1,3.5530829336494207,,,
8271ad85,"Motorola Solutions’ innovation in workforce composition and competitive positioning, MSI.",Company overview,True,None,5,0.0,0.0,0.0,0.0,0.0,,5,1,3.411332960240543,,,
643e3e74,Capital allocation risk mgmt in FS impacts IFF litigation & regulatory matters.,Legal,False,None,5,0.2,1.0,1.0,1.0,1.0,1,5,1,3.039540955796838,,,
408af3ef,Capex growth for TRGP vs. maintenance risk assessment.,Footnotes,False,None,5,0.2,1.0,0.2,0.38685280723454163,1.0,5,5,1,2.1302499808371067,,,
4513ed59,Long-term growth through competitive advantage in BBY's curated assortment store format.,Company overview,False,None,5,0.2,1.0,1.0,1.0,1.0,1,5,1,3.2022909726947546,,,
48615f57,"Analysis of lower net maturities of 2023 vs 2022, focusing on cash used in investing for CTSH.",Footnotes,False,None,5,0.0,0.0,0.0,0.0,0.0,,5,1,7.057250011712313,,,
bde569b9,Risk oversight in cybersecurity by SCHW boosts investor confidence.,Risk,False,None,5,0.0,0.0,0.0,0.0,0.0,,5,1,3.1663330737501383,,,
251b390e,"KMI's labor strategy, incorporating risk mitigation, emphasizes long-term performance.",Company overview,True,None,5,0.0,0.0,0.0,0.0,0.0,,5,1,1.9625419517979026,,,
88256484,Absolute comparison of gross profit (net sales minus COGS) FY2024 vs FY2022 for P&G.,Financials,True,Subtract,5,0.0,0.0,0.0,0.0,0.0,,5,1,3.8404170190915465,,,
9d1eb3d8,2023 % increase in workforce @ Blackstone and strategy for human cap.,Company overview,True,Compositional,5,0.0,0.0,0.0,0.0,0.0,,5,1,5.194625002332032,,,
7b70306c,DFS liquidity risk mgmt under normal conditions vs. stress test impact for ticker.,Footnotes,False,None,5,0.2,1.0,1.0,1.0,1.0,1,5,1,2.8171249432489276,,,
ed21e600,"Impact of ADP's exec tenure on gov & cap allocation, Automatic Data Processing, Inc. (ADP).",Governance,False,None,5,0.0,0.0,0.0,0.0,0.0,,5,1,3.697125008329749,,,
b7959052,Impact of Booking Holdings revenue mix on competitive positioning vs integrated search/mobile players TICKER.,Company overview,False,None,5,0.0,0.0,0.0,0.0,0.0,,5,1,3.6799160297960043,,,
1b837a04,JCI's cybersecurity insurance impact on revs & remediation recovery.,Risk,False,None,5,0.0,0.0,0.0,0.0,0.0,,5,1,2.2268330212682486,,,
bd626d7c,Triggers for UBER share repurchase initiatives.,Shareholder return,False,None,5,0.0,0.0,0.0,0.0,0.0,,5,1,2.1719590295106173,,,
27ef1dff,Direct e-comm gross vs net rev rec for Gen Digital compared to 3rd-party e-comm.,Accounting,False,None,5,0.0,0.0,0.0,0.0,0.0,,5,1,3.9077920373529196,,,
19366a7d,PHM's legal risk disclosure may influence analysts' outlook.,Legal,False,None,5,0.0,0.0,0.0,0.0,0.0,,5,1,1.5427920734509826,,,
21c7f516,O: impact of straight-line lease rev on rental income vol with CPI adj for ticker.,Accounting,False,None,5,0.0,0.0,0.0,0.0,0.0,,5,1,4.912624950520694,,,
bce296eb,The impact of leadership roles on operational efficiency and long-term financial perf. at Blackstone (BX) is significant.,Governance,False,None,5,0.0,0.0,0.0,0.0,0.0,,5,1,7.423250004649162,,,
0871482c,CapEx trends for COO segment over the next 3 yrs.,Footnotes,False,None,5,0.0,0.0,0.0,0.0,0.0,,5,1,3.4334169467911124,,,
089c8be7,2023 vs 2022 MAA diluted EPS % change.,Financials,True,Compositional,5,0.2,1.0,1.0,1.0,1.0,1,5,1,2.3475410416722298,,,
113a2985,Drivers for CDW 2023 repurchase timing.,Shareholder return,False,None,5,0.0,0.0,0.0,0.0,0.0,,5,1,2.71162495482713,,,
1de26adb,"Revenue brkdwn by product-line for DE, indicating diversification & positioning.",Accounting,False,None,5,0.0,0.0,0.0,0.0,0.0,,5,1,3.0041669961065054,,,
eb7190b4,NT Total Noninterest Exp. Growth from 2021 to 2023,Financials,True,Subtract,5,0.0,0.0,0.0,0.0,0.0,,5,1,4.315500031225383,,,
3d2b52e1,ECL allowance impact on WR Berkley Corp's profitability risk.,Accounting,False,None,5,0.0,0.0,0.0,0.0,0.0,,5,1,2.010208088904619,,,
886ac30b,2023 op ex improves by 8% for Healthpeak Properties (PEAK).,Financials,True,Multiplication,5,0.2,1.0,1.0,1.0,1.0,1,5,1,3.297374933026731,,,
decc4505,ERM risk assessments and audits for LVS.,Risk,False,None,5,0.0,0.0,0.0,0.0,0.0,,5,1,3.3036250388249755,,,
0ac99337,"Insider trading in MGM shows correlation with profitability, cash flow, & market valuation.",Governance,False,None,5,0.0,0.0,0.0,0.0,0.0,,5,1,3.535500029101968,,,
6fef0940,Growth in net earnings for Martin Marietta from 2022 to 2023 is of interest for investors; MLM.,Financials,True,Subtract,5,0.2,1.0,1.0,1.0,1.0,1,5,1,8.320500026457012,,,
a703a667,Effects of relative SSP allocation on performance obligations and rev rec for ON Semiconductor.,Accounting,False,None,5,0.0,0.0,0.0,0.0,0.0,,5,1,5.227291025221348,,,
723800b9,"The impact of Snap-on's CEO, with an industrial & military background, on strategic risk mgmt is noteworthy.",Governance,False,None,5,0.0,0.0,0.0,0.0,0.0,,5,1,6.356915924698114,,,
28b97122,GM ratio for CF Industries in 2023 is available under ticker CF.,Financials,True,Division,5,0.0,0.0,0.0,0.0,0.0,,5,1,4.78008296340704,,,
365289e7,"Truist faces increasing competition from fintech and non-bank entities affecting risk mgmt. margins, TU.",Company overview,False,None,5,0.2,1.0,0.3333333333333333,0.5,1.0,3,5,1,3.3907080069184303,,,
ed32dba4,"MC's risk ctrl's and fin impact safeguards, ticker in focus, are essential for IT ops.",Risk,False,None,5,0.0,0.0,0.0,0.0,0.0,,5,1,5.304250051267445,,,
318d7f99,"Engagement risk monitoring, vendor liabilities, sustainable growth, and valuation for AZO.",Risk,False,None,5,0.0,0.0,0.0,0.0,0.0,,5,1,3.6006250884383917,,,
170c993a,"Comparison of CED 2023 Clean Energy sale gain, operating income, and EPS vs prior yrs, ticker at the end.",Financials,True,None,5,0.0,0.0,0.0,0.0,0.0,,5,1,6.616458063945174,,,
0b15f981,"WM's share repurchase in 2023 involved shares and cash amt, excluding excise tax.",Shareholder return,False,None,5,0.2,1.0,1.0,1.0,1.0,1,5,1,5.218542064540088,,,
6f6da502,TFX cybersecurity risk integration impacts fin. stability.,Risk,False,None,5,0.0,0.0,0.0,0.0,0.0,,5,1,0.7464999798685312,,,
13bc19e4,"Impact of Broadcom's cybersecurity investments on competitive positioning & growth, AVGO.",Risk,False,None,5,0.0,0.0,0.0,0.0,0.0,,5,1,3.7374160019680858,,,
d98508e5,LNT contractual commitments risk & opp analysis for Alliant Energy.,Footnotes,False,None,5,0.2,0.5,1.0,0.6131471927654584,0.2966507177033493,1,5,2,2.366458997130394,,,
62818ccf,"CF Industries faces profitability risks from its cost structure amid global competitive pressures, CF.",Company overview,False,None,5,0.0,0.0,0.0,0.0,0.0,,5,1,2.7273750165477395,,,
efc4ff39,Strategic priorities for corporate expenditures in LVS 2023.,Footnotes,False,None,5,0.0,0.0,0.0,0.0,0.0,,5,1,4.006042028777301,,,
8e7887db,Operating margin factor 2023 for Gartner (IT) is of interest.,Financials,True,Multiplication,5,0.2,1.0,0.5,0.6309297535714575,1.0,2,5,1,5.182541906833649,,,
d0bd1901,Insider trading consistency for BRO (Brown & Brown) vs mgt confidence impact.,Governance,False,None,5,0.0,0.0,0.0,0.0,0.0,,5,1,1.8975830171257257,,,
35f56e4d,ZBRA's cyber sec. protocols provide comp. adv. & cost eff.,Risk,False,None,5,0.0,0.0,0.0,0.0,0.0,,5,1,1.161583000794053,,,
99d302ee,AAL mgmt board's roles on impact of duplicate signature entries.,Governance,False,None,5,0.0,0.0,0.0,0.0,0.0,,5,1,3.560416051186621,,,
91bbe7c1,"Execs on the Universal Health Services board focus on age-based succession planning, UHS.",Governance,False,None,5,0.0,0.0,0.0,0.0,0.0,,5,1,4.2201250325888395,,,
5b8d8184,Cash outlays for acquisitions and convertible notes affect liquidity and growth for AMZN.,Footnotes,False,None,5,0.2,1.0,0.25,0.43067655807339306,1.0,4,5,1,3.8397919852286577,,,
e1e504ba,"NiSource Inc.'s, NI, rise in interest expense has implications for its debt, risk profile, and overall valuation.",Financials,False,None,5,0.2,0.5,0.25,0.2640681225725909,0.4520134228187919,4,5,2,5.773958982899785,,,
20b31550,Leadership structure at Monster Beverage Corp (MNST) contrasts Exec roles vs Board comp.,Governance,False,None,5,0.0,0.0,0.0,0.0,0.0,,5,1,1.7565831076353788,,,
66768448,Impact on cash flow and cap allocation from competitive landscape of Constellation Brands retail/wholesaler. STZ.,Company overview,False,None,5,0.0,0.0,0.0,0.0,0.0,,5,1,5.323791992850602,,,
fda53a3c,"Board of directors for Fidelity National Information Services, Inc. as of Feb 26, 2024; FIS.",Governance,False,None,5,0.0,0.0,0.0,0.0,0.0,,5,1,6.018792046234012,,,
9d57e365,"Trends in DLR equity for 2022-23: APC, divs, comp losses, and overall fin health, dist. - DLR",Financials,False,None,5,0.0,0.0,0.0,0.0,0.0,,5,1,5.254667019471526,,,
6496987f,LIN's talent mgmt strategies are aimed at human capital risk & driving long-term value.,Company overview,True,None,5,0.2,1.0,0.5,0.6309297535714575,1.0,2,5,1,3.5368750104680657,,,
6b65aa84,Cadence's (CDNS) intl strategy: impact of subs/distributors on growth & risk in volatile currencies/geopolitics.,Company overview,False,None,5,0.0,0.0,0.0,0.0,0.0,,5,1,4.618207924067974,,,
97bdbf85,2023 R&D % of revenue calc for GOOGL.,Financials,True,Multiplication,5,0.0,0.0,0.0,0.0,0.0,,5,1,4.105915897525847,,,
c9d8da0a,Catalent's (CTLT) operational resilience and growth impact.,Risk,False,None,5,0.0,0.0,0.0,0.0,0.0,,5,1,2.4308329448103905,,,
997d1426,"Impact of cash flows on MET investment adjustments and risk mgmt, ticker at end.",Footnotes,False,None,5,0.0,0.0,0.0,0.0,0.0,,5,1,5.517791956663132,,,
b23398ca,PODD's revenue trend impacted by rebate/discount.,Accounting,False,None,5,0.0,0.0,0.0,0.0,0.0,,5,1,1.73708307556808,,,
e4261e33,"MPC 2023 capex breakdown for equity investees vs PPE, focusing on the ticker.",Footnotes,False,None,5,0.0,0.0,0.0,0.0,0.0,,5,1,4.56716597545892,,,
5ed48462,CAG's net inc. margin trend FY22-FY24 reflects profitability evolution.,Financials,True,Compositional,5,0.0,0.0,0.0,0.0,0.0,,5,1,1.2774589704349637,,,
8ce0a122,Rev rec for variable annuities; AMP valuation for future revenues (AMP).,Accounting,False,None,5,0.2,1.0,0.3333333333333333,0.5,1.0,3,5,1,2.2094579180702567,,,
dedc3db7,"Evolving credit extensions and cash flow, along with credit risk at Fifth Third Bancorp during 2022-2023, FITB.",Footnotes,False,None,5,0.2,1.0,0.25,0.43067655807339306,1.0,4,5,1,6.096915923990309,,,
443e45f5,Margins impact of BSX vs competition from ABT & MDT.,Company overview,False,None,5,0.0,0.0,0.0,0.0,0.0,,5,1,3.1673749908804893,,,
0954af1f,2022-2023 liquidity analysis for Freeport-McMoRan (FCX): current ratio & working capital review.,Financials,False,None,5,0.4,1.0,0.3333333333333333,0.5437713091520254,1.0,3,5,2,3.995290957391262,,,
ef00dea8,% growth calc for DG training hrs.,Company overview,True,Compositional,5,0.0,0.0,0.0,0.0,0.0,,5,1,1.7781250644475222,,,
2028c373,Compliance governance significance of REGN Rule 10b5-1(c) trading arrangements.,Governance,False,None,5,0.0,0.0,0.0,0.0,0.0,,5,1,3.1837079441174865,,,
ffab8ec1,% change in NFLX net income 2022 vs 2023.,Financials,True,Compositional,5,0.0,0.0,0.0,0.0,0.0,,5,1,4.13954199757427,,,
8401b39e,Impact on profitability from ANSS 2023 gross margin.,Financials,True,Multiplication,5,0.0,0.0,0.0,0.0,0.0,,5,1,3.3693750156089664,,,
346bc05b,Capital allocation for ITW share repurchase is crucial.,Shareholder return,False,None,5,0.0,0.0,0.0,0.0,0.0,,5,1,3.280750010162592,,,
30fe7aa0,Best Buy quarterly cash div & total div metrics FY analysis: trends in $BBY.,Shareholder return,False,None,5,0.2,1.0,0.25,0.43067655807339306,1.0,4,5,1,3.1637500505894423,,,
c6b7521c,"COP, focus on ConocoPhillips ERM cybersecurity's role on sustained growth.",Risk,False,None,5,0.2,1.0,1.0,1.0,1.0,1,5,1,1.9077910110354424,,,
abf773cb,"TT's 2023 OI shows a baseline eff. improvement of 5%, with a new figure released.",Financials,True,Multiplication,5,0.0,0.0,0.0,0.0,0.0,,5,1,4.857375053688884,,,
fb995e15,Lease vs debt obligations impact on fixed cost structure for NASDAQ.,Footnotes,False,None,5,0.2,1.0,1.0,1.0,1.0,1,5,1,3.7567910039797425,,,
13d1f47a,Impact on risk from insider ownership trends at Kroger (KR) regarding Q4'23 trading stability.,Governance,False,None,5,0.0,0.0,0.0,0.0,0.0,,5,1,3.648000070825219,,,
16323638,LRCX's ESG stakeholder comms & financial balance.,Governance,False,None,5,0.0,0.0,0.0,0.0,0.0,,5,1,1.3180420501157641,,,
559d7a1e,Keysight's (KEYS) extended warranty rev rec impacts on profitability & cash flow.,Accounting,False,None,5,0.0,0.0,0.0,0.0,0.0,,5,1,2.0782919600605965,,,
514c405e,"AMETEK (AME) determines rev rec timing & control transfer indicators based on the terms of the sale, shipping terms, & transfer of risks & rewards.",Accounting,False,None,5,0.0,0.0,0.0,0.0,0.0,,5,1,5.224499967880547,,,
059c3c10,Oct vs Dec 2023 SPG share repurchase vol & pricing analysis.,Shareholder return,False,None,5,0.0,0.0,0.0,0.0,0.0,,5,1,2.0634999964386225,,,
08b7269b,"Supply chain strategy of CPB, effects of raw mat volatility, cash flow & cap allocation impact.",Governance,False,None,5,0.0,0.0,0.0,0.0,0.0,,5,1,3.2867080299183726,,,
96e0be01,PHM's rev mix: land sale/contracting vs home sales & fin svc profit/growth.,Accounting,False,None,5,0.2,1.0,0.5,0.6309297535714575,1.0,2,5,1,1.2973749544471502,,,
49ddee4d,MRNA – Cybersecurity record of Moderna impacts growth & risk models.,Risk,False,None,5,0.2,1.0,0.5,0.6309297535714575,1.0,2,5,1,2.733292058110237,,,
f4f1c395,MAA corporate governance & leadership continuity sig. analysis.,Governance,False,None,5,0.0,0.0,0.0,0.0,0.0,,5,1,0.8702499326318502,,,
a403b09a,OI diff for CHRW 2022 vs 2023.,Financials,True,Subtract,5,0.0,0.0,0.0,0.0,0.0,,5,1,3.1447920482605696,,,
6ec64cf0,Update on capital structure for Dover Corp and impact on EPS from new program.,Shareholder return,False,None,5,0.0,0.0,0.0,0.0,0.0,,5,1,5.29170804657042,,,
b1b270e8,Net profit margin for Brown & Brown has changed from 2021 to 2022 and 2023.,Financials,True,Compositional,5,0.2,1.0,0.2,0.38685280723454163,1.0,5,5,1,7.102124975062907,,,
9ddbe73b,Impact of Fifth Third's borrowing capacity on future growth potential: FITB.,Company overview,False,None,5,0.0,0.0,0.0,0.0,0.0,,5,1,4.236500011757016,,,
52cf398e,BXP's legal proceedings on insurance mitigation may impact its finances.,Legal,False,None,5,0.0,0.0,0.0,0.0,0.0,,5,1,3.255625022575259,,,
24e50a1b,"2023 WYNN rev check: op income, inverse margin.",Financials,True,Multiplication,5,0.2,1.0,0.5,0.6309297535714575,1.0,2,5,1,1.7443749820813537,,,
5f391630,"Expertise in OXY leadership impacts capital allocation and company valuation, OXY.",Governance,False,None,5,0.0,0.0,0.0,0.0,0.0,,5,1,4.077499965205789,,,
0e8bab59,Trends in capex & D&A for TDG: strategies for future growth & asset management.,Footnotes,False,None,5,0.0,0.0,0.0,0.0,0.0,,5,1,4.684375016950071,,,
47896706,"The impact of Costco's cybersecurity strategy on operational continuity and profitability is significant, COST.",Risk,False,None,5,0.0,0.0,0.0,0.0,0.0,,5,1,6.508040940389037,,,
8c5971c8,HAL share repurchase program vs employee vesting breakdown.,Shareholder return,False,None,5,0.0,0.0,0.0,0.0,0.0,,5,1,1.5771250473335385,,,
6beb659e,"AVY, DB pension, deferred comp & LTI cash outflow impact.",Footnotes,False,None,5,0.0,0.0,0.0,0.0,0.0,,5,1,1.2439580168575048,,,
b5bf9537,BAX's 2021 buybacks boosted EPS and enhanced shareholder value.,Shareholder return,False,None,5,0.0,0.0,0.0,0.0,0.0,,5,1,2.8871248941868544,,,
b7af52df,MMM's rev. disaggregation segm. under U.S. GAAP rev. recog.,Accounting,False,None,5,0.0,0.0,0.0,0.0,0.0,,5,1,1.4658329309895635,,,
b94edce4,FCX's legal proceedings impact on capital allocation & water supply strategy.,Legal,False,None,5,0.2,1.0,0.25,0.43067655807339306,1.0,4,5,1,2.823792048729956,,,
41ea3aed,"KLA, board composition governance performance analysis.",Governance,False,None,5,0.0,0.0,0.0,0.0,0.0,,5,1,1.2497080024331808,,,
f06b0fb8,"Ticker AJG: growth drivers for rev & earnings amid shifts in comm, fee, sup rev.",Financials,False,None,5,0.0,0.0,0.0,0.0,0.0,,5,2,3.1601659720763564,,,
1e3277b9,"CTAS acquisition trends for 2023-2024, with implications for growth strategies, highlight the ticker performance in the middle of the analysis.",Footnotes,False,None,5,0.0,0.0,0.0,0.0,0.0,,5,1,7.307124906219542,,,
4e8f7acc,Capex in 2023 vs D&A and asset reinvestment strategy (CARR),Footnotes,False,None,5,0.0,0.0,0.0,0.0,0.0,,5,2,5.039375042542815,,,
e6ac4fc5,"In 2023, the effective tax rate for MKTX stands at X%.",Financials,True,Division,5,0.0,0.0,0.0,0.0,0.0,,5,1,5.540749989449978,,,
6107a0a5,VZ's Topic 606 vs non-Topic 606 rev treatment impacts cash flow predictability.,Accounting,False,None,5,0.0,0.0,0.0,0.0,0.0,,5,1,1.2265000259503722,,,
2c82c639,GPM (Gross Profit/Net Revenues) FY23 ENPH.,Financials,True,Division,5,0.0,0.0,0.0,0.0,0.0,,5,1,1.2185830855742097,,,
fce98d9d,ONEOK's share repurchase prog status & timing drivers Feb 2024.,Shareholder return,False,None,5,0.0,0.0,0.0,0.0,0.0,,5,1,1.770000089891255,,,
d3dc1094,Risk mgmt for DHI legal reserves.,Legal,False,None,5,0.0,0.0,0.0,0.0,0.0,,5,1,2.0708750234916806,,,
ef53746c,Legal proceedings & material liabilities loss range AXP.,Legal,False,None,5,0.0,0.0,0.0,0.0,0.0,,5,1,1.6952920705080032,,,
f00d2a3d,Impact on margins vs. major peers from Keurig Dr Pepper (KDP) competitive positioning.,Company overview,False,None,5,0.0,0.0,0.0,0.0,0.0,,5,1,2.7197080198675394,,,
981f6643,"Impact of RJF talent retention on OM, AUM growth, & CAC.",Company overview,False,None,5,0.0,0.0,0.0,0.0,0.0,,5,1,3.316582995466888,,,
2e45201d,Impact on productivity & margins from EA employee dev & workforce changes.,Company overview,True,Compositional,5,0.0,0.0,0.0,0.0,0.0,,5,1,2.939208992756903,,,
84941f93,"Impact on financials and risk exposure of NXP, ticker NXPI, legal accrual.",Legal,False,None,5,0.2,1.0,0.5,0.6309297535714575,1.0,2,5,1,4.497500020079315,,,
712bce35,Sustainable profitability via noncash adj. & long-term capex for XOM.,Footnotes,False,None,5,0.0,0.0,0.0,0.0,0.0,,5,2,2.170959021896124,,,
dfa8c4a6,Multi-element judgments impact GPN revenue recognition.,Accounting,False,None,5,0.0,0.0,0.0,0.0,0.0,,5,1,1.034833025187254,,,
277fd4a5,"Breakdown & strategy for share repurchase in Sysco Q4 FY24, ticker at end.",Shareholder return,False,None,5,0.2,1.0,0.25,0.43067655807339306,1.0,4,5,1,4.276999970898032,,,
82e34f6e,"CORN 2019 auth balance, Dec 2023 future cap allocation impact.",Shareholder return,False,None,5,0.0,0.0,0.0,0.0,0.0,,5,1,2.3308329982683063,,,
d097c055,Impact on cash flows & cap allocation from legal disputes at HP.,Legal,False,None,5,0.2,1.0,0.3333333333333333,0.5,1.0,3,5,1,3.7077079759910703,,,
6b84efd8,Effects of investments in local field app engineering & application architecture on product demand and competitive positioning for NXPI.,Company overview,False,None,5,0.2,1.0,1.0,1.0,1.0,1,5,1,6.605915958061814,,,
b7858e3e,FDS subs renewal growth impact on cust engagement.,Accounting,False,None,5,0.0,0.0,0.0,0.0,0.0,,5,1,1.9310839707031846,,,
39cb0ae3,Broadcom (AVGO) engineering strategy aims to sustain profits amid competition.,Company overview,False,None,5,0.0,0.0,0.0,0.0,0.0,,5,1,2.5751249631866813,,,
cf0fe0e5,"EPRT's occupancy and rental rate perf. vs major REITs, ticker in the mix.",Company overview,False,None,5,0.2,1.0,0.5,0.6309297535714575,1.0,2,5,1,4.382167011499405,,,
7cc80f55,Cost mgmt. strategy for Oracle: TCO vs. comps for ORCL.,Company overview,False,None,5,0.2,1.0,0.25,0.43067655807339306,1.0,4,5,1,2.1946249762549996,,,
278b5428,"Trend in McCormick's capex and its growth impact on performance, MKC.",Footnotes,False,None,5,0.0,0.0,0.0,0.0,0.0,,5,1,4.736791015602648,,,
4810bdee,2023 diluted EPS YoY growth for BSX compared to 2022.,Financials,True,Compositional,5,0.0,0.0,0.0,0.0,0.0,,5,1,5.067375022917986,,,
189384db,Innovation comp strategy for ABT nutritional products.,Company overview,False,None,5,0.2,0.3333333333333333,1.0,0.46927872602275644,0.37714987714987713,1,5,3,2.275042003020644,,,
a39e24b1,Q2 ResMed repurchase vs. historical strategy.,Shareholder return,False,None,5,0.0,0.0,0.0,0.0,0.0,,5,1,0.7744589820504189,,,
06ab7894,The impact of discretionary investments performance on TROW's liquidity and risk profile.,Financials,False,None,5,0.2,1.0,0.5,0.6309297535714575,1.0,2,5,1,6.165749975480139,,,
2db079d1,Governance via WRB board signatories enhances long-term shareholder value.,Governance,False,None,5,0.0,0.0,0.0,0.0,0.0,,5,1,2.016959013417363,,,
ab7014a6,ESG governance risk mgmt. for CRWD.,Governance,False,None,5,0.0,0.0,0.0,0.0,0.0,,5,1,2.1508329082280397,,,
b8ef1ebe,IQV total LT debt 2023 vs 2022 (curr + noncurr) YoY change.,Financials,False,None,5,0.0,0.0,0.0,0.0,0.0,,5,1,3.151583019644022,,,
d50144f5,Fair value hedge STT debt portfolio CVs 2022 vs 2023.,Financials,False,None,5,0.0,0.0,0.0,0.0,0.0,,5,1,7.947249920107424,,,
bf27b675,"In terms of liquidity and working capital implications, DPZ's cash collection timing plays a crucial role.",Accounting,False,None,5,0.0,0.0,0.0,0.0,0.0,,5,1,8.397707948461175,,,
53892ff4,Amcor's (AMCR) FY25 $266M capex will impact op cash flows & capital allocation strategy.,Footnotes,False,None,5,0.0,0.0,0.0,0.0,0.0,,5,1,2.788166981190443,,,
0458dc8a,Cybersecurity spend & acquisition integration impact on Nasdaq expenses & risk-adjusted returns.,Risk,False,None,5,0.2,1.0,1.0,1.0,1.0,1,5,1,2.9657919658347964,,,
22ad7156,Calculate net profit margin for CHD in 2023.,Financials,True,Division,5,0.0,0.0,0.0,0.0,0.0,,5,1,5.688000004738569,,,
deaaaa71,"VTRS faced net sales decline due to FX, gov't pricing factors.",Footnotes,False,None,5,0.0,0.0,0.0,0.0,0.0,,5,2,3.710333025082946,,,
579f5acb,Implications of Celanese's 2023 share repurchase and cap allocation strategies on its financial outlook.,Shareholder return,False,None,5,0.0,0.0,0.0,0.0,0.0,,5,2,6.933624972589314,,,
e1ed70d9,CapEx vs OCF liquidity analysis for Hormel Foods.,Footnotes,False,None,5,0.0,0.0,0.0,0.0,0.0,,5,1,2.0931659964844584,,,
e045ad71,Risk of delivery timing for UAC due to mfr. issues.,Footnotes,False,None,5,0.0,0.0,0.0,0.0,0.0,,5,1,7.889959029853344,,,
77477719,MCD's non-GAAP NI & diluted EPS growth for 2022 vs 2023 in absolute $ and % terms.,Financials,True,Compositional,5,0.2,1.0,0.5,0.6309297535714575,1.0,2,5,1,7.145041017793119,,,
deca7a8f,"Dec23 vs Dec22, PEG LT debt absolute & % change.",Financials,False,None,5,0.0,0.0,0.0,0.0,0.0,,5,1,0.7109580328688025,,,
2f8f0024,The impact of debt maturity on liquidity and refinancing risk for AES Corp is significant.,Footnotes,False,None,5,0.2,1.0,0.5,0.6309297535714575,1.0,2,5,1,8.874166989699006,,,
6429282a,2022 CPT ATM termination mkting outlook & cap reqs.,Shareholder return,False,None,5,0.2,1.0,1.0,1.0,1.0,1,5,1,1.2521250173449516,,,
43372bef,"Debt structure of Cisco for the period 7/29/23-7/27/24, with a focus on short vs long-term.",Financials,False,None,5,0.4,0.6666666666666666,1.0,0.6508205185601091,0.9406550110810146,1,5,3,8.253375068306923,,,
65d833ac,CapEx BDX 2022-24 trend strategic reinvestment.,Footnotes,False,None,5,0.0,0.0,0.0,0.0,0.0,,5,1,1.4156249817460775,,,
cf7465fe,Impact of Mohawk Industries board composition on ops & financial perf. MHK.,Governance,False,None,5,0.0,0.0,0.0,0.0,0.0,,5,1,4.770624917000532,,,
f5fdadad,Liquidity impact from McKesson's off-balance sheet obligations.,Footnotes,False,None,5,0.0,0.0,0.0,0.0,0.0,,5,1,2.697833930142224,,,
fba33488,"Corteva's audit committee oversight on cybersecurity, ticker CTVA, impacts risk mgt & cash flow stability through capex.",Risk,False,None,5,0.2,1.0,1.0,1.0,1.0,1,5,1,3.7383749149739742,,,
4a5bcd4b,TPR's inventory obligations impact working capital & liquidity.,Footnotes,False,None,5,0.0,0.0,0.0,0.0,0.0,,5,1,1.5989580424502492,,,
5bce2a65,Litigation risk impact for KIM vs. peers.,Legal,False,None,5,0.0,0.0,0.0,0.0,0.0,,5,1,2.359583042562008,,,
f693037c,Impact of emerging tech from HII Mission Technologies on growth.,Company overview,False,None,5,0.0,0.0,0.0,0.0,0.0,,5,1,4.757957998663187,,,
b232f857,"Deere's robust cybersecurity training enhances risk mgmt, boosting investor confidence for growth, DE.",Risk,False,None,5,0.0,0.0,0.0,0.0,0.0,,5,1,2.580332919023931,,,
08ecfbe3,Revenue recognition audit evidence assessment for CHTR.,Accounting,False,None,5,0.2,1.0,1.0,1.0,1.0,1,5,1,2.5526670506224036,,,
aeeaad52,MMC 10b5-1 trading plans impact insider ownership & boost investor confidence.,Governance,False,None,5,0.0,0.0,0.0,0.0,0.0,,5,1,1.832999987527728,,,
85ff6785,Gov oversight of PLD board composition.,Governance,False,None,5,0.0,0.0,0.0,0.0,0.0,,5,1,3.083291929215193,,,
b95ef4df,Trends in Ford (F) net income & EPS from 2021-2023 influenced by various factors.,Financials,True,None,5,0.2,1.0,0.25,0.43067655807339306,1.0,4,5,1,7.183457957580686,,,
cca186be,PPG's shift in debt structure impacts cap allocation and risk assessment.,Financials,False,None,5,0.0,0.0,0.0,0.0,0.0,,5,2,4.996582982130349,,,
ff2cf386,"For GE, how to gauge the impact of discontinued ops on EPS for 2023 by comparing diluted net EPS vs. continuing EPS?",Financials,True,Subtract,5,0.2,1.0,0.25,0.43067655807339306,1.0,4,5,1,9.138041990809143,,,
395e88e2,Insights on risk mgt transparency during DE Joshua Jepsen's IR to CFO transition for ticker.,Governance,False,None,5,0.2,1.0,0.25,0.43067655807339306,1.0,4,5,1,4.70304093323648,,,
7bc5a9bc,"Agilent governance, insider trading setups, & ownership trends impact cap allocation.",Governance,False,None,5,0.0,0.0,0.0,0.0,0.0,,5,1,0.9893330279737711,,,
a5bb38f8,"Fair value adj for KO on 2022-2023, focusing on benchmark rate exposure hedge strategy.",Financials,False,None,5,0.2,1.0,0.5,0.6309297535714575,1.0,2,5,1,5.062125041149557,,,
26c07ecd,Brown-Forman's (BF.A) PP&E impact on ops growth positioning.,Financials,False,None,5,0.2,0.5,0.25,0.2640681225725909,0.3350147120638924,4,5,2,3.0110839288681746,,,
c64d8ea1,"Zoetis' CEO background influences strategic cap allocation, affecting financial perf among stakeholders.",Governance,False,None,5,0.2,1.0,1.0,1.0,1.0,1,5,1,1.7456660280004144,,,
5c9f8aa0,Ticker AZO's legal proceedings are expected to have a significant financial impact.,Legal,False,None,5,0.0,0.0,0.0,0.0,0.0,,5,1,5.840209079906344,,,
59b5db3f,Leadership risk in WMT's readiness for evolving retail regulatory challenges.,Governance,False,None,5,0.0,0.0,0.0,0.0,0.0,,5,1,4.819125053472817,,,
dd2a87f8,Geo rev seg risks & growth for RL.,Accounting,False,None,5,0.0,0.0,0.0,0.0,0.0,,5,1,2.0327920792624354,,,
4b6dd683,The impact of board composition on financial health & capital allocation for IQV.,Governance,False,None,5,0.0,0.0,0.0,0.0,0.0,,5,1,7.458041072823107,,,
5ff558ed,3yr efficiency trend for RTX operating margin.,Financials,True,Compositional,5,0.0,0.0,0.0,0.0,0.0,,5,1,2.3214579559862614,,,
e59417e2,Changes in CNP's long-term debt comp. can affect interest expense.,Financials,False,None,5,0.0,0.0,0.0,0.0,0.0,,5,1,4.047874943353236,,,
2df8b14c,"Trend forecast for operating lease revs, CPT.",Accounting,False,None,5,0.0,0.0,0.0,0.0,0.0,,5,1,2.1983340848237276,,,
4b4bc3d0,Calc net inc. UDR 2023 for a 2% stake.,Financials,True,Multiplication,5,0.2,1.0,0.5,0.6309297535714575,1.0,2,5,1,4.493625019676983,,,
5e48e67b,FDS's (ticker) purchase obligations cat. evolved from 8/31/23 to 8/31/24.,Footnotes,False,None,5,0.0,0.0,0.0,0.0,0.0,,5,1,5.05558296572417,,,
1db8e826,Impact on net income and risk from ACGL portfolio mix.,Financials,False,None,5,0.0,0.0,0.0,0.0,0.0,,5,2,4.989666980691254,,,
0a84c170,R&D mktg strategies at Viatris vs. competitors' effic. in the market.,Company overview,False,None,5,0.2,1.0,1.0,1.0,1.0,1,5,1,4.635750083252788,,,
ace9fb70,Repurchase accounting for CSX structured deals vs. standard repurchase.,Shareholder return,False,None,5,0.2,1.0,1.0,1.0,1.0,1,5,1,2.3092920891940594,,,
6025cd03,"Long-term debt mgmt, debt reduction & maturity mix of COL impacts refinancing/liquidity risk.",Financials,False,None,5,0.0,0.0,0.0,0.0,0.0,,5,1,3.866708022542298,,,
f11f79ac,"Darden Restaurants FY24 new hire ratio & workforce trends, DRI.",Company overview,True,Compositional,5,0.2,1.0,1.0,1.0,1.0,1,5,1,0.7584160193800926,,,
0c43ad3e,"EL exec team weighs risk, ticker, benefits, and impact on fin perf amid org changes.",Governance,False,None,5,0.0,0.0,0.0,0.0,0.0,,5,2,3.9058749098330736,,,
1a51984d,Conservative balance sheet risk mitigation for mkt volatility NTRS.,Governance,False,None,5,0.2,1.0,1.0,1.0,1.0,1,5,1,3.919249982573092,,,
4c8043e4,ED 2023 utility construction exp vs history: impact of infra financing & short-term debt.,Footnotes,False,None,5,0.4,1.0,0.5,0.6509209298071326,1.0,2,5,2,5.373542080633342,,,
e54bf9f5,YUM's Rule 10b5-1 plan timing impacts exec valuation outlook.,Governance,False,None,5,0.0,0.0,0.0,0.0,0.0,,5,1,1.4108340255916119,,,
b4b123fa,Execs on SBAC board vs risk oversight of independent governance comp. SBAC.,Governance,False,None,5,0.0,0.0,0.0,0.0,0.0,,5,1,9.741291054524481,,,
3af2bc48,WMB; impact on credit rating due to environmental risk factors.,Legal,False,None,5,0.0,0.0,0.0,0.0,0.0,,5,1,9.04054194688797,,,
bf1a1422,CBrand regulatory fines & sanctions will impact ops.,Legal,False,None,5,0.2,1.0,0.2,0.38685280723454163,1.0,5,5,1,2.876915968954563,,,
bbf7a877,L: Impact of Loews Corp cybersecurity coordination on risk profile & valuation.,Risk,False,None,5,0.0,0.0,0.0,0.0,0.0,,5,1,11.029332992620766,,,
21b74768,"The impact of DHR govt grants & financing on CAPEX, ticker, OPEX, & PP&E remains significant.",Footnotes,False,None,5,0.0,0.0,0.0,0.0,0.0,,5,1,8.412749972194433,,,
d23a6ead,"MCO's op CF vs capex impact on acquisitions/share repurchases, ticker in focus.",Footnotes,False,None,5,0.0,0.0,0.0,0.0,0.0,,5,2,5.398790934123099,,,
30488fb6,Hologic's lease rev rec for disposables.,Accounting,False,None,5,0.2,1.0,1.0,1.0,1.0,1,5,1,2.130666980519891,,,
2fb123c8,"ResMed's recent PTAB ruling influences investor sentiment and market positioning for the co., RMD.",Legal,False,None,5,0.2,1.0,1.0,1.0,1.0,1,5,1,5.19599998369813,,,
4a1d52b8,"Impact of BF.B global supply chain & expansion on competitive positioning and risk profile, ticker BF.B.",Governance,False,None,5,0.0,0.0,0.0,0.0,0.0,,5,1,5.9206250589340925,,,
72965134,The impact of litigation on ZBH's competitive positioning and long-term financial health.,Legal,False,None,5,0.0,0.0,0.0,0.0,0.0,,5,1,6.396790966391563,,,
f6eecb92,Impact on capital allocation & profitability due to the exec team at Starbucks (SBUX).,Governance,False,None,5,0.0,0.0,0.0,0.0,0.0,,5,1,5.397208034992218,,,
3659990f,"ZBRA accrued liabilities, contractual obligations, & timing.",Footnotes,False,None,5,0.0,0.0,0.0,0.0,0.0,,5,1,1.4617920387536287,,,
2603dd53,Jacobs' (J) workforce reduction & turnover's impact on cost structure & growth.,Company overview,True,Compositional,5,0.2,1.0,1.0,1.0,1.0,1,5,1,2.5693339994177222,,,
c5edfe0e,B&BW's cap allocation for cybersecurity and cash flow resilience are key focus areas.,Risk,False,None,5,0.0,0.0,0.0,0.0,0.0,,5,1,4.547332995571196,,,
a6c10bf2,"Calc Bio-Techne's 2024 net profit margin, assessing tickers' interest/non-op exp impact vs prior periods.",Financials,True,Compositional,5,0.2,1.0,1.0,1.0,1.0,1,5,1,2.7616251027211547,,,
958c6c2b,Inj. ratio for AWK DART in 2023 vs 2022.,Company overview,True,Division,5,0.2,1.0,1.0,1.0,1.0,1,5,1,4.462874960154295,,,
823b6c19,FTNT's non-cancelable contracts limit supplier inventory flexibility.,Financials,False,None,5,0.2,1.0,1.0,1.0,1.0,1,5,1,0.9804170113056898,,,
36690c43,Impact on overall revenue for Nasdaq from drop in other rev.,Footnotes,False,None,5,0.0,0.0,0.0,0.0,0.0,,5,1,5.541249993257225,,,
4af35f89,IDEX's capex vs. D&A mtnc growth.,Footnotes,False,None,5,0.0,0.0,0.0,0.0,0.0,,5,1,1.8315839115530252,,,
ea098924,Humana; analyze premium rev. rec. contract types & their impact on stability.,Accounting,False,None,5,0.0,0.0,0.0,0.0,0.0,,5,1,2.3017500061541796,,,
75daf2a1,"Impact on cash flow due to Textron's competitive bidding & gov delays, TXT.",Company overview,False,None,5,0.2,1.0,1.0,1.0,1.0,1,5,1,3.790375078096986,,,
bf38ab83,Cybersecurity governance @ TE Connectivity boosts investor confidence through effective risk mgmt.,Risk,False,None,5,0.0,0.0,0.0,0.0,0.0,,5,1,1.4887499855831265,,,
5174baea,Dec23 labor structure: J&J headcount vs FTE diff.,Company overview,True,Subtraction,5,0.2,1.0,0.25,0.43067655807339306,1.0,4,5,1,0.3670420264825225,,,
a7c3c150,"Trends in PNC's investment strategy reveal variance between securities available for sale and loans, ticker at end.",Footnotes,False,None,5,0.2,1.0,0.5,0.6309297535714575,1.0,2,5,1,5.6404999922961,,,
994c4973,BBWI 2023 op & net inc ratios for interest exp.,Financials,True,Compositional,5,0.0,0.0,0.0,0.0,0.0,,5,1,3.3662079367786646,,,
85375215,"How is Verisk Analytics' rev rec model differentiated by service line, ticker?",Accounting,False,None,5,0.0,0.0,0.0,0.0,0.0,,5,1,2.585834008641541,,,
1b91dba8,Cost drivers for equipment contracts under Air Products' (APD) incurred method revenue recognition.,Accounting,False,None,5,0.2,1.0,1.0,1.0,1.0,1,5,1,3.5187919856980443,,,
28bf9c09,"The impact of ConocoPhillips' acquisition is significant, with Surmont's 50% working interest supported by long-term debt affecting its cap structure & strategy, COP.",Footnotes,False,None,5,0.2,1.0,1.0,1.0,1.0,1,5,1,7.304457947611809,,,
102e34dc,AT&T's capex strategy revolves around managing recurring vs contractual obligations.,Footnotes,False,None,5,0.0,0.0,0.0,0.0,0.0,,5,1,1.9521659705787897,,,
a21ab343,Profitability margins of Jacobs Solutions Inc. (J) vs. industry benchmarks.,Company overview,False,None,5,0.0,0.0,0.0,0.0,0.0,,5,1,3.024584031663835,,,
1d83c651,"BHX competitive pressures, valuation multiples, and future returns.",Company overview,False,None,5,0.0,0.0,0.0,0.0,0.0,,5,1,2.5169579312205315,,,
19327419,Cash invest allocation MNST vs long-term intl growth & brand dev.,Footnotes,False,None,5,0.0,0.0,0.0,0.0,0.0,,5,2,1.69141695369035,,,
0264fa95,Calculating operating margin for PulteGroup in 2023 highlights operational efficiency.,Financials,True,Compositional,5,0.2,1.0,0.25,0.43067655807339306,1.0,4,5,1,4.319625091738999,,,
1a93cc03,"WAB Q4 2023 unchanged trading plans, governance, insider ownership trends.",Governance,False,None,5,0.0,0.0,0.0,0.0,0.0,,5,1,2.1021250868216157,,,
79c077be,"AKAM. Comp. positioning, global mktg, local sales, regional impact.",Company overview,False,None,5,0.0,0.0,0.0,0.0,0.0,,5,1,1.4311670092865825,,,
41f10609,"Eaton’s rev. transparency on perf. obligations uses input measures, ETN.",Accounting,False,None,5,0.2,1.0,1.0,1.0,1.0,1,5,1,2.0557910902425647,,,
a40ad4b3,SSP methods from TSLA bundle features with pricing from 3rd parties.,Accounting,False,None,5,0.0,0.0,0.0,0.0,0.0,,5,1,2.47012497857213,,,
f8f93719,M&T's Corp cyber risk mitigation measures have shown effectiveness.,Risk,False,None,5,0.0,0.0,0.0,0.0,0.0,,5,1,1.921999966725707,,,
f52c8411,TSA's BOD diversity influences growth & competitive positioning.,Governance,False,None,5,0.0,0.0,0.0,0.0,0.0,,5,1,0.5461249966174364,,,
729cb7d8,Unionization % at CMI and expiration of CBA affect labor costs & ops flexibility.,Company overview,True,Division,5,0.0,0.0,0.0,0.0,0.0,,5,1,4.528374993242323,,,
10fcf637,OM trends for Aptiv PLC over last 3 yrs; impact from restructuring/amort on 2023 APTV.,Financials,True,Compositional,5,0.2,1.0,1.0,1.0,1.0,1,5,1,4.765582969412208,,,
56636254,"Details on Fastenal (NASDAQ: FAST) unsecured revolving facility include limits, fees, and covenants.",Footnotes,False,None,5,0.2,1.0,1.0,1.0,1.0,1,5,1,3.5003330558538437,,,
6fcc62cb,Cybersecurity risk mitigation incidents @ ULTA have prompted a detailed review of historical data.,Risk,False,None,5,0.0,0.0,0.0,0.0,0.0,,5,1,4.3815410463139415,,,
5506bf4a,"F, rev rec for vehicle sales could impact deferred obligations timing.",Accounting,False,None,5,0.2,1.0,0.5,0.6309297535714575,1.0,2,5,1,3.1688750023022294,,,
6f4cad0a,TGT's capital allocation in 2023 prioritizes factors over share repurchase.,Shareholder return,False,None,5,0.0,0.0,0.0,0.0,0.0,,5,1,4.2262920178473,,,
2f6ddf02,"Impact on resilience, cash flow, and growth of IR & threat assessment, MNST.",Risk,False,None,5,0.0,0.0,0.0,0.0,0.0,,5,1,4.677957971580327,,,
930e5815,"Trend of net income, EPS growth, and shareholder returns for Deckers Outdoor Corp over the last 3Y.",Financials,True,None,5,0.2,1.0,0.5,0.6309297535714575,1.0,2,5,1,6.134916911832988,,,
ff86960a,Fastenal (FAST) exec tenure 20+ yrs & long-term investor sentiment.,Governance,False,None,5,0.0,0.0,0.0,0.0,0.0,,5,1,1.0773329995572567,,,
8bf90605,TXN exec age dist. median & succession risks.,Governance,False,None,5,0.0,0.0,0.0,0.0,0.0,,5,1,0.4947090055793524,,,
df760ed5,FS integration & margin impact for MNST related to variable consideration.,Accounting,False,None,5,0.0,0.0,0.0,0.0,0.0,,5,1,3.6450830521062016,,,
7eff6688,Mitigating indemnification liability risk for TXN involves strategic planning.,Footnotes,False,None,5,0.0,0.0,0.0,0.0,0.0,,5,1,2.1935830591246486,,,
19a1d7bc,Competitive dynamics of Broadridge impact on cap allocation & valuation.,Company overview,False,None,5,0.0,0.0,0.0,0.0,0.0,,5,1,3.255208022892475,,,
11dab93a,PSEG's method for estimating unbilled rev and its historical accuracy.,Accounting,False,None,5,0.2,1.0,1.0,1.0,1.0,1,5,1,3.406333038583398,,,
ee41a440,Tech advances at Vistra & reg shifts on CAPEX/new gen invt focus on ticker.,Company overview,False,None,5,0.0,0.0,0.0,0.0,0.0,,5,1,2.5401669554412365,,,
63865e89,FactSet employee breakdown 12398 percentages impact ops growth by ticker.,Company overview,True,Multiplication,5,0.2,1.0,0.25,0.43067655807339306,1.0,4,5,1,1.8360830144956708,,,
2201788b,"Impact of MSFT cloud revenue on Office, LinkedIn, & Dynamics outlook.",Footnotes,False,None,5,0.2,1.0,1.0,1.0,1.0,1,5,1,3.4580000210553408,,,
765f66b8,"AGCO's growth valuation in comparison to tech peers, ticker.",Company overview,False,None,5,0.2,1.0,1.0,1.0,1.0,1,5,1,3.1910830875858665,,,
3f027eca,Lam Research's rev-rec policy aligns with its econ perf metrics.,Accounting,False,None,5,0.0,0.0,0.0,0.0,0.0,,5,1,2.0275830756872892,,,
ac35172f,"Abbott Labs' competitive positioning in healthcare is enhanced by its global workforce diversity, ABT.",Company overview,True,None,5,0.2,1.0,1.0,1.0,1.0,1,5,1,4.256125073879957,,,
9f644173,2023 PP&E & infra inv. trends for EOG Resources.,Footnotes,False,None,5,0.0,0.0,0.0,0.0,0.0,,5,1,2.923334017395973,,,
31ce8a08,Customer retention & rev growth for ADBE cloud integrations.,Accounting,False,None,5,0.0,0.0,0.0,0.0,0.0,,5,1,2.186542027629912,,,
29b1765d,Impact of third-party actuarial assumptions on WTW's revenue & profitability (WTW),Accounting,False,None,5,0.0,0.0,0.0,0.0,0.0,,5,1,3.757165977731347,,,
3e6c70eb,MCO's determination of SSP and the impact on rev allocation.,Accounting,False,None,5,0.0,0.0,0.0,0.0,0.0,,5,1,5.150917102582753,,,
9f6feb58,Drivers of cash decline for WEC financing and their impact on financial health.,Financials,False,None,5,0.0,0.0,0.0,0.0,0.0,,5,1,6.053125020116568,,,
c1146bec,IEX trends in 3yr gross profit & op margin impact on profit/cost mgmt.,Financials,False,None,5,0.0,0.0,0.0,0.0,0.0,,5,2,3.74549999833107,,,
1ecb9579,UPS's investments in cybersecurity pose cost mgmt. liabilities.,Risk,False,None,5,0.0,0.0,0.0,0.0,0.0,,5,1,2.8611670713871717,,,
13ec0e25,"Impact of FE exec roles on profitability & cash flow, ticker in last position.",Governance,False,None,5,0.2,1.0,0.2,0.38685280723454163,1.0,5,5,1,4.6664170222356915,,,
44f8669e,"Pool (POOL), board comp: count & exec/non-exec breakdown.",Governance,False,None,5,0.0,0.0,0.0,0.0,0.0,,5,1,1.0622499976307154,,,
e40c96c6,"Sensitivity of AbbVie's cost of capital valuation to changes in interest rates, ABBV.",Footnotes,False,None,5,0.2,1.0,1.0,1.0,1.0,1,5,1,5.176916951313615,,,
87c9e399,"C.H. Robinson's scale & logistics influence on revenue growth and financial stability, TKR: CHRW.",Company overview,False,None,5,0.2,1.0,0.2,0.38685280723454163,1.0,5,5,1,3.7239589728415012,,,
23536c89,Op operational strategies & margin mgmt's impact on profitability during declining comps at SBUX.,Company overview,False,None,5,0.0,0.0,0.0,0.0,0.0,,5,1,2.800875110551715,,,
b585b1f6,"CBRE board structure ensures fin oversight & capital allocation effectiveness, maintaining strong governance for CBRE.",Governance,False,None,5,0.0,0.0,0.0,0.0,0.0,,5,1,2.8717080131173134,,,
ea4d9ae5,"Loews Q4 2023 share repurchase split for Loews, Oct vs Nov/Dec.",Shareholder return,False,None,5,0.0,0.0,0.0,0.0,0.0,,5,1,3.047292004339397,,,
ff029827,Operating income change for 2022 vs 2023 for MPWR.,Financials,True,Subtract,5,0.0,0.0,0.0,0.0,0.0,,5,1,3.8988750893622637,,,
a6422412,legal dispute impact on risk and investor sentiment for XOM,Legal,False,None,5,0.0,0.0,0.0,0.0,0.0,,5,1,4.118915996514261,,,
e1534647,Accrual procs & stats for potential loss events at Everest Group Ltd.,Accounting,False,None,5,0.0,0.0,0.0,0.0,0.0,,5,1,3.1479999888688326,,,
8f7b5b57,FY23 operating expense ratio net sales for SMCI (Super Micro Computer),Financials,True,Division,5,0.2,1.0,1.0,1.0,1.0,1,5,1,3.2760410103946924,,,
82fbb151,Future fin. impact of GIS on environmental compliance.,Legal,False,None,5,0.0,0.0,0.0,0.0,0.0,,5,1,4.066959023475647,,,
c4e25437,FOX's revenue deferral impact on short vs. long-term visibility in guaranteed ad contracts.,Accounting,False,None,5,0.2,1.0,1.0,1.0,1.0,1,5,1,4.358208039775491,,,
3cc30627,"P&G employee dist. impacts ops eff., regional risk.",Company overview,True,None,5,0.0,0.0,0.0,0.0,0.0,,5,1,1.0875409934669733,,,
622c45c6,TMUS revenue aggregation for employees.,Company overview,True,Multiplication,5,0.0,0.0,0.0,0.0,0.0,,5,1,2.214500098489225,,,
d8434afb,ETR's below-market contract amort rev impact & valuation implications.,Accounting,False,None,5,0.0,0.0,0.0,0.0,0.0,,5,1,1.3321669539436698,,,
7e38d34a,Impact of XOM leadership tenure on long-term strategy & risk mgmt.,Governance,False,None,5,0.0,0.0,0.0,0.0,0.0,,5,1,4.305874928832054,,,
657f3b9a,Repurchase shares & cost for fiscal 24 vs 23 for Gen Digital.,Shareholder return,False,None,5,0.0,0.0,0.0,0.0,0.0,,5,2,2.912833006121218,,,
0cabbc69,Trends in lease payments over 3Y for Pool Corp (POOL) and their profit impact.,Footnotes,False,None,5,0.0,0.0,0.0,0.0,0.0,,5,1,5.21487498190254,,,
1c9c3a6d,Trend of innovation spend vs op. income for AMAT over the last 3 yrs.,Financials,False,None,5,0.0,0.0,0.0,0.0,0.0,,5,2,5.18758303951472,,,
df730bd7,BRCM op. margin calc. & cost mgmt. insights.,Financials,True,Compositional,5,0.0,0.0,0.0,0.0,0.0,,5,1,0.6478329887613654,,,
c06f0ed3,Historical comparisons reveal the risk impact of insider trading on CVX.,Governance,False,None,5,0.0,0.0,0.0,0.0,0.0,,5,1,4.496249952353537,,,
4f7b7ad8,"Capex trends for DPZ reflect impacts from tech, supply chain, & corporate ops growth.",Footnotes,False,None,5,0.0,0.0,0.0,0.0,0.0,,5,1,3.061958006583154,,,
e9e8f4a0,"Impact of ROST localized merchandising on competitive positioning and sustainable growth, ROST.",Governance,False,None,5,0.0,0.0,0.0,0.0,0.0,,5,1,4.384082974866033,,,
7dff6e48,Buyback avg price trends for PRU in Q4 2023 focus on repurchase strategy.,Shareholder return,False,None,5,0.0,0.0,0.0,0.0,0.0,,5,1,5.087582976557314,,,
709755c7,Truist's effective legal & regulatory risk mngt involves accrual adjustments.,Legal,False,None,5,0.2,1.0,0.5,0.6309297535714575,1.0,2,5,1,1.3219589600339532,,,
da098b02,"Q4 '23 TRV repurchase cost analysis, cash flow, & capital allocation.",Shareholder return,False,None,5,0.0,0.0,0.0,0.0,0.0,,5,1,1.9307499751448631,,,
347bdeaa,EDW's rev growth drivers & sustainability from 2021-23.,Financials,False,None,5,0.0,0.0,0.0,0.0,0.0,,5,2,2.0259160082787275,,,
cb79a5d0,Alliant Energy's EPS multiplier vs reported net income for 2023.,Financials,True,Multiplication,5,0.2,1.0,0.5,0.6309297535714575,1.0,2,5,1,3.331791958771646,,,
4c5680bb,ODFL's dir. title blends corp. gov. & risk mgmt.,Governance,False,None,5,0.0,0.0,0.0,0.0,0.0,,5,1,0.5902500124648213,,,
f4c201f9,Impact on revenue recognition from RTX variable consideration.,Accounting,False,None,5,0.0,0.0,0.0,0.0,0.0,,5,1,2.9359590262174606,,,
98d4acee,FTV legal proceedings' impact on growth & cap allocation.,Legal,False,None,5,0.0,0.0,0.0,0.0,0.0,,5,1,2.221292001195252,,,
e36f2d62,Impact of McKesson litigation on cap allocation & growth prospects for the co.,Legal,False,None,5,0.2,1.0,1.0,1.0,1.0,1,5,1,5.055209039710462,,,
bf5401a9,Impact of RL pricing & inflation on margins amidst e-comm competition for ticker.,Company overview,False,None,5,0.0,0.0,0.0,0.0,0.0,,5,1,4.145167069509625,,,
85804d72,"ALB 2023 op profit impacted by SG&A, R&D, and interest adj.",Financials,True,Subtract,5,0.0,0.0,0.0,0.0,0.0,,5,1,4.818959045223892,,,
1dcdaacf,"Risks to HCA Healthcare's rev from uninsured discounts due to shifts in collection indicators, HCA.",Accounting,False,None,5,0.2,1.0,1.0,1.0,1.0,1,5,1,4.257500055246055,,,
b545c4ca,WBA's risk vs profit role balance impacts rsk mgmt & profitability.,Governance,False,None,5,0.0,0.0,0.0,0.0,0.0,,5,1,1.069999998435378,,,
2003db84,Bunge Global SA efficiency benchmarking for headcount compositional model.,Company overview,True,Compositional,5,0.0,0.0,0.0,0.0,0.0,,5,1,1.964624971151352,,,
095ae0b8,FICO Q3 2024 share buyback vs announced plan for ticker.,Shareholder return,False,None,5,0.0,0.0,0.0,0.0,0.0,,5,1,2.8247080044820905,,,
f6be1bde,"MRK's CHRO transition impacts strategy, talent & ops.",Governance,False,None,5,0.0,0.0,0.0,0.0,0.0,,5,1,0.5997910629957914,,,
ac5213bd,Impact of cybersecurity controls at RTX on revenue risk.,Risk,False,None,5,0.2,1.0,1.0,1.0,1.0,1,5,1,4.264624905772507,,,
3fb8a7a4,The impact of GM AR/notes & financial receivables on credit risk & WC efficiency for ticker.,Financials,False,None,5,0.2,0.5,1.0,0.6131471927654584,0.6112035496394898,1,5,2,5.9651670744642615,,,
6d56774e,Current assets of HUM significantly impact liquidity & WC mgmt for FY 22-23.,Financials,False,None,5,0.0,0.0,0.0,0.0,0.0,,5,2,4.0354999946430326,,,
c3dbc895,Risk mgmt & growth in mixed comp mkt for MLM.,Company overview,False,None,5,0.0,0.0,0.0,0.0,0.0,,5,1,3.0484169255942106,,,
a4de4db1,10b5-1 trading plan sentiment & long-term strategy for Airbnb CTO.,Governance,False,None,5,0.0,0.0,0.0,0.0,0.0,,5,1,3.0639999313279986,,,
56bc0290,LUV revised travel trends impact on pax revenue.,Accounting,False,None,5,0.0,0.0,0.0,0.0,0.0,,5,1,2.074875053949654,,,
267f97db,"Analysis of risk, profitability, and revenue by segment for GS.",Accounting,False,None,5,0.0,0.0,0.0,0.0,0.0,,5,1,5.1810420118272305,,,
58a5d8e7,Cintas (CTAS) HCM's influence on comp. positioning & labor turnover risk.,Company overview,True,None,5,0.2,1.0,1.0,1.0,1.0,1,5,1,1.7107499297708273,,,
96e9ede2,Impact of UDR legal proceedings on cap alloc. & risk assessment for ticker.,Legal,False,None,5,0.0,0.0,0.0,0.0,0.0,,5,1,4.412750015035272,,,
759f406d,Howmet Aerospace (HWM) Lehman settlement impact on OEX net & liabilities?,Legal,False,None,5,0.2,1.0,1.0,1.0,1.0,1,5,1,2.613999997265637,,,
cafe8928,"Impact of capital allocation on Corpay's income vs. appreciation, CORP.",Shareholder return,False,None,5,0.0,0.0,0.0,0.0,0.0,,5,1,3.785375040024519,,,
c734df25,"Intelligent edge by ADI, outcomes of digital healthcare, growth in mobility - ticker.",Company overview,False,None,5,0.2,1.0,1.0,1.0,1.0,1,5,1,4.052250063978136,,,
cd97cf2a,Impact of risk mgmt oversight by the ADM board & audit on overall performance.,Risk,False,None,5,0.2,1.0,1.0,1.0,1.0,1,5,1,5.998000036925077,,,
b0196c5b,Long-term financial impact of RCL if major judgment reversal fails on appellate.,Legal,False,None,5,0.0,0.0,0.0,0.0,0.0,,5,1,4.48291702196002,,,
7520e2d6,HAL 2023 product sales rev w/ ticker vs services rev gap.,Financials,True,Subtract,5,0.0,0.0,0.0,0.0,0.0,,5,1,2.569125033915043,,,
e35458c8,"21.5k lost-time incidents for AMETEK, with a 40% reduction in incident rate.",Company overview,True,Compositional,5,0.2,1.0,1.0,1.0,1.0,1,5,1,5.169583950191736,,,
6dc82a46,Calculation of unionized headcount for a 65% unionization rate at PKG.,Company overview,True,Multiplication,5,0.0,0.0,0.0,0.0,0.0,,5,1,4.3944999342784286,,,
897b0cd8,Impact of UK unused credit mngmt on capital allocation & growth for PYPL.,Footnotes,False,None,5,0.0,0.0,0.0,0.0,0.0,,5,1,4.5073749497532845,,,
3136fdea,Everest Group 3Y invest trends; fixed maturities AFS cost vs. sale proceeds.,Footnotes,False,None,5,0.2,1.0,1.0,1.0,1.0,1,5,1,1.562541932798922,,,
5b863344,Pool Corp; uniform rev rec ensures comp & rel.,Accounting,False,None,5,0.0,0.0,0.0,0.0,0.0,,5,1,0.0955420546233654,,,
23cecec7,Profitability & resilience drivers of ADP HCM solutions.,Company overview,False,None,5,0.2,1.0,0.2,0.38685280723454163,1.0,5,5,1,2.28283298201859,,,
10b0205d,"Financial health resilience of ANSYS vs investments in competitive pricing & innovation, ANSS.",Company overview,False,None,5,0.0,0.0,0.0,0.0,0.0,,5,1,4.339082981459796,,,
c373bd2a,Cumulative total for JCI Q3 2024 share buyback and monthly avg price variation.,Shareholder return,False,None,5,0.0,0.0,0.0,0.0,0.0,,5,1,4.6007499331608415,,,
8ae0370c,Percentage improvement in RCL EPS turnaround & key drivers of the income stmt for 2022-23: RCL.,Financials,True,Compositional,5,0.0,0.0,0.0,0.0,0.0,,5,1,6.006916984915733,,,
c7501d0a,UDR's Dec 2023 investments vs. contractual commitments & future funding reqs.,Footnotes,False,None,5,0.2,1.0,0.5,0.6309297535714575,1.0,2,5,1,2.258540946058929,,,
4c334e59,Broadridge's (BR) cybersecurity risk ERM influences ops resilience & profitability.,Risk,False,None,5,0.0,0.0,0.0,0.0,0.0,,5,1,0.6933340337127447,,,
58be6948,The impact of talent acquisition at CMCSA on content competitiveness.,Company overview,False,None,5,0.0,0.0,0.0,0.0,0.0,,5,1,4.790792008861899,,,
60f0a0a9,WAB's long-term margin risk discl. are crucial for investors.,Accounting,False,None,5,0.2,1.0,1.0,1.0,1.0,1,5,1,3.210082999430597,,,
c70a315a,Control shipment delays at Ingersoll Rand to manage cash flow & boost profitability; IR,Accounting,False,None,5,0.0,0.0,0.0,0.0,0.0,,5,1,3.2176250824704766,,,
bbbd142b,Calculation of total cash dividend payout for MCHP in fiscal 2024.,Financials,True,Multiplication,5,0.0,0.0,0.0,0.0,0.0,,5,1,5.298958043567836,,,
54c6f08b,Impact on EPS of diluted weighted shares sum for EA FY23+24.,Financials,True,Addition,5,0.0,0.0,0.0,0.0,0.0,,5,1,4.482666961848736,,,
4d6e8fc8,GILD rev rec timing & rev impact.,Accounting,False,None,5,0.0,0.0,0.0,0.0,0.0,,5,1,0.6327079609036446,,,
71f3292e,MDT deferred rev cash flow predictability analysis.,Accounting,False,None,5,0.0,0.0,0.0,0.0,0.0,,5,1,1.078000059351325,,,
28f12d60,"Impact of RJF equity changes on growth outlook & capital structure, RJF.",Financials,False,None,5,0.0,0.0,0.0,0.0,0.0,,5,2,3.990583005361259,,,
9b9f2bdd,Impact on margins & risk from ALGN's int'l expansion & patent expiry.,Company overview,False,None,5,0.0,0.0,0.0,0.0,0.0,,5,1,2.8238330269232392,,,
f6124aa3,3Y trend analysis of cash flow adjustments for Gartner (IT) shows significant fluctuations.,Footnotes,False,None,5,0.2,1.0,1.0,1.0,1.0,1,5,1,4.111208952963352,,,
52d5222d,"Diversity in CAG's workforce and its core values significantly influence competitive positioning and growth, with the ticker at the end.",Company overview,True,None,5,0.0,0.0,0.0,0.0,0.0,,5,1,6.25808397307992,,,
ae03828c,Feb 2023 1.70% notes maturity debt comp. for Adobe.,Financials,False,None,5,0.2,1.0,0.5,0.6309297535714575,1.0,2,5,1,2.953166957013309,,,
add69637,"SNPS focuses on optimizing chip design processes to enhance customer retention, ensuring stable earnings.",Company overview,False,None,5,0.2,1.0,0.25,0.43067655807339306,1.0,4,5,1,3.5808749962598085,,,
af4fd014,Bristol-Myers Squibb (BMY) employs a cybersecurity strategy aimed at financial risk mitigation.,Risk,False,None,5,0.0,0.0,0.0,0.0,0.0,,5,1,3.2487499993294477,,,
eef18ce0,"MCHP's capital strategy for global asset dist. includes production, assembly, & testing.",Footnotes,False,None,5,0.0,0.0,0.0,0.0,0.0,,5,1,2.9516250360757113,,,
3ccec8d7,"Impact of BorgWarner's cybersecurity measures on its financials, BWA.",Risk,False,None,5,0.2,1.0,1.0,1.0,1.0,1,5,1,3.6557919811457396,,,
1aea581f,GoDaddy's cybersecurity influences cost structure & earnings stability.,Risk,False,None,5,0.2,1.0,1.0,1.0,1.0,1,5,1,1.144791953265667,,,
fa8c727c,Impact of risk oversight on investor confidence in risk mgmt GPN.,Risk,False,None,5,0.0,0.0,0.0,0.0,0.0,,5,1,4.387374967336655,,,
cbffe9b0,HWM impact on cyber investments and risk mitigation by CISO/CIO Howmet Aerospace.,Risk,False,None,5,0.2,1.0,1.0,1.0,1.0,1,5,1,4.286166978999972,,,
63ae8121,Legal liabilities may impact short-term CF profitability for ANSS (ANSYS).,Legal,False,None,5,0.0,0.0,0.0,0.0,0.0,,5,1,3.0388329178094864,,,
d6b1addc,Impact on profitability & risk mgmt. from GPN board expertise.,Governance,False,None,5,0.0,0.0,0.0,0.0,0.0,,5,1,3.093583043664694,,,
c09ffcb8,Geographic and service strategy competitive risk HCM Dayforce.,Company overview,False,None,5,0.2,1.0,0.5,0.6309297535714575,1.0,2,5,1,3.031332977116108,,,
239cc1a0,"multiple PO transaction price allocation, ticker CRL, and SSM impact on rev.",Accounting,False,None,5,0.0,0.0,0.0,0.0,0.0,,5,1,3.5410840064287186,,,
2c4fe5ec,Adv. tech cap allocation impact on growth for PCAR.,Governance,False,None,5,0.0,0.0,0.0,0.0,0.0,,5,1,2.742999931797385,,,
2d63c721,CoStar's (CSGP) post-acquisition impact on competitive positioning in online mktplc & analytics.,Footnotes,False,None,5,0.2,1.0,1.0,1.0,1.0,1,5,1,3.429083968512714,,,
7b89f8d0,Effect of MAA lease incentives on rental rev & profitability.,Accounting,False,None,5,0.0,0.0,0.0,0.0,0.0,,5,1,3.3762080129235983,,,
6a9fccf8,Implications of capital allocation for Cummins Inc. with no OM repurchases; CMI.,Shareholder return,False,None,5,0.0,0.0,0.0,0.0,0.0,,5,1,4.543000017292798,,,
27a9b755,Impact on governance and strategy from EQT's dual role execs.,Governance,False,None,5,0.2,1.0,1.0,1.0,1.0,1,5,1,3.939916961826384,,,
d2f55c36,2022-2023 trends in Vertex (VRTX) financial leverage.,Financials,False,None,5,0.2,1.0,0.3333333333333333,0.5,1.0,3,5,1,4.0842919843271375,,,
64382d5b,Breakdown of target contractual commitments for purchase vs. real estate for Feb '24 vs. Jan '23 due dates; ticker in last pos.,Footnotes,False,None,5,0.0,0.0,0.0,0.0,0.0,,5,1,5.121916998177767,,,
14236bbb,FMI's deposit strategy influences growth & competitive positioning.,Company overview,False,None,5,0.0,0.0,0.0,0.0,0.0,,5,1,0.8319580228999257,,,
1ba759f1,PPG's cap allocation for R&D capacity expansion aims to enhance its competitive edge.,Company overview,False,None,5,0.0,0.0,0.0,0.0,0.0,,5,2,3.698041895404458,,,
8ce4d925,Litigation risk catalysts for BX.,Legal,False,None,5,0.0,0.0,0.0,0.0,0.0,,5,1,1.899208058603108,,,
079d16cc,Adjusted EBITDA by region for EQIX in 2023 vs 2022.,Footnotes,False,None,5,0.0,0.0,0.0,0.0,0.0,,5,1,4.932082956656814,,,
e2424f9b,"NTRS 2023 CapEx breakdown: software, comp. HW, building leasehld, furnishings, ticker.",Footnotes,False,None,5,0.2,1.0,1.0,1.0,1.0,1,5,1,1.6141670057550073,,,
bc29de79,GPC LT debt pct change from 2022 to 2023.,Financials,False,None,5,0.0,0.0,0.0,0.0,0.0,,5,1,4.10095788538456,,,
55bd477c,ALGN's headcount drop from Dec '22 to Dec '23 reflects cost mngmt & ops efficiency.,Company overview,True,Compositional,5,0.0,0.0,0.0,0.0,0.0,,5,1,3.085874952375889,,,
7d5871d3,MTD env regs risk & financial health vs peers w/ ticker in the middle.,Legal,False,None,5,0.0,0.0,0.0,0.0,0.0,,5,1,4.117207950912416,,,
04c89485,Impact on comp growth due to diversity & board composition at Gen Digital Inc. (GEND).,Company overview,True,None,5,0.2,1.0,0.5,0.6309297535714575,1.0,2,5,1,4.342416999861598,,,
bd24c352,2024 div payout CTAS EPS Diluted/Dividends Declared.,Financials,True,Division,5,0.0,0.0,0.0,0.0,0.0,,5,1,1.1812499724328518,,,
f613c78f,Impact of revenue recognition on RCL's short vs long-term visibility.,Accounting,False,None,5,0.0,0.0,0.0,0.0,0.0,,5,1,4.0799579583108425,,,
0daaa98a,The impact on cash flows from LT debt & fin lease mix at Cummins Inc. (CMI).,Footnotes,False,None,5,0.0,0.0,0.0,0.0,0.0,,5,1,5.054749897681177,,,
aadf1455,"Q4 trading setup for DuPont vs growth outlook & insider ownership, DD.",Governance,False,None,5,0.0,0.0,0.0,0.0,0.0,,5,1,1.853291061706841,,,
c593f878,"NGC's cyber investments boost investor confidence, enhance valuation, and bolster stability.",Risk,False,None,5,0.0,0.0,0.0,0.0,0.0,,5,1,2.4661250645294785,,,
6cc8d3fe,"Estimation methodology for ITW's legal liability vs. historical performance, ITW.",Legal,False,None,5,0.0,0.0,0.0,0.0,0.0,,5,1,2.2781670559197664,,,
0016fe33,2023 aggregate NI + other income bfr OPEX for Discover (DFS) Financial.,Financials,True,Addition,5,0.2,1.0,0.3333333333333333,0.5,1.0,3,5,1,4.202958894893527,,,
880d4ada,Risk profile of AMETEK (AME) in commercial aviation downturn vs other segments.,Company overview,False,None,5,0.2,1.0,1.0,1.0,1.0,1,5,1,4.264208022505045,,,
435b3b79,Timeline of termination provisions for Host Hotels & Resorts Asia/Pacific JV; HST.,Footnotes,False,None,5,0.2,1.0,0.5,0.6309297535714575,1.0,2,5,1,3.1377500854432583,,,
371f05d9,AutoZone (AZO) marketable debt securities 3FY buy vs. sell cap allocation.,Footnotes,False,None,5,0.0,0.0,0.0,0.0,0.0,,5,1,0.9076669812202454,,,
f45a3705,Catalent's (CTLT) debt-to-equity ratio and cap alloc impact.,Shareholder return,False,None,5,0.0,0.0,0.0,0.0,0.0,,5,1,3.592666005715728,,,
17655f41,"Effectiveness of MPS in mitigating cybersecurity risks and its financial impact analysis, MPS.",Risk,False,None,5,0.0,0.0,0.0,0.0,0.0,,5,1,5.5665840627625585,,,
9de93d4e,Impact on revenue timing predictability of unredeemed gift cards w/ WMT.,Accounting,False,None,5,0.2,1.0,0.5,0.6309297535714575,1.0,2,5,1,3.4121250500902534,,,
231b3713,Operational efficiency and profitability strategies for Travelers (TRV) amidst evolving customer trends and tech innovation.,Company overview,False,None,5,0.0,0.0,0.0,0.0,0.0,,5,1,3.522374900057912,,,
7736978e,AMT int'l employee ratio & global human cap exp; ticker in the middle.,Company overview,True,Division,5,0.0,0.0,0.0,0.0,0.0,,5,1,3.665541997179389,,,
974505b1,Current capex for TFX vs historical trends.,Footnotes,False,None,5,0.0,0.0,0.0,0.0,0.0,,5,1,2.1532499231398106,,,
6c70d6d5,F5's (FFIV) long-lived assets geog. for 2023-2024 strategic cap. allocation.,Footnotes,False,None,5,0.0,0.0,0.0,0.0,0.0,,5,1,3.5302919568493962,,,
399416c5,"Assurant performance metrics inc. risk, debt, liquidity, operating costs.",Company overview,False,None,5,0.0,0.0,0.0,0.0,0.0,,5,1,2.399750053882599,,,
487b38b0,"Yum! Brands' leadership in profitability and risk mgmt. is notable, YUM.",Governance,False,None,5,0.2,1.0,1.0,1.0,1.0,1,5,1,4.047292051836848,,,
acc3977a,Management's cap allocation strategy includes a $75M share buyback for FISV.,Shareholder return,False,None,5,0.0,0.0,0.0,0.0,0.0,,5,1,3.7565419916063547,,,
2d1a2d5b,"Change in deposit interest exp. for Citizens Financial Group from 2022 to 2023, CFG.",Financials,True,Subtract,5,0.0,0.0,0.0,0.0,0.0,,5,1,6.729334010742605,,,
568eb5b1,"META's ASC 606 revenue recognition timing is pivotal for control transfer, TKR: META.",Accounting,False,None,5,0.0,0.0,0.0,0.0,0.0,,5,1,3.0622920021414757,,,
f5ae5eff,"Acquisitions, jobber/multi-store integr., consolid., div., pos. for ORLY.",Governance,False,None,5,0.2,1.0,1.0,1.0,1.0,1,5,1,1.8591670086607337,,,
b68f5fc4,WEC's energy margin structure affects third-party supplier switching.,Company overview,False,None,5,0.2,1.0,0.5,0.6309297535714575,1.0,2,5,1,1.0777499992400408,,,
67f50f64,"Effects of Amphenol's 2021 repurchase on cash, acquisitions, dividends: ticker APH.",Shareholder return,False,None,5,0.0,0.0,0.0,0.0,0.0,,5,1,3.9245409425348043,,,
88f3957d,"TI's div increase can impact cap allocation & SH value by reallocating funds from growth to immediate returns, influencing future investment strategies.",Shareholder return,False,None,5,0.0,0.0,0.0,0.0,0.0,,5,2,4.615833051502705,,,
4cc0ab6a,"In Q4 2023, Hartford Financial (The Hartford) reported total share repurchases and average price.",Shareholder return,False,None,5,0.0,0.0,0.0,0.0,0.0,,5,1,6.533958949148655,,,
9e93c509,"Human capital initiatives at GILD are key for competitive positioning, impacting sustainable growth.",Company overview,True,None,5,0.0,0.0,0.0,0.0,0.0,,5,1,3.8288329960778356,,,
47f689b7,Linde's risk mgmt for energy costs & raw materials pricing is critical.,Company overview,False,None,5,0.2,1.0,1.0,1.0,1.0,1,5,1,3.295459086075425,,,
44b96824,Impact of revenue recognition estimation on BSX transaction price allocation: LATITUDE vs LUX-Dx.,Accounting,False,None,5,0.2,1.0,0.25,0.43067655807339306,1.0,4,5,1,3.7384999450296164,,,
bed1e3ed,US/Canada vs Int'l segment rev/profit growth drivers for MAR.,Footnotes,False,None,5,0.2,1.0,1.0,1.0,1.0,1,5,1,2.244582981802523,,,
5e5180f2,"Honeywell (HON) contract assets & liabilities impact rev & earnings, raising quality & risk concerns.",Accounting,False,None,5,0.2,1.0,0.5,0.6309297535714575,1.0,2,5,1,2.0260419696569443,,,
6ea35e82,2024 vs 2023/22 ADI Industrial rev perf; abs & %; mkt demand trends for ADI.,Footnotes,False,None,5,0.0,0.0,0.0,0.0,0.0,,5,1,3.175665973685682,,,
437496ad,"Insider trading protocol, stability risks, and fin health correlation of PepsiCo.",Governance,False,None,5,0.0,0.0,0.0,0.0,0.0,,5,1,3.4448750084266067,,,
1002ef84,MTB – Exec & board roles at M&T Bank Corp influence capital allocation & cash flow mgmt.,Governance,False,None,5,0.0,0.0,0.0,0.0,0.0,,5,1,2.5588329881429672,,,
dd2a0f6a,"Assessment of current liquidity and fin. health of Incyte shows zero debt and compliance with covenants, INCY.",Footnotes,False,None,5,0.2,1.0,0.5,0.6309297535714575,1.0,2,5,1,4.64983400888741,,,
d5dd8af4,Sustainable growth in IP cyber sec. practices.,Risk,False,None,5,0.0,0.0,0.0,0.0,0.0,,5,1,2.3807500256225467,,,
0809aec0,WDC MDP costs as txn price reduc. risks & benefits for ST P&L vs LT rev rec.,Financials,False,None,5,0.0,0.0,0.0,0.0,0.0,,5,1,3.586333943530917,,,
60c0384c,Impact of Everest Group legal case resolution on financial metrics with ticker in the mix.,Legal,False,None,5,0.0,0.0,0.0,0.0,0.0,,5,1,6.714167073369026,,,
376537a5,WBA's US healthcare inv. impact on rev. growth & competitive pos. in care segments.,Company overview,False,None,5,0.2,1.0,0.2,0.38685280723454163,1.0,5,5,1,3.6497499095276,,,
80d514c3,Accounting for NSC litigation liabilities and their impact on future profitability.,Legal,False,None,5,0.0,0.0,0.0,0.0,0.0,,5,1,4.744042060337961,,,
ba1fffd2,"Impact on balance sheet from PPL Corp's Talen litigation settlement, PPL.",Legal,False,None,5,0.2,1.0,1.0,1.0,1.0,1,5,1,2.8510410338640213,,,
67b1a319,"Insights on operational focus for MPC exec titles, ticker at the end.",Governance,False,None,5,0.0,0.0,0.0,0.0,0.0,,5,1,4.474999965168536,,,
89f03c19,Emerging tech sustainable strategy & cap allocation growth for Alliant Energy (LNT).,Governance,False,None,5,0.2,1.0,1.0,1.0,1.0,1,5,1,2.2272500209510326,,,
a60f60b5,"For SBA Communications Corp (SBAC), the US workforce count and % share are key metrics to consider.",Company overview,True,Compositional,5,0.0,0.0,0.0,0.0,0.0,,5,1,6.413999944925308,,,
46bdfe8a,Litigation liability quantification and mgmt for PFE.,Legal,False,None,5,0.0,0.0,0.0,0.0,0.0,,5,1,3.1247090082615614,,,
194c8463,"Impact of AVB's debt & capex strategy on new dev co vs large fin insts/RE, ticker at end.",Company overview,False,None,5,0.0,0.0,0.0,0.0,0.0,,5,1,4.548541968688369,,,
dd6f1e96,"Fee model of Cboe incentivizes order flow liquidity for increased mkt share & profit, ticker.",Company overview,False,None,5,0.2,1.0,0.2,0.38685280723454163,1.0,5,5,1,3.8117090007290244,,,
c42c2707,"ALGN integration of iTero and Invisalign aims to enhance operational efficiency, optimize cost structure, and boost profitability.",Company overview,False,None,5,0.2,1.0,0.5,0.6309297535714575,1.0,2,5,1,4.695459036156535,,,
c809b4ae,The impact of social initiatives on competitive positioning and market growth for Gen Digital Inc. is noteworthy.,Governance,False,None,5,0.2,1.0,0.2,0.38685280723454163,1.0,5,5,1,7.122542010620236,,,
d414f672,AIZ runoff exposure cash flow risk from reinsurer default & client non-payment.,Footnotes,False,None,5,0.2,1.0,0.3333333333333333,0.5,1.0,3,5,1,2.5950829731300473,,,
4c76abf9,Impact on capital allocation & growth risks for PYPL trial.,Legal,False,None,5,0.0,0.0,0.0,0.0,0.0,,5,1,3.2915000338107347,,,
e3889376,DOJ Ecuador reg legal risk for Arthur J Gallagher.,Legal,False,None,5,0.0,0.0,0.0,0.0,0.0,,5,1,2.2030420368537307,,,
4fc36784,LYV changes in Rule 10b5-1 trading plans for Q4 2023 vs. prior year.,Governance,False,None,5,0.0,0.0,0.0,0.0,0.0,,5,1,4.933541989885271,,,
daff6a7b,Macroeconomic and seasonal factors impact revenue margins for Celanese (CE).,Company overview,False,None,5,0.0,0.0,0.0,0.0,0.0,,5,2,3.4820419969037175,,,
82f38d21,Debt mgmt by HWM impacts pre-tax income.,Financials,False,None,5,0.0,0.0,0.0,0.0,0.0,,5,1,2.2581249941140413,,,
f1e69a1f,"LYB risk mgmt, prod quality, deliv reliability, and comp.",Company overview,False,None,5,0.0,0.0,0.0,0.0,0.0,,5,1,2.4257919285446405,,,
e68c8ab2,"ZBH: consignment vs. direct shipment timing, cash flow predictability, stability impact.",Accounting,False,None,5,0.0,0.0,0.0,0.0,0.0,,5,1,1.3553750468418002,,,
91fa70ee,Effective tax rate for OXY 2023 calculated by the ratio of income tax expense to pre-tax income.,Financials,True,Division,5,0.0,0.0,0.0,0.0,0.0,,5,1,7.047625025734305,,,
d855790c,BXP AR accrued rent collectability estimation tenant creditworthiness revenue recognition write-offs.,Accounting,False,None,5,0.2,1.0,1.0,1.0,1.0,1,5,1,0.8968330221250653,,,
ccf825e6,GD's revenue recognition control criteria for biz jets are essential.,Accounting,False,None,5,0.0,0.0,0.0,0.0,0.0,,5,1,2.960124984383583,,,
fad2a8c8,Impact on rev & fin health from IP's net sales tax & shipping classification.,Accounting,False,None,5,0.0,0.0,0.0,0.0,0.0,,5,1,3.496082965284586,,,
c73568ff,Impact of CAT repurchase scale/timing on cash flow & cap allocation amid earnings/growth?,Shareholder return,False,None,5,0.0,0.0,0.0,0.0,0.0,,5,1,4.271791083738208,,,
5cce4406,Impact of Omnicom's board age on succession & strategic decisions.,Governance,False,None,5,0.2,1.0,1.0,1.0,1.0,1,5,1,3.7452089600265026,,,
f54eba8e,Impact of repurchase timing on Cintas' (CTAS) capital allocation strategies.,Shareholder return,False,None,5,0.0,0.0,0.0,0.0,0.0,,5,1,3.740791929885745,,,
aafae895,"Looking at basic EPS growth for ADSK from FY22 to FY24, it also highlights investor sentiment.",Financials,True,Subtract,5,0.0,0.0,0.0,0.0,0.0,,5,1,4.86908305902034,,,
d8b8d76c,NERC/NIST cyber fin impact on XEL.,Risk,False,None,5,0.0,0.0,0.0,0.0,0.0,,5,1,1.927417004480958,,,
16115d44,"How do shifts in volume, sell, & buy rates impact gross rev & transport costs at EXPD?",Accounting,False,None,5,0.2,1.0,1.0,1.0,1.0,1,5,1,3.8010840071365237,,,
2b5440d8,The CCI 2016 credit facility's cost of debt impact reflects on overall financing strategies.,Footnotes,False,None,5,0.2,1.0,0.25,0.43067655807339306,1.0,4,5,1,5.204082932323217,,,
7ccfc989,FTNT's repurchase program and capital return strategy are integrated.,Shareholder return,False,None,5,0.0,0.0,0.0,0.0,0.0,,5,1,3.734207944944501,,,
54cf6ae3,Implications of equal regional staffing dist. cost centers for AMD.,Company overview,True,Compositional,5,0.0,0.0,0.0,0.0,0.0,,5,1,3.4645829582586884,,,
9d4b7481,Near-term capital structure maturity risks for EL amid current debt trends.,Financials,False,None,5,0.0,0.0,0.0,0.0,0.0,,5,1,3.212542040273547,,,
1d9a86b7,CBA coverage percentage and expiration for NiSource.,Company overview,True,None,5,0.0,0.0,0.0,0.0,0.0,,5,1,3.050166997127235,,,
723d9f1f,Regulatory litigation risk for Cummins (CMI) impacts investor sentiment.,Legal,False,None,5,0.0,0.0,0.0,0.0,0.0,,5,1,2.1067920606583357,,,
cce49ae2,KMI's revenue rec. for take-or-pay provisions and breakage rev.,Accounting,False,None,5,0.2,1.0,1.0,1.0,1.0,1,5,1,3.910291939973831,,,
8b174f42,"Timing of rev recognition per performance obligations requires key judgments, CFG.",Accounting,False,None,5,0.0,0.0,0.0,0.0,0.0,,5,1,3.382084076292813,,,
995752d7,"Diversity in Pfizer's workforce acts as a competitive advantage in driving pharma innovation, PFE.",Company overview,True,None,5,0.0,0.0,0.0,0.0,0.0,,5,1,4.114166949875653,,,
1deb42f7,Impact on regional rev & profitability from BMY's generic comp & exclusivity expiry.,Company overview,False,None,5,0.2,1.0,1.0,1.0,1.0,1,5,1,2.436624956317246,,,
f45064b6,YoY % change in RSG headcount,Company overview,True,Compositional,5,0.0,0.0,0.0,0.0,0.0,,5,1,2.0814589224755764,,,
81da6bcf,Impact of Natalia Johnson's HR leadership on ops efficiency & competitive positioning at Public Storage (PSP),Governance,False,None,5,0.2,1.0,1.0,1.0,1.0,1,5,1,4.073958029039204,,,
b24e7e0d,"YOY change in GD employee headcount & growth insights, ticker in the spotlight.",Company overview,True,Division,5,0.0,0.0,0.0,0.0,0.0,,5,1,3.525707987137139,,,
3fea228c,Impact of dual role board governance on CMS tickers.,Governance,False,None,5,0.2,1.0,0.5,0.6309297535714575,1.0,2,5,1,3.6840420216321945,,,
856f5118,Q4 2023 Labcorp (LH) share repurchase vol. & costs details.,Shareholder return,False,None,5,0.0,0.0,0.0,0.0,0.0,,5,1,2.324333065189421,,,
212bd953,"CEO, CFO, CCO roles @ Revvity directly impact profitability & competitive positioning.",Governance,False,None,5,0.0,0.0,0.0,0.0,0.0,,5,1,1.0096670594066381,,,
b9d7ae94,TFC's operating profit estimate from noninterest income & benchmarking vs sector for ticker TFC.,Financials,True,Multiplication,5,0.0,0.0,0.0,0.0,0.0,,5,1,3.280040924437344,,,
4af2dd3d,"Impact on CAPEX, asset utilization, & financial perf. from changes in PCG provider of last resort.",Company overview,False,None,5,0.2,1.0,1.0,1.0,1.0,1,5,1,5.682875053025782,,,
ce1bfffa,"Impact of Baxter's contractual obligations on supply chain risk & working cap, BAX.",Footnotes,False,None,5,0.0,0.0,0.0,0.0,0.0,,5,1,4.0097919991239905,,,
23726d6c,"Impact of SYY legal mgmt on investor sentiment & valuation vs peers, ticker SYY.",Legal,False,None,5,0.0,0.0,0.0,0.0,0.0,,5,1,3.414332983084023,,,
705e9471,Q4 share repurchase by FCX vs authorized $3B/$5B levels.,Shareholder return,False,None,5,0.2,1.0,1.0,1.0,1.0,1,5,1,2.1507920464500785,,,
90ba7b65,Cash flow pressures (external) mgmt risk response by Veralto.,Company overview,False,None,5,0.2,1.0,1.0,1.0,1.0,1,5,1,2.1321249660104513,,,
87a265a3,Cybersecurity risk mgmt. for RCL and its growth potential.,Risk,False,None,5,0.0,0.0,0.0,0.0,0.0,,5,1,3.7803329760208726,,,
82e77c4c,"The retirements of Hartford execs could affect ops and risk mgmt, TKR: The Hartford.",Governance,False,None,5,0.2,1.0,0.2,0.38685280723454163,1.0,5,5,1,4.9102919874712825,,,
e187ae20,2023 UHS repurchase tax w/h impact metrics.,Shareholder return,False,None,5,0.0,0.0,0.0,0.0,0.0,,5,1,2.171457977965474,,,
3d622173,SG&A impairments % & op. income sustainability for KHC.,Financials,True,Compositional,5,0.0,0.0,0.0,0.0,0.0,,5,1,2.9741249745711684,,,
00f4fdce,Analyzing SLB's debt-to-equity ratio and assessing related financial risks.,Financials,False,None,5,0.0,0.0,0.0,0.0,0.0,,5,2,4.695374984294176,,,
497a1fc4,Impact on interest income and AFS portfolio risk from shift to cash in PAYX VRDN.,Footnotes,False,None,5,0.4,1.0,1.0,0.8503449055347546,1.0,1,5,2,6.46312499884516,,,
02dc0ea1,Debt commitments vs OC flow liquidity for EQT.,Footnotes,False,None,5,0.0,0.0,0.0,0.0,0.0,,5,1,2.274499973282218,,,
111e3c78,"Rev rec for long-term svc contracts impacts rev qual, earnings growth for AAPL.",Accounting,False,None,5,0.0,0.0,0.0,0.0,0.0,,5,1,2.810125006362796,,,
6e873fd0,CRWD's profitability profile is affected by contractual cash outflows and associated risks.,Footnotes,False,None,5,0.0,0.0,0.0,0.0,0.0,,5,1,4.3162909569218755,,,
07cc004d,How do cybersecurity & digital investments by IPG impact growth strategy & comp. positioning?,Risk,False,None,5,0.0,0.0,0.0,0.0,0.0,,5,1,2.4520419538021088,,,
8db34e25,Trends in insider ownership & trading arrangements prior period for KIM (Kimco).,Governance,False,None,5,0.2,1.0,0.25,0.43067655807339306,1.0,4,5,1,3.546541091054678,,,
d4baf507,"Impact on profitability from JPM's litigation involving 1MDB, Epstein, and LIBOR with ticker JPM.",Legal,False,None,5,0.2,1.0,1.0,1.0,1.0,1,5,1,4.461915930733085,,,
07a24577,Trend in accrued CapEx for investment pace at LULU.,Footnotes,False,None,5,0.0,0.0,0.0,0.0,0.0,,5,2,3.873417037539184,,,
b01d6145,NTAP's multi-cloud platform's fin. impact on val. & mkt. share.,Governance,False,None,5,0.0,0.0,0.0,0.0,0.0,,5,2,2.3635419784113765,,,
15a1ab12,Exec roles at Regency Centers Corp (REG) focus on fin. mgmt. & profitability.,Governance,False,None,5,0.0,0.0,0.0,0.0,0.0,,5,1,2.3725839564576745,,,
2a6c39b5,Impact of CDW's competitive edge on mkt share & profitability (CDW).,Company overview,False,None,5,0.0,0.0,0.0,0.0,0.0,,5,1,3.697125008329749,,,
02b54a46,"Regarding asset impairment, occupancy, and rental income criteria for Extra Space Storage (EXR), what will be the impact on future earnings?",Accounting,False,None,5,0.2,1.0,1.0,1.0,1.0,1,5,1,6.808082922361791,,,
b95bb736,"Calc the ALLE unionized workforce fraction, ticker at the end.",Company overview,True,Division,5,0.2,1.0,0.25,0.43067655807339306,1.0,4,5,1,2.827708958648145,,,
d0460791,Impact on value creation & operational efficiency of board career progression at 3M.,Governance,False,None,5,0.0,0.0,0.0,0.0,0.0,,5,1,4.467791994102299,,,
404b1ba8,"Impact on competitive positioning & workforce expansion at Raymond James, ticker RJF.",Company overview,True,None,5,0.0,0.0,0.0,0.0,0.0,,5,1,2.630791044794023,,,
2573c8ba,DOV shows solid competitive positioning vs. rivals.,Company overview,False,None,5,0.0,0.0,0.0,0.0,0.0,,5,1,0.33729197457432747,,,
dc251042,"FMC Corp's acqs, licensing, and chemistries will enhance its capital allocation for long-term growth.",Company overview,False,None,5,0.0,0.0,0.0,0.0,0.0,,5,1,4.458916024304926,,,
89250283,Delta FY comparison of net earnings underscores low performance implications.,Financials,True,Subtract,5,0.0,0.0,0.0,0.0,0.0,,5,1,3.1463330378755927,,,
e0f5fa91,Impact of imputed int on UNH's operating lease sch.,Footnotes,False,None,5,0.2,1.0,0.25,0.43067655807339306,1.0,4,5,1,3.605582984164357,,,
bb145f44,AMT's exec specialization effects on comp positioning & efficiency.,Governance,False,None,5,0.0,0.0,0.0,0.0,0.0,,5,1,1.531417015939951,,,
9e2ed88d,"Litigation details for RealPage, with ticker in focus, clarify MAA's owner/operator role.",Legal,False,None,5,0.2,1.0,1.0,1.0,1.0,1,5,1,3.7932080449536443,,,
74605f5f,ISO certs impact on NIST reg risk & cash flow.,Risk,False,None,5,0.0,0.0,0.0,0.0,0.0,,5,1,2.5819159345701337,,,
5773c21c,Schwab's revenue diversification & profitability through integrated ops structure (SCHW).,Company overview,False,None,5,0.2,1.0,1.0,1.0,1.0,1,5,1,1.3029580004513264,,,
3073713a,Impact of KR share dilution on EPS is notable.,Financials,True,Division,5,0.0,0.0,0.0,0.0,0.0,,5,1,4.085832973942161,,,
c7f949cd,LOC contractual commitments on PCAR residual guarantees indicate financial risk for long-term.,Footnotes,False,None,5,0.2,1.0,1.0,1.0,1.0,1,5,1,4.21037501655519,,,
88949b17,Impact on profitability & CF from AVB cap cost treatment.,Accounting,False,None,5,0.0,0.0,0.0,0.0,0.0,,5,1,2.8098749462515116,,,
ec654929,"Impact on short-term CF and profitability from CF Industries EHS capex, CF.",Legal,False,None,5,0.0,0.0,0.0,0.0,0.0,,5,1,4.052290925756097,,,
b5291e3d,HCA: current liabilities changes' impact on long-term debt & refinancing/maturity outlook.,Financials,False,None,5,0.0,0.0,0.0,0.0,0.0,,5,1,3.2127080485224724,,,
58151280,"Credit ratings outlook by Moody's & S&P for Keurig Dr Pepper as of Dec 31, 2023.",Financials,False,None,5,0.2,1.0,1.0,1.0,1.0,1,5,1,6.098291953094304,,,
c7742be6,"Trends in MAA's insider trading & implications for management commitment/insider ownership show a noteworthy shift, particularly in the MAA.",Governance,False,None,5,0.0,0.0,0.0,0.0,0.0,,5,1,5.221624975092709,,,
8bdf1bb5,"GNRC's rev from warranties impacts COGS recognition, influencing overall profitability.",Accounting,False,None,5,0.0,0.0,0.0,0.0,0.0,,5,1,1.5871250070631504,,,
f1f9565c,"Impact of senior mgmt. tenure at Loews Corp on financial stewardship (L), along w/ capex strategy.",Governance,False,None,5,0.2,1.0,1.0,1.0,1.0,1,5,1,4.797708010300994,,,
7b84589a,Performance rev trends for Roper Tech (ROP) 3yr App vs Network Software.,Footnotes,False,None,5,0.0,0.0,0.0,0.0,0.0,,5,1,2.078375080600381,,,
0aa82f46,Op profit proj. at $5.8B rev with 15.56% margin for HST.,Financials,True,Multiplication,5,0.0,0.0,0.0,0.0,0.0,,5,1,3.355999942868948,,,
9e890fac,UPS share repurchase volumes & expenses in 2023 vs 2022.,Shareholder return,False,None,5,0.0,0.0,0.0,0.0,0.0,,5,1,4.104292020201683,,,
80820f77,Passenger revenue mix for UAL 2021-2023 & growth strategy impact.,Financials,True,Compositional,5,0.0,0.0,0.0,0.0,0.0,,5,1,3.657208988443017,,,
eed2fffd,"Impact on growth & competitive positioning from Marathon Oil's new tech in cybersecurity, MRO.",Risk,False,None,5,0.2,1.0,0.5,0.6309297535714575,1.0,2,5,1,4.164458950981498,,,
b53e9773,Alignment of global growth and operating margin for Netflix (NFLX).,Governance,False,None,5,0.0,0.0,0.0,0.0,0.0,,5,1,4.715999937616289,,,
ce57c9a2,Molina - ACA rebate adj. affect rev. rec. & profitability.,Accounting,False,None,5,0.0,0.0,0.0,0.0,0.0,,5,1,0.3233329625800252,,,
ca1f1392,Ticker NRG's price limits can impact share vol & potential gains significantly.,Governance,False,None,5,0.2,1.0,0.25,0.43067655807339306,1.0,4,5,1,2.027916954830289,,,
b34c249b,Impact of community mktg on LULU's CAC & loyalty metrics.,Company overview,False,None,5,0.0,0.0,0.0,0.0,0.0,,5,1,3.1827909406274557,,,
e1ca07cd,MCHP's net LT debt reduction impact on leverage & maturity profile YoY.,Financials,False,None,5,0.0,0.0,0.0,0.0,0.0,,5,1,2.7417080709710717,,,
5e543cf5,Competing impacts of Atmos Energy's nat gas on elec util incentives & effs. <Ticker>.,Company overview,False,None,5,0.0,0.0,0.0,0.0,0.0,,5,1,3.137374995276332,,,
744f9512,SLB board exp. & risk mgmt. strategy alignment.,Governance,False,None,5,0.0,0.0,0.0,0.0,0.0,,5,1,1.1838750215247273,,,
7994ec7e,TMO - multiple performance obligations SP allocation.,Accounting,False,None,5,0.0,0.0,0.0,0.0,0.0,,5,1,1.0673339711502194,,,
341defc1,"Reconciliation of headcount for Garmin, ticker at end.",Company overview,True,Compositional,5,0.2,1.0,0.3333333333333333,0.5,1.0,3,5,1,3.714082995429635,,,
f7b112b0,BAC's cyber sec. capex impacts growth & comp. positioning.,Risk,False,None,5,0.0,0.0,0.0,0.0,0.0,,5,1,0.5111250793561339,,,
9e3c932c,AIZ's buyback impacts EPS and inv. sentiment.,Shareholder return,False,None,5,0.0,0.0,0.0,0.0,0.0,,5,1,2.122625010088086,,,
473ff409,"Advance payments financing under TAP, with a focus on monitoring contract assets and liabilities.",Accounting,False,None,5,0.2,0.5,0.3333333333333333,0.3065735963827292,0.48260641093011036,3,5,2,5.700792069546878,,,
5b235c37,2023 AVB fee rev proj. 20% fee hike.,Financials,True,Multiplication,5,0.0,0.0,0.0,0.0,0.0,,5,1,1.6475410666316748,,,
84e160bc,"Rev rec consistency, reliability, & growth indicators for DOV.",Accounting,False,None,5,0.0,0.0,0.0,0.0,0.0,,5,1,1.767125097103417,,,
f36f84b0,"Regulatory frameworks from Duke Energy influence retail profit & competitive edge, DUK.",Company overview,False,None,5,0.2,1.0,0.5,0.6309297535714575,1.0,2,5,1,1.9604170229285955,,,
9764427f,"Impact on revenue stability and growth potential from WBD cybersecurity integration, WBD.",Risk,False,None,5,0.2,1.0,0.5,0.6309297535714575,1.0,2,5,1,4.162333090789616,,,
25854989,"Chipotle's plans for capex increase, $CMG, provide insights into its growth strategy and tech innovation.",Footnotes,False,None,5,0.0,0.0,0.0,0.0,0.0,,5,1,4.231458064168692,,,
6dc19bbb,BKNG's excise tax liab. & impact from repurchase as of 12/31/23.,Shareholder return,False,None,5,0.0,0.0,0.0,0.0,0.0,,5,1,4.868041956797242,,,
ed54b525,FY23-FY24 rev change segmentation for CSCO.,Shareholder return,False,None,5,0.0,0.0,0.0,0.0,0.0,,5,1,1.7954159993678331,,,
8aba2745,"ES revenue recognition is influenced by retail tariffs, wholesale transmission, and market sales, along with associated risk implications, Ticker.",Accounting,False,None,5,0.2,1.0,0.5,0.6309297535714575,1.0,2,5,1,5.330292042344809,,,
331c51e9,Impact on profitability from revenue recognition of ATC lease vs non-lease.,Accounting,False,None,5,0.2,1.0,0.3333333333333333,0.5,1.0,3,5,1,4.3369169579818845,,,
d40a08c2,Implied net earnings vs reported net income for fiscal 2024 for Sysco (SYY) in diluted EPS.,Financials,True,Multiplication,5,0.2,1.0,1.0,1.0,1.0,1,5,1,4.605999914929271,,,
e40dfc98,"LOW: Deferred rev rec for retail, stored-value, gift cards control.",Accounting,False,None,5,0.2,1.0,1.0,1.0,1.0,1,5,1,2.4873329093679786,,,
f953f661,"Impact of Kellanova's cyber framework on resilience & earnings, tickers last.",Risk,False,None,5,0.2,1.0,1.0,1.0,1.0,1,5,1,3.5742499167099595,,,
9c267335,"EMR – Market leadership in CapEx, R&D, and sustainability.",Company overview,False,None,5,0.0,0.0,0.0,0.0,0.0,,5,1,3.5823340294882655,,,
459594fe,"BSX trading plan size, timing & insider activity.",Governance,False,None,5,0.0,0.0,0.0,0.0,0.0,,5,1,0.8228749502450228,,,
514ec2c8,SW Airlines' contingent liabilities litigation may impact BS & valuation.,Legal,False,None,5,0.0,0.0,0.0,0.0,0.0,,5,1,1.7062498955056071,,,
49bfa732,Impact on profitability & warranty/maintenance costs due to ENPH high-voltage risk mitigation.,Company overview,False,None,5,0.2,1.0,1.0,1.0,1.0,1,5,1,4.08808293286711,,,
5aeb00ec,Effectiveness of Caterpillar's cybersecurity risk mgmt. & the financial impact on supply chain; CAT.,Risk,False,None,5,0.2,1.0,1.0,1.0,1.0,1,5,1,5.2397920517250896,,,
006a120d,Impact of IVZ net capex CIP adjustment.,Footnotes,False,None,5,0.2,1.0,0.25,0.43067655807339306,1.0,4,5,1,2.9357500607147813,,,
8b613b2b,"Impact of DOV acquisitions on cash flow from investing activities & long-term growth, DOV.",Footnotes,False,None,5,0.0,0.0,0.0,0.0,0.0,,5,1,5.127000040374696,,,
42d7d11c,"Risk-based cybersecurity from ITW affects fin & op risks significantly, particularly concerning the ticker.",Risk,False,None,5,0.2,1.0,1.0,1.0,1.0,1,5,1,3.76287498511374,,,
a9038e14,MSCI capex 2023 vs historical data for ticker.,Footnotes,False,None,5,0.0,0.0,0.0,0.0,0.0,,5,1,2.8973340522497892,,,
7b3704b4,"% trends for EMR in operating WC, liquidity, inventory, & receivables.",Footnotes,False,None,5,0.0,0.0,0.0,0.0,0.0,,5,1,3.3634999999776483,,,
69f3ba36,"The board structure of Targa Resources significantly influences its strategy and capital allocation, TRGP.",Governance,False,None,5,0.0,0.0,0.0,0.0,0.0,,5,1,5.338417016901076,,,
393f1c68,Key customer concentration affects revenue stability at CME Group.,Accounting,False,None,5,0.0,0.0,0.0,0.0,0.0,,5,1,2.001499990001321,,,
50d36179,Unresolved legal matters with BDX may have long-term financial implications on profitability & growth.,Legal,False,None,5,0.0,0.0,0.0,0.0,0.0,,5,1,4.785040975548327,,,
7dae7e8c,Dist. perf. obligations rev. impact for AKAM.,Accounting,False,None,5,0.0,0.0,0.0,0.0,0.0,,5,1,1.9841250032186508,,,
fc01c3b5,KeyCorp's (KEY) regulatory constraints impact its competitive position.,Company overview,False,None,5,0.2,1.0,0.25,0.43067655807339306,1.0,4,5,1,1.7680840101093054,,,
66c596e8,Noncancelable obligations of Garmin impact cash flow & financial risk.,Footnotes,False,None,5,0.0,0.0,0.0,0.0,0.0,,5,1,3.7496660370379686,,,
4c7ffd9b,Drivers of geo segment rev decline for Jun 2024 vs Jun 2023 at LRCX.,Footnotes,False,None,5,0.0,0.0,0.0,0.0,0.0,,5,1,4.6709999442100525,,,
68e2cfdf,Seasonal workforce risk & NRG Energy cost stability.,Company overview,True,None,5,0.2,1.0,1.0,1.0,1.0,1,5,1,1.1874170741066337,,,
399745a0,"WLTW impact on cash flow planning, cap allocation, and deferred acquisition liabilities payout timelines.",Footnotes,False,None,5,0.0,0.0,0.0,0.0,0.0,,5,1,3.896291018463671,,,
b78aa9da,Impact on earnings and profitability from Sempra litigation.,Legal,False,None,5,0.2,1.0,0.5,0.6309297535714575,1.0,2,5,1,3.8069169968366623,,,
cde3a5de,Drivers of operating CF decline for PFE in 2023 vs 2022 include non-cash adjustments & timing differences.,Footnotes,False,None,5,0.0,0.0,0.0,0.0,0.0,,5,1,6.611249991692603,,,
468e5628,DuPont's dual exec role influence on cap allocation and profit (DD).,Governance,False,None,5,0.0,0.0,0.0,0.0,0.0,,5,1,3.0031250789761543,,,
21029196,Cybersecurity impact on profitability & cash flow for ADSK.,Risk,False,None,5,0.0,0.0,0.0,0.0,0.0,,5,1,3.258249955251813,,,
56bf7e66,"NEE's cyber governance influences investor confidence and, notably, the risk mgmt strategies employed.",Risk,False,None,5,0.2,1.0,1.0,1.0,1.0,1,5,1,3.628083039075136,,,
1ed728b3,SMCI credit facility evolution for debt mgmt.,Financials,False,None,5,0.2,1.0,1.0,1.0,1.0,1,5,1,2.2021669428795576,,,
e218dac2,"The five-step rev rec process of Synopsys, along with the consistency in earnings, is crucial for investors.",Accounting,False,None,5,0.0,0.0,0.0,0.0,0.0,,5,1,6.552542094141245,,,
16f8810f,Revvity's multi-obligation contracts present timing risks for revenue recognition.,Accounting,False,None,5,0.0,0.0,0.0,0.0,0.0,,5,1,2.6305830106139183,,,
7294b355,"WBD workforce geo breakdown as of 12/31/23 & effects of talent dev & diversity on comp, ticker WBD.",Company overview,True,None,5,0.0,0.0,0.0,0.0,0.0,,5,1,4.71450004260987,,,
2dbc58c1,FAS's inventory tech impact on cust retention & recurring rev.,Company overview,False,None,5,0.0,0.0,0.0,0.0,0.0,,5,1,1.838417025282979,,,
750e50ea,"Cybersecurity vendor eval by PepsiCo focuses on growth and ops risks, ticker at last position.",Risk,False,None,5,0.2,1.0,1.0,1.0,1.0,1,5,1,4.417874966748059,,,
4b36f4af,Analysis of 'Held Since' data shows leadership stability & capex impact for VZ.,Governance,False,None,5,0.0,0.0,0.0,0.0,0.0,,5,1,3.953416016884148,,,
6ef00df5,"CZR has executed share repurchases since 2018: total shares, aggregate value, avg price.",Shareholder return,False,None,5,0.0,0.0,0.0,0.0,0.0,,5,1,3.147082985378802,,,
a9b7dc0d,$PCG $130M CapEx shift focuses on resiliency vs. service reliability.,Footnotes,False,None,5,0.0,0.0,0.0,0.0,0.0,,5,1,1.8796249059960246,,,
8703da49,Impact of Exelon's (EXC) modernization on cash flow & growth projections.,Company overview,False,None,5,0.2,1.0,1.0,1.0,1.0,1,5,1,3.6273750010877848,,,
729472bf,Net inc derivation vs reported for Steel Dyna (STLD) in 2023.,Financials,True,Multiplication,5,0.2,1.0,1.0,1.0,1.0,1,5,1,4.181707976385951,,,
b61a2520,EVRG: D&A % OpEx 2023 vs 2022/21 & cap intens implications.,Financials,True,Compositional,5,0.0,0.0,0.0,0.0,0.0,,5,1,3.3699580235406756,,,
662d106f,HRL - Impact of 300 employee contract renegotiation on labor costs & ops.,Company overview,True,None,5,0.0,0.0,0.0,0.0,0.0,,5,1,3.8976670475676656,,,
8a606be8,PulteGroup (PHM) revised the cost liabilities of its vesting policy.,Governance,False,None,5,0.2,1.0,1.0,1.0,1.0,1,5,1,4.127416992560029,,,
c8d964e4,"Mitigating financial risk w/ the EXC cybersecurity framework, EXC.",Risk,False,None,5,0.0,0.0,0.0,0.0,0.0,,5,1,3.0272500589489937,,,
cba06537,Impact on profitability from cybersecurity governance & risk mitigation for Builders FirstSource.,Risk,False,None,5,0.0,0.0,0.0,0.0,0.0,,5,1,3.7292500492185354,,,
074679b1,Valuation of Tractor Supply's vendor partnerships cost structure.,Company overview,False,None,5,0.2,0.5,0.25,0.2640681225725909,0.9493345164152618,4,5,2,2.7316249907016754,,,
6f462f16,Impact of cyber risk mgmt on digital growth at UNH.,Risk,False,None,5,0.0,0.0,0.0,0.0,0.0,,5,1,4.0664590196684,,,
30019807,"Revenue recognition for WEC Energy Group is based on fixed vs variable charges, ticker WEC.",Accounting,False,None,5,0.2,1.0,0.3333333333333333,0.5,1.0,3,5,1,4.337791004218161,,,
17c56a21,Legal proceedings influence inv. sentiment and risk comm. for Alexandria Real Estate Equities (ARE).,Legal,False,None,5,0.0,0.0,0.0,0.0,0.0,,5,1,4.159791977144778,,,
f16ab614,DXCM rev rec differences for reusable hardware & their impact on long-term profitability.,Accounting,False,None,5,0.2,1.0,1.0,1.0,1.0,1,5,1,3.4091660054400563,,,
f58ba7ae,MGM's revenue recognition timing diffs across segments.,Accounting,False,None,5,0.0,0.0,0.0,0.0,0.0,,5,1,1.094541046768427,,,
15dace7c,WMT's share buybacks boost EPS & enhance SH value.,Shareholder return,False,None,5,0.0,0.0,0.0,0.0,0.0,,5,1,1.2618339387699962,,,
8395b0b3,Impact of lower marketable securities purchases & higher maturity proceeds on investing CF: Moderna (MRNA).,Footnotes,False,None,5,0.0,0.0,0.0,0.0,0.0,,5,2,3.89204197563231,,,
4e7f5747,Capex trends for ENPH in 2023 vs 2022 and their strategic implications for production/innovation.,Footnotes,False,None,5,0.0,0.0,0.0,0.0,0.0,,5,2,5.736125051043928,,,
001b53d3,CapEx trends for CL from 2021-2023 show notable shifts.,Footnotes,False,None,5,0.0,0.0,0.0,0.0,0.0,,5,1,3.603958059102297,,,
623ef61c,Assurant's (AIZ) cybersecurity governance impacts financial risk & profitability.,Risk,False,None,5,0.0,0.0,0.0,0.0,0.0,,5,1,1.595958019606769,,,
8c22c242,2023 DD continuing ops earnings calc & core profitability analysis.,Financials,True,Multiplication,5,0.0,0.0,0.0,0.0,0.0,,5,1,1.8405420705676079,,,
ce7c5882,MCO's geo net sales growth in 2022-23 and the impact on rev rec.,Accounting,False,None,5,0.0,0.0,0.0,0.0,0.0,,5,1,6.28662493545562,,,
67d461f8,Implications of the repurchase price trend for ADP.,Shareholder return,False,None,5,0.0,0.0,0.0,0.0,0.0,,5,1,4.1961669921875,,,
d10092e6,CEG's competitive positioning in cybersecurity defensive strategy aims for sustainable earnings.,Risk,False,None,5,0.0,0.0,0.0,0.0,0.0,,5,1,3.5223750164732337,,,
e88ce2d1,"Amex's tech investments in fintech and its revenue margin outlook are noteworthy, AMT.",Company overview,False,None,5,0.0,0.0,0.0,0.0,0.0,,5,1,4.407792002893984,,,
5d7b850b,"TTWO robust cyber risk mitigation, bd oversight & audits for Take-Two Interactive.",Risk,False,None,5,0.0,0.0,0.0,0.0,0.0,,5,1,2.414249931462109,,,
56e25b2f,Q4 2023 repurchase vs RSU transfers for Boeing.,Shareholder return,False,None,5,0.0,0.0,0.0,0.0,0.0,,5,1,2.6864170795306563,,,
480be4de,CFO vs Treasurer roles @ Steel Dynamics in fin. oversight & cap. allocation.,Governance,False,None,5,0.2,1.0,0.25,0.43067655807339306,1.0,4,5,1,2.251708065159619,,,
18269a3a,"Regulatory cybersecurity measures from Synchrony Financial affect security policies and investor confidence, SYF.",Risk,False,None,5,0.0,0.0,0.0,0.0,0.0,,5,1,3.8780419854447246,,,
f4f9bf06,"PPL noncurrent liabilities from deferred credits in 2022-2023, cash flow & tax impact.",Financials,False,None,5,0.2,1.0,1.0,1.0,1.0,1,5,1,4.925584071315825,,,
faa97746,proceedings' impact on CNP profitability & disclosures.,Legal,False,None,5,0.0,0.0,0.0,0.0,0.0,,5,1,1.8582920311018825,,,
09439cfb,AMP: Cybersecurity oversight enhances investor confidence and ensures long-term stability.,Risk,False,None,5,0.0,0.0,0.0,0.0,0.0,,5,1,2.8273339848965406,,,
c1aaa79b,"Jabil's (JBL) ops strategy focuses on cost, TTM, and tech integration.",Company overview,False,None,5,0.0,0.0,0.0,0.0,0.0,,5,1,3.2669579377397895,,,
fc52097a,Impact of Truist exec team diversity on operational risk & valuation.,Governance,False,None,5,0.0,0.0,0.0,0.0,0.0,,5,1,3.5483749816194177,,,
cf13e3a7,Financial impact and valuation implications of Mosaic's cybersecurity risk framework.,Risk,False,None,5,0.2,1.0,1.0,1.0,1.0,1,5,1,4.16141701862216,,,
c9c6a4f6,Mosaic liquidity's impact on repurchases: ASR vs open market with a focus on ticker.,Shareholder return,False,None,5,0.2,1.0,1.0,1.0,1.0,1,5,1,3.8886249531060457,,,
76be2bc8,Workforce risk mngmt at Accenture plc.,Company overview,True,None,5,0.0,0.0,0.0,0.0,0.0,,5,1,1.431040931493044,,,
c55b5a4d,Net margin for Garmin in FY23 vs FY22 profitability in terms of ticker.,Financials,True,Division,5,0.0,0.0,0.0,0.0,0.0,,5,1,4.352583084255457,,,
6237ed8d,FNSC cybersecurity risk mgmt & fin loss mitigation.,Risk,False,None,5,0.0,0.0,0.0,0.0,0.0,,5,1,1.125041046179831,,,
ed60cfe5,"Impact of Alphabet's legal proceedings on reg. risk & fin. exposure, GOOGL.",Legal,False,None,5,0.0,0.0,0.0,0.0,0.0,,5,1,3.6222910275682807,,,
eddfdadd,"PP&E, goodwill, and capital allocation for Bio-Techne (TECH) show competitive positioning.",Financials,False,None,5,0.2,1.0,1.0,1.0,1.0,1,5,1,3.474875004030764,,,
05d9f1d9,CFG 2023 diluted EPS YoY change.,Financials,True,Compositional,5,0.0,0.0,0.0,0.0,0.0,,5,1,1.6456249868497252,,,
7c3d731b,"Kenvue's supply chain risk, cybersecurity controls, and supplier assessments affect earnings.",Risk,False,None,5,0.2,1.0,0.5,0.6309297535714575,1.0,2,5,1,3.131291945464909,,,
c931a41f,Calc DEI target for board gender gap FTNT.,Company overview,True,Compositional,5,0.0,0.0,0.0,0.0,0.0,,5,1,2.12808302603662,,,
9bdcefdd,Timing amounts & liquidity risk for recorded vs. unrecorded obligations in ROST.,Footnotes,False,None,5,0.2,1.0,0.5,0.6309297535714575,1.0,2,5,1,3.835459006950259,,,
1ea3766e,Thermo Fisher's Nov '23 share repurchase update: $1B vs $4B.,Shareholder return,False,None,5,0.0,0.0,0.0,0.0,0.0,,5,1,1.0534169850870967,,,
edc8aee7,"Impact of employee engagement at Tyler Tech on competitive adv. in the public sector, TYL.",Company overview,True,None,5,0.2,1.0,1.0,1.0,1.0,1,5,1,5.983666982501745,,,
5cd7cdd6,Dec23 liquidity risk impact on BXP LC/perf. obligation terms timeline.,Footnotes,False,None,5,0.0,0.0,0.0,0.0,0.0,,5,1,2.3066659923642874,,,
2cb76baa,Analysis of CMN's gross margin from 2021 to 2023 shows trends and shifts in profitability.,Financials,True,Compositional,5,0.0,0.0,0.0,0.0,0.0,,5,1,7.191667100414634,,,
68f0cf9d,"Comp risks, opps & impacts on performance & growth for Equity Residential (EQR).",Company overview,False,None,5,0.0,0.0,0.0,0.0,0.0,,5,1,3.244082909077406,,,
5840654f,"NFLX board composition & key exec roles as of Jan 26, 2024.",Governance,False,None,5,0.0,0.0,0.0,0.0,0.0,,5,1,4.06345899682492,,,
fa45b9a3,Fox Corp's (FOXA) liquidity strategy is focused on maintaining robust cash flow while its capital structure analysis reveals a balance between debt and equity financing.,Financials,False,None,5,0.0,0.0,0.0,0.0,0.0,,5,1,6.609249976463616,,,
b0e27f61,"Capex segmentation for EXC 2023 focuses on growth, modernization, & profitability impact.",Footnotes,False,None,5,0.0,0.0,0.0,0.0,0.0,,5,1,3.5676249535754323,,,
a8330f49,Impact on liquidity & WC mgmt of CEG's current assets mix.,Footnotes,False,None,5,0.0,0.0,0.0,0.0,0.0,,5,2,3.7519580218940973,,,
109162f4,Compare ULTA's revenue mix of prestige vs. mass with dept. & specialty retailers' - ticker at end.,Company overview,False,None,5,0.2,1.0,1.0,1.0,1.0,1,5,1,3.8987500593066216,,,
63cde68d,NXP’s supplier forecast horizon impacts liquidity vs. capital planning.,Footnotes,False,None,5,0.0,0.0,0.0,0.0,0.0,,5,1,0.9329590247943997,,,
e1759e5e,TSCO share repurchase vol. & cash outlay for FY22 and FY23.,Shareholder return,False,None,5,0.0,0.0,0.0,0.0,0.0,,5,1,3.566250088624656,,,
381f67d3,Class action false advertising for J.M. Smucker (SJM) impact on financials & market.,Legal,False,None,5,0.0,0.0,0.0,0.0,0.0,,5,1,3.3678750041872263,,,
c79eb4f2,Kellanova's fixed commitment impact on op efficiency & profitability.,Footnotes,False,None,5,0.0,0.0,0.0,0.0,0.0,,5,1,1.9799170549958944,,,
52e25ec7,"Impact on net investing cash flows from EUC sale cash inflow offsets vs acquisition outflows, AVGO.",Footnotes,False,None,5,0.2,0.5,0.5,0.38685280723454163,0.6596491228070176,2,5,2,3.783165942877531,,,
91aab4bb,Veralto Corp's (VLTO) SG&A & R&D % of sales evolution vs. cost mgmt. strategies.,Financials,True,Compositional,5,0.0,0.0,0.0,0.0,0.0,,5,1,3.667582990601659,,,
f6f28978,BDX plans FY24 ASR for share repurchases & expenditures.,Shareholder return,False,None,5,0.0,0.0,0.0,0.0,0.0,,5,1,2.4995420826599,,,
f57863a9,"Total inv. commitments for General Electric (GE): securities, unconsolidated VIEs, & other assets.",Footnotes,False,None,5,0.2,1.0,0.5,0.6309297535714575,1.0,2,5,1,3.8924169493839145,,,
577f851c,"LLY's new mfg capital allocation risks, opps, profitability, efficiency.",Footnotes,False,None,5,0.0,0.0,0.0,0.0,0.0,,5,1,1.3942080549895763,,,
3948ef39,Carnival Corp (CCL) Tour & Other segment growth vs impact of cruise ops rev rec.,Accounting,False,None,5,0.2,1.0,0.3333333333333333,0.5,1.0,3,5,1,3.384582931175828,,,
752bc94a,aggregate non-union headcount for multi-co (e.g. LNT) ticker.,Company overview,True,Addition,5,0.0,0.0,0.0,0.0,0.0,,5,1,2.3806249955669045,,,
c49e261f,"YoY growth in ER diluted EPS for 2023 vs 2022, ticker:",Financials,True,Compositional,5,0.0,0.0,0.0,0.0,0.0,,5,1,4.408915992826223,,,
a532f431,Impact of charter scheduled commitments on revenue proj & growth strategy for the company?,Footnotes,False,None,5,0.0,0.0,0.0,0.0,0.0,,5,1,6.0443750116974115,,,
9b67532e,"GILD's share repurchase program vs. total repurchases, including RSA withholding for employees.",Shareholder return,False,None,5,0.0,0.0,0.0,0.0,0.0,,5,2,3.8309580413624644,,,
1212a36a,Total calc for DaVita pro dev cost per emp.,Company overview,True,Multiplication,5,0.2,1.0,0.5,0.6309297535714575,1.0,2,5,1,2.73854099214077,,,
67e0b7e3,SLB's tech inv. aligns with risk mitigation strategy.,Company overview,False,None,5,0.0,0.0,0.0,0.0,0.0,,5,1,1.9652500050142407,,,
3164e987,"Howmet Aerospace's leadership strategies compared to competitors' mfg. and valuation trends, HWM?",Company overview,False,None,5,0.2,1.0,1.0,1.0,1.0,1,5,1,3.469457966275513,,,
71f266f1,"Spectrum acquisitions for T-Mobile US capex focus on 5G deployment, T-Mobile.",Footnotes,False,None,5,0.2,1.0,1.0,1.0,1.0,1,5,1,2.983290934935212,,,
6ac131a1,Accrued unbilled rev. impacts rev. recog. & op. perf.,Accounting,False,None,5,0.0,0.0,0.0,0.0,0.0,,5,1,0.3901669988408685,,,
8a3ff4c7,Occidental (OXY) CO2 EOR offers a competitive edge in the low-carbon transition.,Company overview,False,None,5,0.2,1.0,1.0,1.0,1.0,1,5,1,4.102832986973226,,,
f38cff2f,Capex impact on profitability and competitive positioning for WEC.,Footnotes,False,None,5,0.0,0.0,0.0,0.0,0.0,,5,1,3.8383329520002007,,,
8ab8c35f,Net investing cash shift FY23 vs FY24 for AFS equity trading securities in KLAC.,Footnotes,False,None,5,0.0,0.0,0.0,0.0,0.0,,5,1,4.161165910772979,,,
b59ec2d2,Capex categories and top allocation for Equity Residential (EQR).,Footnotes,False,None,5,0.0,0.0,0.0,0.0,0.0,,5,1,3.2822079956531525,,,
a26c0c76,"Impact of generics & biosimilars on revenue for Biogen, BIIB.",Company overview,False,None,5,0.2,1.0,0.3333333333333333,0.5,1.0,3,5,1,4.0056660072878,,,
d03f4a03,"Capex allocation for Valero Energy Corp: non-VIE, DGD, VIE, and deferred turnaround, ticker VLO.",Footnotes,False,None,5,0.2,1.0,1.0,1.0,1.0,1,5,1,3.403250011615455,,,
579ff632,Truist's SEC & NY DFS cyberreg impact on risk & earnings.,Risk,False,None,5,0.2,1.0,1.0,1.0,1.0,1,5,1,2.245459007099271,,,
c0facf59,Cybersecurity risk mngmt @ EPAM impacts fin. perf. significantly.,Risk,False,None,5,0.2,1.0,1.0,1.0,1.0,1,5,1,0.7029169937595725,,,
3cc91d38,Impact on liquidity & debt mgmt from L/C net draw vs pymt for Vulcan Materials.,Shareholder return,False,None,5,0.0,0.0,0.0,0.0,0.0,,5,1,4.348292015492916,,,
52b1629b,EPAM faces cost structure margin risk due to low-cost labor comp.,Company overview,False,None,5,0.0,0.0,0.0,0.0,0.0,,5,1,2.966166939586401,,,
c2120f2a,Liquidity impacts from principal pmnt schedule TGT.,Financials,False,None,5,0.0,0.0,0.0,0.0,0.0,,5,1,1.5928749926388264,,,
5bd6d355,"The impact of Regions Financial's exec team on capital allocation and profitability is noteworthy, especially considering the ticker's role in driving performance metrics.",Governance,False,None,5,0.0,0.0,0.0,0.0,0.0,,5,1,7.79141706880182,,,
5db5f4ad,Change liquidity FDS for CA/CL 2023-2024 on FactSet.,Financials,False,None,5,0.0,0.0,0.0,0.0,0.0,,5,2,3.904417040757835,,,
9f66f4c8,MRO $2.01B US CAPEX vs intl growth op performance.,Footnotes,False,None,5,0.0,0.0,0.0,0.0,0.0,,5,1,1.231375033967197,,,
ed790655,MPS purchases align with strategic goals.,Footnotes,False,None,5,0.0,0.0,0.0,0.0,0.0,,5,1,1.7585000023245811,,,
59704abd,"Risk mitigation & growth in emerging sustainable mkts for Waste Mgmt, Inc.",Company overview,False,None,5,0.2,1.0,1.0,1.0,1.0,1,5,1,3.4653329057618976,,,
1a6722fd,TGA's contractual obligations over the next 12m impact liquidity.,Footnotes,False,None,5,0.0,0.0,0.0,0.0,0.0,,5,1,2.99183395691216,,,
749a73cf,SRC fee rev evolution 2021-2023: % chg & categ diff.,Financials,True,Compositional,5,0.0,0.0,0.0,0.0,0.0,,5,1,1.9121249206364155,,,
5eabb5ff,BF: the impact of pension vs. med/life ins. cost components on post-retirement benefit liabilities.,Footnotes,False,None,5,0.0,0.0,0.0,0.0,0.0,,5,1,4.9556250451132655,,,
9cea125e,Div cash vs ex financing risk/reward eval for PNW APS.,Financials,False,None,5,0.2,1.0,0.5,0.6309297535714575,1.0,2,5,1,2.468666061758995,,,
385f4f4e,Share repurchase auth details for Republic Services in Oct '20 & Oct '23; RSG.,Shareholder return,False,None,5,0.0,0.0,0.0,0.0,0.0,,5,2,3.8466250989586115,,,
12ba240d,"Op eff, mkt response, and employee dist. for McKesson.",Company overview,True,None,5,0.0,0.0,0.0,0.0,0.0,,5,1,3.1673330813646317,,,
a2b7ffcd,Timeline for Cardinal Health (CAH) share repurchase & its impact on capital allocation.,Shareholder return,False,None,5,0.0,0.0,0.0,0.0,0.0,,5,1,3.838749951682985,,,
cb5aa21f,"Insights on ACN exec fncl mgmt: cost ctrl, ticker valuation, cash flow approach.",Governance,False,None,5,0.0,0.0,0.0,0.0,0.0,,5,1,2.4028749903663993,,,
8f9e0070,Legal risk mgmt by FirstEnergy for long-term growth.,Legal,False,None,5,0.2,1.0,0.25,0.43067655807339306,1.0,4,5,1,3.493709024041891,,,
c4bf37dc,CFO of CrowdStrike focuses on capital allocation & financial mgmt insights.,Governance,False,None,5,0.0,0.0,0.0,0.0,0.0,,5,1,3.97124991286546,,,
8f52365b,Operating cash recon adjustments impact HIG NI 2021-2023.,Footnotes,False,None,5,0.0,0.0,0.0,0.0,0.0,,5,1,3.0611660331487656,,,
a957a253,2023 fin health of SWK via interest exp/net sales ratio.,Financials,True,Multiplication,5,0.0,0.0,0.0,0.0,0.0,,5,1,3.8988329470157623,,,
5bb53f6a,"AON's CapEx allocation: software, IT, office modernization, & long-term growth strategy.",Footnotes,False,None,5,0.2,1.0,1.0,1.0,1.0,1,5,1,1.9634170457720757,,,
b4307940,Non-US associate count and % of workforce at Marriott (MAR),Company overview,True,Compositional,5,0.2,1.0,1.0,1.0,1.0,1,5,1,4.105499945580959,,,
65ea5394,State Street’s dual role's impact on capital allocation & risk mgmt is noteworthy.,Governance,False,None,5,0.2,1.0,1.0,1.0,1.0,1,5,1,3.187249996699393,,,
42b7fd7e,Trimble Inc. (TRMB) has an oversight structure for risk mgt.,Governance,False,None,5,0.0,0.0,0.0,0.0,0.0,,5,1,3.191292053088546,,,
df25f4b7,"Liquidity, growth & funding risks impacted by Consolidated Edison ASR.",Shareholder return,False,None,5,0.0,0.0,0.0,0.0,0.0,,5,1,2.263166941702366,,,
29a9e69a,Deadlines for HCA contractual obligations.,Footnotes,False,None,5,0.0,0.0,0.0,0.0,0.0,,5,1,2.1259579807519913,,,
3e71f318,"ALB's exec age/tenure mix, with ticker positioned centrally, impacts decision-making.",Governance,False,None,5,0.0,0.0,0.0,0.0,0.0,,5,1,1.7108339816331863,,,
adf787f3,Risk/ben. analysis of repurchase flex. for EQT.,Shareholder return,False,None,5,0.2,1.0,1.0,1.0,1.0,1,5,1,3.3808329608291388,,,
f6566849,USITC litigation on ISRG & Ethicon impacts competitive positioning & R&D.,Legal,False,None,5,0.2,1.0,1.0,1.0,1.0,1,5,1,2.0920829847455025,,,
4dfd5440,R&D vs ops employee ratio at NVDA.,Company overview,True,Division,5,0.0,0.0,0.0,0.0,0.0,,5,1,1.5182920033112168,,,
478a00da,Impact of DPZ's economic conditions on operating performance & profitability relative to disposable income.,Company overview,False,None,5,0.2,1.0,0.5,0.6309297535714575,1.0,2,5,1,5.407958058640361,,,
efe884cc,"Transparency in finance roles at Invitation Homes impacts profitability, INVH.",Governance,False,None,5,0.0,0.0,0.0,0.0,0.0,,5,1,2.9688330832868814,,,
3ac3ec5c,"WTW's investment effectiveness in cybersecurity safeguards, given its risk profile and cost structure.",Risk,False,None,5,0.2,1.0,1.0,1.0,1.0,1,5,1,4.224999924190342,,,
f1dcf77d,"Global footprint of Westinghouse Air Brake Technologies Corp's workforce impacts competitive positioning & risk diversification, WAB.",Company overview,True,None,5,0.0,0.0,0.0,0.0,0.0,,5,1,3.136291983537376,,,
a05c8c68,"WRB litigation risk's impact on risk profile & capital allocation, with ticker at the center.",Legal,False,None,5,0.0,0.0,0.0,0.0,0.0,,5,1,4.918124992400408,,,
92bd213b,Ticker impact: BAC asset mgmt vs brokerage rev rec on long-term earnings & op leverage.,Accounting,False,None,5,0.0,0.0,0.0,0.0,0.0,,5,1,2.79000005684793,,,
3fc1caac,The financial impact of the XYL contract execution and the resulting competitive advantage.,Company overview,False,None,5,0.0,0.0,0.0,0.0,0.0,,5,1,5.296458024531603,,,
39d67bfa,Trends in AXON cost of sales vs net sales and segment op efficiency over 3 years.,Footnotes,False,None,5,0.2,1.0,0.3333333333333333,0.5,1.0,3,5,1,5.990208010189235,,,
1098a682,"Gartner govt contract risks rev reliability & cancellation clauses, IT sector.",Accounting,False,None,5,0.2,1.0,1.0,1.0,1.0,1,5,1,1.1439580703154206,,,
6a8458c2,ETR FY23 for TXN vs historical profitability.,Financials,True,Compositional,5,0.0,0.0,0.0,0.0,0.0,,5,1,1.6920000780373812,,,
db973a1d,Insights on intangible asset adjustments vs growth & acquisition cost mgmt from Baxter.,Financials,False,None,5,0.0,0.0,0.0,0.0,0.0,,5,1,3.1868749065324664,,,
93f38db1,Waters Corp's employee count change 2021-2023; operational implications.,Company overview,True,Compositional,5,0.0,0.0,0.0,0.0,0.0,,5,1,2.388125052675605,,,
c1044077,Pool Corp's future share repurchases will affect cash flow and capital allocation strategies.,Shareholder return,False,None,5,0.0,0.0,0.0,0.0,0.0,,5,1,3.973541082814336,,,
acdedbee,"The evaluation of Gen Digital's cybersecurity by third parties affects risk mgt and boosts investor confidence, particularly for the ticker.",Risk,False,None,5,0.2,1.0,0.2,0.38685280723454163,1.0,5,5,1,6.27995899412781,,,
c6feb525,"Zimmer Biomet's exec structure includes regional roles, defining how GLBT strategies align with company objectives.",Governance,False,None,5,0.0,0.0,0.0,0.0,0.0,,5,1,2.6079999515786767,,,
6c5be786,Update on ATO insider trading policy: Latest guidelines were issued to ensure compliance and transparency with respect to sensitive info regarding ATO.,Governance,False,None,5,0.0,0.0,0.0,0.0,0.0,,5,1,5.405916017480195,,,
008c8617,"Shares & cost trends for AMETEK treasury stock from Dec22 to Dec23, along with capital strategy implications.",Shareholder return,False,None,5,0.0,0.0,0.0,0.0,0.0,,5,1,5.438291933387518,,,
a7955e32,FCPA's effect on cap allocation & credit profile for SWK.,Legal,False,None,5,0.2,1.0,1.0,1.0,1.0,1,5,1,2.8993330197408795,,,
d6d51bcb,"Insights on exec titles in legal, cust ops, & product mgmt at Lam Research (LRCX).",Governance,False,None,5,0.2,1.0,1.0,1.0,1.0,1,5,1,3.811792004853487,,,
c027b94b,"BorgWarner's employee buybacks for Nov-Dec 2023 vs overall performance & withholding settlement, BWA.",Shareholder return,False,None,5,0.0,0.0,0.0,0.0,0.0,,5,1,3.152333083562553,,,
a9aa8d32,Indemnified sec. financing fair value decline poses counterparty risk for TKR.,Footnotes,False,None,5,0.2,1.0,1.0,1.0,1.0,1,5,1,2.418082905933261,,,
46ba6fb7,"BXP board oversight mechanisms for growth, risk, and profitability.",Governance,False,None,5,0.0,0.0,0.0,0.0,0.0,,5,1,3.5983750130981207,,,
0849713d,"PODD related party rev % 2022 vs 2023, profit margins & risk factors.",Financials,True,Compositional,5,0.0,0.0,0.0,0.0,0.0,,5,1,3.3979580039158463,,,
8ba94b65,19% veteran workforce impact on resilience risk mgmt (LDOS),Company overview,True,Compositional,5,0.0,0.0,0.0,0.0,0.0,,5,1,2.19708401709795,,,
dbd52cce,"Working capital dynamics, Estée Lauder (EL), operational efficiency, profitability, growth.",Footnotes,False,None,5,0.0,0.0,0.0,0.0,0.0,,5,1,1.0455000447109342,,,
69725205,ConocoPhillips' (COP) variable consideration rev. recog. impacts growth valuation.,Accounting,False,None,5,0.0,0.0,0.0,0.0,0.0,,5,1,0.6307909497991204,,,
80465551,"HP has a significant human capital impact, driving growth & enhancing competitive positioning.",Company overview,True,None,5,0.0,0.0,0.0,0.0,0.0,,5,1,3.0135000124573708,,,
b10421a9,"Exec names & roles for VNTS board as of Feb 15, 2024.",Governance,False,None,5,0.0,0.0,0.0,0.0,0.0,,5,1,4.719290998764336,,,
14d30823,Kenvue's op. profit margin for current FY.,Financials,True,Division,5,0.2,1.0,0.3333333333333333,0.5,1.0,3,5,1,2.120874938555062,,,
3a712953,MONSTER 3-yr op. margin evolution & cost mgmt. insights.,Financials,True,Compositional,5,0.2,1.0,0.5,0.6309297535714575,1.0,2,5,1,0.8824999677017331,,,
db6e42f4,YoY net RE asset growth vs long-term debt svc for AVB.,Financials,False,None,5,0.0,0.0,0.0,0.0,0.0,,5,1,3.015332971699536,,,
8d0186a1,"How does cybersecurity governance at Tyler impact investor confidence and valuation, TYL?",Risk,False,None,5,0.2,1.0,1.0,1.0,1.0,1,5,1,3.106583026237786,,,
948c1d82,CTSH litigation impact on cash flows & earnings.,Legal,False,None,5,0.0,0.0,0.0,0.0,0.0,,5,1,2.5847909273579717,,,
d2293ae7,BBWI 2023 % diff b/w diluted & basic share count.,Financials,True,Division,5,0.0,0.0,0.0,0.0,0.0,,5,1,2.0830000285059214,,,
7b742eae,% change calc formula for emp. at Masco Corp.,Company overview,True,Division,5,0.0,0.0,0.0,0.0,0.0,,5,1,2.4200419429689646,,,
3f5e6e76,Las Vegas Sands (LVS) focuses on FT employee ratio & gender diversity as key elements of its human capital strategy.,Company overview,True,Division,5,0.0,0.0,0.0,0.0,0.0,,5,1,4.976292024366558,,,
4efcd823,Op margins trend for F5 (Inc Ops/Net Rev * 100) from 2022 to 2024.,Financials,True,Compositional,5,0.2,1.0,1.0,1.0,1.0,1,5,1,5.061666015535593,,,
1dcdba9e,Trends in capex for Micron from 2022 through 2024.,Footnotes,False,None,5,0.0,0.0,0.0,0.0,0.0,,5,2,4.931916017085314,,,
f9eb43ac,"Hormel Foods exec tenure, background, stability, and succession.",Governance,False,None,5,0.2,1.0,0.5,0.6309297535714575,1.0,2,5,1,2.089457935653627,,,
8d5bd7a4,Cyber liability & risk mitigation impact on financial loss via AEP.,Risk,False,None,5,0.2,1.0,1.0,1.0,1.0,1,5,1,3.183875000104308,,,
b049d7dc,JNPR's inclusive culture drives talent & innovation advantage.,Company overview,True,None,5,0.0,0.0,0.0,0.0,0.0,,5,1,0.48804201651364565,,,
57a0b812,AMD: impact of hw-sw integration on comp. positioning & ops. efficiency in governance.,Governance,False,None,5,0.2,1.0,1.0,1.0,1.0,1,5,1,4.3272500624880195,,,
17bb7075,NiSource - mkt segmentation impacts on val & risk.,Company overview,False,None,5,0.0,0.0,0.0,0.0,0.0,,5,1,1.7138749826699495,,,
788f0560,CME's HC metrics and comp positioning.,Company overview,True,None,5,0.2,1.0,1.0,1.0,1.0,1,5,1,2.095333067700267,,,
03e4e09c,Sara Kelly's share sale under Rule 10b5-1 impacts insider ownership at SBUX.,Governance,False,None,5,0.2,1.0,1.0,1.0,1.0,1,5,1,2.853040932677686,,,
d71f5d26,Insights on capital deployment and buyback utilization % for MET (MetLife).,Shareholder return,False,None,5,0.2,1.0,1.0,1.0,1.0,1,5,1,3.8651659851893783,,,
9045943c,OI growth drivers for 2022-2024 include trends in R&D & intangible amort for The Cooper Companies (COO).,Financials,True,Compositional,5,0.0,0.0,0.0,0.0,0.0,,5,1,5.676334025338292,,,
64ccd175,"GM's vehicle sales & mkt share stats for competitive positioning: NA, APAC, SA.",Company overview,False,None,5,0.2,1.0,1.0,1.0,1.0,1,5,1,2.5235420325770974,,,
4f40dd06,"Impact of FY24 CapEx on revenue, productivity, and competitiveness for SMCI.",Footnotes,False,None,5,0.0,0.0,0.0,0.0,0.0,,5,1,4.9940000753849745,,,
1d6501de,RTX's recent share buyback amt & spend details.,Shareholder return,False,None,5,0.0,0.0,0.0,0.0,0.0,,5,1,0.814375001937151,,,
7fcc40af,Impact of TE Connectivity's divestitures on capital allocation & liquidity.,Footnotes,False,None,5,0.0,0.0,0.0,0.0,0.0,,5,1,3.572499961592257,,,
04389fb2,"$2,049 ROI from DIRECTV (AT&T) plays a key role in offsetting investing cash vs capex.",Footnotes,False,None,5,0.2,1.0,1.0,1.0,1.0,1,5,1,4.544583032839,,,
2e09fce1,Legal liabilities accrual risks mgmt value for NWS.,Legal,False,None,5,0.0,0.0,0.0,0.0,0.0,,5,1,2.488291938789189,,,
5e9233c8,Succession planning for MGM exec age dist.,Governance,False,None,5,0.2,1.0,0.5,0.6309297535714575,1.0,2,5,1,1.80358299985528,,,
a901a182,Impact of HLT board experience on capital allocation & growth strategies for ticker.,Governance,False,None,5,0.0,0.0,0.0,0.0,0.0,,5,1,4.907333059236407,,,
4950b3ca,"Impact of Alphabet's cybersecurity risk mgmt on investor sentiment, GOOGL.",Risk,False,None,5,0.2,1.0,1.0,1.0,1.0,1,5,1,3.4539169864729047,,,
0496b898,Impact of TSCO revenue recognition timing on sales performance & earnings volatility.,Accounting,False,None,5,0.0,0.0,0.0,0.0,0.0,,5,1,4.1929170256480575,,,
33b171b9,AXP lease exp. trends 2021-2023 & LT lease risk analysis.,Footnotes,False,None,5,0.0,0.0,0.0,0.0,0.0,,5,1,2.466832986101508,,,
43532cd9,Avg LAB emp dist & regional dev implications on ticker performance.,Company overview,True,Compositional,5,0.0,0.0,0.0,0.0,0.0,,5,1,1.7285828944295645,,,
31681971,Capex segments trend & growth impact for MMM.,Footnotes,False,None,5,0.0,0.0,0.0,0.0,0.0,,5,1,1.9577500643208623,,,
c6958ace,Fifth Third Bancorp's (FITB) noninterest income revenue recognition differs in timing between commercial banking vs wealth management.,Accounting,False,None,5,0.2,1.0,1.0,1.0,1.0,1,5,1,3.510124981403351,,,
c6c338b7,OXY: ME union/nonunion multiplier labor flex risk.,Company overview,True,Multiplication,5,0.0,0.0,0.0,0.0,0.0,,5,1,0.582000007852912,,,
eeda4426,TDY EPS trend analysis adj for WAS & implications on SH value.,Financials,True,Compositional,5,0.0,0.0,0.0,0.0,0.0,,5,1,3.2159999245777726,,,
b7bcd0d0,"Boeing's (BA) process & product strategy for commercial/defense sectors is focused on innovation, efficiency, and sustainability.",Company overview,False,None,5,0.0,0.0,0.0,0.0,0.0,,5,1,5.239667021669447,,,
a69ccec1,Profitability of cost pass-through effectiveness for Linde plc.,Governance,False,None,5,0.2,1.0,0.3333333333333333,0.5,1.0,3,5,1,3.714375081472099,,,
c15faea8,Calculation of revenue per diluted share for CBRE Group in 2023.,Financials,True,Division,5,0.2,1.0,1.0,1.0,1.0,1,5,1,5.6726670591160655,,,
7fdb1fc6,ACGL net premiums CAGR vs total rev growth 2021-23.,Financials,True,Compositional,5,0.0,0.0,0.0,0.0,0.0,,5,1,2.1385420113801956,,,
9a66fd43,"Impact of Warner Bros. Discovery's int'l leadership on global comp. positioning & reg. risk, WBD.",Governance,False,None,5,0.2,1.0,0.2,0.38685280723454163,1.0,5,5,1,3.7569169653579593,,,
06aea5ba,JCI's capex trends impact competitive position & innovation for Global Products.,Footnotes,False,None,5,0.0,0.0,0.0,0.0,0.0,,5,1,2.816250082105398,,,
4c4b85fd,C&B+D&A for UPS 2023 vs Total OpEx.,Financials,True,Addition,5,0.0,0.0,0.0,0.0,0.0,,5,1,4.127959022298455,,,
2f2830f7,Risk-return strat for AMP AFS outflows.,Footnotes,False,None,5,0.0,0.0,0.0,0.0,0.0,,5,1,1.8587909871712327,,,
19ad81b6,Competitive edge in talent strategy & workforce dist. for GPN.,Company overview,True,None,5,0.0,0.0,0.0,0.0,0.0,,5,1,3.3258330076932907,,,
978c07ec,WBA's impact on ops flexibility & labor cost mgt tied to its part-time workforce %.,Company overview,True,Division,5,0.0,0.0,0.0,0.0,0.0,,5,1,4.355499986559153,,,
84d7c4d5,"COP's tech innovation & expertise drive competitive edge, profitability, & cash flow.",Company overview,False,None,5,0.0,0.0,0.0,0.0,0.0,,5,1,1.2472079833969474,,,
e0cceb53,SBUX's rev rec differences b/w comp vs licensed ops affect earnings timing.,Accounting,False,None,5,0.0,0.0,0.0,0.0,0.0,,5,1,1.0872910497710109,,,
b74abbc1,2023 expense ratio calc & profitability impact for MetLife.,Financials,True,Multiplication,5,0.2,1.0,1.0,1.0,1.0,1,5,1,2.9217079281806946,,,
cf5e5a7f,Status of legal proceedings for EPAM and potential disclosures.,Legal,False,None,5,0.0,0.0,0.0,0.0,0.0,,5,1,4.517375025898218,,,
8188ba52,MCHP's integrated prod dev & ops drive competitive advtg & impact valuation.,Company overview,False,None,5,0.0,0.0,0.0,0.0,0.0,,5,1,0.8645410416647792,,,
2663e6cf,impact of ongoing cyber risk mgt and IT security best practices on competitive positioning and growth - Packaging Corp of America (PKG),Risk,False,None,5,0.0,0.0,0.0,0.0,0.0,,5,1,5.3703750018030405,,,
b7946c21,CINF mgmt plans for cybersecurity risks & contingencies.,Risk,False,None,5,0.0,0.0,0.0,0.0,0.0,,5,1,2.3375420132651925,,,
0ec50e05,2023 vs 2022-2021 trend in net/total int. income ratio & expense mgmt for PNC.,Financials,True,Compositional,5,0.2,1.0,0.5,0.6309297535714575,1.0,2,5,1,5.706666968762875,,,
60846fcb,Impact of VMC leadership roles on Mkt nav'n & long-term perf.,Governance,False,None,5,0.0,0.0,0.0,0.0,0.0,,5,1,3.884500009007752,,,
da64b243,Floating gas commitments (FGC) & expense predictability risk affect margins.,Footnotes,False,None,5,0.2,1.0,1.0,1.0,1.0,1,5,1,1.3086250983178616,,,
e39a8dc3,Liquidity impact of repurchase funded by WC for SWKS.,Shareholder return,False,None,5,0.0,0.0,0.0,0.0,0.0,,5,1,4.053583019413054,,,
171c0d0e,AMAT's variable consideration rev. reversal safeguards.,Accounting,False,None,5,0.0,0.0,0.0,0.0,0.0,,5,1,0.41391595732420683,,,
74a7500b,PAYX trends in debt issuance cost amortization for 2023-2024 & efficiency in debt mgmt.,Financials,False,None,5,0.2,1.0,1.0,1.0,1.0,1,5,1,4.600999993272126,,,
329f500d,"Last year, Kimco Realty's employee count & operational efficiency had a notable impact.",Company overview,True,Compositional,5,0.0,0.0,0.0,0.0,0.0,,5,1,2.7215000009164214,,,
99b2c40c,"Quest Diagnostics, with ticker DGX, has contingent lease liabilities that can impact its financials.",Footnotes,False,None,5,0.2,1.0,0.25,0.43067655807339306,1.0,4,5,1,3.724167007021606,,,
b007635d,The impact of cybersecurity integration on operations and profitability for DLR (Digital Realty Trust) will be significant.,Risk,False,None,5,0.0,0.0,0.0,0.0,0.0,,5,1,7.440167013555765,,,
e74ca3e7,FIS average share price trends for Nov-Dec 2023.,Shareholder return,False,None,5,0.0,0.0,0.0,0.0,0.0,,5,1,3.3305000979453325,,,
ef6b58a9,PulteGroup (PHM) 2023 leadership changes' impact on operational strategy.,Governance,False,None,5,0.0,0.0,0.0,0.0,0.0,,5,1,3.1002500327304006,,,
d6ea9c9f,Operational risks and growth drivers of regional centers vs ODFL integrated network.,Footnotes,False,None,5,0.2,1.0,0.25,0.43067655807339306,1.0,4,5,1,3.697625012136996,,,
9d84b5f8,"Liquidity impact from Salesforce (CRM) on WC, capex, and debt maintenance.",Footnotes,False,None,5,0.0,0.0,0.0,0.0,0.0,,5,1,3.9259580662474036,,,
114821a1,Difference in comp-to-rev ratio for AJG: brokerage vs. risk mgmt.,Company overview,True,Subtract,5,0.2,1.0,0.25,0.43067655807339306,1.0,4,5,1,4.017541999928653,,,
159fe4b7,DOW cybersecurity risk mngmt financial impact.,Risk,False,None,5,0.2,1.0,1.0,1.0,1.0,1,5,1,1.64883304387331,,,
498606be,Impact of mgmt composition on risk & profitability for SPG (Simon Property Group).,Governance,False,None,5,0.0,0.0,0.0,0.0,0.0,,5,1,4.247499979101121,,,
5921066d,Impact of supply competition on Kinder Morgan & strategies for mitigation. KMI.,Company overview,False,None,5,0.0,0.0,0.0,0.0,0.0,,5,1,4.181165946647525,,,
c520d0e9,"Impact of Biogen's DEI on comp. pos. and risk profile, BIIB.",Company overview,True,None,5,0.0,0.0,0.0,0.0,0.0,,5,1,4.1654580272734165,,,
2f823bb0,"Breakdown of Eaton's employee count as of Dec '23, ETN.",Company overview,True,Compositional,5,0.0,0.0,0.0,0.0,0.0,,5,1,3.226917004212737,,,
b6040966,Capex impact from risk mitigation in VMC mining.,Company overview,False,None,5,0.0,0.0,0.0,0.0,0.0,,5,1,3.1077079474925995,,,
70603df6,"Analysis of profitability and comp. adv. of Nucor's EAF model, NUE.",Company overview,False,None,5,0.2,1.0,0.5,0.6309297535714575,1.0,2,5,1,3.351166960783303,,,
88129917,Stryker (SYK) comp share reserve change 2022-2023 dilution impact.,Shareholder return,False,None,5,0.0,0.0,0.0,0.0,0.0,,5,1,2.7871670899912715,,,
ddc44d8d,AMD board composition: exec vs independent governance roles? AMD,Governance,False,None,5,0.0,0.0,0.0,0.0,0.0,,5,1,0.9633749723434448,,,
b5dcb797,"43% union coverage, employee count, labor cost stability for Amcor plc.",Company overview,True,Compositional,5,0.2,1.0,0.3333333333333333,0.5,1.0,3,5,1,2.4358329828828573,,,
8d2ddcec,"Profitability of PayPal fee framework vs. traditional payment methods, ticker in focus.",Company overview,False,None,5,0.2,1.0,1.0,1.0,1.0,1,5,1,3.5913329338654876,,,
93d178ca,Q4 FY24 share repurchase vol. & avg. price for MDT.,Shareholder return,False,None,5,0.2,1.0,0.5,0.6309297535714575,1.0,2,5,1,2.359666978009045,,,
86580c44,Payment timing for NWS sports programming rights vs. programming costs & purchase obligations.,Footnotes,False,None,5,0.2,1.0,1.0,1.0,1.0,1,5,1,2.8001670725643635,,,
0012cd67,MLM's revenue from freight fulfillment impacts costing and valuation.,Accounting,False,None,5,0.2,1.0,1.0,1.0,1.0,1,5,1,3.03395907394588,,,
98c93e65,Rev & market share of DLTR's store design & svc invest vs discounters.,Company overview,False,None,5,0.0,0.0,0.0,0.0,0.0,,5,1,3.006833023391664,,,
6325675f,AEP's segment rev trends & drivers for 2022-2023.,Footnotes,False,None,5,0.4,0.6666666666666666,1.0,0.6713860725233041,0.7044158039298543,1,5,3,3.3268750412389636,,,
40b4e6aa,"Rollins' rev recognition obligations timing, ROL, shows predictability.",Accounting,False,None,5,0.2,1.0,1.0,1.0,1.0,1,5,1,0.8154589449986815,,,
5bb95999,Cybersecurity oversight in AWK's senior mgmt governance impacts financial risk.,Risk,False,None,5,0.0,0.0,0.0,0.0,0.0,,5,1,3.4405840560793877,,,
2b8cb791,"Liquidity mgmt, WC changes, risk, & benefits for Lennar.",Footnotes,False,None,5,0.2,1.0,0.3333333333333333,0.5,1.0,3,5,1,2.2848329972475767,,,
cd975983,"eBay Inc. employee headcount change: diff and % increase, EBAY.",Company overview,True,Compositional,5,0.2,1.0,0.5,0.6309297535714575,1.0,2,5,1,2.657333039678633,,,
0b7b9455,Impact of NVR litigation expense on margins & net inc.,Legal,False,None,5,0.0,0.0,0.0,0.0,0.0,,5,1,4.281125031411648,,,
1bc1bdca,Repurchase pause in capital allocation for ANET Q4 2023.,Shareholder return,False,None,5,0.0,0.0,0.0,0.0,0.0,,5,1,4.032667027786374,,,
d549afd7,"Impact of Realty Income Corp's HR strategy on competitiveness and growth, O.",Company overview,True,None,5,0.0,0.0,0.0,0.0,0.0,,5,1,4.705250030383468,,,
db0b8e5e,Litigation impact on growth valuation & mgmt outlook re: TECH.,Legal,False,None,5,0.0,0.0,0.0,0.0,0.0,,5,1,2.0831659203395247,,,
d5187f54,ANSYS revenue recognition: perpetual vs. subs.,Accounting,False,None,5,0.2,1.0,0.5,0.6309297535714575,1.0,2,5,1,0.6210000719875097,,,
1c44a557,GND Holdings' talent dev. total exp. for 8.6k employees.,Company overview,True,Multiplication,5,0.0,0.0,0.0,0.0,0.0,,5,1,2.7043339796364307,,,
cb7a8d80,"Analyzing 3-yr exp ratio trends for MSCI, focusing on S&M and R&D metrics, ticker positioned last.",Financials,True,Compositional,5,0.0,0.0,0.0,0.0,0.0,,5,1,4.5530840288847685,,,
b760dd60,"DOV's diverse exec background enhances competitiveness & growth potential, DOV.",Governance,False,None,5,0.0,0.0,0.0,0.0,0.0,,5,1,0.7882920326665044,,,
c9a47a1b,MOS; impact on 2023 GM & OpE from Canadian taxes & intersegment sales adj.; future capex implications?,Footnotes,False,None,5,0.2,1.0,1.0,1.0,1.0,1,5,1,3.9834589697420597,,,
6ace484d,Investments in RF cybersecurity impact cost structure & growth potential.,Risk,False,None,5,0.0,0.0,0.0,0.0,0.0,,5,1,3.1311250058934093,,,
2ce3365c,"Workforce breakdown 11k at IDEXX Laboratories, ticker IDXX, white 74.4% vs underrepresented minorities 24.4%.",Company overview,True,Compositional,5,0.2,1.0,1.0,1.0,1.0,1,5,1,1.2570000253617764,,,
675f454a,Trends in op income vs net income for Valero Energy from 2021-2023.,Financials,True,None,5,0.2,1.0,1.0,1.0,1.0,1,5,1,5.378957954235375,,,
806aa87f,Asbestos litigation expense trends for ROK and their FP implications.,Legal,False,None,5,0.0,0.0,0.0,0.0,0.0,,5,1,3.573124995455146,,,
99c5660d,"Operating margins for Arista from 2021-2023 show impressive efficiency, ARISTA.",Financials,True,Compositional,5,0.2,1.0,1.0,1.0,1.0,1,5,1,4.1470000287517905,,,
9d42d7fd,"Impact of EA repurchase program on competitive positioning & cash flow, EA.",Governance,False,None,5,0.0,0.0,0.0,0.0,0.0,,5,1,4.034207900986075,,,
f740e627,Leidos (LDOS) cyber risk mgmt. influences its risk profile & valuation.,Risk,False,None,5,0.2,1.0,1.0,1.0,1.0,1,5,1,1.1602499289438128,,,
4c7eb93d,CFR's CFO trend vs insider ownership.,Governance,False,None,5,0.0,0.0,0.0,0.0,0.0,,5,1,0.17483392730355263,,,
85a4141e,Growth analysis of MMC's cumulative revenue from 2021-2023.,Financials,True,Addition,5,0.0,0.0,0.0,0.0,0.0,,5,1,4.282166017219424,,,
76e5193f,Impact of TJX flexible labor model on ops efficiency & risk mgmt.,Company overview,True,None,5,0.0,0.0,0.0,0.0,0.0,,5,1,3.4710420295596123,,,
936177dc,DIS EPS sensitivity to share count change (1827 vs DIS 1831) with constant NI.,Financials,True,Division,5,0.2,1.0,1.0,1.0,1.0,1,5,1,3.32041596993804,,,
33c00011,Impact on D/E and leverage from JNJ LT debt & liabilities SE 2022-23.,Financials,False,None,5,0.0,0.0,0.0,0.0,0.0,,5,2,4.824209026992321,,,
0c69c45d,Supply chain risk mgt: alt sourcing vs long-term contracts for ORI.,Footnotes,False,None,5,0.0,0.0,0.0,0.0,0.0,,5,1,2.9125830624252558,,,
0ef12cca,LMT's price allocation methods for transaction related to perf. obligations with var. consideration.,Accounting,False,None,5,0.0,0.0,0.0,0.0,0.0,,5,1,4.662249935790896,,,
49415fbf,"PACCAR, ticker PCAR, showcases robust cyber governance vs. peers, enhancing competitive positioning.",Risk,False,None,5,0.0,0.0,0.0,0.0,0.0,,5,1,0.7591670146211982,,,
c29598cf,TXT - Evaluating Textron's cybersecurity defenses in relation to future growth prospects.,Risk,False,None,5,0.2,1.0,1.0,1.0,1.0,1,5,1,3.6016249796375632,,,
d5e82f5d,"Accenture's partnerships, including ticker, provide a strategic advantage in cybersecurity, driving recurring revenue streams.",Risk,False,None,5,0.2,1.0,1.0,1.0,1.0,1,5,1,4.059207974933088,,,
bf20a815,Dec 2023 efficiency for Kenvue's (KVUE) inventory turnover.,Financials,False,None,5,0.0,0.0,0.0,0.0,0.0,,5,2,2.651583985425532,,,
2a693ba0,Impact on competitiveness and ops flex due to software contract scale for WAT.,Footnotes,False,None,5,0.0,0.0,0.0,0.0,0.0,,5,1,5.049792001955211,,,
3b3e0d27,Risk profile analysis of ISRG's contractual obligations amid supply chain disruptions.,Footnotes,False,None,5,0.0,0.0,0.0,0.0,0.0,,5,1,3.1421250896528363,,,
c4953791,"FMC Corp Asia, employee dist. as of Dec 31, 2023.",Company overview,True,Multiplication,5,0.0,0.0,0.0,0.0,0.0,,5,1,4.467208054848015,,,
042651a2,GWW's capital allocation liquidity strategy vs repurchase capacity.,Shareholder return,False,None,5,0.0,0.0,0.0,0.0,0.0,,5,1,1.3553330209106207,,,
f222341e,Impact of no performance obligations (GWW) on liquidity mgmt & rev timing.,Accounting,False,None,5,0.0,0.0,0.0,0.0,0.0,,5,1,4.014833946712315,,,
23af3155,DOV Env. liabs. comp. and immat. factors Q4 2023.,Legal,False,None,5,0.0,0.0,0.0,0.0,0.0,,5,1,3.10550001449883,,,
e540fa47,Transaction price allocation for TECH instrument sales.,Accounting,False,None,5,0.2,1.0,0.25,0.43067655807339306,1.0,4,5,1,2.3229579674080014,,,
970b55da,Impact of binding arbitration from Altria's long-term labor agreements on stability & risk mgmt.,Company overview,True,None,5,0.2,1.0,1.0,1.0,1.0,1,5,1,4.659916972741485,,,
56dd93ab,Revenue recognition for Elevance Health (ELV) in pharmacy services employs the gross method for Rx drugs.,Accounting,False,None,5,0.2,1.0,0.5,0.6309297535714575,1.0,2,5,1,4.8009579768404365,,,
78b96a12,"Impact of compensation-funded repurchases on capital allocation, FCF, and shareholder returns at J&J.",Shareholder return,False,None,5,0.0,0.0,0.0,0.0,0.0,,5,1,5.20812498871237,,,
70cbfe86,Impact of LHX's integrated solutions on competitiveness and rev growth vs. peers in the industry.,Company overview,False,None,5,0.0,0.0,0.0,0.0,0.0,,5,1,6.446458050049841,,,
0efabecc,Risk mngmt for Exelon preferred securities vs. authorized amounts of subs. EXC.,Shareholder return,False,None,5,0.2,1.0,1.0,1.0,1.0,1,5,1,3.7730420008301735,,,
366d49d1,% of part-time workforce and flexibility in labor costs for SPG.,Company overview,True,Division,5,0.0,0.0,0.0,0.0,0.0,,5,1,5.91654097661376,,,
b6b4c96b,"Headcount for Nordson Corp on Oct 31, 2024, is to be determined; NDSN.",Company overview,True,Addition,5,0.0,0.0,0.0,0.0,0.0,,5,1,5.8844160521402955,,,
c90859fa,Unionized workforce % and labor cost impact for ETR.,Company overview,True,Division,5,0.0,0.0,0.0,0.0,0.0,,5,1,3.4314999356865883,,,
2ab745be,Sensitivity of liability assumptions for Hologic ASC450.,Legal,False,None,5,0.0,0.0,0.0,0.0,0.0,,5,1,3.100417088717222,,,
174effac,"AMZN's tech & infra investments drive impact on CX, ops, & rev growth.",Governance,False,None,5,0.0,0.0,0.0,0.0,0.0,,5,1,2.15150008443743,,,
4283e6b1,Stable revenue from DRI's cybersecurity risk assessments training.,Risk,False,None,5,0.0,0.0,0.0,0.0,0.0,,5,1,2.1186249796301126,,,
03d190de,Devon Energy: 2023 net earnings reconciliation - co vs NCI components.,Financials,True,Addition,5,0.2,1.0,1.0,1.0,1.0,1,5,1,2.274916972965002,,,
b92dbdfd,Effects on net sales from SG&A shipping/handling & tax exclusions for Colgate-Palmolive (CL).,Accounting,False,None,5,0.0,0.0,0.0,0.0,0.0,,5,1,4.881500033661723,,,
193dd375,Financial impact mgmt rationale for Global Payments legal proceedings.,Legal,False,None,5,0.0,0.0,0.0,0.0,0.0,,5,1,3.287333995103836,,,
62f833cf,Historical comp of share repurchase levels at Pfizer (PFE) alongside their capital return strategy.,Shareholder return,False,None,5,0.0,0.0,0.0,0.0,0.0,,5,1,4.150624969042838,,,
7a46ac1e,Impact of Church & Dwight coupon reserve mthd on P&L & cash flow w/ redemp variances: CHD,Accounting,False,None,5,0.0,0.0,0.0,0.0,0.0,,5,1,3.741457941941917,,,
9c50928e,Impact on net op CF 3yr from DFS credit loss provision.,Footnotes,False,None,5,0.0,0.0,0.0,0.0,0.0,,5,1,3.3489170018583536,,,
ab124c52,Capex for Motorola Solutions (MSI) from 2021 to 2023 shows distinct trends in spending.,Footnotes,False,None,5,0.0,0.0,0.0,0.0,0.0,,5,1,5.709750112146139,,,
c90ad003,TRV 2023 investing cash flow comp. fixed maturities & inv. strategy impl.,Footnotes,False,None,5,0.2,1.0,0.5,0.6309297535714575,1.0,2,5,1,2.3807500256225467,,,
068a1239,WAGE/hour litigation liabilities impact on cash flows from ROST.,Legal,False,None,5,0.4,1.0,0.5,0.6240505200038379,1.0,2,5,2,3.2448749989271164,,,
270dba94,Best Buy's adherence to partial NIST CSF for risk mgt and ticker valuation impact.,Risk,False,None,5,0.0,0.0,0.0,0.0,0.0,,5,1,4.277916974388063,,,
5a879396,Op margin analysis of Nucor Corp for 2022 vs 2023 based on EBT/net sales.,Financials,True,Compositional,5,0.2,1.0,0.2,0.38685280723454163,1.0,5,5,1,6.12891698256135,,,
ba2f8d04,Avg repurchase price & valuation context for KO in 2019; ticker at end.,Shareholder return,False,None,5,0.0,0.0,0.0,0.0,0.0,,5,1,3.9750420255586505,,,
d61150eb,"Insights on MTD's debt strategy, including issuance/maturity of senior notes for 2022-2023, MTD.",Financials,False,None,5,0.0,0.0,0.0,0.0,0.0,,5,1,6.256207940168679,,,
37aeeb81,Trend in repurchase price and valuation signal for PEP in Q4 2023.,Shareholder return,False,None,5,0.0,0.0,0.0,0.0,0.0,,5,1,4.958000034093857,,,
4bfb4218,Litigation reserves structure & historical loss comparisons at Broadridge (BR) Financial Solutions.,Legal,False,None,5,0.2,1.0,1.0,1.0,1.0,1,5,1,2.5647090515121818,,,
30387a6c,Ticker analysis on low pricing and product mix risk/opportunity.,Company overview,False,None,5,0.0,0.0,0.0,0.0,0.0,,5,1,3.498624893836677,,,
7d14b748,CapEx timing for FTNT impacts investing cash flow & long-term growth.,Footnotes,False,None,5,0.0,0.0,0.0,0.0,0.0,,5,2,2.913333009928465,,,
3a06278d,KMI annual rev. comp. recon. by ticker.,Financials,True,Addition,5,0.0,0.0,0.0,0.0,0.0,,5,1,1.4782920479774475,,,
293fb526,"Exec appts at EIX bring strategic risk & financial impact, with ticker EIX in focus.",Governance,False,None,5,0.0,0.0,0.0,0.0,0.0,,5,1,4.394292016513646,,,
55c981be,Financial risk mitigation via 3M's (MMM) cybersecurity framework.,Risk,False,None,5,0.0,0.0,0.0,0.0,0.0,,5,1,1.6377500724047422,,,
ccc6fc7e,"Ameriprise advisor retention comp tech for brand vs competitors in AWM, ticker last.",Company overview,False,None,5,0.0,0.0,0.0,0.0,0.0,,5,1,3.104916075244546,,,
693559e6,CARR 2023 cons. gross margin vs. prev. 2 yrs.,Financials,True,Compositional,5,0.0,0.0,0.0,0.0,0.0,,5,1,1.8357919761911035,,,
afe2b486,Impact on capital allocation from ECL avg comp per emp.,Company overview,True,Compositional,5,0.0,0.0,0.0,0.0,0.0,,5,1,3.1177090713754296,,,
4e96178f,Demographics & turnover of TI provide a competitive edge.,Company overview,True,None,5,0.0,0.0,0.0,0.0,0.0,,5,1,3.3334160689264536,,,
166c0c90,Impact on risk profile and CAPEX rollout from TPR's 4.2% foreign cash position.,Footnotes,False,None,5,0.0,0.0,0.0,0.0,0.0,,5,1,4.281500005163252,,,
80539593,PNT's strategy influences profitability & cost structure compared to peers.,Company overview,False,None,5,0.0,0.0,0.0,0.0,0.0,,5,1,2.6331250555813313,,,
139a0415,"Exec age profile & succession risk for RCL, RCL.",Governance,False,None,5,0.0,0.0,0.0,0.0,0.0,,5,1,1.9846250070258975,,,
ff39d45d,Fastenal's strategic financial mgmt for repurchase auth. involves ticker placements.,Governance,False,None,5,0.0,0.0,0.0,0.0,0.0,,5,1,2.6264579501003027,,,
bfea2332,"Liquidity Cboe Gbl: cash ops, rev credit, financing.",Financials,False,None,5,0.2,1.0,1.0,1.0,1.0,1,5,1,1.2370829936116934,,,
2a453454,"Balance sheet liquidity & debt impact on financing, especially in regard to FICO.",Legal,False,None,5,0.0,0.0,0.0,0.0,0.0,,5,1,4.544958937913179,,,
fb3ffabe,DB amendments liability impact on Campbell Soup.,Footnotes,False,None,5,0.0,0.0,0.0,0.0,0.0,,5,2,1.9094169838353992,,,
7b5cc92f,Impact of cybersecurity oversight at Linde plc on investor confidence & governance.,Risk,False,None,5,0.2,1.0,1.0,1.0,1.0,1,5,1,4.062541993334889,,,
40e47165,implications on strategy and profitability at TER from its dual role.,Governance,False,None,5,0.0,0.0,0.0,0.0,0.0,,5,1,4.390582907944918,,,
bed08c5d,Morgan Stanley's (MS) LC/FG contingent liabilities cash outflow mgmt.,Footnotes,False,None,5,0.0,0.0,0.0,0.0,0.0,,5,1,0.9922080207616091,,,
60ed1ccd,Repurchase breakdown for ELV: % for employee comp vs. strategic buyback.,Shareholder return,False,None,5,0.0,0.0,0.0,0.0,0.0,,5,1,2.0996249513700604,,,
9922335f,NextEra's (NEE) perception among investors regarding the impact of James May Rule 10b5-1 trading on short vs long-term performance.,Governance,False,None,5,0.2,1.0,1.0,1.0,1.0,1,5,1,6.193000008352101,,,
98c53591,Net income diff for Howmet Aerospace (HWM) 2022-23.,Financials,True,Subtract,5,0.2,1.0,1.0,1.0,1.0,1,5,1,3.067958983592689,,,
206cf371,Aug26 appts for JKHY governance's strategic impact.,Governance,False,None,5,0.0,0.0,0.0,0.0,0.0,,5,1,1.9885000074282289,,,
cac04de0,$2.18B repurchase authorization by KLA corp impacts on cap allocation & cash mgmt.,Shareholder return,False,None,5,0.0,0.0,0.0,0.0,0.0,,5,1,3.03912500385195,,,
5dfb36d6,Impact of Assurant litigation settlement criteria on projections and risk mgmt for the ticker.,Legal,False,None,5,0.0,0.0,0.0,0.0,0.0,,5,1,6.184083060361445,,,
04a24da7,Trends in geo rev for Biogen from 2021-2023.,Footnotes,False,None,5,0.0,0.0,0.0,0.0,0.0,,5,1,4.715166985988617,,,
5b1f9d20,KeyCorp's revenue contribution calc for employees.,Company overview,True,Multiplication,5,0.0,0.0,0.0,0.0,0.0,,5,1,2.270708093419671,,,
10e94b61,The impact of Hess Corp (HES) insider trading policy consistency on governance and risk mgt.,Governance,False,None,5,0.0,0.0,0.0,0.0,0.0,,5,1,5.492791999131441,,,
68310ff7,NDN litigation exposure vs peers' impact on comp. positioning & future fin. health.,Legal,False,None,5,0.0,0.0,0.0,0.0,0.0,,5,2,2.424500067718327,,,
b3eaf0ec,Invesco's revenue recognition process under ASC 606 entails evaluating relevant trans. price factors.,Accounting,False,None,5,0.0,0.0,0.0,0.0,0.0,,5,1,2.2570829605683684,,,
b4f70df4,Power dynamics in capital allocation emerge from MSCI Special Meeting Rights.,Governance,False,None,5,0.2,1.0,1.0,1.0,1.0,1,5,1,3.1853329855948687,,,
3c859b69,JPM's competitive strategy focuses on leveraging its strong reputation against digital entrants.,Company overview,False,None,5,0.0,0.0,0.0,0.0,0.0,,5,1,2.777875051833689,,,
001536af,Leadership structure of VLO focuses on operational efficiency & profitability.,Governance,False,None,5,0.0,0.0,0.0,0.0,0.0,,5,1,3.1679170206189156,,,
aaabfd2b,NCLH strikes a balance btwn op mgmt & strategic oversight for top roles.,Governance,False,None,5,0.0,0.0,0.0,0.0,0.0,,5,1,3.0542080057784915,,,
8fc79e38,DHR’s diluted EPS recon vs reported NI.,Financials,True,Multiplication,5,0.0,0.0,0.0,0.0,0.0,,5,1,0.4456250462681055,,,
4f016624,SEAG's underlying risk factors: net income volatility & non-recurring items.,Financials,False,None,5,0.0,0.0,0.0,0.0,0.0,,5,2,2.2387909702956676,,,
13aa1ff1,Veralto Corp's est. methods for return allowances impact rev. recognition.,Accounting,False,None,5,0.0,0.0,0.0,0.0,0.0,,5,1,2.059500082395971,,,
54b8b00a,Earnings impact from wildfire lawsuit liabilities for Edison International (EIX).,Legal,False,None,5,0.2,1.0,0.5,0.6309297535714575,1.0,2,5,1,3.1019171001389623,,,
8673bd8d,"Aptiv's market share, product portfolio vs. key competitors in key segments.",Company overview,False,None,5,0.0,0.0,0.0,0.0,0.0,,5,1,3.072708030231297,,,
dc8e0a5f,Cost of cybersecurity program vs. CTSH risk mitigation benefits & volatility impact.,Risk,False,None,5,0.0,0.0,0.0,0.0,0.0,,5,1,3.4892080584540963,,,
f0222474,"ROP 2023 tax exp gap: EBT vs net earn from cont ops, ticker ROP.",Financials,True,Subtract,5,0.0,0.0,0.0,0.0,0.0,,5,1,2.9026250122115016,,,
17bfabfc,The impact of XYL's cybersecurity protocols on rev & investor confidence is significant.,Risk,False,None,5,0.0,0.0,0.0,0.0,0.0,,5,1,5.197459016926587,,,
8a1a3fea,TRGP's deferred rev impacts WC & CF.,Accounting,False,None,5,0.0,0.0,0.0,0.0,0.0,,5,1,0.34966703969985247,,,
329fe31e,Risk mgmt for legal claims and cap allocation impact for MSFT.,Legal,False,None,5,0.0,0.0,0.0,0.0,0.0,,5,1,3.62716696690768,,,
9881aff7,"Underwriting profitability, pricing, and segmentation of Cincinnati Financial (CINF).",Company overview,False,None,5,0.2,1.0,1.0,1.0,1.0,1,5,1,3.7158329505473375,,,
b1aa5f26,2023 Baxter capex vs historical asset inv. trends.,Footnotes,False,None,5,0.0,0.0,0.0,0.0,0.0,,5,2,1.7413749592378736,,,
f3f755fd,"Impact of Kroger's repurchase on cap allocation & BS is notable, KR.",Shareholder return,False,None,5,0.0,0.0,0.0,0.0,0.0,,5,1,3.988874959759414,,,
c7a8b6b6,FSLR insider ownership stability vs prior yr.,Governance,False,None,5,0.0,0.0,0.0,0.0,0.0,,5,1,0.44545799028128386,,,
4a6a00e4,"Impact on turnover & retention from Cincinnati Financial (CINF) comp benefits from 2021-2023, alongside competitive positioning.",Company overview,True,None,5,0.2,1.0,0.5,0.6309297535714575,1.0,2,5,1,4.47837496176362,,,
1aa4157e,Capex trends of Generac impact on competitiveness & innovation.,Footnotes,False,None,5,0.0,0.0,0.0,0.0,0.0,,5,1,3.256749943830073,,,
d22db642,FSLR’s R&D expensing affects short-term profits & long-term growth.,Accounting,False,None,5,0.0,0.0,0.0,0.0,0.0,,5,1,1.3701668940484524,,,
9bd4cd2a,SW stocks rise in op cash % due to improved ops eff; implications for growth.,Financials,False,None,5,0.0,0.0,0.0,0.0,0.0,,5,1,4.617084050551057,,,
7ae77820,Impact on growth & risk from BAC proxy leadership diversity.,Governance,False,None,5,0.0,0.0,0.0,0.0,0.0,,5,1,2.819958026520908,,,
0c35338d,Peer comp for underwriting margin & lower expenses of Globe Life (ticker).,Company overview,False,None,5,0.2,1.0,1.0,1.0,1.0,1,5,1,3.544999985024333,,,
00058289,"EXPD; leadership oversight over financial mgmt, strategic initiatives, and future growth impact.",Governance,False,None,5,0.0,0.0,0.0,0.0,0.0,,5,1,3.6687919637188315,,,
d667f7e4,Impact on ops & financials from Viatris' divestment in vertical integration.,Governance,False,None,5,0.2,1.0,0.3333333333333333,0.5,1.0,3,5,1,3.5790830152109265,,,
652a4ffa,Status of material litigation for Invitation Homes (INVH).,Legal,False,None,5,0.0,0.0,0.0,0.0,0.0,,5,1,3.2687500352039933,,,
dc315300,"Tech (MCD) faces revenue recognition risks like delayed service, affecting cash flows, while advantages include scalable models & recurring revenue. In contrast, restaurant (MCD) risks revolve around inventory management & local demand fluctuations, yet benefits lie in customer loyalty & brand strength, promoting stable earnings.",Accounting,False,None,5,0.0,0.0,0.0,0.0,0.0,,5,1,5.16341591719538,,,
32ead88e,"T AT&T faces cybersecurity collab, posing legal reputational risks, impacting financials.",Risk,False,None,5,0.2,1.0,1.0,1.0,1.0,1,5,1,1.7741250339895487,,,
b2704549,LH – Governance structure correlation of CEO & CFO roles at Labcorp Holdings Inc.,Governance,False,None,5,0.0,0.0,0.0,0.0,0.0,,5,1,3.25516692828387,,,
d7e94ea9,"Legal risk from Uber could impact its cash flow & liquidity, particularly affecting performance metrics like EBITDA & FCF, UBER.",Legal,False,None,5,0.0,0.0,0.0,0.0,0.0,,5,1,3.4546249080449343,,,
d02dfd6a,BIO: LT debt valuation impact from lower unamortized discounts & issuance costs in 2022-2023.,Financials,False,None,5,0.2,1.0,1.0,1.0,1.0,1,5,1,4.753999994136393,,,
5f8ad7ac,VLO insiders trading indicates stability mgt confidence.,Governance,False,None,5,0.0,0.0,0.0,0.0,0.0,,5,1,0.1806250074878335,,,
6d3e546c,"Union Pacific repurchase breakdown for Q4 2023: employee buybacks vs. open market, TKR in last position.",Shareholder return,False,None,5,0.0,0.0,0.0,0.0,0.0,,5,1,4.3626249535009265,,,
7f33c30a,YUM's cybersecurity program [YUM] and its financial risk impact.,Risk,False,None,5,0.0,0.0,0.0,0.0,0.0,,5,1,3.521542064845562,,,
65b9bec9,"Product innovation, regulatory compliance, and differentiation at STERIS plc vs global & niche peers, TKR:STE.",Company overview,False,None,5,0.0,0.0,0.0,0.0,0.0,,5,1,3.363250056281686,,,
83b77f41,EMEA emerging mkts rev diversification related to MKC leadership transition.,Governance,False,None,5,0.0,0.0,0.0,0.0,0.0,,5,1,2.696916926652193,,,
8a2c5389,ETN's value on environmental liability mitigation impact.,Legal,False,None,5,0.0,0.0,0.0,0.0,0.0,,5,1,2.362083992920816,,,
fecc9c0c,"Impact on 2023 op ex from NSC Eastern Ohio incident vs 2022, ticker at end.",Financials,True,Subtract,5,0.2,1.0,0.5,0.6309297535714575,1.0,2,5,1,4.616374964825809,,,
d56adeab,Liquidity risk tied to callable unfunded commitments from BlackRock.,Footnotes,False,None,5,0.2,1.0,1.0,1.0,1.0,1,5,1,2.9501670505851507,,,
4acabd6e,Timeline for purchase obligations by Altria Group (MO).,Footnotes,False,None,5,0.2,1.0,0.2,0.38685280723454163,1.0,5,5,1,2.948500099591911,,,
c0ed90b7,"Impact of Entergy CFO transition on profitability of financial strategy, ETR.",Governance,False,None,5,0.2,1.0,1.0,1.0,1.0,1,5,1,3.9386660791933537,,,
f13a98ac,"Evolution of NetApp's FCF and capital allocation strategies, NTAP.",Company overview,False,None,5,0.0,0.0,0.0,0.0,0.0,,5,1,3.531334106810391,,,
856464dc,Tech/ops improvements in inv. mgmt. for ROST will enhance capex & cash flow.,Company overview,False,None,5,0.0,0.0,0.0,0.0,0.0,,5,1,3.679624991491437,,,
00aa16a5,CapEx 2022-23 vs adj EBITDA by segment for RSG.,Footnotes,False,None,5,0.0,0.0,0.0,0.0,0.0,,5,1,3.1768749468028545,,,
a93e0fa6,Quanta Services (PWR) impact of offsetting investing cash inflows for 2022-2023.,Footnotes,False,None,5,0.2,1.0,0.3333333333333333,0.5,1.0,3,5,1,5.111332982778549,,,
f2a88368,Kellanova's int. vs ext. talent impacts gov. & risk mgmt.,Governance,False,None,5,0.2,1.0,0.5,0.6309297535714575,1.0,2,5,1,0.6452500820159912,,,
39e943f2,Coterra Energy's rev recognition timing predictability.,Accounting,False,None,5,0.0,0.0,0.0,0.0,0.0,,5,1,0.5385419353842735,,,
97271bc8,TSLA cybersecurity risk mgmt. third-party audit integration.,Risk,False,None,5,0.0,0.0,0.0,0.0,0.0,,5,1,1.3444999931380153,,,
7a874152,"Trend in environmental litigation liability for Corning in 2022-2023 vs future remediation capex, ticker at end.",Legal,False,None,5,0.2,1.0,1.0,1.0,1.0,1,5,1,5.261000012978911,,,
72bc65a5,Recent share repurchase volume and cost for A. O. Smith (AOS).,Shareholder return,False,None,5,0.0,0.0,0.0,0.0,0.0,,5,1,4.549375036731362,,,
4d799ce5,Change in FTE for Fifth Third Bancorp from 2022 to 2023 and its implications on efficiency.,Company overview,True,Subtraction,5,0.2,1.0,0.2,0.38685280723454163,1.0,5,5,1,8.2727080443874,,,
0144bfd6,"Crown Castle's cybersecurity ERM impact on financial risk & reserves, CCI, remains crucial for assessing potential vulnerabilities.",Risk,False,None,5,0.0,0.0,0.0,0.0,0.0,,5,1,3.9963750168681145,,,
71c4a14f,AVB faces legal loss & disclosure litigation risk tied to contingent liabilities.,Legal,False,None,5,0.0,0.0,0.0,0.0,0.0,,5,1,3.0804580310359597,,,
cd085a74,"At Tyler Technologies, Inc. (TYL), how do earnings retention & div restrictions impact reinvestment & growth strategy?",Shareholder return,False,None,5,0.2,1.0,1.0,1.0,1.0,1,5,1,2.589415991678834,,,
14c48d3a,Op income change and profitability trend for FSLR from 2021 to 2023.,Financials,True,Compositional,5,0.0,0.0,0.0,0.0,0.0,,5,1,5.9969170251861215,,,
c99c5196,Impact of UDR's integrated ops vs fragmented competitors.,Company overview,False,None,5,0.0,0.0,0.0,0.0,0.0,,5,1,2.7006249874830246,,,
e94d7fb9,"Net int. exp. % trend, risk, and cost of cap. for Bunge Global SA.",Financials,True,Compositional,5,0.2,1.0,1.0,1.0,1.0,1,5,1,4.932667012326419,,,
2f79205a,FX risk hedging via cross-currency swap collar for Teleflex (TLFX) in a 10% scenario.,Footnotes,False,None,5,0.2,1.0,1.0,1.0,1.0,1,5,1,4.260333953425288,,,
60fe7b40,"CRL execution aligns with strategic rev growth, ticker in last pos.",Governance,False,None,5,0.0,0.0,0.0,0.0,0.0,,5,1,3.0137080466374755,,,
e3104253,Direct op ex % rev trend for LYV 2021-2023 & its impact on margin stability.,Financials,True,Compositional,5,0.0,0.0,0.0,0.0,0.0,,5,1,4.285417031496763,,,
6cd58835,Impact on risk profile & valuation from extra litigation losses for Gen Digital.,Legal,False,None,5,0.0,0.0,0.0,0.0,0.0,,5,1,3.7783330772072077,,,
ee53b2dd,PH. Win strategy & dist. network influence on profitability.,Company overview,False,None,5,0.0,0.0,0.0,0.0,0.0,,5,1,1.861083903349936,,,
e5f24898,"AAL union vs non-union ratio, outcomes of CB, labor risk vs AAL.",Company overview,True,Compositional,5,0.0,0.0,0.0,0.0,0.0,,5,1,2.7757080970332026,,,
a8229be0,"In a 10% uplift scenario for op margin, Quest Diagnostics (DGX) reveals potential growth.",Financials,True,Multiplication,5,0.2,1.0,1.0,1.0,1.0,1,5,1,4.18162508867681,,,
4ec7bfa3,BAX's manufacturing & tech innovations support margin stability.,Company overview,False,None,5,0.0,0.0,0.0,0.0,0.0,,5,1,0.6227500271052122,,,
6a23d43b,Impact of litigation on cash flow & capital allocation liabilities for Fifth Third Bancorp (FITB).,Legal,False,None,5,0.2,1.0,1.0,1.0,1.0,1,5,1,5.182459019124508,,,
25b69bd3,2023 capex for Marsh & McLennan vs historical trends & long-term asset inv. drivers; ticker at the end.,Footnotes,False,None,5,0.2,1.0,0.25,0.43067655807339306,1.0,4,5,1,5.088333040475845,,,
0d550543,WLTW 2023 avg repurchase price vs 12/31 closing.,Shareholder return,False,None,5,0.0,0.0,0.0,0.0,0.0,,5,1,2.6183329755440354,,,
bf7f45c3,"HII analysis of Ingalls segment stability, capex trends, and asset drivers.",Footnotes,False,None,5,0.2,1.0,0.3333333333333333,0.5,1.0,3,5,1,3.6382090765982866,,,
9ef51383,Kell @ 23k emp @ $50k ea; 3% grwth; calc wage exp incr.,Company overview,True,Compositional,5,0.0,0.0,0.0,0.0,0.0,,5,1,0.37354195956140757,,,
73afa3e3,Expeditors' (EXPD) effective net fin. cost ratio 2021-2023.,Financials,True,Compositional,5,0.0,0.0,0.0,0.0,0.0,,5,1,2.6554579380899668,,,
93bde902,"LKQ Corp's strat pillars focus on AI/ML, asset base, ops efficiencies, and growth.",Governance,False,None,5,0.2,0.5,1.0,0.6131471927654584,0.7908668176940503,1,5,2,3.1346670584753156,,,
d7c649b2,BRK.A ins. rev. rec. timing stability in retroactive vs. prospective reinsurance.,Accounting,False,None,5,0.0,0.0,0.0,0.0,0.0,,5,1,2.8846669010818005,,,
2dd33bdf,ADI's rev. stability stems from diverse portfolio & robust cust. svc. drivers.,Company overview,False,None,5,0.0,0.0,0.0,0.0,0.0,,5,1,1.4794160379096866,,,
98b7aadf,"Centene, est. employee count calc. excl. Circle Health.",Company overview,True,Subtract,5,0.2,1.0,0.5,0.6309297535714575,1.0,2,5,1,0.5054170032963157,,,
3437909f,XOM rev rec WC liquidity impact 30-day terms LT receivables.,Accounting,False,None,5,0.0,0.0,0.0,0.0,0.0,,5,1,1.2956659775227308,,,
c042769c,Credit risk mitigation in regions via credit approval policies & collateral requirements for unused credits & letter of credit issuance; ticker in last position.,Footnotes,False,None,5,0.2,1.0,1.0,1.0,1.0,1,5,1,5.091500002890825,,,
8af99720,"CDNS share repurchase drivers include biz, mkt, corp, and reg factors.",Shareholder return,False,None,5,0.0,0.0,0.0,0.0,0.0,,5,1,3.062417032197118,,,
a3ff94bc,Implications for financial health and capital allocation from static Q4 insider trading at Hologic (HOLX).,Governance,False,None,5,0.0,0.0,0.0,0.0,0.0,,5,1,4.934250027872622,,,
421bb206,"Liquidity & cap structure deposits, debt AXP.",Footnotes,False,None,5,0.0,0.0,0.0,0.0,0.0,,5,1,0.7007499225437641,,,
df091115,"AMP 2023 revenue mix breakdown: mgmt/advisory %, dist. %, net inv. inc. %.",Financials,True,Compositional,5,0.0,0.0,0.0,0.0,0.0,,5,1,2.301459084264934,,,
a3f3ff9e,"CME's fixed coupon rates affect int. exp., profitability & market conditions.",Financials,False,None,5,0.0,0.0,0.0,0.0,0.0,,5,1,1.2283329851925373,,,
cec750ad,"Insider ownership wrt WRB, margins & ROE correlation.",Governance,False,None,5,0.0,0.0,0.0,0.0,0.0,,5,1,0.14774990268051624,,,
e8d1315a,"Operational resilience of Eli Lilly: audits, reviews, threat sims & their impact on cash flow/valuation.",Risk,False,None,5,0.0,0.0,0.0,0.0,0.0,,5,1,4.065832938067615,,,
cabc684e,"For PEAK, the contingent rental rev rec process involves analyzing lease contracts to ensure compliance.",Accounting,False,None,5,0.0,0.0,0.0,0.0,0.0,,5,1,4.8223750200122595,,,
868bc5e3,Cybersecurity insurance's impact on PG&E's profitability and risk mngt is worth analyzing.,Risk,False,None,5,0.2,1.0,1.0,1.0,1.0,1,5,1,4.100165911950171,,,
24df0d32,Future payment scheds for COO's operating lease will impact cash flow expenses.,Footnotes,False,None,5,0.0,0.0,0.0,0.0,0.0,,5,1,3.7827499909326434,,,
e58d4f69,"PFG focusing on geo div & int'l growth, PFG.",Governance,False,None,5,0.0,0.0,0.0,0.0,0.0,,5,1,1.6824170015752316,,,
4f15e577,NVR's strat pos vs homebuilders & resale.,Company overview,False,None,5,0.2,0.5,1.0,0.6131471927654584,0.8215987294865008,1,5,2,0.05250005051493645,,,
641b299a,Regular reporting on cybersecurity by XOM boosts investor confidence.,Risk,False,None,5,0.0,0.0,0.0,0.0,0.0,,5,1,2.5755410315468907,,,
f7773a2a,"Impact on csh flow and capex strategy due to PSEG nuclear incident liability, TKR: PSEG.",Legal,False,None,5,0.2,1.0,1.0,1.0,1.0,1,5,1,4.575666040182114,,,
9cd38954,Net inc. & rev. % change from 2021-2023 reflects profitability & cost efficiency for Aon (AON).,Financials,True,Compositional,5,0.2,1.0,0.25,0.43067655807339306,1.0,4,5,1,4.578249994665384,,,
5f7dafff,FAST 2023 operating inc. margin.,Financials,True,Division,5,0.0,0.0,0.0,0.0,0.0,,5,1,2.096208045259118,,,
e2aaac9c,"SWKS seeks to leverage an integrated approach to customer feedback for innovation and market expansion, SWKS.",Company overview,False,None,5,0.2,1.0,1.0,1.0,1.0,1,5,1,5.284541053697467,,,
916b2fff,"Strategic engagement of UHG vs rivals, ticker in last.",Company overview,False,None,5,0.0,0.0,0.0,0.0,0.0,,5,1,3.40195803437382,,,
7e44ed59,"Impact of UDR lease expedient on rev rec timing for residential retail, UDR.",Accounting,False,None,5,0.2,1.0,1.0,1.0,1.0,1,5,1,4.098665900528431,,,
115003b5,EPT revenue growth % increase from 2021 to 2023.,Financials,True,Compositional,5,0.0,0.0,0.0,0.0,0.0,,5,1,4.060792038217187,,,
0fb3237d,What are the annual breakdown and total minimum future obligations from non-cancelable service agreements for GoDaddy Inc. (GDDY)?,Footnotes,False,None,5,0.2,1.0,0.25,0.43067655807339306,1.0,4,5,1,7.180750020779669,,,
128144b8,"Impact of Wynn Resorts' union coverage on cost structure and operational risk, WYN.",Company overview,True,Division,5,0.2,1.0,1.0,1.0,1.0,1,5,1,4.554291954264045,,,
8623f12f,"In 2024, Copart's vehicle sales accounted for a significant percentage of combined revs.",Financials,True,Division,5,0.2,1.0,1.0,1.0,1.0,1,5,1,5.795208038762212,,,
38f7f7d9,ResMed's board role in cyber oversight affects its valuation.,Risk,False,None,5,0.0,0.0,0.0,0.0,0.0,,5,1,2.943583996966481,,,
92cde129,Factors for decline in POOL operating income S&A exp. 2023 vs 2022: POOL.,Footnotes,False,None,5,0.0,0.0,0.0,0.0,0.0,,5,2,6.1217499896883965,,,
7ee512d8,2021-2023 Charter: op margin evolution & profitability factors.,Financials,False,None,5,0.2,0.5,0.2,0.23719771276929622,0.4141483516483517,5,5,2,2.297083963640034,,,
222fbbf7,"The financing structure for the LKQ acquisition is designed to mitigate risk, ensuring that the capital raised supports growth while maintaining liquidity.",Footnotes,False,None,5,0.0,0.0,0.0,0.0,0.0,,5,2,6.463750032708049,,,
36c737d1,"VZ's 2024 capex strategy focuses on advanced networks, new products, and competitive positioning in telecom.",Footnotes,False,None,5,0.0,0.0,0.0,0.0,0.0,,5,2,5.270416964776814,,,
d52f3fef,KM's aggr. tax exp. vs. pre-tax income for 2021-2023.,Financials,True,Addition,5,0.0,0.0,0.0,0.0,0.0,,5,1,3.445000038482249,,,
e85a2a7c,"PulteGroup's competitive positioning and pricing strategy amid a 4% market share, PHM.",Company overview,False,None,5,0.0,0.0,0.0,0.0,0.0,,5,1,4.007291980087757,,,
f71beea9,Capital allocation & financial health: rising retained earnings vs MCK stockholders' deficit.,Financials,False,None,5,0.2,0.5,0.5,0.38685280723454163,0.5430842607313195,2,5,2,2.0722919143736362,,,
a48d1ba3,ASR repurchase impact on VRSK's WARCS and EPS.,Shareholder return,False,None,5,0.2,1.0,1.0,1.0,1.0,1,5,1,3.0908749904483557,,,
3d6bdf2d,"Buybacks/dividends by MAR impact CF, with implications for valuation and growth.",Shareholder return,False,None,5,0.0,0.0,0.0,0.0,0.0,,5,1,4.5115000102669,,,
8768e660,Calculate the op. margin for Estée Lauder (EL) in 2024.,Financials,True,Division,5,0.2,1.0,0.5,0.6309297535714575,1.0,2,5,1,4.343749955296516,,,
ed8467a1,Sentiment among long-tenured investors in BRK Buffett.,Governance,False,None,5,0.2,1.0,0.3333333333333333,0.5,1.0,3,5,1,2.4332499597221613,,,
e602f695,Effectiveness of capital return strategy @ Paramount Global (PG),Shareholder return,False,None,5,0.0,0.0,0.0,0.0,0.0,,5,1,3.10550001449883,,,
0a53bb17,"Impact of Fox Corp ASR Feb23 on share count vs pricing diff initial vs final settlement, FOXA.",Shareholder return,False,None,5,0.2,1.0,0.5,0.6309297535714575,1.0,2,5,1,3.880583099089563,,,
7efc3ef4,"For AMT, current yr capex cat breakdown & $ amounts.",Footnotes,False,None,5,0.0,0.0,0.0,0.0,0.0,,5,1,2.383291022852063,,,
95e8ffed,Verisk Analytics (VRSK) board oversight of risk committee on cybersecurity’s impact on valuation multiples.,Risk,False,None,5,0.0,0.0,0.0,0.0,0.0,,5,1,4.044582950882614,,,
7d794d2f,S&P Global's share repurchase strategy includes 18.7M shares authorized; ticker is SPGI.,Shareholder return,False,None,5,0.2,1.0,1.0,1.0,1.0,1,5,1,3.528208937495947,,,
501de8dd,"MMC 2023 share repurchase volume & cost, MMC.",Shareholder return,False,None,5,0.0,0.0,0.0,0.0,0.0,,5,1,2.225792035460472,,,
8db4e89d,Impact of QRVO FY24 goodwill impairment on op. margin & profitability.,Financials,True,Compositional,5,0.0,0.0,0.0,0.0,0.0,,5,1,3.273166948929429,,,
1896cd9e,"Emerson's diversity policy on human capital and its recognition through external awards reflects its commitment to inclusive practices, EMR.",Company overview,True,None,5,0.0,0.0,0.0,0.0,0.0,,5,1,5.34999999217689,,,
8b8b5e8c,Impact on valuation & earnings outlook from Albemarle indemnification liabilities & legal reserves; ALB.,Legal,False,None,5,0.2,1.0,1.0,1.0,1.0,1,5,1,3.20441706571728,,,
678d17f5,GIS rev rec & accrued liabilities vs YOY trend analysis for ticker.,Accounting,False,None,5,0.0,0.0,0.0,0.0,0.0,,5,1,2.086083055473864,,,
7188513d,Cash strategy for HST & refinancing of 2024 senior notes.,Financials,False,None,5,0.2,1.0,0.3333333333333333,0.5,1.0,3,5,1,4.254208994098008,,,
ee641d07,Impact of FOX's MLB & NASCAR licensing on sports positioning in broadcasting industry.,Footnotes,False,None,5,0.2,1.0,1.0,1.0,1.0,1,5,1,4.212583997286856,,,
9d1c0c42,Bio-Techne Corp segment op income trends: Protein Sci & Dx vs Genomics over 3 FYs.,Footnotes,False,None,5,0.2,1.0,0.5,0.6309297535714575,1.0,2,5,1,1.6070000128820539,,,
bba13757,Roper Technologies (ROP) valuation multiples compared to industry benchmarks in competitive mkts.,Company overview,False,None,5,0.0,0.0,0.0,0.0,0.0,,5,1,3.437582985498011,,,
982bbdf9,"Board diversity, leadership, market volatility, and shareholder value for MRNA.",Governance,False,None,5,0.0,0.0,0.0,0.0,0.0,,5,1,3.773125004954636,,,
696a1bcf,WLTW's current debt surge impacts liquidity & mandatory repayments.,Financials,False,None,5,0.2,1.0,1.0,1.0,1.0,1,5,1,1.0767909698188305,,,
41974b44,"FIS insider ownership dynamics, structured trading plan & competitive positioning.",Governance,False,None,5,0.2,1.0,1.0,1.0,1.0,1,5,1,0.8221659809350967,,,
2b5b984e,"Impact on profitability from interest/non-op expense % of rev for 2024, ORCL.",Financials,True,Compositional,5,0.0,0.0,0.0,0.0,0.0,,5,1,5.612707929685712,,,
9f9bea49,Impact on rev growth & profitability for PTC support & cloud vs license rev in 2024.,Footnotes,False,None,5,0.2,0.5,1.0,0.6131471927654584,0.8198198198198198,1,5,2,4.554916988126934,,,
cd6a0ff3,"Impact of CAO on financial transparency & risk mgmt at Healthpeak Properties, Inc. (PEAK).",Governance,False,None,5,0.0,0.0,0.0,0.0,0.0,,5,1,4.628875060006976,,,
da75e58e,"CapEx drivers for expansion vs R&D for 2023-2025, BMY.",Footnotes,False,None,5,0.0,0.0,0.0,0.0,0.0,,5,1,2.8117920737713575,,,
7c95d380,Risk liquidity of share repurchase methods F5.,Shareholder return,False,None,5,0.0,0.0,0.0,0.0,0.0,,5,1,2.8429580852389336,,,
81f9788d,"Over 3 yrs, EOG’s (EOG) working capital shifts contrasted with its cash mgmt strategy.",Financials,False,None,5,0.2,1.0,0.3333333333333333,0.5,1.0,3,5,1,3.310792031697929,,,
04914952,"Impact on eco cycles & market volatility in BRK.B: forward commitments risk profile in railroad, utilities, energy sectors.",Footnotes,False,None,5,0.2,1.0,0.3333333333333333,0.5,1.0,3,5,1,3.8800420006737113,,,
3df10c71,SRT 2024 non-op exp impact on net margin drop.,Financials,True,Compositional,5,0.0,0.0,0.0,0.0,0.0,,5,1,2.9678340069949627,,,
54768897,"Capex CI YOY 2022-23 & strategic drivers, ticker.",Footnotes,False,None,5,0.0,0.0,0.0,0.0,0.0,,5,1,1.3003749772906303,,,
8a9cbba4,FRT's FTE % and labor risk impact analysis.,Company overview,True,Division,5,0.0,0.0,0.0,0.0,0.0,,5,1,2.6124579599127173,,,
dbc577e8,NVIDIA (NVDA) long-term financial & competitive safeguards amid GPU/CPU/AI competition.,Company overview,False,None,5,0.0,0.0,0.0,0.0,0.0,,5,1,2.076874952763319,,,
f5ba6018,"Buyback scale, cap allocation for fiscal '24 visa.",Shareholder return,False,None,5,0.0,0.0,0.0,0.0,0.0,,5,1,1.9758340204134583,,,
3bd723dd,"Impact of CrowdStrike's subs vs. pro services rev growth on overall rev trends, CRWD.",Footnotes,False,None,5,0.0,0.0,0.0,0.0,0.0,,5,1,3.71691701002419,,,
5fb47282,Impact on rev rec timing from EQIX output method.,Accounting,False,None,5,0.0,0.0,0.0,0.0,0.0,,5,1,2.614709082990885,,,
aec4b618,Impact on capex & dividends due to Packaging Corp of America (PKG) contingent liabilities litigation disclosure.,Legal,False,None,5,0.0,0.0,0.0,0.0,0.0,,5,1,4.8991660587489605,,,
204a3119,CSO VeriSign GC strategic security reg compliance insights.,Governance,False,None,5,0.0,0.0,0.0,0.0,0.0,,5,1,0.7769170915707946,,,
854f925d,Darden's (DRI) franchise rev timing impacts op profitability & competitive position.,Accounting,False,None,5,0.0,0.0,0.0,0.0,0.0,,5,1,0.8957079844549298,,,
77168f4b,SLB's rev rec for long-term construction change orders impacts profitability.,Accounting,False,None,5,0.2,1.0,1.0,1.0,1.0,1,5,1,2.5187089340761304,,,
5ef0b113,"Investors' confidence mechanisms from independent non-exec chairs under APA focus on governance & oversight, enhancing transparency & accountability, while fostering strategic direction as seen in ticker.",Governance,False,None,5,0.0,0.0,0.0,0.0,0.0,,5,1,5.434749997220933,,,
661880c1,GPM 2023 CL vs. historical trends.,Financials,True,Compositional,5,0.0,0.0,0.0,0.0,0.0,,5,1,1.5966250794008374,,,
f5d6f332,Manage age mix and balance impact for execs at FSLR.,Governance,False,None,5,0.0,0.0,0.0,0.0,0.0,,5,1,3.9659999310970306,,,
bb6fd7cb,DCP Midstream (DCP) employee integration efficiency competitiveness at Phillips 66.,Company overview,True,None,5,0.2,1.0,1.0,1.0,1.0,1,5,1,1.4657089486718178,,,
e6b63fd8,"ETSY Q4 workforce counts, pre and post reduction.",Company overview,True,Compositional,5,0.2,1.0,1.0,1.0,1.0,1,5,1,2.3346670204773545,,,
ef2ab0fc,VRSN's remaining amt for share repurchase as of 12/31/23.,Shareholder return,False,None,5,0.0,0.0,0.0,0.0,0.0,,5,1,5.178333958610892,,,
cfac0c27,Midstream P66 faces competitive pressures impacting margin profitability.,Company overview,False,None,5,0.0,0.0,0.0,0.0,0.0,,5,1,0.4593749763444066,,,
1038f2d9,DHI – Revenue recognition vs industry standards highlights competitive position & growth.,Accounting,False,None,5,0.0,0.0,0.0,0.0,0.0,,5,1,1.6836250433698297,,,
1a4cebce,"Cboe's operational stability, governance in cybersecurity, and financial health.",Risk,False,None,5,0.0,0.0,0.0,0.0,0.0,,5,1,3.889417042955756,,,
ba7e2a27,Impacts on margin profitability from revenue recognition in KHC's (Kraft Heinz Co.) shipping & handling.,Accounting,False,None,5,0.0,0.0,0.0,0.0,0.0,,5,1,3.8876249454915524,,,
6bafaeb5,Risk mgmt for incremental share repurchase SYF.,Shareholder return,False,None,5,0.0,0.0,0.0,0.0,0.0,,5,1,2.4137910222634673,,,
4cb61c1d,Impact of Blackstone's fee structure on growth & fin. resilience; ticker at end.,Accounting,False,None,5,0.2,1.0,1.0,1.0,1.0,1,5,1,4.087542067281902,,,
cf136aa0,2024 NI multiplier calc for SJM.,Financials,True,Multiplication,5,0.0,0.0,0.0,0.0,0.0,,5,1,2.198665984906256,,,
6a870590,"Rev drivers for GE HealthCare include Imaging & US pricing, new products, supply chain, and FX.",Footnotes,False,None,5,0.2,0.5,0.2,0.23719771276929622,0.7239153818572965,5,5,2,4.229375044815242,,,
35b5bc58,2023 EPS & share count earnings reconciliation for Kimco Realty (KIM).,Financials,True,Multiplication,5,0.0,0.0,0.0,0.0,0.0,,5,1,3.02341696806252,,,
4f794211,"AVB repurchase timing, pricing, mgmt view on valuation, & mkts cond.",Shareholder return,False,None,5,0.0,0.0,0.0,0.0,0.0,,5,1,1.8114999402314425,,,
9084561e,"ABBV, the impact of AbbVie cybersecurity assessments on risk mgmt and investor confidence.",Risk,False,None,5,0.2,1.0,1.0,1.0,1.0,1,5,1,5.553750088438392,,,
29bb2dcf,Quarterly CIO/CISO oversight on cybersecurity risk boosts investor confidence in LULU.,Governance,False,None,5,0.2,1.0,0.3333333333333333,0.5,1.0,3,5,1,3.362208022736013,,,
f488430a,Impact of margin expansion on the noninterest exp ratio for BAC 2023.,Financials,True,Compositional,5,0.0,0.0,0.0,0.0,0.0,,5,1,5.593582987785339,,,
d9c3d188,"Impacts of INSL headcount growth on innovation, ops efficiency, and competitiveness.",Company overview,True,None,5,0.0,0.0,0.0,0.0,0.0,,5,1,4.054040997289121,,,
a9701e1f,UR's environmental liability risk on cash flow measures.,Legal,False,None,5,0.0,0.0,0.0,0.0,0.0,,5,1,2.514790976420045,,,
746f8720,FY2023 share repurchase count for W. R. Berkley Corp is noted.,Shareholder return,False,None,5,0.0,0.0,0.0,0.0,0.0,,5,1,2.917708014138043,,,
0191b4af,Weyerhaeuser; analyze the impact of timberlands vs corp employee ratio on admin efficiency.,Company overview,True,Compositional,5,0.0,0.0,0.0,0.0,0.0,,5,1,4.256958025507629,,,
5c692b3c,Board oversight on cybersecurity's impact on PNC's valuation & growth.,Risk,False,None,5,0.2,1.0,1.0,1.0,1.0,1,5,1,2.44358298368752,,,
b3e59d78,WTW's One WTW strategy gives a competitive edge in both mature and growth mkts.,Governance,False,None,5,0.2,1.0,1.0,1.0,1.0,1,5,1,4.71616699360311,,,
0cf13966,"NIKE's Note 16 on commitments, contingencies, & litigation risk highlights potential legal exposure.",Legal,False,None,5,0.2,1.0,1.0,1.0,1.0,1,5,1,2.87891598418355,,,
99faf572,Debt segments of ITW with high effective rates impact risk on profitability & cash flow.,Financials,False,None,5,0.0,0.0,0.0,0.0,0.0,,5,1,4.938957979902625,,,
bcd5df8b,Litigation impact on cap allocation & growth investments for NFLX.,Legal,False,None,5,0.0,0.0,0.0,0.0,0.0,,5,1,2.9884999385103583,,,
fe851095,Risk mitigation for MPS variable considerations and the impact on future revenue recognition - ticker.,Accounting,False,None,5,0.0,0.0,0.0,0.0,0.0,,5,1,5.512499948963523,,,
1fc92933,Competitive pressure's impact on growth and valuation is now evident for the ticker.,Company overview,False,None,5,0.0,0.0,0.0,0.0,0.0,,5,1,5.508125061169267,,,
c6b2e65c,Accenture's (ACN) operating cash liquidity & mkt flexibility.,Financials,False,None,5,0.0,0.0,0.0,0.0,0.0,,5,1,1.4038330409675837,,,
59731ec1,"AUM, IVZ, risk mitigation strategies are critical for maintaining investor confidence amid regulatory & litigation challenges.",Legal,False,None,5,0.2,1.0,1.0,1.0,1.0,1,5,1,3.200459061190486,,,
f65a0b60,"Update on insider trading and long-term profitability alignment for CVS Health, CVS.",Governance,False,None,5,0.2,1.0,1.0,1.0,1.0,1,5,1,4.254332976415753,,,
bbb8766a,Cybersecurity risk mgt at Bio-Rad's impact on profit.,Risk,False,None,5,0.0,0.0,0.0,0.0,0.0,,5,1,2.755875000730157,,,
96d813ea,KeyCorp's liquidity and debt maturities.,Financials,False,None,5,0.2,1.0,1.0,1.0,1.0,1,5,1,2.3822919465601444,,,
a6960aa5,LULU's cash equivalents impact liquidity.,Financials,False,None,5,0.0,0.0,0.0,0.0,0.0,,5,2,1.1295409640297294,,,
90f5ff99,"Impact of non-capex cash investing in FMC 2023, ticker at end.",Footnotes,False,None,5,0.2,1.0,0.5,0.6309297535714575,1.0,2,5,1,5.2336250664666295,,,
33b88278,"Aon plc's (AON) 10% productivity boost could significantly enhance rev/emp, operating margins, and key valuation metrics.",Company overview,True,Compositional,5,0.0,0.0,0.0,0.0,0.0,,5,1,3.2827910035848618,,,
9e0cd5de,Scheduled interest obligations vs var. rate impacts on cash flows - VICI.,Footnotes,False,None,5,0.0,0.0,0.0,0.0,0.0,,5,1,2.9459999641403556,,,
2beee3d9,RF's financing cash flow affects liquidity & capital structure risk.,Footnotes,False,None,5,0.0,0.0,0.0,0.0,0.0,,5,1,1.730457996018231,,,
0ecaedfb,Liability impact on revenue recognition profitability is reported by MIC.,Accounting,False,None,5,0.0,0.0,0.0,0.0,0.0,,5,1,3.591999993659556,,,
506e7d1e,Cash flow adjustments in MKTX: equity investments down vs increased acquisition & AFS spending.,Footnotes,False,None,5,0.0,0.0,0.0,0.0,0.0,,5,1,3.2114579807966948,,,
fb93a531,Cash outflow impact on effective tax rate and valuation for DECK tax benefit.,Footnotes,False,None,5,0.0,0.0,0.0,0.0,0.0,,5,1,4.57949994597584,,,
4f40c3cd,Take-Two's revenue allocation for IP license as it relates to ticker TTWO vs. services revenue recognition timing.,Accounting,False,None,5,0.0,0.0,0.0,0.0,0.0,,5,1,4.830625024624169,,,
ba9778a2,Impact of scheduled debt & lease principal payments on URI liquidity.,Footnotes,False,None,5,0.0,0.0,0.0,0.0,0.0,,5,1,3.8525830022990704,,,
beaf185e,2023 inventory turnover ratio analysis for MNST using COGS & avg inventory.,Financials,False,None,5,0.0,0.0,0.0,0.0,0.0,,5,2,2.792290993966162,,,
1785cf99,Nucor's IBR/NJSM rate changes for 2022 vs. 2023 and the potential future int. exp. impact.,Financials,False,None,5,0.2,1.0,1.0,1.0,1.0,1,5,1,6.10537501052022,,,
9f3a8ee6,"HUM net vs op margin, incl. non-op & tax impacts for 2023.",Financials,True,Compositional,5,0.0,0.0,0.0,0.0,0.0,,5,1,3.3880409318953753,,,
de9591c4,Legal defense costs at GoDaddy Inc. impact earnings growth.,Legal,False,None,5,0.0,0.0,0.0,0.0,0.0,,5,1,2.5739590637385845,,,
30244a9b,"Teradyne's capital allocation & value creation strat, T0, focuses on optimizing investments.",Governance,False,None,5,0.0,0.0,0.0,0.0,0.0,,5,1,2.464874996803701,,,
9629bc4b,"Trends in debt, liquidity, cap structure, and dividends for EXR financing.",Footnotes,False,None,5,0.0,0.0,0.0,0.0,0.0,,5,1,4.388250061310828,,,
070a12e3,Analyzing 2023 op margin expenses for Rollins Inc shows significant control measures in place.,Financials,True,Compositional,5,0.2,1.0,0.5,0.6309297535714575,1.0,2,5,1,4.490832914598286,,,
21ede3ba,Xylem's rev rec methods for LT constr. contracts affect profit & cash flow (cost vs shipment) for ticker XYL.,Accounting,False,None,5,0.0,0.0,0.0,0.0,0.0,,5,1,2.8957920148968697,,,
ecf39d7f,DRI repurchase adjustments impact OS reduction at Darden Restaurants.,Shareholder return,False,None,5,0.0,0.0,0.0,0.0,0.0,,5,1,1.6705419402569532,,,
5e536f91,Liquidity & refinancing risk for American Airlines (AAL).,Financials,False,None,5,0.0,0.0,0.0,0.0,0.0,,5,2,1.9563749665394425,,,
bc5de831,Litigation impact on costs & rev for ADM.,Legal,False,None,5,0.2,1.0,1.0,1.0,1.0,1,5,1,3.107332973740995,,,
9aaf2bc7,"Risk mgmt, board composition, & governance at Masco are key factors to consider for investors, symbol: MAS.",Governance,False,None,5,0.0,0.0,0.0,0.0,0.0,,5,1,5.041041993536055,,,
e2c0eb6b,"Adobe's multi-seg strat focuses on competitive positioning, balancing large mkt players vs. niche ops, ADBE.",Company overview,False,None,5,0.2,1.0,0.5,0.6309297535714575,1.0,2,5,1,1.918500056490302,,,
2bb1d4c4,Impact of EA leadership on fin. perf. amid mkt trends and EA ticker performance.,Governance,False,None,5,0.0,0.0,0.0,0.0,0.0,,5,1,4.419667064212263,,,
2accb5f6,"Op margin for XEL in 2023, '22, and '21.",Financials,True,Compositional,5,0.0,0.0,0.0,0.0,0.0,,5,1,4.7386669320985675,,,
79f79739,Impact of 2023 acquisitions vs historical strategy on HSY's cash investing.,Footnotes,False,None,5,0.0,0.0,0.0,0.0,0.0,,5,1,4.5643330086022615,,,
dcc181a5,2022-23 liquidity cash/AR change @ TROW & short-term strength.,Financials,False,None,5,0.0,0.0,0.0,0.0,0.0,,5,1,2.2450409596785903,,,
af2fa2d6,Global experience in int'l growth for WLTW board & exec.,Governance,False,None,5,0.0,0.0,0.0,0.0,0.0,,5,2,3.9593330584466457,,,
ed3108b3,"Revenue assumptions, VRTX growth risks, changes in payor mix, sales volumes.",Accounting,False,None,5,0.2,1.0,1.0,1.0,1.0,1,5,1,3.0042920261621475,,,
9e4f3f67,KeyCorp: impact of loans held-for-sale performance on investing CFs & asset disposition strategy?,Footnotes,False,None,5,0.2,1.0,0.25,0.43067655807339306,1.0,4,5,1,4.833666956983507,,,
f18f5024,FY24 FRC Investment Mgt Fees rev %.,Financials,True,Division,5,0.0,0.0,0.0,0.0,0.0,,5,1,0.5417079664766788,,,
a2ca02f5,"Governance, oversight, and risk mitigation policies for XEL.",Governance,False,None,5,0.0,0.0,0.0,0.0,0.0,,5,1,3.508750000037253,,,
3bda7188,Dual rev. rec. consistency measures for Loews.,Accounting,False,None,5,0.0,0.0,0.0,0.0,0.0,,5,1,1.688916003331542,,,
ad333ca4,NVR's strategies for managing senior note obligations effectively.,Footnotes,False,None,5,0.2,1.0,1.0,1.0,1.0,1,5,1,2.5386670604348183,,,
cf2c6ee1,CZR's current yr agg. op. expense calc.,Financials,True,Addition,5,0.0,0.0,0.0,0.0,0.0,,5,1,0.8935000514611602,,,
cbc2d248,MPC's capital allocation in cybersecurity enhances growth & profitability.,Risk,False,None,5,0.0,0.0,0.0,0.0,0.0,,5,1,2.616249956190586,,,
2762ce53,Bio-Techne - US vs Int'l headcount % diff.,Company overview,True,Compositional,5,0.2,1.0,0.2,0.38685280723454163,1.0,5,5,1,0.6160839693620801,,,
d57c390a,"Timing implications for governance strategy, particularly for Copart's unified board approvals.",Governance,False,None,5,0.0,0.0,0.0,0.0,0.0,,5,1,2.5317081017419696,,,
95a8281e,TDY – Impact of key officer signing on internal controls & valuation in Teledyne Technologies.,Governance,False,None,5,0.0,0.0,0.0,0.0,0.0,,5,1,4.8117919359356165,,,
c3f34efa,"Share repurchase program for Prologis in 2021, 2022, 2023 - PLD.",Shareholder return,False,None,5,0.2,1.0,1.0,1.0,1.0,1,5,1,5.224958993494511,,,
a012c83d,Operating margin trends for Chipotle (CMG) from 2021 to 2023.,Financials,True,Compositional,5,0.2,1.0,0.5,0.6309297535714575,1.0,2,5,1,5.06029196549207,,,
20cfaac9,Fin. sustainability impact of Nucor leadership promos NUC.,Governance,False,None,5,0.2,1.0,1.0,1.0,1.0,1,5,1,2.5645000860095024,,,
10d6f768,"The debt structure of 3M, with fixed vs floating rates, influences interest rate risk.",Financials,False,None,5,0.2,1.0,0.5,0.6309297535714575,1.0,2,5,1,4.9692499451339245,,,
aa055b2a,FY24 share repurchase vol. for LRCX and avg price.,Shareholder return,False,None,5,0.0,0.0,0.0,0.0,0.0,,5,1,3.686708048917353,,,
7843fa28,"Uncertainty in NVIDIA litigation may impact growth valuation significantly, NVDA.",Legal,False,None,5,0.2,1.0,1.0,1.0,1.0,1,5,1,2.9384579975157976,,,
b9d5a3e0,2023 operating income and profitability impact for INVH.,Financials,True,Subtract,5,0.0,0.0,0.0,0.0,0.0,,5,1,4.533416009508073,,,
1f342ead,"Headcount breakdown by TAP union for Americas vs EMEA/APAC, with ticker at the end.",Company overview,True,Compositional,5,0.2,1.0,0.2,0.38685280723454163,1.0,5,5,1,4.941583960317075,,,
e5cf3a2c,EPS impact from decline in basic shares from 2021-2023 for Globe Life Inc. (GL,Financials,True,Compositional,5,0.0,0.0,0.0,0.0,0.0,,5,1,5.416291998699307,,,
d0187de1,NDSN exec diversity & appt dates impact on strategy at Nordson Corporation.,Governance,False,None,5,0.0,0.0,0.0,0.0,0.0,,5,1,2.895458019338548,,,
793f1dfe,"Amid global uncertainty, eBay's liquidity mgmt. over the next 12m.",Footnotes,False,None,5,0.2,1.0,0.25,0.43067655807339306,1.0,4,5,1,2.6770419208332896,,,
9b500b36,"Avg volunteer hrs/project for employee engagement, ticker at end.",Company overview,True,Compositional,5,0.0,0.0,0.0,0.0,0.0,,5,1,2.695708069950342,,,
1be43bbc,"Exelon's key exec experience influences its competitive positioning & profitability, EXC.",Governance,False,None,5,0.0,0.0,0.0,0.0,0.0,,5,1,1.4690420357510448,,,
70e1e885,"HON focuses on IoT & automation, offering strong growth vs. NG, known for reliability in energy. SIE combines tech & efficiency with a global reach, while MMM leverages innovation but faces market saturation.",Company overview,False,None,5,0.0,0.0,0.0,0.0,0.0,,5,1,6.283542024902999,,,
2c608237,Profitability valuation EQR under COSO controls.,Governance,False,None,5,0.2,1.0,1.0,1.0,1.0,1,5,1,1.0285419411957264,,,
ae7c3efc,Net profit margin calc & hist for KKR in 2023.,Financials,True,Compositional,5,0.0,0.0,0.0,0.0,0.0,,5,1,3.9768749848008156,,,
8c14d336,WST's global mfg risk mitigation in CMP.,Company overview,False,None,5,0.0,0.0,0.0,0.0,0.0,,5,1,2.507291967049241,,,
dc0079f1,"Ticker analysis: STERIS litigation effects on risk profile, competitive positioning & market valuation.",Legal,False,None,5,0.0,0.0,0.0,0.0,0.0,,5,1,2.566209062933922,,,
fed2d0d5,"The impact of WRB’s financing activities on liquidity & financial flexibility is crucial, especially when considering the ticker.",Footnotes,False,None,5,0.0,0.0,0.0,0.0,0.0,,5,1,6.047041970305145,,,
7cb2e182,"Impact of AIG's cyber sec abs on comp positioning & financing costs, AIG.",Risk,False,None,5,0.2,1.0,1.0,1.0,1.0,1,5,1,3.811917034909129,,,
c4f5f183,"Impairments & restructuring at IDEX Corp show decline in 2022 vs 2023, IEX.",Financials,True,Subtract,5,0.2,1.0,1.0,1.0,1.0,1,5,1,3.97574994713068,,,
329ae404,Diff in CoStar Group's basic EPS 2023 vs 2022.,Financials,True,Subtract,5,0.0,0.0,0.0,0.0,0.0,,5,1,3.557833028025925,,,
ec12bb98,CTVA lawsuits impact on cash flow & capex.,Legal,False,None,5,0.0,0.0,0.0,0.0,0.0,,5,1,2.270165947265923,,,
2cbf5c91,TXT; execs in dual roles raise governance concerns affecting the co.'s strategy.,Governance,False,None,5,0.0,0.0,0.0,0.0,0.0,,5,1,3.635499975644052,,,
9c496b06,Financial impact of UBER's lease obligations at Mission Bay.,Footnotes,False,None,5,0.2,1.0,0.5,0.6309297535714575,1.0,2,5,1,3.87954106554389,,,
03d0b73d,"Zoetis industry trends, capex, NPD, & future growth.",Company overview,False,None,5,0.0,0.0,0.0,0.0,0.0,,5,1,1.0784580372273922,,,
5a9eedd1,"Exec roles, strategy insights, and age range of TSN board.",Governance,False,None,5,0.0,0.0,0.0,0.0,0.0,,5,1,4.0010829688981175,,,
88af78c1,FISV legal disclosures support inv. confidence in capital allocation for long-term growth.,Legal,False,None,5,0.0,0.0,0.0,0.0,0.0,,5,1,4.218791960738599,,,
651cea32,"COT’s competitive edge lies in its concentrated acreage and integrated midstream ops vs. large peers, COT.",Company overview,False,None,5,0.2,1.0,1.0,1.0,1.0,1,5,1,3.736291895620525,,,
c49b410a,"For Essex Property Trust (ESS), confidence in share repurchase valuation remains strong, coupled with a positive growth perspective ahead.",Shareholder return,False,None,5,0.0,0.0,0.0,0.0,0.0,,5,1,5.242333980277181,,,
4f87e24c,"Risk from long-term contracts at Copart and revenue impact due to competitive pressures, CPRT.",Company overview,False,None,5,0.0,0.0,0.0,0.0,0.0,,5,1,5.721374996937811,,,
eb1b6c28,YoY trends for effective tax rate of LDOS.,Financials,True,Compositional,5,0.0,0.0,0.0,0.0,0.0,,5,1,3.389582969248295,,,
3f515fba,"Impact of KMB's cybersecurity risk integration in ERM on financial stability & shareholder value, KMB.",Risk,False,None,5,0.0,0.0,0.0,0.0,0.0,,5,1,5.3378340089693666,,,
5d6d992b,Insider ownership changes for FICO disclosed over the past year.,Governance,False,None,5,0.0,0.0,0.0,0.0,0.0,,5,1,3.8543749833479524,,,
284b65ff,Calc gross profit for Gen Digital FY23 (net rev vs cost rev) using ticker at end.,Financials,True,Subtract,5,0.2,1.0,1.0,1.0,1.0,1,5,1,3.442291053943336,,,
10811087,"PG&E's working cap mgmt includes reg balances, receivables, accrued unbilled rev, and cash flow stability for better PCG.",Financials,False,None,5,0.2,0.5,1.0,0.6131471927654584,0.5601700457815566,1,5,2,3.995792008936405,,,
a54ec12d,"Quant breakdown of net sales vs. employee dist by geo alignment, AVY.",Company overview,True,Compositional,5,0.0,0.0,0.0,0.0,0.0,,5,1,3.65574995521456,,,
d5088ef8,CBA expirations at NEE pose labor cost risk & impact operational flexibility.,Company overview,True,None,5,0.0,0.0,0.0,0.0,0.0,,5,1,2.1410840563476086,,,
71cc2613,"CAGR for Duke Energy's operating rev from 2021 to 2023 shows a positive trend, DUK.",Financials,True,Compositional,5,0.2,1.0,1.0,1.0,1.0,1,5,1,5.929999984800816,,,
d75715e3,FY22-24 share repurchase vol. for MCHP and cash analysis.,Shareholder return,False,None,5,0.0,0.0,0.0,0.0,0.0,,5,1,3.915291978046298,,,
ad3f06e1,The impact of leadership diversity at Dayforce Inc. on talent retention and competitive positioning.,Company overview,True,None,5,0.0,0.0,0.0,0.0,0.0,,5,1,5.902417004108429,,,
6066dbfc,Key drivers of rev growth & outlook for INTU.,Footnotes,False,None,5,0.0,0.0,0.0,0.0,0.0,,5,1,3.150042030028999,,,
ba364fca,2022-2023 trends in cash & short-term investments reflect ServiceNow's liquidity evolution.,Financials,False,None,5,0.2,1.0,0.5,0.6309297535714575,1.0,2,5,1,4.413833958096802,,,
ac818c3a,"CI exec track records: operational mgmt, ticker, and long-term value in HC.",Governance,False,None,5,0.0,0.0,0.0,0.0,0.0,,5,1,3.918624948710203,,,
11f0e3fd,Charles River Labs (CRL) cybersecurity capex effects on cash flow & investor comms.,Risk,False,None,5,0.2,1.0,1.0,1.0,1.0,1,5,1,2.2808749927207828,,,
d858aeec,Earnings leverage risk mgmt for Expedia Group's (EXPE) long-term debt in 2022-2023.,Financials,False,None,5,0.0,0.0,0.0,0.0,0.0,,5,1,5.336791044101119,,,
9111cbaa,Dec30'23 vs Dec31'22 abs % change in LT debt for TSCO.,Financials,False,None,5,0.0,0.0,0.0,0.0,0.0,,5,1,3.376042004674673,,,
8a0ccdfd,"EBAY's board leadership diversity influences capital allocation, profitability, and growth.",Governance,False,None,5,0.0,0.0,0.0,0.0,0.0,,5,1,2.9583749128505588,,,
dd63e447,DHI competition effects on mkt share & valuation.,Company overview,False,None,5,0.0,0.0,0.0,0.0,0.0,,5,1,2.1393749630078673,,,
55a72d3b,Merchandising rev rec at ADM vs. transpo vs. derivatives.,Accounting,False,None,5,0.0,0.0,0.0,0.0,0.0,,5,1,1.1431659804657102,,,
6d77ade9,Vesting transactions of GD RS affect equity dilution vs concentration.,Shareholder return,False,None,5,0.0,0.0,0.0,0.0,0.0,,5,1,2.7397499652579427,,,
2569235d,ISRG repurchase auth outlook on excise tax risks.,Shareholder return,False,None,5,0.0,0.0,0.0,0.0,0.0,,5,1,2.000124892219901,,,
16251dba,Recurring revenue stability for EQIX in colocation & interconnection mix.,Company overview,False,None,5,0.2,1.0,0.5,0.6309297535714575,1.0,2,5,1,3.003000048920512,,,
217c0933,FY22-24 profitability trends for GIS cumulative net earnings.,Financials,True,Addition,5,0.0,0.0,0.0,0.0,0.0,,5,1,2.5090830167755485,,,
6822b3a9,2023 vs 2022: AAL operating exp. vs rev. gap.,Financials,True,Subtract,5,0.0,0.0,0.0,0.0,0.0,,5,1,2.474959008395672,,,
d8e20d15,FR human capital risk retention – DEI strategy amid tickers.,Company overview,True,None,5,0.0,0.0,0.0,0.0,0.0,,5,1,1.4327500248327851,,,
f5fc8371,Labor cost predictability for Sempra (SRE) CB ratio.,Company overview,True,Compositional,5,0.0,0.0,0.0,0.0,0.0,,5,1,2.08745792042464,,,
7426607b,Redeem provisions L3Harris (LHX) cap allocation risk profile.,Financials,False,None,5,0.0,0.0,0.0,0.0,0.0,,5,1,0.6714999908581376,,,
deab856c,V - Impact of U.S. vs VE litigation on balance sheet & equity in Visa.,Legal,False,None,5,0.2,1.0,1.0,1.0,1.0,1,5,1,5.243958090431988,,,
f7672a09,"The INVH acquisition's impact on rev, profitability, and asset expansion strategy is critical for investor insights.",Financials,False,None,5,0.0,0.0,0.0,0.0,0.0,,5,1,6.059290957637131,,,
8dc5ccdd,Op margin trend for XEL from 2021 to 2023.,Financials,False,Compositional,5,0.0,0.0,0.0,0.0,0.0,,5,2,4.714249982498586,,,
f4f53a88,"Financial risk mitigation of Alliant Energy's cybersecurity program, LNT.",Risk,False,None,5,0.0,0.0,0.0,0.0,0.0,,5,1,3.58775001950562,,,
8678b3b2,BMY 2023 gross margin vs. historical trends.,Financials,True,Compositional,5,0.0,0.0,0.0,0.0,0.0,,5,1,1.7645000480115414,,,
fe8fb3d7,non-US emp ratio & intl growth potential for MDLZ.,Company overview,True,Division,5,0.0,0.0,0.0,0.0,0.0,,5,1,2.342499908991158,,,
62016b73,Impact on data security & competitive positioning from ADP TPRM.,Risk,False,None,5,0.2,1.0,1.0,1.0,1.0,1,5,1,3.0546659836545587,,,
cb8b60ac,Impact of generational leadership mix on succession planning and growth – ABBV.,Governance,False,None,5,0.0,0.0,0.0,0.0,0.0,,5,1,4.246250027790666,,,
a58317d8,Risks associated with MTD's repurchase program funding and impact on capital structure.,Shareholder return,False,None,5,0.0,0.0,0.0,0.0,0.0,,5,1,4.823333001695573,,,
db514e85,Impact on rev recognition timing & fin metrics due to KLAC SSP allocation changes?,Accounting,False,None,5,0.2,1.0,1.0,1.0,1.0,1,5,1,3.5895410692319274,,,
3ad0c191,Rev rec timing by region affects rev growth volatility.,Accounting,False,None,5,0.0,0.0,0.0,0.0,0.0,,5,1,1.5703750541433692,,,
8226fe1d,"The impact of a single segment structure on cash flow, profitability, and investment decisions for SWKS.",Footnotes,False,None,5,0.0,0.0,0.0,0.0,0.0,,5,1,7.315666065551341,,,
4967917b,"How do cybersecurity controls, audits, and board oversight at AKAM reduce growth & competitive risks? AKAM.",Risk,False,None,5,0.0,0.0,0.0,0.0,0.0,,5,1,3.8404579972848296,,,
38c12d85,"SJM, the corporate culture at J.M. Smucker influences its competitive positioning and risk management strategies.",Company overview,True,None,5,0.0,0.0,0.0,0.0,0.0,,5,1,4.864624934270978,,,
642d3af4,Impacts of LOC & surety bond liquidity and flexibility for Roper (ROP).,Legal,False,None,5,0.2,1.0,1.0,1.0,1.0,1,5,1,4.053208976984024,,,
af24ce96,Impact of global sales channels on op margins and competitive positioning in life sciences for Bio-Techne (TECH).,Company overview,False,None,5,0.2,1.0,1.0,1.0,1.0,1,5,1,6.6689589293673635,,,
d4a0fd30,Analysis of AO Smith Corp's NPM from 2021-2023.,Financials,True,Compositional,5,0.0,0.0,0.0,0.0,0.0,,5,1,4.052500007674098,,,
0ae7ad85,FTE comp. % for AFL Japan.,Company overview,True,Division,5,0.0,0.0,0.0,0.0,0.0,,5,1,1.6150829615071416,,,
d4d17284,Impact on profitability from Expeditors' cybersecurity & digital infra margin.,Risk,False,None,5,0.2,1.0,0.5,0.6309297535714575,1.0,2,5,1,2.672040951438248,,,
a71c9a61,HCA's effective tax rate for 2023 vs historical data.,Financials,True,Compositional,5,0.2,1.0,1.0,1.0,1.0,1,5,1,3.26170795597136,,,
eb7e7303,"Tax benefits & penalties impact on cash flows, ticker resolution timeline.",Footnotes,False,None,5,0.0,0.0,0.0,0.0,0.0,,5,1,2.827625023201108,,,
c9276b6c,"Risk factors for capex in LW include market volatility, regulatory changes, project delays, and supply chain disruptions. Mitigation strategies consist of thorough risk assessments, contingency planning, diversified sourcing, and proactive stakeholder engagement.",Footnotes,False,None,5,0.0,0.0,0.0,0.0,0.0,,5,1,6.846291944384575,,,
638d9101,Impact of emerging tech & human capital on operational risk and long-term stability at PepsiCo (PEP).,Company overview,True,None,5,0.2,1.0,1.0,1.0,1.0,1,5,1,5.739790969528258,,,
87c1385f,"Implications for leadership stability can be analyzed through MS management committee vs tenure ratio, indicating how these factors affect org structure.",Company overview,True,Compositional,5,0.0,0.0,0.0,0.0,0.0,,5,1,4.514708067290485,,,
d1584245,REGN forecasts collab rev to rise 5% from $5.503B.,Financials,True,Multiplication,5,0.0,0.0,0.0,0.0,0.0,,5,1,2.8597089694812894,,,
3f37e4b0,Impact on capital allocation and EPS from BXP's $0.01 repurchase.,Shareholder return,False,None,5,0.2,1.0,1.0,1.0,1.0,1,5,1,4.09720791503787,,,
556c3b8f,SG&A projection for 3M with a 1.20 multiplier.,Financials,True,Multiplication,5,0.2,1.0,0.25,0.43067655807339306,1.0,4,5,1,3.30700003542006,,,
7fc05241,"RSG, competitive pressure impacting growth & mkt expansion.",Company overview,False,None,5,0.0,0.0,0.0,0.0,0.0,,5,1,0.5620419979095459,,,
8a30c01c,Valero (VLO) Q4 2023 share repurchase count & avg cost.,Shareholder return,False,None,5,0.0,0.0,0.0,0.0,0.0,,5,1,2.157582901418209,,,
8f6a1ae6,M: overall vs subsidiary/parent breakdown of WRB employee productivity contribution factor.,Company overview,True,Multiplication,5,0.0,0.0,0.0,0.0,0.0,,5,1,2.669124980457127,,,
9315c597,APTV – Consistency in operating lease vs production & risk mitigation.,Footnotes,False,None,5,0.0,0.0,0.0,0.0,0.0,,5,1,2.7249580016359687,,,
edfdc7a2,Fortinet's integrated mktg strategy for customer acquisition (FTNT) targets long-term growth.,Company overview,False,None,5,0.0,0.0,0.0,0.0,0.0,,5,1,3.049875027500093,,,
681cc37b,VRSN's rev growth impact from reg term sensitivity.,Accounting,False,None,5,0.0,0.0,0.0,0.0,0.0,,5,1,1.9097080221399665,,,
19ac02d4,Impact of cybersecurity oversight liability for Merck (MRK).,Risk,False,None,5,0.0,0.0,0.0,0.0,0.0,,5,1,3.528250032104552,,,
215dd8b4,Mgmt outlook on insider trading at Visa.,Governance,False,None,5,0.0,0.0,0.0,0.0,0.0,,5,1,2.2162500536069274,,,
018ff1c9,Impact on cash flow & deferred rev from increase in DG gift card liab; ticker at end.,Accounting,False,None,5,0.0,0.0,0.0,0.0,0.0,,5,1,4.865791066549718,,,
ba1a0849,Analysis of effective tax rate strategy for BDX.,Financials,True,Compositional,5,0.0,0.0,0.0,0.0,0.0,,5,1,3.7017089780420065,,,
78ec6f1f,FTE count for VICI Properties as of 12/31/2023.,Company overview,True,Addition,5,0.2,1.0,0.2,0.38685280723454163,1.0,5,5,1,5.168040981516242,,,
1ecb9c9c,GoDaddy's board composition emphasizes operational focus & risk mgmt; GDDY.,Governance,False,None,5,0.0,0.0,0.0,0.0,0.0,,5,1,1.1732090497389436,,,
78168ac6,Impact on consolidated GP & margins 2022-2024 by WD Flash vs HDD.,Footnotes,False,None,5,0.2,1.0,1.0,1.0,1.0,1,5,1,3.987208940088749,,,
e5d056f6,R&E expense x1.2 and margin impact for Schlumberger Limited (SLB),Financials,True,Multiplication,5,0.2,1.0,1.0,1.0,1.0,1,5,1,3.5769579699262977,,,
28577d4f,"Impact on cash flow & liquidity from PSA construction commitments, PSA.",Footnotes,False,None,5,0.0,0.0,0.0,0.0,0.0,,5,1,3.095166990533471,,,
40bd06cf,Impact of Verisk's board expertise on long-term growth & stability.,Governance,False,None,5,0.0,0.0,0.0,0.0,0.0,,5,1,4.139832919463515,,,
b3007af0,MDLZ – Impact of snack & brand autonomy investments on 2023 net earnings.,Governance,False,None,5,0.2,0.5,1.0,0.6131471927654584,0.22325064790818216,1,5,2,4.477959009818733,,,
d3a80444,Impact of revenue recognition for PPG during high shipment volumes.,Accounting,False,None,5,0.0,0.0,0.0,0.0,0.0,,5,1,3.9369160076603293,,,
9075313f,Ship-and-bill control transfer indicators from Snap-on SNA.,Accounting,False,None,5,0.2,1.0,1.0,1.0,1.0,1,5,1,3.60962504055351,,,
6fc6d617,2023 combined rev reconciliation for Hilton Worldwide Holdings Inc. (HLT).,Financials,True,Addition,5,0.2,1.0,1.0,1.0,1.0,1,5,1,2.9464999679476023,,,
c7efd5b0,"Impact on valuation risk from Genuine Parts liability estimate uncertainty is significant, GPC.",Legal,False,None,5,0.2,1.0,0.3333333333333333,0.5,1.0,3,5,1,3.7872499087825418,,,
8fd9b081,"Net sales & COGS for Ecolab from 2021-2023 have significantly impacted op. income & efficiency, ECL.",Financials,True,Compositional,5,0.2,1.0,1.0,1.0,1.0,1,5,1,5.141666973941028,,,
92a58726,Trend of IP's current ratio liquidity for 2022-2023.,Financials,False,None,5,0.0,0.0,0.0,0.0,0.0,,5,2,4.621332976967096,,,
496bc106,NXP's (NXPI) CFO/CSO exec background influences profitability & cash flow.,Governance,False,None,5,0.0,0.0,0.0,0.0,0.0,,5,1,0.7902499055489898,,,
f337f81f,"Effects of Molson Coors’ repurchase program on capital structure & valuation, TKR: TAP.",Shareholder return,False,None,5,0.2,1.0,0.2,0.38685280723454163,1.0,5,5,1,3.6570000229403377,,,
c96fb11a,NIM drivers for PNC: impact of interest-earning assets vs funding costs.,Financials,False,None,5,0.2,0.5,0.3333333333333333,0.3065735963827292,0.590185330200992,3,5,2,4.118249984458089,,,
b502d1a5,Workforce % of MMC Consulting.,Company overview,True,Multiplication,5,0.2,1.0,1.0,1.0,1.0,1,5,1,2.2138330386951566,,,
ce026622,"Capex strategy for Viatris vs. past trends, VTRS.",Footnotes,False,None,5,0.0,0.0,0.0,0.0,0.0,,5,1,1.975625054910779,,,
89cf9146,Pinnacle West's (PNW) rev recognition emphasizes sustainability for a lasting impact.,Accounting,False,None,5,0.0,0.0,0.0,0.0,0.0,,5,1,2.81804206315428,,,
d5a95dc3,Exec tenure stability at ADSK is crucial for competitive positioning & sustainable growth.,Governance,False,None,5,0.0,0.0,0.0,0.0,0.0,,5,1,3.2560830004513264,,,
5d6b7bf0,Differences in revenue recognition btwn Materials & Solutions segments can have significant profitability implications for AVY.,Accounting,False,None,5,0.2,1.0,1.0,1.0,1.0,1,5,1,4.4984170235693455,,,
9fc739e4,Impact of BEN's unfunded commitments exclusion on trans. & fin. health.,Footnotes,False,None,5,0.0,0.0,0.0,0.0,0.0,,5,1,3.34245793055743,,,
7ce3c809,Cap allocation for Textron's env. liabilities and its impact on long-term planning; $TXT.,Footnotes,False,None,5,0.0,0.0,0.0,0.0,0.0,,5,1,4.950625007040799,,,
13e62354,Ticker Wynn: 2023 rev. seg. & YoY growth.,Footnotes,False,None,5,0.4,1.0,0.3333333333333333,0.5706417189553201,1.0,3,5,2,1.5186669770628214,,,
b56880c7,"Control transfer timing, shipping terms, and carrier, global.",Accounting,False,None,5,0.0,0.0,0.0,0.0,0.0,,5,1,2.7489580679684877,,,
2af21ee3,Consol. + unconsol. income sum for McCormick this yr.,Financials,True,Addition,5,0.0,0.0,0.0,0.0,0.0,,5,1,2.32224992942065,,,
8fd8eead,The impact of SPG (SPG) cybersecurity training and third-party risk management on valuation.,Risk,False,None,5,0.0,0.0,0.0,0.0,0.0,,5,1,6.12575002014637,,,
86cd0919,Align Tech's governance impact on long-term value for shareholders can be analyzed based on ticker.,Governance,False,None,5,0.0,0.0,0.0,0.0,0.0,,5,2,5.066624958999455,,,
ec5bdb1c,DVA's op. leases vs. LT debt affects CF profit impact.,Footnotes,False,None,5,0.0,0.0,0.0,0.0,0.0,,5,1,1.0072499280795455,,,
8800d19a,NCLH's receivables recognition impacts liquidity ratios & credit risk.,Accounting,False,None,5,0.0,0.0,0.0,0.0,0.0,,5,1,1.1094999499619007,,,
f3d1ea7d,Lease pymt mat split for Realty Income Corp (O).,Footnotes,False,None,5,0.0,0.0,0.0,0.0,0.0,,5,1,2.1039999555796385,,,
6dc0aa1b,"impact of SSP estimation methods on revenue recognition and earnings visibility for HSIC (Henry Schein, Inc.)",Accounting,False,None,5,0.0,0.0,0.0,0.0,0.0,,5,1,5.475374986417592,,,
ad4e290d,"Impact on comp. positioning & growth from AFL AJ product design, third sector oncology & med ins.",Company overview,False,None,5,0.2,1.0,1.0,1.0,1.0,1,5,1,3.209332935512066,,,
94c164e5,Ticker MOS OM impacts shipping & handling in COGS and sales commission expensing amidst sales vol fluctuations.,Accounting,False,None,5,0.0,0.0,0.0,0.0,0.0,,5,1,3.6112499656155705,,,
cc4d569a,WDC capital sources for shelf reg risk mitigation.,Footnotes,False,None,5,0.2,1.0,1.0,1.0,1.0,1,5,1,2.4357499787583947,,,
7b4c3355,"On Dec 31, 2023, AT&T repurchased available shares (T).",Shareholder return,False,None,5,0.0,0.0,0.0,0.0,0.0,,5,1,4.046875052154064,,,
825162c4,"Trends in OXY rev & margins vs shifts in industry, ticker OXY.",Governance,False,None,5,0.0,0.0,0.0,0.0,0.0,,5,1,2.1940410370007157,,,
6be765c4,Drivers for narrowing margins at ALGN from 2021-2023.,Financials,False,None,5,0.0,0.0,0.0,0.0,0.0,,5,2,4.1096670320257545,,,
b0305fec,Impacts of op & fin CF on dist sustainability for SBA Comms.,Financials,False,None,5,0.0,0.0,0.0,0.0,0.0,,5,1,3.6982500459998846,,,
b257692f,Impact of PepsiCo's reserved allowances on rev & profit margins; PEP.,Accounting,False,None,5,0.0,0.0,0.0,0.0,0.0,,5,1,3.177542006596923,,,
9d69b78f,Ticker for Tyler Tech: Bd & exec role sign-offs.,Governance,False,None,5,0.0,0.0,0.0,0.0,0.0,,5,1,1.667250064201653,,,
a8b1f59c,12/31/23 vs COP LTD 2022,Financials,False,None,5,0.0,0.0,0.0,0.0,0.0,,5,1,2.0214999094605446,,,
77270f50,HC investment and workforce allocation impact on growth for Public Storage.,Company overview,True,None,5,0.0,0.0,0.0,0.0,0.0,,5,1,4.232166917063296,,,
cb564bd0,Net margin for Biogen in 2023 vs. 2022 vs. 2021.,Financials,True,Compositional,5,0.2,1.0,1.0,1.0,1.0,1,5,1,4.873417085036635,,,
20e880a2,"Impact of BLK fee waiver on mgmt fees, net inc, returns.",Accounting,False,None,5,0.0,0.0,0.0,0.0,0.0,,5,1,4.033082979731262,,,
2d6bd68d,Impact of litigation cost disclosure on capital allocation for SCHW.,Legal,False,None,5,0.0,0.0,0.0,0.0,0.0,,5,1,4.6218340285122395,,,
82925fc9,Impact of SBUX prime loc & talent comp on op costs & exp.,Company overview,False,None,5,0.0,0.0,0.0,0.0,0.0,,5,1,3.4695829963311553,,,
4ca67a2b,OCF conversion & liquidity impact from non-cash adjustments for KEYS.,Financials,False,None,5,0.2,1.0,0.5,0.6309297535714575,1.0,2,5,1,3.386583994142711,,,
8a7b933b,Nonop. income drivers & sustainability: 2023 vs 2022 for BlackRock (BLK),Financials,False,None,5,0.4,1.0,1.0,0.9197207891481876,1.0,1,5,2,3.392667043954134,,,
b6021210,ROK to cut 5% of workforce; breakdown by region.,Company overview,True,Compositional,5,0.0,0.0,0.0,0.0,0.0,,5,1,4.176917020231485,,,
02a615b1,Note 19 buyback conditions for Danaher.,Shareholder return,False,None,5,0.0,0.0,0.0,0.0,0.0,,5,1,2.1051670191809535,,,
b9fc3e0b,Risk exposure and risk mgmt for HD letters-of-credit allocation contract types.,Footnotes,False,None,5,0.0,0.0,0.0,0.0,0.0,,5,1,4.608708084560931,,,
959c188c,Risk/opportunity for Howmet Aerospace (HWM) from expiring contracts in 2024-25.,Footnotes,False,None,5,0.0,0.0,0.0,0.0,0.0,,5,1,4.419749951921403,,,
a72b30bc,"DaVita's options for repurchase methods include several strategies, with the ticker involved in the execution.",Shareholder return,False,None,5,0.0,0.0,0.0,0.0,0.0,,5,1,5.2809580229222775,,,
83e0c4bf,Rev rec for F5 involves flexible consumption vs. multi-yr subs for hw & SaaS; F5.,Accounting,False,None,5,0.2,1.0,0.3333333333333333,0.5,1.0,3,5,1,1.7158749978989363,,,
22d52b35,Contingencies legal expensing effect on cash flow and operating margin for FIS.,Legal,False,None,5,0.0,0.0,0.0,0.0,0.0,,5,1,4.632208030670881,,,
3a79515d,JCI's legal risks affect cap allocation & growth investments.,Legal,False,None,5,0.0,0.0,0.0,0.0,0.0,,5,1,1.3284999877214432,,,
fbbbd9c8,CAG's cost and volume analysis for share repurchase in fiscal 2022 vs. 2023.,Shareholder return,False,None,5,0.0,0.0,0.0,0.0,0.0,,5,1,6.156791001558304,,,
af3b122c,Impact of no share repurchase on EPS & ROE for CNP.,Shareholder return,False,None,5,0.0,0.0,0.0,0.0,0.0,,5,1,4.36529191210866,,,
01364ca9,"Analyzing the impact of disruptive tech by Meta on rev & mkt share, focusing on ticker.",Company overview,False,None,5,0.0,0.0,0.0,0.0,0.0,,5,1,5.12591702863574,,,
c5e73433,"Litigation outcomes for Cisco and their impact on strategic capital allocation, particularly for innovation/market expansion, will be closely monitored by investors.",Legal,False,None,5,0.0,0.0,0.0,0.0,0.0,,5,1,6.390916067175567,,,
dcef38e1,CapEx risk & profit impact for TXN.,Footnotes,False,None,5,0.0,0.0,0.0,0.0,0.0,,5,1,2.0225830376148224,,,
ba1aba9e,Inventory turnover efficiency calc for JBHT.,Financials,False,None,5,0.0,0.0,0.0,0.0,0.0,,5,2,1.7087500309571624,,,
8c0b1bb0,TRGP's geo positioning & capacity vs pipeline MLP's competitive edge.,Company overview,False,None,5,0.0,0.0,0.0,0.0,0.0,,5,1,0.49050000961869955,,,
800b6da2,"MPWR buyback decision drivers include strong cash flow, stable margins, and solid EPS growth prospects.",Shareholder return,False,None,5,0.0,0.0,0.0,0.0,0.0,,5,1,2.991582965478301,,,
21e01f55,Impact of 3yr non-cash adj on earnings to OCF recon for Catalent.,Footnotes,False,None,5,0.2,1.0,1.0,1.0,1.0,1,5,1,5.647166981361806,,,
32dc737a,"Investments by Alphabet (GOOGL) in security, availability, and innovation vs emerging players in AI/cloud/digital video.",Company overview,False,None,5,0.2,1.0,0.2,0.38685280723454163,1.0,5,5,1,4.307540948502719,,,
9ad894f7,YoY headcount and workforce segmentation impact GLW.,Company overview,True,Compositional,5,0.0,0.0,0.0,0.0,0.0,,5,1,2.326417015865445,,,
603e801c,"$BIIB $2.1B buyback boosts retention, future cap allocation & enhances SH value.",Shareholder return,False,None,5,0.0,0.0,0.0,0.0,0.0,,5,1,1.3118339702486992,,,
2963b062,Current FY SWKS interest/operating income ratio & cost of debt analysis.,Financials,True,Division,5,0.0,0.0,0.0,0.0,0.0,,5,1,4.022749955765903,,,
3521fdb1,Flexibility in AMZN's repurchase program.,Shareholder return,False,None,5,0.0,0.0,0.0,0.0,0.0,,5,1,2.3904580157250166,,,
93b3dd0a,2023-2021 KIM op. inc. gap & impact on op. efficiency.,Financials,True,Subtract,5,0.0,0.0,0.0,0.0,0.0,,5,1,3.263958962634206,,,
1baac2d2,"Succession planning for Marathon Oil execs focuses on age dist., MRO.",Governance,False,None,5,0.2,1.0,0.2,0.38685280723454163,1.0,5,5,1,2.6607500622048974,,,
975004a6,Timeline & amounts for non-cancellable purchase obligations for ServiceNow (NOW) 2024+,Footnotes,False,None,5,0.2,1.0,0.5,0.6309297535714575,1.0,2,5,1,3.136625047773123,,,
4014ac58,"ROL, RE/APIC dynamics impact on SH value & inv. capacity.",Financials,False,None,5,0.0,0.0,0.0,0.0,0.0,,5,1,2.2280829725787044,,,
5158a57c,WD's long-term agreements and hyperscaler partnerships (WD) are crucial for revenue stability.,Governance,False,None,5,0.0,0.0,0.0,0.0,0.0,,5,1,4.566250019706786,,,
faf3f30e,"Evaluation of headcount changes at Capital One impacts productivity & profitability, COF.",Company overview,True,Subtract,5,0.0,0.0,0.0,0.0,0.0,,5,1,3.5275410627946258,,,
2ca9d3ed,Trend in basic EPS for SBUX over three FYs shows profitability.,Financials,True,Subtraction,5,0.0,0.0,0.0,0.0,0.0,,5,1,3.3188750967383385,,,
9d37f8fa,Succession planning for ITW leadership overlap during the period 2019-2023; ticker at end.,Governance,False,None,5,0.0,0.0,0.0,0.0,0.0,,5,1,5.022082943469286,,,
5f023cfc,"LN: diff dilutive impact of stock options vs RSAs 2022-23, EPS dilution implications.",Financials,True,Subtract,5,0.0,0.0,0.0,0.0,0.0,,5,1,3.4093749709427357,,,
ee4be85c,CTAS's long-term profitability and capital allocation impact from legal settlements.,Legal,False,None,5,0.0,0.0,0.0,0.0,0.0,,5,1,3.9640830364078283,,,
e53e0b53,Net profit margin trend analysis at Corpay over the last 3 yrs.,Financials,True,Compositional,5,0.0,0.0,0.0,0.0,0.0,,5,1,3.6725419340655208,,,
18a79c92,W. R. Berkley Corp (WRB) combined common net income 2023 vs 2022 earnings stability.,Financials,True,Addition,5,0.0,0.0,0.0,0.0,0.0,,5,1,3.3223750069737434,,,
0db2d911,"Uncertainty in arbitration, particularly for QNT, affects cash flows and has implications on profitability.",Legal,False,None,5,0.2,1.0,0.2,0.38685280723454163,1.0,5,5,1,5.329041043296456,,,
3ee5679c,"SO board composition: seasoned vs. new appointments, ticker potential risk & mkt opps.",Governance,False,None,5,0.0,0.0,0.0,0.0,0.0,,5,1,1.6872920095920563,,,
2598abb6,Comcast's (CMCSA) counterparty purchase option risks affect OpEx and profitability.,Footnotes,False,None,5,0.2,1.0,0.5,0.6309297535714575,1.0,2,5,1,2.732291934080422,,,
f6dc4d01,Mitigating competitive sales impact via tech reliance for Brown & Brown; ticker at end.,Company overview,False,None,5,0.0,0.0,0.0,0.0,0.0,,5,1,3.1019579619169235,,,
31184bc1,"Segmentation of LT debt interest & maturity for NSC, ticker at the end.",Financials,False,None,5,0.0,0.0,0.0,0.0,0.0,,5,1,5.076917004771531,,,
d85a6d83,"Analysis of cost treatment margin for FMC shipping/handling fees, ticker in last position.",Accounting,False,None,5,0.0,0.0,0.0,0.0,0.0,,5,1,4.805500037036836,,,
11c34842,Medtronic (MDT) deploys market share strategies to navigate competitive landscape.,Company overview,False,None,5,0.0,0.0,0.0,0.0,0.0,,5,1,2.9830000130459666,,,
7de4ba85,Long-term debt comp. for DPZ diff. Dec23 vs prior period.,Financials,False,None,5,0.0,0.0,0.0,0.0,0.0,,5,2,2.7539170114323497,,,
9bbaf5d4,Cash flow & risk mgmt strategies during low rev periods for MPWR.,Company overview,False,None,5,0.0,0.0,0.0,0.0,0.0,,5,1,2.8487079543992877,,,
a417bb08,Repurchase program by IQVIA vs overall buybacks post-merger: agg shares & cost.,Shareholder return,False,None,5,0.2,1.0,1.0,1.0,1.0,1,5,1,2.5356659898534417,,,
e512651c,Deferral of revenue recognition for AJG affects short-term profitability & cash flow.,Accounting,False,None,5,0.0,0.0,0.0,0.0,0.0,,5,1,4.0767500177025795,,,
ec9f6e4f,"Outlook for T-Mobile US total rev CAGR from 2021 to 2023 is strong, TMUS.",Financials,True,Compositional,5,0.0,0.0,0.0,0.0,0.0,,5,1,5.86008292157203,,,
846d32d1,"The impact of Mohawk Industries' capital allocation on comp positioning & long-term op cash flows is noteworthy, MOHA.",Footnotes,False,None,5,0.0,0.0,0.0,0.0,0.0,,5,1,5.96295902505517,,,
3d732f0c,Factors for assessing tower capacity at SBA.,Governance,False,None,5,0.2,1.0,1.0,1.0,1.0,1,5,1,2.6854999596253037,,,
cbc26645,NEE's renewable capex implications for growth & risk.,Footnotes,False,None,5,0.0,0.0,0.0,0.0,0.0,,5,1,1.8861660500988364,,,
2e52d788,board committees - ESG & brand strategy impact on shareholder value - HAS,Governance,False,None,5,0.0,0.0,0.0,0.0,0.0,,5,2,3.088542027398944,,,
3a33ced6,How do lease commitments vs LT obligations impact liquidity for SBA Communications Corp?,Footnotes,False,None,5,0.0,0.0,0.0,0.0,0.0,,5,1,2.772541018202901,,,
e9b27e0a,"Analysis of Omnicom's capital allocation for share buybacks and its strategy for enhancing shareholder value, OMC.",Shareholder return,False,None,5,0.0,0.0,0.0,0.0,0.0,,5,1,5.438082967884839,,,
23d596ce,Indemnification obligations of TJX vs risk profile of industry standards.,Footnotes,False,None,5,0.2,1.0,0.2,0.38685280723454163,1.0,5,5,1,3.0758329667150974,,,
5153a330,Lease payment sch. for TECH post-2025: cash outflow breakdown.,Footnotes,False,None,5,0.0,0.0,0.0,0.0,0.0,,5,1,2.4378340458497405,,,
e07a1410,Impact of GILD's pending litigation on risk profile and cash flow forecasts.,Legal,False,None,5,0.0,0.0,0.0,0.0,0.0,,5,1,4.6610840363428,,,
7b8d3236,"Product liability, workers comp, personal injury, and assumptions for TMO accrued liabilities.",Legal,False,None,5,0.2,1.0,1.0,1.0,1.0,1,5,1,3.661333001218736,,,
70b13081,"Evergy's (EVRG) share repurchase, equity comp, and fiscal period details.",Shareholder return,False,None,5,0.2,1.0,1.0,1.0,1.0,1,5,1,3.0105829937383533,,,
6778b00e,Impact of buyback capital allocation historically for Public Storage (PSA).,Shareholder return,False,None,5,0.0,0.0,0.0,0.0,0.0,,5,1,3.681667032651603,,,
5e06af12,Impact on cash flow & profitability from VRSK earn-out liability litigation.,Legal,False,None,5,0.0,0.0,0.0,0.0,0.0,,5,1,3.279083059169352,,,
7dd107bd,NiSource’s reg. assets & liabilities can notably impact earnings & cash flow metrics.,Accounting,False,None,5,0.0,0.0,0.0,0.0,0.0,,5,1,2.084249979816377,,,
637aecd3,Concerns over financial stability and CAPEX forecast risks for Evergy (EVRG).,Footnotes,False,None,5,0.2,1.0,1.0,1.0,1.0,1,5,1,3.7669999292120337,,,
09c7fe13,ROST WC mgmt: impact of accrued vs prepaid items on rev rec risks for ticker.,Accounting,False,None,5,0.0,0.0,0.0,0.0,0.0,,5,1,4.236208042129874,,,
8b9cc824,HSY's (Hershey Co.) cyber ins. risk poses a significant fin. impact.,Risk,False,None,5,0.0,0.0,0.0,0.0,0.0,,5,1,2.383084036409855,,,
e375ef4f,SRE basic EPS trend 2021-2023 shows profitability.,Financials,True,Compositional,5,0.2,1.0,0.2,0.38685280723454163,1.0,5,5,1,2.0356669556349516,,,
65716148,Impact of AZO leadership tenure on earnings sustainability & growth.,Governance,False,None,5,0.0,0.0,0.0,0.0,0.0,,5,1,3.605457954108715,,,
bc6b3e70,APH's warranty liabilities could impact future profitability and valuation.,Accounting,False,None,5,0.0,0.0,0.0,0.0,0.0,,5,1,2.874416997656226,,,
caa5f424,EPS impact analysis for State Street's repurchase programs.,Shareholder return,False,None,5,0.0,0.0,0.0,0.0,0.0,,5,1,2.375875017605722,,,
a7f3ceee,"Impact of CMG tech/digital cap allocation on competitive positioning, CMG.",Company overview,False,None,5,0.0,0.0,0.0,0.0,0.0,,5,1,3.407042007893324,,,
84d7fced,High-growth employee % at DHR and its strategic implications.,Company overview,True,Division,5,0.0,0.0,0.0,0.0,0.0,,5,1,3.2777910819277167,,,
7d9939dc,Q1 buyback utilization % for MMM.,Shareholder return,False,None,5,0.0,0.0,0.0,0.0,0.0,,5,1,1.596209011040628,,,
25fd15b1,Impact on asset valuation from fair value of AFS debt securities at Eli Lilly (LLY).,Footnotes,False,None,5,0.0,0.0,0.0,0.0,0.0,,5,1,4.935750039294362,,,
4d74b4e8,TJX's senior leadership plays a crucial role in shaping long-term strategy & boosting investor confidence.,Governance,False,None,5,0.0,0.0,0.0,0.0,0.0,,5,1,3.9911670610308647,,,
68bdbbb8,MPC's tax-adjusted continuing income consistency & recurring profitability risk impact with no discontinued ops.,Financials,True,Compositional,5,0.2,1.0,1.0,1.0,1.0,1,5,1,2.9739580349996686,,,
960abb91,"FICO's GP/GM trends from 2022-24 indicate strong growth potential, with a focus on innovation and market expansion, FICO.",Financials,True,Compositional,5,0.0,0.0,0.0,0.0,0.0,,5,1,6.235291948541999,,,
ea5ed971,"WST's debt composition, with interest exp. and refinancing, highlights key factors.",Financials,False,None,5,0.0,0.0,0.0,0.0,0.0,,5,1,3.4658749355003238,,,
0506434f,"Autodesk indirect channel impacts credit risk, revenue timing, and cash flows.",Accounting,False,None,5,0.2,1.0,1.0,1.0,1.0,1,5,1,3.196583013050258,,,
08999a5a,"Repurchases, dividends, or debt repayment for capital allocation, INCY?",Shareholder return,False,None,5,0.0,0.0,0.0,0.0,0.0,,5,1,3.164208959788084,,,
490aa0ad,"LMT's litigation risk assumptions and their fin. impact on the co. are under scrutiny, LMT.",Legal,False,None,5,0.0,0.0,0.0,0.0,0.0,,5,1,5.525083048269153,,,
65a91897,Exec background in DAL influences profit & risk mgmt.,Governance,False,None,5,0.0,0.0,0.0,0.0,0.0,,5,1,2.1803340641781688,,,
dac5ad2c,"CSX's cybersecurity training, testing, risk reduction, valuation, & impact.",Risk,False,None,5,0.2,1.0,1.0,1.0,1.0,1,5,1,1.272291992790997,,,
e19ae2bc,Exec role overlaps governance insights for Super Micro Computer board.,Governance,False,None,5,0.0,0.0,0.0,0.0,0.0,,5,1,2.250291989184916,,,
e96f2b64,Timing of contract obligations vs growth for Etsy.,Footnotes,False,None,5,0.0,0.0,0.0,0.0,0.0,,5,1,3.53891693521291,,,
0366e15b,"Evidence of MSCI's impact on cybersecurity is notable, ticker.",Risk,False,None,5,0.0,0.0,0.0,0.0,0.0,,5,1,3.9219589671120048,,,
d08eaf43,Impact of repurchase risk on shareholder value at EPAM.,Shareholder return,False,None,5,0.2,1.0,0.5,0.6309297535714575,1.0,2,5,1,4.187291022390127,,,
3c449492,CVX 2023 mkt cap P/E 15 net inc.,Financials,True,Multiplication,5,0.0,0.0,0.0,0.0,0.0,,5,1,2.3906660499051213,,,
c2fef5c0,"Revenue recognition for LTC govt contracts by Textron Inc. follows a progress method, TEX.",Accounting,False,None,5,0.0,0.0,0.0,0.0,0.0,,5,1,3.996875020675361,,,
51ffb693,EPS for Chevron in 2023 impacted by 5% dilutive shares adjustment; CVX.,Financials,True,Multiplication,5,0.2,1.0,1.0,1.0,1.0,1,5,1,4.587208037264645,,,
deae8df3,"In 2023, APA's CAPEX allocation for upstream activities focuses on the leasehold in the Delaware Basin.",Footnotes,False,None,5,0.2,1.0,1.0,1.0,1.0,1,5,1,5.433458019979298,,,
2989818b,"One-year liquidity impact from Accenture's contractual commitments, ticker.",Footnotes,False,None,5,0.0,0.0,0.0,0.0,0.0,,5,1,2.5740410201251507,,,
51d63401,SNPS liquidity impact on working capital & contract flexibility.,Footnotes,False,None,5,0.0,0.0,0.0,0.0,0.0,,5,1,2.4770000018179417,,,
153ed1bb,Agilent's (A) basic vs diluted share count % change for 2024 vs 2023.,Financials,True,Compositional,5,0.0,0.0,0.0,0.0,0.0,,5,1,4.360790946520865,,,
2861ca65,VST's board departures impact investor confidence & risk mgmt.,Governance,False,None,5,0.0,0.0,0.0,0.0,0.0,,5,1,1.2477909913286567,,,
57c922d8,ATC interest exp. rose in 2022-2023.,Financials,True,Subtract,5,0.0,0.0,0.0,0.0,0.0,,5,1,3.62770794890821,,,
a2aef1d1,"Impact of Verisk Analytics' asset reduction on capex strategy & inv. outlook, VRSK.",Footnotes,False,None,5,0.0,0.0,0.0,0.0,0.0,,5,1,3.5603749565780163,,,
8883cc7c,"Audit & finance committee oversight on cybersecurity impacts investor confidence & valuation, PSX.",Risk,False,None,5,0.0,0.0,0.0,0.0,0.0,,5,1,2.2580419899895787,,,
3ef973c0,"NiSource's exec transitions impact competitive positioning, ticker NI, and enhance operational efficiency.",Governance,False,None,5,0.2,1.0,0.25,0.43067655807339306,1.0,4,5,1,2.718667034059763,,,
c055991e,How are energy efficiency and Green500 recognition impacting profitability and cost mgmt in Nvidia GPU businesses (NVDA)?,Governance,False,None,5,0.2,1.0,1.0,1.0,1.0,1,5,1,4.34474996291101,,,
dda6eba3,"2023 inv. turnover for Phillips 66 using crude/product cost & avg. inv. from 2022-23, PSX.",Financials,False,None,5,0.4,1.0,1.0,0.9197207891481876,1.0,1,5,2,4.376666969619691,,,
f31bb160,Exec risk & strategy impact FITB.,Governance,False,None,5,0.0,0.0,0.0,0.0,0.0,,5,1,1.0302920127287507,,,
9064e45d,YoY shifts in asset comp for EPAM Systems: current vs noncurrent.,Financials,False,None,5,0.2,1.0,1.0,1.0,1.0,1,5,1,3.5482089733704925,,,
bf157e32,"Net cash flows, liquidity, & funding strategy for CEG DPP.",Footnotes,False,None,5,0.2,0.5,1.0,0.6131471927654584,0.49901960784313726,1,5,2,2.901041996665299,,,
b5724f3e,Liquidity sensitivity & underwriting risk measures for Arch Capital (ACGL).,Footnotes,False,None,5,0.0,0.0,0.0,0.0,0.0,,5,1,2.348374924622476,,,
50e1820a,"Maturity, liquidity, debt strategy, and LEN contractual obligations.",Footnotes,False,None,5,0.0,0.0,0.0,0.0,0.0,,5,1,2.90833308827132,,,
7328ea47,YUM's capex FY23 vs FY22 vs FY21.,Footnotes,False,None,5,0.0,0.0,0.0,0.0,0.0,,5,1,0.03487500362098217,,,
1aca4066,Impact on cap structure & cost of cap from MSFT financing shift.,Footnotes,False,None,5,0.0,0.0,0.0,0.0,0.0,,5,2,4.142749938182533,,,
81011f39,Impact on cap allocation & risk profile re: franchise renewal & municipalization for XCEL.,Company overview,False,None,5,0.2,1.0,1.0,1.0,1.0,1,5,1,2.8812920209020376,,,
a5181a94,Retail employee ratio & op efficiency analysis for MTB branch.,Company overview,True,Compositional,5,0.2,1.0,1.0,1.0,1.0,1,5,1,2.0687500946223736,,,
b0597a7c,"Seller experience on eBay directly impacts buyer confidence, which in turn affects competitive positioning & profitability.",Company overview,False,None,5,0.2,1.0,1.0,1.0,1.0,1,5,1,3.894916968420148,,,
559dd616,"Reg changes at Fifth Third Bancorp, ticker FITB, along with tech impact, will influence mkt share strategy.",Company overview,False,None,5,0.0,0.0,0.0,0.0,0.0,,5,1,3.6437090020626783,,,
f32347f7,"Comcast's ERM board oversight of cybersecurity influences financial risk & shareholder value, CMCSA.",Risk,False,None,5,0.0,0.0,0.0,0.0,0.0,,5,1,3.828458022326231,,,
10bc2a96,Info on share buybacks for Synopsys from 08/04 to 11/02/2024 (SNPS).,Shareholder return,False,None,5,0.0,0.0,0.0,0.0,0.0,,5,1,5.052332999184728,,,
1e357e30,Impact of CHD interest exp on net inc in 2023 vs prior yrs – CHD.,Financials,True,Compositional,5,0.0,0.0,0.0,0.0,0.0,,5,1,5.7190420338884,,,
f0205ca1,"Breakdown of Chipotle purchase obligations FY24 vs later periods, ticker.",Footnotes,False,None,5,0.0,0.0,0.0,0.0,0.0,,5,1,2.725583966821432,,,
3a263b10,"Liquidity & financial condition impacts from legal proceedings at SBA Communications, SBAC.",Legal,False,None,5,0.0,0.0,0.0,0.0,0.0,,5,1,3.225332940928638,,,
1ed656d8,Impact of valuation on Camden's cybersecurity protocols.,Risk,False,None,5,0.0,0.0,0.0,0.0,0.0,,5,1,3.227334003895521,,,
b8c22407,Trend in operating margins for NOC from 2021-2023 shows efficiency.,Financials,True,Compositional,5,0.0,0.0,0.0,0.0,0.0,,5,1,5.010250024497509,,,
32c4ab66,2023 EPS persistence vs Ticker DHI's 2024 EPS impact with 329.5M shares.,Financials,True,Multiplication,5,0.0,0.0,0.0,0.0,0.0,,5,1,3.3732500160112977,,,
003a51f0,Crown Castle's decision on share repurchases via its ATM CP credit facility will depend on market conditions.,Shareholder return,False,None,5,0.2,1.0,0.5,0.6309297535714575,1.0,2,5,1,3.465208923444152,,,
d34ab03e,Impact of specialized exec roles on comp. positioning and mkt opportunity at Phillips 66 (PSX),Governance,False,None,5,0.0,0.0,0.0,0.0,0.0,,5,1,4.771749954670668,,,
fc7a33c4,Liquidity analysis for Veralto Corp (VLTO): CA increase FY 2022-2023.,Financials,False,None,5,0.0,0.0,0.0,0.0,0.0,,5,2,3.5666669718921185,,,
97d20700,The impact of FTNT's cybersecurity capex on profit & growth needs to be assessed.,Risk,False,None,5,0.0,0.0,0.0,0.0,0.0,,5,1,6.136000039987266,,,
1c882932,"Cybersecurity training IR strategy, risk profile, cap allocation, ROI for JNJ.",Risk,False,None,5,0.0,0.0,0.0,0.0,0.0,,5,1,2.363499952480197,,,
17f2bd61,MGM's projected revPAR shows a 10% growth calculation.,Financials,True,Multiplication,5,0.0,0.0,0.0,0.0,0.0,,5,1,2.0142500288784504,,,
be9627df,"Impact of MCHP's legal accrual practices on profitability risk, MCHP.",Legal,False,None,5,0.0,0.0,0.0,0.0,0.0,,5,1,3.7622080417349935,,,
2d12f564,"Liquidity risk mgmt strategies for TYL include maintaining a robust cash reserve, utilizing lines of credit, and optimizing asset liquidity.",Financials,False,None,5,0.0,0.0,0.0,0.0,0.0,,5,1,6.119124940596521,,,
643b0fb9,HD's seasonal trends and geo diversification influence competitive edge and mkt share against local/regional/national comps; TKR: HD.,Company overview,False,None,5,0.0,0.0,0.0,0.0,0.0,,5,1,3.1836669659242034,,,
b07a7292,Gilead's governance & risk mngmnt for ESG accountability.,Governance,False,None,5,0.2,1.0,1.0,1.0,1.0,1,5,1,1.9418749725446105,,,
95ec06a1,Prof profitability safeguard impact of MAS exec roles.,Risk,False,None,5,0.0,0.0,0.0,0.0,0.0,,5,1,2.4541669990867376,,,
cece243c,"PTC: risks of comp. across multiple products & mit. strategies, ticker PTC.",Company overview,False,None,5,0.0,0.0,0.0,0.0,0.0,,5,1,2.912124968133867,,,
7c0850a7,Impact of diluted shares change on EPS for NEE 2022-2023.,Financials,True,Compositional,5,0.2,1.0,0.25,0.43067655807339306,1.0,4,5,1,5.580915953032672,,,
90528bda,GRMN FY capex breakdown vs prior 2 yrs: PPE & intangibles.,Footnotes,False,None,5,0.0,0.0,0.0,0.0,0.0,,5,1,0.768749974668026,,,
74453ca3,"Capex breakdown for General Dynamics: new programs vs existing ops, with profitability growth.",Footnotes,False,None,5,0.0,0.0,0.0,0.0,0.0,,5,1,3.4359589917585254,,,
d7802f75,HSY's rev reporting implications for snack vs confections exp growth.,Accounting,False,None,5,0.0,0.0,0.0,0.0,0.0,,5,1,1.8149999668821692,,,
f7c27699,"CoStar Group (CSGP) board structure enhances oversight on growth, profitability, & appointments.",Governance,False,None,5,0.0,0.0,0.0,0.0,0.0,,5,1,2.319041988812387,,,
ecd43dd1,HSY to drive revenue growth in snacking expansion amid competitive landscape.,Company overview,False,None,5,0.0,0.0,0.0,0.0,0.0,,5,1,3.6092500668019056,,,
a9974d90,Trends in net profit margin for EOG Resources from 2021 to 2023 (EOG).,Financials,True,Compositional,5,0.0,0.0,0.0,0.0,0.0,,5,1,6.1096251010894775,,,
fe09543a,Impact of incentive programs and workforce on Steel Dynamics' competitive positioning and growth.,Company overview,True,None,5,0.2,1.0,1.0,1.0,1.0,1,5,1,4.520499962382019,,,
7d008502,"Contractual commitments, interest rate & economic changes pose PH risk mgt challenges.",Footnotes,False,None,5,0.0,0.0,0.0,0.0,0.0,,5,1,1.7581669380888343,,,
38fee9c5,Impact of increased equity & RE on internal growth financing: PNR reinvestment strategy?,Financials,False,None,5,0.0,0.0,0.0,0.0,0.0,,5,1,4.013000056147575,,,
391d7909,Liquidity coverage for near-term contractual obligations of AAPL.,Footnotes,False,None,5,0.0,0.0,0.0,0.0,0.0,,5,1,3.7164579844102263,,,
dfa6702b,"Exec leadership roles @ MSCI, ages.",Governance,False,None,5,0.0,0.0,0.0,0.0,0.0,,5,1,0.350666930899024,,,
968da183,ICE board expertise valuation growth impact.,Governance,False,None,5,0.0,0.0,0.0,0.0,0.0,,5,1,1.1705000652000308,,,
2ce8db63,The impact of QUALCOMM’s (QCOM) cybersecurity breach on mkt positioning and mitigation efficacy.,Risk,False,None,5,0.2,1.0,1.0,1.0,1.0,1,5,1,5.140042048878968,,,
801ff629,SWK contractual cash obligations maturity breakdown & liquidity demand.,Footnotes,False,None,5,0.0,0.0,0.0,0.0,0.0,,5,1,1.477833022363484,,,
1c47856d,Impact on strategy & growth from FIS software & PPE investments.,Footnotes,False,None,5,0.0,0.0,0.0,0.0,0.0,,5,1,2.927083056420088,,,
6fa1e9d8,"Cybersecurity, investor confidence, and valuation impact are top priorities for Fortive's board audit committee.",Risk,False,None,5,0.0,0.0,0.0,0.0,0.0,,5,1,4.4120000675320625,,,
d74d935b,JBL lawsuit risk impact on cash flows & profitability.,Legal,False,None,5,0.0,0.0,0.0,0.0,0.0,,5,1,2.5170829612761736,,,
9d5be7b0,Future profitability and growth drivers for Tractor Supply Co (TSCO) are influenced by several key factors.,Governance,False,None,5,0.2,1.0,0.5,0.6309297535714575,1.0,2,5,1,5.1357499323785305,,,
ba0474b6,Liquidity risks of senior notes vs. credit facilities offer benefits; INTU.,Financials,False,None,5,0.0,0.0,0.0,0.0,0.0,,5,1,3.21124994661659,,,
27fcf229,LT debt for AEP in Dec '23 vs Dec '22.,Financials,False,None,5,0.2,0.3333333333333333,0.25,0.20210734650054757,0.2742344001842045,4,5,3,3.3426249865442514,,,
c9da2984,Cybersecurity impact on valuation & risk profile for KeyCorp.,Risk,False,None,5,0.0,0.0,0.0,0.0,0.0,,5,1,2.963957958854735,,,
ccc2e370,"Impact of legal cases on Veralto's performance and outlook, VLTO.",Legal,False,None,5,0.0,0.0,0.0,0.0,0.0,,5,1,4.5369160361588,,,
a16a9897,CI LT debt payment schedule & 12m interest breakdown for ticker.,Footnotes,False,None,5,0.0,0.0,0.0,0.0,0.0,,5,1,2.353791962377727,,,
5846796c,Risk & opp impact on growth from AEP R&D comp in renewable tech.,Company overview,False,None,5,0.0,0.0,0.0,0.0,0.0,,5,1,4.14404203183949,,,
321ec664,"F5's workforce strat. ensures competitive positioning & addresses risk mgmt, FFIV.",Company overview,True,None,5,0.0,0.0,0.0,0.0,0.0,,5,1,0.8241250179708004,,,
b58cf3ba,"MS asset mgmt rev recognition, MS, fee waivers, and expense caps.",Accounting,False,None,5,0.2,1.0,1.0,1.0,1.0,1,5,1,2.611959003843367,,,
3b2d37b8,CoStar Group's (CSGP) litigation liability provisions risk profile.,Legal,False,None,5,0.0,0.0,0.0,0.0,0.0,,5,1,1.1097079841420054,,,
e6b74b4e,Risk mgmt for NEE receivables & cash flow reliability.,Accounting,False,None,5,0.2,1.0,1.0,1.0,1.0,1,5,1,2.393875038251281,,,
e30474c3,Cencora's cash repat. tax impact on liquidity & strategy.,Financials,False,None,5,0.0,0.0,0.0,0.0,0.0,,5,1,2.70379101857543,,,
84f652d3,"Flat EPS for MCD compared to 6.7% adj. EPS core drivers, excl. special items.",Financials,True,None,5,0.0,0.0,0.0,0.0,0.0,,5,1,3.000291995704174,,,
c18c0470,2023 OI composite for REG impacts profitability.,Financials,True,Addition,5,0.0,0.0,0.0,0.0,0.0,,5,1,2.6364580262452364,,,
979cd605,Ops effectiveness & strategy impact of GEHC ESG initiatives.,Governance,False,None,5,0.2,1.0,0.3333333333333333,0.5,1.0,3,5,1,2.759417053312063,,,
3dd6aab1,"IR cybersecurity reporting enhances investor confidence & mitigates risks, ensuring effective risk mgmt, making it crucial for stock performance.",Risk,False,None,5,0.0,0.0,0.0,0.0,0.0,,5,1,3.1971249263733625,,,
8b15da91,"The impact of MA's real-time account-based payments fintech trends on competitive positioning, both cross-border and domestic, is significant.",Company overview,False,None,5,0.2,1.0,1.0,1.0,1.0,1,5,1,7.434042054228485,,,
1477fdef,"MTD margin strategy facing competitive pressures, ticker in last position.",Company overview,False,None,5,0.0,0.0,0.0,0.0,0.0,,5,1,2.5866669602692127,,,
9e493f69,HBAN's share repurchase vs. organic loan/lease growth & capital allocation.,Shareholder return,False,None,5,0.2,1.0,1.0,1.0,1.0,1,5,1,1.7590000061318278,,,
6403fc68,WAB’s intersegment eliminations impact total sales & segment profitability.,Footnotes,False,None,5,0.0,0.0,0.0,0.0,0.0,,5,1,1.8115409184247255,,,
82f1fe5f,SYN financial net deposits financing strat cash eq.,Footnotes,False,None,5,0.0,0.0,0.0,0.0,0.0,,5,1,2.184125012718141,,,
89180c6c,Impact of non-cash adjus. on 2023 op. CF for Kimberly-Clark (KMB) vs prior yrs.,Footnotes,False,None,5,0.2,1.0,0.3333333333333333,0.5,1.0,3,5,1,5.165375070646405,,,
53598328,Impact on growth & competitive positioning for NFLX in 2023 due to non-acquisition strategy.,Footnotes,False,None,5,0.0,0.0,0.0,0.0,0.0,,5,1,6.269624922424555,,,
ee519312,Forecast for Cigna service sett. and adj. for cap allocation; ticker at end.,Legal,False,None,5,0.0,0.0,0.0,0.0,0.0,,5,1,3.872375003993511,,,
a0d72ab1,YoY subs & support rev growth impact on earnings predictability for PANW.,Footnotes,False,None,5,0.0,0.0,0.0,0.0,0.0,,5,1,3.1128330156207085,,,
ec9a6ee0,"Molson Coors (TAP) invests in advtg, pkg & product innovation for premium segments.",Company overview,False,None,5,0.0,0.0,0.0,0.0,0.0,,5,1,3.106708056293428,,,
a4a3520d,TRIKAFTA's rev mix & growth vs KALYDECO/ORKAMBI over the last 3Y.,Footnotes,False,None,5,0.2,1.0,1.0,1.0,1.0,1,5,1,2.492208033800125,,,
671c4e25,The impact of Amcor's leadership mix on capital allocation and market positioning is crucial for investors assessing the ticker.,Governance,False,None,5,0.2,1.0,0.3333333333333333,0.5,1.0,3,5,1,6.924125016666949,,,
3adc1299,Liquidity & growth funding capacity analysis for HP.,Financials,False,None,5,0.0,0.0,0.0,0.0,0.0,,5,2,2.046665991656482,,,
e5bad6e4,Impact of ACGL's repurchase prog on future perf & mkt sentiment.,Shareholder return,False,None,5,0.0,0.0,0.0,0.0,0.0,,5,2,3.4950419794768095,,,
3df3a46a,"Sales team struct. at JKHY impacts client acq., retention, cash flows & capex.",Company overview,False,None,5,0.0,0.0,0.0,0.0,0.0,,5,1,2.3352919379249215,,,
0748ea37,Operating margin for BXP in 2023 vs 2022.,Financials,True,Compositional,5,0.0,0.0,0.0,0.0,0.0,,5,1,4.569082986563444,,,
8f3750e2,AWK - Legal disputes risk impacts valuation.,Legal,False,None,5,0.0,0.0,0.0,0.0,0.0,,5,1,0.9134169667959213,,,
7c35ebbe,"Q4 2023 avg share repurchase prices & weighted avg trend for Genuine Parts, GPC.",Shareholder return,False,None,5,0.0,0.0,0.0,0.0,0.0,,5,1,3.1378749990835786,,,
287dd6a4,Impact of DG litigation on growth capex & valuation metrics for [TICKER],Legal,False,None,5,0.0,0.0,0.0,0.0,0.0,,5,1,4.050333984196186,,,
4fab7047,"YoY change in ADP headcount, both absolute and percentage.",Company overview,True,Compositional,5,0.0,0.0,0.0,0.0,0.0,,5,1,3.44137498177588,,,
4ae7a11c,Analysis of YOY change in inventory performance and regional impairments for APA.,Financials,False,None,5,0.2,0.3333333333333333,0.3333333333333333,0.23463936301137822,0.6947549441100602,3,5,3,5.463584093376994,,,
66ea846a,"Premium rev growth, mkt penetration, and pricing insights for TRV for FY 2022-2023.",Financials,True,Compositional,5,0.0,0.0,0.0,0.0,0.0,,5,1,4.58866695407778,,,
42425b87,Cap allocation & liquidity risk mgmt are affected by IR contractual obligations.,Footnotes,False,None,5,0.0,0.0,0.0,0.0,0.0,,5,1,2.9561249539256096,,,
031701a5,"Cybersecurity, board oversight, risk mgmt., and valuation for MG.",Risk,False,None,5,0.0,0.0,0.0,0.0,0.0,,5,1,3.515582997351885,,,
61e6ea70,ARE: turnover diff & departures impact for 568 workforce.,Company overview,True,Compositional,5,0.2,1.0,0.5,0.6309297535714575,1.0,2,5,1,2.6244160253554583,,,
317e3865,Antitrust litigation involving Elevance Health (ELV) could impact its market position and growth.,Legal,False,None,5,0.0,0.0,0.0,0.0,0.0,,5,1,3.4438329748809338,,,
9c58d6ab,share repurchase auth remaining vs. period exp. as of 9/27/24.,Shareholder return,False,None,5,0.2,1.0,0.5,0.6309297535714575,1.0,2,5,1,4.032457945868373,,,
147805d7,Impact of R&D & restructuring on margins and long-term growth for Cadence CDNS.,Financials,False,None,5,0.0,0.0,0.0,0.0,0.0,,5,2,5.439041997306049,,,
ae2425a1,ESG KPIs of SNPS impact financial performance.,Governance,False,None,5,0.0,0.0,0.0,0.0,0.0,,5,1,3.251583082601428,,,
5d2eb96f,"Leslie Brun's role in governance risk oversight, BR, has a significant impact.",Governance,False,None,5,0.2,1.0,1.0,1.0,1.0,1,5,1,4.01170807890594,,,
f520cf9b,"Funding limits for Ameren Corp regulatory issues: liquidity vs borrowing capacity, AEE.",Financials,False,None,5,0.2,1.0,1.0,1.0,1.0,1,5,1,2.1452080691233277,,,
9399e967,Gains from investments/derivatives showed fluctuations from 2022 to 2023 for BRK.,Financials,True,Subtract,5,0.0,0.0,0.0,0.0,0.0,,5,1,4.978584009222686,,,
1a535e15,"Trend & drivers for FICO op margins from 2022-2024, ticker at end.",Financials,True,Division,5,0.0,0.0,0.0,0.0,0.0,,5,1,4.137667012400925,,,
eb59ce1d,"Risk mitigation in non-human primate importation and impact on future growth, Charles River.",Legal,False,None,5,0.2,1.0,0.5,0.6309297535714575,1.0,2,5,1,4.721625009551644,,,
37eb3ac6,"TPR, board oversight on cybersecurity risk, audit committee, investor confidence, operational risk.",Risk,False,None,5,0.0,0.0,0.0,0.0,0.0,,5,1,2.734124893322587,,,
7f09e26f,Dec23 INCY employee headcount change vs. prior yr,Company overview,True,Compositional,5,0.0,0.0,0.0,0.0,0.0,,5,1,0.9268340654671192,,,
eab0b335,ENPH's increase in authorized shares affects capital allocation & share buyback impact.,Shareholder return,False,None,5,0.0,0.0,0.0,0.0,0.0,,5,1,3.495874931104481,,,
1eb254be,"Eaton Corp's competitive positioning spans product, tech, service in the electrical & vehicle segments, with the ticker symbol positioned centrally.",Company overview,False,None,5,0.2,1.0,1.0,1.0,1.0,1,5,1,4.493333050049841,,,
6b4ce934,"Working capital impact of near-term purchase obligations on cash flow mgmt, EXPE, is crucial for liquidity.",Footnotes,False,None,5,0.0,0.0,0.0,0.0,0.0,,5,1,5.963083007372916,,,
37e3858a,The impact of diversified leadership at PMI on global growth & risk mgmt.,Governance,False,None,5,0.0,0.0,0.0,0.0,0.0,,5,1,5.193499964661896,,,
c98479f4,Cash flow impact of CHD product launch mktg trade spend.,Company overview,False,None,5,0.2,1.0,1.0,1.0,1.0,1,5,1,3.1202089739963412,,,
98243e7d,Impact of reduced debt issuances on UNH net cash flows in 2023 and leverage effect.,Footnotes,False,None,5,0.0,0.0,0.0,0.0,0.0,,5,1,6.915541016496718,,,
809d7b9a,"EMN's guarantees, LCs, and surety bonds impact capital reserves & BS stability.",Footnotes,False,None,5,0.0,0.0,0.0,0.0,0.0,,5,1,2.6042499812319875,,,
061bb000,Cash flow drivers & profit turnaround for UBER.,Footnotes,False,None,5,0.0,0.0,0.0,0.0,0.0,,5,1,2.1884999005123973,,,
69a61d04,"The impact of cybersecurity assessments on Hologic, Inc.'s (HOLX) financial exposures and profitability.",Risk,False,None,5,0.2,1.0,1.0,1.0,1.0,1,5,1,5.9049580013379455,,,
badff5c6,"Share repurchase for Q4 2024 by AMAT, AMAT, includes total shares & aggregate price.",Shareholder return,False,None,5,0.0,0.0,0.0,0.0,0.0,,5,1,4.676708020269871,,,
b8241cff,Insider trading at Air Products (APD) has implications for corporate governance stability.,Governance,False,None,5,0.0,0.0,0.0,0.0,0.0,,5,1,3.3367499709129333,,,
4e6a84e2,Impact of Accenture client engagement on recurring rev & stability; ticker in last position.,Company overview,False,None,5,0.2,1.0,0.25,0.43067655807339306,1.0,4,5,1,4.434874979779124,,,
3df10d10,"Impact of ROK senior note vs. lease pmnt timelines on OCF, ROK.",Footnotes,False,None,5,0.0,0.0,0.0,0.0,0.0,,5,1,3.641124931164086,,,
fd913849,WMT's $0.7B opiate litigation judgment impact on CF & fin. health.,Legal,False,None,5,0.2,1.0,0.5,0.6309297535714575,1.0,2,5,1,2.1737089846283197,,,
54c0937d,HCA's (HCA) senior exec age & experience influence cap allocation strategy and the long-term fin health of the org.,Governance,False,None,5,0.0,0.0,0.0,0.0,0.0,,5,1,5.369749967940152,,,
78e57016,GP margins for Fortive (FTV) from 2021-2023 reflect pricing efficiency trends.,Financials,True,Compositional,5,0.0,0.0,0.0,0.0,0.0,,5,1,3.8152500055730343,,,
a52058fe,GD 2023 product gross margin calc op cost vs rev.,Financials,True,Subtract,5,0.0,0.0,0.0,0.0,0.0,,5,1,2.127500018104911,,,
cccd3785,Mgmt effectiveness in SMCI litigation resolution boosts investor protection.,Legal,False,None,5,0.0,0.0,0.0,0.0,0.0,,5,1,2.262790920212865,,,
c2970594,"CTVA's contract costs for expensing have effects on short-term earnings & customer acquisition, CTVA.",Accounting,False,None,5,0.0,0.0,0.0,0.0,0.0,,5,1,4.475124995224178,,,
edcd3c75,"Risk mgmt & op efficiency in carrier exec role distribution, ticker.",Governance,False,None,5,0.0,0.0,0.0,0.0,0.0,,5,1,2.3791249841451645,,,
1b3c8958,Impacts on revenue & profitability due to J&J's product lifecycle & competitive dynamics.,Accounting,False,None,5,0.0,0.0,0.0,0.0,0.0,,5,1,3.7387919146567583,,,
05830b14,"Impact of Amcor's investment in sales force & support teams on competitive positioning, AMCR.",Company overview,False,None,5,0.2,1.0,1.0,1.0,1.0,1,5,1,4.905667039565742,,,
27596848,DVN's steps for environmental compliance and their impact on competitive position & growth.,Legal,False,None,5,0.0,0.0,0.0,0.0,0.0,,5,1,4.4893339509144425,,,
79062bd8,"potential impacts on profitability and cap allocation for Estée Lauder amid divergent securities litigation outcomes, EL.",Legal,False,None,5,0.0,0.0,0.0,0.0,0.0,,5,1,4.129792097955942,,,
cd5154f0,Ticker ROST's 3rd-party cybersecurity vetting processes and fin. stability impact.,Risk,False,None,5,0.2,1.0,1.0,1.0,1.0,1,5,1,2.671124995686114,,,
f78227e4,WM's strategic impact on board governance is influenced by Mazzarella as Chairman.,Governance,False,None,5,0.2,1.0,1.0,1.0,1.0,1,5,1,4.422958008944988,,,
3ff5d1e3,"NXP's competitive dynamics vs ADI, BRCM, TI, & capex allocation.",Company overview,False,None,5,0.0,0.0,0.0,0.0,0.0,,5,1,0.3908750368282199,,,
d7200d6b,impact on liquidity & financial health from adverse legal resolution for CSX Corp.,Legal,False,None,5,0.2,1.0,0.5,0.6309297535714575,1.0,2,5,1,4.454917041584849,,,
fb29875d,Contractual obligations breakdown and payment timelines by category for Qorvo.,Footnotes,False,None,5,0.0,0.0,0.0,0.0,0.0,,5,3,3.977542044594884,,,
00e57882,"debt improvement impact on investor sentiment for PAYC, enhancing operational financial discipline.",Financials,False,None,5,0.0,0.0,0.0,0.0,0.0,,5,1,3.706166986376047,,,
027b67ae,"% change in diluted EPS FY Sept 29, 2024 vs Oct 1, 2023 for SBUX.",Financials,True,Compositional,5,0.2,1.0,1.0,1.0,1.0,1,5,1,4.6952919801697135,,,
1ed2467d,"Insights on legal compliance, HR, and risk mgmt from Cardinal Health execs, ticker at the end.",Governance,False,None,5,0.0,0.0,0.0,0.0,0.0,,5,1,5.5727079743519425,,,
d2e1cf57,Cybersecurity investment by FactSet impacts growth & positioning.,Risk,False,None,5,0.2,1.0,1.0,1.0,1.0,1,5,1,1.6492910217493773,,,
a7575049,Amphenol Corp's 5% workforce growth impact on headcount and emp-to-GM ratio.,Company overview,True,Compositional,5,0.0,0.0,0.0,0.0,0.0,,5,1,4.264958086423576,,,
18c4c8e0,Impact of Caesars Entertainment cybersecurity providers & insurance on capex/cost mgmt - CZR.,Risk,False,None,5,0.0,0.0,0.0,0.0,0.0,,5,1,3.8670420181006193,,,
3cf1bc8b,Impact on investor confidence from Rollins' cybersecurity classification reporting ROL.,Risk,False,None,5,0.0,0.0,0.0,0.0,0.0,,5,1,2.7242499636486173,,,
da7fdc74,"Impact of ADM’s dual role on strategy & risk governance, ADM.",Governance,False,None,5,0.0,0.0,0.0,0.0,0.0,,5,1,3.6316249752417207,,,
396c347d,Cencora Inc. % YoY change in FY rev & COGS impacts profitability.,Financials,True,Compositional,5,0.2,1.0,1.0,1.0,1.0,1,5,1,2.3414999013766646,,,
ca304972,Investing cash flow drivers for Fair Isaac Corp (FICO) in 2024 and the impact of mktble sec. on strategy.,Footnotes,False,None,5,0.2,1.0,1.0,1.0,1.0,1,5,1,8.071875083260238,,,
2afcec04,Growth in IP licensing and revenue recognition enhances competitive positioning for Hasbro (HAS).,Accounting,False,None,5,0.0,0.0,0.0,0.0,0.0,,5,1,4.727583029307425,,,
5e6af3ff,"5% workforce growth breakdown by FT & PT @ AZO, incl. int'l.",Company overview,True,Compositional,5,0.0,0.0,0.0,0.0,0.0,,5,1,1.676207990385592,,,
c29033f0,Calc FY24 gross margin for HPE.,Financials,True,Division,5,0.0,0.0,0.0,0.0,0.0,,5,1,1.734166988171637,,,
e49f0250,"Boeing's 2023 rev rec, TICKER, shows a detailed breakdown.",Financials,True,Addition,5,0.0,0.0,0.0,0.0,0.0,,5,1,2.6337499730288982,,,
1786ad44,CHTR geo footprint broadband comp risk valuation.,Company overview,False,None,5,0.2,1.0,1.0,1.0,1.0,1,5,1,0.49712497275322676,,,
1e77e338,"In cybersecurity risk mgmt, CTO's focus is tech strategy, while CISO handles security protocols at Henry Schein, Inc. (HSIC).",Risk,False,None,5,0.2,1.0,1.0,1.0,1.0,1,5,1,4.339166916906834,,,
ad6855c1,Long-duration purchase commitments by ADSK affect financial flexibility and cash flow.,Footnotes,False,None,5,0.0,0.0,0.0,0.0,0.0,,5,1,4.14104200899601,,,
f1cdba8f,"Hubbell's leadership transitions, governance impact on growth.",Governance,False,None,5,0.2,1.0,1.0,1.0,1.0,1,5,1,2.0605839090421796,,,
9c3492d8,"Impacts on cost and operational risk from Hasbro's global workforce and unionization efforts, considering the ticker.",Company overview,True,None,5,0.0,0.0,0.0,0.0,0.0,,5,1,5.24137495085597,,,
6973b211,Chubb trading arrangement: valuation & outlook impact of large sale vol. with ticker in focus.,Governance,False,None,5,0.2,1.0,1.0,1.0,1.0,1,5,1,4.528458928689361,,,
f7208e9f,"Breakdown of Assurant board & exec roles, ticker in the mid-sentence.",Governance,False,None,5,0.0,0.0,0.0,0.0,0.0,,5,1,4.456292022950947,,,
d4653a2c,Monitoring the variability of ACN's variable fee rev margin.,Accounting,False,None,5,0.0,0.0,0.0,0.0,0.0,,5,1,3.32437502220273,,,
d356a095,Impact on profitability from IP litigation risk for AVGO (Broadcom).,Legal,False,None,5,0.2,1.0,0.3333333333333333,0.5,1.0,3,5,1,3.4543750807642937,,,
d1e5de21,The impact of dilution from share surrenders vs. repurchases for UDR.,Shareholder return,False,None,5,0.2,1.0,0.5,0.6309297535714575,1.0,2,5,1,4.9986670492216945,,,
c2c9297a,HOLX diluted shrs grth ratio FY23-FY24.,Financials,True,Division,5,0.0,0.0,0.0,0.0,0.0,,5,1,0.33004197757691145,,,
844a8a61,Ops capex cash flow insights for J&J discontinued in 2023.,Footnotes,False,None,5,0.0,0.0,0.0,0.0,0.0,,5,1,4.028916009701788,,,
24de6aad,"monthly share repurchase breakdown at BlackRock, Inc. (BLK): volume & avg price details",Shareholder return,False,None,5,0.2,1.0,0.3333333333333333,0.5,1.0,3,5,1,2.355957985855639,,,
9f3a40f5,BB increased capex impact on comp. positioning & long-term profit across geogs & segments.,Footnotes,False,None,5,0.0,0.0,0.0,0.0,0.0,,5,1,2.737084054388106,,,
25bf25cd,SPG's legal proceedings assumptions impact the overall investment outlook.,Legal,False,None,5,0.0,0.0,0.0,0.0,0.0,,5,1,2.8295000083744526,,,
24b50ba1,AMD's legal proceedings may impact risk profile & financial stability.,Legal,False,None,5,0.0,0.0,0.0,0.0,0.0,,5,1,2.458500093780458,,,
4421cd61,"NEM exec age, role mix, and LT growth vs. peers.",Governance,False,None,5,0.0,0.0,0.0,0.0,0.0,,5,1,2.360666054300964,,,
670faf88,Truist's 3-yr trend in provisions for credit losses reflects their risk mngmt and asset quality; TFC.,Footnotes,False,None,5,0.0,0.0,0.0,0.0,0.0,,5,1,5.147374933585525,,,
aaa9813e,"Insights on capital allocation, buybacks vs. WELL OP unit redemption.",Shareholder return,False,None,5,0.0,0.0,0.0,0.0,0.0,,5,1,2.273165970109403,,,
34867795,"SHOP, 2023 capex breakdown: vs med/research vs T-Net.",Footnotes,False,None,5,0.4,1.0,0.3333333333333333,0.5706417189553201,1.0,3,5,2,1.937583088874817,,,
78855844,FY23 svc rev proj of 10% growth for IRM.,Financials,True,Multiplication,5,0.0,0.0,0.0,0.0,0.0,,5,1,3.2539579551666975,,,
b9b30920,"Trends in buyback activity, volume, cost, and future strategy insights for Veralto Corp (VLTO).",Shareholder return,False,None,5,0.0,0.0,0.0,0.0,0.0,,5,1,4.801625036634505,,,
73531f36,Leadership roles at TROW impact profit & cap allocation.,Governance,False,None,5,0.0,0.0,0.0,0.0,0.0,,5,1,1.6334999818354845,,,
013b2cfe,"FICO geo risk exposure and governance mitigation for workforce, ticker in focus.",Company overview,True,None,5,0.0,0.0,0.0,0.0,0.0,,5,1,4.402416991069913,,,
39bd185d,Monitoring liquidity & working capital for unbilled rev at CMS Energy.,Accounting,False,None,5,0.2,1.0,1.0,1.0,1.0,1,5,1,2.9084159759804606,,,
5f92bac6,Impact of $138.6M drop in investing cash on trade-off b/t biz acquisitions vs. increased RE/capex for EQIX.,Footnotes,False,None,5,0.2,0.5,0.5,0.38685280723454163,0.7289507772020726,2,5,2,5.751333083026111,,,
dc897f8d,Coca-Cola's exec appointments (KO) could influence competitive positioning and drive profitability.,Governance,False,None,5,0.2,1.0,0.25,0.43067655807339306,1.0,4,5,1,2.4117499124258757,,,
ba30aee9,"Comp. pos. risk, opp., cap alloc., growth for WAT.",Company overview,False,None,5,0.0,0.0,0.0,0.0,0.0,,5,1,1.858667004853487,,,
1c41ffb9,Q4 2023 Ameriprise Financial (AMP) share repurchase program vs. employee transactions' prop'n and cap return strategy.,Shareholder return,False,None,5,0.2,1.0,1.0,1.0,1.0,1,5,1,4.484584089368582,,,
19b7c6f7,Loews Corp's policy benefit reserves timeline & >5 yr payment impact on long-term cash flow.,Footnotes,False,None,5,0.2,1.0,1.0,1.0,1.0,1,5,1,3.2965419813990593,,,
718d1e39,"In examining Starbucks' SBUX ops risk, the mix of US vs intl employees and the impacts of unionization is crucial.",Company overview,True,None,5,0.0,0.0,0.0,0.0,0.0,,5,1,6.161582889035344,,,
369617bd,Oct-Nov avg price diffusion for GoDaddy (GDY) and its valuation alongside mkt impact.,Shareholder return,False,None,5,0.0,0.0,0.0,0.0,0.0,,5,1,3.6892499774694443,,,
e2c279bd,"Stability of labor costs at Cardinal Health, operational flex, and union dynamics in dist. centers.",Company overview,True,Multiplication,5,0.0,0.0,0.0,0.0,0.0,,5,1,5.168832954950631,,,
ace1c9cf,"Audit oversight of the GEHC CISO role impacts investor confidence and valuation, GEHC.",Risk,False,None,5,0.0,0.0,0.0,0.0,0.0,,5,1,4.494333057664335,,,
4c5e2a6c,D. Energy shareholders assess cap alloc. uncertainty and cash flow outlook.,Footnotes,False,None,5,0.0,0.0,0.0,0.0,0.0,,5,1,2.9029169818386436,,,
8837ca8c,KMI's collab on cyber & resilience.,Risk,False,None,5,0.0,0.0,0.0,0.0,0.0,,5,1,1.5987909864634275,,,
4b98d159,"Impact of Lamb Weston competition on cap allocation & risk mitigation, LW.",Company overview,False,None,5,0.0,0.0,0.0,0.0,0.0,,5,1,3.517500008456409,,,
5db9192c,Capital spending risks & opps in the energy mkt with DVN across regions.,Footnotes,False,None,5,0.0,0.0,0.0,0.0,0.0,,5,1,4.934625001624227,,,
7786f044,Legal proceedings & litigation risk trend analysis for PTC.,Legal,False,None,5,0.0,0.0,0.0,0.0,0.0,,5,1,2.3049170849844813,,,
b5cc8281,"NOC's contract win rate vs peers, ticker NOC, and its impact on profitability as per recent metrics.",Company overview,False,None,5,0.0,0.0,0.0,0.0,0.0,,5,1,4.915500059723854,,,
507e0088,$ORCL $11bn unrecog tax benefits impact if unresolved FY2025.,Footnotes,False,None,5,0.0,0.0,0.0,0.0,0.0,,5,1,1.31929200142622,,,
7e3accf3,Predictability of recurring rev for ABNB.,Accounting,False,None,5,0.0,0.0,0.0,0.0,0.0,,5,1,2.920375089161098,,,
27bd3f33,"eBay's legal loss accrual disclosure criteria are based on estimates of probable losses, severity, and the likelihood of an unfavorable outcome.",Legal,False,None,5,0.0,0.0,0.0,0.0,0.0,,5,1,7.414250052534044,,,
3f45fc5a,DVA's incremental shared savings impact on IKC revenue growth.,Accounting,False,None,5,0.2,1.0,1.0,1.0,1.0,1,5,1,2.174125052988529,,,
812427c4,Ticker SNA's portfolio margin profitability vs. peers.,Company overview,False,None,5,0.0,0.0,0.0,0.0,0.0,,5,1,0.3341659903526306,,,
3d566001,Impact on MMC legal claims E&O business line for professional services.,Legal,False,None,5,0.2,1.0,0.25,0.43067655807339306,1.0,4,5,1,4.285000031813979,,,
9852f9f6,Impact of DPZ on capex eff. & segment perf. via transfer pricing.,Footnotes,False,None,5,0.0,0.0,0.0,0.0,0.0,,5,1,3.3156670397147536,,,
38e0b21f,"High-growth end-use % for Eastman revenue and peer positioning, ticker at the end.",Company overview,False,None,5,0.0,0.0,0.0,0.0,0.0,,5,4,5.088916048407555,,,
aba93fa2,OTIS's LT debt adjustments influence its financing strategy trends.,Financials,False,None,5,0.0,0.0,0.0,0.0,0.0,,5,1,1.625541946850717,,,
ad2255cc,AAPL's competitive positioning involves a product mix pricing strategy for high-end smartphones & personal computing.,Company overview,False,None,5,0.0,0.0,0.0,0.0,0.0,,5,2,3.4865420311689377,,,
86603962,YoY trend in BAX's legal/enviro reserves & risk exposure.,Legal,False,None,5,0.0,0.0,0.0,0.0,0.0,,5,1,2.393290982581675,,,
d7cb4ad9,"FR - litigation risk mitigation for contingent liabilities, ticker at the end.",Legal,False,None,5,0.0,0.0,0.0,0.0,0.0,,5,1,4.0257090004161,,,
431f6e40,"CFG's repurchase program involves open market vs private transactions, which raises liquidity risks and regulatory concerns, specifically for the ticker CFG.",Shareholder return,False,None,5,0.0,0.0,0.0,0.0,0.0,,5,1,5.613000015728176,,,
54fc47f3,Cadence's strategic moves indicate a positive growth & valuation outlook.,Governance,False,None,5,0.0,0.0,0.0,0.0,0.0,,5,1,1.824915991164744,,,
fea9f417,"Succession planning, exec age dist, and mgmt stability at ON Semiconductor.",Governance,False,None,5,0.0,0.0,0.0,0.0,0.0,,5,1,3.4686250146478415,,,
0bb2b4c4,Welltower Inc.'s (WELL) board expertise significantly influences its strategy & profitability.,Governance,False,None,5,0.0,0.0,0.0,0.0,0.0,,5,1,2.124292077496648,,,
a04e52e5,Packaging Corp. of America’s (PKG) ASU 2014-09 rev rec on shipment.,Accounting,False,None,5,0.2,1.0,1.0,1.0,1.0,1,5,1,3.0958750285208225,,,
e54226dd,"The competitive edge and future outlook for LW, in the context of the CIDO role, is critical.",Governance,False,None,5,0.0,0.0,0.0,0.0,0.0,,5,1,6.905707996338606,,,
f6441df7,"When analyzing CMS Energy's investments & postretirement benefits, it's crucial to consider how it balances these against physical assets, ensuring effective capital allocation & robust risk mgmt.",Footnotes,False,None,5,0.2,1.0,0.3333333333333333,0.5,1.0,3,5,1,4.6707079745829105,,,
22235d0d,Implications of cap structure due to TMO LT obligations change for 2022-23; ticker in last position.,Financials,False,None,5,0.0,0.0,0.0,0.0,0.0,,5,1,6.375040975399315,,,
bb59dbb8,"$HST hurricane recovery: ins. proceeds vs cap needs, risks in $310M recovery.",Footnotes,False,None,5,0.2,1.0,0.25,0.43067655807339306,1.0,4,5,1,2.307582995854318,,,
2777ae20,Variability in refund costs associated with shipping labels impacts ETSY's net revenue recognition.,Accounting,False,None,5,0.2,1.0,1.0,1.0,1.0,1,5,1,3.946000011637807,,,
74ebf8b7,Maturities of Jabil lease obligations and associated risk contingencies.,Footnotes,False,None,5,0.0,0.0,0.0,0.0,0.0,,5,1,3.9037499809637666,,,
da7cafb0,CDW's acquisition activity aligns with strategic growth objectives.,Footnotes,False,None,5,0.0,0.0,0.0,0.0,0.0,,5,2,1.9433338893577456,,,
12c8d070,Impact of ORI marketing initiatives on rev margins in the professional segment.,Company overview,False,None,5,0.0,0.0,0.0,0.0,0.0,,5,1,5.319416988641024,,,
32b8785a,NFLX's Q4 2023 buyback price trend and mkt cond implications.,Shareholder return,False,None,5,0.0,0.0,0.0,0.0,0.0,,5,2,3.2190410420298576,,,
b284eadb,Impact of working capital & non-cash adjustments on cash flow ops for Schlumberger (SLB).,Footnotes,False,None,5,0.2,1.0,1.0,1.0,1.0,1,5,1,4.964416031725705,,,
8e20ea79,"Reconciliation of current yr op expenses for Accenture, ACN.",Financials,True,Addition,5,0.2,1.0,0.5,0.6309297535714575,1.0,2,5,1,3.5892920568585396,,,
de4855e3,Boeing execs’ career paths & cap allocation effects on profit.,Governance,False,None,5,0.2,1.0,0.3333333333333333,0.5,1.0,3,5,1,1.6617919318377972,,,
d9c72fa3,"MSCI share count and avg price for repurchase activity: Oct vs Nov 2023, ticker at end.",Shareholder return,False,None,5,0.0,0.0,0.0,0.0,0.0,,5,1,4.993707989342511,,,
1e84910b,Impact on cost efficiency and service delivery from DGX employee distribution.,Company overview,True,Compositional,5,0.0,0.0,0.0,0.0,0.0,,5,1,4.395750002004206,,,
d7ed9aeb,Impact of ultimate claims est. on prof. for TRV.,Legal,False,None,5,0.0,0.0,0.0,0.0,0.0,,5,1,4.018625011667609,,,
b3d0a81b,2023 estimate for dialysis svc volume at DaVita.,Financials,True,Multiplication,5,0.2,1.0,1.0,1.0,1.0,1,5,1,3.2299580052495003,,,
9ded89bc,Impact of training & leadership investments on competitive positioning and sustainable growth: Nordson Corp.,Governance,False,None,5,0.2,1.0,1.0,1.0,1.0,1,5,1,4.656665958464146,,,
700691de,"NIM for Synchrony Financial in 2023 vs. 2022, 2021.",Financials,True,Division,5,0.0,0.0,0.0,0.0,0.0,,5,1,5.0995839992538095,,,
f320a2bf,YoY % calc for payroll exp impact from headcount at IQVIA.,Company overview,True,Compositional,5,0.0,0.0,0.0,0.0,0.0,,5,1,3.2331669935956597,,,
27b25e74,"CHRW's financing strategy for share buybacks impacts returns for shareholders, CHRW.",Footnotes,False,None,5,0.0,0.0,0.0,0.0,0.0,,5,1,2.5328330229967833,,,
b55c23cb,Impact on long-term strategy from ETN's leadership succession timeline.,Governance,False,None,5,0.0,0.0,0.0,0.0,0.0,,5,1,3.13241605181247,,,
d482850b,DGX's mgmt strategies & legal reserves impact on valuation & capital allocation amid proceedings.,Legal,False,None,5,0.0,0.0,0.0,0.0,0.0,,5,1,2.589375013485551,,,
f1cbc84d,B&BW's mktg spend influences profit & cash flow trends.,Company overview,False,None,5,0.0,0.0,0.0,0.0,0.0,,5,1,1.1377920163795352,,,
5ac4bc2c,Cybersecurity reporting oversight by PSA board impacts valuation.,Risk,False,None,5,0.0,0.0,0.0,0.0,0.0,,5,1,2.0502919796854258,,,
e4fdee0b,Repurchase share counts and avg prices for Q4 FY23 from Snap-on.,Shareholder return,False,None,5,0.2,1.0,0.5,0.6309297535714575,1.0,2,5,1,4.708040971308947,,,
f97bf668,Apple Inc. 2024 reconciliation impact: R&D & corporate exp. vs AAPL profitability in prior yrs.,Footnotes,False,None,5,0.0,0.0,0.0,0.0,0.0,,5,1,3.4522920614108443,,,
1575095d,Cap allocation risk mgmt for FedEx's aircraft purchase agreement.,Footnotes,False,None,5,0.0,0.0,0.0,0.0,0.0,,5,1,2.2341249277815223,,,
3edacec7,"CapEx change for Agilent 23-24, segmented breakdown (A) by ticker.",Footnotes,False,None,5,0.0,0.0,0.0,0.0,0.0,,5,1,3.465208923444152,,,
a2c621fd,"CapEx risk factors at SRE, valuation impact, and investor returns.",Footnotes,False,None,5,0.0,0.0,0.0,0.0,0.0,,5,2,3.214250085875392,,,
656455d6,"The impact of AES repayment activities on leverage and overall financial health, noted under the ticker, is significant.",Footnotes,False,None,5,0.0,0.0,0.0,0.0,0.0,,5,1,7.257041055709124,,,
c9016c65,"Sysco's board governance controls to manage conflicts with active decision-makers, SYY.",Governance,False,None,5,0.0,0.0,0.0,0.0,0.0,,5,1,3.4500410547479987,,,
653eadf0,The impact of DuPont's cybersecurity on capital allocation (DD) and cost savings is significant.,Risk,False,None,5,0.2,1.0,1.0,1.0,1.0,1,5,1,6.274667102843523,,,
329c18e6,Litigation risk comm in risk assessment & cap allocation may affect future growth for ETSY.,Legal,False,None,5,0.0,0.0,0.0,0.0,0.0,,5,1,4.139209049753845,,,
610cf53c,CDW's cybersecurity (cyber) investments can significantly enhance competitive positioning & drive growth.,Risk,False,None,5,0.0,0.0,0.0,0.0,0.0,,5,1,1.5352079644799232,,,
a062a9e8,Capex allocation trends by segment for LHX reveal strategic implications.,Footnotes,False,None,5,0.0,0.0,0.0,0.0,0.0,,5,1,2.7512089582160115,,,
dd21ae68,The impact of WBD's (Warner Bros. Discovery) content/IP strength on sustained ROI.,Company overview,False,None,5,0.2,1.0,0.5,0.6309297535714575,1.0,2,5,1,4.042666987515986,,,
3503c79f,"Trends in cash flow for Eversource Energy vs commitments in capex, ES.",Shareholder return,False,None,5,0.0,0.0,0.0,0.0,0.0,,5,1,3.5381250781938434,,,
fed4ba99,CME's credit facility increase conditions & approval reqs.,Shareholder return,False,None,5,0.2,1.0,0.5,0.6309297535714575,1.0,2,5,1,0.9367080638185143,,,
6d5817b7,Labcorp Holdings Inc. (LH) can improve investor confidence and long-term performance via enhanced cybersecurity training for senior IT staff.,Risk,False,None,5,0.0,0.0,0.0,0.0,0.0,,5,1,4.855250008404255,,,
8fa98b3b,Non-op impact on margins risk growth FY24 MDT.,Financials,True,Compositional,5,0.0,0.0,0.0,0.0,0.0,,5,1,2.3497079964727163,,,
2d81ac79,"class actions, legal outcomes, and risk mgmt at Regions Fin. (RF)",Legal,False,None,5,0.2,1.0,1.0,1.0,1.0,1,5,1,3.222582978196442,,,
1f0b79d2,APD's union coverage within the workforce comp. poses competitive risk.,Company overview,True,None,5,0.0,0.0,0.0,0.0,0.0,,5,1,2.661040984094143,,,
8ebfaf3d,Cumulative net income for FY22-24 for LW.,Financials,True,Addition,5,0.0,0.0,0.0,0.0,0.0,,5,1,2.4682909715920687,,,
ca75d4b8,Indemnification from AMETEK affects valuation models and potential future liabilities.,Legal,False,None,5,0.0,0.0,0.0,0.0,0.0,,5,1,3.303583012893796,,,
f0e35cd1,exec role dist. strat. supp. MSFT op. eff.,Governance,False,None,5,0.0,0.0,0.0,0.0,0.0,,5,1,0.13699999544769526,,,
f9294e30,Revenue allocation for SPGI multi-element contracts requires stand-alone price estimation.,Accounting,False,None,5,0.0,0.0,0.0,0.0,0.0,,5,1,2.5214169872924685,,,
a6d22460,$167M cash change in drivers vs Fiber investments by CCI.,Footnotes,False,None,5,0.0,0.0,0.0,0.0,0.0,,5,1,3.1985000241547823,,,
7992669b,"Oper. & non-op. recon for VZ 2023 vs. income b4 tax, ticker at end.",Financials,True,Addition,5,0.0,0.0,0.0,0.0,0.0,,5,1,3.8377499440684915,,,
a633fa61,Impact on capital allocation of ETR's $500M repurchase program vs. funding for stock comp?,Shareholder return,False,None,5,0.0,0.0,0.0,0.0,0.0,,5,1,4.790875012986362,,,
7a96bfd1,"OI of $1,075.1M / Packaging Corp of America / on $7,802.4M in sales reflects multiplier analysis.",Financials,True,Multiplication,5,0.2,1.0,1.0,1.0,1.0,1,5,1,4.383208113722503,,,
4155a4e6,"Allegion plc's Dec share acquisition vs auth repurchase & mgmt sentiment, ALLE.",Shareholder return,False,None,5,0.0,0.0,0.0,0.0,0.0,,5,1,1.086666015908122,,,
ab7583b9,Impact on growth from KLAC's human capital & inclusion governance.,Governance,False,None,5,0.0,0.0,0.0,0.0,0.0,,5,1,3.057749941945076,,,
699a930e,YoY employee type diff cap allocation for PARA at Paramount Global.,Company overview,True,Subtract,5,0.0,0.0,0.0,0.0,0.0,,5,1,2.7607500087469816,,,
be713b4a,"AAL's cybersecurity integration into ERM, ticker AAL, and its impact on ops/financial stability.",Risk,False,None,5,0.0,0.0,0.0,0.0,0.0,,5,1,4.095957963727415,,,
adf7d8bc,"Cybersecurity oversight, investor assurance, and operational resilience, according to Moody's.",Risk,False,None,5,0.0,0.0,0.0,0.0,0.0,,5,1,3.5117079969495535,,,
295e8403,OXY air quality settlement 2016-2019 compliance risk mgmt.,Legal,False,None,5,0.2,1.0,0.3333333333333333,0.5,1.0,3,5,1,1.2083749752491713,,,
c0e6e178,JCI's global workforce non-US %.,Company overview,True,Division,5,0.0,0.0,0.0,0.0,0.0,,5,1,1.2767079751938581,,,
3f42ab2a,"Impact on transparency of internal controls due to CFO/PAO signatories at Edwards Lifesciences, EW.",Governance,False,None,5,0.0,0.0,0.0,0.0,0.0,,5,1,4.95316693559289,,,
5c8c3895,IDEXX: effect of omitting indirect taxes on rev/profit accuracy.,Accounting,False,None,5,0.0,0.0,0.0,0.0,0.0,,5,1,3.326416015625,,,
ca873f8d,INTC faces class action uncertainties that could affect financial exposure & valuation impact.,Legal,False,None,5,0.0,0.0,0.0,0.0,0.0,,5,1,2.8271659975871444,,,
e6e812ef,"Merger fees, risk mgt., and economics related to Synopsys.",Footnotes,False,None,5,0.2,1.0,1.0,1.0,1.0,1,5,1,3.782666986808181,,,
cf341379,Div cash flow impact from HCA in 2023-Jan24.,Shareholder return,False,None,5,0.0,0.0,0.0,0.0,0.0,,5,1,3.871374996379018,,,
e325dfe4,GPM for TSN FY24 compared to historical margins.,Financials,True,Compositional,5,0.0,0.0,0.0,0.0,0.0,,5,1,2.758749993517995,,,
2005db25,Predictability of Halliburton's (HAL) revenue from short-term contracts.,Accounting,False,None,5,0.0,0.0,0.0,0.0,0.0,,5,1,3.5599590046331286,,,
fc3efda3,08/08/24 sign-off by FOX Corp board implications on gov. & inv. confidence.,Governance,False,None,5,0.0,0.0,0.0,0.0,0.0,,5,1,2.7506250189617276,,,
a426d41b,"Impact of cyclical pricing on short-term profitability @ Everest Group, Ltd.",Company overview,False,None,5,0.2,1.0,0.2,0.38685280723454163,1.0,5,5,1,3.6738329799845815,,,
9c032dcb,CDNS cash outflow decline impacts biz combinations & acquisition strat for growth.,Footnotes,False,None,5,0.0,0.0,0.0,0.0,0.0,,5,1,2.3724160855636,,,
7552ea63,2023 capex vs EBITDA segment efficiency for LYB.,Footnotes,False,None,5,0.0,0.0,0.0,0.0,0.0,,5,1,2.6851670118048787,,,
49abe0b6,Impact of BF ad/promos & NPI on comp positioning & LT growth: Ticker.,Company overview,False,None,5,0.0,0.0,0.0,0.0,0.0,,5,1,3.1549580162391067,,,
c6cb8e43,"Verisk's (VRSK) subscription model impacts op efficiency, profitability, & cash flow.",Governance,False,None,5,0.2,1.0,1.0,1.0,1.0,1,5,1,0.9606669191271067,,,
429baa16,Lic. settl. impact on liquidity from Zebra accrual liab.,Legal,False,None,5,0.0,0.0,0.0,0.0,0.0,,5,1,2.479666960425675,,,
21c9dee5,Constellation Energy Corp (CEG) updates asbestos liability calc & actuarial assumptions for 2055.,Legal,False,None,5,0.2,1.0,1.0,1.0,1.0,1,5,1,2.161749987863004,,,
70b252aa,"Uncertainty from Medtronic's legal loss could affect forecasts and valuations, MDT.",Legal,False,None,5,0.0,0.0,0.0,0.0,0.0,,5,1,3.5717079881578684,,,
211a073f,DIS seasonal ad rev & linear sports impact on profit risk mitigation.,Company overview,False,None,5,0.2,0.3333333333333333,0.3333333333333333,0.23463936301137822,0.4113136820582723,3,5,3,2.1389579633250833,,,
09f09387,Impact on D/E ratio & leverage from POOL LT debt decline in 2022-23.,Financials,False,None,5,0.0,0.0,0.0,0.0,0.0,,5,2,4.657874931581318,,,
4515afcf,$EQIX $13.2B debt impact on BS.,Footnotes,False,None,5,0.2,1.0,0.3333333333333333,0.5,1.0,3,5,1,2.135584014467895,,,
5b6f4eca,"When it comes to HCA cybersecurity metrics, the focus is on IT capex decisions.",Risk,False,None,5,0.0,0.0,0.0,0.0,0.0,,5,1,5.0460409838706255,,,
e4f33ef2,Impact on op risk & growth from Bristol-Myers Squibb's workforce dist. BMY.,Company overview,True,None,5,0.0,0.0,0.0,0.0,0.0,,5,1,2.7020840207114816,,,
841a80b5,Internal controls for performance obligations and revenue reliability at PANW.,Accounting,False,None,5,0.2,1.0,1.0,1.0,1.0,1,5,1,4.212916945107281,,,
acc5cce6,Coterra Energy (CTRA) salaried vs hourly mix shows core ops vs GasSearch cost/flexibility.,Company overview,True,Division,5,0.2,1.0,1.0,1.0,1.0,1,5,1,0.9158339817076921,,,
abba843d,"Impact of FS interim arbitration award on 2023 financials & future outlook - First Solar, Inc. (FSLR).",Legal,False,None,5,0.2,1.0,1.0,1.0,1.0,1,5,1,4.320792038924992,,,
c5882e76,Hubbell's growth potential in operational planning and contractual predictability. HUBB.,Footnotes,False,None,5,0.0,0.0,0.0,0.0,0.0,,5,1,3.5215840907767415,,,
b9ba7917,"Weyerhaeuser's update on corporate governance & insider trading for Q4 2023, WY.",Governance,False,None,5,0.0,0.0,0.0,0.0,0.0,,5,1,3.753375029191375,,,
1943dd36,NiSource; liquidity impact from pipeline service obligations in 2024-2025.,Footnotes,False,None,5,0.2,1.0,0.5,0.6309297535714575,1.0,2,5,1,3.9824999403208494,,,
752304f8,Impact on valuation from AMGN biosimilar acceptance vs originator decline.,Company overview,False,None,5,0.2,1.0,1.0,1.0,1.0,1,5,1,2.4072080850601196,,,
5671a20a,2023 operating inc calc for MOH.,Financials,True,Subtract,5,0.0,0.0,0.0,0.0,0.0,,5,1,3.1193330651149154,,,
e2e1a42c,"OPEX, Atmos Energy (ATO) cybersecurity investments, cash flow, long-term financial health.",Risk,False,None,5,0.2,1.0,1.0,1.0,1.0,1,5,1,2.6588330511003733,,,
161a41d9,Timing of revenue recognition by service for TROW (T. Rowe Price).,Accounting,False,None,5,0.0,0.0,0.0,0.0,0.0,,5,1,4.592666984535754,,,
148300cd,"2022-2023 category shifts in M&T Bank's credit commitments, ticker MTBC.",Footnotes,False,None,5,0.0,0.0,0.0,0.0,0.0,,5,1,3.874582936987281,,,
ed746c33,Cash flow & cap alloc implications of IRM's ASC 842 storage rev rec vs other lines.,Accounting,False,None,5,0.2,1.0,1.0,1.0,1.0,1,5,1,3.536249976605177,,,
7d0f1bd6,PSEG FY23 energy cost ratio vs FY22/21.,Financials,True,Division,5,0.0,0.0,0.0,0.0,0.0,,5,1,0.8445830317214131,,,
ac9ac6a4,LMT's share repurchase auth value & cap allocation implications as of 12/31/23.,Shareholder return,False,None,5,0.0,0.0,0.0,0.0,0.0,,5,1,4.540666937828064,,,
2cb2831f,"Maturity, coupon, and interest expense impact of senior notes for INTU 2020/2023.",Footnotes,False,None,5,0.0,0.0,0.0,0.0,0.0,,5,2,5.85566705558449,,,
04aed8fa,FENR financing structure: internal vs. external.,Financials,False,None,5,0.0,0.0,0.0,0.0,0.0,,5,1,0.7362921023741364,,,
3348e026,LRCX yr NPM restructuring charges impact ana.,Financials,True,Compositional,5,0.0,0.0,0.0,0.0,0.0,,5,1,0.6220840150490403,,,
cf8ad4c5,DE proj net inc w/ 12% rev grow at const marg.,Financials,True,Multiplication,5,0.0,0.0,0.0,0.0,0.0,,5,1,2.1306249545887113,,,
bb019522,"Filing dated Feb 28, 2024, shows board composition & dir. roles for Devon Energy (DVN).",Governance,False,None,5,0.0,0.0,0.0,0.0,0.0,,5,1,2.84008402377367,,,
09378347,Hess's positioning in mkt share prof. amid renewable & alt fuel competition.,Company overview,False,None,5,0.0,0.0,0.0,0.0,0.0,,5,1,2.534041996113956,,,
5d422a98,"Lululemon, ticker LULU, excels in premium branding & tech innovation, impacting its market position vs. competitors.",Company overview,False,None,5,0.0,0.0,0.0,0.0,0.0,,5,1,2.9224170139059424,,,
e32c413c,"CSGP's deferred rev, contract asset, and liquidity mgt impact.",Accounting,False,None,5,0.0,0.0,0.0,0.0,0.0,,5,1,2.6453329483047128,,,
d91c09dd,Impact of culture diversity on talent retention @ XYL.,Company overview,True,None,5,0.0,0.0,0.0,0.0,0.0,,5,1,3.346709068864584,,,
43dcb89c,"Buyback vol & avg prices for DOM in Oct-Dec 2023, ticker.",Shareholder return,False,None,5,0.0,0.0,0.0,0.0,0.0,,5,1,3.6721660289913416,,,
bf15f4c6,"The competitive landscape for QUALCOMM has significant implications for its pricing power, with competition from key players influencing market dynamics and profit margins, especially given the ticker QCOM.",Company overview,False,None,5,0.0,0.0,0.0,0.0,0.0,,5,1,7.0296250050887465,,,
83e36165,2023 stock repurchase overview for AMGN.,Shareholder return,False,None,5,0.0,0.0,0.0,0.0,0.0,,5,1,2.882958040572703,,,
2a8785e8,Impact on admin fee & bundled svc rev rec by PFG output method for long-term retirement & IRA contracts.,Accounting,False,None,5,0.2,1.0,1.0,1.0,1.0,1,5,1,4.140750039368868,,,
81793c8a,Repurchase program by BRK.A reflects optimal capital allocation & enhances valuation.,Shareholder return,False,None,5,0.0,0.0,0.0,0.0,0.0,,5,1,3.0842499108985066,,,
47a2df3c,Impact of MTB 2023 CapEx on competitiveness & profitability amid NII & noninterest income for ticker.,Footnotes,False,None,5,0.0,0.0,0.0,0.0,0.0,,5,1,4.852541955187917,,,
edfa81d5,Effect on pre-tax income & margin from non-op items for 2023 FSLR vs historical.,Financials,True,Compositional,5,0.0,0.0,0.0,0.0,0.0,,5,1,4.969957983121276,,,
136a0685,"HCA’s revenue & valuation are influenced by outpatient & alt care strategies, HCA.",Company overview,False,None,5,0.2,1.0,0.3333333333333333,0.5,1.0,3,5,1,2.4632919812574983,,,
5cc3c115,ACGL's strategic partnerships and niche init's influence on LT growth and valuation.,Company overview,False,None,5,0.2,0.5,0.25,0.2640681225725909,0.9230270970527906,4,5,2,3.119249944575131,,,
e0c6aba2,Impact on financial performance from NVR's cybersecurity tabletop exercises.,Risk,False,None,5,0.2,1.0,1.0,1.0,1.0,1,5,1,3.5290829837322235,,,
fc666c4f,HLS reporting impact on segment efficiency and cap allocation scrutiny at STERIS plc.,Footnotes,False,None,5,0.0,0.0,0.0,0.0,0.0,,5,1,3.7790420465171337,,,
21526d75,KMI: stability of insider trade vs disclosures on corp gov & risk mgmt.,Governance,False,None,5,0.0,0.0,0.0,0.0,0.0,,5,1,3.1442500185221434,,,
779617bb,NI (NI+NCI) comparison for Omnicom from 2021-2023.,Financials,True,Addition,5,0.2,1.0,1.0,1.0,1.0,1,5,1,3.5487080458551645,,,
ce2e6365,"Impact of UAL's legal proceedings on profitability & competitive positioning, UAL.",Legal,False,None,5,0.2,1.0,1.0,1.0,1.0,1,5,1,3.6009589675813913,,,
e33acd25,"Drivers of Linde APAC sales growth: volume, price/mix, currency impact; ticker in last position.",Footnotes,False,None,5,0.2,0.5,1.0,0.6131471927654584,0.666970802919708,1,5,2,4.491041065193713,,,
745bcee6,CAC & rev growth impact via ROST digital mktg.,Company overview,False,None,5,0.0,0.0,0.0,0.0,0.0,,5,2,0.7541669765487313,,,
0fb9e4fb,"Comcast faces capital allocation risks amid tech, reg, & comp pressures.",Footnotes,False,None,5,0.0,0.0,0.0,0.0,0.0,,5,1,1.017291913740337,,,
f97bb546,"Costco's net income growth influences EPS and per-share profit trends, COST.",Financials,True,Compositional,5,0.2,1.0,0.2,0.38685280723454163,1.0,5,5,1,3.677375032566488,,,
85316f01,Transaction price adjustments (Brown-Forman) & revenue volatility controls.,Accounting,False,None,5,0.0,0.0,0.0,0.0,0.0,,5,1,1.366417040117085,,,
f9607339,"Correlation between exec tenure at General Mills, profitability, and cash flow stability, GIS.",Governance,False,None,5,0.2,1.0,0.3333333333333333,0.5,1.0,3,5,1,3.3011249033734202,,,
e606e901,Impact on liquidity and profitability from KMI's 2023 capex.,Footnotes,False,None,5,0.0,0.0,0.0,0.0,0.0,,5,1,4.416499985381961,,,
45d8a5f3,Impact of refranchising on cost struc. & op. leverage under CBAs for The Coca-Cola Co.,Company overview,True,None,5,0.0,0.0,0.0,0.0,0.0,,5,1,5.641708034090698,,,
ea5f5acc,MPS talent retention risk impacts ops stability & innovation.,Company overview,True,None,5,0.0,0.0,0.0,0.0,0.0,,5,1,0.8002499816939235,,,
03d51e63,Avg share price change for Realty Income in Q4 2023 & mkt implications.,Shareholder return,False,None,5,0.2,1.0,0.5,0.6309297535714575,1.0,2,5,1,4.539416986517608,,,
f5053c04,"MCD insider ownership shift impacts cap allocation, strategic investments, and mgmt confidence.",Governance,False,None,5,0.0,0.0,0.0,0.0,0.0,,5,1,2.534167026169598,,,
85c9c592,Ctg obligations' impact on WBA's (Walgreens Boots Alliance) cap allocation & growth investments.,Footnotes,False,None,5,0.0,0.0,0.0,0.0,0.0,,5,1,2.454916015267372,,,
531d5c83,"Bath & Body Works' board dir. count & oversight mix, with the ticker noted in the midst.",Governance,False,None,5,0.0,0.0,0.0,0.0,0.0,,5,1,4.3217920465394855,,,
515e2ddc,Synopsys faces human capital risk due to its global skilled workforce cost structure impacting competitive positioning $SNPS.,Company overview,True,None,5,0.0,0.0,0.0,0.0,0.0,,5,1,4.0160000789910555,,,
6d2cfe43,CINC's earned prem. vs rev. growth for 2022-23.,Financials,True,Compositional,5,0.0,0.0,0.0,0.0,0.0,,5,1,2.597833052277565,,,
d26205ea,"Principal Financial Group's transition activities, along with the impact of financial dry runs, could affect performance comparability, especially in growth.",Governance,False,None,5,0.2,1.0,1.0,1.0,1.0,1,5,1,6.766916951164603,,,
f56cac42,Reimbursement models in HLT impact margins & op. efficiency.,Accounting,False,None,5,0.0,0.0,0.0,0.0,0.0,,5,1,2.3268749937415123,,,
e8161744,"Competitive edge of Sysco in multi-regional market share vs local distros, ticker positioned last.",Company overview,False,None,5,0.2,1.0,1.0,1.0,1.0,1,5,1,4.27316699642688,,,
da2822c4,7.7M disgorgement recovery rate from NiSource FERC.,Legal,False,None,5,0.0,0.0,0.0,0.0,0.0,,5,1,1.6181250102818012,,,
013def13,Risk mgmt. & liquidity insights for repurchase program at Healthpeak Properties (PEAK).,Shareholder return,False,None,5,0.0,0.0,0.0,0.0,0.0,,5,1,3.054083092138171,,,
9372f314,How do contractual commitments from Newmont (NEM) affect capital allocation and market positioning?,Footnotes,False,None,5,0.0,0.0,0.0,0.0,0.0,,5,1,3.905833000317216,,,
06cbd247,GPM 2023 EFX vs 21-22.,Financials,True,Compositional,5,0.0,0.0,0.0,0.0,0.0,,5,1,1.5467089833691716,,,
dabd92d9,"CAPEX trends for modernizing vs expanding lease strategies show implications for future growth in the sector, with relevant ticker at end.",Footnotes,False,None,5,0.0,0.0,0.0,0.0,0.0,,5,1,5.963417002931237,,,
2791fff4,"UDR's workforce strategy emphasizes community roles, ticker, employee engagement, and growth.",Company overview,True,None,5,0.2,1.0,1.0,1.0,1.0,1,5,1,2.7422920102253556,,,
96373e8a,PSA ancillary rev calc shows 20% upside.,Financials,True,Multiplication,5,0.0,0.0,0.0,0.0,0.0,,5,1,0.2895829966291785,,,
fcd400e9,Impact of revenue comp on profitability & growth for Bio-Rad (BIO).,Accounting,False,None,5,0.0,0.0,0.0,0.0,0.0,,5,1,4.094999982044101,,,
45f86163,Adverse financial impacts from CADE penalty outcome on APD.,Legal,False,None,5,0.2,1.0,1.0,1.0,1.0,1,5,1,3.1328749610111117,,,
beb7bcb8,"Significance and implications for growth strategy of GIS 2024 net acquisitions investing, GIS.",Footnotes,False,None,5,0.0,0.0,0.0,0.0,0.0,,5,1,5.448541953228414,,,
20d38be5,CTAS faces competitive pressures in its cost structure margins while implementing risk mitigation strategies.,Company overview,False,None,5,0.0,0.0,0.0,0.0,0.0,,5,1,3.4007090143859386,,,
f45c694f,Legal risk monitoring & risk mgmt strategies for ICE.,Legal,False,None,5,0.0,0.0,0.0,0.0,0.0,,5,1,2.1275830222293735,,,
b3a1f871,Rollins announced Q4 share repurchase details for Oct-Nov with the ticker ROL positioned centrally in the context.,Shareholder return,False,None,5,0.0,0.0,0.0,0.0,0.0,,5,1,5.167625029571354,,,
eb81fe72,impact of legal loss range on cash flows & profitability for ALL ticker.,Legal,False,None,5,0.0,0.0,0.0,0.0,0.0,,5,1,5.316499969922006,,,
657fc00c,Exec separation risk in governance for LULU board.,Governance,False,None,5,0.0,0.0,0.0,0.0,0.0,,5,1,3.6357500357553363,,,
86a31e3a,KDP's litigation impact on earnings & cash flows remains a key focus for investors.,Legal,False,None,5,0.0,0.0,0.0,0.0,0.0,,5,1,4.527791985310614,,,
6a70b499,Trends in earnings quality of Coterra Energy show net income vs op CF.,Footnotes,False,None,5,0.2,1.0,0.25,0.43067655807339306,1.0,4,5,1,4.2414580238983035,,,
2c0ce479,MOH Q4 2023 share repurchase dist: Oct vs Nov/Dec for ticker.,Shareholder return,False,None,5,0.0,0.0,0.0,0.0,0.0,,5,1,2.9535419307649136,,,
2ede8e94,"Evergy, Inc. insider trading plans remaining unchanged imply near-term fin. stability.",Governance,False,None,5,0.2,1.0,1.0,1.0,1.0,1,5,1,1.512124901637435,,,
ad9355d6,Impact of HUBB cybersecurity on inv. sentiment and valuation.,Risk,False,None,5,0.0,0.0,0.0,0.0,0.0,,5,1,4.128249944187701,,,
b7c777dc,TAP litigation impact on liab and cash flow.,Legal,False,None,5,0.0,0.0,0.0,0.0,0.0,,5,1,3.419750020839274,,,
0035be65,"Non-cancelable contracts reduce flexibility during downturns, impacting operations amid challenges with ON.",Footnotes,False,None,5,0.0,0.0,0.0,0.0,0.0,,5,1,3.648624988272786,,,
a0fc6f9a,"CTVA: LT debt increase drivers, risks, & benefits.",Financials,False,None,5,0.0,0.0,0.0,0.0,0.0,,5,1,1.1496249353513122,,,
b8b93a9e,Risk mgmt evolution during CEG leadership transitions.,Governance,False,None,5,0.0,0.0,0.0,0.0,0.0,,5,1,1.0725839529186487,,,
fa5d42f3,C.H. Robinson's revenue breakdown and diversification resilience is notable as it segments various streams.,Company overview,False,None,5,0.2,1.0,0.5,0.6309297535714575,1.0,2,5,1,4.468083963729441,,,
c46c5c7a,"Liquidity & leverage trends for Ford in 2022-23 are critical to monitor for investors, F.",Financials,False,None,5,0.2,0.5,0.25,0.2640681225725909,0.5800942285041225,4,5,2,5.730583914555609,,,
1ebc9a99,"In 2023, CMCSA initiated a share repurchase program, buying back significant numbers of shares to boost shareholder value.",Shareholder return,False,None,5,0.0,0.0,0.0,0.0,0.0,,5,1,7.051458000205457,,,
f2345ba5,DUK. Q4 cap allocation pause for share repurchase tied to strategic priorities.,Shareholder return,False,None,5,0.0,0.0,0.0,0.0,0.0,,5,1,3.259417018853128,,,
2bc7fa6c,Debt components impacting Tier 2 cap changes for 2022-2023 include FITB.,Financials,False,None,5,0.0,0.0,0.0,0.0,0.0,,5,1,4.068249952979386,,,
858057f5,"DPZ, CEO's dual role raises governance conflict risk.",Governance,False,None,5,0.0,0.0,0.0,0.0,0.0,,5,1,0.7062499644234776,,,
85782e96,Implications on credit risk arise from the cybersecurity incident affecting NiSource (NI).,Risk,False,None,5,0.2,1.0,1.0,1.0,1.0,1,5,1,4.172416985966265,,,
f56cb1b8,Invitation Homes (INVH) faces cybersecurity risks that may impact its financial performance.,Risk,False,None,5,0.0,0.0,0.0,0.0,0.0,,5,1,3.562500001862645,,,
1adeedf1,KDP's board structure and corporate governance significantly impact profitability growth.,Governance,False,None,5,0.0,0.0,0.0,0.0,0.0,,5,1,2.980959019623697,,,
2d3fa183,"Impact of LT debt maturity, liquidity, & refinancing risk for MetLife (MET)",Financials,False,None,5,0.0,0.0,0.0,0.0,0.0,,5,1,3.716000006534159,,,
34615e3f,General Mills' cyber risk mgmt aims to mitigate op risks impacting fin health.,Risk,False,None,5,0.2,1.0,0.5,0.6309297535714575,1.0,2,5,1,2.906083012931049,,,
9feb175e,C.$COF interest inc. from orig. fees & deferral impact on yield.,Accounting,False,None,5,0.2,1.0,1.0,1.0,1.0,1,5,1,3.2114579807966948,,,
71392efc,"Invesco board adept in risk mgmt & cap allocation, ticker at end.",Governance,False,None,5,0.0,0.0,0.0,0.0,0.0,,5,1,3.3413750352337956,,,
0b0f4cb6,Impact on fin/repu risks from InfoSec Council's cyber risk delegation?,Risk,False,None,5,0.0,0.0,0.0,0.0,0.0,,5,1,2.9126249719411135,,,
f7eeaf23,HST's strategic partnerships impact on lodging sector revenue.,Company overview,False,None,5,0.2,1.0,1.0,1.0,1.0,1,5,1,2.107833046466112,,,
a1340975,"Constellation Brands manages dilution from share repurchases effectively in its equity comp plans, STZ.",Shareholder return,False,None,5,0.2,1.0,0.5,0.6309297535714575,1.0,2,5,1,3.881625016219914,,,
393901ee,Q4 2023 PAYCOM share repurchase total & avg monthly prices.,Shareholder return,False,None,5,0.0,0.0,0.0,0.0,0.0,,5,1,2.433040994219482,,,
beac82bc,"VST, share repurchase trend analysis vs mkt conds & timing strat.",Shareholder return,False,None,5,0.0,0.0,0.0,0.0,0.0,,5,1,1.2134159915149212,,,
5afab358,TGA's capex strategy vs. obligations schedule for Coterra Energy.,Footnotes,False,None,5,0.0,0.0,0.0,0.0,0.0,,5,1,2.2310410859063268,,,
467b3aa7,Impact on repurchase scale of IPG's ESOP withheld shares.,Shareholder return,False,None,5,0.2,1.0,1.0,1.0,1.0,1,5,1,3.4982500365003943,,,
67ae41c2,"Amid tech evolution, Arista Networks (ANET) is focused on R&D & capex strategy.",Company overview,False,None,5,0.0,0.0,0.0,0.0,0.0,,5,1,2.760792034678161,,,
8fd36312,Regulatory risk mitigation efforts by CVS Health board & exec could impact valuation; CVS.,Governance,False,None,5,0.2,1.0,1.0,1.0,1.0,1,5,1,2.7522920863702893,,,
ee7241e9,MCHP's cybersecurity training incident response plays a key role in enhancing risk-adjusted returns.,Risk,False,None,5,0.0,0.0,0.0,0.0,0.0,,5,1,3.712874953635037,,,
74e4a52d,LT debt change drivers for WMB in 2022-2023.,Financials,False,None,5,0.0,0.0,0.0,0.0,0.0,,5,1,4.4535830384120345,,,
ff92afb5,Histrcl gov resols on VMC's impact on profit & op cash flows.,Legal,False,None,5,0.0,0.0,0.0,0.0,0.0,,5,1,2.4360830429941416,,,
b1733311,AIG's tech upgrade in automation could present risks and cost impacts on profit growth.,Company overview,False,None,5,0.0,0.0,0.0,0.0,0.0,,5,1,4.594625090248883,,,
55273180,LDOS's innovative risk mitigation strategies focus on leadership diversity.,Governance,False,None,5,0.0,0.0,0.0,0.0,0.0,,5,1,2.171333064325154,,,
414aee74,"Profiles of the Gilead Sciences Inc. board directors are provided, GILD.",Governance,False,None,5,0.2,1.0,1.0,1.0,1.0,1,5,1,4.705250030383468,,,
d6081117,Effect of estimation uncertainty regarding early-stage liabilities on consolidated financials & overall financial health for CFG.,Legal,False,None,5,0.2,1.0,0.25,0.43067655807339306,1.0,4,5,1,5.420541972853243,,,
fab04c59,WYNN lawsuits related to Dore allegations could hinder future cash flows.,Legal,False,None,5,0.2,1.0,1.0,1.0,1.0,1,5,1,3.4864170011132956,,,
1bb38331,SJM must address third-party risk in its cybersecurity policy to mitigate financial liabilities.,Risk,False,None,5,0.0,0.0,0.0,0.0,0.0,,5,1,5.026874947361648,,,
b75e5ab5,Underrepresented employee count at UAL 50% & market rep impact.,Company overview,True,Compositional,5,0.2,1.0,1.0,1.0,1.0,1,5,1,1.9655830692499876,,,
78dbc324,MDT's US employee concentration affects econ/reg exposure.,Company overview,True,None,5,0.0,0.0,0.0,0.0,0.0,,5,1,0.8269590325653553,,,
4b6f026b,2023 net inc. proj. for ZTS includes 10% EPS improvement.,Financials,True,Multiplication,5,0.0,0.0,0.0,0.0,0.0,,5,1,3.6015829537063837,,,
08f24d41,Jacobs Solutions Inc. YOY rev growth FY23-24.,Financials,True,Subtract,5,0.2,1.0,1.0,1.0,1.0,1,5,1,0.9483750909566879,,,
12f7d961,"DAL's capital allocation priorities include debt reduction, shareholder returns, and strategic growth, aligning with long-term obj., DAL.",Shareholder return,False,None,5,0.0,0.0,0.0,0.0,0.0,,5,1,4.365250002592802,,,
16265b0a,"Details on JBL share repurchases for June vs July 2024, incl shares bought & avg price. JBL.",Shareholder return,False,None,5,0.2,1.0,0.2,0.38685280723454163,1.0,5,5,1,4.144833073951304,,,
3b22f131,"Impact of Netflix’s tech/service investments on cash flow & retention, NFLX.",Company overview,False,None,5,0.0,0.0,0.0,0.0,0.0,,5,1,4.020583000965416,,,
e3bc8d49,Ralph Lauren's global talent risk is influenced by workforce composition; ticker at end.,Company overview,True,None,5,0.0,0.0,0.0,0.0,0.0,,5,1,3.3677920000627637,,,
ed1af2bd,Eversource (ES) exec appts align w/ strategic focus & enhance competitive positioning.,Governance,False,None,5,0.0,0.0,0.0,0.0,0.0,,5,1,0.7989589357748628,,,
6f5b5ef5,"Terrence Duffy's impact on strategy, capital allocation, and risk mgmt at CME Group is noteworthy. CME.",Governance,False,None,5,0.2,1.0,1.0,1.0,1.0,1,5,1,4.764292039908469,,,
a18a1195,P&G's positioning in differentiated mkt dynamics (PG) highlights its competitive edge.,Company overview,False,None,5,0.0,0.0,0.0,0.0,0.0,,5,1,2.6267499197274446,,,
3e4450ee,Consumer trends in product reformulations & innovation for PEP.,Company overview,False,None,5,0.2,1.0,1.0,1.0,1.0,1,5,1,3.2122909324243665,,,
d2645d11,"CME Group's licensing growth revenue, with ticker CME, and market share impact for CME Term SOFR.",Governance,False,None,5,0.4,1.0,1.0,0.8503449055347546,1.0,1,5,2,4.885708098299801,,,
879fff9f,CL claims svc competitive positioning.,Company overview,False,None,5,0.0,0.0,0.0,0.0,0.0,,5,1,0.5271669942885637,,,
96b999df,Impact on capital allocation & valuation due to DHI insider trading.,Governance,False,None,5,0.0,0.0,0.0,0.0,0.0,,5,1,3.608416998758912,,,
fc2a9c9b,ABBV net rev impact from rebate/chargeback accrual methods.,Accounting,False,None,5,0.2,1.0,0.5,0.6309297535714575,1.0,2,5,1,2.1138330921530724,,,
51ae3303,Impact on channel comparability and margins due to gross revenue recognition for The Kroger Co. (KR),Accounting,False,None,5,0.0,0.0,0.0,0.0,0.0,,5,1,6.521624978631735,,,
2043c063,Impact of DD nonrecurring charges in 2023 vs. 2022 for ticker.,Financials,True,Subtract,5,0.0,0.0,0.0,0.0,0.0,,5,1,5.541374906897545,,,
78c69579,EIX board focuses on cybersecurity oversight & threat mitigation.,Risk,False,None,5,0.0,0.0,0.0,0.0,0.0,,5,1,2.3075840435922146,,,
f5605c0d,"Avg quarterly workforce growth: compounding vs arithmetic, FSLR.",Company overview,True,Compositional,5,0.0,0.0,0.0,0.0,0.0,,5,1,0.5087499739602208,,,
b126f2ee,Teleflex's (TFX) 2023 margin sensitivity to a 5% increase in COGS/SG&A.,Financials,True,Compositional,5,0.0,0.0,0.0,0.0,0.0,,5,1,4.730249987915158,,,
542aeb79,Impact of debt leverage risk on FMC Corp 2022-23.,Financials,False,None,5,0.2,0.5,0.2,0.23719771276929622,0.5131352811195679,5,5,2,4.160417011007667,,,
e59a8e3a,"SWK's integration in cybersecurity boosts investor confidence, enhancing market valuation, SWK.",Risk,False,None,5,0.0,0.0,0.0,0.0,0.0,,5,1,2.522791037335992,,,
268ca2ef,"How do shifts in occupancy and ADR, for HST, drive revenue volatility and profitability?",Accounting,False,None,5,0.0,0.0,0.0,0.0,0.0,,5,1,4.330999916419387,,,
1966f01c,"MA repurchase shares, withholding tax, stock options, & restricted vesting implications on employee comp, ticker.",Shareholder return,False,None,5,0.0,0.0,0.0,0.0,0.0,,5,1,2.8683749260380864,,,
75942092,Litigation risk reserves ins. for Nucor.,Legal,False,None,5,0.2,1.0,1.0,1.0,1.0,1,5,1,1.9496660679578781,,,
21a23946,SYF's pref div/net earnings ratio trend.,Financials,True,Division,5,0.0,0.0,0.0,0.0,0.0,,5,1,1.0327920317649841,,,
4b8f222e,RCI changes exec plan outlook on stock.,Governance,False,None,5,0.0,0.0,0.0,0.0,0.0,,5,1,2.1825830917805433,,,
1b9cfbba,AFLAC's deferred profit liabilities & advanced premiums earnings valuation.,Accounting,False,None,5,0.2,1.0,0.25,0.43067655807339306,1.0,4,5,1,1.0552499443292618,,,
35574ce3,AE's risk mgt strategies focus on PSCW & MISO capacity adequacy & resilience.,Company overview,False,None,5,0.2,0.5,1.0,0.6131471927654584,0.687603305785124,1,5,2,1.9575419137254357,,,
2fa4e40e,The impact on valuation models & risk assessments due to MLM legal risks is critical for investors.,Legal,False,None,5,0.0,0.0,0.0,0.0,0.0,,5,1,6.369375041685998,,,
93167112,"Impact of HUM cybersecurity investments on OPEX & profitability, HUM.",Risk,False,None,5,0.0,0.0,0.0,0.0,0.0,,5,1,3.500375081785023,,,
236f2bb2,"Lam Research liquidity risk, ticker LRCX, contractual commitments, tax payment schedule.",Footnotes,False,None,5,0.0,0.0,0.0,0.0,0.0,,5,1,1.7397090559825301,,,
24132b64,"Calculation of revenue for EPAM delivery pros in 2021, ticker at end.",Company overview,True,Multiplication,5,0.0,0.0,0.0,0.0,0.0,,5,1,5.211957963183522,,,
ab397a31,LT debt reduction & eq increase by Parker-Hannifin impacts leverage & cap structure.,Financials,False,None,5,0.0,0.0,0.0,0.0,0.0,,5,2,1.9583329558372498,,,
46f0558d,Valuation of cybersecurity oversight risk at Paychex.,Risk,False,None,5,0.2,1.0,1.0,1.0,1.0,1,5,1,3.1680410029366612,,,
3c40861b,DIS: mkts' dynamics & timing risks post trading plan termination in Dec '24.,Governance,False,None,5,0.2,1.0,0.25,0.43067655807339306,1.0,4,5,1,2.6054999325424433,,,
1f8ad3d1,"Termination trends, insider sentiment, & ownership changes for 10b5-1 in MRNA.",Governance,False,None,5,0.2,1.0,0.5,0.6309297535714575,1.0,2,5,1,3.60812502913177,,,
7e6c28fd,Change in operating earnings for MSI in 2022-23.,Financials,True,Subtract,5,0.0,0.0,0.0,0.0,0.0,,5,1,4.144874983467162,,,
3d4687bd,"Breakdown of Broadcom contractual commitments for FY2025-29+, AVGO.",Footnotes,False,None,5,0.0,0.0,0.0,0.0,0.0,,5,1,3.421708010137081,,,
55632b0e,Liquidity position of HP Inc. for 2023-2024 CA/CL is under review; HPQ.,Financials,False,None,5,0.0,0.0,0.0,0.0,0.0,,5,2,5.519042024388909,,,
159738e9,CINF exec experience influences risk mgmt & stability.,Governance,False,None,5,0.0,0.0,0.0,0.0,0.0,,5,1,0.7786670466884971,,,
f545aebd,The $350M cyberattack settlement by T-Mobile US may impact profitability & op cash flow.,Legal,False,None,5,0.2,1.0,1.0,1.0,1.0,1,5,1,4.014083999209106,,,
3570670f,Cost mgmt for cybersecurity regs under INCY.,Risk,False,None,5,0.0,0.0,0.0,0.0,0.0,,5,1,2.532999962568283,,,
84415767,3-yr trends in KKR's op cash flow drivers.,Footnotes,False,None,5,0.2,1.0,0.2,0.38685280723454163,1.0,5,5,1,2.7381249237805605,,,
8152c0e9,"Impact on earnings & liquidity due to Linde's tax dispute exposure, along with management assumptions; TKR: LIN.",Legal,False,None,5,0.2,1.0,1.0,1.0,1.0,1,5,1,4.857000079937279,,,
ffff158c,Repurchase program budget & cap allocation for AES as of 12/31/23.,Shareholder return,False,None,5,0.2,1.0,0.25,0.43067655807339306,1.0,4,5,1,5.057291011326015,,,
cbb49093,Risk cap allocation for PFG legal liabilities valuation.,Legal,False,None,5,0.0,0.0,0.0,0.0,0.0,,5,1,2.2803329629823565,,,
0e6a1b7f,"Liquidity risk due to Tyson Foods' short vs long-term contractual obligations, TYSN.",Footnotes,False,None,5,0.0,0.0,0.0,0.0,0.0,,5,1,3.454374964348972,,,
24e34c73,Impact on capital allocation and risk mgmt from Moderna's repurchase timing. MRNA,Shareholder return,False,None,5,0.0,0.0,0.0,0.0,0.0,,5,1,4.418208030983806,,,
ba7a7626,Capital allocation & growth for CPRT FY22-24 involving investing & financing cash flows.,Financials,False,None,5,0.0,0.0,0.0,0.0,0.0,,5,2,3.0516249826177955,,,
be204be9,"IFF's sustainability for capex, dividends, and debt svc is critical.",Financials,False,None,5,0.2,1.0,1.0,1.0,1.0,1,5,1,3.8478750502690673,,,
a37308c4,Fiscal 2024 diluted EPS for Visa Inc. (V) is upcoming.,Financials,True,Division,5,0.0,0.0,0.0,0.0,0.0,,5,1,3.490624949336052,,,
ea748a62,CAPEX allocation for Allegion: maintenance vs growth.,Footnotes,False,None,5,0.2,1.0,0.2,0.38685280723454163,1.0,5,5,1,1.8237079493701458,,,
3b0509e5,Capex surge in cable prog. at Fox Corp.: implications for content prod. & competitive edge; FOXA.,Footnotes,False,None,5,0.0,0.0,0.0,0.0,0.0,,5,1,3.6264590453356504,,,
3c29b579,"Howmet Aerospace CBA expiry & UAW coverage at Whitehall, MI; ticker at end.",Company overview,True,Division,5,0.2,1.0,1.0,1.0,1.0,1,5,1,1.4059169916436076,,,
e3c2fd1a,LW unbilled receivables YoY impact on liquidity.,Accounting,False,None,5,0.0,0.0,0.0,0.0,0.0,,5,1,1.8500000005587935,,,
78760134,Integration of cybersecurity framework & valuation impact on Mettler-Toledo (MTD) Intl Inc.,Risk,False,None,5,0.0,0.0,0.0,0.0,0.0,,5,1,3.6439159885048866,,,
4fdd986b,Impact of cap allocation on ORLY's fin risk & long-term planning.,Footnotes,False,None,5,0.0,0.0,0.0,0.0,0.0,,5,1,4.0607909904792905,,,
45119de0,Impacts of rev rec valuation are promoted by VTR.,Accounting,False,None,5,0.0,0.0,0.0,0.0,0.0,,5,1,3.57637507840991,,,
e89c5bd8,"Impact of WRB cybersecurity measures on profitability & liabilities, ticker in last position.",Risk,False,None,5,0.0,0.0,0.0,0.0,0.0,,5,1,4.702582955360413,,,
a4067314,"How does Colgate-Palmolive manage supplier risk and mitigate commodity price volatility compared to its peers, notably through strategic initiatives and risk management practices, CL?",Company overview,False,None,5,0.2,1.0,1.0,1.0,1.0,1,5,1,5.213167052716017,,,
edfb9a1c,"Link btwn cost savings/infra complexity & op efficiency, AKAM, & valuation multiples.",Company overview,False,None,5,0.2,1.0,0.5,0.6309297535714575,1.0,2,5,1,0.6862919544801116,,,
d2be826a,"Impact on earnings and valuation from MA pending litigation, specifically for the ticker.",Legal,False,None,5,0.0,0.0,0.0,0.0,0.0,,5,1,5.857208045199513,,,
b70089f0,Q4 2023 share repurchase rationale for YUM is centered around enhancing shareholder value and optimizing capital structure.,Shareholder return,False,None,5,0.0,0.0,0.0,0.0,0.0,,5,1,5.361541989259422,,,
30e20cdd,Incentive adjustments for revenue reporting at QCOM.,Accounting,False,None,5,0.2,1.0,0.2,0.38685280723454163,1.0,5,5,1,2.810457954183221,,,
f3cec3e0,How does APA's cybersecurity governance affect investor confidence & risk premium?,Risk,False,None,5,0.0,0.0,0.0,0.0,0.0,,5,1,1.1965830344706774,,,
945e236f,Impact of MGM's capex on profitability and risk mgmt.,Footnotes,False,None,5,0.0,0.0,0.0,0.0,0.0,,5,1,4.127708030864596,,,
6d754372,Effect on discontinued ops comparability from JNJ's Q3 deconsolidation gain.,Footnotes,False,None,5,0.2,1.0,1.0,1.0,1.0,1,5,1,2.6072500040754676,,,
32053df6,Hologic's headcount % and prod. strategy are critical for optimal ops and growth.,Company overview,True,Division,5,0.0,0.0,0.0,0.0,0.0,,5,1,3.926000092178583,,,
765152fe,Historical outcomes of legal proceedings involving ULTA have had significant impacts.,Legal,False,None,5,0.0,0.0,0.0,0.0,0.0,,5,1,3.726332914084196,,,
d15ad65d,Cadence Design Systems' specialized roles influence comp. positioning & sustainable growth.,Governance,False,None,5,0.0,0.0,0.0,0.0,0.0,,5,1,0.817042076960206,,,
e1295fea,"STERIS, repurchase auth, valuation, share price stability impact.",Shareholder return,False,None,5,0.2,1.0,1.0,1.0,1.0,1,5,1,1.6564159886911511,,,
b2651fe6,Remaining TRMB repurchase program 2021 vs $800M authorization for 2024.,Shareholder return,False,None,5,0.0,0.0,0.0,0.0,0.0,,5,1,3.143792040646076,,,
533b32ed,CF operating cash factors 2023 vs 2022 vs 2021.,Footnotes,False,None,5,0.0,0.0,0.0,0.0,0.0,,5,1,3.471958916634321,,,
04931eea,Impact on liquidity and operational confidence of HSIC's repurchase program.,Shareholder return,False,None,5,0.0,0.0,0.0,0.0,0.0,,5,2,4.435333074070513,,,
187d825c,Cumulative NI for ONEOK from 2021-23 and its growth trajectory.,Financials,True,Addition,5,0.2,1.0,0.25,0.43067655807339306,1.0,4,5,1,4.556042025797069,,,
8c5387ff,"Weyerhaeuser ASC 606 rev timing logs wood products, TKR.",Accounting,False,None,5,0.2,1.0,1.0,1.0,1.0,1,5,1,0.8517090464010835,,,
cacf8fdb,Legal/regulatory liability accounting for Moody's.,Legal,False,None,5,0.2,1.0,1.0,1.0,1.0,1,5,1,2.3538750829175115,,,
fe0a5314,"BIIB vendor risk, cybersecurity, liability, investor sentiment, supply chain.",Risk,False,None,5,0.0,0.0,0.0,0.0,0.0,,5,1,1.0633330093696713,,,
04e657e3,"AGS KPIs for customer support and global service, impacting retention and profitability for Applied Materials (AMAT).",Governance,False,None,5,0.4,1.0,1.0,1.0,1.0,1,5,2,3.964749979786575,,,
74aae358,"Operating lease exp. for office space & expansion implications for 2022-2023, ENPH.",Footnotes,False,None,5,0.0,0.0,0.0,0.0,0.0,,5,1,3.7528329994529486,,,
5f050061,Impact of BEN operating fees trends on comp positioning & rev diversification; ticker in last position.,Financials,False,None,5,0.0,0.0,0.0,0.0,0.0,,5,2,4.874749924056232,,,
c808ac7f,$384M op lease cash flow flex from Applied Materials.,Footnotes,False,None,5,0.0,0.0,0.0,0.0,0.0,,5,1,2.028582966886461,,,
214c8ab4,Regulatory impact on capital adequacy risk profile for FITB buyback.,Shareholder return,False,None,5,0.0,0.0,0.0,0.0,0.0,,5,1,3.3630410907790065,,,
c54ca6d4,Impact on growth & cash flow from 40% membership retention at MOH.,Financials,False,None,5,0.2,1.0,0.3333333333333333,0.5,1.0,3,5,1,3.513875068165362,,,
f1664ecf,Impact of Paramount Global litigation on capital allocation and dilution affecting ticker.,Legal,False,None,5,0.0,0.0,0.0,0.0,0.0,,5,1,4.650500020943582,,,
51ffb0e3,Risk factors for UPS affect prof. health & growth in face of competition; UPS.,Company overview,False,None,5,0.0,0.0,0.0,0.0,0.0,,5,1,5.036458023823798,,,
496c3b3c,HIL’s variable interests risk profile is crucial for cash flow mgmt.,Footnotes,False,None,5,0.0,0.0,0.0,0.0,0.0,,5,1,3.2371249981224537,,,
afe2ef0e,The impact of Rockwell Automation (ROK) leadership diversity on profit & efficiency is becoming increasingly significant.,Governance,False,None,5,0.0,0.0,0.0,0.0,0.0,,5,1,5.32495800871402,,,
1c37f36d,Litigation/fine cost impact on profitability & cap allocation for S&P Global (SPGI).,Legal,False,None,5,0.2,1.0,1.0,1.0,1.0,1,5,1,3.6843749694526196,,,
6f34abeb,GNRC faces future growth and diversification risk factors that investors should consider.,Company overview,False,None,5,0.0,0.0,0.0,0.0,0.0,,5,1,3.5758339799940586,,,
de6fc329,TAP's rev growth & profit vs peers in premium lifestyle.,Company overview,False,None,5,0.0,0.0,0.0,0.0,0.0,,5,1,2.1824169671162963,,,
a0d166cf,PSX - Flexibility in counterparty risk vs. related party obligations.,Footnotes,False,None,5,0.0,0.0,0.0,0.0,0.0,,5,1,2.957042073830962,,,
1b8c157c,Impact of 2-for-1 stock split on repurchases & market performance at Hormel Foods (HRL).,Shareholder return,False,None,5,0.0,0.0,0.0,0.0,0.0,,5,1,5.804749904200435,,,
4f77962d,"Capex vs D&A efficiency of Hubbell amid asset growth, from 2021-2023.",Footnotes,False,None,5,0.0,0.0,0.0,0.0,0.0,,5,1,5.011458066292107,,,
6e05d38c,"Rev trends for AMT in property & services, focusing on 3-yr growth & mkt positioning.",Financials,False,None,5,0.0,0.0,0.0,0.0,0.0,,5,2,4.4140840182080865,,,
7b8daa69,EIX's effective workforce & labor scale assessment.,Company overview,True,Compositional,5,0.0,0.0,0.0,0.0,0.0,,5,1,0.7417909801006317,,,
fd4d51c2,Cyber risk cost savings and growth impact for Edwards Lifesciences (EW).,Risk,False,None,5,0.2,1.0,0.25,0.43067655807339306,1.0,4,5,1,3.6056669196113944,,,
91137de5,"VRTX cybersecurity risk mgmt., continuous monitoring, vulnerability scanning, threat intel, & impact.",Risk,False,None,5,0.0,0.0,0.0,0.0,0.0,,5,1,1.1838339269161224,,,
e825994d,Cash vs contract liabilities & timing/reliability of rev rec for Ball Corp.,Accounting,False,None,5,0.0,0.0,0.0,0.0,0.0,,5,1,3.9486249443143606,,,
428ca2ca,2023 PAYC gross profit margin cost eff.,Financials,True,Compositional,5,0.0,0.0,0.0,0.0,0.0,,5,1,1.8783749546855688,,,
d53f00ce,Calc inventory turnover rate using cost of sales & avg merch inventories for DLTR.,Financials,False,None,5,0.0,0.0,0.0,0.0,0.0,,5,2,4.026166978292167,,,
ec597fb3,"Leadership experience significantly shapes Incyte's competitive positioning, fostering sustainable growth, INCY.",Governance,False,None,5,0.0,0.0,0.0,0.0,0.0,,5,1,1.0799589799717069,,,
5d8157b8,DOV 3yr EPS net earnings profitability trends.,Financials,False,None,5,0.0,0.0,0.0,0.0,0.0,,5,2,1.1550829512998462,,,
7c70ba13,VTR's RE inv. mix & value shifts 2022-2023 affect asset quality & FCF.,Financials,False,None,5,0.0,0.0,0.0,0.0,0.0,,5,1,2.821250003762543,,,
58492998,Repurchase availability in Dec '23 vs future cap allocation CHD 2021.,Shareholder return,False,None,5,0.0,0.0,0.0,0.0,0.0,,5,1,2.9843340162187815,,,
a38864af,"AMETEK's financial health, risk mgmt, strategy, purchase obligations, lease commitments, and debt interest - AME.",Footnotes,False,None,5,0.0,0.0,0.0,0.0,0.0,,5,1,3.965292009525001,,,
8da7fbdd,"Evaluation of Merck's historical legal accruals data & actuarial assumptions, ticker at the end.",Legal,False,None,5,0.2,1.0,0.2,0.38685280723454163,1.0,5,5,1,4.569416982121766,,,
5b87dbc1,AMD's FY22 vs FY23 acquisition strategy remains focused on expanding its capabilities and market reach.,Footnotes,False,None,5,0.0,0.0,0.0,0.0,0.0,,5,1,3.896750044077635,,,
54e238a9,"CBRE, focusing on cybersecurity, is key to effective IR planning & risk mitigation.",Risk,False,None,5,0.0,0.0,0.0,0.0,0.0,,5,1,3.984707989729941,,,
e3aff27a,"OMC 2023 divs, buybacks, & no new debt; capital allocation & liquidity intact.",Footnotes,False,None,5,0.0,0.0,0.0,0.0,0.0,,5,1,2.513832994736731,,,
fc71ce40,"TTWO's governance framework directs product investment, capital allocation, & enhances shareholder value.",Governance,False,None,5,0.0,0.0,0.0,0.0,0.0,,5,1,1.914458000101149,,,
866ef8da,"EBITDA contrib. calc. for AT&T employee (Z × 149,900) - T",Company overview,True,Multiplication,5,0.2,1.0,0.3333333333333333,0.5,1.0,3,5,1,2.5339589919894934,,,
c8a811c5,TKR's bundled contract price allocation & SSP determination.,Accounting,False,None,5,0.0,0.0,0.0,0.0,0.0,,5,1,0.9067079517990351,,,
52bf79bf,Impact of Seagate (STX) pending sec lit on profit & op cash flows near-mid term.,Legal,False,None,5,0.2,1.0,0.5,0.6309297535714575,1.0,2,5,1,4.004457965493202,,,
01ee8a21,Impact on competitive positioning and revenue growth from integration of MA broker-dealer + institutional client.,Company overview,False,None,5,0.2,1.0,1.0,1.0,1.0,1,5,1,5.112792016007006,,,
878a866c,Investigation into waste disposal policy's impact on operating costs & fines for CHTR.,Legal,False,None,5,0.0,0.0,0.0,0.0,0.0,,5,1,3.8219999987632036,,,
7b2afd29,Cigna's full-time US workforce impacts stability and growth.,Company overview,True,None,5,0.2,1.0,1.0,1.0,1.0,1,5,1,2.964666928164661,,,
f337a59b,Impact of Cit. reg. vs. peers on cost struc.,Company overview,False,None,5,0.0,0.0,0.0,0.0,0.0,,5,1,3.3854159992188215,,,
60b9868d,Impact of prompt delivery & product availability on repeat biz & cash flow for AutoZone.,Company overview,False,None,5,0.2,1.0,1.0,1.0,1.0,1,5,1,4.706542007625103,,,
659703f3,"SWKS has a headcount breakdown of 41% mfg, 35% eng/tech, and the ratio is to be considered in the ticker.",Company overview,True,Compositional,5,0.0,0.0,0.0,0.0,0.0,,5,1,8.503083023242652,,,
ba8a6a96,"Impact of UnitedHealth's CMS risk adjustment model on premium rev & govt audit implications, UNH.",Accounting,False,None,5,0.2,1.0,0.3333333333333333,0.5,1.0,3,5,1,3.6200840258970857,,,
24ec0007,discuss retirement impact on Aptiv PLC (APTV) OSC & APIC.,Shareholder return,False,None,5,0.0,0.0,0.0,0.0,0.0,,5,1,1.8167500384151936,,,
03f83848,MODN headcount for adv. degrees at 41% rate.,Company overview,True,Compositional,5,0.2,1.0,1.0,1.0,1.0,1,5,1,2.4585420032963157,,,
fdaed5b1,"Impact on growth and global risk of financial segmentation, with NTRS US vs non-US as the key player.",Footnotes,False,None,5,0.0,0.0,0.0,0.0,0.0,,5,1,7.992708007805049,,,
09e02aa0,NetApp's (NTAP) FY04/26/2024 computed net inc. vs. reported.,Financials,True,Multiplication,5,0.2,1.0,0.5,0.6309297535714575,1.0,2,5,1,1.992875011637807,,,
c555ca68,"At IFF, board age & innovation risk are critical factors.",Governance,False,None,5,0.0,0.0,0.0,0.0,0.0,,5,1,3.016917034983635,,,
5cc19ea4,Client responsiveness for sustainable growth vs. competitors for CTSH.,Company overview,False,None,5,0.2,1.0,1.0,1.0,1.0,1,5,1,1.8904580501839519,,,
56a0ccf4,Risk mitigation strategies for GEHC involve contractual commitments related to off-balance sheet exposures.,Footnotes,False,None,5,0.0,0.0,0.0,0.0,0.0,,5,2,4.174000001512468,,,
38d2410e,"Cybersecurity reporting by oversight committees at Eversource Energy enhances investor confidence and mitigates risk management, ES.",Risk,False,None,5,0.0,0.0,0.0,0.0,0.0,,5,1,4.099042038433254,,,
8a9f5769,"Legal liability, risk mgt., ins. & self-ins. of Baker Hughes.",Legal,False,None,5,0.2,1.0,1.0,1.0,1.0,1,5,1,2.7884169248864055,,,
76aa8ea4,The impact on profitability and cash flow due to Vistra Corp's (VST) natural gas index litigation.,Legal,False,None,5,0.2,1.0,0.2,0.38685280723454163,1.0,5,5,1,5.511000053957105,,,
c0a6f02a,"Kimco's (KIM) rev rec: base rents, % rents, and termination fees recognized over lease term.",Accounting,False,None,5,0.2,1.0,1.0,1.0,1.0,1,5,1,2.9993329662829638,,,
1448288e,Impact on financial growth from Linde's non-US litigation.,Footnotes,False,None,5,0.2,1.0,0.3333333333333333,0.5,1.0,3,5,1,3.715874976478517,,,
eb0a0ebb,2023 vs 2022 change in operating rev for MSCI Inc.,Financials,True,Subtract,5,0.0,0.0,0.0,0.0,0.0,,5,1,4.914791905321181,,,
0b9c744b,Impact on FY23 EPS from AIG buyback.,Shareholder return,False,None,5,0.0,0.0,0.0,0.0,0.0,,5,1,2.4033329682424664,,,
033627fb,ASC 450 loss quantification for COO.,Legal,False,None,5,0.2,0.5,1.0,0.6131471927654584,0.6240343347639485,1,5,2,1.9483750220388174,,,
2b9ff3ae,Celanese Corp (CE) basic share count delta from 2022 to 2023 and its implications on share structure.,Financials,True,Subtract,5,0.2,1.0,0.5,0.6309297535714575,1.0,2,5,1,6.504375021904707,,,
27902306,"AVB net cash investing breakdown: dev/redev, acquisitions, capex?",Footnotes,False,None,5,0.0,0.0,0.0,0.0,0.0,,5,1,1.50712497998029,,,
47195eda,Waters (WAT) capex allocation for precision chem expansion & strategic significance?,Footnotes,False,None,5,0.2,1.0,0.5,0.6309297535714575,1.0,2,5,1,1.8295419868081808,,,
f3f89892,Analyzing Halliburton's operating cash flow trend and cash gen from 2021-2023 requires a close look at the ticker HALL in relation to its cash performance.,Footnotes,False,None,5,0.2,1.0,1.0,1.0,1.0,1,5,1,9.406750090420246,,,
4f302fc7,"Amphenol, impact of decentralized control on cybersecurity competitive positioning.",Risk,False,None,5,0.2,1.0,1.0,1.0,1.0,1,5,1,3.5892499145120382,,,
0b43c077,"Analysis of NVR leadership succession & experience, with the ticker in last position: NVR.",Governance,False,None,5,0.0,0.0,0.0,0.0,0.0,,5,1,5.374458967708051,,,
b01b4441,% of US workforce & operational risk exposure for UPS.,Company overview,True,Compositional,5,0.2,1.0,1.0,1.0,1.0,1,5,1,3.56737500987947,,,
50a5fbfa,"Impact of BR depreciation/amortization evolution on profitability & cash flow, Ticker.",Footnotes,False,None,5,0.0,0.0,0.0,0.0,0.0,,5,1,3.772082971408963,,,
8dd26f4c,"In 2022-2023, Axon Enterprise's LT debt composition includes convertible notes and lease liabilities, AXON.",Financials,False,None,5,0.2,1.0,1.0,1.0,1.0,1,5,1,5.304249934852123,,,
f2ded26c,Mohawk Industries faces external growth drivers & risks impacting performance; MHK.,Company overview,False,None,5,0.0,0.0,0.0,0.0,0.0,,5,1,1.1563330190256238,,,
b0253cb9,"Falcon platform scalability, innovation, and differentiation in deployment CRWD.",Company overview,False,None,5,0.2,1.0,1.0,1.0,1.0,1,5,1,3.1705410219728947,,,
b135183a,"Total headcount at Stanley Black & Decker is 50.5k, with 7.3k being temp, indicating reliance on perm vs cont labor, SWK.",Company overview,True,Subtract,5,0.0,0.0,0.0,0.0,0.0,,5,1,4.262041999027133,,,
514e368a,"NRG revenue forecast uncertainties, incl. fixed fee obligations & auction penalties.",Accounting,False,None,5,0.2,1.0,1.0,1.0,1.0,1,5,1,1.184083055704832,,,
e9524e66,The impact of litigation on CDD cash flows and financial health.,Legal,False,None,5,0.0,0.0,0.0,0.0,0.0,,5,1,5.943040945567191,,,
03c79c9d,"HIG; product expansion, pricing sophistication, service positioning, competitive landscape.",Company overview,False,None,5,0.2,1.0,0.3333333333333333,0.5,1.0,3,5,1,1.396083040162921,,,
e05198e2,Dev. initiatives at AMZN impact competitive positioning & efficiency.,Company overview,True,None,5,0.0,0.0,0.0,0.0,0.0,,5,1,1.6356250271201134,,,
1ac4c8e6,Volatility in revenue recognition timing for Booking Holdings (BKNG).,Accounting,False,None,5,0.0,0.0,0.0,0.0,0.0,,5,1,3.1425420893356204,,,
34564139,"10% workforce growth (baseline: 2271, cost/emp: X) results in additional personnel expense.",Company overview,True,Compositional,5,0.0,0.0,0.0,0.0,0.0,,5,1,3.520625061355531,,,
7edf8d66,"Methodology for reserving Everest Group for unpaid losses and LAE amid pending litigation/arbitrations, ticker.",Footnotes,False,None,5,0.2,1.0,0.25,0.43067655807339306,1.0,4,5,1,3.310500062070787,,,
00f6b423,"Impact of TI cap allocation on growth & competitive edge, TI.",Governance,False,None,5,0.2,1.0,1.0,1.0,1.0,1,5,1,3.3665839582681656,,,
2094bdc3,PFE - Pfizer's board comp & strat impact on ops.,Governance,False,None,5,0.2,1.0,0.5,0.6309297535714575,1.0,2,5,1,2.1203330252319574,,,
44063ab3,"Cost variation of share repurchase at Roper Technologies from 2021 to 2023, ROP.",Shareholder return,False,None,5,0.2,1.0,0.3333333333333333,0.5,1.0,3,5,1,6.147040985524654,,,
20944074,"Util. Sol. revenue rec. for Hubbell, progress estimation on margins & OP profitability.",Accounting,False,None,5,0.0,0.0,0.0,0.0,0.0,,5,1,2.77141691185534,,,
9262da11,TEL's rising accrued warranty liabilities may impact product quality and cash flows.,Accounting,False,None,5,0.0,0.0,0.0,0.0,0.0,,5,1,3.9109999779611826,,,
02651161,Impact of charter leadership board on investor confidence & valuation metrics for ticker.,Governance,False,None,5,0.0,0.0,0.0,0.0,0.0,,5,1,4.409832996316254,,,
e68dd871,"DLR risk mgmt: contract payments vs funding reimbursement, ticker.",Footnotes,False,None,5,0.0,0.0,0.0,0.0,0.0,,5,1,1.1051250621676445,,,
158b82b1,Zoetis employee ratio's impact on cost structure & scalability.,Company overview,True,Compositional,5,0.0,0.0,0.0,0.0,0.0,,5,1,2.318750019185245,,,
2df9479c,AXON six-yr data storage contract cash flow impact.,Footnotes,False,None,5,0.2,0.5,0.5,0.38685280723454163,0.35720303285593935,2,5,2,1.7000839579850435,,,
f6f82365,The profitability impact of Charles Schwab (SCHW) on 2023 fee revenue % of net revenues.,Financials,True,Compositional,5,0.0,0.0,0.0,0.0,0.0,,5,1,5.4735420271754265,,,
2395f34c,"Strategy performance for POOL, with geo proximity, is under review.",Company overview,False,None,5,0.2,1.0,1.0,1.0,1.0,1,5,1,3.843083046376705,,,
5aeebe6c,Calculation for WBD's content rev increase for 2022-23.,Financials,True,Subtract,5,0.0,0.0,0.0,0.0,0.0,,5,1,2.67770909704268,,,
7cb17015,Impact of repurchase on liquidity & capital allocation for KeyCorp (KEY),Shareholder return,False,None,5,0.2,1.0,1.0,1.0,1.0,1,5,1,4.573583952151239,,,
4ceb7765,Amphenol's disclosures on competitive risks indicate effects on profit and cash flow.,Company overview,False,None,5,0.0,0.0,0.0,0.0,0.0,,5,1,3.5791669506579638,,,
aeb7fc83,Audit & cyber committee of Kimco Realty (KIM) oversees cybersecurity capital allocation.,Risk,False,None,5,0.0,0.0,0.0,0.0,0.0,,5,1,3.096541971899569,,,
6bc94e72,ON stock's SiC litigation liability could have a notable financial impact.,Legal,False,None,5,0.2,1.0,0.25,0.43067655807339306,1.0,4,5,1,4.33499994687736,,,
78cf4e29,"Impact of Hilton facility quality on pricing & margins vs peers, TKR: HLT.",Company overview,False,None,5,0.0,0.0,0.0,0.0,0.0,,5,1,3.429416101425886,,,
c11e78b5,"Impact of F5's rep on comp. adv. & earnings outlook, FFIV.",Company overview,False,None,5,0.2,1.0,0.2,0.38685280723454163,1.0,5,5,1,3.3060420537367463,,,
d42115b3,AEE's reported revenue and financial health are impacted by accrual estimation adjustments for electric/natural gas retail distribution.,Accounting,False,None,5,0.2,1.0,0.3333333333333333,0.5,1.0,3,5,1,5.455000093206763,,,
29d3ac06,Capex for ADM in 2024 will influence long-term growth & competitiveness.,Footnotes,False,None,5,0.0,0.0,0.0,0.0,0.0,,5,2,4.308833973482251,,,
ee3b9d2b,"Calc growth ratio for Kroger emp numbers: 414K curr vs last yr, ticker KR.",Company overview,True,Division,5,0.0,0.0,0.0,0.0,0.0,,5,1,1.7347090179100633,,,
81f1375e,The impact of PKG mgmt expertise on valuation and cash flow can be significant.,Governance,False,None,5,0.0,0.0,0.0,0.0,0.0,,5,1,6.231999956071377,,,
60970b9b,NIST PCI incident response & investor confidence valuation multiples for The Home Depot (HD).,Risk,False,None,5,0.0,0.0,0.0,0.0,0.0,,5,1,3.0782079556956887,,,
434bfcbd,Impact of revenue recognition timing on ECL cust. incentives.,Accounting,False,None,5,0.0,0.0,0.0,0.0,0.0,,5,1,3.4860000014305115,,,
7c5b68d5,ESG compliance governance updates from Intuit.,Governance,False,None,5,0.0,0.0,0.0,0.0,0.0,,5,1,1.6923339571803808,,,
f61aa4c2,Share repurchase reconciliation: total vs 2023 figures for PulteGroup (PHM).,Shareholder return,False,None,5,0.0,0.0,0.0,0.0,0.0,,5,1,3.41579201631248,,,
aad9c3d6,Impact on BS & earnings from TEL patent revaluation.,Legal,False,None,5,0.0,0.0,0.0,0.0,0.0,,5,1,2.626167028211057,,,
6d45f35d,2023 property revenue multiple for pre-tax op. income from Camden Property Trust.,Financials,True,Multiplication,5,0.2,1.0,1.0,1.0,1.0,1,5,1,4.106374923139811,,,
7e8bffef,Non-cash adj. totaling & reinvest. insights for AJG.,Financials,True,Addition,5,0.0,0.0,0.0,0.0,0.0,,5,1,2.3232080275192857,,,
1a99282a,"Capital allocation by OMC reflects its mkt leadership, OMC.",Company overview,False,None,5,0.0,0.0,0.0,0.0,0.0,,5,1,2.2115830797702074,,,
8fe1fcbf,2023 interest to income before taxes ratio % for CMS.,Financials,True,Multiplication,5,0.2,1.0,1.0,1.0,1.0,1,5,1,4.413833958096802,,,
6d0a4545,"Mosaic (MOS) 2023 NPM vs. historical trends, assessing the profitability impact.",Financials,True,Compositional,5,0.0,0.0,0.0,0.0,0.0,,5,1,3.1172080198302865,,,
2f7941e8,TE Connectivity (TEL) share comp dilution % for basic shares in 2024 vs. 2022.,Financials,True,Compositional,5,0.0,0.0,0.0,0.0,0.0,,5,1,4.709917004220188,,,
00af2af1,Anticipated fin. impact of US Attorney/EPA probes on BS liability provisions & costs LOW.,Legal,False,None,5,0.2,1.0,0.3333333333333333,0.5,1.0,3,5,1,3.968374920077622,,,
fb040768,Calc. net profit margin multiplier for KEYS 2024.,Financials,True,Multiplication,5,0.0,0.0,0.0,0.0,0.0,,5,1,2.7542919851839542,,,
ecbe9c65,TDG's supplier relationships (TDG) significantly impact revenue growth and switching costs.,Company overview,False,None,5,0.0,0.0,0.0,0.0,0.0,,5,1,2.9775829752907157,,,
d6430d6f,HAL – US rev mix risk profile & emerging mkt growth.,Company overview,False,None,5,0.0,0.0,0.0,0.0,0.0,,5,1,1.1309999972581863,,,
24963979,MU cap allocation risk for fixed/minimum payment on PPE.,Footnotes,False,None,5,0.0,0.0,0.0,0.0,0.0,,5,1,3.0634159920737147,,,
58946230,"How do scheduled payments, incl. a $131M install. in 2024, impact MSI's liquidity & cash flow?",Footnotes,False,None,5,0.0,0.0,0.0,0.0,0.0,,5,1,4.309167037717998,,,
e602026b,Recent trends in working capital mgmt at Franklin Resources (BEN) have significant implications for growth & risk.,Footnotes,False,None,5,0.0,0.0,0.0,0.0,0.0,,5,1,5.136625026352704,,,
1e8c392f,EOG's strategic ops oversight is guided by its leadership structure.,Governance,False,None,5,0.0,0.0,0.0,0.0,0.0,,5,1,2.7232919819653034,,,
7077afee,EQT Corp's legal loss accounting accrual method is currently under review for better alignment with GAAP.,Legal,False,None,5,0.0,0.0,0.0,0.0,0.0,,5,1,4.534208099357784,,,
ce00b217,KMI's board leadership structure's impact on profitability.,Governance,False,None,5,0.0,0.0,0.0,0.0,0.0,,5,1,2.2826249478384852,,,
608bb39c,eBay's managed payments impact on operational efficiency & transaction risk.,Governance,False,None,5,0.4,1.0,1.0,1.0,1.0,1,5,2,2.411291003227234,,,
b7b8f21b,"RMD FY24 GP, op, net margin trends vs FY23/22.",Financials,True,Compositional,5,0.0,0.0,0.0,0.0,0.0,,5,1,1.0747499763965607,,,
d71e4cd3,Near-term liquidity risks for KHC include $640M in purchase obligations; risk mitigation strategies are needed.,Footnotes,False,None,5,0.0,0.0,0.0,0.0,0.0,,5,1,5.142500041984022,,,
90f96215,Trend on operating income and impact of equity earnings for Hormel Foods (HRL).,Financials,True,Compositional,5,0.2,1.0,1.0,1.0,1.0,1,5,1,5.9278750559315085,,,
e356724d,CRM assumptions on customer contracts cash flows impact intangibles/goodwill.,Accounting,False,None,5,0.2,1.0,0.5,0.6309297535714575,1.0,2,5,1,2.7962079038843513,,,
beffbcdf,"Celanese’s risk mgmt governance in cybersecurity boosts inv confidence, CEL.",Risk,False,None,5,0.0,0.0,0.0,0.0,0.0,,5,1,2.411250025033951,,,
1ffb9268,"Analysis of TXT D&A vs capex 2023 by segment asset lifecycle, ticker.",Footnotes,False,None,5,0.0,0.0,0.0,0.0,0.0,,5,1,4.722916055470705,,,
72492a9a,Impact of SHW insurance lit on cap alloc & val.,Legal,False,None,5,0.0,0.0,0.0,0.0,0.0,,5,1,3.3032080391421914,,,
97db0965,Consistency in contract rev for Roper's performance obligations. ROP.,Accounting,False,None,5,0.0,0.0,0.0,0.0,0.0,,5,1,3.4432909451425076,,,
ebefb8cf,JPM's global cybersecurity governance oversight for liability mgmt.,Risk,False,None,5,0.2,1.0,1.0,1.0,1.0,1,5,1,2.3544590221717954,,,
132f99d3,2023-2024 margin impact from STERIS revenue mix: product vs service.,Financials,False,None,5,0.0,0.0,0.0,0.0,0.0,,5,2,3.7117089377716184,,,
e567f62b,Impact of litigation on profitability and cash flow for General Dynamics (GD) in the near to medium term.,Legal,False,None,5,0.0,0.0,0.0,0.0,0.0,,5,1,8.50391702260822,,,
b63edeb7,Impact on net margin and financial health from VICI's 2023 interest exp. % of rev.,Financials,True,Compositional,5,0.2,1.0,0.3333333333333333,0.5,1.0,3,5,1,6.53545802924782,,,
cf09f5f3,"Devon, rev seg: oil/gas vs midstream growth drivers.",Financials,False,None,5,0.2,0.5,0.5,0.38685280723454163,0.4911147011308562,2,5,2,0.39362499956041574,,,
24dc26e1,Calc. operating margin period for Costco (COST).,Financials,True,Division,5,0.2,1.0,1.0,1.0,1.0,1,5,1,2.672583097591996,,,
04ea9545,DRD's current leverage compared to historical D/E ratios and industry benchmarks.,Shareholder return,False,None,5,0.0,0.0,0.0,0.0,0.0,,5,1,3.7163749802857637,,,
7c196481,"TJX Companies, for Q4 FY24, reported repurchased shares, with the ticker (TJX) reflecting the count and avg price by period.",Shareholder return,False,None,5,0.2,1.0,0.3333333333333333,0.5,1.0,3,5,1,6.0374999884516,,,
0a58042e,Standby LC risk at $3.6M default exposure for JBHT.,Footnotes,False,None,5,0.2,1.0,1.0,1.0,1.0,1,5,1,2.7463750448077917,,,
eca301a5,Net inc & EPS trends for TSCO from 2021-2023 indicate steady earnings growth.,Financials,True,Subtraction,5,0.0,0.0,0.0,0.0,0.0,,5,1,4.43408393766731,,,
ac320c79,JNPR's legal loss accrual prob. criteria for estimability.,Legal,False,None,5,0.0,0.0,0.0,0.0,0.0,,5,1,2.217667060904205,,,
3ed864d5,"Gartner's Q4 2023 share repurchase, ticker (e.g., GRTN), vs historical impact on growth & valuation.",Shareholder return,False,None,5,0.0,0.0,0.0,0.0,0.0,,5,1,3.3522499725222588,,,
99ad24b4,TGT's guest value metrics effectiveness in retail.,Company overview,False,None,5,0.0,0.0,0.0,0.0,0.0,,5,1,2.344791078940034,,,
5f0fab9c,Q4 2023 DTE repurchase monthly breakdown.,Shareholder return,False,None,5,0.2,1.0,0.2,0.38685280723454163,1.0,5,5,1,1.5656250761821866,,,
9826209b,Cboe's earnings impact from market data vs reg fees analysis for ticker.,Footnotes,False,None,5,0.0,0.0,0.0,0.0,0.0,,5,1,3.543167025782168,,,
93cff071,"Equifax's CEO has significantly influenced both strategy & risk mgmt, leading to robust frameworks for addressing challenges.",Governance,False,None,5,0.2,1.0,0.5,0.6309297535714575,1.0,2,5,1,4.005791037343442,,,
cb984a64,"Analysis of AMD's CapEx trends compared to historical phases & indications for future capacity signals, AMD.",Footnotes,False,None,5,0.0,0.0,0.0,0.0,0.0,,5,2,4.5822919346392155,,,
53fba9a5,2024 CapEx initiatives at REGN vs. growth strategy.,Footnotes,False,None,5,0.0,0.0,0.0,0.0,0.0,,5,1,2.119957935065031,,,
9e72d681,Brown-Forman's (BF.B) cybersecurity risk from third-party vendors can impact cash flow.,Risk,False,None,5,0.0,0.0,0.0,0.0,0.0,,5,1,3.2320410246029496,,,
31234a89,"Repurchase suspensions vs OM buys for strategic cap allocation, ticker at end.",Shareholder return,False,None,5,0.0,0.0,0.0,0.0,0.0,,5,1,2.726249978877604,,,
fc41702c,CapEx allocation for Cardinal (CAH) focuses on mfg/tech to enhance comp. positioning.,Footnotes,False,None,5,0.0,0.0,0.0,0.0,0.0,,5,1,3.5591250052675605,,,
311df871,Cencora's (CENC) litigation liability is poised to impact cash flow planning.,Footnotes,False,None,5,0.0,0.0,0.0,0.0,0.0,,5,1,3.451208001933992,,,
af15034b,"WBD's LT debt structure: impact of maturity of senior notes & interest schedule on debt svc, cash flow, & profitability.",Financials,False,None,5,0.0,0.0,0.0,0.0,0.0,,5,2,4.49591688811779,,,
c8228f04,Blackstone's impact on cybersecurity risk and contractual liabilities.,Risk,False,None,5,0.2,1.0,1.0,1.0,1.0,1,5,1,3.579749958589673,,,
a4f77b4c,BBWI risk impact on revenue forecast for loyalty pts gift card.,Accounting,False,None,5,0.2,1.0,1.0,1.0,1.0,1,5,1,3.0750830192118883,,,
7301f1a8,NTAP's growth strategy focuses on delta performance and market expansion.,Company overview,True,Subtract,5,0.0,0.0,0.0,0.0,0.0,,5,1,3.5742089385166764,,,
306722ae,Contractual vs fair value impacts on nonaccrual/90+ DPD loans for growth and investment - GS.,Footnotes,False,None,5,0.2,1.0,1.0,1.0,1.0,1,5,1,4.4585829600691795,,,
d5c4617b,"Impact of KLA cybersecurity mgmt integration on op risk & costs, KLAC.",Risk,False,None,5,0.0,0.0,0.0,0.0,0.0,,5,1,3.8277909625321627,,,
568e0d0f,NDLS revenue reliability vs. industry benchmarks with commercial substance.,Accounting,False,None,5,0.2,1.0,1.0,1.0,1.0,1,5,1,2.132583991624415,,,
fbc97551,Impact of board expertise on strategy & growth for BIO.,Governance,False,None,5,0.0,0.0,0.0,0.0,0.0,,5,1,4.467374994419515,,,
b990353a,$TYL capex seg shift 2022-2023 inv implications.,Footnotes,False,None,5,0.0,0.0,0.0,0.0,0.0,,5,1,2.0971669582650065,,,
0ef1ea8e,"UPS 2023 investing activities vs 2022, impact of disposals & acquisitions (UPS) noted.",Footnotes,False,None,5,0.0,0.0,0.0,0.0,0.0,,5,1,4.077541991136968,,,
82ae9bdc,YoY decrease % in LT debt for QRVO.,Financials,False,None,5,0.0,0.0,0.0,0.0,0.0,,5,1,3.2023750245571136,,,
d0b1682a,Breakdown of CAT contractual obligations for materials/services orders & ticker for un-invoiced commitments.,Footnotes,False,None,5,0.0,0.0,0.0,0.0,0.0,,5,1,3.9907500613480806,,,
1052caec,GPM for Abbott (ABT) in 2023 vs 2021-22 (excl. intang. amortiz.),Financials,True,Compositional,5,0.0,0.0,0.0,0.0,0.0,,5,1,4.15687495842576,,,
919f9bb9,MHK 2023 GP margin vs 2022 vs 2021.,Financials,True,Compositional,5,0.0,0.0,0.0,0.0,0.0,,5,1,2.3572499630972743,,,
1db74376,"NVIDIA's cap allocation efficiency, liability mitigation, and impact of external cybersecurity consultations.",Risk,False,None,5,0.0,0.0,0.0,0.0,0.0,,5,1,3.769290982745588,,,
9428d5db,Wynn Resorts' sub-min gaming rev: impact of premium levies & gaming tax on cash flow/profitability.,Footnotes,False,None,5,0.2,1.0,1.0,1.0,1.0,1,5,1,3.811375005170703,,,
670f69f2,"Impact of Healthpeak NCI redemption on balance sheet, valuation & cash flows, PEAK.",Footnotes,False,None,5,0.0,0.0,0.0,0.0,0.0,,5,1,3.8562080590054393,,,
d20a5e4e,PACCAR's interest inc. recognition on extended payment rec. boosts profitability.,Accounting,False,None,5,0.0,0.0,0.0,0.0,0.0,,5,1,2.4394580395892262,,,
56ec5a30,"Humana's legal/regulatory factors influencing sentiment, valuation, and growth outlook (HUM).",Legal,False,None,5,0.0,0.0,0.0,0.0,0.0,,5,1,2.8049160027876496,,,
e193a523,"SNA's 10b5-1 sale sched impact on free float, dilution, capital struct.",Governance,False,None,5,0.0,0.0,0.0,0.0,0.0,,5,1,2.8754579834640026,,,
1da02f25,"2023 op income segment analysis for JBHT: absolute figures & % of rev for JBI, DCS, & ICS.",Footnotes,False,None,5,0.2,1.0,1.0,1.0,1.0,1,5,1,4.130125045776367,,,
6b2252bf,"Trane Technologies (TT) is focused on global regulatory risks, economic fluctuations, and cash flow stability.",Company overview,False,None,5,0.0,0.0,0.0,0.0,0.0,,5,1,4.5186670031398535,,,
7e98a504,The impact of Moody's board appointment on inv. sentiment and governance strategy is under observation.,Governance,False,None,5,0.2,1.0,1.0,1.0,1.0,1,5,1,6.374667049385607,,,
dccadc77,Bio-Rad; buyback instills investor sentiment focused on long-term profit.,Shareholder return,False,None,5,0.0,0.0,0.0,0.0,0.0,,5,1,2.3227500496432185,,,
62625d27,"Driving revenue growth for Wynn Resorts are innovation and market share in resort gaming, WYNN.",Governance,False,None,5,0.2,1.0,0.3333333333333333,0.5,1.0,3,5,1,5.482792039401829,,,
f03482b9,Net income growth for APA from 2021 to 2023.,Financials,True,Subtract,5,0.2,1.0,0.3333333333333333,0.5,1.0,3,5,1,5.286999978125095,,,
f8a1916a,"Broadcom Inc., effective int. rate comp. on senior notes vs. term loans, period cost of debt analysis.",Financials,False,None,5,0.0,0.0,0.0,0.0,0.0,,5,1,4.8643340123817325,,,
fc0ba5a3,"Net income attribution for 1,000 shares using FCX's 2023 EPS.",Financials,True,Multiplication,5,0.0,0.0,0.0,0.0,0.0,,5,1,3.6609999369829893,,,
a6cee43b,D: Future renewables pressuring generation profitability growth.,Company overview,False,None,5,0.0,0.0,0.0,0.0,0.0,,5,1,0.9312080219388008,,,
320a2360,"In 2023, Molina Healthcare shifts capital allocation affecting shareholder impact, MOH.",Footnotes,False,None,5,0.0,0.0,0.0,0.0,0.0,,5,2,3.254624898545444,,,
56d5c493,"One-time adjustments to NI are common, impacting future earnings quality & valuation for ticker.",Financials,False,None,5,0.0,0.0,0.0,0.0,0.0,,5,2,4.83300001360476,,,
71e89cfe,Impact on liquidity and cash flows from capex at Camden Property Trust (CPT)?,Footnotes,False,None,5,0.2,1.0,0.25,0.43067655807339306,1.0,4,5,1,4.759500036016107,,,
a9fc34f6,"Impact of SBX litigation risk on consolidated FS, ticker in last position.",Legal,False,None,5,0.2,1.0,0.5,0.6309297535714575,1.0,2,5,1,4.980583908036351,,,
f0b0699e,MCD net inc calc = basic EPS x weighted avg shares current yr.,Financials,True,Multiplication,5,0.0,0.0,0.0,0.0,0.0,,5,1,2.031333977356553,,,
b4e75cc1,Risk mgmt & cap alloc strategy for DLR's board composition.,Governance,False,None,5,0.0,0.0,0.0,0.0,0.0,,5,1,2.449583960697055,,,
c8045419,Repurchase volume & price impact on EPS/investor return for MPC.,Shareholder return,False,None,5,0.2,1.0,0.3333333333333333,0.5,1.0,3,5,1,3.0631659319624305,,,
0692fb7d,Cencora's main pricing ctrl impact on dist. valuation growth regarding ticker.,Accounting,False,None,5,0.0,0.0,0.0,0.0,0.0,,5,1,2.097790944389999,,,
e005f6bd,ALL's EPS effect from a decline in share count and the resulting trend implications.,Financials,True,Compositional,5,0.0,0.0,0.0,0.0,0.0,,5,1,6.339915911667049,,,
4dcd4028,"Caterpillar's dual role as CEO influences governance & growth strategy, ticker CAT.",Governance,False,None,5,0.0,0.0,0.0,0.0,0.0,,5,1,2.0797919714823365,,,
cc95fc79,DXCM projected SG&A for 2023 from $4B rev.,Financials,True,Multiplication,5,0.0,0.0,0.0,0.0,0.0,,5,1,4.101415979675949,,,
707224b0,"Execs at Charles Schwab, incl. age & experience, influence succession planning.",Governance,False,None,5,0.2,1.0,1.0,1.0,1.0,1,5,1,1.5665419632568955,,,
887f70b2,Analyzing the change in TDG EPS FY22-FY23 alongside operational performance.,Financials,True,Subtract,5,0.0,0.0,0.0,0.0,0.0,,5,1,3.4688329324126244,,,
736122a9,MCD's 3-yr dividend trend and its implications on profitability/cash flow.,Shareholder return,False,None,5,0.0,0.0,0.0,0.0,0.0,,5,1,3.714999998919666,,,
31ae18c8,RTX's pricing strategy impacts margins in aerospace & defense.,Company overview,False,None,5,0.0,0.0,0.0,0.0,0.0,,5,1,2.3171670036390424,,,
5282eb5b,BWA valuation risk impact from competitive non-OEM electrification start-ups.,Company overview,False,None,5,0.2,1.0,1.0,1.0,1.0,1,5,1,2.1886660251766443,,,
aff45ad4,Uncertainty regarding Leidos legacy litigation proceedings impacts valuation.,Legal,False,None,5,0.0,0.0,0.0,0.0,0.0,,5,1,0.7827079389244318,,,
e0994e1e,DECK's rev rec volatility stems from variable consideration impact.,Accounting,False,None,5,0.0,0.0,0.0,0.0,0.0,,5,1,1.6803749604150653,,,
e87d72b6,accrual estimation for legal proceedings with historical loss alignment at TTWO.,Legal,False,None,5,0.0,0.0,0.0,0.0,0.0,,5,1,3.754124976694584,,,
2683bec9,effect of OID and DIC amortization on interest exp. lifecycle for GDDY.,Financials,False,None,5,0.0,0.0,0.0,0.0,0.0,,5,1,5.302582983858883,,,
717081af,Underrepresented workforce vs leadership program representation at ABBV.,Company overview,True,Division,5,0.0,0.0,0.0,0.0,0.0,,5,1,1.6382909379899502,,,
e7222eb1,"DexCom's profitability strategy in the competitive CGM mkt focuses on driving innovation & expanding market share, DXCM.",Company overview,False,None,5,0.2,1.0,1.0,1.0,1.0,1,5,1,4.709333996288478,,,
9962810b,3M's (MMM) cust. order pattern impacts rev. margins.,Company overview,False,None,5,0.2,1.0,1.0,1.0,1.0,1,5,1,0.34908298403024673,,,
8469187d,"HSIC margins for US dental & med divs are competitive, indicating solid profitability.",Company overview,False,None,5,0.0,0.0,0.0,0.0,0.0,,5,1,2.8018750017508864,,,
1188e138,Sustainability analysis on capital allocation by ZBH.,Footnotes,False,None,5,0.0,0.0,0.0,0.0,0.0,,5,1,2.7503339806571603,,,
ea6b1e24,Guldner's tenure impact on investor sentiment & future growth in PNW.,Governance,False,None,5,0.0,0.0,0.0,0.0,0.0,,5,1,3.3831250621005893,,,
3e3b9fed,BLL's dual role in governance enhances shareholder alignment.,Governance,False,None,5,0.0,0.0,0.0,0.0,0.0,,5,1,2.1708329441025853,,,
a5fcfe73,Chubb's operational stability and regional risks are influenced by its workforce metrics.,Company overview,True,None,5,0.0,0.0,0.0,0.0,0.0,,5,1,3.9725840324535966,,,
e1efe743,MCHP's strategic focus on specialized leadership targets key segments for growth.,Governance,False,None,5,0.0,0.0,0.0,0.0,0.0,,5,1,3.2820419874042273,,,
2772ea7a,The impact of Match Group's talent strategy on ops efficiency & risk mgmt. is notable; TKR: MTCH.,Company overview,False,None,5,0.0,0.0,0.0,0.0,0.0,,5,2,5.424125003628433,,,
dd721b43,Uber's (UBER) near-term debt maturity poses refinancing risks.,Financials,False,None,5,0.0,0.0,0.0,0.0,0.0,,5,1,1.2967920629307628,,,
5ef0d742,"Details on share buyback volume and cost for American Airlines Group, ticker AAL.",Shareholder return,False,None,5,0.0,0.0,0.0,0.0,0.0,,5,1,4.3688330333679914,,,
f57b5424,KDP's capital allocation for supply chain optimization in Spartanburg & Allentown.,Footnotes,False,None,5,0.2,1.0,1.0,1.0,1.0,1,5,1,3.3655830193310976,,,
cd2b7ed2,2023 capex trends in digital imaging and precision instrumentation for TDY.,Footnotes,False,None,5,0.2,1.0,1.0,1.0,1.0,1,5,1,4.852708079852164,,,
0db27b54,ALL board positioning for strategic balance & rev growth challenges.,Governance,False,None,5,0.0,0.0,0.0,0.0,0.0,,5,1,2.8155840700492263,,,
5e037385,DAYC's term debt interest rate impacts CoD & profitability.,Financials,False,None,5,0.0,0.0,0.0,0.0,0.0,,5,1,1.4705830253660679,,,
d3d8efd4,Mosaic employee headcount & gender % breakdown as of 12/31/23.,Company overview,True,Compositional,5,0.0,0.0,0.0,0.0,0.0,,5,1,3.9565000915899873,,,
c4dee9a6,"HSY non-expiring share buybacks, capital allocation, EPS.",Shareholder return,False,None,5,0.0,0.0,0.0,0.0,0.0,,5,1,1.5092920511960983,,,
4da55a88,URI's equip. rentals rev. trends from 2021-2023 have significantly impacted total rev.,Financials,False,None,5,0.2,0.5,0.3333333333333333,0.3065735963827292,0.45795741609527246,3,5,2,3.7529580295085907,,,
17055e17,Transparency in revenue recognition for bundled vs standalone subs is crucial for NFLX.,Accounting,False,None,5,0.0,0.0,0.0,0.0,0.0,,5,1,3.674750099889934,,,
90e8944d,Legal exposures from OMC affect risk profile & capital allocation.,Legal,False,None,5,0.0,0.0,0.0,0.0,0.0,,5,1,2.352833980694413,,,
97fdaaf5,"In negotiations for acquisitions, how do cost advantages for large investors compare with those of Ventas?",Company overview,False,None,5,0.0,0.0,0.0,0.0,0.0,,5,1,5.643000011332333,,,
93231307,"At GL, the CFO/CAO play crucial roles in transparency and reporting.",Governance,False,None,5,0.0,0.0,0.0,0.0,0.0,,5,1,4.648915957659483,,,
10cc6018,Tracking performance of LKQ's digital sales channels.,Company overview,False,None,5,0.0,0.0,0.0,0.0,0.0,,5,2,2.781083923764527,,,
56da5e68,"Cadence SSP est. methods, cust. size & geo factors relevant to ticker.",Accounting,False,None,5,0.2,1.0,0.3333333333333333,0.5,1.0,3,5,1,2.4339170195162296,,,
a50b140f,Impact on profitability & cash flows from litigation & regulatory risk at Southern Co.,Legal,False,None,5,0.0,0.0,0.0,0.0,0.0,,5,1,4.0354999946430326,,,
65da92ab,XOM's Q4 2023 repurchase program execution pace & scale.,Shareholder return,False,None,5,0.2,1.0,0.3333333333333333,0.5,1.0,3,5,1,1.9586249254643917,,,
731c83e5,"Trends in sales for Amgen's product line and their impact on profitability, AMGN.",Footnotes,False,None,5,0.0,0.0,0.0,0.0,0.0,,5,1,5.516208009794354,,,
d4ee99cd,"The board makeup of Meta Platforms impacts investor ROI and valuation outlooks, META.",Governance,False,None,5,0.0,0.0,0.0,0.0,0.0,,5,1,4.441790981218219,,,
69536d7c,Buyback metrics for GOOGL in 2023 vs 2022.,Shareholder return,False,None,5,0.0,0.0,0.0,0.0,0.0,,5,1,4.180583986453712,,,
73ce80c5,TE Connectivity's (TEL) pricing strategy: addressing upward pressure vs. competitive forces impacting positioning?,Company overview,False,None,5,0.0,0.0,0.0,0.0,0.0,,5,1,0.8959999540820718,,,
19b44766,Cybersecurity financial risks (CFR) w/ WST vs. vendor assessments (VA) & training impact (TI) are critical factors for investment considerations.,Risk,False,None,5,0.0,0.0,0.0,0.0,0.0,,5,1,4.245999967679381,,,
c9c53bcd,Quantification monitoring of CCI legal liabilities.,Legal,False,None,5,0.0,0.0,0.0,0.0,0.0,,5,1,2.729165949858725,,,
e69805f4,Net profit margin for Prudential in 2023 vs 2022/2021 is under review.,Financials,True,Compositional,5,0.2,1.0,0.5,0.6309297535714575,1.0,2,5,1,5.9980840887874365,,,
f1d375b8,"The impact of JBHT's workforce mix on competitive positioning and operational risks is noteworthy, with the ticker now placed at the end.",Company overview,True,Compositional,5,0.0,0.0,0.0,0.0,0.0,,5,1,7.394709042273462,,,
b5e0dc1c,CapEx % rev impact on NVDA's margins/cash flow.,Footnotes,False,None,5,0.0,0.0,0.0,0.0,0.0,,5,1,2.2072079591453075,,,
e4674704,"ROST's board composition plays a vital role in oversight and risk mgmt, impacting overall corp strategy.",Governance,False,None,5,0.0,0.0,0.0,0.0,0.0,,5,1,4.891791963018477,,,
631f67f4,Q4 repurchase volume & avg price monthly breakdown for OTIS.,Shareholder return,False,None,5,0.0,0.0,0.0,0.0,0.0,,5,1,2.0835839677602053,,,
0614f13a,ASR amounts closing dates for PFG 2022.,Shareholder return,False,None,5,0.0,0.0,0.0,0.0,0.0,,5,1,2.6627499610185623,,,
ed8c7de2,KKR's share buyback effectiveness in Q4 2023 amid equity award retirement.,Shareholder return,False,None,5,0.2,1.0,1.0,1.0,1.0,1,5,1,3.4666249994188547,,,
89e5685f,"Exec changes @ AIG, capital strat, impact on sustainable returns.",Governance,False,None,5,0.0,0.0,0.0,0.0,0.0,,5,1,2.424958045594394,,,
4a66fa95,MDLZ effective tax rate 2023 vs previous yrs. net profit impact.,Financials,True,Compositional,5,0.0,0.0,0.0,0.0,0.0,,5,1,2.6949580060318112,,,
56ead4af,BIIB facility alt use impact on future capex.,Footnotes,False,None,5,0.0,0.0,0.0,0.0,0.0,,5,1,2.382500097155571,,,
17fb67b7,Geographic dist. of Northern Trust emp. indicates regional risk exp. & growth.,Company overview,True,None,5,0.2,1.0,0.2,0.38685280723454163,1.0,5,5,1,2.659666002728045,,,
2d6f97e4,"Quarterly repurchase details for Agilent Tech (A) as of Oct 31, 2024.",Shareholder return,False,None,5,0.0,0.0,0.0,0.0,0.0,,5,1,6.05170801281929,,,
3734e04b,2023 net profit margin of Ventas Inc vs historical trends.,Financials,True,Compositional,5,0.0,0.0,0.0,0.0,0.0,,5,1,3.72195802628994,,,
2a45c5ba,"McCormick's financial flexibility benefits from the absence of legal entanglements, positively influencing capital allocation and growth prospects (MKC).",Legal,False,None,5,0.0,0.0,0.0,0.0,0.0,,5,1,6.029792013578117,,,
34a5f362,"GM's implied US workforce vs global headcount, based on unionization data, indicates relevant shifts in labor dynamics.",Company overview,True,Compositional,5,0.0,0.0,0.0,0.0,0.0,,5,1,4.207334015518427,,,
6c41ae43,Cash flow risk from BMY rebate/discount estimate deviations.,Accounting,False,None,5,0.0,0.0,0.0,0.0,0.0,,5,1,2.185916993767023,,,
962b0b55,Delta in tax expense for HES: 2022 vs 2023 income tax provisions.,Financials,True,Subtract,5,0.0,0.0,0.0,0.0,0.0,,5,1,4.88500006031245,,,
1e90bd5d,Impact on int. exp. due to AT&T's debt maturing profiles in 2022 vs. 2023.,Financials,False,None,5,0.0,0.0,0.0,0.0,0.0,,5,1,6.120875012129545,,,
972297c4,"Equifax, Int'l employee ratio vs. combined workforce & USIS; segment focus.",Company overview,True,Compositional,5,0.2,1.0,1.0,1.0,1.0,1,5,1,0.9660419309511781,,,
1248cfe0,CTSH operating margin 2023 Cognizant Tech Solutions Corp.,Financials,True,Division,5,0.2,1.0,1.0,1.0,1.0,1,5,1,2.081790938973427,,,
97c11e30,"Huntington Bancshares governance oversight for board structure focuses on ensuring effective operations and compliance, HBAN.",Governance,False,None,5,0.0,0.0,0.0,0.0,0.0,,5,1,4.697750089690089,,,
6d77edfe,GPC leadership roles tenure.,Governance,False,None,5,0.2,1.0,0.5,0.6309297535714575,1.0,2,5,1,0.3880419535562396,,,
ebe9454d,2023 net profit margin drivers for CSX vs historical performance.,Financials,True,Compositional,5,0.0,0.0,0.0,0.0,0.0,,5,1,3.2155830413103104,,,
44645759,AMAT's annualized growth in net rev & net inc for FY22-FY24.,Financials,True,Compositional,5,0.0,0.0,0.0,0.0,0.0,,5,1,3.364250063896179,,,
d2edc80b,"Assessment of work stoppage risk due to labor disputes at CrowdStrike, CRWD.",Company overview,True,None,5,0.0,0.0,0.0,0.0,0.0,,5,1,4.48195799253881,,,
63b88787,"Impact of WST ASC606 rev rec on timing & profitability, WST.",Accounting,False,None,5,0.0,0.0,0.0,0.0,0.0,,5,1,3.235375043004751,,,
1b437740,"HP Inc.'s purchase obligations influence op risks, inventory mgmt & cost structure.",Footnotes,False,None,5,0.0,0.0,0.0,0.0,0.0,,5,1,1.8954999977722764,,,
f845a391,OCF evolution for GDDY from 2021 to 2023 highlights key adjustments' impact.,Footnotes,False,None,5,0.0,0.0,0.0,0.0,0.0,,5,1,4.848666023463011,,,
a98759b0,"META's 2023 investing trends could shape its 2024 capex outlook and competitive edge, META.",Footnotes,False,None,5,0.0,0.0,0.0,0.0,0.0,,5,2,4.0463750483468175,,,
b3db370b,"The impact of exec diversity on profitability & cash flow is highlighted when analyzing the mosaic board, specifically for the ticker involved.",Governance,False,None,5,0.0,0.0,0.0,0.0,0.0,,5,1,6.560875102877617,,,
fce20230,"Implications of the ATO 2024 interest-to-operating income ratio on leverage, considering tickers.",Financials,True,Division,5,0.0,0.0,0.0,0.0,0.0,,5,1,6.199999945238233,,,
0139e066,What is the impact of HPE’s CFO/Controller & treasury roles on capital allocation and cash flow mgmt AT? HPE,Governance,False,None,5,0.0,0.0,0.0,0.0,0.0,,5,1,6.941166007891297,,,
c27a3ce5,"The significance of oversight in roles like CFO, SVP at Vistra is pivotal.",Governance,False,None,5,0.0,0.0,0.0,0.0,0.0,,5,1,5.525207961909473,,,
5fc0425d,"Teradyne, Dec 2023 liquidity current ratio indicates short-term health.",Financials,False,None,5,0.0,0.0,0.0,0.0,0.0,,5,2,2.3138750111684203,,,
bc0f11c7,Remaining vs executed CL share repurchase Dec 2023.,Shareholder return,False,None,5,0.0,0.0,0.0,0.0,0.0,,5,1,1.995124970562756,,,
f265a511,"Analysis of capex growth for Newmont, ticker NEM.",Financials,False,None,5,0.0,0.0,0.0,0.0,0.0,,5,1,3.1141669023782015,,,
bc4b5183,Key drivers of operating cash increase vs FCF impact for SPGI 2022-23.,Footnotes,False,None,5,0.2,0.5,0.5,0.38685280723454163,0.7233379501385041,2,5,2,4.794624983333051,,,
e893b538,"The impact of FIS revenue recognition estimates on comparability of historical vs future performance, ticker.",Accounting,False,None,5,0.0,0.0,0.0,0.0,0.0,,5,1,4.899999941699207,,,
fdd209b4,MPWR's heavy Asian revenue concentration impacts its competitive positioning against diversified peers.,Company overview,False,None,5,0.0,0.0,0.0,0.0,0.0,,5,1,1.630958984605968,,,
d26e78f3,Amcor plc's (AMCR) share buyback resumption criteria & impact on profitability & growth.,Shareholder return,False,None,5,0.2,1.0,0.2,0.38685280723454163,1.0,5,5,1,2.375334035605192,,,
e48c2d8d,Occidental Petroleum (OXY) reserves - DD&A sensitivity analysis.,Accounting,False,None,5,0.2,1.0,1.0,1.0,1.0,1,5,1,1.7292500706389546,,,
c4680742,BXP's (Binney) regulatory milestones impact risk of delays.,Financials,False,None,5,0.2,1.0,0.2,0.38685280723454163,1.0,5,5,1,2.7778749354183674,,,
76ccac0d,assessing board's strategic impact on cash flow stability & inv. appeal for LYB.,Governance,False,None,5,0.0,0.0,0.0,0.0,0.0,,5,1,3.6764160031452775,,,
2076b8c2,"DexCom's board composition, including its signature page, and role diversity's impact on governance are critical considerations.",Governance,False,None,5,0.0,0.0,0.0,0.0,0.0,,5,2,5.1553749945014715,,,
d0232f1a,Cadence: impact of mixed competition on biz model & margins for ticker.,Company overview,False,None,5,0.0,0.0,0.0,0.0,0.0,,5,1,4.006874980404973,,,
3a85adfa,AAPL litigation outcomes could impact profitability valuation.,Legal,False,None,5,0.0,0.0,0.0,0.0,0.0,,5,1,1.0110830189660192,,,
57b7708b,"AEE's rev rec involves analyzing both billed & unbilled components, plus the investment implications.",Accounting,False,None,5,0.2,1.0,0.3333333333333333,0.5,1.0,3,5,1,2.5967080146074295,,,
cb871915,Global labor risk cost dynamics for CMCSA and factors influencing unionization.,Company overview,True,None,5,0.0,0.0,0.0,0.0,0.0,,5,1,3.936041030101478,,,
82d13647,SWKS capex decline strategy impacts.,Footnotes,False,None,5,0.0,0.0,0.0,0.0,0.0,,5,1,0.5105000454932451,,,
aa629e1a,AMGN's exp. strategy globally and its growth in biotech driven by key market insights.,Governance,False,None,5,0.0,0.0,0.0,0.0,0.0,,5,1,4.780207993462682,,,
cb04502d,"Capex breakdown for LO 2023: contribution from Hotels & ticker, as well as Corp to overall spend.",Footnotes,False,None,5,0.0,0.0,0.0,0.0,0.0,,5,1,5.531667033210397,,,
14fec507,Liquidity balance vs debt risk in acquisition-driven growth for LKQ.,Financials,False,None,5,0.0,0.0,0.0,0.0,0.0,,5,1,3.829458961263299,,,
ff80ca01,FTE base count for AXON increased by 18% in 2023.,Company overview,True,Compositional,5,0.2,1.0,1.0,1.0,1.0,1,5,1,4.5477080857381225,,,
f713f410,Impact on op performance & retention from DOW survey & training efforts with ticker at the end.,Company overview,True,None,5,0.2,1.0,0.5,0.6309297535714575,1.0,2,5,1,5.416207946836948,,,
6cc91093,"Impact on balance sheet for GM ASR and settlement due by Dec 2024, ticker GM.",Shareholder return,False,None,5,0.0,0.0,0.0,0.0,0.0,,5,1,5.452290992252529,,,
84fd818d,Cumulative rev forecast for 2022-24 & long-term growth trend indicator for JKHY.,Financials,True,Addition,5,0.0,0.0,0.0,0.0,0.0,,5,1,3.1127920374274254,,,
361e177e,Repurchase volumes and remaining buyback funds cap allocation review for IR.,Shareholder return,False,None,5,0.0,0.0,0.0,0.0,0.0,,5,1,3.4690420143306255,,,
37c554a2,"Leadership of Eastman Chem, amid its risk mitigation strategies, emphasizes solid financial performance.",Governance,False,None,5,0.2,1.0,1.0,1.0,1.0,1,5,1,3.8068749709054828,,,
877afe66,F: Reg risk & compliance strat for safety/emissions/tech impact on long-term stability.,Company overview,False,None,5,0.0,0.0,0.0,0.0,0.0,,5,1,3.7552500143647194,,,
4ce899d2,The impact of employer reputation on Cisco (CSCO) competitive positioning and growth potential is significant.,Company overview,True,None,5,0.0,0.0,0.0,0.0,0.0,,5,1,6.177417002618313,,,
06968744,"The roles of the Amphenol Corp board significantly affect risk mgmt and capital allocation, APH.",Governance,False,None,5,0.0,0.0,0.0,0.0,0.0,,5,1,5.146374925971031,,,
b3219177,Impact on margins from ADP's dual role.,Accounting,False,None,5,0.0,0.0,0.0,0.0,0.0,,5,1,2.4541669990867376,,,
c7a1a4e9,How do contract timelines impact profitability and capital allocation for OTIS?,Footnotes,False,None,5,0.0,0.0,0.0,0.0,0.0,,5,1,3.703082911670208,,,
058f8cb2,CTSH's labor cost update procedures could influence earnings & cash flow impact.,Accounting,False,None,5,0.0,0.0,0.0,0.0,0.0,,5,2,2.0628749625757337,,,
2cd12cc3,Impact of EPIC values on risk mgmt & governance for Host Hotels & Resorts (HST).,Governance,False,None,5,0.2,1.0,0.3333333333333333,0.5,1.0,3,5,1,4.050499992445111,,,
f6823871,F Ford operating lease commitments: Impact on cap allocation & financial flexibility from Ford Credit vs non-credit.,Footnotes,False,None,5,0.2,1.0,1.0,1.0,1.0,1,5,1,4.228124977089465,,,
b3401999,Trends in R&D ops exp for Super Micro Computer (SMCI).,Company overview,False,None,5,0.0,0.0,0.0,0.0,0.0,,5,1,3.1573750311508775,,,
1daf63a4,Impact on opex profitability from TJX's shipping fee recognition.,Accounting,False,None,5,0.2,1.0,1.0,1.0,1.0,1,5,1,2.6188750052824616,,,
5cb989d0,"Combined net earnings for Northrop Grumman showed a profitability trend in 2023 vs. 2022, NOC.",Financials,True,Addition,5,0.0,0.0,0.0,0.0,0.0,,5,1,5.691916914656758,,,
7d72ed97,% improvement in LVS EPS vs op income & revenue trends.,Financials,True,Compositional,5,0.0,0.0,0.0,0.0,0.0,,5,1,2.5706669548526406,,,
c20d2bc5,Impact of disclosed legal proceedings on risk and cash flow for Best Buy (BBY),Legal,False,None,5,0.0,0.0,0.0,0.0,0.0,,5,1,5.629542050883174,,,
8ab73684,Impact on liquidity from TJX's liability mix.,Financials,False,None,5,0.0,0.0,0.0,0.0,0.0,,5,2,2.5613330071792006,,,
c6faeb02,Timing volatility in revenue recognition for Expedia Group (EXPE) impacts overall financial performance.,Accounting,False,None,5,0.0,0.0,0.0,0.0,0.0,,5,1,4.444416961632669,,,
f4037359,Teledyne's 2024 growth alignment comes with purchase obligations.,Footnotes,False,None,5,0.0,0.0,0.0,0.0,0.0,,5,1,2.563999965786934,,,
4c0676da,"ERM, ORSA, TRV: Integrating cybersecurity risks for regulatory compliance and boosting investor confidence.",Risk,False,None,5,0.0,0.0,0.0,0.0,0.0,,5,1,3.4812919329851866,,,
b8a1383c,CBOE CBA expiring may impact union representation expenses.,Company overview,True,Compositional,5,0.0,0.0,0.0,0.0,0.0,,5,1,1.617542002350092,,,
6c8c2275,Impact on financials & cash flows from ADI legal proceedings.,Legal,False,None,5,0.0,0.0,0.0,0.0,0.0,,5,2,3.1385839683935046,,,
e6fdb5b3,DPZ's legal exposure impacts litigation cash flow cap alloc.,Legal,False,None,5,0.0,0.0,0.0,0.0,0.0,,5,1,1.320375013165176,,,
e61c8db0,BLS LH cum catch-up adjustments rev volatility earnings risk.,Accounting,False,None,5,0.2,1.0,1.0,1.0,1.0,1,5,1,1.1723750503733754,,,
bc07eb8b,HBAN's cybersecurity protocols significantly influence investor confidence.,Risk,False,None,5,0.0,0.0,0.0,0.0,0.0,,5,1,0.42162497993558645,,,
c6ceb7e6,Cybersecurity integration of ODFL in ERM: impact on operational resilience & financial risk.,Risk,False,None,5,0.0,0.0,0.0,0.0,0.0,,5,1,5.072582978755236,,,
18fc21f9,COST's rule 10b5-1 governance & growth impact on long-term invsmt.,Governance,False,None,5,0.0,0.0,0.0,0.0,0.0,,5,1,3.2625829335302114,,,
89747a6d,R&D expense as a % of net product revs for VRTX in 2023.,Financials,True,Division,5,0.0,0.0,0.0,0.0,0.0,,5,1,7.162292022258043,,,
cad4b4d8,STT liquidity capex bal & growth assess.,Footnotes,False,None,5,0.0,0.0,0.0,0.0,0.0,,5,1,0.6112080300226808,,,
20a61525,"CDW's Sirius PPA includes intangibles, goodwill, & amortization effects on earnings, CDW.",Footnotes,False,None,5,0.2,1.0,1.0,1.0,1.0,1,5,1,2.3350840201601386,,,
f579835d,MS&A expense multiplier for Eli Lilly (LLY) in 2022-2023.,Financials,True,Multiplication,5,0.2,1.0,0.5,0.6309297535714575,1.0,2,5,1,5.082833929918706,,,
3a2f3700,2023 gross margin for AMGN vs. 2022.,Financials,True,Compositional,5,0.0,0.0,0.0,0.0,0.0,,5,1,3.239584038965404,,,
d53ecbc8,"Details on pre-tax income adjustments for Ingersoll Rand in 2023, IR.",Financials,True,Subtract,5,0.2,1.0,1.0,1.0,1.0,1,5,1,4.863750073127449,,,
1152079d,Impact of INCY competition on revenue growth & profitability in the short vs long-term.,Company overview,False,None,5,0.0,0.0,0.0,0.0,0.0,,5,1,6.019624997861683,,,
d613c99c,FSLR's share buyback impacts EPS valuation.,Shareholder return,False,None,5,0.0,0.0,0.0,0.0,0.0,,5,1,0.7935420144349337,,,
ef7f4dc1,Recent share repurchase volume and cost for IFRA.,Shareholder return,False,None,5,0.0,0.0,0.0,0.0,0.0,,5,1,3.6640838952735066,,,
d8580e01,impact of imputed interest on PV of lease liabilities vs ECL of total lease pmts,Footnotes,False,None,5,0.2,1.0,1.0,1.0,1.0,1,5,1,4.177208058536053,,,
4dcbd5c1,Liabilities from Synchrony Financial retailers and their effect on profitability of programs; ticker at end.,Accounting,False,None,5,0.0,0.0,0.0,0.0,0.0,,5,1,6.372874951921403,,,
ca2756e0,Effect on production stability & risk exposure from MNST supplier concentration.,Footnotes,False,None,5,0.0,0.0,0.0,0.0,0.0,,5,1,2.8055000584572554,,,
0d7a8a0f,"Cencora, Inc. faces potential profitability risks due to the impact of legal disputes.",Legal,False,None,5,0.0,0.0,0.0,0.0,0.0,,5,1,5.401042057201266,,,
31f280c8,Legal contingencies reserves DE's short-term profit impact.,Legal,False,None,5,0.0,0.0,0.0,0.0,0.0,,5,1,1.6081249341368675,,,
0966d919,P&G's cybersecurity framework significantly impacts its fncl health & resilience.,Risk,False,None,5,0.0,0.0,0.0,0.0,0.0,,5,1,1.3659580145031214,,,
37233551,"Debt maturity mgmt. & IR risk at Revvity, RVTY, related to the Treasury-backed repayment of 2024 Notes.",Footnotes,False,None,5,0.0,0.0,0.0,0.0,0.0,,5,1,6.1752499314025044,,,
f566afe7,"Calculation method for the DTE unionization % gap, with ticker placed last.",Company overview,True,Compositional,5,0.0,0.0,0.0,0.0,0.0,,5,1,3.52358294185251,,,
c9dafde0,Impact of exec role diversity on cap alloc & risk mgmt at BBY.,Governance,False,None,5,0.0,0.0,0.0,0.0,0.0,,5,1,3.938458045013249,,,
c294c04a,Impact on revenue consistency from daily rev rec under ASC 606 for ticker.,Accounting,False,None,5,0.2,0.5,0.25,0.2640681225725909,0.7294675090252708,4,5,2,3.850082983262837,,,
87b5d8be,"Impact of Teledyne Technologies' defense layers & automated threat response on competitive positioning & growth, TDN.",Risk,False,None,5,0.0,0.0,0.0,0.0,0.0,,5,1,3.7571669090539217,,,
55aebc78,Tech & AI strat by Intuit for prod differentiation.,Company overview,False,None,5,0.0,0.0,0.0,0.0,0.0,,5,1,2.462166012264788,,,
a52d7320,Legal challenges in risk management for DLR.,Legal,False,None,5,0.0,0.0,0.0,0.0,0.0,,5,1,3.5964580019935966,,,
959b2bb1,Impact of patent litigation on earnings & cash flow for MRNA in short-medium term.,Legal,False,None,5,0.2,1.0,1.0,1.0,1.0,1,5,1,6.015916937030852,,,
5f175c2d,"The impact of ONEOK's operational efficiencies on comp. positioning & risk profile, OKE.",Company overview,False,None,5,0.0,0.0,0.0,0.0,0.0,,5,1,4.354874952696264,,,
06e16f3a,Impairment effects on NI & OCF in LDOS 2023 compared to prior yrs.,Footnotes,False,None,5,0.0,0.0,0.0,0.0,0.0,,5,1,4.832665901631117,,,
8a0f4278,"Effect of GRMN TTM/product availability on mkt share & growth vs AAPL, SSNLF, HON.",Company overview,False,None,5,0.0,0.0,0.0,0.0,0.0,,5,1,3.810207941569388,,,
3c51e656,Impact on DE ratio and shareholder value from PNW's share repurchase.,Shareholder return,False,None,5,0.0,0.0,0.0,0.0,0.0,,5,1,4.290333017706871,,,
f58b0476,"Trends in CMS Energy's workforce from 2021-2023, comparing the Consumers segment to the overall company, ticker included.",Company overview,True,Compositional,5,0.2,1.0,1.0,1.0,1.0,1,5,1,6.714541930705309,,,
d7d2b6fa,"Impact of UNH asset growth on inv. capacity & future prospects, UNH.",Financials,False,None,5,0.0,0.0,0.0,0.0,0.0,,5,1,3.7340830313041806,,,
e3d61d7c,Risk diversification in Marriott's (MAR) brand grouping.,Company overview,False,None,5,0.2,1.0,1.0,1.0,1.0,1,5,1,2.2125839022919536,,,
57698c0b,"Danaher, legal proc. disclosure cat. & fin. impact.",Legal,False,None,5,0.0,0.0,0.0,0.0,0.0,,5,1,0.8460420649498701,,,
5c586d1e,COVID rent concessions revenue recognition forecast risk for SPG.,Accounting,False,None,5,0.2,1.0,0.3333333333333333,0.5,1.0,3,5,1,2.11554195266217,,,
200b60b0,Implications of CTVA's R&D-to-sales ratio growth.,Financials,True,Multiplication,5,0.0,0.0,0.0,0.0,0.0,,5,1,3.589582978747785,,,
8802c310,Diversity in governance for MPS exec roles.,Governance,False,None,5,0.0,0.0,0.0,0.0,0.0,,5,1,3.0046249739825726,,,
707dc83f,"Air Products and Chemicals, Inc. (APD) 2024 GPM trend analysis vs historical.",Financials,True,Compositional,5,0.2,1.0,1.0,1.0,1.0,1,5,1,3.3268750412389636,,,
9618677a,COVID-19 PIL risks & impact on liquidity/ops for The Hartford (NYSE: THG) Financial Services Group.,Legal,False,None,5,0.2,1.0,1.0,1.0,1.0,1,5,1,5.124832969158888,,,
15f132b9,Impact of WLTW client mix on rev stability and risk mgt.,Company overview,False,None,5,0.0,0.0,0.0,0.0,0.0,,5,1,4.222416901029646,,,
3d3540a1,Q4 2023 stability in KMB insider trading.,Governance,False,None,5,0.0,0.0,0.0,0.0,0.0,,5,1,2.820833004079759,,,
c7a6a2b7,Impact on cash flows & fin. position from BLDR construction defect claims.,Legal,False,None,5,0.2,1.0,1.0,1.0,1.0,1,5,1,3.3973329700529575,,,
1af19684,Implications for future investment and scalability from capex growth at Philip Morris.,Footnotes,False,None,5,0.0,0.0,0.0,0.0,0.0,,5,1,4.384958068840206,,,
8ada3d4c,Ticker QD underscores capex consistency in its investment strategy.,Footnotes,False,None,5,0.0,0.0,0.0,0.0,0.0,,5,1,2.5372080272063613,,,
4f8c2823,"MAS focuses on brand positioning, innovation, & quality strategy.",Company overview,False,None,5,0.0,0.0,0.0,0.0,0.0,,5,1,1.9827919313684106,,,
ba476a19,MA ruling risk mitigation legal proceedings for Pentair.,Legal,False,None,5,0.0,0.0,0.0,0.0,0.0,,5,1,2.136375056579709,,,
1e2ee4b4,Sales force comp for FAST in 2023 vs 2022 shows notable shifts.,Company overview,True,Compositional,5,0.0,0.0,0.0,0.0,0.0,,5,1,4.468917031772435,,,
a4285e41,Impact of third-party cybersecurity risk mgt on Enphase Energy.,Risk,False,None,5,0.0,0.0,0.0,0.0,0.0,,5,1,3.9207079680636525,,,
25a6355c,EPS valuation trends for NOC buybacks impact broader market outlook.,Shareholder return,False,None,5,0.0,0.0,0.0,0.0,0.0,,5,1,2.181458054110408,,,
805491ed,D: profitability impact from income ops change drivers 2021-2023 for ticker.,Financials,False,None,5,0.0,0.0,0.0,0.0,0.0,,5,2,4.241916001774371,,,
d6e2192d,"VST, EBITDA calc & margins for 2021-2023.",Financials,True,Compositional,5,0.0,0.0,0.0,0.0,0.0,,5,1,2.9274580301716924,,,
ae2b775f,"Impact on cash flow from WDC Flash Ventures' flash wafers contract terms, TKR: WDC.",Footnotes,False,None,5,0.2,1.0,1.0,1.0,1.0,1,5,1,3.205167013220489,,,
55800383,Estimation controls for unbilled rev (PPL) and their financial impact.,Accounting,False,None,5,0.0,0.0,0.0,0.0,0.0,,5,1,3.904624958522618,,,
9c71e3e5,GPC's lease maturities and liquidity impact on cash flow.,Footnotes,False,None,5,0.0,0.0,0.0,0.0,0.0,,5,1,3.4665000857785344,,,
0608f52b,ORLY's external financing risk vs. cash flow sensitivity to demand shifts.,Financials,False,None,5,0.0,0.0,0.0,0.0,0.0,,5,1,2.9300838941708207,,,
23d70124,LKQ's 3-month share repurchase cost & cap allocation impact.,Shareholder return,False,None,5,0.0,0.0,0.0,0.0,0.0,,5,1,1.853541936725378,,,
6c3c6289,"AOS exec, career prog., profitability risk.",Governance,False,None,5,0.0,0.0,0.0,0.0,0.0,,5,1,0.5388749996200204,,,
9cb3d2fa,Impact of Hubbl (HUBB) repurchase expiry on capital deploy. strategy.,Shareholder return,False,None,5,0.0,0.0,0.0,0.0,0.0,,5,1,3.673165920190513,,,
9c765e76,Impact of MAA RE acquisition on YoY capex reduction.,Footnotes,False,None,5,0.0,0.0,0.0,0.0,0.0,,5,1,3.296750015579164,,,
a6ac06ab,Env. compliance risk & op cash flows for KMB.,Legal,False,None,5,0.0,0.0,0.0,0.0,0.0,,5,1,2.5640419917181134,,,
3d706227,"SBD focusing on op expense ratios & cost mgt, ensuring quality sustainability amid competition.",Company overview,False,None,5,0.0,0.0,0.0,0.0,0.0,,5,1,2.414250047877431,,,
f81dba24,Growth of HPE's srvrs/datacenters vs competitors' strategies.,Company overview,False,None,5,0.0,0.0,0.0,0.0,0.0,,5,1,2.476290916092694,,,
77ab7f37,Indemnity risk valuation for environmental remediation liabilities is guaranteed by CMS Energy (CMS).,Legal,False,None,5,0.2,1.0,1.0,1.0,1.0,1,5,1,3.7332079373300076,,,
81cbfe50,ULTA's current FY profit margins vs prior 2 FYs.,Financials,True,Compositional,5,0.0,0.0,0.0,0.0,0.0,,5,1,1.2548750964924693,,,
de0b0adb,"Impact of inventory write-downs & contract MFG liabilities on Arista Networks, ANET.",Accounting,False,None,5,0.2,1.0,1.0,1.0,1.0,1,5,1,3.632291918620467,,,
c88933f5,Impact of Honeywell's (HON) cybersecurity investments on ops disruptions & profit sustainability.,Risk,False,None,5,0.2,1.0,0.3333333333333333,0.5,1.0,3,5,1,3.508249996230006,,,
a40b3fb0,Impact of high common stock holder count on liquidity and market dynamics for JKHY.,Governance,False,None,5,0.2,1.0,0.3333333333333333,0.5,1.0,3,5,1,5.602457909844816,,,
9ea352c4,Analysis of oversight and signatories count for the EXR board.,Governance,False,None,5,0.0,0.0,0.0,0.0,0.0,,5,1,5.41204190813005,,,
b582d2d4,BX historical CF trend for sale vs purchase.,Footnotes,False,None,5,0.0,0.0,0.0,0.0,0.0,,5,1,2.0410409197211266,,,
cc837add,Cybersecurity regulatory compliance risk for MOH Audit Committee.,Risk,False,None,5,0.0,0.0,0.0,0.0,0.0,,5,1,2.5609590811654925,,,
355b1d3d,LMT ops CF 2021-23 vs capex impact on growth funding.,Footnotes,False,None,5,0.0,0.0,0.0,0.0,0.0,,5,1,2.3842910304665565,,,
d2c37049,POOL 2021 vs 2023 non-op exp growth,Financials,True,Subtract,5,0.0,0.0,0.0,0.0,0.0,,5,1,2.169916988350451,,,
eb27bfe4,Impact of Quanta Services (PWR) contract clauses on cap commitments & liquidity.,Footnotes,False,None,5,0.2,1.0,1.0,1.0,1.0,1,5,1,3.8504169788211584,,,
9137d00c,3Y rev/OP/OPI perf & mkts dynamics for SBAC int'l site leasing.,Footnotes,False,None,5,0.2,1.0,1.0,1.0,1.0,1,5,1,1.7347909742966294,,,
ba367290,"Impact of Boeing's 2024 CapEx on FCF when compared to historical investing cash flows, BA.",Footnotes,False,None,5,0.0,0.0,0.0,0.0,0.0,,5,2,5.294709000736475,,,
b148030e,CTSH op profit trends in the FS Health Sci segment over the last 3 yrs.,Footnotes,False,None,5,0.2,1.0,1.0,1.0,1.0,1,5,1,3.879500087350607,,,
ab38d213,"Calculate workforce reduction % for Meta using (X / (X + 67,317)) * 100.",Company overview,True,Compositional,5,0.2,1.0,1.0,1.0,1.0,1,5,1,1.9952920265495777,,,
4102ff9d,Effectiveness of TMUS board oversight on performance & innovation.,Governance,False,None,5,0.0,0.0,0.0,0.0,0.0,,5,1,3.6935840034857392,,,
dfd24db5,"Court rulings, trials, motions, and liabilities in the Qualcomm Arm dispute; QCOM.",Legal,False,None,5,0.2,1.0,1.0,1.0,1.0,1,5,1,4.231165978126228,,,
ca231f56,"BlackRock’s risk mgmt analytics offer a comp adv vs mutual funds, insurers, and fintechs.",Company overview,False,None,5,0.2,1.0,0.5,0.6309297535714575,1.0,2,5,1,3.3822079421952367,,,
f4b922a7,Amortization methods for DAC/DFI and premium rev timing for PRU.,Accounting,False,None,5,0.2,1.0,0.5,0.6309297535714575,1.0,2,5,1,3.3054170198738575,,,
6a6380fb,AMAT's cap allocation strategy and quarterly buyback pricing.,Governance,False,None,5,0.0,0.0,0.0,0.0,0.0,,5,1,2.4952080566436052,,,
738ee68e,"Ticker AMETEK reflects board expertise, competitive positioning, & long-term growth impact.",Governance,False,None,5,0.0,0.0,0.0,0.0,0.0,,5,1,2.0677499705925584,,,
5bec8125,"Repurchase methods by LHX affect timing, liquidity, and mkts' perception.",Shareholder return,False,None,5,0.0,0.0,0.0,0.0,0.0,,5,1,3.2802920322865248,,,
8b8e477f,IDEX board tenure disparity affects governance.,Governance,False,None,5,0.0,0.0,0.0,0.0,0.0,,5,1,0.7189169991761446,,,
3ba65192,Cybersecurity investments by PFE impact resilience & investor sentiment significantly.,Risk,False,None,5,0.0,0.0,0.0,0.0,0.0,,5,1,1.9381659803912044,,,
b4cec6ad,VICI's governance impacts comp. positioning & growth.,Risk,False,None,5,0.0,0.0,0.0,0.0,0.0,,5,1,0.49949996173381805,,,
b3dbcf17,Risk profile & management strategy for legal proceedings at Diamondback Energy (FANG) are critical for investors.,Legal,False,None,5,0.0,0.0,0.0,0.0,0.0,,5,1,4.2204170022159815,,,
207b4cb5,MDLZ's capital allocation for R&D & consumer promos strategy?,Company overview,False,None,5,0.0,0.0,0.0,0.0,0.0,,5,1,2.5522919604554772,,,
cabb6a48,2023 & 2022 loan commitments segmentation for KeyCorp (KEY); credit exposure data.,Footnotes,False,None,5,0.2,1.0,1.0,1.0,1.0,1,5,1,3.8670829962939024,,,
e8bc97f8,KO's tax reserve update impacts profitability amid tax litigation developments.,Legal,False,None,5,0.0,0.0,0.0,0.0,0.0,,5,1,0.9066249476745725,,,
fe5021b9,Contract liabilities rev rec timing impacts short vs long-term visibility for CAT.,Accounting,False,None,5,0.0,0.0,0.0,0.0,0.0,,5,1,2.823958988301456,,,
c9a20570,2023 OCI reconciliation components vs total for Allegion plc.,Financials,True,Addition,5,0.2,1.0,1.0,1.0,1.0,1,5,1,3.003624966368079,,,
501e7331,The labor costs and risk implications of union coverage by Quanta Services (PWR) are notable.,Company overview,True,None,5,0.0,0.0,0.0,0.0,0.0,,5,1,6.302791996859014,,,
278edb62,Litigation impact disclosure & recorded estimates for Oracle NetSuite.,Legal,False,None,5,0.2,1.0,1.0,1.0,1.0,1,5,1,2.2297919495031238,,,
4b1c1381,"Impact of CAG cybersecurity leadership on mitigating financial losses, CAG.",Risk,False,None,5,0.0,0.0,0.0,0.0,0.0,,5,1,4.125666921027005,,,
16ffa02e,MLM layered cybersecurity governance quantification of financial impact.,Risk,False,None,5,0.0,0.0,0.0,0.0,0.0,,5,1,3.2032079761847854,,,
a37ba6e5,Financing structure of Hilton (HLT) supports growth but brings associated risks.,Footnotes,False,None,5,0.0,0.0,0.0,0.0,0.0,,5,1,3.029625047929585,,,
1621e500,"Trends in Fleetcor's 3-yr basic/diluted EPS reflect impacts on op. efficiency & SH value, FLT.",Financials,False,None,5,0.0,0.0,0.0,0.0,0.0,,5,2,3.6958749406039715,,,
9683b326,"PM's repurchase activity vs prior $7bn program strategies, mgmt's intrinsic value outlook for the ticker.",Shareholder return,False,None,5,0.0,0.0,0.0,0.0,0.0,,5,1,3.662250004708767,,,
03754f32,Low repurchase price boost mkt conditions valuation insights.,Shareholder return,False,None,5,0.0,0.0,0.0,0.0,0.0,,5,1,0.9739169618114829,,,
75c810e8,Impact of lease charges on profitability for Dayforce Inc. (DFC),Footnotes,False,None,5,0.0,0.0,0.0,0.0,0.0,,5,1,4.221291979774833,,,
8f78628d,EMR long-term debt events 2022-2024 repurchase issuance.,Financials,False,None,5,0.0,0.0,0.0,0.0,0.0,,5,1,2.6503339176997542,,,
752e9f2f,Revenue recognition for commodity sales at ONEOK focuses on timing of control transfer & reliability.,Accounting,False,None,5,0.0,0.0,0.0,0.0,0.0,,5,1,5.237957928329706,,,
e2f6749e,2024 capex split indicates financial flexibility for CZR.,Footnotes,False,None,5,0.0,0.0,0.0,0.0,0.0,,5,2,2.7378329541534185,,,
f07927e4,The impact of LW patronage dividends on long-term debt borrowing costs & profitability.,Financials,False,None,5,0.2,1.0,1.0,1.0,1.0,1,5,1,5.330708925612271,,,
52e21f57,Keurig Dr Pepper's non-recurr. IBT % for 2023 vs. hist. data.,Financials,True,Compositional,5,0.2,1.0,1.0,1.0,1.0,1,5,1,3.040499985218048,,,
6f4fa24b,NPM computation MA 2023.,Financials,True,Division,5,0.0,0.0,0.0,0.0,0.0,,5,1,1.3902909122407436,,,
35c29956,NEM's cybersecurity capex impact.,Risk,False,None,5,0.0,0.0,0.0,0.0,0.0,,5,1,0.56583306286484,,,
893fb199,KeyCorp exec sees growth in valuation amid regulatory comp. (KeyCorp Ticker) competition.,Governance,False,None,5,0.2,1.0,0.3333333333333333,0.5,1.0,3,5,1,2.368166926316917,,,
e2f90b4c,"BF investing in CF drivers FY23-FY24, with acquisitions vs divestitures for BRN.",Footnotes,False,None,5,0.0,0.0,0.0,0.0,0.0,,5,1,3.6884170258417726,,,
79042ab4,Impact of LULU's integrated retail strategy on engagement & sales growth by region.,Footnotes,False,None,5,0.2,1.0,1.0,1.0,1.0,1,5,1,4.477500100620091,,,
2f855a96,"In early-stage dev, predictive assays & biomarkers for therapy selection in Vertex.",Company overview,False,None,5,0.2,1.0,1.0,1.0,1.0,1,5,1,2.8888749657198787,,,
02204e09,Impact of capex segmentation on auto risk and growth for Aptiv PLC.,Footnotes,False,None,5,0.0,0.0,0.0,0.0,0.0,,5,1,5.18174993339926,,,
0da96550,The impact of F5 (FFIV) cybersecurity risk integration on operational risk and financial perf.,Risk,False,None,5,0.2,1.0,0.5,0.6309297535714575,1.0,2,5,1,5.898333969525993,,,
6242fce4,80% union coverage's impact on NSC labor costs & flexibility analyzed with 2023 employment data.,Company overview,True,None,5,0.0,0.0,0.0,0.0,0.0,,5,1,4.188125021755695,,,
eb5caec4,Cardinal Health's litigation acct. policy on favorable outcomes & loss contingencies.,Legal,False,None,5,0.2,1.0,1.0,1.0,1.0,1,5,1,2.3812500294297934,,,
e1b8723a,Corning's (GLW) capital allocation risks & positioning.,Company overview,False,None,5,0.0,0.0,0.0,0.0,0.0,,5,1,0.9549579117447138,,,
9f80837d,Current LT debt elimination for Zoetis impacts WC & liquidity.,Financials,False,None,5,0.0,0.0,0.0,0.0,0.0,,5,1,2.4043750017881393,,,
4c2769f2,"GPN's 2023 financing activities: debt, repayments, and repurchases impacting cap structure/liquidity.",Footnotes,False,None,5,0.0,0.0,0.0,0.0,0.0,,5,1,3.6171249812468886,,,
4bc6ed8f,The impact of AWK contract adjustments on future profitability and valuation remains a key focus for investors.,Accounting,False,None,5,0.0,0.0,0.0,0.0,0.0,,5,1,7.432583021000028,,,
3f23c297,"WAT: shipment vs destination terms impacts on rev rec timing and risks, ticker.",Accounting,False,None,5,0.0,0.0,0.0,0.0,0.0,,5,1,3.320540999993682,,,
13cd5bcc,NT buys back: timing & pricing vs valuation sentiment.,Shareholder return,False,None,5,0.0,0.0,0.0,0.0,0.0,,5,1,0.46145799569785595,,,
dd322d8e,Impact of risk-adjusted returns on ERM with AVY CSRM integration.,Risk,False,None,5,0.2,1.0,1.0,1.0,1.0,1,5,1,4.2007090523839,,,
a8cb0060,Licensing strategy for EOG drilling rights to enhance comp. pos.,Company overview,False,None,5,0.2,1.0,1.0,1.0,1.0,1,5,1,3.2044160179793835,,,
bb2871b5,"When examining NIKE's innovation & quality (NKE) as a competitive edge, it becomes crucial to compare it against rivals like Adidas, UA, and Puma.",Company overview,False,None,5,0.2,1.0,0.3333333333333333,0.5,1.0,3,5,1,5.661249975673854,,,
f3cc1e4e,CMG board leadership's effect on cap allocation & growth strategies.,Governance,False,None,5,0.0,0.0,0.0,0.0,0.0,,5,1,2.494041924364865,,,
eee6294a,ASC606 WTW constraints on revenue estimates may pose risks linked to commission variability & policy cancellations.,Accounting,False,None,5,0.2,1.0,0.3333333333333333,0.5,1.0,3,5,1,3.7665830459445715,,,
c6c88eb4,Impact of VRTX's (Vertex Pharmaceuticals) AFS debt strategy shift on capex & growth amid market changes.,Footnotes,False,None,5,0.0,0.0,0.0,0.0,0.0,,5,2,4.056709003634751,,,
6c58bdfc,"2023 finance cost, incl. interest exp. + debt extinguishment for IQV.",Financials,True,Addition,5,0.0,0.0,0.0,0.0,0.0,,5,1,3.360083093866706,,,
8566f774,EOG's future production reliance presents risks & opportunities for forecasts & reserves.,Footnotes,False,None,5,0.2,1.0,0.3333333333333333,0.5,1.0,3,5,1,2.190500032156706,,,
f12527ac,"PS 2023 capex breakdown: maintenance, ticker enhancements, energy, development.",Footnotes,False,None,5,0.2,1.0,0.5,0.6309297535714575,1.0,2,5,1,1.8957500578835607,,,
0f0b0b2e,Impact on cash flow & liquidity from Delta's (DAL) fuel volatility.,Financials,False,None,5,0.2,1.0,1.0,1.0,1.0,1,5,1,3.0070419888943434,,,
e9e73411,Impact on liquidity from FDX contract asset/liability classification.,Accounting,False,None,5,0.0,0.0,0.0,0.0,0.0,,5,1,2.893166965804994,,,
603cd7ca,"Q4 2023 share buyback details for Kellanova: shares acquired, avg price, TKR in the middle.",Shareholder return,False,None,5,0.0,0.0,0.0,0.0,0.0,,5,1,5.442292080260813,,,
8f96e79a,Impact of NS strategy on profit & market share vs CSX for investors.,Company overview,False,None,5,0.0,0.0,0.0,0.0,0.0,,5,1,4.619708051905036,,,
29a64506,"Coterra Energy Inc. (CTRA) is facing environmental violations, which could impact its capex management.",Legal,False,None,5,0.0,0.0,0.0,0.0,0.0,,5,1,3.579709096811712,,,
9a67abea,$35B infrastructure + $19B rate base yield competitive edge in reliability & service quality for Exelon.,Company overview,False,None,5,0.2,1.0,1.0,1.0,1.0,1,5,1,3.6813330370932817,,,
6ea9a992,Strategies for litigation risk mgmt and long-term growth for Paycom.,Legal,False,None,5,0.2,1.0,1.0,1.0,1.0,1,5,1,3.7611660081893206,,,
9663f486,Capex-to-segment assets trend for Fortive amid reinvestment strategy 2021-23 FTV,Footnotes,False,None,5,0.0,0.0,0.0,0.0,0.0,,5,1,3.750832984223962,,,
953a9efe,YoY insider trading & ownership for Conagra Brands (CAG).,Governance,False,None,5,0.0,0.0,0.0,0.0,0.0,,5,1,1.7542080022394657,,,
0458a8e2,The impact on costs and flexibility due to Evergy's labor agreements with staggered expirations.,Company overview,True,None,5,0.2,1.0,1.0,1.0,1.0,1,5,1,6.058417027816176,,,
e7aff1b0,Impact of Micron Technology's board oversight on investor confidence in risk mngmt governance.,Risk,False,None,5,0.0,0.0,0.0,0.0,0.0,,5,1,5.02604094799608,,,
147b4cad,"Employee breakdown % in the PG Homebuilding segment, ticker in the middle, for largest functional group.",Company overview,True,Compositional,5,0.0,0.0,0.0,0.0,0.0,,5,1,4.296833067201078,,,
d35000cf,WY Weyerhaeuser board's oversight on cybersecurity risk through internal audit valuation.,Risk,False,None,5,0.2,1.0,1.0,1.0,1.0,1,5,1,2.932082978077233,,,
ae2b4bf7,"INTU role segmentation & growth profit drivers, ticker at end.",Governance,False,None,5,0.0,0.0,0.0,0.0,0.0,,5,1,1.5577080193907022,,,
1eef66dd,"External factors, competitive positioning, and valuation for Edwards Lifesciences in the TMT segment are under review, EW.",Company overview,False,None,5,0.0,0.0,0.0,0.0,0.0,,5,1,6.451749941334128,,,
c5e422a9,Valuation of dual roles for Kroger execs and their impact on digital transformation. KR.,Governance,False,None,5,0.2,1.0,1.0,1.0,1.0,1,5,1,5.257625016383827,,,
0dbaf98d,"2023 op exp breakdown for Westinghouse Air Brake: SG&A, engineering, ticker, amortization.",Financials,True,Addition,5,0.2,1.0,1.0,1.0,1.0,1,5,1,3.6272499710321426,,,
a3867f97,"Regulatory frameworks, competitive landscape, and risk mngmt at PPL Corp.",Company overview,False,None,5,0.0,0.0,0.0,0.0,0.0,,5,1,3.1803749734535813,,,
8cde5d29,% of unionized workforce at URI.,Company overview,True,Compositional,5,0.0,0.0,0.0,0.0,0.0,,5,1,2.808750024996698,,,
34753eb7,Liquidity impact for Public Storage (PSA) from cash decline.,Financials,False,None,5,0.0,0.0,0.0,0.0,0.0,,5,2,3.1677919905632734,,,
f73a90f1,"Gross profit calc for Analog Devices 2024, ADI.",Financials,True,Subtract,5,0.2,1.0,1.0,1.0,1.0,1,5,1,2.4391249753534794,,,
011e2750,Impact on liquidity risk and future financial flexibility due to VMC term debt scheduled payments.,Financials,False,None,5,0.0,0.0,0.0,0.0,0.0,,5,1,5.675666034221649,,,
87050d6b,HCM & DEI risk mitigation and competitive positioning in MCD.,Company overview,True,None,5,0.0,0.0,0.0,0.0,0.0,,5,1,3.490041010081768,,,
b9677d71,ODFL's driver % effect on ops & risk.,Company overview,True,Division,5,0.0,0.0,0.0,0.0,0.0,,5,1,1.881208037957549,,,
63bebe95,Current yr perf & profitability for CSX rail vs trucking.,Footnotes,False,None,5,0.2,0.5,0.3333333333333333,0.3065735963827292,0.30303030303030304,3,5,2,2.084083971567452,,,
3dd194a5,Impact of LVS SSP rev allocation on casino wager timing amounts; LVS.,Accounting,False,None,5,0.2,1.0,0.3333333333333333,0.5,1.0,3,5,1,3.5291669191792607,,,
89e59397,Increase in CE COS impacts gross margin for the ticker.,Financials,True,Subtract,5,0.0,0.0,0.0,0.0,0.0,,5,1,4.143542028032243,,,
9b7ebf3e,Interest expense & income of West Pharmaceutical Services impact pre-tax earnings.,Financials,True,Multiplication,5,0.2,1.0,1.0,1.0,1.0,1,5,1,4.296042025089264,,,
de2a65da,"Revenue, pricing, and differentiation strategies in diagnostics and genomics for Agilent, A.",Company overview,False,None,5,0.2,1.0,0.2,0.38685280723454163,1.0,5,5,1,4.974083974957466,,,
95ca56ef,2023 Entergy net margin vs 2022.,Financials,True,Division,5,0.0,0.0,0.0,0.0,0.0,,5,1,2.5059999898076057,,,
b63774a6,"Impact of Newmont's labor structure on cost risks & operational flex, ticker at end.",Company overview,True,None,5,0.2,1.0,0.5,0.6309297535714575,1.0,2,5,1,4.371542017906904,,,
5aab9d21,"Cybersecurity incidents impact investor sentiment regarding SMCI, along with competitive positioning and necessary mitigation strategies.",Risk,False,None,5,0.0,0.0,0.0,0.0,0.0,,5,1,3.698249929584563,,,
49f9016c,MCHP's rev rec: dist vs direct cust approach.,Accounting,False,None,5,0.0,0.0,0.0,0.0,0.0,,5,1,0.3535000141710043,,,
