method,query_id,k,recall,hit_rate,all_evidence_hit,evidence_coverage,mrr,ndcg
original_graph,1,1,0.0,0.0,0.0,0.0,0.0,0.0
original_graph,1,3,0.0,0.0,0.0,0.0,0.0,0.0
original_graph,1,5,1.0,1.0,1.0,1.0,0.2,0.38685280723454163
original_graph,1,10,1.0,1.0,1.0,1.0,0.2,0.38685280723454163
original_graph,1,20,1.0,1.0,1.0,1.0,0.2,0.38685280723454163
original_graph,3,1,0.0,0.0,0.0,0.0,0.0,0.0
original_graph,3,3,0.0,0.0,0.0,0.0,0.0,0.0
original_graph,3,5,0.0,0.0,0.0,0.0,0.0,0.0
original_graph,3,10,1.0,1.0,1.0,1.0,0.1111111111111111,0.3010299956639812
original_graph,3,20,1.0,1.0,1.0,1.0,0.1111111111111111,0.3010299956639812
original_graph,5,1,0.0,0.0,0.0,0.0,0.0,0.0
original_graph,5,3,0.0,0.0,0.0,0.0,0.0,0.0
original_graph,5,5,0.0,0.0,0.0,0.0,0.0,0.0
original_graph,5,10,0.0,0.0,0.0,0.0,0.0,0.0
original_graph,5,20,0.0,0.0,0.0,0.0,0.0,0.0
original_graph,6,1,0.0,0.0,0.0,0.0,0.0,0.0
original_graph,6,3,0.0,0.0,0.0,0.0,0.0,0.0
original_graph,6,5,0.0,0.0,0.0,0.0,0.0,0.0
original_graph,6,10,0.0,0.0,0.0,0.0,0.0,0.0
original_graph,6,20,0.0,0.0,0.0,0.0,0.0,0.0
original_graph,7,1,0.0,0.0,0.0,0.0,0.0,0.0
original_graph,7,3,0.0,0.0,0.0,0.0,0.0,0.0
original_graph,7,5,0.0,0.0,0.0,0.0,0.0,0.0
original_graph,7,10,0.0,0.0,0.0,0.0,0.0,0.0
original_graph,7,20,0.0,0.0,0.0,0.0,0.0,0.0
original_graph,8,1,0.0,0.0,0.0,0.0,0.0,0.0
original_graph,8,3,0.0,0.0,0.0,0.0,0.0,0.0
original_graph,8,5,0.0,0.0,0.0,0.0,0.0,0.0
original_graph,8,10,0.0,0.0,0.0,0.0,0.0,0.0
original_graph,8,20,0.0,0.0,0.0,0.0,0.0,0.0
original_graph,11,1,0.0,0.0,0.0,0.0,0.0,0.0
original_graph,11,3,0.0,0.0,0.0,0.0,0.0,0.0
original_graph,11,5,0.0,0.0,0.0,0.0,0.0,0.0
original_graph,11,10,0.0,0.0,0.0,0.0,0.0,0.0
original_graph,11,20,0.0,0.0,0.0,0.0,0.0,0.0
original_graph,12,1,0.0,0.0,0.0,0.0,0.0,0.0
original_graph,12,3,0.0,0.0,0.0,0.0,0.0,0.0
original_graph,12,5,0.0,0.0,0.0,0.0,0.0,0.0
original_graph,12,10,0.0,0.0,0.0,0.0,0.0,0.0
original_graph,12,20,0.0,0.0,0.0,0.0,0.0,0.0
original_graph,14,1,0.0,0.0,0.0,0.0,0.0,0.0
original_graph,14,3,0.0,0.0,0.0,0.0,0.0,0.0
original_graph,14,5,0.0,0.0,0.0,0.0,0.0,0.0
original_graph,14,10,0.0,0.0,0.0,0.0,0.0,0.0
original_graph,14,20,0.0,0.0,0.0,0.0,0.0,0.0
original_graph,15,1,0.0,0.0,0.0,0.0,0.0,0.0
original_graph,15,3,0.0,0.0,0.0,0.0,0.0,0.0
original_graph,15,5,0.0,0.0,0.0,0.0,0.0,0.0
original_graph,15,10,0.0,0.0,0.0,0.0,0.0,0.0
original_graph,15,20,0.0,0.0,0.0,0.0,0.0,0.0
original_graph,16,1,0.0,0.0,0.0,0.0,0.0,0.0
original_graph,16,3,0.0,0.0,0.0,0.0,0.0,0.0
original_graph,16,5,0.0,0.0,0.0,0.0,0.0,0.0
original_graph,16,10,0.0,0.0,0.0,0.0,0.0,0.0
original_graph,16,20,1.0,1.0,1.0,1.0,0.08333333333333333,0.27023815442731974
original_graph,17,1,0.0,0.0,0.0,0.0,0.0,0.0
original_graph,17,3,1.0,1.0,1.0,1.0,0.5,0.6309297535714575
original_graph,17,5,1.0,1.0,1.0,1.0,0.5,0.6309297535714575
original_graph,17,10,1.0,1.0,1.0,1.0,0.5,0.6309297535714575
original_graph,17,20,1.0,1.0,1.0,1.0,0.5,0.6309297535714575
original_graph,18,1,0.0,0.0,0.0,0.0,0.0,0.0
original_graph,18,3,0.0,0.0,0.0,0.0,0.0,0.0
original_graph,18,5,0.0,0.0,0.0,0.0,0.0,0.0
original_graph,18,10,0.0,0.0,0.0,0.0,0.0,0.0
original_graph,18,20,0.0,0.0,0.0,0.0,0.0,0.0
original_graph,19,1,0.0,0.0,0.0,0.0,0.0,0.0
original_graph,19,3,0.0,0.0,0.0,0.0,0.0,0.0
original_graph,19,5,0.0,0.0,0.0,0.0,0.0,0.0
original_graph,19,10,1.0,1.0,1.0,1.0,0.14285714285714285,0.3333333333333333
original_graph,19,20,1.0,1.0,1.0,1.0,0.14285714285714285,0.3333333333333333
original_graph,20,1,0.0,0.0,0.0,0.0,0.0,0.0
original_graph,20,3,0.0,0.0,0.0,0.0,0.0,0.0
original_graph,20,5,0.0,0.0,0.0,0.0,0.0,0.0
original_graph,20,10,0.0,0.0,0.0,0.0,0.0,0.0
original_graph,20,20,0.0,0.0,0.0,0.0,0.0,0.0
original_graph,21,1,0.0,0.0,0.0,0.0,0.0,0.0
original_graph,21,3,0.0,0.0,0.0,0.0,0.0,0.0
original_graph,21,5,0.0,0.0,0.0,0.0,0.0,0.0
original_graph,21,10,0.0,0.0,0.0,0.0,0.0,0.0
original_graph,21,20,0.0,0.0,0.0,0.0,0.0,0.0
original_graph,22,1,0.0,0.0,0.0,0.0,0.0,0.0
original_graph,22,3,0.0,0.0,0.0,0.0,0.0,0.0
original_graph,22,5,0.0,0.0,0.0,0.0,0.0,0.0
original_graph,22,10,0.0,0.0,0.0,0.0,0.0,0.0
original_graph,22,20,1.0,1.0,1.0,1.0,0.05,0.227670248696953
original_graph,23,1,0.0,0.0,0.0,0.0,0.0,0.0
original_graph,23,3,0.0,0.0,0.0,0.0,0.0,0.0
original_graph,23,5,0.0,0.0,0.0,0.0,0.0,0.0
original_graph,23,10,0.0,0.0,0.0,0.0,0.0,0.0
original_graph,23,20,0.0,0.0,0.0,0.0,0.0,0.0
original_graph,25,1,0.0,0.0,0.0,0.0,0.0,0.0
original_graph,25,3,0.0,0.0,0.0,0.0,0.0,0.0
original_graph,25,5,0.0,0.0,0.0,0.0,0.0,0.0
original_graph,25,10,0.0,0.0,0.0,0.0,0.0,0.0
original_graph,25,20,0.0,0.0,0.0,0.0,0.0,0.0
original_graph,26,1,0.0,0.0,0.0,0.0,0.0,0.0
original_graph,26,3,0.0,0.0,0.0,0.0,0.0,0.0
original_graph,26,5,0.0,0.0,0.0,0.0,0.0,0.0
original_graph,26,10,0.0,0.0,0.0,0.0,0.0,0.0
original_graph,26,20,0.0,0.0,0.0,0.0,0.0,0.0
original_graph,27,1,0.0,0.0,0.0,0.0,0.0,0.0
original_graph,27,3,0.0,0.0,0.0,0.0,0.0,0.0
original_graph,27,5,0.0,0.0,0.0,0.0,0.0,0.0
original_graph,27,10,0.0,0.0,0.0,0.0,0.0,0.0
original_graph,27,20,0.0,0.0,0.0,0.0,0.0,0.0
original_graph,28,1,0.0,0.0,0.0,0.0,0.0,0.0
original_graph,28,3,0.0,0.0,0.0,0.0,0.0,0.0
original_graph,28,5,0.0,0.0,0.0,0.0,0.0,0.0
original_graph,28,10,0.0,0.0,0.0,0.0,0.0,0.0
original_graph,28,20,0.0,0.0,0.0,0.0,0.0,0.0
original_graph,29,1,0.0,0.0,0.0,0.0,0.0,0.0
original_graph,29,3,0.0,0.0,0.0,0.0,0.0,0.0
original_graph,29,5,0.0,0.0,0.0,0.0,0.0,0.0
original_graph,29,10,0.0,0.0,0.0,0.0,0.0,0.0
original_graph,29,20,0.0,0.0,0.0,0.0,0.0,0.0
original_graph,31,1,0.0,0.0,0.0,0.0,0.0,0.0
original_graph,31,3,0.0,0.0,0.0,0.0,0.0,0.0
original_graph,31,5,0.0,0.0,0.0,0.0,0.0,0.0
original_graph,31,10,0.0,0.0,0.0,0.0,0.0,0.0
original_graph,31,20,1.0,1.0,1.0,1.0,0.05,0.227670248696953
original_graph,32,1,0.0,0.0,0.0,0.0,0.0,0.0
original_graph,32,3,0.0,0.0,0.0,0.0,0.0,0.0
original_graph,32,5,0.0,0.0,0.0,0.0,0.0,0.0
original_graph,32,10,0.0,0.0,0.0,0.0,0.0,0.0
original_graph,32,20,1.0,1.0,1.0,1.0,0.05,0.227670248696953
original_graph,33,1,0.0,0.0,0.0,0.0,0.0,0.0
original_graph,33,3,0.0,0.0,0.0,0.0,0.0,0.0
original_graph,33,5,0.0,0.0,0.0,0.0,0.0,0.0
original_graph,33,10,1.0,1.0,1.0,1.0,0.1,0.2890648263178879
original_graph,33,20,1.0,1.0,1.0,1.0,0.1,0.2890648263178879
original_graph,35,1,0.0,0.0,0.0,0.0,0.0,0.0
original_graph,35,3,0.0,0.0,0.0,0.0,0.0,0.0
original_graph,35,5,0.0,0.0,0.0,0.0,0.0,0.0
original_graph,35,10,0.0,0.0,0.0,0.0,0.0,0.0
original_graph,35,20,0.0,0.0,0.0,0.0,0.0,0.0
original_graph,37,1,0.0,0.0,0.0,0.0,0.0,0.0
original_graph,37,3,1.0,1.0,1.0,1.0,0.5,0.6309297535714575
original_graph,37,5,1.0,1.0,1.0,1.0,0.5,0.6309297535714575
original_graph,37,10,1.0,1.0,1.0,1.0,0.5,0.6309297535714575
original_graph,37,20,1.0,1.0,1.0,1.0,0.5,0.6309297535714575
original_graph,38,1,0.0,0.0,0.0,0.0,0.0,0.0
original_graph,38,3,0.0,0.0,0.0,0.0,0.0,0.0
original_graph,38,5,1.0,1.0,1.0,1.0,0.2,0.38685280723454163
original_graph,38,10,1.0,1.0,1.0,1.0,0.2,0.38685280723454163
original_graph,38,20,1.0,1.0,1.0,1.0,0.2,0.38685280723454163
original_graph,39,1,0.0,0.0,0.0,0.0,0.0,0.0
original_graph,39,3,0.0,0.0,0.0,0.0,0.0,0.0
original_graph,39,5,0.0,0.0,0.0,0.0,0.0,0.0
original_graph,39,10,0.0,0.0,0.0,0.0,0.0,0.0
original_graph,39,20,0.0,0.0,0.0,0.0,0.0,0.0
original_graph,40,1,0.0,0.0,0.0,0.0,0.0,0.0
original_graph,40,3,0.0,0.0,0.0,0.0,0.0,0.0
original_graph,40,5,0.0,0.0,0.0,0.0,0.0,0.0
original_graph,40,10,0.0,0.0,0.0,0.0,0.0,0.0
original_graph,40,20,0.0,0.0,0.0,0.0,0.0,0.0
original_graph,41,1,0.0,0.0,0.0,0.0,0.0,0.0
original_graph,41,3,0.0,0.0,0.0,0.0,0.0,0.0
original_graph,41,5,0.0,0.0,0.0,0.0,0.0,0.0
original_graph,41,10,0.0,0.0,0.0,0.0,0.0,0.0
original_graph,41,20,0.0,0.0,0.0,0.0,0.0,0.0
original_graph,42,1,0.0,0.0,0.0,0.0,0.0,0.0
original_graph,42,3,0.0,0.0,0.0,0.0,0.0,0.0
original_graph,42,5,0.0,0.0,0.0,0.0,0.0,0.0
original_graph,42,10,0.0,0.0,0.0,0.0,0.0,0.0
original_graph,42,20,0.0,0.0,0.0,0.0,0.0,0.0
original_graph,43,1,0.0,0.0,0.0,0.0,0.0,0.0
original_graph,43,3,0.0,0.0,0.0,0.0,0.0,0.0
original_graph,43,5,0.0,0.0,0.0,0.0,0.0,0.0
original_graph,43,10,0.0,0.0,0.0,0.0,0.0,0.0
original_graph,43,20,0.0,0.0,0.0,0.0,0.0,0.0
original_graph,44,1,0.0,0.0,0.0,0.0,0.0,0.0
original_graph,44,3,0.0,0.0,0.0,0.0,0.0,0.0
original_graph,44,5,0.0,0.0,0.0,0.0,0.0,0.0
original_graph,44,10,0.0,0.0,0.0,0.0,0.0,0.0
original_graph,44,20,1.0,1.0,1.0,1.0,0.05,0.227670248696953
original_graph,45,1,0.0,0.0,0.0,0.0,0.0,0.0
original_graph,45,3,0.0,0.0,0.0,0.0,0.0,0.0
original_graph,45,5,0.0,0.0,0.0,0.0,0.0,0.0
original_graph,45,10,1.0,1.0,1.0,1.0,0.1111111111111111,0.3010299956639812
original_graph,45,20,1.0,1.0,1.0,1.0,0.1111111111111111,0.3010299956639812
original_graph,46,1,1.0,1.0,1.0,1.0,1.0,1.0
original_graph,46,3,1.0,1.0,1.0,1.0,1.0,1.0
original_graph,46,5,1.0,1.0,1.0,1.0,1.0,1.0
original_graph,46,10,1.0,1.0,1.0,1.0,1.0,1.0
original_graph,46,20,1.0,1.0,1.0,1.0,1.0,1.0
original_graph,47,1,0.0,0.0,0.0,0.0,0.0,0.0
original_graph,47,3,0.0,0.0,0.0,0.0,0.0,0.0
original_graph,47,5,0.0,0.0,0.0,0.0,0.0,0.0
original_graph,47,10,0.0,0.0,0.0,0.0,0.0,0.0
original_graph,47,20,0.0,0.0,0.0,0.0,0.0,0.0
original_graph,48,1,0.0,0.0,0.0,0.0,0.0,0.0
original_graph,48,3,0.0,0.0,0.0,0.0,0.0,0.0
original_graph,48,5,0.0,0.0,0.0,0.0,0.0,0.0
original_graph,48,10,0.0,0.0,0.0,0.0,0.0,0.0
original_graph,48,20,0.0,0.0,0.0,0.0,0.0,0.0
original_graph,49,1,0.0,0.0,0.0,0.0,0.0,0.0
original_graph,49,3,0.0,0.0,0.0,0.0,0.0,0.0
original_graph,49,5,0.0,0.0,0.0,0.0,0.0,0.0
original_graph,49,10,0.0,0.0,0.0,0.0,0.0,0.0
original_graph,49,20,0.0,0.0,0.0,0.0,0.0,0.0
original_graph,50,1,0.0,0.0,0.0,0.0,0.0,0.0
original_graph,50,3,0.0,0.0,0.0,0.0,0.0,0.0
original_graph,50,5,0.0,0.0,0.0,0.0,0.0,0.0
original_graph,50,10,0.0,0.0,0.0,0.0,0.0,0.0
original_graph,50,20,0.0,0.0,0.0,0.0,0.0,0.0
original_graph,54,1,0.0,0.0,0.0,0.0,0.0,0.0
original_graph,54,3,0.0,0.0,0.0,0.0,0.0,0.0
original_graph,54,5,0.0,0.0,0.0,0.0,0.0,0.0
original_graph,54,10,0.0,0.0,0.0,0.0,0.0,0.0
original_graph,54,20,0.0,0.0,0.0,0.0,0.0,0.0
original_graph,56,1,1.0,1.0,1.0,1.0,1.0,1.0
original_graph,56,3,1.0,1.0,1.0,1.0,1.0,1.0
original_graph,56,5,1.0,1.0,1.0,1.0,1.0,1.0
original_graph,56,10,1.0,1.0,1.0,1.0,1.0,1.0
original_graph,56,20,1.0,1.0,1.0,1.0,1.0,1.0
original_graph,57,1,0.0,0.0,0.0,0.0,0.0,0.0
original_graph,57,3,0.0,0.0,0.0,0.0,0.0,0.0
original_graph,57,5,1.0,1.0,1.0,1.0,0.2,0.38685280723454163
original_graph,57,10,1.0,1.0,1.0,1.0,0.2,0.38685280723454163
original_graph,57,20,1.0,1.0,1.0,1.0,0.2,0.38685280723454163
original_graph,58,1,0.0,0.0,0.0,0.0,0.0,0.0
original_graph,58,3,0.0,0.0,0.0,0.0,0.0,0.0
original_graph,58,5,0.0,0.0,0.0,0.0,0.0,0.0
original_graph,58,10,0.0,0.0,0.0,0.0,0.0,0.0
original_graph,58,20,1.0,1.0,1.0,1.0,0.058823529411764705,0.23981246656813146
original_graph,59,1,0.0,0.0,0.0,0.0,0.0,0.0
original_graph,59,3,0.0,0.0,0.0,0.0,0.0,0.0
original_graph,59,5,0.0,0.0,0.0,0.0,0.0,0.0
original_graph,59,10,0.0,0.0,0.0,0.0,0.0,0.0
original_graph,59,20,0.0,0.0,0.0,0.0,0.0,0.0
original_graph,60,1,0.0,0.0,0.0,0.0,0.0,0.0
original_graph,60,3,0.0,0.0,0.0,0.0,0.0,0.0
original_graph,60,5,0.0,0.0,0.0,0.0,0.0,0.0
original_graph,60,10,0.0,0.0,0.0,0.0,0.0,0.0
original_graph,60,20,0.0,0.0,0.0,0.0,0.0,0.0
original_graph,61,1,0.0,0.0,0.0,0.0,0.0,0.0
original_graph,61,3,0.0,0.0,0.0,0.0,0.0,0.0
original_graph,61,5,0.0,0.0,0.0,0.0,0.0,0.0
original_graph,61,10,0.0,0.0,0.0,0.0,0.0,0.0
original_graph,61,20,1.0,1.0,1.0,1.0,0.09090909090909091,0.27894294565112987
original_graph,62,1,0.0,0.0,0.0,0.0,0.0,0.0
original_graph,62,3,0.0,0.0,0.0,0.0,0.0,0.0
original_graph,62,5,0.0,0.0,0.0,0.0,0.0,0.0
original_graph,62,10,0.0,0.0,0.0,0.0,0.0,0.0
original_graph,62,20,0.0,0.0,0.0,0.0,0.0,0.0
original_graph,63,1,0.0,0.0,0.0,0.0,0.0,0.0
original_graph,63,3,0.0,0.0,0.0,0.0,0.0,0.0
original_graph,63,5,0.0,0.0,0.0,0.0,0.0,0.0
original_graph,63,10,0.0,0.0,0.0,0.0,0.0,0.0
original_graph,63,20,0.0,0.0,0.0,0.0,0.0,0.0
original_graph,65,1,0.0,0.0,0.0,0.0,0.0,0.0
original_graph,65,3,1.0,1.0,1.0,1.0,0.5,0.6309297535714575
original_graph,65,5,1.0,1.0,1.0,1.0,0.5,0.6309297535714575
original_graph,65,10,1.0,1.0,1.0,1.0,0.5,0.6309297535714575
original_graph,65,20,1.0,1.0,1.0,1.0,0.5,0.6309297535714575
original_graph,66,1,0.0,0.0,0.0,0.0,0.0,0.0
original_graph,66,3,0.0,0.0,0.0,0.0,0.0,0.0
original_graph,66,5,0.0,0.0,0.0,0.0,0.0,0.0
original_graph,66,10,0.0,0.0,0.0,0.0,0.0,0.0
original_graph,66,20,0.0,0.0,0.0,0.0,0.0,0.0
original_graph,67,1,0.0,0.0,0.0,0.0,0.0,0.0
original_graph,67,3,0.0,0.0,0.0,0.0,0.0,0.0
original_graph,67,5,1.0,1.0,1.0,1.0,0.2,0.38685280723454163
original_graph,67,10,1.0,1.0,1.0,1.0,0.2,0.38685280723454163
original_graph,67,20,1.0,1.0,1.0,1.0,0.2,0.38685280723454163
original_graph,68,1,0.0,0.0,0.0,0.0,0.0,0.0
original_graph,68,3,0.0,0.0,0.0,0.0,0.0,0.0
original_graph,68,5,0.0,0.0,0.0,0.0,0.0,0.0
original_graph,68,10,1.0,1.0,1.0,1.0,0.1111111111111111,0.3010299956639812
original_graph,68,20,1.0,1.0,1.0,1.0,0.1111111111111111,0.3010299956639812
original_graph,69,1,0.0,0.0,0.0,0.0,0.0,0.0
original_graph,69,3,0.0,0.0,0.0,0.0,0.0,0.0
original_graph,69,5,0.0,0.0,0.0,0.0,0.0,0.0
original_graph,69,10,0.0,0.0,0.0,0.0,0.0,0.0
original_graph,69,20,0.0,0.0,0.0,0.0,0.0,0.0
original_graph,70,1,0.0,0.0,0.0,0.0,0.0,0.0
original_graph,70,3,0.0,0.0,0.0,0.0,0.0,0.0
original_graph,70,5,0.0,0.0,0.0,0.0,0.0,0.0
original_graph,70,10,0.0,0.0,0.0,0.0,0.0,0.0
original_graph,70,20,1.0,1.0,1.0,1.0,0.0625,0.24465054211822604
original_graph,71,1,0.0,0.0,0.0,0.0,0.0,0.0
original_graph,71,3,0.0,0.0,0.0,0.0,0.0,0.0
original_graph,71,5,0.0,0.0,0.0,0.0,0.0,0.0
original_graph,71,10,0.0,0.0,0.0,0.0,0.0,0.0
original_graph,71,20,1.0,1.0,1.0,1.0,0.05555555555555555,0.23540891336663824
original_graph,72,1,0.0,0.0,0.0,0.0,0.0,0.0
original_graph,72,3,0.0,0.0,0.0,0.0,0.0,0.0
original_graph,72,5,0.0,0.0,0.0,0.0,0.0,0.0
original_graph,72,10,0.0,0.0,0.0,0.0,0.0,0.0
original_graph,72,20,0.0,0.0,0.0,0.0,0.0,0.0
original_graph,73,1,0.0,0.0,0.0,0.0,0.0,0.0
original_graph,73,3,0.0,0.0,0.0,0.0,0.0,0.0
original_graph,73,5,0.0,0.0,0.0,0.0,0.0,0.0
original_graph,73,10,0.0,0.0,0.0,0.0,0.0,0.0
original_graph,73,20,0.0,0.0,0.0,0.0,0.0,0.0
original_graph,74,1,0.0,0.0,0.0,0.0,0.0,0.0
original_graph,74,3,0.0,0.0,0.0,0.0,0.0,0.0
original_graph,74,5,1.0,1.0,1.0,1.0,0.2,0.38685280723454163
original_graph,74,10,1.0,1.0,1.0,1.0,0.2,0.38685280723454163
original_graph,74,20,1.0,1.0,1.0,1.0,0.2,0.38685280723454163
original_graph,75,1,0.0,0.0,0.0,0.0,0.0,0.0
original_graph,75,3,0.0,0.0,0.0,0.0,0.0,0.0
original_graph,75,5,0.0,0.0,0.0,0.0,0.0,0.0
original_graph,75,10,0.0,0.0,0.0,0.0,0.0,0.0
original_graph,75,20,0.0,0.0,0.0,0.0,0.0,0.0
original_graph,77,1,0.0,0.0,0.0,0.0,0.0,0.0
original_graph,77,3,0.0,0.0,0.0,0.0,0.0,0.0
original_graph,77,5,0.0,0.0,0.0,0.0,0.0,0.0
original_graph,77,10,0.0,0.0,0.0,0.0,0.0,0.0
original_graph,77,20,0.0,0.0,0.0,0.0,0.0,0.0
original_graph,78,1,0.0,0.0,0.0,0.0,0.0,0.0
original_graph,78,3,0.0,0.0,0.0,0.0,0.0,0.0
original_graph,78,5,0.0,0.0,0.0,0.0,0.0,0.0
original_graph,78,10,0.0,0.0,0.0,0.0,0.0,0.0
original_graph,78,20,0.0,0.0,0.0,0.0,0.0,0.0
original_graph,79,1,1.0,1.0,1.0,1.0,1.0,1.0
original_graph,79,3,1.0,1.0,1.0,1.0,1.0,1.0
original_graph,79,5,1.0,1.0,1.0,1.0,1.0,1.0
original_graph,79,10,1.0,1.0,1.0,1.0,1.0,1.0
original_graph,79,20,1.0,1.0,1.0,1.0,1.0,1.0
original_graph,81,1,0.0,0.0,0.0,0.0,0.0,0.0
original_graph,81,3,0.0,0.0,0.0,0.0,0.0,0.0
original_graph,81,5,1.0,1.0,1.0,1.0,0.25,0.43067655807339306
original_graph,81,10,1.0,1.0,1.0,1.0,0.25,0.43067655807339306
original_graph,81,20,1.0,1.0,1.0,1.0,0.25,0.43067655807339306
original_graph,82,1,1.0,1.0,1.0,1.0,1.0,1.0
original_graph,82,3,1.0,1.0,1.0,1.0,1.0,1.0
original_graph,82,5,1.0,1.0,1.0,1.0,1.0,1.0
original_graph,82,10,1.0,1.0,1.0,1.0,1.0,1.0
original_graph,82,20,1.0,1.0,1.0,1.0,1.0,1.0
original_graph,83,1,0.0,0.0,0.0,0.0,0.0,0.0
original_graph,83,3,0.0,0.0,0.0,0.0,0.0,0.0
original_graph,83,5,0.0,0.0,0.0,0.0,0.0,0.0
original_graph,83,10,0.0,0.0,0.0,0.0,0.0,0.0
original_graph,83,20,0.0,0.0,0.0,0.0,0.0,0.0
original_graph,84,1,0.0,0.0,0.0,0.0,0.0,0.0
original_graph,84,3,0.0,0.0,0.0,0.0,0.0,0.0
original_graph,84,5,0.0,0.0,0.0,0.0,0.0,0.0
original_graph,84,10,0.0,0.0,0.0,0.0,0.0,0.0
original_graph,84,20,0.0,0.0,0.0,0.0,0.0,0.0
original_graph,87,1,0.0,0.0,0.0,0.0,0.0,0.0
original_graph,87,3,0.0,0.0,0.0,0.0,0.0,0.0
original_graph,87,5,0.0,0.0,0.0,0.0,0.0,0.0
original_graph,87,10,0.0,0.0,0.0,0.0,0.0,0.0
original_graph,87,20,1.0,1.0,1.0,1.0,0.05,0.227670248696953
original_graph,88,1,1.0,1.0,1.0,1.0,1.0,1.0
original_graph,88,3,1.0,1.0,1.0,1.0,1.0,1.0
original_graph,88,5,1.0,1.0,1.0,1.0,1.0,1.0
original_graph,88,10,1.0,1.0,1.0,1.0,1.0,1.0
original_graph,88,20,1.0,1.0,1.0,1.0,1.0,1.0
original_graph,89,1,0.0,0.0,0.0,0.0,0.0,0.0
original_graph,89,3,1.0,1.0,1.0,1.0,0.3333333333333333,0.5
original_graph,89,5,1.0,1.0,1.0,1.0,0.3333333333333333,0.5
original_graph,89,10,1.0,1.0,1.0,1.0,0.3333333333333333,0.5
original_graph,89,20,1.0,1.0,1.0,1.0,0.3333333333333333,0.5
original_graph,90,1,0.0,0.0,0.0,0.0,0.0,0.0
original_graph,90,3,0.0,0.0,0.0,0.0,0.0,0.0
original_graph,90,5,0.0,0.0,0.0,0.0,0.0,0.0
original_graph,90,10,0.0,0.0,0.0,0.0,0.0,0.0
original_graph,90,20,0.0,0.0,0.0,0.0,0.0,0.0
original_graph,92,1,0.0,0.0,0.0,0.0,0.0,0.0
original_graph,92,3,0.0,0.0,0.0,0.0,0.0,0.0
original_graph,92,5,0.0,0.0,0.0,0.0,0.0,0.0
original_graph,92,10,0.0,0.0,0.0,0.0,0.0,0.0
original_graph,92,20,1.0,1.0,1.0,1.0,0.07142857142857142,0.2559580248098155
original_graph,93,1,0.0,0.0,0.0,0.0,0.0,0.0
original_graph,93,3,0.0,0.0,0.0,0.0,0.0,0.0
original_graph,93,5,0.0,0.0,0.0,0.0,0.0,0.0
original_graph,93,10,0.0,0.0,0.0,0.0,0.0,0.0
original_graph,93,20,0.0,0.0,0.0,0.0,0.0,0.0
original_graph,94,1,0.0,0.0,0.0,0.0,0.0,0.0
original_graph,94,3,0.0,0.0,0.0,0.0,0.0,0.0
original_graph,94,5,0.0,0.0,0.0,0.0,0.0,0.0
original_graph,94,10,0.0,0.0,0.0,0.0,0.0,0.0
original_graph,94,20,0.0,0.0,0.0,0.0,0.0,0.0
original_graph,95,1,0.0,0.0,0.0,0.0,0.0,0.0
original_graph,95,3,0.0,0.0,0.0,0.0,0.0,0.0
original_graph,95,5,0.0,0.0,0.0,0.0,0.0,0.0
original_graph,95,10,0.0,0.0,0.0,0.0,0.0,0.0
original_graph,95,20,0.0,0.0,0.0,0.0,0.0,0.0
original_graph,97,1,0.0,0.0,0.0,0.0,0.0,0.0
original_graph,97,3,0.0,0.0,0.0,0.0,0.0,0.0
original_graph,97,5,0.0,0.0,0.0,0.0,0.0,0.0
original_graph,97,10,1.0,1.0,1.0,1.0,0.1111111111111111,0.3010299956639812
original_graph,97,20,1.0,1.0,1.0,1.0,0.1111111111111111,0.3010299956639812
original_graph,98,1,1.0,1.0,1.0,1.0,1.0,1.0
original_graph,98,3,1.0,1.0,1.0,1.0,1.0,1.0
original_graph,98,5,1.0,1.0,1.0,1.0,1.0,1.0
original_graph,98,10,1.0,1.0,1.0,1.0,1.0,1.0
original_graph,98,20,1.0,1.0,1.0,1.0,1.0,1.0
original_graph,99,1,0.0,0.0,0.0,0.0,0.0,0.0
original_graph,99,3,0.0,0.0,0.0,0.0,0.0,0.0
original_graph,99,5,0.0,0.0,0.0,0.0,0.0,0.0
original_graph,99,10,0.0,0.0,0.0,0.0,0.0,0.0
original_graph,99,20,1.0,1.0,1.0,1.0,0.058823529411764705,0.23981246656813146
original_graph,100,1,0.0,0.0,0.0,0.0,0.0,0.0
original_graph,100,3,0.0,0.0,0.0,0.0,0.0,0.0
original_graph,100,5,0.0,0.0,0.0,0.0,0.0,0.0
original_graph,100,10,0.0,0.0,0.0,0.0,0.0,0.0
original_graph,100,20,1.0,1.0,1.0,1.0,0.05555555555555555,0.23540891336663824
volume_links,1,1,1.0,1.0,1.0,1.0,1.0,1.0
volume_links,1,3,1.0,1.0,1.0,1.0,1.0,1.0
volume_links,1,5,1.0,1.0,1.0,1.0,1.0,1.0
volume_links,1,10,1.0,1.0,1.0,1.0,1.0,1.0
volume_links,1,20,1.0,1.0,1.0,1.0,1.0,1.0
volume_links,3,1,0.0,0.0,0.0,0.0,0.0,0.0
volume_links,3,3,0.0,0.0,0.0,0.0,0.0,0.0
volume_links,3,5,0.0,0.0,0.0,0.0,0.0,0.0
volume_links,3,10,0.0,0.0,0.0,0.0,0.0,0.0
volume_links,3,20,0.0,0.0,0.0,0.0,0.0,0.0
volume_links,5,1,0.0,0.0,0.0,0.0,0.0,0.0
volume_links,5,3,0.0,0.0,0.0,0.0,0.0,0.0
volume_links,5,5,0.0,0.0,0.0,0.0,0.0,0.0
volume_links,5,10,0.0,0.0,0.0,0.0,0.0,0.0
volume_links,5,20,0.0,0.0,0.0,0.0,0.0,0.0
volume_links,6,1,0.0,0.0,0.0,0.0,0.0,0.0
volume_links,6,3,0.0,0.0,0.0,0.0,0.0,0.0
volume_links,6,5,0.0,0.0,0.0,0.0,0.0,0.0
volume_links,6,10,0.0,0.0,0.0,0.0,0.0,0.0
volume_links,6,20,0.0,0.0,0.0,0.0,0.0,0.0
volume_links,7,1,0.0,0.0,0.0,0.0,0.0,0.0
volume_links,7,3,0.0,0.0,0.0,0.0,0.0,0.0
volume_links,7,5,0.0,0.0,0.0,0.0,0.0,0.0
volume_links,7,10,0.0,0.0,0.0,0.0,0.0,0.0
volume_links,7,20,0.0,0.0,0.0,0.0,0.0,0.0
volume_links,8,1,0.0,0.0,0.0,0.0,0.0,0.0
volume_links,8,3,0.0,0.0,0.0,0.0,0.0,0.0
volume_links,8,5,0.0,0.0,0.0,0.0,0.0,0.0
volume_links,8,10,0.0,0.0,0.0,0.0,0.0,0.0
volume_links,8,20,0.0,0.0,0.0,0.0,0.0,0.0
volume_links,11,1,0.0,0.0,0.0,0.0,0.0,0.0
volume_links,11,3,0.0,0.0,0.0,0.0,0.0,0.0
volume_links,11,5,0.0,0.0,0.0,0.0,0.0,0.0
volume_links,11,10,0.0,0.0,0.0,0.0,0.0,0.0
volume_links,11,20,0.0,0.0,0.0,0.0,0.0,0.0
volume_links,12,1,0.0,0.0,0.0,0.0,0.0,0.0
volume_links,12,3,0.0,0.0,0.0,0.0,0.0,0.0
volume_links,12,5,0.0,0.0,0.0,0.0,0.0,0.0
volume_links,12,10,0.0,0.0,0.0,0.0,0.0,0.0
volume_links,12,20,0.0,0.0,0.0,0.0,0.0,0.0
volume_links,14,1,0.0,0.0,0.0,0.0,0.0,0.0
volume_links,14,3,0.0,0.0,0.0,0.0,0.0,0.0
volume_links,14,5,0.0,0.0,0.0,0.0,0.0,0.0
volume_links,14,10,0.0,0.0,0.0,0.0,0.0,0.0
volume_links,14,20,0.0,0.0,0.0,0.0,0.0,0.0
volume_links,15,1,0.0,0.0,0.0,0.0,0.0,0.0
volume_links,15,3,0.0,0.0,0.0,0.0,0.0,0.0
volume_links,15,5,0.0,0.0,0.0,0.0,0.0,0.0
volume_links,15,10,0.0,0.0,0.0,0.0,0.0,0.0
volume_links,15,20,0.0,0.0,0.0,0.0,0.0,0.0
volume_links,16,1,0.0,0.0,0.0,0.0,0.0,0.0
volume_links,16,3,0.0,0.0,0.0,0.0,0.0,0.0
volume_links,16,5,0.0,0.0,0.0,0.0,0.0,0.0
volume_links,16,10,1.0,1.0,1.0,1.0,0.16666666666666666,0.3562071871080222
volume_links,16,20,1.0,1.0,1.0,1.0,0.16666666666666666,0.3562071871080222
volume_links,17,1,0.0,0.0,0.0,0.0,0.0,0.0
volume_links,17,3,1.0,1.0,1.0,1.0,0.3333333333333333,0.5
volume_links,17,5,1.0,1.0,1.0,1.0,0.3333333333333333,0.5
volume_links,17,10,1.0,1.0,1.0,1.0,0.3333333333333333,0.5
volume_links,17,20,1.0,1.0,1.0,1.0,0.3333333333333333,0.5
volume_links,18,1,0.0,0.0,0.0,0.0,0.0,0.0
volume_links,18,3,0.0,0.0,0.0,0.0,0.0,0.0
volume_links,18,5,0.0,0.0,0.0,0.0,0.0,0.0
volume_links,18,10,0.0,0.0,0.0,0.0,0.0,0.0
volume_links,18,20,0.0,0.0,0.0,0.0,0.0,0.0
volume_links,19,1,1.0,1.0,1.0,1.0,1.0,1.0
volume_links,19,3,1.0,1.0,1.0,1.0,1.0,1.0
volume_links,19,5,1.0,1.0,1.0,1.0,1.0,1.0
volume_links,19,10,1.0,1.0,1.0,1.0,1.0,1.0
volume_links,19,20,1.0,1.0,1.0,1.0,1.0,1.0
volume_links,20,1,0.0,0.0,0.0,0.0,0.0,0.0
volume_links,20,3,0.0,0.0,0.0,0.0,0.0,0.0
volume_links,20,5,0.0,0.0,0.0,0.0,0.0,0.0
volume_links,20,10,1.0,1.0,1.0,1.0,0.14285714285714285,0.3333333333333333
volume_links,20,20,1.0,1.0,1.0,1.0,0.14285714285714285,0.3333333333333333
volume_links,21,1,0.0,0.0,0.0,0.0,0.0,0.0
volume_links,21,3,0.0,0.0,0.0,0.0,0.0,0.0
volume_links,21,5,0.0,0.0,0.0,0.0,0.0,0.0
volume_links,21,10,0.0,0.0,0.0,0.0,0.0,0.0
volume_links,21,20,0.0,0.0,0.0,0.0,0.0,0.0
volume_links,22,1,0.0,0.0,0.0,0.0,0.0,0.0
volume_links,22,3,0.0,0.0,0.0,0.0,0.0,0.0
volume_links,22,5,0.0,0.0,0.0,0.0,0.0,0.0
volume_links,22,10,1.0,1.0,1.0,1.0,0.125,0.31546487678572877
volume_links,22,20,1.0,1.0,1.0,1.0,0.125,0.31546487678572877
volume_links,23,1,0.0,0.0,0.0,0.0,0.0,0.0
volume_links,23,3,0.0,0.0,0.0,0.0,0.0,0.0
volume_links,23,5,0.0,0.0,0.0,0.0,0.0,0.0
volume_links,23,10,0.0,0.0,0.0,0.0,0.0,0.0
volume_links,23,20,0.0,0.0,0.0,0.0,0.0,0.0
volume_links,25,1,0.0,0.0,0.0,0.0,0.0,0.0
volume_links,25,3,0.0,0.0,0.0,0.0,0.0,0.0
volume_links,25,5,0.0,0.0,0.0,0.0,0.0,0.0
volume_links,25,10,0.0,0.0,0.0,0.0,0.0,0.0
volume_links,25,20,0.0,0.0,0.0,0.0,0.0,0.0
volume_links,26,1,0.0,0.0,0.0,0.0,0.0,0.0
volume_links,26,3,0.0,0.0,0.0,0.0,0.0,0.0
volume_links,26,5,0.0,0.0,0.0,0.0,0.0,0.0
volume_links,26,10,1.0,1.0,1.0,1.0,0.125,0.31546487678572877
volume_links,26,20,1.0,1.0,1.0,1.0,0.125,0.31546487678572877
volume_links,27,1,0.0,0.0,0.0,0.0,0.0,0.0
volume_links,27,3,0.0,0.0,0.0,0.0,0.0,0.0
volume_links,27,5,0.0,0.0,0.0,0.0,0.0,0.0
volume_links,27,10,0.0,0.0,0.0,0.0,0.0,0.0
volume_links,27,20,0.0,0.0,0.0,0.0,0.0,0.0
volume_links,28,1,0.0,0.0,0.0,0.0,0.0,0.0
volume_links,28,3,0.0,0.0,0.0,0.0,0.0,0.0
volume_links,28,5,0.0,0.0,0.0,0.0,0.0,0.0
volume_links,28,10,0.0,0.0,0.0,0.0,0.0,0.0
volume_links,28,20,0.0,0.0,0.0,0.0,0.0,0.0
volume_links,29,1,0.0,0.0,0.0,0.0,0.0,0.0
volume_links,29,3,0.0,0.0,0.0,0.0,0.0,0.0
volume_links,29,5,0.0,0.0,0.0,0.0,0.0,0.0
volume_links,29,10,0.0,0.0,0.0,0.0,0.0,0.0
volume_links,29,20,0.0,0.0,0.0,0.0,0.0,0.0
volume_links,31,1,0.0,0.0,0.0,0.0,0.0,0.0
volume_links,31,3,0.0,0.0,0.0,0.0,0.0,0.0
volume_links,31,5,0.0,0.0,0.0,0.0,0.0,0.0
volume_links,31,10,0.0,0.0,0.0,0.0,0.0,0.0
volume_links,31,20,1.0,1.0,1.0,1.0,0.09090909090909091,0.27894294565112987
volume_links,32,1,0.0,0.0,0.0,0.0,0.0,0.0
volume_links,32,3,0.0,0.0,0.0,0.0,0.0,0.0
volume_links,32,5,0.0,0.0,0.0,0.0,0.0,0.0
volume_links,32,10,0.0,0.0,0.0,0.0,0.0,0.0
volume_links,32,20,1.0,1.0,1.0,1.0,0.09090909090909091,0.27894294565112987
volume_links,33,1,1.0,1.0,1.0,1.0,1.0,1.0
volume_links,33,3,1.0,1.0,1.0,1.0,1.0,1.0
volume_links,33,5,1.0,1.0,1.0,1.0,1.0,1.0
volume_links,33,10,1.0,1.0,1.0,1.0,1.0,1.0
volume_links,33,20,1.0,1.0,1.0,1.0,1.0,1.0
volume_links,35,1,0.0,0.0,0.0,0.0,0.0,0.0
volume_links,35,3,0.0,0.0,0.0,0.0,0.0,0.0
volume_links,35,5,0.0,0.0,0.0,0.0,0.0,0.0
volume_links,35,10,0.0,0.0,0.0,0.0,0.0,0.0
volume_links,35,20,0.0,0.0,0.0,0.0,0.0,0.0
volume_links,37,1,1.0,1.0,1.0,1.0,1.0,1.0
volume_links,37,3,1.0,1.0,1.0,1.0,1.0,1.0
volume_links,37,5,1.0,1.0,1.0,1.0,1.0,1.0
volume_links,37,10,1.0,1.0,1.0,1.0,1.0,1.0
volume_links,37,20,1.0,1.0,1.0,1.0,1.0,1.0
volume_links,38,1,0.0,0.0,0.0,0.0,0.0,0.0
volume_links,38,3,1.0,1.0,1.0,1.0,0.5,0.6309297535714575
volume_links,38,5,1.0,1.0,1.0,1.0,0.5,0.6309297535714575
volume_links,38,10,1.0,1.0,1.0,1.0,0.5,0.6309297535714575
volume_links,38,20,1.0,1.0,1.0,1.0,0.5,0.6309297535714575
volume_links,39,1,0.0,0.0,0.0,0.0,0.0,0.0
volume_links,39,3,1.0,1.0,1.0,1.0,0.5,0.6309297535714575
volume_links,39,5,1.0,1.0,1.0,1.0,0.5,0.6309297535714575
volume_links,39,10,1.0,1.0,1.0,1.0,0.5,0.6309297535714575
volume_links,39,20,1.0,1.0,1.0,1.0,0.5,0.6309297535714575
volume_links,40,1,0.0,0.0,0.0,0.0,0.0,0.0
volume_links,40,3,0.0,0.0,0.0,0.0,0.0,0.0
volume_links,40,5,0.0,0.0,0.0,0.0,0.0,0.0
volume_links,40,10,0.0,0.0,0.0,0.0,0.0,0.0
volume_links,40,20,0.0,0.0,0.0,0.0,0.0,0.0
volume_links,41,1,0.0,0.0,0.0,0.0,0.0,0.0
volume_links,41,3,0.0,0.0,0.0,0.0,0.0,0.0
volume_links,41,5,0.0,0.0,0.0,0.0,0.0,0.0
volume_links,41,10,0.0,0.0,0.0,0.0,0.0,0.0
volume_links,41,20,0.0,0.0,0.0,0.0,0.0,0.0
volume_links,42,1,0.0,0.0,0.0,0.0,0.0,0.0
volume_links,42,3,0.0,0.0,0.0,0.0,0.0,0.0
volume_links,42,5,0.0,0.0,0.0,0.0,0.0,0.0
volume_links,42,10,0.0,0.0,0.0,0.0,0.0,0.0
volume_links,42,20,0.0,0.0,0.0,0.0,0.0,0.0
volume_links,43,1,0.0,0.0,0.0,0.0,0.0,0.0
volume_links,43,3,0.0,0.0,0.0,0.0,0.0,0.0
volume_links,43,5,0.0,0.0,0.0,0.0,0.0,0.0
volume_links,43,10,0.0,0.0,0.0,0.0,0.0,0.0
volume_links,43,20,0.0,0.0,0.0,0.0,0.0,0.0
volume_links,44,1,0.0,0.0,0.0,0.0,0.0,0.0
volume_links,44,3,0.0,0.0,0.0,0.0,0.0,0.0
volume_links,44,5,0.0,0.0,0.0,0.0,0.0,0.0
volume_links,44,10,0.0,0.0,0.0,0.0,0.0,0.0
volume_links,44,20,0.0,0.0,0.0,0.0,0.0,0.0
volume_links,45,1,0.0,0.0,0.0,0.0,0.0,0.0
volume_links,45,3,1.0,1.0,1.0,1.0,0.5,0.6309297535714575
volume_links,45,5,1.0,1.0,1.0,1.0,0.5,0.6309297535714575
volume_links,45,10,1.0,1.0,1.0,1.0,0.5,0.6309297535714575
volume_links,45,20,1.0,1.0,1.0,1.0,0.5,0.6309297535714575
volume_links,46,1,0.0,0.0,0.0,0.0,0.0,0.0
volume_links,46,3,0.0,0.0,0.0,0.0,0.0,0.0
volume_links,46,5,1.0,1.0,1.0,1.0,0.25,0.43067655807339306
volume_links,46,10,1.0,1.0,1.0,1.0,0.25,0.43067655807339306
volume_links,46,20,1.0,1.0,1.0,1.0,0.25,0.43067655807339306
volume_links,47,1,0.0,0.0,0.0,0.0,0.0,0.0
volume_links,47,3,0.0,0.0,0.0,0.0,0.0,0.0
volume_links,47,5,0.0,0.0,0.0,0.0,0.0,0.0
volume_links,47,10,0.0,0.0,0.0,0.0,0.0,0.0
volume_links,47,20,0.0,0.0,0.0,0.0,0.0,0.0
volume_links,48,1,0.0,0.0,0.0,0.0,0.0,0.0
volume_links,48,3,0.0,0.0,0.0,0.0,0.0,0.0
volume_links,48,5,0.0,0.0,0.0,0.0,0.0,0.0
volume_links,48,10,0.0,0.0,0.0,0.0,0.0,0.0
volume_links,48,20,0.0,0.0,0.0,0.0,0.0,0.0
volume_links,49,1,0.0,0.0,0.0,0.0,0.0,0.0
volume_links,49,3,0.0,0.0,0.0,0.0,0.0,0.0
volume_links,49,5,0.0,0.0,0.0,0.0,0.0,0.0
volume_links,49,10,0.0,0.0,0.0,0.0,0.0,0.0
volume_links,49,20,1.0,1.0,1.0,1.0,0.0625,0.24465054211822604
volume_links,50,1,0.0,0.0,0.0,0.0,0.0,0.0
volume_links,50,3,0.0,0.0,0.0,0.0,0.0,0.0
volume_links,50,5,0.0,0.0,0.0,0.0,0.0,0.0
volume_links,50,10,0.0,0.0,0.0,0.0,0.0,0.0
volume_links,50,20,0.0,0.0,0.0,0.0,0.0,0.0
volume_links,54,1,0.0,0.0,0.0,0.0,0.0,0.0
volume_links,54,3,0.0,0.0,0.0,0.0,0.0,0.0
volume_links,54,5,0.0,0.0,0.0,0.0,0.0,0.0
volume_links,54,10,0.0,0.0,0.0,0.0,0.0,0.0
volume_links,54,20,0.0,0.0,0.0,0.0,0.0,0.0
volume_links,56,1,1.0,1.0,1.0,1.0,1.0,1.0
volume_links,56,3,1.0,1.0,1.0,1.0,1.0,1.0
volume_links,56,5,1.0,1.0,1.0,1.0,1.0,1.0
volume_links,56,10,1.0,1.0,1.0,1.0,1.0,1.0
volume_links,56,20,1.0,1.0,1.0,1.0,1.0,1.0
volume_links,57,1,0.0,0.0,0.0,0.0,0.0,0.0
volume_links,57,3,0.0,0.0,0.0,0.0,0.0,0.0
volume_links,57,5,1.0,1.0,1.0,1.0,0.2,0.38685280723454163
volume_links,57,10,1.0,1.0,1.0,1.0,0.2,0.38685280723454163
volume_links,57,20,1.0,1.0,1.0,1.0,0.2,0.38685280723454163
volume_links,58,1,1.0,1.0,1.0,1.0,1.0,1.0
volume_links,58,3,1.0,1.0,1.0,1.0,1.0,1.0
volume_links,58,5,1.0,1.0,1.0,1.0,1.0,1.0
volume_links,58,10,1.0,1.0,1.0,1.0,1.0,1.0
volume_links,58,20,1.0,1.0,1.0,1.0,1.0,1.0
volume_links,59,1,0.0,0.0,0.0,0.0,0.0,0.0
volume_links,59,3,1.0,1.0,1.0,1.0,0.3333333333333333,0.5
volume_links,59,5,1.0,1.0,1.0,1.0,0.3333333333333333,0.5
volume_links,59,10,1.0,1.0,1.0,1.0,0.3333333333333333,0.5
volume_links,59,20,1.0,1.0,1.0,1.0,0.3333333333333333,0.5
volume_links,60,1,0.0,0.0,0.0,0.0,0.0,0.0
volume_links,60,3,0.0,0.0,0.0,0.0,0.0,0.0
volume_links,60,5,0.0,0.0,0.0,0.0,0.0,0.0
volume_links,60,10,0.0,0.0,0.0,0.0,0.0,0.0
volume_links,60,20,0.0,0.0,0.0,0.0,0.0,0.0
volume_links,61,1,0.0,0.0,0.0,0.0,0.0,0.0
volume_links,61,3,0.0,0.0,0.0,0.0,0.0,0.0
volume_links,61,5,0.0,0.0,0.0,0.0,0.0,0.0
volume_links,61,10,0.0,0.0,0.0,0.0,0.0,0.0
volume_links,61,20,0.0,0.0,0.0,0.0,0.0,0.0
volume_links,62,1,0.0,0.0,0.0,0.0,0.0,0.0
volume_links,62,3,0.0,0.0,0.0,0.0,0.0,0.0
volume_links,62,5,0.0,0.0,0.0,0.0,0.0,0.0
volume_links,62,10,0.0,0.0,0.0,0.0,0.0,0.0
volume_links,62,20,0.0,0.0,0.0,0.0,0.0,0.0
volume_links,63,1,0.0,0.0,0.0,0.0,0.0,0.0
volume_links,63,3,0.0,0.0,0.0,0.0,0.0,0.0
volume_links,63,5,0.0,0.0,0.0,0.0,0.0,0.0
volume_links,63,10,0.0,0.0,0.0,0.0,0.0,0.0
volume_links,63,20,0.0,0.0,0.0,0.0,0.0,0.0
volume_links,65,1,0.0,0.0,0.0,0.0,0.0,0.0
volume_links,65,3,0.0,0.0,0.0,0.0,0.0,0.0
volume_links,65,5,0.0,0.0,0.0,0.0,0.0,0.0
volume_links,65,10,0.0,0.0,0.0,0.0,0.0,0.0
volume_links,65,20,1.0,1.0,1.0,1.0,0.06666666666666667,0.25
volume_links,66,1,0.0,0.0,0.0,0.0,0.0,0.0
volume_links,66,3,0.0,0.0,0.0,0.0,0.0,0.0
volume_links,66,5,0.0,0.0,0.0,0.0,0.0,0.0
volume_links,66,10,0.0,0.0,0.0,0.0,0.0,0.0
volume_links,66,20,0.0,0.0,0.0,0.0,0.0,0.0
volume_links,67,1,0.0,0.0,0.0,0.0,0.0,0.0
volume_links,67,3,1.0,1.0,1.0,1.0,0.5,0.6309297535714575
volume_links,67,5,1.0,1.0,1.0,1.0,0.5,0.6309297535714575
volume_links,67,10,1.0,1.0,1.0,1.0,0.5,0.6309297535714575
volume_links,67,20,1.0,1.0,1.0,1.0,0.5,0.6309297535714575
volume_links,68,1,1.0,1.0,1.0,1.0,1.0,1.0
volume_links,68,3,1.0,1.0,1.0,1.0,1.0,1.0
volume_links,68,5,1.0,1.0,1.0,1.0,1.0,1.0
volume_links,68,10,1.0,1.0,1.0,1.0,1.0,1.0
volume_links,68,20,1.0,1.0,1.0,1.0,1.0,1.0
volume_links,69,1,0.0,0.0,0.0,0.0,0.0,0.0
volume_links,69,3,0.0,0.0,0.0,0.0,0.0,0.0
volume_links,69,5,0.0,0.0,0.0,0.0,0.0,0.0
volume_links,69,10,0.0,0.0,0.0,0.0,0.0,0.0
volume_links,69,20,0.0,0.0,0.0,0.0,0.0,0.0
volume_links,70,1,1.0,1.0,1.0,1.0,1.0,1.0
volume_links,70,3,1.0,1.0,1.0,1.0,1.0,1.0
volume_links,70,5,1.0,1.0,1.0,1.0,1.0,1.0
volume_links,70,10,1.0,1.0,1.0,1.0,1.0,1.0
volume_links,70,20,1.0,1.0,1.0,1.0,1.0,1.0
volume_links,71,1,1.0,1.0,1.0,1.0,1.0,1.0
volume_links,71,3,1.0,1.0,1.0,1.0,1.0,1.0
volume_links,71,5,1.0,1.0,1.0,1.0,1.0,1.0
volume_links,71,10,1.0,1.0,1.0,1.0,1.0,1.0
volume_links,71,20,1.0,1.0,1.0,1.0,1.0,1.0
volume_links,72,1,0.0,0.0,0.0,0.0,0.0,0.0
volume_links,72,3,0.0,0.0,0.0,0.0,0.0,0.0
volume_links,72,5,0.0,0.0,0.0,0.0,0.0,0.0
volume_links,72,10,0.0,0.0,0.0,0.0,0.0,0.0
volume_links,72,20,0.0,0.0,0.0,0.0,0.0,0.0
volume_links,73,1,1.0,1.0,1.0,1.0,1.0,1.0
volume_links,73,3,1.0,1.0,1.0,1.0,1.0,1.0
volume_links,73,5,1.0,1.0,1.0,1.0,1.0,1.0
volume_links,73,10,1.0,1.0,1.0,1.0,1.0,1.0
volume_links,73,20,1.0,1.0,1.0,1.0,1.0,1.0
volume_links,74,1,1.0,1.0,1.0,1.0,1.0,1.0
volume_links,74,3,1.0,1.0,1.0,1.0,1.0,1.0
volume_links,74,5,1.0,1.0,1.0,1.0,1.0,1.0
volume_links,74,10,1.0,1.0,1.0,1.0,1.0,1.0
volume_links,74,20,1.0,1.0,1.0,1.0,1.0,1.0
volume_links,75,1,0.0,0.0,0.0,0.0,0.0,0.0
volume_links,75,3,0.0,0.0,0.0,0.0,0.0,0.0
volume_links,75,5,0.0,0.0,0.0,0.0,0.0,0.0
volume_links,75,10,0.0,0.0,0.0,0.0,0.0,0.0
volume_links,75,20,0.0,0.0,0.0,0.0,0.0,0.0
volume_links,77,1,0.0,0.0,0.0,0.0,0.0,0.0
volume_links,77,3,0.0,0.0,0.0,0.0,0.0,0.0
volume_links,77,5,0.0,0.0,0.0,0.0,0.0,0.0
volume_links,77,10,0.0,0.0,0.0,0.0,0.0,0.0
volume_links,77,20,0.0,0.0,0.0,0.0,0.0,0.0
volume_links,78,1,0.0,0.0,0.0,0.0,0.0,0.0
volume_links,78,3,0.0,0.0,0.0,0.0,0.0,0.0
volume_links,78,5,0.0,0.0,0.0,0.0,0.0,0.0
volume_links,78,10,0.0,0.0,0.0,0.0,0.0,0.0
volume_links,78,20,1.0,1.0,1.0,1.0,0.08333333333333333,0.27023815442731974
volume_links,79,1,1.0,1.0,1.0,1.0,1.0,1.0
volume_links,79,3,1.0,1.0,1.0,1.0,1.0,1.0
volume_links,79,5,1.0,1.0,1.0,1.0,1.0,1.0
volume_links,79,10,1.0,1.0,1.0,1.0,1.0,1.0
volume_links,79,20,1.0,1.0,1.0,1.0,1.0,1.0
volume_links,81,1,1.0,1.0,1.0,1.0,1.0,1.0
volume_links,81,3,1.0,1.0,1.0,1.0,1.0,1.0
volume_links,81,5,1.0,1.0,1.0,1.0,1.0,1.0
volume_links,81,10,1.0,1.0,1.0,1.0,1.0,1.0
volume_links,81,20,1.0,1.0,1.0,1.0,1.0,1.0
volume_links,82,1,0.0,0.0,0.0,0.0,0.0,0.0
volume_links,82,3,0.0,0.0,0.0,0.0,0.0,0.0
volume_links,82,5,0.0,0.0,0.0,0.0,0.0,0.0
volume_links,82,10,0.0,0.0,0.0,0.0,0.0,0.0
volume_links,82,20,1.0,1.0,1.0,1.0,0.05,0.227670248696953
volume_links,83,1,0.0,0.0,0.0,0.0,0.0,0.0
volume_links,83,3,0.0,0.0,0.0,0.0,0.0,0.0
volume_links,83,5,0.0,0.0,0.0,0.0,0.0,0.0
volume_links,83,10,0.0,0.0,0.0,0.0,0.0,0.0
volume_links,83,20,0.0,0.0,0.0,0.0,0.0,0.0
volume_links,84,1,0.0,0.0,0.0,0.0,0.0,0.0
volume_links,84,3,0.0,0.0,0.0,0.0,0.0,0.0
volume_links,84,5,0.0,0.0,0.0,0.0,0.0,0.0
volume_links,84,10,0.0,0.0,0.0,0.0,0.0,0.0
volume_links,84,20,0.0,0.0,0.0,0.0,0.0,0.0
volume_links,87,1,1.0,1.0,1.0,1.0,1.0,1.0
volume_links,87,3,1.0,1.0,1.0,1.0,1.0,1.0
volume_links,87,5,1.0,1.0,1.0,1.0,1.0,1.0
volume_links,87,10,1.0,1.0,1.0,1.0,1.0,1.0
volume_links,87,20,1.0,1.0,1.0,1.0,1.0,1.0
volume_links,88,1,1.0,1.0,1.0,1.0,1.0,1.0
volume_links,88,3,1.0,1.0,1.0,1.0,1.0,1.0
volume_links,88,5,1.0,1.0,1.0,1.0,1.0,1.0
volume_links,88,10,1.0,1.0,1.0,1.0,1.0,1.0
volume_links,88,20,1.0,1.0,1.0,1.0,1.0,1.0
volume_links,89,1,0.0,0.0,0.0,0.0,0.0,0.0
volume_links,89,3,1.0,1.0,1.0,1.0,0.3333333333333333,0.5
volume_links,89,5,1.0,1.0,1.0,1.0,0.3333333333333333,0.5
volume_links,89,10,1.0,1.0,1.0,1.0,0.3333333333333333,0.5
volume_links,89,20,1.0,1.0,1.0,1.0,0.3333333333333333,0.5
volume_links,90,1,0.0,0.0,0.0,0.0,0.0,0.0
volume_links,90,3,0.0,0.0,0.0,0.0,0.0,0.0
volume_links,90,5,0.0,0.0,0.0,0.0,0.0,0.0
volume_links,90,10,0.0,0.0,0.0,0.0,0.0,0.0
volume_links,90,20,1.0,1.0,1.0,1.0,0.05555555555555555,0.23540891336663824
volume_links,92,1,0.0,0.0,0.0,0.0,0.0,0.0
volume_links,92,3,0.0,0.0,0.0,0.0,0.0,0.0
volume_links,92,5,0.0,0.0,0.0,0.0,0.0,0.0
volume_links,92,10,0.0,0.0,0.0,0.0,0.0,0.0
volume_links,92,20,0.0,0.0,0.0,0.0,0.0,0.0
volume_links,93,1,0.0,0.0,0.0,0.0,0.0,0.0
volume_links,93,3,0.0,0.0,0.0,0.0,0.0,0.0
volume_links,93,5,0.0,0.0,0.0,0.0,0.0,0.0
volume_links,93,10,0.0,0.0,0.0,0.0,0.0,0.0
volume_links,93,20,0.0,0.0,0.0,0.0,0.0,0.0
volume_links,94,1,0.0,0.0,0.0,0.0,0.0,0.0
volume_links,94,3,0.0,0.0,0.0,0.0,0.0,0.0
volume_links,94,5,0.0,0.0,0.0,0.0,0.0,0.0
volume_links,94,10,0.0,0.0,0.0,0.0,0.0,0.0
volume_links,94,20,0.0,0.0,0.0,0.0,0.0,0.0
volume_links,95,1,1.0,1.0,1.0,1.0,1.0,1.0
volume_links,95,3,1.0,1.0,1.0,1.0,1.0,1.0
volume_links,95,5,1.0,1.0,1.0,1.0,1.0,1.0
volume_links,95,10,1.0,1.0,1.0,1.0,1.0,1.0
volume_links,95,20,1.0,1.0,1.0,1.0,1.0,1.0
volume_links,97,1,1.0,1.0,1.0,1.0,1.0,1.0
volume_links,97,3,1.0,1.0,1.0,1.0,1.0,1.0
volume_links,97,5,1.0,1.0,1.0,1.0,1.0,1.0
volume_links,97,10,1.0,1.0,1.0,1.0,1.0,1.0
volume_links,97,20,1.0,1.0,1.0,1.0,1.0,1.0
volume_links,98,1,1.0,1.0,1.0,1.0,1.0,1.0
volume_links,98,3,1.0,1.0,1.0,1.0,1.0,1.0
volume_links,98,5,1.0,1.0,1.0,1.0,1.0,1.0
volume_links,98,10,1.0,1.0,1.0,1.0,1.0,1.0
volume_links,98,20,1.0,1.0,1.0,1.0,1.0,1.0
volume_links,99,1,0.0,0.0,0.0,0.0,0.0,0.0
volume_links,99,3,0.0,0.0,0.0,0.0,0.0,0.0
volume_links,99,5,0.0,0.0,0.0,0.0,0.0,0.0
volume_links,99,10,0.0,0.0,0.0,0.0,0.0,0.0
volume_links,99,20,0.0,0.0,0.0,0.0,0.0,0.0
volume_links,100,1,1.0,1.0,1.0,1.0,1.0,1.0
volume_links,100,3,1.0,1.0,1.0,1.0,1.0,1.0
volume_links,100,5,1.0,1.0,1.0,1.0,1.0,1.0
volume_links,100,10,1.0,1.0,1.0,1.0,1.0,1.0
volume_links,100,20,1.0,1.0,1.0,1.0,1.0,1.0
volume_heading_words,1,1,1.0,1.0,1.0,1.0,1.0,1.0
volume_heading_words,1,3,1.0,1.0,1.0,1.0,1.0,1.0
volume_heading_words,1,5,1.0,1.0,1.0,1.0,1.0,1.0
volume_heading_words,1,10,1.0,1.0,1.0,1.0,1.0,1.0
volume_heading_words,1,20,1.0,1.0,1.0,1.0,1.0,1.0
volume_heading_words,3,1,0.0,0.0,0.0,0.0,0.0,0.0
volume_heading_words,3,3,0.0,0.0,0.0,0.0,0.0,0.0
volume_heading_words,3,5,0.0,0.0,0.0,0.0,0.0,0.0
volume_heading_words,3,10,0.0,0.0,0.0,0.0,0.0,0.0
volume_heading_words,3,20,0.0,0.0,0.0,0.0,0.0,0.0
volume_heading_words,5,1,0.0,0.0,0.0,0.0,0.0,0.0
volume_heading_words,5,3,0.0,0.0,0.0,0.0,0.0,0.0
volume_heading_words,5,5,0.0,0.0,0.0,0.0,0.0,0.0
volume_heading_words,5,10,0.0,0.0,0.0,0.0,0.0,0.0
volume_heading_words,5,20,0.0,0.0,0.0,0.0,0.0,0.0
volume_heading_words,6,1,0.0,0.0,0.0,0.0,0.0,0.0
volume_heading_words,6,3,0.0,0.0,0.0,0.0,0.0,0.0
volume_heading_words,6,5,0.0,0.0,0.0,0.0,0.0,0.0
volume_heading_words,6,10,0.0,0.0,0.0,0.0,0.0,0.0
volume_heading_words,6,20,1.0,1.0,1.0,1.0,0.09090909090909091,0.27894294565112987
volume_heading_words,7,1,0.0,0.0,0.0,0.0,0.0,0.0
volume_heading_words,7,3,0.0,0.0,0.0,0.0,0.0,0.0
volume_heading_words,7,5,0.0,0.0,0.0,0.0,0.0,0.0
volume_heading_words,7,10,0.0,0.0,0.0,0.0,0.0,0.0
volume_heading_words,7,20,0.0,0.0,0.0,0.0,0.0,0.0
volume_heading_words,8,1,0.0,0.0,0.0,0.0,0.0,0.0
volume_heading_words,8,3,0.0,0.0,0.0,0.0,0.0,0.0
volume_heading_words,8,5,0.0,0.0,0.0,0.0,0.0,0.0
volume_heading_words,8,10,0.0,0.0,0.0,0.0,0.0,0.0
volume_heading_words,8,20,0.0,0.0,0.0,0.0,0.0,0.0
volume_heading_words,11,1,0.0,0.0,0.0,0.0,0.0,0.0
volume_heading_words,11,3,0.0,0.0,0.0,0.0,0.0,0.0
volume_heading_words,11,5,0.0,0.0,0.0,0.0,0.0,0.0
volume_heading_words,11,10,0.0,0.0,0.0,0.0,0.0,0.0
volume_heading_words,11,20,0.0,0.0,0.0,0.0,0.0,0.0
volume_heading_words,12,1,0.0,0.0,0.0,0.0,0.0,0.0
volume_heading_words,12,3,0.0,0.0,0.0,0.0,0.0,0.0
volume_heading_words,12,5,0.0,0.0,0.0,0.0,0.0,0.0
volume_heading_words,12,10,0.0,0.0,0.0,0.0,0.0,0.0
volume_heading_words,12,20,0.0,0.0,0.0,0.0,0.0,0.0
volume_heading_words,14,1,0.0,0.0,0.0,0.0,0.0,0.0
volume_heading_words,14,3,0.0,0.0,0.0,0.0,0.0,0.0
volume_heading_words,14,5,0.0,0.0,0.0,0.0,0.0,0.0
volume_heading_words,14,10,0.0,0.0,0.0,0.0,0.0,0.0
volume_heading_words,14,20,0.0,0.0,0.0,0.0,0.0,0.0
volume_heading_words,15,1,0.0,0.0,0.0,0.0,0.0,0.0
volume_heading_words,15,3,0.0,0.0,0.0,0.0,0.0,0.0
volume_heading_words,15,5,0.0,0.0,0.0,0.0,0.0,0.0
volume_heading_words,15,10,0.0,0.0,0.0,0.0,0.0,0.0
volume_heading_words,15,20,0.0,0.0,0.0,0.0,0.0,0.0
volume_heading_words,16,1,0.0,0.0,0.0,0.0,0.0,0.0
volume_heading_words,16,3,0.0,0.0,0.0,0.0,0.0,0.0
volume_heading_words,16,5,1.0,1.0,1.0,1.0,0.2,0.38685280723454163
volume_heading_words,16,10,1.0,1.0,1.0,1.0,0.2,0.38685280723454163
volume_heading_words,16,20,1.0,1.0,1.0,1.0,0.2,0.38685280723454163
volume_heading_words,17,1,0.0,0.0,0.0,0.0,0.0,0.0
volume_heading_words,17,3,1.0,1.0,1.0,1.0,0.5,0.6309297535714575
volume_heading_words,17,5,1.0,1.0,1.0,1.0,0.5,0.6309297535714575
volume_heading_words,17,10,1.0,1.0,1.0,1.0,0.5,0.6309297535714575
volume_heading_words,17,20,1.0,1.0,1.0,1.0,0.5,0.6309297535714575
volume_heading_words,18,1,0.0,0.0,0.0,0.0,0.0,0.0
volume_heading_words,18,3,0.0,0.0,0.0,0.0,0.0,0.0
volume_heading_words,18,5,0.0,0.0,0.0,0.0,0.0,0.0
volume_heading_words,18,10,0.0,0.0,0.0,0.0,0.0,0.0
volume_heading_words,18,20,1.0,1.0,1.0,1.0,0.07142857142857142,0.2559580248098155
volume_heading_words,19,1,1.0,1.0,1.0,1.0,1.0,1.0
volume_heading_words,19,3,1.0,1.0,1.0,1.0,1.0,1.0
volume_heading_words,19,5,1.0,1.0,1.0,1.0,1.0,1.0
volume_heading_words,19,10,1.0,1.0,1.0,1.0,1.0,1.0
volume_heading_words,19,20,1.0,1.0,1.0,1.0,1.0,1.0
volume_heading_words,20,1,0.0,0.0,0.0,0.0,0.0,0.0
volume_heading_words,20,3,0.0,0.0,0.0,0.0,0.0,0.0
volume_heading_words,20,5,0.0,0.0,0.0,0.0,0.0,0.0
volume_heading_words,20,10,1.0,1.0,1.0,1.0,0.1111111111111111,0.3010299956639812
volume_heading_words,20,20,1.0,1.0,1.0,1.0,0.1111111111111111,0.3010299956639812
volume_heading_words,21,1,0.0,0.0,0.0,0.0,0.0,0.0
volume_heading_words,21,3,0.0,0.0,0.0,0.0,0.0,0.0
volume_heading_words,21,5,0.0,0.0,0.0,0.0,0.0,0.0
volume_heading_words,21,10,0.0,0.0,0.0,0.0,0.0,0.0
volume_heading_words,21,20,0.0,0.0,0.0,0.0,0.0,0.0
volume_heading_words,22,1,0.0,0.0,0.0,0.0,0.0,0.0
volume_heading_words,22,3,0.0,0.0,0.0,0.0,0.0,0.0
volume_heading_words,22,5,0.0,0.0,0.0,0.0,0.0,0.0
volume_heading_words,22,10,1.0,1.0,1.0,1.0,0.1111111111111111,0.3010299956639812
volume_heading_words,22,20,1.0,1.0,1.0,1.0,0.1111111111111111,0.3010299956639812
volume_heading_words,23,1,0.0,0.0,0.0,0.0,0.0,0.0
volume_heading_words,23,3,0.0,0.0,0.0,0.0,0.0,0.0
volume_heading_words,23,5,0.0,0.0,0.0,0.0,0.0,0.0
volume_heading_words,23,10,0.0,0.0,0.0,0.0,0.0,0.0
volume_heading_words,23,20,0.0,0.0,0.0,0.0,0.0,0.0
volume_heading_words,25,1,0.0,0.0,0.0,0.0,0.0,0.0
volume_heading_words,25,3,0.0,0.0,0.0,0.0,0.0,0.0
volume_heading_words,25,5,0.0,0.0,0.0,0.0,0.0,0.0
volume_heading_words,25,10,0.0,0.0,0.0,0.0,0.0,0.0
volume_heading_words,25,20,0.0,0.0,0.0,0.0,0.0,0.0
volume_heading_words,26,1,0.0,0.0,0.0,0.0,0.0,0.0
volume_heading_words,26,3,0.0,0.0,0.0,0.0,0.0,0.0
volume_heading_words,26,5,0.0,0.0,0.0,0.0,0.0,0.0
volume_heading_words,26,10,1.0,1.0,1.0,1.0,0.1,0.2890648263178879
volume_heading_words,26,20,1.0,1.0,1.0,1.0,0.1,0.2890648263178879
volume_heading_words,27,1,0.0,0.0,0.0,0.0,0.0,0.0
volume_heading_words,27,3,0.0,0.0,0.0,0.0,0.0,0.0
volume_heading_words,27,5,0.0,0.0,0.0,0.0,0.0,0.0
volume_heading_words,27,10,0.0,0.0,0.0,0.0,0.0,0.0
volume_heading_words,27,20,0.0,0.0,0.0,0.0,0.0,0.0
volume_heading_words,28,1,0.0,0.0,0.0,0.0,0.0,0.0
volume_heading_words,28,3,0.0,0.0,0.0,0.0,0.0,0.0
volume_heading_words,28,5,0.0,0.0,0.0,0.0,0.0,0.0
volume_heading_words,28,10,0.0,0.0,0.0,0.0,0.0,0.0
volume_heading_words,28,20,0.0,0.0,0.0,0.0,0.0,0.0
volume_heading_words,29,1,0.0,0.0,0.0,0.0,0.0,0.0
volume_heading_words,29,3,0.0,0.0,0.0,0.0,0.0,0.0
volume_heading_words,29,5,0.0,0.0,0.0,0.0,0.0,0.0
volume_heading_words,29,10,0.0,0.0,0.0,0.0,0.0,0.0
volume_heading_words,29,20,0.0,0.0,0.0,0.0,0.0,0.0
volume_heading_words,31,1,0.0,0.0,0.0,0.0,0.0,0.0
volume_heading_words,31,3,0.0,0.0,0.0,0.0,0.0,0.0
volume_heading_words,31,5,1.0,1.0,1.0,1.0,0.25,0.43067655807339306
volume_heading_words,31,10,1.0,1.0,1.0,1.0,0.25,0.43067655807339306
volume_heading_words,31,20,1.0,1.0,1.0,1.0,0.25,0.43067655807339306
volume_heading_words,32,1,0.0,0.0,0.0,0.0,0.0,0.0
volume_heading_words,32,3,0.0,0.0,0.0,0.0,0.0,0.0
volume_heading_words,32,5,1.0,1.0,1.0,1.0,0.25,0.43067655807339306
volume_heading_words,32,10,1.0,1.0,1.0,1.0,0.25,0.43067655807339306
volume_heading_words,32,20,1.0,1.0,1.0,1.0,0.25,0.43067655807339306
volume_heading_words,33,1,1.0,1.0,1.0,1.0,1.0,1.0
volume_heading_words,33,3,1.0,1.0,1.0,1.0,1.0,1.0
volume_heading_words,33,5,1.0,1.0,1.0,1.0,1.0,1.0
volume_heading_words,33,10,1.0,1.0,1.0,1.0,1.0,1.0
volume_heading_words,33,20,1.0,1.0,1.0,1.0,1.0,1.0
volume_heading_words,35,1,0.0,0.0,0.0,0.0,0.0,0.0
volume_heading_words,35,3,0.0,0.0,0.0,0.0,0.0,0.0
volume_heading_words,35,5,0.0,0.0,0.0,0.0,0.0,0.0
volume_heading_words,35,10,0.0,0.0,0.0,0.0,0.0,0.0
volume_heading_words,35,20,0.0,0.0,0.0,0.0,0.0,0.0
volume_heading_words,37,1,1.0,1.0,1.0,1.0,1.0,1.0
volume_heading_words,37,3,1.0,1.0,1.0,1.0,1.0,1.0
volume_heading_words,37,5,1.0,1.0,1.0,1.0,1.0,1.0
volume_heading_words,37,10,1.0,1.0,1.0,1.0,1.0,1.0
volume_heading_words,37,20,1.0,1.0,1.0,1.0,1.0,1.0
volume_heading_words,38,1,0.0,0.0,0.0,0.0,0.0,0.0
volume_heading_words,38,3,1.0,1.0,1.0,1.0,0.5,0.6309297535714575
volume_heading_words,38,5,1.0,1.0,1.0,1.0,0.5,0.6309297535714575
volume_heading_words,38,10,1.0,1.0,1.0,1.0,0.5,0.6309297535714575
volume_heading_words,38,20,1.0,1.0,1.0,1.0,0.5,0.6309297535714575
volume_heading_words,39,1,0.0,0.0,0.0,0.0,0.0,0.0
volume_heading_words,39,3,0.0,0.0,0.0,0.0,0.0,0.0
volume_heading_words,39,5,0.0,0.0,0.0,0.0,0.0,0.0
volume_heading_words,39,10,1.0,1.0,1.0,1.0,0.14285714285714285,0.3333333333333333
volume_heading_words,39,20,1.0,1.0,1.0,1.0,0.14285714285714285,0.3333333333333333
volume_heading_words,40,1,0.0,0.0,0.0,0.0,0.0,0.0
volume_heading_words,40,3,0.0,0.0,0.0,0.0,0.0,0.0
volume_heading_words,40,5,0.0,0.0,0.0,0.0,0.0,0.0
volume_heading_words,40,10,0.0,0.0,0.0,0.0,0.0,0.0
volume_heading_words,40,20,0.0,0.0,0.0,0.0,0.0,0.0
volume_heading_words,41,1,0.0,0.0,0.0,0.0,0.0,0.0
volume_heading_words,41,3,0.0,0.0,0.0,0.0,0.0,0.0
volume_heading_words,41,5,0.0,0.0,0.0,0.0,0.0,0.0
volume_heading_words,41,10,0.0,0.0,0.0,0.0,0.0,0.0
volume_heading_words,41,20,0.0,0.0,0.0,0.0,0.0,0.0
volume_heading_words,42,1,0.0,0.0,0.0,0.0,0.0,0.0
volume_heading_words,42,3,0.0,0.0,0.0,0.0,0.0,0.0
volume_heading_words,42,5,0.0,0.0,0.0,0.0,0.0,0.0
volume_heading_words,42,10,0.0,0.0,0.0,0.0,0.0,0.0
volume_heading_words,42,20,0.0,0.0,0.0,0.0,0.0,0.0
volume_heading_words,43,1,0.0,0.0,0.0,0.0,0.0,0.0
volume_heading_words,43,3,0.0,0.0,0.0,0.0,0.0,0.0
volume_heading_words,43,5,0.0,0.0,0.0,0.0,0.0,0.0
volume_heading_words,43,10,0.0,0.0,0.0,0.0,0.0,0.0
volume_heading_words,43,20,0.0,0.0,0.0,0.0,0.0,0.0
volume_heading_words,44,1,0.0,0.0,0.0,0.0,0.0,0.0
volume_heading_words,44,3,0.0,0.0,0.0,0.0,0.0,0.0
volume_heading_words,44,5,0.0,0.0,0.0,0.0,0.0,0.0
volume_heading_words,44,10,0.0,0.0,0.0,0.0,0.0,0.0
volume_heading_words,44,20,0.0,0.0,0.0,0.0,0.0,0.0
volume_heading_words,45,1,0.0,0.0,0.0,0.0,0.0,0.0
volume_heading_words,45,3,1.0,1.0,1.0,1.0,0.5,0.6309297535714575
volume_heading_words,45,5,1.0,1.0,1.0,1.0,0.5,0.6309297535714575
volume_heading_words,45,10,1.0,1.0,1.0,1.0,0.5,0.6309297535714575
volume_heading_words,45,20,1.0,1.0,1.0,1.0,0.5,0.6309297535714575
volume_heading_words,46,1,0.0,0.0,0.0,0.0,0.0,0.0
volume_heading_words,46,3,0.0,0.0,0.0,0.0,0.0,0.0
volume_heading_words,46,5,0.0,0.0,0.0,0.0,0.0,0.0
volume_heading_words,46,10,1.0,1.0,1.0,1.0,0.1,0.2890648263178879
volume_heading_words,46,20,1.0,1.0,1.0,1.0,0.1,0.2890648263178879
volume_heading_words,47,1,0.0,0.0,0.0,0.0,0.0,0.0
volume_heading_words,47,3,0.0,0.0,0.0,0.0,0.0,0.0
volume_heading_words,47,5,0.0,0.0,0.0,0.0,0.0,0.0
volume_heading_words,47,10,0.0,0.0,0.0,0.0,0.0,0.0
volume_heading_words,47,20,0.0,0.0,0.0,0.0,0.0,0.0
volume_heading_words,48,1,0.0,0.0,0.0,0.0,0.0,0.0
volume_heading_words,48,3,0.0,0.0,0.0,0.0,0.0,0.0
volume_heading_words,48,5,0.0,0.0,0.0,0.0,0.0,0.0
volume_heading_words,48,10,0.0,0.0,0.0,0.0,0.0,0.0
volume_heading_words,48,20,0.0,0.0,0.0,0.0,0.0,0.0
volume_heading_words,49,1,0.0,0.0,0.0,0.0,0.0,0.0
volume_heading_words,49,3,0.0,0.0,0.0,0.0,0.0,0.0
volume_heading_words,49,5,0.0,0.0,0.0,0.0,0.0,0.0
volume_heading_words,49,10,1.0,1.0,1.0,1.0,0.125,0.31546487678572877
volume_heading_words,49,20,1.0,1.0,1.0,1.0,0.125,0.31546487678572877
volume_heading_words,50,1,0.0,0.0,0.0,0.0,0.0,0.0
volume_heading_words,50,3,0.0,0.0,0.0,0.0,0.0,0.0
volume_heading_words,50,5,0.0,0.0,0.0,0.0,0.0,0.0
volume_heading_words,50,10,0.0,0.0,0.0,0.0,0.0,0.0
volume_heading_words,50,20,0.0,0.0,0.0,0.0,0.0,0.0
volume_heading_words,54,1,0.0,0.0,0.0,0.0,0.0,0.0
volume_heading_words,54,3,0.0,0.0,0.0,0.0,0.0,0.0
volume_heading_words,54,5,0.0,0.0,0.0,0.0,0.0,0.0
volume_heading_words,54,10,0.0,0.0,0.0,0.0,0.0,0.0
volume_heading_words,54,20,0.0,0.0,0.0,0.0,0.0,0.0
volume_heading_words,56,1,1.0,1.0,1.0,1.0,1.0,1.0
volume_heading_words,56,3,1.0,1.0,1.0,1.0,1.0,1.0
volume_heading_words,56,5,1.0,1.0,1.0,1.0,1.0,1.0
volume_heading_words,56,10,1.0,1.0,1.0,1.0,1.0,1.0
volume_heading_words,56,20,1.0,1.0,1.0,1.0,1.0,1.0
volume_heading_words,57,1,0.0,0.0,0.0,0.0,0.0,0.0
volume_heading_words,57,3,0.0,0.0,0.0,0.0,0.0,0.0
volume_heading_words,57,5,1.0,1.0,1.0,1.0,0.2,0.38685280723454163
volume_heading_words,57,10,1.0,1.0,1.0,1.0,0.2,0.38685280723454163
volume_heading_words,57,20,1.0,1.0,1.0,1.0,0.2,0.38685280723454163
volume_heading_words,58,1,1.0,1.0,1.0,1.0,1.0,1.0
volume_heading_words,58,3,1.0,1.0,1.0,1.0,1.0,1.0
volume_heading_words,58,5,1.0,1.0,1.0,1.0,1.0,1.0
volume_heading_words,58,10,1.0,1.0,1.0,1.0,1.0,1.0
volume_heading_words,58,20,1.0,1.0,1.0,1.0,1.0,1.0
volume_heading_words,59,1,1.0,1.0,1.0,1.0,1.0,1.0
volume_heading_words,59,3,1.0,1.0,1.0,1.0,1.0,1.0
volume_heading_words,59,5,1.0,1.0,1.0,1.0,1.0,1.0
volume_heading_words,59,10,1.0,1.0,1.0,1.0,1.0,1.0
volume_heading_words,59,20,1.0,1.0,1.0,1.0,1.0,1.0
volume_heading_words,60,1,0.0,0.0,0.0,0.0,0.0,0.0
volume_heading_words,60,3,0.0,0.0,0.0,0.0,0.0,0.0
volume_heading_words,60,5,0.0,0.0,0.0,0.0,0.0,0.0
volume_heading_words,60,10,0.0,0.0,0.0,0.0,0.0,0.0
volume_heading_words,60,20,0.0,0.0,0.0,0.0,0.0,0.0
volume_heading_words,61,1,0.0,0.0,0.0,0.0,0.0,0.0
volume_heading_words,61,3,0.0,0.0,0.0,0.0,0.0,0.0
volume_heading_words,61,5,0.0,0.0,0.0,0.0,0.0,0.0
volume_heading_words,61,10,0.0,0.0,0.0,0.0,0.0,0.0
volume_heading_words,61,20,0.0,0.0,0.0,0.0,0.0,0.0
volume_heading_words,62,1,0.0,0.0,0.0,0.0,0.0,0.0
volume_heading_words,62,3,0.0,0.0,0.0,0.0,0.0,0.0
volume_heading_words,62,5,0.0,0.0,0.0,0.0,0.0,0.0
volume_heading_words,62,10,0.0,0.0,0.0,0.0,0.0,0.0
volume_heading_words,62,20,0.0,0.0,0.0,0.0,0.0,0.0
volume_heading_words,63,1,0.0,0.0,0.0,0.0,0.0,0.0
volume_heading_words,63,3,0.0,0.0,0.0,0.0,0.0,0.0
volume_heading_words,63,5,0.0,0.0,0.0,0.0,0.0,0.0
volume_heading_words,63,10,0.0,0.0,0.0,0.0,0.0,0.0
volume_heading_words,63,20,0.0,0.0,0.0,0.0,0.0,0.0
volume_heading_words,65,1,0.0,0.0,0.0,0.0,0.0,0.0
volume_heading_words,65,3,0.0,0.0,0.0,0.0,0.0,0.0
volume_heading_words,65,5,0.0,0.0,0.0,0.0,0.0,0.0
volume_heading_words,65,10,0.0,0.0,0.0,0.0,0.0,0.0
volume_heading_words,65,20,1.0,1.0,1.0,1.0,0.05,0.227670248696953
volume_heading_words,66,1,0.0,0.0,0.0,0.0,0.0,0.0
volume_heading_words,66,3,0.0,0.0,0.0,0.0,0.0,0.0
volume_heading_words,66,5,0.0,0.0,0.0,0.0,0.0,0.0
volume_heading_words,66,10,0.0,0.0,0.0,0.0,0.0,0.0
volume_heading_words,66,20,0.0,0.0,0.0,0.0,0.0,0.0
volume_heading_words,67,1,0.0,0.0,0.0,0.0,0.0,0.0
volume_heading_words,67,3,1.0,1.0,1.0,1.0,0.5,0.6309297535714575
volume_heading_words,67,5,1.0,1.0,1.0,1.0,0.5,0.6309297535714575
volume_heading_words,67,10,1.0,1.0,1.0,1.0,0.5,0.6309297535714575
volume_heading_words,67,20,1.0,1.0,1.0,1.0,0.5,0.6309297535714575
volume_heading_words,68,1,1.0,1.0,1.0,1.0,1.0,1.0
volume_heading_words,68,3,1.0,1.0,1.0,1.0,1.0,1.0
volume_heading_words,68,5,1.0,1.0,1.0,1.0,1.0,1.0
volume_heading_words,68,10,1.0,1.0,1.0,1.0,1.0,1.0
volume_heading_words,68,20,1.0,1.0,1.0,1.0,1.0,1.0
volume_heading_words,69,1,0.0,0.0,0.0,0.0,0.0,0.0
volume_heading_words,69,3,0.0,0.0,0.0,0.0,0.0,0.0
volume_heading_words,69,5,0.0,0.0,0.0,0.0,0.0,0.0
volume_heading_words,69,10,0.0,0.0,0.0,0.0,0.0,0.0
volume_heading_words,69,20,0.0,0.0,0.0,0.0,0.0,0.0
volume_heading_words,70,1,1.0,1.0,1.0,1.0,1.0,1.0
volume_heading_words,70,3,1.0,1.0,1.0,1.0,1.0,1.0
volume_heading_words,70,5,1.0,1.0,1.0,1.0,1.0,1.0
volume_heading_words,70,10,1.0,1.0,1.0,1.0,1.0,1.0
volume_heading_words,70,20,1.0,1.0,1.0,1.0,1.0,1.0
volume_heading_words,71,1,1.0,1.0,1.0,1.0,1.0,1.0
volume_heading_words,71,3,1.0,1.0,1.0,1.0,1.0,1.0
volume_heading_words,71,5,1.0,1.0,1.0,1.0,1.0,1.0
volume_heading_words,71,10,1.0,1.0,1.0,1.0,1.0,1.0
volume_heading_words,71,20,1.0,1.0,1.0,1.0,1.0,1.0
volume_heading_words,72,1,0.0,0.0,0.0,0.0,0.0,0.0
volume_heading_words,72,3,0.0,0.0,0.0,0.0,0.0,0.0
volume_heading_words,72,5,0.0,0.0,0.0,0.0,0.0,0.0
volume_heading_words,72,10,0.0,0.0,0.0,0.0,0.0,0.0
volume_heading_words,72,20,0.0,0.0,0.0,0.0,0.0,0.0
volume_heading_words,73,1,1.0,1.0,1.0,1.0,1.0,1.0
volume_heading_words,73,3,1.0,1.0,1.0,1.0,1.0,1.0
volume_heading_words,73,5,1.0,1.0,1.0,1.0,1.0,1.0
volume_heading_words,73,10,1.0,1.0,1.0,1.0,1.0,1.0
volume_heading_words,73,20,1.0,1.0,1.0,1.0,1.0,1.0
volume_heading_words,74,1,1.0,1.0,1.0,1.0,1.0,1.0
volume_heading_words,74,3,1.0,1.0,1.0,1.0,1.0,1.0
volume_heading_words,74,5,1.0,1.0,1.0,1.0,1.0,1.0
volume_heading_words,74,10,1.0,1.0,1.0,1.0,1.0,1.0
volume_heading_words,74,20,1.0,1.0,1.0,1.0,1.0,1.0
volume_heading_words,75,1,0.0,0.0,0.0,0.0,0.0,0.0
volume_heading_words,75,3,0.0,0.0,0.0,0.0,0.0,0.0
volume_heading_words,75,5,0.0,0.0,0.0,0.0,0.0,0.0
volume_heading_words,75,10,0.0,0.0,0.0,0.0,0.0,0.0
volume_heading_words,75,20,0.0,0.0,0.0,0.0,0.0,0.0
volume_heading_words,77,1,0.0,0.0,0.0,0.0,0.0,0.0
volume_heading_words,77,3,0.0,0.0,0.0,0.0,0.0,0.0
volume_heading_words,77,5,0.0,0.0,0.0,0.0,0.0,0.0
volume_heading_words,77,10,0.0,0.0,0.0,0.0,0.0,0.0
volume_heading_words,77,20,0.0,0.0,0.0,0.0,0.0,0.0
volume_heading_words,78,1,0.0,0.0,0.0,0.0,0.0,0.0
volume_heading_words,78,3,0.0,0.0,0.0,0.0,0.0,0.0
volume_heading_words,78,5,0.0,0.0,0.0,0.0,0.0,0.0
volume_heading_words,78,10,0.0,0.0,0.0,0.0,0.0,0.0
volume_heading_words,78,20,1.0,1.0,1.0,1.0,0.08333333333333333,0.27023815442731974
volume_heading_words,79,1,1.0,1.0,1.0,1.0,1.0,1.0
volume_heading_words,79,3,1.0,1.0,1.0,1.0,1.0,1.0
volume_heading_words,79,5,1.0,1.0,1.0,1.0,1.0,1.0
volume_heading_words,79,10,1.0,1.0,1.0,1.0,1.0,1.0
volume_heading_words,79,20,1.0,1.0,1.0,1.0,1.0,1.0
volume_heading_words,81,1,1.0,1.0,1.0,1.0,1.0,1.0
volume_heading_words,81,3,1.0,1.0,1.0,1.0,1.0,1.0
volume_heading_words,81,5,1.0,1.0,1.0,1.0,1.0,1.0
volume_heading_words,81,10,1.0,1.0,1.0,1.0,1.0,1.0
volume_heading_words,81,20,1.0,1.0,1.0,1.0,1.0,1.0
volume_heading_words,82,1,0.0,0.0,0.0,0.0,0.0,0.0
volume_heading_words,82,3,0.0,0.0,0.0,0.0,0.0,0.0
volume_heading_words,82,5,0.0,0.0,0.0,0.0,0.0,0.0
volume_heading_words,82,10,0.0,0.0,0.0,0.0,0.0,0.0
volume_heading_words,82,20,0.0,0.0,0.0,0.0,0.0,0.0
volume_heading_words,83,1,0.0,0.0,0.0,0.0,0.0,0.0
volume_heading_words,83,3,0.0,0.0,0.0,0.0,0.0,0.0
volume_heading_words,83,5,0.0,0.0,0.0,0.0,0.0,0.0
volume_heading_words,83,10,0.0,0.0,0.0,0.0,0.0,0.0
volume_heading_words,83,20,0.0,0.0,0.0,0.0,0.0,0.0
volume_heading_words,84,1,0.0,0.0,0.0,0.0,0.0,0.0
volume_heading_words,84,3,0.0,0.0,0.0,0.0,0.0,0.0
volume_heading_words,84,5,0.0,0.0,0.0,0.0,0.0,0.0
volume_heading_words,84,10,0.0,0.0,0.0,0.0,0.0,0.0
volume_heading_words,84,20,0.0,0.0,0.0,0.0,0.0,0.0
volume_heading_words,87,1,1.0,1.0,1.0,1.0,1.0,1.0
volume_heading_words,87,3,1.0,1.0,1.0,1.0,1.0,1.0
volume_heading_words,87,5,1.0,1.0,1.0,1.0,1.0,1.0
volume_heading_words,87,10,1.0,1.0,1.0,1.0,1.0,1.0
volume_heading_words,87,20,1.0,1.0,1.0,1.0,1.0,1.0
volume_heading_words,88,1,0.0,0.0,0.0,0.0,0.0,0.0
volume_heading_words,88,3,1.0,1.0,1.0,1.0,0.5,0.6309297535714575
volume_heading_words,88,5,1.0,1.0,1.0,1.0,0.5,0.6309297535714575
volume_heading_words,88,10,1.0,1.0,1.0,1.0,0.5,0.6309297535714575
volume_heading_words,88,20,1.0,1.0,1.0,1.0,0.5,0.6309297535714575
volume_heading_words,89,1,0.0,0.0,0.0,0.0,0.0,0.0
volume_heading_words,89,3,1.0,1.0,1.0,1.0,0.3333333333333333,0.5
volume_heading_words,89,5,1.0,1.0,1.0,1.0,0.3333333333333333,0.5
volume_heading_words,89,10,1.0,1.0,1.0,1.0,0.3333333333333333,0.5
volume_heading_words,89,20,1.0,1.0,1.0,1.0,0.3333333333333333,0.5
volume_heading_words,90,1,0.0,0.0,0.0,0.0,0.0,0.0
volume_heading_words,90,3,1.0,1.0,1.0,1.0,0.3333333333333333,0.5
volume_heading_words,90,5,1.0,1.0,1.0,1.0,0.3333333333333333,0.5
volume_heading_words,90,10,1.0,1.0,1.0,1.0,0.3333333333333333,0.5
volume_heading_words,90,20,1.0,1.0,1.0,1.0,0.3333333333333333,0.5
volume_heading_words,92,1,0.0,0.0,0.0,0.0,0.0,0.0
volume_heading_words,92,3,0.0,0.0,0.0,0.0,0.0,0.0
volume_heading_words,92,5,0.0,0.0,0.0,0.0,0.0,0.0
volume_heading_words,92,10,0.0,0.0,0.0,0.0,0.0,0.0
volume_heading_words,92,20,0.0,0.0,0.0,0.0,0.0,0.0
volume_heading_words,93,1,0.0,0.0,0.0,0.0,0.0,0.0
volume_heading_words,93,3,0.0,0.0,0.0,0.0,0.0,0.0
volume_heading_words,93,5,0.0,0.0,0.0,0.0,0.0,0.0
volume_heading_words,93,10,0.0,0.0,0.0,0.0,0.0,0.0
volume_heading_words,93,20,0.0,0.0,0.0,0.0,0.0,0.0
volume_heading_words,94,1,0.0,0.0,0.0,0.0,0.0,0.0
volume_heading_words,94,3,0.0,0.0,0.0,0.0,0.0,0.0
volume_heading_words,94,5,0.0,0.0,0.0,0.0,0.0,0.0
volume_heading_words,94,10,0.0,0.0,0.0,0.0,0.0,0.0
volume_heading_words,94,20,0.0,0.0,0.0,0.0,0.0,0.0
volume_heading_words,95,1,1.0,1.0,1.0,1.0,1.0,1.0
volume_heading_words,95,3,1.0,1.0,1.0,1.0,1.0,1.0
volume_heading_words,95,5,1.0,1.0,1.0,1.0,1.0,1.0
volume_heading_words,95,10,1.0,1.0,1.0,1.0,1.0,1.0
volume_heading_words,95,20,1.0,1.0,1.0,1.0,1.0,1.0
volume_heading_words,97,1,1.0,1.0,1.0,1.0,1.0,1.0
volume_heading_words,97,3,1.0,1.0,1.0,1.0,1.0,1.0
volume_heading_words,97,5,1.0,1.0,1.0,1.0,1.0,1.0
volume_heading_words,97,10,1.0,1.0,1.0,1.0,1.0,1.0
volume_heading_words,97,20,1.0,1.0,1.0,1.0,1.0,1.0
volume_heading_words,98,1,1.0,1.0,1.0,1.0,1.0,1.0
volume_heading_words,98,3,1.0,1.0,1.0,1.0,1.0,1.0
volume_heading_words,98,5,1.0,1.0,1.0,1.0,1.0,1.0
volume_heading_words,98,10,1.0,1.0,1.0,1.0,1.0,1.0
volume_heading_words,98,20,1.0,1.0,1.0,1.0,1.0,1.0
volume_heading_words,99,1,0.0,0.0,0.0,0.0,0.0,0.0
volume_heading_words,99,3,0.0,0.0,0.0,0.0,0.0,0.0
volume_heading_words,99,5,0.0,0.0,0.0,0.0,0.0,0.0
volume_heading_words,99,10,0.0,0.0,0.0,0.0,0.0,0.0
volume_heading_words,99,20,0.0,0.0,0.0,0.0,0.0,0.0
volume_heading_words,100,1,1.0,1.0,1.0,1.0,1.0,1.0
volume_heading_words,100,3,1.0,1.0,1.0,1.0,1.0,1.0
volume_heading_words,100,5,1.0,1.0,1.0,1.0,1.0,1.0
volume_heading_words,100,10,1.0,1.0,1.0,1.0,1.0,1.0
volume_heading_words,100,20,1.0,1.0,1.0,1.0,1.0,1.0
heading_tree_only,1,1,1.0,1.0,1.0,1.0,1.0,1.0
heading_tree_only,1,3,1.0,1.0,1.0,1.0,1.0,1.0
heading_tree_only,1,5,1.0,1.0,1.0,1.0,1.0,1.0
heading_tree_only,1,10,1.0,1.0,1.0,1.0,1.0,1.0
heading_tree_only,1,20,1.0,1.0,1.0,1.0,1.0,1.0
heading_tree_only,3,1,0.0,0.0,0.0,0.0,0.0,0.0
heading_tree_only,3,3,0.0,0.0,0.0,0.0,0.0,0.0
heading_tree_only,3,5,0.0,0.0,0.0,0.0,0.0,0.0
heading_tree_only,3,10,0.0,0.0,0.0,0.0,0.0,0.0
heading_tree_only,3,20,0.0,0.0,0.0,0.0,0.0,0.0
heading_tree_only,5,1,0.0,0.0,0.0,0.0,0.0,0.0
heading_tree_only,5,3,0.0,0.0,0.0,0.0,0.0,0.0
heading_tree_only,5,5,0.0,0.0,0.0,0.0,0.0,0.0
heading_tree_only,5,10,0.0,0.0,0.0,0.0,0.0,0.0
heading_tree_only,5,20,0.0,0.0,0.0,0.0,0.0,0.0
heading_tree_only,6,1,0.0,0.0,0.0,0.0,0.0,0.0
heading_tree_only,6,3,0.0,0.0,0.0,0.0,0.0,0.0
heading_tree_only,6,5,0.0,0.0,0.0,0.0,0.0,0.0
heading_tree_only,6,10,0.0,0.0,0.0,0.0,0.0,0.0
heading_tree_only,6,20,0.0,0.0,0.0,0.0,0.0,0.0
heading_tree_only,7,1,0.0,0.0,0.0,0.0,0.0,0.0
heading_tree_only,7,3,0.0,0.0,0.0,0.0,0.0,0.0
heading_tree_only,7,5,0.0,0.0,0.0,0.0,0.0,0.0
heading_tree_only,7,10,0.0,0.0,0.0,0.0,0.0,0.0
heading_tree_only,7,20,0.0,0.0,0.0,0.0,0.0,0.0
heading_tree_only,8,1,0.0,0.0,0.0,0.0,0.0,0.0
heading_tree_only,8,3,0.0,0.0,0.0,0.0,0.0,0.0
heading_tree_only,8,5,0.0,0.0,0.0,0.0,0.0,0.0
heading_tree_only,8,10,0.0,0.0,0.0,0.0,0.0,0.0
heading_tree_only,8,20,0.0,0.0,0.0,0.0,0.0,0.0
heading_tree_only,11,1,0.0,0.0,0.0,0.0,0.0,0.0
heading_tree_only,11,3,0.0,0.0,0.0,0.0,0.0,0.0
heading_tree_only,11,5,0.0,0.0,0.0,0.0,0.0,0.0
heading_tree_only,11,10,0.0,0.0,0.0,0.0,0.0,0.0
heading_tree_only,11,20,0.0,0.0,0.0,0.0,0.0,0.0
heading_tree_only,12,1,0.0,0.0,0.0,0.0,0.0,0.0
heading_tree_only,12,3,0.0,0.0,0.0,0.0,0.0,0.0
heading_tree_only,12,5,0.0,0.0,0.0,0.0,0.0,0.0
heading_tree_only,12,10,0.0,0.0,0.0,0.0,0.0,0.0
heading_tree_only,12,20,0.0,0.0,0.0,0.0,0.0,0.0
heading_tree_only,14,1,0.0,0.0,0.0,0.0,0.0,0.0
heading_tree_only,14,3,0.0,0.0,0.0,0.0,0.0,0.0
heading_tree_only,14,5,0.0,0.0,0.0,0.0,0.0,0.0
heading_tree_only,14,10,0.0,0.0,0.0,0.0,0.0,0.0
heading_tree_only,14,20,0.0,0.0,0.0,0.0,0.0,0.0
heading_tree_only,15,1,0.0,0.0,0.0,0.0,0.0,0.0
heading_tree_only,15,3,0.0,0.0,0.0,0.0,0.0,0.0
heading_tree_only,15,5,0.0,0.0,0.0,0.0,0.0,0.0
heading_tree_only,15,10,0.0,0.0,0.0,0.0,0.0,0.0
heading_tree_only,15,20,0.0,0.0,0.0,0.0,0.0,0.0
heading_tree_only,16,1,0.0,0.0,0.0,0.0,0.0,0.0
heading_tree_only,16,3,0.0,0.0,0.0,0.0,0.0,0.0
heading_tree_only,16,5,0.0,0.0,0.0,0.0,0.0,0.0
heading_tree_only,16,10,1.0,1.0,1.0,1.0,0.16666666666666666,0.3562071871080222
heading_tree_only,16,20,1.0,1.0,1.0,1.0,0.16666666666666666,0.3562071871080222
heading_tree_only,17,1,0.0,0.0,0.0,0.0,0.0,0.0
heading_tree_only,17,3,1.0,1.0,1.0,1.0,0.3333333333333333,0.5
heading_tree_only,17,5,1.0,1.0,1.0,1.0,0.3333333333333333,0.5
heading_tree_only,17,10,1.0,1.0,1.0,1.0,0.3333333333333333,0.5
heading_tree_only,17,20,1.0,1.0,1.0,1.0,0.3333333333333333,0.5
heading_tree_only,18,1,0.0,0.0,0.0,0.0,0.0,0.0
heading_tree_only,18,3,0.0,0.0,0.0,0.0,0.0,0.0
heading_tree_only,18,5,0.0,0.0,0.0,0.0,0.0,0.0
heading_tree_only,18,10,0.0,0.0,0.0,0.0,0.0,0.0
heading_tree_only,18,20,0.0,0.0,0.0,0.0,0.0,0.0
heading_tree_only,19,1,1.0,1.0,1.0,1.0,1.0,1.0
heading_tree_only,19,3,1.0,1.0,1.0,1.0,1.0,1.0
heading_tree_only,19,5,1.0,1.0,1.0,1.0,1.0,1.0
heading_tree_only,19,10,1.0,1.0,1.0,1.0,1.0,1.0
heading_tree_only,19,20,1.0,1.0,1.0,1.0,1.0,1.0
heading_tree_only,20,1,0.0,0.0,0.0,0.0,0.0,0.0
heading_tree_only,20,3,0.0,0.0,0.0,0.0,0.0,0.0
heading_tree_only,20,5,0.0,0.0,0.0,0.0,0.0,0.0
heading_tree_only,20,10,1.0,1.0,1.0,1.0,0.125,0.31546487678572877
heading_tree_only,20,20,1.0,1.0,1.0,1.0,0.125,0.31546487678572877
heading_tree_only,21,1,0.0,0.0,0.0,0.0,0.0,0.0
heading_tree_only,21,3,0.0,0.0,0.0,0.0,0.0,0.0
heading_tree_only,21,5,0.0,0.0,0.0,0.0,0.0,0.0
heading_tree_only,21,10,0.0,0.0,0.0,0.0,0.0,0.0
heading_tree_only,21,20,0.0,0.0,0.0,0.0,0.0,0.0
heading_tree_only,22,1,0.0,0.0,0.0,0.0,0.0,0.0
heading_tree_only,22,3,0.0,0.0,0.0,0.0,0.0,0.0
heading_tree_only,22,5,0.0,0.0,0.0,0.0,0.0,0.0
heading_tree_only,22,10,1.0,1.0,1.0,1.0,0.125,0.31546487678572877
heading_tree_only,22,20,1.0,1.0,1.0,1.0,0.125,0.31546487678572877
heading_tree_only,23,1,0.0,0.0,0.0,0.0,0.0,0.0
heading_tree_only,23,3,0.0,0.0,0.0,0.0,0.0,0.0
heading_tree_only,23,5,0.0,0.0,0.0,0.0,0.0,0.0
heading_tree_only,23,10,0.0,0.0,0.0,0.0,0.0,0.0
heading_tree_only,23,20,0.0,0.0,0.0,0.0,0.0,0.0
heading_tree_only,25,1,0.0,0.0,0.0,0.0,0.0,0.0
heading_tree_only,25,3,0.0,0.0,0.0,0.0,0.0,0.0
heading_tree_only,25,5,0.0,0.0,0.0,0.0,0.0,0.0
heading_tree_only,25,10,0.0,0.0,0.0,0.0,0.0,0.0
heading_tree_only,25,20,0.0,0.0,0.0,0.0,0.0,0.0
heading_tree_only,26,1,0.0,0.0,0.0,0.0,0.0,0.0
heading_tree_only,26,3,0.0,0.0,0.0,0.0,0.0,0.0
heading_tree_only,26,5,0.0,0.0,0.0,0.0,0.0,0.0
heading_tree_only,26,10,1.0,1.0,1.0,1.0,0.14285714285714285,0.3333333333333333
heading_tree_only,26,20,1.0,1.0,1.0,1.0,0.14285714285714285,0.3333333333333333
heading_tree_only,27,1,0.0,0.0,0.0,0.0,0.0,0.0
heading_tree_only,27,3,0.0,0.0,0.0,0.0,0.0,0.0
heading_tree_only,27,5,0.0,0.0,0.0,0.0,0.0,0.0
heading_tree_only,27,10,0.0,0.0,0.0,0.0,0.0,0.0
heading_tree_only,27,20,0.0,0.0,0.0,0.0,0.0,0.0
heading_tree_only,28,1,0.0,0.0,0.0,0.0,0.0,0.0
heading_tree_only,28,3,0.0,0.0,0.0,0.0,0.0,0.0
heading_tree_only,28,5,0.0,0.0,0.0,0.0,0.0,0.0
heading_tree_only,28,10,0.0,0.0,0.0,0.0,0.0,0.0
heading_tree_only,28,20,0.0,0.0,0.0,0.0,0.0,0.0
heading_tree_only,29,1,0.0,0.0,0.0,0.0,0.0,0.0
heading_tree_only,29,3,0.0,0.0,0.0,0.0,0.0,0.0
heading_tree_only,29,5,0.0,0.0,0.0,0.0,0.0,0.0
heading_tree_only,29,10,0.0,0.0,0.0,0.0,0.0,0.0
heading_tree_only,29,20,0.0,0.0,0.0,0.0,0.0,0.0
heading_tree_only,31,1,0.0,0.0,0.0,0.0,0.0,0.0
heading_tree_only,31,3,0.0,0.0,0.0,0.0,0.0,0.0
heading_tree_only,31,5,0.0,0.0,0.0,0.0,0.0,0.0
heading_tree_only,31,10,0.0,0.0,0.0,0.0,0.0,0.0
heading_tree_only,31,20,1.0,1.0,1.0,1.0,0.09090909090909091,0.27894294565112987
heading_tree_only,32,1,0.0,0.0,0.0,0.0,0.0,0.0
heading_tree_only,32,3,0.0,0.0,0.0,0.0,0.0,0.0
heading_tree_only,32,5,0.0,0.0,0.0,0.0,0.0,0.0
heading_tree_only,32,10,0.0,0.0,0.0,0.0,0.0,0.0
heading_tree_only,32,20,1.0,1.0,1.0,1.0,0.09090909090909091,0.27894294565112987
heading_tree_only,33,1,1.0,1.0,1.0,1.0,1.0,1.0
heading_tree_only,33,3,1.0,1.0,1.0,1.0,1.0,1.0
heading_tree_only,33,5,1.0,1.0,1.0,1.0,1.0,1.0
heading_tree_only,33,10,1.0,1.0,1.0,1.0,1.0,1.0
heading_tree_only,33,20,1.0,1.0,1.0,1.0,1.0,1.0
heading_tree_only,35,1,0.0,0.0,0.0,0.0,0.0,0.0
heading_tree_only,35,3,0.0,0.0,0.0,0.0,0.0,0.0
heading_tree_only,35,5,0.0,0.0,0.0,0.0,0.0,0.0
heading_tree_only,35,10,0.0,0.0,0.0,0.0,0.0,0.0
heading_tree_only,35,20,0.0,0.0,0.0,0.0,0.0,0.0
heading_tree_only,37,1,1.0,1.0,1.0,1.0,1.0,1.0
heading_tree_only,37,3,1.0,1.0,1.0,1.0,1.0,1.0
heading_tree_only,37,5,1.0,1.0,1.0,1.0,1.0,1.0
heading_tree_only,37,10,1.0,1.0,1.0,1.0,1.0,1.0
heading_tree_only,37,20,1.0,1.0,1.0,1.0,1.0,1.0
heading_tree_only,38,1,0.0,0.0,0.0,0.0,0.0,0.0
heading_tree_only,38,3,1.0,1.0,1.0,1.0,0.3333333333333333,0.5
heading_tree_only,38,5,1.0,1.0,1.0,1.0,0.3333333333333333,0.5
heading_tree_only,38,10,1.0,1.0,1.0,1.0,0.3333333333333333,0.5
heading_tree_only,38,20,1.0,1.0,1.0,1.0,0.3333333333333333,0.5
heading_tree_only,39,1,0.0,0.0,0.0,0.0,0.0,0.0
heading_tree_only,39,3,1.0,1.0,1.0,1.0,0.5,0.6309297535714575
heading_tree_only,39,5,1.0,1.0,1.0,1.0,0.5,0.6309297535714575
heading_tree_only,39,10,1.0,1.0,1.0,1.0,0.5,0.6309297535714575
heading_tree_only,39,20,1.0,1.0,1.0,1.0,0.5,0.6309297535714575
heading_tree_only,40,1,0.0,0.0,0.0,0.0,0.0,0.0
heading_tree_only,40,3,0.0,0.0,0.0,0.0,0.0,0.0
heading_tree_only,40,5,0.0,0.0,0.0,0.0,0.0,0.0
heading_tree_only,40,10,0.0,0.0,0.0,0.0,0.0,0.0
heading_tree_only,40,20,0.0,0.0,0.0,0.0,0.0,0.0
heading_tree_only,41,1,0.0,0.0,0.0,0.0,0.0,0.0
heading_tree_only,41,3,0.0,0.0,0.0,0.0,0.0,0.0
heading_tree_only,41,5,0.0,0.0,0.0,0.0,0.0,0.0
heading_tree_only,41,10,0.0,0.0,0.0,0.0,0.0,0.0
heading_tree_only,41,20,0.0,0.0,0.0,0.0,0.0,0.0
heading_tree_only,42,1,0.0,0.0,0.0,0.0,0.0,0.0
heading_tree_only,42,3,0.0,0.0,0.0,0.0,0.0,0.0
heading_tree_only,42,5,0.0,0.0,0.0,0.0,0.0,0.0
heading_tree_only,42,10,0.0,0.0,0.0,0.0,0.0,0.0
heading_tree_only,42,20,0.0,0.0,0.0,0.0,0.0,0.0
heading_tree_only,43,1,0.0,0.0,0.0,0.0,0.0,0.0
heading_tree_only,43,3,0.0,0.0,0.0,0.0,0.0,0.0
heading_tree_only,43,5,0.0,0.0,0.0,0.0,0.0,0.0
heading_tree_only,43,10,0.0,0.0,0.0,0.0,0.0,0.0
heading_tree_only,43,20,0.0,0.0,0.0,0.0,0.0,0.0
heading_tree_only,44,1,0.0,0.0,0.0,0.0,0.0,0.0
heading_tree_only,44,3,0.0,0.0,0.0,0.0,0.0,0.0
heading_tree_only,44,5,0.0,0.0,0.0,0.0,0.0,0.0
heading_tree_only,44,10,0.0,0.0,0.0,0.0,0.0,0.0
heading_tree_only,44,20,0.0,0.0,0.0,0.0,0.0,0.0
heading_tree_only,45,1,0.0,0.0,0.0,0.0,0.0,0.0
heading_tree_only,45,3,1.0,1.0,1.0,1.0,0.5,0.6309297535714575
heading_tree_only,45,5,1.0,1.0,1.0,1.0,0.5,0.6309297535714575
heading_tree_only,45,10,1.0,1.0,1.0,1.0,0.5,0.6309297535714575
heading_tree_only,45,20,1.0,1.0,1.0,1.0,0.5,0.6309297535714575
heading_tree_only,46,1,0.0,0.0,0.0,0.0,0.0,0.0
heading_tree_only,46,3,0.0,0.0,0.0,0.0,0.0,0.0
heading_tree_only,46,5,1.0,1.0,1.0,1.0,0.25,0.43067655807339306
heading_tree_only,46,10,1.0,1.0,1.0,1.0,0.25,0.43067655807339306
heading_tree_only,46,20,1.0,1.0,1.0,1.0,0.25,0.43067655807339306
heading_tree_only,47,1,0.0,0.0,0.0,0.0,0.0,0.0
heading_tree_only,47,3,0.0,0.0,0.0,0.0,0.0,0.0
heading_tree_only,47,5,0.0,0.0,0.0,0.0,0.0,0.0
heading_tree_only,47,10,0.0,0.0,0.0,0.0,0.0,0.0
heading_tree_only,47,20,0.0,0.0,0.0,0.0,0.0,0.0
heading_tree_only,48,1,0.0,0.0,0.0,0.0,0.0,0.0
heading_tree_only,48,3,0.0,0.0,0.0,0.0,0.0,0.0
heading_tree_only,48,5,0.0,0.0,0.0,0.0,0.0,0.0
heading_tree_only,48,10,0.0,0.0,0.0,0.0,0.0,0.0
heading_tree_only,48,20,0.0,0.0,0.0,0.0,0.0,0.0
heading_tree_only,49,1,0.0,0.0,0.0,0.0,0.0,0.0
heading_tree_only,49,3,0.0,0.0,0.0,0.0,0.0,0.0
heading_tree_only,49,5,0.0,0.0,0.0,0.0,0.0,0.0
heading_tree_only,49,10,0.0,0.0,0.0,0.0,0.0,0.0
heading_tree_only,49,20,0.0,0.0,0.0,0.0,0.0,0.0
heading_tree_only,50,1,0.0,0.0,0.0,0.0,0.0,0.0
heading_tree_only,50,3,0.0,0.0,0.0,0.0,0.0,0.0
heading_tree_only,50,5,0.0,0.0,0.0,0.0,0.0,0.0
heading_tree_only,50,10,0.0,0.0,0.0,0.0,0.0,0.0
heading_tree_only,50,20,0.0,0.0,0.0,0.0,0.0,0.0
heading_tree_only,54,1,0.0,0.0,0.0,0.0,0.0,0.0
heading_tree_only,54,3,0.0,0.0,0.0,0.0,0.0,0.0
heading_tree_only,54,5,0.0,0.0,0.0,0.0,0.0,0.0
heading_tree_only,54,10,0.0,0.0,0.0,0.0,0.0,0.0
heading_tree_only,54,20,0.0,0.0,0.0,0.0,0.0,0.0
heading_tree_only,56,1,1.0,1.0,1.0,1.0,1.0,1.0
heading_tree_only,56,3,1.0,1.0,1.0,1.0,1.0,1.0
heading_tree_only,56,5,1.0,1.0,1.0,1.0,1.0,1.0
heading_tree_only,56,10,1.0,1.0,1.0,1.0,1.0,1.0
heading_tree_only,56,20,1.0,1.0,1.0,1.0,1.0,1.0
heading_tree_only,57,1,0.0,0.0,0.0,0.0,0.0,0.0
heading_tree_only,57,3,0.0,0.0,0.0,0.0,0.0,0.0
heading_tree_only,57,5,1.0,1.0,1.0,1.0,0.2,0.38685280723454163
heading_tree_only,57,10,1.0,1.0,1.0,1.0,0.2,0.38685280723454163
heading_tree_only,57,20,1.0,1.0,1.0,1.0,0.2,0.38685280723454163
heading_tree_only,58,1,1.0,1.0,1.0,1.0,1.0,1.0
heading_tree_only,58,3,1.0,1.0,1.0,1.0,1.0,1.0
heading_tree_only,58,5,1.0,1.0,1.0,1.0,1.0,1.0
heading_tree_only,58,10,1.0,1.0,1.0,1.0,1.0,1.0
heading_tree_only,58,20,1.0,1.0,1.0,1.0,1.0,1.0
heading_tree_only,59,1,0.0,0.0,0.0,0.0,0.0,0.0
heading_tree_only,59,3,0.0,0.0,0.0,0.0,0.0,0.0
heading_tree_only,59,5,0.0,0.0,0.0,0.0,0.0,0.0
heading_tree_only,59,10,1.0,1.0,1.0,1.0,0.14285714285714285,0.3333333333333333
heading_tree_only,59,20,1.0,1.0,1.0,1.0,0.14285714285714285,0.3333333333333333
heading_tree_only,60,1,0.0,0.0,0.0,0.0,0.0,0.0
heading_tree_only,60,3,0.0,0.0,0.0,0.0,0.0,0.0
heading_tree_only,60,5,0.0,0.0,0.0,0.0,0.0,0.0
heading_tree_only,60,10,0.0,0.0,0.0,0.0,0.0,0.0
heading_tree_only,60,20,0.0,0.0,0.0,0.0,0.0,0.0
heading_tree_only,61,1,0.0,0.0,0.0,0.0,0.0,0.0
heading_tree_only,61,3,0.0,0.0,0.0,0.0,0.0,0.0
heading_tree_only,61,5,0.0,0.0,0.0,0.0,0.0,0.0
heading_tree_only,61,10,0.0,0.0,0.0,0.0,0.0,0.0
heading_tree_only,61,20,0.0,0.0,0.0,0.0,0.0,0.0
heading_tree_only,62,1,0.0,0.0,0.0,0.0,0.0,0.0
heading_tree_only,62,3,0.0,0.0,0.0,0.0,0.0,0.0
heading_tree_only,62,5,0.0,0.0,0.0,0.0,0.0,0.0
heading_tree_only,62,10,0.0,0.0,0.0,0.0,0.0,0.0
heading_tree_only,62,20,1.0,1.0,1.0,1.0,0.05,0.227670248696953
heading_tree_only,63,1,0.0,0.0,0.0,0.0,0.0,0.0
heading_tree_only,63,3,0.0,0.0,0.0,0.0,0.0,0.0
heading_tree_only,63,5,0.0,0.0,0.0,0.0,0.0,0.0
heading_tree_only,63,10,0.0,0.0,0.0,0.0,0.0,0.0
heading_tree_only,63,20,0.0,0.0,0.0,0.0,0.0,0.0
heading_tree_only,65,1,0.0,0.0,0.0,0.0,0.0,0.0
heading_tree_only,65,3,0.0,0.0,0.0,0.0,0.0,0.0
heading_tree_only,65,5,0.0,0.0,0.0,0.0,0.0,0.0
heading_tree_only,65,10,1.0,1.0,1.0,1.0,0.16666666666666666,0.3562071871080222
heading_tree_only,65,20,1.0,1.0,1.0,1.0,0.16666666666666666,0.3562071871080222
heading_tree_only,66,1,0.0,0.0,0.0,0.0,0.0,0.0
heading_tree_only,66,3,0.0,0.0,0.0,0.0,0.0,0.0
heading_tree_only,66,5,0.0,0.0,0.0,0.0,0.0,0.0
heading_tree_only,66,10,0.0,0.0,0.0,0.0,0.0,0.0
heading_tree_only,66,20,0.0,0.0,0.0,0.0,0.0,0.0
heading_tree_only,67,1,0.0,0.0,0.0,0.0,0.0,0.0
heading_tree_only,67,3,1.0,1.0,1.0,1.0,0.5,0.6309297535714575
heading_tree_only,67,5,1.0,1.0,1.0,1.0,0.5,0.6309297535714575
heading_tree_only,67,10,1.0,1.0,1.0,1.0,0.5,0.6309297535714575
heading_tree_only,67,20,1.0,1.0,1.0,1.0,0.5,0.6309297535714575
heading_tree_only,68,1,1.0,1.0,1.0,1.0,1.0,1.0
heading_tree_only,68,3,1.0,1.0,1.0,1.0,1.0,1.0
heading_tree_only,68,5,1.0,1.0,1.0,1.0,1.0,1.0
heading_tree_only,68,10,1.0,1.0,1.0,1.0,1.0,1.0
heading_tree_only,68,20,1.0,1.0,1.0,1.0,1.0,1.0
heading_tree_only,69,1,0.0,0.0,0.0,0.0,0.0,0.0
heading_tree_only,69,3,0.0,0.0,0.0,0.0,0.0,0.0
heading_tree_only,69,5,0.0,0.0,0.0,0.0,0.0,0.0
heading_tree_only,69,10,0.0,0.0,0.0,0.0,0.0,0.0
heading_tree_only,69,20,0.0,0.0,0.0,0.0,0.0,0.0
heading_tree_only,70,1,1.0,1.0,1.0,1.0,1.0,1.0
heading_tree_only,70,3,1.0,1.0,1.0,1.0,1.0,1.0
heading_tree_only,70,5,1.0,1.0,1.0,1.0,1.0,1.0
heading_tree_only,70,10,1.0,1.0,1.0,1.0,1.0,1.0
heading_tree_only,70,20,1.0,1.0,1.0,1.0,1.0,1.0
heading_tree_only,71,1,1.0,1.0,1.0,1.0,1.0,1.0
heading_tree_only,71,3,1.0,1.0,1.0,1.0,1.0,1.0
heading_tree_only,71,5,1.0,1.0,1.0,1.0,1.0,1.0
heading_tree_only,71,10,1.0,1.0,1.0,1.0,1.0,1.0
heading_tree_only,71,20,1.0,1.0,1.0,1.0,1.0,1.0
heading_tree_only,72,1,0.0,0.0,0.0,0.0,0.0,0.0
heading_tree_only,72,3,0.0,0.0,0.0,0.0,0.0,0.0
heading_tree_only,72,5,0.0,0.0,0.0,0.0,0.0,0.0
heading_tree_only,72,10,0.0,0.0,0.0,0.0,0.0,0.0
heading_tree_only,72,20,0.0,0.0,0.0,0.0,0.0,0.0
heading_tree_only,73,1,1.0,1.0,1.0,1.0,1.0,1.0
heading_tree_only,73,3,1.0,1.0,1.0,1.0,1.0,1.0
heading_tree_only,73,5,1.0,1.0,1.0,1.0,1.0,1.0
heading_tree_only,73,10,1.0,1.0,1.0,1.0,1.0,1.0
heading_tree_only,73,20,1.0,1.0,1.0,1.0,1.0,1.0
heading_tree_only,74,1,1.0,1.0,1.0,1.0,1.0,1.0
heading_tree_only,74,3,1.0,1.0,1.0,1.0,1.0,1.0
heading_tree_only,74,5,1.0,1.0,1.0,1.0,1.0,1.0
heading_tree_only,74,10,1.0,1.0,1.0,1.0,1.0,1.0
heading_tree_only,74,20,1.0,1.0,1.0,1.0,1.0,1.0
heading_tree_only,75,1,0.0,0.0,0.0,0.0,0.0,0.0
heading_tree_only,75,3,0.0,0.0,0.0,0.0,0.0,0.0
heading_tree_only,75,5,0.0,0.0,0.0,0.0,0.0,0.0
heading_tree_only,75,10,0.0,0.0,0.0,0.0,0.0,0.0
heading_tree_only,75,20,0.0,0.0,0.0,0.0,0.0,0.0
heading_tree_only,77,1,0.0,0.0,0.0,0.0,0.0,0.0
heading_tree_only,77,3,0.0,0.0,0.0,0.0,0.0,0.0
heading_tree_only,77,5,0.0,0.0,0.0,0.0,0.0,0.0
heading_tree_only,77,10,0.0,0.0,0.0,0.0,0.0,0.0
heading_tree_only,77,20,0.0,0.0,0.0,0.0,0.0,0.0
heading_tree_only,78,1,0.0,0.0,0.0,0.0,0.0,0.0
heading_tree_only,78,3,0.0,0.0,0.0,0.0,0.0,0.0
heading_tree_only,78,5,0.0,0.0,0.0,0.0,0.0,0.0
heading_tree_only,78,10,0.0,0.0,0.0,0.0,0.0,0.0
heading_tree_only,78,20,1.0,1.0,1.0,1.0,0.07692307692307693,0.26264953503719357
heading_tree_only,79,1,1.0,1.0,1.0,1.0,1.0,1.0
heading_tree_only,79,3,1.0,1.0,1.0,1.0,1.0,1.0
heading_tree_only,79,5,1.0,1.0,1.0,1.0,1.0,1.0
heading_tree_only,79,10,1.0,1.0,1.0,1.0,1.0,1.0
heading_tree_only,79,20,1.0,1.0,1.0,1.0,1.0,1.0
heading_tree_only,81,1,1.0,1.0,1.0,1.0,1.0,1.0
heading_tree_only,81,3,1.0,1.0,1.0,1.0,1.0,1.0
heading_tree_only,81,5,1.0,1.0,1.0,1.0,1.0,1.0
heading_tree_only,81,10,1.0,1.0,1.0,1.0,1.0,1.0
heading_tree_only,81,20,1.0,1.0,1.0,1.0,1.0,1.0
heading_tree_only,82,1,0.0,0.0,0.0,0.0,0.0,0.0
heading_tree_only,82,3,0.0,0.0,0.0,0.0,0.0,0.0
heading_tree_only,82,5,0.0,0.0,0.0,0.0,0.0,0.0
heading_tree_only,82,10,0.0,0.0,0.0,0.0,0.0,0.0
heading_tree_only,82,20,1.0,1.0,1.0,1.0,0.05,0.227670248696953
heading_tree_only,83,1,0.0,0.0,0.0,0.0,0.0,0.0
heading_tree_only,83,3,0.0,0.0,0.0,0.0,0.0,0.0
heading_tree_only,83,5,0.0,0.0,0.0,0.0,0.0,0.0
heading_tree_only,83,10,0.0,0.0,0.0,0.0,0.0,0.0
heading_tree_only,83,20,0.0,0.0,0.0,0.0,0.0,0.0
heading_tree_only,84,1,0.0,0.0,0.0,0.0,0.0,0.0
heading_tree_only,84,3,0.0,0.0,0.0,0.0,0.0,0.0
heading_tree_only,84,5,0.0,0.0,0.0,0.0,0.0,0.0
heading_tree_only,84,10,0.0,0.0,0.0,0.0,0.0,0.0
heading_tree_only,84,20,0.0,0.0,0.0,0.0,0.0,0.0
heading_tree_only,87,1,1.0,1.0,1.0,1.0,1.0,1.0
heading_tree_only,87,3,1.0,1.0,1.0,1.0,1.0,1.0
heading_tree_only,87,5,1.0,1.0,1.0,1.0,1.0,1.0
heading_tree_only,87,10,1.0,1.0,1.0,1.0,1.0,1.0
heading_tree_only,87,20,1.0,1.0,1.0,1.0,1.0,1.0
heading_tree_only,88,1,1.0,1.0,1.0,1.0,1.0,1.0
heading_tree_only,88,3,1.0,1.0,1.0,1.0,1.0,1.0
heading_tree_only,88,5,1.0,1.0,1.0,1.0,1.0,1.0
heading_tree_only,88,10,1.0,1.0,1.0,1.0,1.0,1.0
heading_tree_only,88,20,1.0,1.0,1.0,1.0,1.0,1.0
heading_tree_only,89,1,0.0,0.0,0.0,0.0,0.0,0.0
heading_tree_only,89,3,0.0,0.0,0.0,0.0,0.0,0.0
heading_tree_only,89,5,1.0,1.0,1.0,1.0,0.2,0.38685280723454163
heading_tree_only,89,10,1.0,1.0,1.0,1.0,0.2,0.38685280723454163
heading_tree_only,89,20,1.0,1.0,1.0,1.0,0.2,0.38685280723454163
heading_tree_only,90,1,0.0,0.0,0.0,0.0,0.0,0.0
heading_tree_only,90,3,0.0,0.0,0.0,0.0,0.0,0.0
heading_tree_only,90,5,0.0,0.0,0.0,0.0,0.0,0.0
heading_tree_only,90,10,0.0,0.0,0.0,0.0,0.0,0.0
heading_tree_only,90,20,0.0,0.0,0.0,0.0,0.0,0.0
heading_tree_only,92,1,0.0,0.0,0.0,0.0,0.0,0.0
heading_tree_only,92,3,0.0,0.0,0.0,0.0,0.0,0.0
heading_tree_only,92,5,0.0,0.0,0.0,0.0,0.0,0.0
heading_tree_only,92,10,0.0,0.0,0.0,0.0,0.0,0.0
heading_tree_only,92,20,0.0,0.0,0.0,0.0,0.0,0.0
heading_tree_only,93,1,0.0,0.0,0.0,0.0,0.0,0.0
heading_tree_only,93,3,0.0,0.0,0.0,0.0,0.0,0.0
heading_tree_only,93,5,0.0,0.0,0.0,0.0,0.0,0.0
heading_tree_only,93,10,0.0,0.0,0.0,0.0,0.0,0.0
heading_tree_only,93,20,0.0,0.0,0.0,0.0,0.0,0.0
heading_tree_only,94,1,0.0,0.0,0.0,0.0,0.0,0.0
heading_tree_only,94,3,0.0,0.0,0.0,0.0,0.0,0.0
heading_tree_only,94,5,0.0,0.0,0.0,0.0,0.0,0.0
heading_tree_only,94,10,0.0,0.0,0.0,0.0,0.0,0.0
heading_tree_only,94,20,0.0,0.0,0.0,0.0,0.0,0.0
heading_tree_only,95,1,1.0,1.0,1.0,1.0,1.0,1.0
heading_tree_only,95,3,1.0,1.0,1.0,1.0,1.0,1.0
heading_tree_only,95,5,1.0,1.0,1.0,1.0,1.0,1.0
heading_tree_only,95,10,1.0,1.0,1.0,1.0,1.0,1.0
heading_tree_only,95,20,1.0,1.0,1.0,1.0,1.0,1.0
heading_tree_only,97,1,1.0,1.0,1.0,1.0,1.0,1.0
heading_tree_only,97,3,1.0,1.0,1.0,1.0,1.0,1.0
heading_tree_only,97,5,1.0,1.0,1.0,1.0,1.0,1.0
heading_tree_only,97,10,1.0,1.0,1.0,1.0,1.0,1.0
heading_tree_only,97,20,1.0,1.0,1.0,1.0,1.0,1.0
heading_tree_only,98,1,1.0,1.0,1.0,1.0,1.0,1.0
heading_tree_only,98,3,1.0,1.0,1.0,1.0,1.0,1.0
heading_tree_only,98,5,1.0,1.0,1.0,1.0,1.0,1.0
heading_tree_only,98,10,1.0,1.0,1.0,1.0,1.0,1.0
heading_tree_only,98,20,1.0,1.0,1.0,1.0,1.0,1.0
heading_tree_only,99,1,0.0,0.0,0.0,0.0,0.0,0.0
heading_tree_only,99,3,0.0,0.0,0.0,0.0,0.0,0.0
heading_tree_only,99,5,0.0,0.0,0.0,0.0,0.0,0.0
heading_tree_only,99,10,0.0,0.0,0.0,0.0,0.0,0.0
heading_tree_only,99,20,0.0,0.0,0.0,0.0,0.0,0.0
heading_tree_only,100,1,1.0,1.0,1.0,1.0,1.0,1.0
heading_tree_only,100,3,1.0,1.0,1.0,1.0,1.0,1.0
heading_tree_only,100,5,1.0,1.0,1.0,1.0,1.0,1.0
heading_tree_only,100,10,1.0,1.0,1.0,1.0,1.0,1.0
heading_tree_only,100,20,1.0,1.0,1.0,1.0,1.0,1.0
improved_graph,1,1,1.0,1.0,1.0,1.0,1.0,1.0
improved_graph,1,3,1.0,1.0,1.0,1.0,1.0,1.0
improved_graph,1,5,1.0,1.0,1.0,1.0,1.0,1.0
improved_graph,1,10,1.0,1.0,1.0,1.0,1.0,1.0
improved_graph,1,20,1.0,1.0,1.0,1.0,1.0,1.0
improved_graph,3,1,0.0,0.0,0.0,0.0,0.0,0.0
improved_graph,3,3,0.0,0.0,0.0,0.0,0.0,0.0
improved_graph,3,5,0.0,0.0,0.0,0.0,0.0,0.0
improved_graph,3,10,0.0,0.0,0.0,0.0,0.0,0.0
improved_graph,3,20,0.0,0.0,0.0,0.0,0.0,0.0
improved_graph,5,1,0.0,0.0,0.0,0.0,0.0,0.0
improved_graph,5,3,0.0,0.0,0.0,0.0,0.0,0.0
improved_graph,5,5,0.0,0.0,0.0,0.0,0.0,0.0
improved_graph,5,10,0.0,0.0,0.0,0.0,0.0,0.0
improved_graph,5,20,0.0,0.0,0.0,0.0,0.0,0.0
improved_graph,6,1,0.0,0.0,0.0,0.0,0.0,0.0
improved_graph,6,3,0.0,0.0,0.0,0.0,0.0,0.0
improved_graph,6,5,0.0,0.0,0.0,0.0,0.0,0.0
improved_graph,6,10,0.0,0.0,0.0,0.0,0.0,0.0
improved_graph,6,20,1.0,1.0,1.0,1.0,0.06666666666666667,0.25
improved_graph,7,1,0.0,0.0,0.0,0.0,0.0,0.0
improved_graph,7,3,0.0,0.0,0.0,0.0,0.0,0.0
improved_graph,7,5,0.0,0.0,0.0,0.0,0.0,0.0
improved_graph,7,10,0.0,0.0,0.0,0.0,0.0,0.0
improved_graph,7,20,0.0,0.0,0.0,0.0,0.0,0.0
improved_graph,8,1,0.0,0.0,0.0,0.0,0.0,0.0
improved_graph,8,3,0.0,0.0,0.0,0.0,0.0,0.0
improved_graph,8,5,0.0,0.0,0.0,0.0,0.0,0.0
improved_graph,8,10,0.0,0.0,0.0,0.0,0.0,0.0
improved_graph,8,20,0.0,0.0,0.0,0.0,0.0,0.0
improved_graph,11,1,0.0,0.0,0.0,0.0,0.0,0.0
improved_graph,11,3,0.0,0.0,0.0,0.0,0.0,0.0
improved_graph,11,5,0.0,0.0,0.0,0.0,0.0,0.0
improved_graph,11,10,0.0,0.0,0.0,0.0,0.0,0.0
improved_graph,11,20,0.0,0.0,0.0,0.0,0.0,0.0
improved_graph,12,1,0.0,0.0,0.0,0.0,0.0,0.0
improved_graph,12,3,0.0,0.0,0.0,0.0,0.0,0.0
improved_graph,12,5,0.0,0.0,0.0,0.0,0.0,0.0
improved_graph,12,10,0.0,0.0,0.0,0.0,0.0,0.0
improved_graph,12,20,0.0,0.0,0.0,0.0,0.0,0.0
improved_graph,14,1,0.0,0.0,0.0,0.0,0.0,0.0
improved_graph,14,3,0.0,0.0,0.0,0.0,0.0,0.0
improved_graph,14,5,0.0,0.0,0.0,0.0,0.0,0.0
improved_graph,14,10,0.0,0.0,0.0,0.0,0.0,0.0
improved_graph,14,20,0.0,0.0,0.0,0.0,0.0,0.0
improved_graph,15,1,0.0,0.0,0.0,0.0,0.0,0.0
improved_graph,15,3,0.0,0.0,0.0,0.0,0.0,0.0
improved_graph,15,5,0.0,0.0,0.0,0.0,0.0,0.0
improved_graph,15,10,0.0,0.0,0.0,0.0,0.0,0.0
improved_graph,15,20,0.0,0.0,0.0,0.0,0.0,0.0
improved_graph,16,1,0.0,0.0,0.0,0.0,0.0,0.0
improved_graph,16,3,0.0,0.0,0.0,0.0,0.0,0.0
improved_graph,16,5,1.0,1.0,1.0,1.0,0.25,0.43067655807339306
improved_graph,16,10,1.0,1.0,1.0,1.0,0.25,0.43067655807339306
improved_graph,16,20,1.0,1.0,1.0,1.0,0.25,0.43067655807339306
improved_graph,17,1,0.0,0.0,0.0,0.0,0.0,0.0
improved_graph,17,3,1.0,1.0,1.0,1.0,0.5,0.6309297535714575
improved_graph,17,5,1.0,1.0,1.0,1.0,0.5,0.6309297535714575
improved_graph,17,10,1.0,1.0,1.0,1.0,0.5,0.6309297535714575
improved_graph,17,20,1.0,1.0,1.0,1.0,0.5,0.6309297535714575
improved_graph,18,1,0.0,0.0,0.0,0.0,0.0,0.0
improved_graph,18,3,0.0,0.0,0.0,0.0,0.0,0.0
improved_graph,18,5,0.0,0.0,0.0,0.0,0.0,0.0
improved_graph,18,10,0.0,0.0,0.0,0.0,0.0,0.0
improved_graph,18,20,1.0,1.0,1.0,1.0,0.05555555555555555,0.23540891336663824
improved_graph,19,1,1.0,1.0,1.0,1.0,1.0,1.0
improved_graph,19,3,1.0,1.0,1.0,1.0,1.0,1.0
improved_graph,19,5,1.0,1.0,1.0,1.0,1.0,1.0
improved_graph,19,10,1.0,1.0,1.0,1.0,1.0,1.0
improved_graph,19,20,1.0,1.0,1.0,1.0,1.0,1.0
improved_graph,20,1,0.0,0.0,0.0,0.0,0.0,0.0
improved_graph,20,3,0.0,0.0,0.0,0.0,0.0,0.0
improved_graph,20,5,0.0,0.0,0.0,0.0,0.0,0.0
improved_graph,20,10,1.0,1.0,1.0,1.0,0.1,0.2890648263178879
improved_graph,20,20,1.0,1.0,1.0,1.0,0.1,0.2890648263178879
improved_graph,21,1,0.0,0.0,0.0,0.0,0.0,0.0
improved_graph,21,3,0.0,0.0,0.0,0.0,0.0,0.0
improved_graph,21,5,0.0,0.0,0.0,0.0,0.0,0.0
improved_graph,21,10,0.0,0.0,0.0,0.0,0.0,0.0
improved_graph,21,20,0.0,0.0,0.0,0.0,0.0,0.0
improved_graph,22,1,0.0,0.0,0.0,0.0,0.0,0.0
improved_graph,22,3,0.0,0.0,0.0,0.0,0.0,0.0
improved_graph,22,5,0.0,0.0,0.0,0.0,0.0,0.0
improved_graph,22,10,1.0,1.0,1.0,1.0,0.125,0.31546487678572877
improved_graph,22,20,1.0,1.0,1.0,1.0,0.125,0.31546487678572877
improved_graph,23,1,0.0,0.0,0.0,0.0,0.0,0.0
improved_graph,23,3,0.0,0.0,0.0,0.0,0.0,0.0
improved_graph,23,5,0.0,0.0,0.0,0.0,0.0,0.0
improved_graph,23,10,0.0,0.0,0.0,0.0,0.0,0.0
improved_graph,23,20,0.0,0.0,0.0,0.0,0.0,0.0
improved_graph,25,1,0.0,0.0,0.0,0.0,0.0,0.0
improved_graph,25,3,0.0,0.0,0.0,0.0,0.0,0.0
improved_graph,25,5,0.0,0.0,0.0,0.0,0.0,0.0
improved_graph,25,10,0.0,0.0,0.0,0.0,0.0,0.0
improved_graph,25,20,0.0,0.0,0.0,0.0,0.0,0.0
improved_graph,26,1,0.0,0.0,0.0,0.0,0.0,0.0
improved_graph,26,3,0.0,0.0,0.0,0.0,0.0,0.0
improved_graph,26,5,0.0,0.0,0.0,0.0,0.0,0.0
improved_graph,26,10,1.0,1.0,1.0,1.0,0.1111111111111111,0.3010299956639812
improved_graph,26,20,1.0,1.0,1.0,1.0,0.1111111111111111,0.3010299956639812
improved_graph,27,1,0.0,0.0,0.0,0.0,0.0,0.0
improved_graph,27,3,0.0,0.0,0.0,0.0,0.0,0.0
improved_graph,27,5,0.0,0.0,0.0,0.0,0.0,0.0
improved_graph,27,10,0.0,0.0,0.0,0.0,0.0,0.0
improved_graph,27,20,0.0,0.0,0.0,0.0,0.0,0.0
improved_graph,28,1,0.0,0.0,0.0,0.0,0.0,0.0
improved_graph,28,3,0.0,0.0,0.0,0.0,0.0,0.0
improved_graph,28,5,0.0,0.0,0.0,0.0,0.0,0.0
improved_graph,28,10,0.0,0.0,0.0,0.0,0.0,0.0
improved_graph,28,20,0.0,0.0,0.0,0.0,0.0,0.0
improved_graph,29,1,0.0,0.0,0.0,0.0,0.0,0.0
improved_graph,29,3,0.0,0.0,0.0,0.0,0.0,0.0
improved_graph,29,5,0.0,0.0,0.0,0.0,0.0,0.0
improved_graph,29,10,0.0,0.0,0.0,0.0,0.0,0.0
improved_graph,29,20,0.0,0.0,0.0,0.0,0.0,0.0
improved_graph,31,1,0.0,0.0,0.0,0.0,0.0,0.0
improved_graph,31,3,0.0,0.0,0.0,0.0,0.0,0.0
improved_graph,31,5,1.0,1.0,1.0,1.0,0.25,0.43067655807339306
improved_graph,31,10,1.0,1.0,1.0,1.0,0.25,0.43067655807339306
improved_graph,31,20,1.0,1.0,1.0,1.0,0.25,0.43067655807339306
improved_graph,32,1,0.0,0.0,0.0,0.0,0.0,0.0
improved_graph,32,3,0.0,0.0,0.0,0.0,0.0,0.0
improved_graph,32,5,1.0,1.0,1.0,1.0,0.25,0.43067655807339306
improved_graph,32,10,1.0,1.0,1.0,1.0,0.25,0.43067655807339306
improved_graph,32,20,1.0,1.0,1.0,1.0,0.25,0.43067655807339306
improved_graph,33,1,1.0,1.0,1.0,1.0,1.0,1.0
improved_graph,33,3,1.0,1.0,1.0,1.0,1.0,1.0
improved_graph,33,5,1.0,1.0,1.0,1.0,1.0,1.0
improved_graph,33,10,1.0,1.0,1.0,1.0,1.0,1.0
improved_graph,33,20,1.0,1.0,1.0,1.0,1.0,1.0
improved_graph,35,1,0.0,0.0,0.0,0.0,0.0,0.0
improved_graph,35,3,0.0,0.0,0.0,0.0,0.0,0.0
improved_graph,35,5,0.0,0.0,0.0,0.0,0.0,0.0
improved_graph,35,10,0.0,0.0,0.0,0.0,0.0,0.0
improved_graph,35,20,0.0,0.0,0.0,0.0,0.0,0.0
improved_graph,37,1,1.0,1.0,1.0,1.0,1.0,1.0
improved_graph,37,3,1.0,1.0,1.0,1.0,1.0,1.0
improved_graph,37,5,1.0,1.0,1.0,1.0,1.0,1.0
improved_graph,37,10,1.0,1.0,1.0,1.0,1.0,1.0
improved_graph,37,20,1.0,1.0,1.0,1.0,1.0,1.0
improved_graph,38,1,0.0,0.0,0.0,0.0,0.0,0.0
improved_graph,38,3,0.0,0.0,0.0,0.0,0.0,0.0
improved_graph,38,5,1.0,1.0,1.0,1.0,0.25,0.43067655807339306
improved_graph,38,10,1.0,1.0,1.0,1.0,0.25,0.43067655807339306
improved_graph,38,20,1.0,1.0,1.0,1.0,0.25,0.43067655807339306
improved_graph,39,1,0.0,0.0,0.0,0.0,0.0,0.0
improved_graph,39,3,0.0,0.0,0.0,0.0,0.0,0.0
improved_graph,39,5,1.0,1.0,1.0,1.0,0.2,0.38685280723454163
improved_graph,39,10,1.0,1.0,1.0,1.0,0.2,0.38685280723454163
improved_graph,39,20,1.0,1.0,1.0,1.0,0.2,0.38685280723454163
improved_graph,40,1,0.0,0.0,0.0,0.0,0.0,0.0
improved_graph,40,3,0.0,0.0,0.0,0.0,0.0,0.0
improved_graph,40,5,0.0,0.0,0.0,0.0,0.0,0.0
improved_graph,40,10,0.0,0.0,0.0,0.0,0.0,0.0
improved_graph,40,20,0.0,0.0,0.0,0.0,0.0,0.0
improved_graph,41,1,0.0,0.0,0.0,0.0,0.0,0.0
improved_graph,41,3,0.0,0.0,0.0,0.0,0.0,0.0
improved_graph,41,5,0.0,0.0,0.0,0.0,0.0,0.0
improved_graph,41,10,0.0,0.0,0.0,0.0,0.0,0.0
improved_graph,41,20,0.0,0.0,0.0,0.0,0.0,0.0
improved_graph,42,1,0.0,0.0,0.0,0.0,0.0,0.0
improved_graph,42,3,0.0,0.0,0.0,0.0,0.0,0.0
improved_graph,42,5,0.0,0.0,0.0,0.0,0.0,0.0
improved_graph,42,10,0.0,0.0,0.0,0.0,0.0,0.0
improved_graph,42,20,0.0,0.0,0.0,0.0,0.0,0.0
improved_graph,43,1,0.0,0.0,0.0,0.0,0.0,0.0
improved_graph,43,3,0.0,0.0,0.0,0.0,0.0,0.0
improved_graph,43,5,0.0,0.0,0.0,0.0,0.0,0.0
improved_graph,43,10,0.0,0.0,0.0,0.0,0.0,0.0
improved_graph,43,20,0.0,0.0,0.0,0.0,0.0,0.0
improved_graph,44,1,0.0,0.0,0.0,0.0,0.0,0.0
improved_graph,44,3,0.0,0.0,0.0,0.0,0.0,0.0
improved_graph,44,5,0.0,0.0,0.0,0.0,0.0,0.0
improved_graph,44,10,0.0,0.0,0.0,0.0,0.0,0.0
improved_graph,44,20,0.0,0.0,0.0,0.0,0.0,0.0
improved_graph,45,1,0.0,0.0,0.0,0.0,0.0,0.0
improved_graph,45,3,1.0,1.0,1.0,1.0,0.5,0.6309297535714575
improved_graph,45,5,1.0,1.0,1.0,1.0,0.5,0.6309297535714575
improved_graph,45,10,1.0,1.0,1.0,1.0,0.5,0.6309297535714575
improved_graph,45,20,1.0,1.0,1.0,1.0,0.5,0.6309297535714575
improved_graph,46,1,0.0,0.0,0.0,0.0,0.0,0.0
improved_graph,46,3,0.0,0.0,0.0,0.0,0.0,0.0
improved_graph,46,5,0.0,0.0,0.0,0.0,0.0,0.0
improved_graph,46,10,1.0,1.0,1.0,1.0,0.14285714285714285,0.3333333333333333
improved_graph,46,20,1.0,1.0,1.0,1.0,0.14285714285714285,0.3333333333333333
improved_graph,47,1,0.0,0.0,0.0,0.0,0.0,0.0
improved_graph,47,3,0.0,0.0,0.0,0.0,0.0,0.0
improved_graph,47,5,0.0,0.0,0.0,0.0,0.0,0.0
improved_graph,47,10,0.0,0.0,0.0,0.0,0.0,0.0
improved_graph,47,20,0.0,0.0,0.0,0.0,0.0,0.0
improved_graph,48,1,0.0,0.0,0.0,0.0,0.0,0.0
improved_graph,48,3,0.0,0.0,0.0,0.0,0.0,0.0
improved_graph,48,5,0.0,0.0,0.0,0.0,0.0,0.0
improved_graph,48,10,0.0,0.0,0.0,0.0,0.0,0.0
improved_graph,48,20,0.0,0.0,0.0,0.0,0.0,0.0
improved_graph,49,1,0.0,0.0,0.0,0.0,0.0,0.0
improved_graph,49,3,0.0,0.0,0.0,0.0,0.0,0.0
improved_graph,49,5,0.0,0.0,0.0,0.0,0.0,0.0
improved_graph,49,10,0.0,0.0,0.0,0.0,0.0,0.0
improved_graph,49,20,1.0,1.0,1.0,1.0,0.07142857142857142,0.2559580248098155
improved_graph,50,1,0.0,0.0,0.0,0.0,0.0,0.0
improved_graph,50,3,0.0,0.0,0.0,0.0,0.0,0.0
improved_graph,50,5,0.0,0.0,0.0,0.0,0.0,0.0
improved_graph,50,10,0.0,0.0,0.0,0.0,0.0,0.0
improved_graph,50,20,0.0,0.0,0.0,0.0,0.0,0.0
improved_graph,54,1,0.0,0.0,0.0,0.0,0.0,0.0
improved_graph,54,3,0.0,0.0,0.0,0.0,0.0,0.0
improved_graph,54,5,0.0,0.0,0.0,0.0,0.0,0.0
improved_graph,54,10,0.0,0.0,0.0,0.0,0.0,0.0
improved_graph,54,20,0.0,0.0,0.0,0.0,0.0,0.0
improved_graph,56,1,1.0,1.0,1.0,1.0,1.0,1.0
improved_graph,56,3,1.0,1.0,1.0,1.0,1.0,1.0
improved_graph,56,5,1.0,1.0,1.0,1.0,1.0,1.0
improved_graph,56,10,1.0,1.0,1.0,1.0,1.0,1.0
improved_graph,56,20,1.0,1.0,1.0,1.0,1.0,1.0
improved_graph,57,1,0.0,0.0,0.0,0.0,0.0,0.0
improved_graph,57,3,0.0,0.0,0.0,0.0,0.0,0.0
improved_graph,57,5,1.0,1.0,1.0,1.0,0.25,0.43067655807339306
improved_graph,57,10,1.0,1.0,1.0,1.0,0.25,0.43067655807339306
improved_graph,57,20,1.0,1.0,1.0,1.0,0.25,0.43067655807339306
improved_graph,58,1,1.0,1.0,1.0,1.0,1.0,1.0
improved_graph,58,3,1.0,1.0,1.0,1.0,1.0,1.0
improved_graph,58,5,1.0,1.0,1.0,1.0,1.0,1.0
improved_graph,58,10,1.0,1.0,1.0,1.0,1.0,1.0
improved_graph,58,20,1.0,1.0,1.0,1.0,1.0,1.0
improved_graph,59,1,1.0,1.0,1.0,1.0,1.0,1.0
improved_graph,59,3,1.0,1.0,1.0,1.0,1.0,1.0
improved_graph,59,5,1.0,1.0,1.0,1.0,1.0,1.0
improved_graph,59,10,1.0,1.0,1.0,1.0,1.0,1.0
improved_graph,59,20,1.0,1.0,1.0,1.0,1.0,1.0
improved_graph,60,1,0.0,0.0,0.0,0.0,0.0,0.0
improved_graph,60,3,0.0,0.0,0.0,0.0,0.0,0.0
improved_graph,60,5,0.0,0.0,0.0,0.0,0.0,0.0
improved_graph,60,10,0.0,0.0,0.0,0.0,0.0,0.0
improved_graph,60,20,0.0,0.0,0.0,0.0,0.0,0.0
improved_graph,61,1,0.0,0.0,0.0,0.0,0.0,0.0
improved_graph,61,3,0.0,0.0,0.0,0.0,0.0,0.0
improved_graph,61,5,0.0,0.0,0.0,0.0,0.0,0.0
improved_graph,61,10,0.0,0.0,0.0,0.0,0.0,0.0
improved_graph,61,20,0.0,0.0,0.0,0.0,0.0,0.0
improved_graph,62,1,0.0,0.0,0.0,0.0,0.0,0.0
improved_graph,62,3,0.0,0.0,0.0,0.0,0.0,0.0
improved_graph,62,5,0.0,0.0,0.0,0.0,0.0,0.0
improved_graph,62,10,0.0,0.0,0.0,0.0,0.0,0.0
improved_graph,62,20,0.0,0.0,0.0,0.0,0.0,0.0
improved_graph,63,1,0.0,0.0,0.0,0.0,0.0,0.0
improved_graph,63,3,0.0,0.0,0.0,0.0,0.0,0.0
improved_graph,63,5,0.0,0.0,0.0,0.0,0.0,0.0
improved_graph,63,10,0.0,0.0,0.0,0.0,0.0,0.0
improved_graph,63,20,0.0,0.0,0.0,0.0,0.0,0.0
improved_graph,65,1,0.0,0.0,0.0,0.0,0.0,0.0
improved_graph,65,3,0.0,0.0,0.0,0.0,0.0,0.0
improved_graph,65,5,0.0,0.0,0.0,0.0,0.0,0.0
improved_graph,65,10,0.0,0.0,0.0,0.0,0.0,0.0
improved_graph,65,20,1.0,1.0,1.0,1.0,0.06666666666666667,0.25
improved_graph,66,1,0.0,0.0,0.0,0.0,0.0,0.0
improved_graph,66,3,0.0,0.0,0.0,0.0,0.0,0.0
improved_graph,66,5,0.0,0.0,0.0,0.0,0.0,0.0
improved_graph,66,10,0.0,0.0,0.0,0.0,0.0,0.0
improved_graph,66,20,0.0,0.0,0.0,0.0,0.0,0.0
improved_graph,67,1,0.0,0.0,0.0,0.0,0.0,0.0
improved_graph,67,3,1.0,1.0,1.0,1.0,0.5,0.6309297535714575
improved_graph,67,5,1.0,1.0,1.0,1.0,0.5,0.6309297535714575
improved_graph,67,10,1.0,1.0,1.0,1.0,0.5,0.6309297535714575
improved_graph,67,20,1.0,1.0,1.0,1.0,0.5,0.6309297535714575
improved_graph,68,1,1.0,1.0,1.0,1.0,1.0,1.0
improved_graph,68,3,1.0,1.0,1.0,1.0,1.0,1.0
improved_graph,68,5,1.0,1.0,1.0,1.0,1.0,1.0
improved_graph,68,10,1.0,1.0,1.0,1.0,1.0,1.0
improved_graph,68,20,1.0,1.0,1.0,1.0,1.0,1.0
improved_graph,69,1,0.0,0.0,0.0,0.0,0.0,0.0
improved_graph,69,3,0.0,0.0,0.0,0.0,0.0,0.0
improved_graph,69,5,0.0,0.0,0.0,0.0,0.0,0.0
improved_graph,69,10,0.0,0.0,0.0,0.0,0.0,0.0
improved_graph,69,20,0.0,0.0,0.0,0.0,0.0,0.0
improved_graph,70,1,1.0,1.0,1.0,1.0,1.0,1.0
improved_graph,70,3,1.0,1.0,1.0,1.0,1.0,1.0
improved_graph,70,5,1.0,1.0,1.0,1.0,1.0,1.0
improved_graph,70,10,1.0,1.0,1.0,1.0,1.0,1.0
improved_graph,70,20,1.0,1.0,1.0,1.0,1.0,1.0
improved_graph,71,1,1.0,1.0,1.0,1.0,1.0,1.0
improved_graph,71,3,1.0,1.0,1.0,1.0,1.0,1.0
improved_graph,71,5,1.0,1.0,1.0,1.0,1.0,1.0
improved_graph,71,10,1.0,1.0,1.0,1.0,1.0,1.0
improved_graph,71,20,1.0,1.0,1.0,1.0,1.0,1.0
improved_graph,72,1,0.0,0.0,0.0,0.0,0.0,0.0
improved_graph,72,3,0.0,0.0,0.0,0.0,0.0,0.0
improved_graph,72,5,0.0,0.0,0.0,0.0,0.0,0.0
improved_graph,72,10,0.0,0.0,0.0,0.0,0.0,0.0
improved_graph,72,20,0.0,0.0,0.0,0.0,0.0,0.0
improved_graph,73,1,1.0,1.0,1.0,1.0,1.0,1.0
improved_graph,73,3,1.0,1.0,1.0,1.0,1.0,1.0
improved_graph,73,5,1.0,1.0,1.0,1.0,1.0,1.0
improved_graph,73,10,1.0,1.0,1.0,1.0,1.0,1.0
improved_graph,73,20,1.0,1.0,1.0,1.0,1.0,1.0
improved_graph,74,1,1.0,1.0,1.0,1.0,1.0,1.0
improved_graph,74,3,1.0,1.0,1.0,1.0,1.0,1.0
improved_graph,74,5,1.0,1.0,1.0,1.0,1.0,1.0
improved_graph,74,10,1.0,1.0,1.0,1.0,1.0,1.0
improved_graph,74,20,1.0,1.0,1.0,1.0,1.0,1.0
improved_graph,75,1,0.0,0.0,0.0,0.0,0.0,0.0
improved_graph,75,3,0.0,0.0,0.0,0.0,0.0,0.0
improved_graph,75,5,0.0,0.0,0.0,0.0,0.0,0.0
improved_graph,75,10,0.0,0.0,0.0,0.0,0.0,0.0
improved_graph,75,20,0.0,0.0,0.0,0.0,0.0,0.0
improved_graph,77,1,0.0,0.0,0.0,0.0,0.0,0.0
improved_graph,77,3,0.0,0.0,0.0,0.0,0.0,0.0
improved_graph,77,5,0.0,0.0,0.0,0.0,0.0,0.0
improved_graph,77,10,0.0,0.0,0.0,0.0,0.0,0.0
improved_graph,77,20,0.0,0.0,0.0,0.0,0.0,0.0
improved_graph,78,1,0.0,0.0,0.0,0.0,0.0,0.0
improved_graph,78,3,0.0,0.0,0.0,0.0,0.0,0.0
improved_graph,78,5,0.0,0.0,0.0,0.0,0.0,0.0
improved_graph,78,10,0.0,0.0,0.0,0.0,0.0,0.0
improved_graph,78,20,1.0,1.0,1.0,1.0,0.08333333333333333,0.27023815442731974
improved_graph,79,1,1.0,1.0,1.0,1.0,1.0,1.0
improved_graph,79,3,1.0,1.0,1.0,1.0,1.0,1.0
improved_graph,79,5,1.0,1.0,1.0,1.0,1.0,1.0
improved_graph,79,10,1.0,1.0,1.0,1.0,1.0,1.0
improved_graph,79,20,1.0,1.0,1.0,1.0,1.0,1.0
improved_graph,81,1,1.0,1.0,1.0,1.0,1.0,1.0
improved_graph,81,3,1.0,1.0,1.0,1.0,1.0,1.0
improved_graph,81,5,1.0,1.0,1.0,1.0,1.0,1.0
improved_graph,81,10,1.0,1.0,1.0,1.0,1.0,1.0
improved_graph,81,20,1.0,1.0,1.0,1.0,1.0,1.0
improved_graph,82,1,0.0,0.0,0.0,0.0,0.0,0.0
improved_graph,82,3,0.0,0.0,0.0,0.0,0.0,0.0
improved_graph,82,5,0.0,0.0,0.0,0.0,0.0,0.0
improved_graph,82,10,0.0,0.0,0.0,0.0,0.0,0.0
improved_graph,82,20,0.0,0.0,0.0,0.0,0.0,0.0
improved_graph,83,1,0.0,0.0,0.0,0.0,0.0,0.0
improved_graph,83,3,0.0,0.0,0.0,0.0,0.0,0.0
improved_graph,83,5,0.0,0.0,0.0,0.0,0.0,0.0
improved_graph,83,10,0.0,0.0,0.0,0.0,0.0,0.0
improved_graph,83,20,0.0,0.0,0.0,0.0,0.0,0.0
improved_graph,84,1,0.0,0.0,0.0,0.0,0.0,0.0
improved_graph,84,3,0.0,0.0,0.0,0.0,0.0,0.0
improved_graph,84,5,0.0,0.0,0.0,0.0,0.0,0.0
improved_graph,84,10,0.0,0.0,0.0,0.0,0.0,0.0
improved_graph,84,20,0.0,0.0,0.0,0.0,0.0,0.0
improved_graph,87,1,1.0,1.0,1.0,1.0,1.0,1.0
improved_graph,87,3,1.0,1.0,1.0,1.0,1.0,1.0
improved_graph,87,5,1.0,1.0,1.0,1.0,1.0,1.0
improved_graph,87,10,1.0,1.0,1.0,1.0,1.0,1.0
improved_graph,87,20,1.0,1.0,1.0,1.0,1.0,1.0
improved_graph,88,1,1.0,1.0,1.0,1.0,1.0,1.0
improved_graph,88,3,1.0,1.0,1.0,1.0,1.0,1.0
improved_graph,88,5,1.0,1.0,1.0,1.0,1.0,1.0
improved_graph,88,10,1.0,1.0,1.0,1.0,1.0,1.0
improved_graph,88,20,1.0,1.0,1.0,1.0,1.0,1.0
improved_graph,89,1,0.0,0.0,0.0,0.0,0.0,0.0
improved_graph,89,3,0.0,0.0,0.0,0.0,0.0,0.0
improved_graph,89,5,1.0,1.0,1.0,1.0,0.25,0.43067655807339306
improved_graph,89,10,1.0,1.0,1.0,1.0,0.25,0.43067655807339306
improved_graph,89,20,1.0,1.0,1.0,1.0,0.25,0.43067655807339306
improved_graph,90,1,0.0,0.0,0.0,0.0,0.0,0.0
improved_graph,90,3,0.0,0.0,0.0,0.0,0.0,0.0
improved_graph,90,5,1.0,1.0,1.0,1.0,0.2,0.38685280723454163
improved_graph,90,10,1.0,1.0,1.0,1.0,0.2,0.38685280723454163
improved_graph,90,20,1.0,1.0,1.0,1.0,0.2,0.38685280723454163
improved_graph,92,1,0.0,0.0,0.0,0.0,0.0,0.0
improved_graph,92,3,0.0,0.0,0.0,0.0,0.0,0.0
improved_graph,92,5,0.0,0.0,0.0,0.0,0.0,0.0
improved_graph,92,10,0.0,0.0,0.0,0.0,0.0,0.0
improved_graph,92,20,1.0,1.0,1.0,1.0,0.06666666666666667,0.25
improved_graph,93,1,0.0,0.0,0.0,0.0,0.0,0.0
improved_graph,93,3,0.0,0.0,0.0,0.0,0.0,0.0
improved_graph,93,5,0.0,0.0,0.0,0.0,0.0,0.0
improved_graph,93,10,0.0,0.0,0.0,0.0,0.0,0.0
improved_graph,93,20,0.0,0.0,0.0,0.0,0.0,0.0
improved_graph,94,1,0.0,0.0,0.0,0.0,0.0,0.0
improved_graph,94,3,0.0,0.0,0.0,0.0,0.0,0.0
improved_graph,94,5,0.0,0.0,0.0,0.0,0.0,0.0
improved_graph,94,10,0.0,0.0,0.0,0.0,0.0,0.0
improved_graph,94,20,0.0,0.0,0.0,0.0,0.0,0.0
improved_graph,95,1,1.0,1.0,1.0,1.0,1.0,1.0
improved_graph,95,3,1.0,1.0,1.0,1.0,1.0,1.0
improved_graph,95,5,1.0,1.0,1.0,1.0,1.0,1.0
improved_graph,95,10,1.0,1.0,1.0,1.0,1.0,1.0
improved_graph,95,20,1.0,1.0,1.0,1.0,1.0,1.0
improved_graph,97,1,1.0,1.0,1.0,1.0,1.0,1.0
improved_graph,97,3,1.0,1.0,1.0,1.0,1.0,1.0
improved_graph,97,5,1.0,1.0,1.0,1.0,1.0,1.0
improved_graph,97,10,1.0,1.0,1.0,1.0,1.0,1.0
improved_graph,97,20,1.0,1.0,1.0,1.0,1.0,1.0
improved_graph,98,1,1.0,1.0,1.0,1.0,1.0,1.0
improved_graph,98,3,1.0,1.0,1.0,1.0,1.0,1.0
improved_graph,98,5,1.0,1.0,1.0,1.0,1.0,1.0
improved_graph,98,10,1.0,1.0,1.0,1.0,1.0,1.0
improved_graph,98,20,1.0,1.0,1.0,1.0,1.0,1.0
improved_graph,99,1,0.0,0.0,0.0,0.0,0.0,0.0
improved_graph,99,3,0.0,0.0,0.0,0.0,0.0,0.0
improved_graph,99,5,0.0,0.0,0.0,0.0,0.0,0.0
improved_graph,99,10,0.0,0.0,0.0,0.0,0.0,0.0
improved_graph,99,20,0.0,0.0,0.0,0.0,0.0,0.0
improved_graph,100,1,1.0,1.0,1.0,1.0,1.0,1.0
improved_graph,100,3,1.0,1.0,1.0,1.0,1.0,1.0
improved_graph,100,5,1.0,1.0,1.0,1.0,1.0,1.0
improved_graph,100,10,1.0,1.0,1.0,1.0,1.0,1.0
improved_graph,100,20,1.0,1.0,1.0,1.0,1.0,1.0
improved_graph_one_step,1,1,1.0,1.0,1.0,1.0,1.0,1.0
improved_graph_one_step,1,3,1.0,1.0,1.0,1.0,1.0,1.0
improved_graph_one_step,1,5,1.0,1.0,1.0,1.0,1.0,1.0
improved_graph_one_step,1,10,1.0,1.0,1.0,1.0,1.0,1.0
improved_graph_one_step,1,20,1.0,1.0,1.0,1.0,1.0,1.0
improved_graph_one_step,3,1,0.0,0.0,0.0,0.0,0.0,0.0
improved_graph_one_step,3,3,0.0,0.0,0.0,0.0,0.0,0.0
improved_graph_one_step,3,5,0.0,0.0,0.0,0.0,0.0,0.0
improved_graph_one_step,3,10,0.0,0.0,0.0,0.0,0.0,0.0
improved_graph_one_step,3,20,0.0,0.0,0.0,0.0,0.0,0.0
improved_graph_one_step,5,1,0.0,0.0,0.0,0.0,0.0,0.0
improved_graph_one_step,5,3,0.0,0.0,0.0,0.0,0.0,0.0
improved_graph_one_step,5,5,0.0,0.0,0.0,0.0,0.0,0.0
improved_graph_one_step,5,10,0.0,0.0,0.0,0.0,0.0,0.0
improved_graph_one_step,5,20,0.0,0.0,0.0,0.0,0.0,0.0
improved_graph_one_step,6,1,0.0,0.0,0.0,0.0,0.0,0.0
improved_graph_one_step,6,3,0.0,0.0,0.0,0.0,0.0,0.0
improved_graph_one_step,6,5,0.0,0.0,0.0,0.0,0.0,0.0
improved_graph_one_step,6,10,0.0,0.0,0.0,0.0,0.0,0.0
improved_graph_one_step,6,20,1.0,1.0,1.0,1.0,0.058823529411764705,0.23981246656813146
improved_graph_one_step,7,1,0.0,0.0,0.0,0.0,0.0,0.0
improved_graph_one_step,7,3,0.0,0.0,0.0,0.0,0.0,0.0
improved_graph_one_step,7,5,0.0,0.0,0.0,0.0,0.0,0.0
improved_graph_one_step,7,10,0.0,0.0,0.0,0.0,0.0,0.0
improved_graph_one_step,7,20,0.0,0.0,0.0,0.0,0.0,0.0
improved_graph_one_step,8,1,0.0,0.0,0.0,0.0,0.0,0.0
improved_graph_one_step,8,3,0.0,0.0,0.0,0.0,0.0,0.0
improved_graph_one_step,8,5,0.0,0.0,0.0,0.0,0.0,0.0
improved_graph_one_step,8,10,0.0,0.0,0.0,0.0,0.0,0.0
improved_graph_one_step,8,20,0.0,0.0,0.0,0.0,0.0,0.0
improved_graph_one_step,11,1,0.0,0.0,0.0,0.0,0.0,0.0
improved_graph_one_step,11,3,0.0,0.0,0.0,0.0,0.0,0.0
improved_graph_one_step,11,5,0.0,0.0,0.0,0.0,0.0,0.0
improved_graph_one_step,11,10,0.0,0.0,0.0,0.0,0.0,0.0
improved_graph_one_step,11,20,0.0,0.0,0.0,0.0,0.0,0.0
improved_graph_one_step,12,1,0.0,0.0,0.0,0.0,0.0,0.0
improved_graph_one_step,12,3,0.0,0.0,0.0,0.0,0.0,0.0
improved_graph_one_step,12,5,0.0,0.0,0.0,0.0,0.0,0.0
improved_graph_one_step,12,10,0.0,0.0,0.0,0.0,0.0,0.0
improved_graph_one_step,12,20,0.0,0.0,0.0,0.0,0.0,0.0
improved_graph_one_step,14,1,0.0,0.0,0.0,0.0,0.0,0.0
improved_graph_one_step,14,3,0.0,0.0,0.0,0.0,0.0,0.0
improved_graph_one_step,14,5,0.0,0.0,0.0,0.0,0.0,0.0
improved_graph_one_step,14,10,0.0,0.0,0.0,0.0,0.0,0.0
improved_graph_one_step,14,20,0.0,0.0,0.0,0.0,0.0,0.0
improved_graph_one_step,15,1,0.0,0.0,0.0,0.0,0.0,0.0
improved_graph_one_step,15,3,0.0,0.0,0.0,0.0,0.0,0.0
improved_graph_one_step,15,5,0.0,0.0,0.0,0.0,0.0,0.0
improved_graph_one_step,15,10,0.0,0.0,0.0,0.0,0.0,0.0
improved_graph_one_step,15,20,0.0,0.0,0.0,0.0,0.0,0.0
improved_graph_one_step,16,1,0.0,0.0,0.0,0.0,0.0,0.0
improved_graph_one_step,16,3,0.0,0.0,0.0,0.0,0.0,0.0
improved_graph_one_step,16,5,1.0,1.0,1.0,1.0,0.25,0.43067655807339306
improved_graph_one_step,16,10,1.0,1.0,1.0,1.0,0.25,0.43067655807339306
improved_graph_one_step,16,20,1.0,1.0,1.0,1.0,0.25,0.43067655807339306
improved_graph_one_step,17,1,0.0,0.0,0.0,0.0,0.0,0.0
improved_graph_one_step,17,3,1.0,1.0,1.0,1.0,0.5,0.6309297535714575
improved_graph_one_step,17,5,1.0,1.0,1.0,1.0,0.5,0.6309297535714575
improved_graph_one_step,17,10,1.0,1.0,1.0,1.0,0.5,0.6309297535714575
improved_graph_one_step,17,20,1.0,1.0,1.0,1.0,0.5,0.6309297535714575
improved_graph_one_step,18,1,0.0,0.0,0.0,0.0,0.0,0.0
improved_graph_one_step,18,3,0.0,0.0,0.0,0.0,0.0,0.0
improved_graph_one_step,18,5,0.0,0.0,0.0,0.0,0.0,0.0
improved_graph_one_step,18,10,0.0,0.0,0.0,0.0,0.0,0.0
improved_graph_one_step,18,20,1.0,1.0,1.0,1.0,0.05263157894736842,0.23137821315975915
improved_graph_one_step,19,1,1.0,1.0,1.0,1.0,1.0,1.0
improved_graph_one_step,19,3,1.0,1.0,1.0,1.0,1.0,1.0
improved_graph_one_step,19,5,1.0,1.0,1.0,1.0,1.0,1.0
improved_graph_one_step,19,10,1.0,1.0,1.0,1.0,1.0,1.0
improved_graph_one_step,19,20,1.0,1.0,1.0,1.0,1.0,1.0
improved_graph_one_step,20,1,0.0,0.0,0.0,0.0,0.0,0.0
improved_graph_one_step,20,3,0.0,0.0,0.0,0.0,0.0,0.0
improved_graph_one_step,20,5,0.0,0.0,0.0,0.0,0.0,0.0
improved_graph_one_step,20,10,0.0,0.0,0.0,0.0,0.0,0.0
improved_graph_one_step,20,20,1.0,1.0,1.0,1.0,0.09090909090909091,0.27894294565112987
improved_graph_one_step,21,1,0.0,0.0,0.0,0.0,0.0,0.0
improved_graph_one_step,21,3,0.0,0.0,0.0,0.0,0.0,0.0
improved_graph_one_step,21,5,0.0,0.0,0.0,0.0,0.0,0.0
improved_graph_one_step,21,10,0.0,0.0,0.0,0.0,0.0,0.0
improved_graph_one_step,21,20,0.0,0.0,0.0,0.0,0.0,0.0
improved_graph_one_step,22,1,0.0,0.0,0.0,0.0,0.0,0.0
improved_graph_one_step,22,3,0.0,0.0,0.0,0.0,0.0,0.0
improved_graph_one_step,22,5,0.0,0.0,0.0,0.0,0.0,0.0
improved_graph_one_step,22,10,0.0,0.0,0.0,0.0,0.0,0.0
improved_graph_one_step,22,20,1.0,1.0,1.0,1.0,0.08333333333333333,0.27023815442731974
improved_graph_one_step,23,1,0.0,0.0,0.0,0.0,0.0,0.0
improved_graph_one_step,23,3,0.0,0.0,0.0,0.0,0.0,0.0
improved_graph_one_step,23,5,0.0,0.0,0.0,0.0,0.0,0.0
improved_graph_one_step,23,10,0.0,0.0,0.0,0.0,0.0,0.0
improved_graph_one_step,23,20,0.0,0.0,0.0,0.0,0.0,0.0
improved_graph_one_step,25,1,0.0,0.0,0.0,0.0,0.0,0.0
improved_graph_one_step,25,3,0.0,0.0,0.0,0.0,0.0,0.0
improved_graph_one_step,25,5,0.0,0.0,0.0,0.0,0.0,0.0
improved_graph_one_step,25,10,0.0,0.0,0.0,0.0,0.0,0.0
improved_graph_one_step,25,20,0.0,0.0,0.0,0.0,0.0,0.0
improved_graph_one_step,26,1,0.0,0.0,0.0,0.0,0.0,0.0
improved_graph_one_step,26,3,0.0,0.0,0.0,0.0,0.0,0.0
improved_graph_one_step,26,5,0.0,0.0,0.0,0.0,0.0,0.0
improved_graph_one_step,26,10,1.0,1.0,1.0,1.0,0.1111111111111111,0.3010299956639812
improved_graph_one_step,26,20,1.0,1.0,1.0,1.0,0.1111111111111111,0.3010299956639812
improved_graph_one_step,27,1,0.0,0.0,0.0,0.0,0.0,0.0
improved_graph_one_step,27,3,0.0,0.0,0.0,0.0,0.0,0.0
improved_graph_one_step,27,5,0.0,0.0,0.0,0.0,0.0,0.0
improved_graph_one_step,27,10,0.0,0.0,0.0,0.0,0.0,0.0
improved_graph_one_step,27,20,0.0,0.0,0.0,0.0,0.0,0.0
improved_graph_one_step,28,1,0.0,0.0,0.0,0.0,0.0,0.0
improved_graph_one_step,28,3,0.0,0.0,0.0,0.0,0.0,0.0
improved_graph_one_step,28,5,0.0,0.0,0.0,0.0,0.0,0.0
improved_graph_one_step,28,10,0.0,0.0,0.0,0.0,0.0,0.0
improved_graph_one_step,28,20,0.0,0.0,0.0,0.0,0.0,0.0
improved_graph_one_step,29,1,0.0,0.0,0.0,0.0,0.0,0.0
improved_graph_one_step,29,3,0.0,0.0,0.0,0.0,0.0,0.0
improved_graph_one_step,29,5,0.0,0.0,0.0,0.0,0.0,0.0
improved_graph_one_step,29,10,0.0,0.0,0.0,0.0,0.0,0.0
improved_graph_one_step,29,20,0.0,0.0,0.0,0.0,0.0,0.0
improved_graph_one_step,31,1,0.0,0.0,0.0,0.0,0.0,0.0
improved_graph_one_step,31,3,0.0,0.0,0.0,0.0,0.0,0.0
improved_graph_one_step,31,5,1.0,1.0,1.0,1.0,0.25,0.43067655807339306
improved_graph_one_step,31,10,1.0,1.0,1.0,1.0,0.25,0.43067655807339306
improved_graph_one_step,31,20,1.0,1.0,1.0,1.0,0.25,0.43067655807339306
improved_graph_one_step,32,1,0.0,0.0,0.0,0.0,0.0,0.0
improved_graph_one_step,32,3,0.0,0.0,0.0,0.0,0.0,0.0
improved_graph_one_step,32,5,1.0,1.0,1.0,1.0,0.25,0.43067655807339306
improved_graph_one_step,32,10,1.0,1.0,1.0,1.0,0.25,0.43067655807339306
improved_graph_one_step,32,20,1.0,1.0,1.0,1.0,0.25,0.43067655807339306
improved_graph_one_step,33,1,0.0,0.0,0.0,0.0,0.0,0.0
improved_graph_one_step,33,3,1.0,1.0,1.0,1.0,0.5,0.6309297535714575
improved_graph_one_step,33,5,1.0,1.0,1.0,1.0,0.5,0.6309297535714575
improved_graph_one_step,33,10,1.0,1.0,1.0,1.0,0.5,0.6309297535714575
improved_graph_one_step,33,20,1.0,1.0,1.0,1.0,0.5,0.6309297535714575
improved_graph_one_step,35,1,0.0,0.0,0.0,0.0,0.0,0.0
improved_graph_one_step,35,3,0.0,0.0,0.0,0.0,0.0,0.0
improved_graph_one_step,35,5,0.0,0.0,0.0,0.0,0.0,0.0
improved_graph_one_step,35,10,0.0,0.0,0.0,0.0,0.0,0.0
improved_graph_one_step,35,20,0.0,0.0,0.0,0.0,0.0,0.0
improved_graph_one_step,37,1,1.0,1.0,1.0,1.0,1.0,1.0
improved_graph_one_step,37,3,1.0,1.0,1.0,1.0,1.0,1.0
improved_graph_one_step,37,5,1.0,1.0,1.0,1.0,1.0,1.0
improved_graph_one_step,37,10,1.0,1.0,1.0,1.0,1.0,1.0
improved_graph_one_step,37,20,1.0,1.0,1.0,1.0,1.0,1.0
improved_graph_one_step,38,1,0.0,0.0,0.0,0.0,0.0,0.0
improved_graph_one_step,38,3,1.0,1.0,1.0,1.0,0.5,0.6309297535714575
improved_graph_one_step,38,5,1.0,1.0,1.0,1.0,0.5,0.6309297535714575
improved_graph_one_step,38,10,1.0,1.0,1.0,1.0,0.5,0.6309297535714575
improved_graph_one_step,38,20,1.0,1.0,1.0,1.0,0.5,0.6309297535714575
improved_graph_one_step,39,1,0.0,0.0,0.0,0.0,0.0,0.0
improved_graph_one_step,39,3,0.0,0.0,0.0,0.0,0.0,0.0
improved_graph_one_step,39,5,0.0,0.0,0.0,0.0,0.0,0.0
improved_graph_one_step,39,10,1.0,1.0,1.0,1.0,0.1111111111111111,0.3010299956639812
improved_graph_one_step,39,20,1.0,1.0,1.0,1.0,0.1111111111111111,0.3010299956639812
improved_graph_one_step,40,1,0.0,0.0,0.0,0.0,0.0,0.0
improved_graph_one_step,40,3,0.0,0.0,0.0,0.0,0.0,0.0
improved_graph_one_step,40,5,0.0,0.0,0.0,0.0,0.0,0.0
improved_graph_one_step,40,10,0.0,0.0,0.0,0.0,0.0,0.0
improved_graph_one_step,40,20,0.0,0.0,0.0,0.0,0.0,0.0
improved_graph_one_step,41,1,0.0,0.0,0.0,0.0,0.0,0.0
improved_graph_one_step,41,3,0.0,0.0,0.0,0.0,0.0,0.0
improved_graph_one_step,41,5,0.0,0.0,0.0,0.0,0.0,0.0
improved_graph_one_step,41,10,0.0,0.0,0.0,0.0,0.0,0.0
improved_graph_one_step,41,20,0.0,0.0,0.0,0.0,0.0,0.0
improved_graph_one_step,42,1,0.0,0.0,0.0,0.0,0.0,0.0
improved_graph_one_step,42,3,0.0,0.0,0.0,0.0,0.0,0.0
improved_graph_one_step,42,5,0.0,0.0,0.0,0.0,0.0,0.0
improved_graph_one_step,42,10,0.0,0.0,0.0,0.0,0.0,0.0
improved_graph_one_step,42,20,0.0,0.0,0.0,0.0,0.0,0.0
improved_graph_one_step,43,1,0.0,0.0,0.0,0.0,0.0,0.0
improved_graph_one_step,43,3,0.0,0.0,0.0,0.0,0.0,0.0
improved_graph_one_step,43,5,0.0,0.0,0.0,0.0,0.0,0.0
improved_graph_one_step,43,10,0.0,0.0,0.0,0.0,0.0,0.0
improved_graph_one_step,43,20,0.0,0.0,0.0,0.0,0.0,0.0
improved_graph_one_step,44,1,0.0,0.0,0.0,0.0,0.0,0.0
improved_graph_one_step,44,3,0.0,0.0,0.0,0.0,0.0,0.0
improved_graph_one_step,44,5,0.0,0.0,0.0,0.0,0.0,0.0
improved_graph_one_step,44,10,0.0,0.0,0.0,0.0,0.0,0.0
improved_graph_one_step,44,20,1.0,1.0,1.0,1.0,0.09090909090909091,0.27894294565112987
improved_graph_one_step,45,1,0.0,0.0,0.0,0.0,0.0,0.0
improved_graph_one_step,45,3,1.0,1.0,1.0,1.0,0.5,0.6309297535714575
improved_graph_one_step,45,5,1.0,1.0,1.0,1.0,0.5,0.6309297535714575
improved_graph_one_step,45,10,1.0,1.0,1.0,1.0,0.5,0.6309297535714575
improved_graph_one_step,45,20,1.0,1.0,1.0,1.0,0.5,0.6309297535714575
improved_graph_one_step,46,1,0.0,0.0,0.0,0.0,0.0,0.0
improved_graph_one_step,46,3,0.0,0.0,0.0,0.0,0.0,0.0
improved_graph_one_step,46,5,0.0,0.0,0.0,0.0,0.0,0.0
improved_graph_one_step,46,10,1.0,1.0,1.0,1.0,0.14285714285714285,0.3333333333333333
improved_graph_one_step,46,20,1.0,1.0,1.0,1.0,0.14285714285714285,0.3333333333333333
improved_graph_one_step,47,1,0.0,0.0,0.0,0.0,0.0,0.0
improved_graph_one_step,47,3,0.0,0.0,0.0,0.0,0.0,0.0
improved_graph_one_step,47,5,0.0,0.0,0.0,0.0,0.0,0.0
improved_graph_one_step,47,10,0.0,0.0,0.0,0.0,0.0,0.0
improved_graph_one_step,47,20,0.0,0.0,0.0,0.0,0.0,0.0
improved_graph_one_step,48,1,0.0,0.0,0.0,0.0,0.0,0.0
improved_graph_one_step,48,3,0.0,0.0,0.0,0.0,0.0,0.0
improved_graph_one_step,48,5,0.0,0.0,0.0,0.0,0.0,0.0
improved_graph_one_step,48,10,0.0,0.0,0.0,0.0,0.0,0.0
improved_graph_one_step,48,20,0.0,0.0,0.0,0.0,0.0,0.0
improved_graph_one_step,49,1,0.0,0.0,0.0,0.0,0.0,0.0
improved_graph_one_step,49,3,0.0,0.0,0.0,0.0,0.0,0.0
improved_graph_one_step,49,5,0.0,0.0,0.0,0.0,0.0,0.0
improved_graph_one_step,49,10,1.0,1.0,1.0,1.0,0.1,0.2890648263178879
improved_graph_one_step,49,20,1.0,1.0,1.0,1.0,0.1,0.2890648263178879
improved_graph_one_step,50,1,0.0,0.0,0.0,0.0,0.0,0.0
improved_graph_one_step,50,3,0.0,0.0,0.0,0.0,0.0,0.0
improved_graph_one_step,50,5,0.0,0.0,0.0,0.0,0.0,0.0
improved_graph_one_step,50,10,0.0,0.0,0.0,0.0,0.0,0.0
improved_graph_one_step,50,20,0.0,0.0,0.0,0.0,0.0,0.0
improved_graph_one_step,54,1,0.0,0.0,0.0,0.0,0.0,0.0
improved_graph_one_step,54,3,0.0,0.0,0.0,0.0,0.0,0.0
improved_graph_one_step,54,5,0.0,0.0,0.0,0.0,0.0,0.0
improved_graph_one_step,54,10,0.0,0.0,0.0,0.0,0.0,0.0
improved_graph_one_step,54,20,0.0,0.0,0.0,0.0,0.0,0.0
improved_graph_one_step,56,1,1.0,1.0,1.0,1.0,1.0,1.0
improved_graph_one_step,56,3,1.0,1.0,1.0,1.0,1.0,1.0
improved_graph_one_step,56,5,1.0,1.0,1.0,1.0,1.0,1.0
improved_graph_one_step,56,10,1.0,1.0,1.0,1.0,1.0,1.0
improved_graph_one_step,56,20,1.0,1.0,1.0,1.0,1.0,1.0
improved_graph_one_step,57,1,0.0,0.0,0.0,0.0,0.0,0.0
improved_graph_one_step,57,3,0.0,0.0,0.0,0.0,0.0,0.0
improved_graph_one_step,57,5,1.0,1.0,1.0,1.0,0.2,0.38685280723454163
improved_graph_one_step,57,10,1.0,1.0,1.0,1.0,0.2,0.38685280723454163
improved_graph_one_step,57,20,1.0,1.0,1.0,1.0,0.2,0.38685280723454163
improved_graph_one_step,58,1,1.0,1.0,1.0,1.0,1.0,1.0
improved_graph_one_step,58,3,1.0,1.0,1.0,1.0,1.0,1.0
improved_graph_one_step,58,5,1.0,1.0,1.0,1.0,1.0,1.0
improved_graph_one_step,58,10,1.0,1.0,1.0,1.0,1.0,1.0
improved_graph_one_step,58,20,1.0,1.0,1.0,1.0,1.0,1.0
improved_graph_one_step,59,1,1.0,1.0,1.0,1.0,1.0,1.0
improved_graph_one_step,59,3,1.0,1.0,1.0,1.0,1.0,1.0
improved_graph_one_step,59,5,1.0,1.0,1.0,1.0,1.0,1.0
improved_graph_one_step,59,10,1.0,1.0,1.0,1.0,1.0,1.0
improved_graph_one_step,59,20,1.0,1.0,1.0,1.0,1.0,1.0
improved_graph_one_step,60,1,0.0,0.0,0.0,0.0,0.0,0.0
improved_graph_one_step,60,3,0.0,0.0,0.0,0.0,0.0,0.0
improved_graph_one_step,60,5,0.0,0.0,0.0,0.0,0.0,0.0
improved_graph_one_step,60,10,0.0,0.0,0.0,0.0,0.0,0.0
improved_graph_one_step,60,20,0.0,0.0,0.0,0.0,0.0,0.0
improved_graph_one_step,61,1,0.0,0.0,0.0,0.0,0.0,0.0
improved_graph_one_step,61,3,0.0,0.0,0.0,0.0,0.0,0.0
improved_graph_one_step,61,5,0.0,0.0,0.0,0.0,0.0,0.0
improved_graph_one_step,61,10,0.0,0.0,0.0,0.0,0.0,0.0
improved_graph_one_step,61,20,0.0,0.0,0.0,0.0,0.0,0.0
improved_graph_one_step,62,1,0.0,0.0,0.0,0.0,0.0,0.0
improved_graph_one_step,62,3,0.0,0.0,0.0,0.0,0.0,0.0
improved_graph_one_step,62,5,0.0,0.0,0.0,0.0,0.0,0.0
improved_graph_one_step,62,10,0.0,0.0,0.0,0.0,0.0,0.0
improved_graph_one_step,62,20,0.0,0.0,0.0,0.0,0.0,0.0
improved_graph_one_step,63,1,0.0,0.0,0.0,0.0,0.0,0.0
improved_graph_one_step,63,3,0.0,0.0,0.0,0.0,0.0,0.0
improved_graph_one_step,63,5,0.0,0.0,0.0,0.0,0.0,0.0
improved_graph_one_step,63,10,0.0,0.0,0.0,0.0,0.0,0.0
improved_graph_one_step,63,20,0.0,0.0,0.0,0.0,0.0,0.0
improved_graph_one_step,65,1,0.0,0.0,0.0,0.0,0.0,0.0
improved_graph_one_step,65,3,0.0,0.0,0.0,0.0,0.0,0.0
improved_graph_one_step,65,5,0.0,0.0,0.0,0.0,0.0,0.0
improved_graph_one_step,65,10,0.0,0.0,0.0,0.0,0.0,0.0
improved_graph_one_step,65,20,0.0,0.0,0.0,0.0,0.0,0.0
improved_graph_one_step,66,1,0.0,0.0,0.0,0.0,0.0,0.0
improved_graph_one_step,66,3,0.0,0.0,0.0,0.0,0.0,0.0
improved_graph_one_step,66,5,0.0,0.0,0.0,0.0,0.0,0.0
improved_graph_one_step,66,10,0.0,0.0,0.0,0.0,0.0,0.0
improved_graph_one_step,66,20,0.0,0.0,0.0,0.0,0.0,0.0
improved_graph_one_step,67,1,0.0,0.0,0.0,0.0,0.0,0.0
improved_graph_one_step,67,3,1.0,1.0,1.0,1.0,0.5,0.6309297535714575
improved_graph_one_step,67,5,1.0,1.0,1.0,1.0,0.5,0.6309297535714575
improved_graph_one_step,67,10,1.0,1.0,1.0,1.0,0.5,0.6309297535714575
improved_graph_one_step,67,20,1.0,1.0,1.0,1.0,0.5,0.6309297535714575
improved_graph_one_step,68,1,1.0,1.0,1.0,1.0,1.0,1.0
improved_graph_one_step,68,3,1.0,1.0,1.0,1.0,1.0,1.0
improved_graph_one_step,68,5,1.0,1.0,1.0,1.0,1.0,1.0
improved_graph_one_step,68,10,1.0,1.0,1.0,1.0,1.0,1.0
improved_graph_one_step,68,20,1.0,1.0,1.0,1.0,1.0,1.0
improved_graph_one_step,69,1,0.0,0.0,0.0,0.0,0.0,0.0
improved_graph_one_step,69,3,0.0,0.0,0.0,0.0,0.0,0.0
improved_graph_one_step,69,5,0.0,0.0,0.0,0.0,0.0,0.0
improved_graph_one_step,69,10,0.0,0.0,0.0,0.0,0.0,0.0
improved_graph_one_step,69,20,0.0,0.0,0.0,0.0,0.0,0.0
improved_graph_one_step,70,1,1.0,1.0,1.0,1.0,1.0,1.0
improved_graph_one_step,70,3,1.0,1.0,1.0,1.0,1.0,1.0
improved_graph_one_step,70,5,1.0,1.0,1.0,1.0,1.0,1.0
improved_graph_one_step,70,10,1.0,1.0,1.0,1.0,1.0,1.0
improved_graph_one_step,70,20,1.0,1.0,1.0,1.0,1.0,1.0
improved_graph_one_step,71,1,1.0,1.0,1.0,1.0,1.0,1.0
improved_graph_one_step,71,3,1.0,1.0,1.0,1.0,1.0,1.0
improved_graph_one_step,71,5,1.0,1.0,1.0,1.0,1.0,1.0
improved_graph_one_step,71,10,1.0,1.0,1.0,1.0,1.0,1.0
improved_graph_one_step,71,20,1.0,1.0,1.0,1.0,1.0,1.0
improved_graph_one_step,72,1,0.0,0.0,0.0,0.0,0.0,0.0
improved_graph_one_step,72,3,0.0,0.0,0.0,0.0,0.0,0.0
improved_graph_one_step,72,5,0.0,0.0,0.0,0.0,0.0,0.0
improved_graph_one_step,72,10,0.0,0.0,0.0,0.0,0.0,0.0
improved_graph_one_step,72,20,0.0,0.0,0.0,0.0,0.0,0.0
improved_graph_one_step,73,1,1.0,1.0,1.0,1.0,1.0,1.0
improved_graph_one_step,73,3,1.0,1.0,1.0,1.0,1.0,1.0
improved_graph_one_step,73,5,1.0,1.0,1.0,1.0,1.0,1.0
improved_graph_one_step,73,10,1.0,1.0,1.0,1.0,1.0,1.0
improved_graph_one_step,73,20,1.0,1.0,1.0,1.0,1.0,1.0
improved_graph_one_step,74,1,1.0,1.0,1.0,1.0,1.0,1.0
improved_graph_one_step,74,3,1.0,1.0,1.0,1.0,1.0,1.0
improved_graph_one_step,74,5,1.0,1.0,1.0,1.0,1.0,1.0
improved_graph_one_step,74,10,1.0,1.0,1.0,1.0,1.0,1.0
improved_graph_one_step,74,20,1.0,1.0,1.0,1.0,1.0,1.0
improved_graph_one_step,75,1,0.0,0.0,0.0,0.0,0.0,0.0
improved_graph_one_step,75,3,0.0,0.0,0.0,0.0,0.0,0.0
improved_graph_one_step,75,5,0.0,0.0,0.0,0.0,0.0,0.0
improved_graph_one_step,75,10,0.0,0.0,0.0,0.0,0.0,0.0
improved_graph_one_step,75,20,0.0,0.0,0.0,0.0,0.0,0.0
improved_graph_one_step,77,1,0.0,0.0,0.0,0.0,0.0,0.0
improved_graph_one_step,77,3,0.0,0.0,0.0,0.0,0.0,0.0
improved_graph_one_step,77,5,0.0,0.0,0.0,0.0,0.0,0.0
improved_graph_one_step,77,10,0.0,0.0,0.0,0.0,0.0,0.0
improved_graph_one_step,77,20,0.0,0.0,0.0,0.0,0.0,0.0
improved_graph_one_step,78,1,0.0,0.0,0.0,0.0,0.0,0.0
improved_graph_one_step,78,3,0.0,0.0,0.0,0.0,0.0,0.0
improved_graph_one_step,78,5,0.0,0.0,0.0,0.0,0.0,0.0
improved_graph_one_step,78,10,0.0,0.0,0.0,0.0,0.0,0.0
improved_graph_one_step,78,20,1.0,1.0,1.0,1.0,0.08333333333333333,0.27023815442731974
improved_graph_one_step,79,1,1.0,1.0,1.0,1.0,1.0,1.0
improved_graph_one_step,79,3,1.0,1.0,1.0,1.0,1.0,1.0
improved_graph_one_step,79,5,1.0,1.0,1.0,1.0,1.0,1.0
improved_graph_one_step,79,10,1.0,1.0,1.0,1.0,1.0,1.0
improved_graph_one_step,79,20,1.0,1.0,1.0,1.0,1.0,1.0
improved_graph_one_step,81,1,1.0,1.0,1.0,1.0,1.0,1.0
improved_graph_one_step,81,3,1.0,1.0,1.0,1.0,1.0,1.0
improved_graph_one_step,81,5,1.0,1.0,1.0,1.0,1.0,1.0
improved_graph_one_step,81,10,1.0,1.0,1.0,1.0,1.0,1.0
improved_graph_one_step,81,20,1.0,1.0,1.0,1.0,1.0,1.0
improved_graph_one_step,82,1,0.0,0.0,0.0,0.0,0.0,0.0
improved_graph_one_step,82,3,0.0,0.0,0.0,0.0,0.0,0.0
improved_graph_one_step,82,5,0.0,0.0,0.0,0.0,0.0,0.0
improved_graph_one_step,82,10,0.0,0.0,0.0,0.0,0.0,0.0
improved_graph_one_step,82,20,0.0,0.0,0.0,0.0,0.0,0.0
improved_graph_one_step,83,1,0.0,0.0,0.0,0.0,0.0,0.0
improved_graph_one_step,83,3,0.0,0.0,0.0,0.0,0.0,0.0
improved_graph_one_step,83,5,0.0,0.0,0.0,0.0,0.0,0.0
improved_graph_one_step,83,10,0.0,0.0,0.0,0.0,0.0,0.0
improved_graph_one_step,83,20,0.0,0.0,0.0,0.0,0.0,0.0
improved_graph_one_step,84,1,0.0,0.0,0.0,0.0,0.0,0.0
improved_graph_one_step,84,3,0.0,0.0,0.0,0.0,0.0,0.0
improved_graph_one_step,84,5,0.0,0.0,0.0,0.0,0.0,0.0
improved_graph_one_step,84,10,0.0,0.0,0.0,0.0,0.0,0.0
improved_graph_one_step,84,20,0.0,0.0,0.0,0.0,0.0,0.0
improved_graph_one_step,87,1,1.0,1.0,1.0,1.0,1.0,1.0
improved_graph_one_step,87,3,1.0,1.0,1.0,1.0,1.0,1.0
improved_graph_one_step,87,5,1.0,1.0,1.0,1.0,1.0,1.0
improved_graph_one_step,87,10,1.0,1.0,1.0,1.0,1.0,1.0
improved_graph_one_step,87,20,1.0,1.0,1.0,1.0,1.0,1.0
improved_graph_one_step,88,1,0.0,0.0,0.0,0.0,0.0,0.0
improved_graph_one_step,88,3,1.0,1.0,1.0,1.0,0.5,0.6309297535714575
improved_graph_one_step,88,5,1.0,1.0,1.0,1.0,0.5,0.6309297535714575
improved_graph_one_step,88,10,1.0,1.0,1.0,1.0,0.5,0.6309297535714575
improved_graph_one_step,88,20,1.0,1.0,1.0,1.0,0.5,0.6309297535714575
improved_graph_one_step,89,1,0.0,0.0,0.0,0.0,0.0,0.0
improved_graph_one_step,89,3,0.0,0.0,0.0,0.0,0.0,0.0
improved_graph_one_step,89,5,1.0,1.0,1.0,1.0,0.2,0.38685280723454163
improved_graph_one_step,89,10,1.0,1.0,1.0,1.0,0.2,0.38685280723454163
improved_graph_one_step,89,20,1.0,1.0,1.0,1.0,0.2,0.38685280723454163
improved_graph_one_step,90,1,0.0,0.0,0.0,0.0,0.0,0.0
improved_graph_one_step,90,3,0.0,0.0,0.0,0.0,0.0,0.0
improved_graph_one_step,90,5,1.0,1.0,1.0,1.0,0.2,0.38685280723454163
improved_graph_one_step,90,10,1.0,1.0,1.0,1.0,0.2,0.38685280723454163
improved_graph_one_step,90,20,1.0,1.0,1.0,1.0,0.2,0.38685280723454163
improved_graph_one_step,92,1,0.0,0.0,0.0,0.0,0.0,0.0
improved_graph_one_step,92,3,0.0,0.0,0.0,0.0,0.0,0.0
improved_graph_one_step,92,5,0.0,0.0,0.0,0.0,0.0,0.0
improved_graph_one_step,92,10,0.0,0.0,0.0,0.0,0.0,0.0
improved_graph_one_step,92,20,0.0,0.0,0.0,0.0,0.0,0.0
improved_graph_one_step,93,1,0.0,0.0,0.0,0.0,0.0,0.0
improved_graph_one_step,93,3,0.0,0.0,0.0,0.0,0.0,0.0
improved_graph_one_step,93,5,0.0,0.0,0.0,0.0,0.0,0.0
improved_graph_one_step,93,10,0.0,0.0,0.0,0.0,0.0,0.0
improved_graph_one_step,93,20,0.0,0.0,0.0,0.0,0.0,0.0
improved_graph_one_step,94,1,0.0,0.0,0.0,0.0,0.0,0.0
improved_graph_one_step,94,3,0.0,0.0,0.0,0.0,0.0,0.0
improved_graph_one_step,94,5,0.0,0.0,0.0,0.0,0.0,0.0
improved_graph_one_step,94,10,0.0,0.0,0.0,0.0,0.0,0.0
improved_graph_one_step,94,20,0.0,0.0,0.0,0.0,0.0,0.0
improved_graph_one_step,95,1,1.0,1.0,1.0,1.0,1.0,1.0
improved_graph_one_step,95,3,1.0,1.0,1.0,1.0,1.0,1.0
improved_graph_one_step,95,5,1.0,1.0,1.0,1.0,1.0,1.0
improved_graph_one_step,95,10,1.0,1.0,1.0,1.0,1.0,1.0
improved_graph_one_step,95,20,1.0,1.0,1.0,1.0,1.0,1.0
improved_graph_one_step,97,1,1.0,1.0,1.0,1.0,1.0,1.0
improved_graph_one_step,97,3,1.0,1.0,1.0,1.0,1.0,1.0
improved_graph_one_step,97,5,1.0,1.0,1.0,1.0,1.0,1.0
improved_graph_one_step,97,10,1.0,1.0,1.0,1.0,1.0,1.0
improved_graph_one_step,97,20,1.0,1.0,1.0,1.0,1.0,1.0
improved_graph_one_step,98,1,1.0,1.0,1.0,1.0,1.0,1.0
improved_graph_one_step,98,3,1.0,1.0,1.0,1.0,1.0,1.0
improved_graph_one_step,98,5,1.0,1.0,1.0,1.0,1.0,1.0
improved_graph_one_step,98,10,1.0,1.0,1.0,1.0,1.0,1.0
improved_graph_one_step,98,20,1.0,1.0,1.0,1.0,1.0,1.0
improved_graph_one_step,99,1,0.0,0.0,0.0,0.0,0.0,0.0
improved_graph_one_step,99,3,0.0,0.0,0.0,0.0,0.0,0.0
improved_graph_one_step,99,5,0.0,0.0,0.0,0.0,0.0,0.0
improved_graph_one_step,99,10,0.0,0.0,0.0,0.0,0.0,0.0
improved_graph_one_step,99,20,0.0,0.0,0.0,0.0,0.0,0.0
improved_graph_one_step,100,1,1.0,1.0,1.0,1.0,1.0,1.0
improved_graph_one_step,100,3,1.0,1.0,1.0,1.0,1.0,1.0
improved_graph_one_step,100,5,1.0,1.0,1.0,1.0,1.0,1.0
improved_graph_one_step,100,10,1.0,1.0,1.0,1.0,1.0,1.0
improved_graph_one_step,100,20,1.0,1.0,1.0,1.0,1.0,1.0
improved_graph_word_forms,1,1,1.0,1.0,1.0,1.0,1.0,1.0
improved_graph_word_forms,1,3,1.0,1.0,1.0,1.0,1.0,1.0
improved_graph_word_forms,1,5,1.0,1.0,1.0,1.0,1.0,1.0
improved_graph_word_forms,1,10,1.0,1.0,1.0,1.0,1.0,1.0
improved_graph_word_forms,1,20,1.0,1.0,1.0,1.0,1.0,1.0
improved_graph_word_forms,3,1,0.0,0.0,0.0,0.0,0.0,0.0
improved_graph_word_forms,3,3,0.0,0.0,0.0,0.0,0.0,0.0
improved_graph_word_forms,3,5,0.0,0.0,0.0,0.0,0.0,0.0
improved_graph_word_forms,3,10,0.0,0.0,0.0,0.0,0.0,0.0
improved_graph_word_forms,3,20,0.0,0.0,0.0,0.0,0.0,0.0
improved_graph_word_forms,5,1,0.0,0.0,0.0,0.0,0.0,0.0
improved_graph_word_forms,5,3,0.0,0.0,0.0,0.0,0.0,0.0
improved_graph_word_forms,5,5,0.0,0.0,0.0,0.0,0.0,0.0
improved_graph_word_forms,5,10,0.0,0.0,0.0,0.0,0.0,0.0
improved_graph_word_forms,5,20,0.0,0.0,0.0,0.0,0.0,0.0
improved_graph_word_forms,6,1,0.0,0.0,0.0,0.0,0.0,0.0
improved_graph_word_forms,6,3,0.0,0.0,0.0,0.0,0.0,0.0
improved_graph_word_forms,6,5,0.0,0.0,0.0,0.0,0.0,0.0
improved_graph_word_forms,6,10,0.0,0.0,0.0,0.0,0.0,0.0
improved_graph_word_forms,6,20,1.0,1.0,1.0,1.0,0.07142857142857142,0.2559580248098155
improved_graph_word_forms,7,1,0.0,0.0,0.0,0.0,0.0,0.0
improved_graph_word_forms,7,3,0.0,0.0,0.0,0.0,0.0,0.0
improved_graph_word_forms,7,5,0.0,0.0,0.0,0.0,0.0,0.0
improved_graph_word_forms,7,10,0.0,0.0,0.0,0.0,0.0,0.0
improved_graph_word_forms,7,20,0.0,0.0,0.0,0.0,0.0,0.0
improved_graph_word_forms,8,1,0.0,0.0,0.0,0.0,0.0,0.0
improved_graph_word_forms,8,3,0.0,0.0,0.0,0.0,0.0,0.0
improved_graph_word_forms,8,5,0.0,0.0,0.0,0.0,0.0,0.0
improved_graph_word_forms,8,10,0.0,0.0,0.0,0.0,0.0,0.0
improved_graph_word_forms,8,20,0.0,0.0,0.0,0.0,0.0,0.0
improved_graph_word_forms,11,1,0.0,0.0,0.0,0.0,0.0,0.0
improved_graph_word_forms,11,3,0.0,0.0,0.0,0.0,0.0,0.0
improved_graph_word_forms,11,5,0.0,0.0,0.0,0.0,0.0,0.0
improved_graph_word_forms,11,10,0.0,0.0,0.0,0.0,0.0,0.0
improved_graph_word_forms,11,20,0.0,0.0,0.0,0.0,0.0,0.0
improved_graph_word_forms,12,1,0.0,0.0,0.0,0.0,0.0,0.0
improved_graph_word_forms,12,3,0.0,0.0,0.0,0.0,0.0,0.0
improved_graph_word_forms,12,5,0.0,0.0,0.0,0.0,0.0,0.0
improved_graph_word_forms,12,10,0.0,0.0,0.0,0.0,0.0,0.0
improved_graph_word_forms,12,20,0.0,0.0,0.0,0.0,0.0,0.0
improved_graph_word_forms,14,1,0.0,0.0,0.0,0.0,0.0,0.0
improved_graph_word_forms,14,3,0.0,0.0,0.0,0.0,0.0,0.0
improved_graph_word_forms,14,5,0.0,0.0,0.0,0.0,0.0,0.0
improved_graph_word_forms,14,10,0.0,0.0,0.0,0.0,0.0,0.0
improved_graph_word_forms,14,20,0.0,0.0,0.0,0.0,0.0,0.0
improved_graph_word_forms,15,1,0.0,0.0,0.0,0.0,0.0,0.0
improved_graph_word_forms,15,3,0.0,0.0,0.0,0.0,0.0,0.0
improved_graph_word_forms,15,5,0.0,0.0,0.0,0.0,0.0,0.0
improved_graph_word_forms,15,10,0.0,0.0,0.0,0.0,0.0,0.0
improved_graph_word_forms,15,20,0.0,0.0,0.0,0.0,0.0,0.0
improved_graph_word_forms,16,1,0.0,0.0,0.0,0.0,0.0,0.0
improved_graph_word_forms,16,3,0.0,0.0,0.0,0.0,0.0,0.0
improved_graph_word_forms,16,5,1.0,1.0,1.0,1.0,0.25,0.43067655807339306
improved_graph_word_forms,16,10,1.0,1.0,1.0,1.0,0.25,0.43067655807339306
improved_graph_word_forms,16,20,1.0,1.0,1.0,1.0,0.25,0.43067655807339306
improved_graph_word_forms,17,1,0.0,0.0,0.0,0.0,0.0,0.0
improved_graph_word_forms,17,3,1.0,1.0,1.0,1.0,0.5,0.6309297535714575
improved_graph_word_forms,17,5,1.0,1.0,1.0,1.0,0.5,0.6309297535714575
improved_graph_word_forms,17,10,1.0,1.0,1.0,1.0,0.5,0.6309297535714575
improved_graph_word_forms,17,20,1.0,1.0,1.0,1.0,0.5,0.6309297535714575
improved_graph_word_forms,18,1,0.0,0.0,0.0,0.0,0.0,0.0
improved_graph_word_forms,18,3,0.0,0.0,0.0,0.0,0.0,0.0
improved_graph_word_forms,18,5,0.0,0.0,0.0,0.0,0.0,0.0
improved_graph_word_forms,18,10,0.0,0.0,0.0,0.0,0.0,0.0
improved_graph_word_forms,18,20,1.0,1.0,1.0,1.0,0.05,0.227670248696953
improved_graph_word_forms,19,1,1.0,1.0,1.0,1.0,1.0,1.0
improved_graph_word_forms,19,3,1.0,1.0,1.0,1.0,1.0,1.0
improved_graph_word_forms,19,5,1.0,1.0,1.0,1.0,1.0,1.0
improved_graph_word_forms,19,10,1.0,1.0,1.0,1.0,1.0,1.0
improved_graph_word_forms,19,20,1.0,1.0,1.0,1.0,1.0,1.0
improved_graph_word_forms,20,1,0.0,0.0,0.0,0.0,0.0,0.0
improved_graph_word_forms,20,3,0.0,0.0,0.0,0.0,0.0,0.0
improved_graph_word_forms,20,5,0.0,0.0,0.0,0.0,0.0,0.0
improved_graph_word_forms,20,10,0.0,0.0,0.0,0.0,0.0,0.0
improved_graph_word_forms,20,20,1.0,1.0,1.0,1.0,0.05555555555555555,0.23540891336663824
improved_graph_word_forms,21,1,0.0,0.0,0.0,0.0,0.0,0.0
improved_graph_word_forms,21,3,0.0,0.0,0.0,0.0,0.0,0.0
improved_graph_word_forms,21,5,0.0,0.0,0.0,0.0,0.0,0.0
improved_graph_word_forms,21,10,0.0,0.0,0.0,0.0,0.0,0.0
improved_graph_word_forms,21,20,0.0,0.0,0.0,0.0,0.0,0.0
improved_graph_word_forms,22,1,0.0,0.0,0.0,0.0,0.0,0.0
improved_graph_word_forms,22,3,0.0,0.0,0.0,0.0,0.0,0.0
improved_graph_word_forms,22,5,0.0,0.0,0.0,0.0,0.0,0.0
improved_graph_word_forms,22,10,1.0,1.0,1.0,1.0,0.16666666666666666,0.3562071871080222
improved_graph_word_forms,22,20,1.0,1.0,1.0,1.0,0.16666666666666666,0.3562071871080222
improved_graph_word_forms,23,1,0.0,0.0,0.0,0.0,0.0,0.0
improved_graph_word_forms,23,3,0.0,0.0,0.0,0.0,0.0,0.0
improved_graph_word_forms,23,5,0.0,0.0,0.0,0.0,0.0,0.0
improved_graph_word_forms,23,10,0.0,0.0,0.0,0.0,0.0,0.0
improved_graph_word_forms,23,20,0.0,0.0,0.0,0.0,0.0,0.0
improved_graph_word_forms,25,1,0.0,0.0,0.0,0.0,0.0,0.0
improved_graph_word_forms,25,3,0.0,0.0,0.0,0.0,0.0,0.0
improved_graph_word_forms,25,5,0.0,0.0,0.0,0.0,0.0,0.0
improved_graph_word_forms,25,10,0.0,0.0,0.0,0.0,0.0,0.0
improved_graph_word_forms,25,20,0.0,0.0,0.0,0.0,0.0,0.0
improved_graph_word_forms,26,1,0.0,0.0,0.0,0.0,0.0,0.0
improved_graph_word_forms,26,3,0.0,0.0,0.0,0.0,0.0,0.0
improved_graph_word_forms,26,5,0.0,0.0,0.0,0.0,0.0,0.0
improved_graph_word_forms,26,10,1.0,1.0,1.0,1.0,0.1111111111111111,0.3010299956639812
improved_graph_word_forms,26,20,1.0,1.0,1.0,1.0,0.1111111111111111,0.3010299956639812
improved_graph_word_forms,27,1,0.0,0.0,0.0,0.0,0.0,0.0
improved_graph_word_forms,27,3,0.0,0.0,0.0,0.0,0.0,0.0
improved_graph_word_forms,27,5,0.0,0.0,0.0,0.0,0.0,0.0
improved_graph_word_forms,27,10,0.0,0.0,0.0,0.0,0.0,0.0
improved_graph_word_forms,27,20,0.0,0.0,0.0,0.0,0.0,0.0
improved_graph_word_forms,28,1,0.0,0.0,0.0,0.0,0.0,0.0
improved_graph_word_forms,28,3,0.0,0.0,0.0,0.0,0.0,0.0
improved_graph_word_forms,28,5,0.0,0.0,0.0,0.0,0.0,0.0
improved_graph_word_forms,28,10,0.0,0.0,0.0,0.0,0.0,0.0
improved_graph_word_forms,28,20,0.0,0.0,0.0,0.0,0.0,0.0
improved_graph_word_forms,29,1,0.0,0.0,0.0,0.0,0.0,0.0
improved_graph_word_forms,29,3,0.0,0.0,0.0,0.0,0.0,0.0
improved_graph_word_forms,29,5,0.0,0.0,0.0,0.0,0.0,0.0
improved_graph_word_forms,29,10,0.0,0.0,0.0,0.0,0.0,0.0
improved_graph_word_forms,29,20,0.0,0.0,0.0,0.0,0.0,0.0
improved_graph_word_forms,31,1,0.0,0.0,0.0,0.0,0.0,0.0
improved_graph_word_forms,31,3,0.0,0.0,0.0,0.0,0.0,0.0
improved_graph_word_forms,31,5,1.0,1.0,1.0,1.0,0.25,0.43067655807339306
improved_graph_word_forms,31,10,1.0,1.0,1.0,1.0,0.25,0.43067655807339306
improved_graph_word_forms,31,20,1.0,1.0,1.0,1.0,0.25,0.43067655807339306
improved_graph_word_forms,32,1,0.0,0.0,0.0,0.0,0.0,0.0
improved_graph_word_forms,32,3,0.0,0.0,0.0,0.0,0.0,0.0
improved_graph_word_forms,32,5,1.0,1.0,1.0,1.0,0.25,0.43067655807339306
improved_graph_word_forms,32,10,1.0,1.0,1.0,1.0,0.25,0.43067655807339306
improved_graph_word_forms,32,20,1.0,1.0,1.0,1.0,0.25,0.43067655807339306
improved_graph_word_forms,33,1,1.0,1.0,1.0,1.0,1.0,1.0
improved_graph_word_forms,33,3,1.0,1.0,1.0,1.0,1.0,1.0
improved_graph_word_forms,33,5,1.0,1.0,1.0,1.0,1.0,1.0
improved_graph_word_forms,33,10,1.0,1.0,1.0,1.0,1.0,1.0
improved_graph_word_forms,33,20,1.0,1.0,1.0,1.0,1.0,1.0
improved_graph_word_forms,35,1,0.0,0.0,0.0,0.0,0.0,0.0
improved_graph_word_forms,35,3,0.0,0.0,0.0,0.0,0.0,0.0
improved_graph_word_forms,35,5,0.0,0.0,0.0,0.0,0.0,0.0
improved_graph_word_forms,35,10,0.0,0.0,0.0,0.0,0.0,0.0
improved_graph_word_forms,35,20,0.0,0.0,0.0,0.0,0.0,0.0
improved_graph_word_forms,37,1,1.0,1.0,1.0,1.0,1.0,1.0
improved_graph_word_forms,37,3,1.0,1.0,1.0,1.0,1.0,1.0
improved_graph_word_forms,37,5,1.0,1.0,1.0,1.0,1.0,1.0
improved_graph_word_forms,37,10,1.0,1.0,1.0,1.0,1.0,1.0
improved_graph_word_forms,37,20,1.0,1.0,1.0,1.0,1.0,1.0
improved_graph_word_forms,38,1,0.0,0.0,0.0,0.0,0.0,0.0
improved_graph_word_forms,38,3,1.0,1.0,1.0,1.0,0.3333333333333333,0.5
improved_graph_word_forms,38,5,1.0,1.0,1.0,1.0,0.3333333333333333,0.5
improved_graph_word_forms,38,10,1.0,1.0,1.0,1.0,0.3333333333333333,0.5
improved_graph_word_forms,38,20,1.0,1.0,1.0,1.0,0.3333333333333333,0.5
improved_graph_word_forms,39,1,0.0,0.0,0.0,0.0,0.0,0.0
improved_graph_word_forms,39,3,0.0,0.0,0.0,0.0,0.0,0.0
improved_graph_word_forms,39,5,0.0,0.0,0.0,0.0,0.0,0.0
improved_graph_word_forms,39,10,1.0,1.0,1.0,1.0,0.1111111111111111,0.3010299956639812
improved_graph_word_forms,39,20,1.0,1.0,1.0,1.0,0.1111111111111111,0.3010299956639812
improved_graph_word_forms,40,1,0.0,0.0,0.0,0.0,0.0,0.0
improved_graph_word_forms,40,3,0.0,0.0,0.0,0.0,0.0,0.0
improved_graph_word_forms,40,5,0.0,0.0,0.0,0.0,0.0,0.0
improved_graph_word_forms,40,10,0.0,0.0,0.0,0.0,0.0,0.0
improved_graph_word_forms,40,20,0.0,0.0,0.0,0.0,0.0,0.0
improved_graph_word_forms,41,1,0.0,0.0,0.0,0.0,0.0,0.0
improved_graph_word_forms,41,3,0.0,0.0,0.0,0.0,0.0,0.0
improved_graph_word_forms,41,5,0.0,0.0,0.0,0.0,0.0,0.0
improved_graph_word_forms,41,10,0.0,0.0,0.0,0.0,0.0,0.0
improved_graph_word_forms,41,20,0.0,0.0,0.0,0.0,0.0,0.0
improved_graph_word_forms,42,1,0.0,0.0,0.0,0.0,0.0,0.0
improved_graph_word_forms,42,3,0.0,0.0,0.0,0.0,0.0,0.0
improved_graph_word_forms,42,5,0.0,0.0,0.0,0.0,0.0,0.0
improved_graph_word_forms,42,10,0.0,0.0,0.0,0.0,0.0,0.0
improved_graph_word_forms,42,20,0.0,0.0,0.0,0.0,0.0,0.0
improved_graph_word_forms,43,1,0.0,0.0,0.0,0.0,0.0,0.0
improved_graph_word_forms,43,3,0.0,0.0,0.0,0.0,0.0,0.0
improved_graph_word_forms,43,5,0.0,0.0,0.0,0.0,0.0,0.0
improved_graph_word_forms,43,10,0.0,0.0,0.0,0.0,0.0,0.0
improved_graph_word_forms,43,20,0.0,0.0,0.0,0.0,0.0,0.0
improved_graph_word_forms,44,1,0.0,0.0,0.0,0.0,0.0,0.0
improved_graph_word_forms,44,3,0.0,0.0,0.0,0.0,0.0,0.0
improved_graph_word_forms,44,5,0.0,0.0,0.0,0.0,0.0,0.0
improved_graph_word_forms,44,10,0.0,0.0,0.0,0.0,0.0,0.0
improved_graph_word_forms,44,20,0.0,0.0,0.0,0.0,0.0,0.0
improved_graph_word_forms,45,1,0.0,0.0,0.0,0.0,0.0,0.0
improved_graph_word_forms,45,3,1.0,1.0,1.0,1.0,0.5,0.6309297535714575
improved_graph_word_forms,45,5,1.0,1.0,1.0,1.0,0.5,0.6309297535714575
improved_graph_word_forms,45,10,1.0,1.0,1.0,1.0,0.5,0.6309297535714575
improved_graph_word_forms,45,20,1.0,1.0,1.0,1.0,0.5,0.6309297535714575
improved_graph_word_forms,46,1,0.0,0.0,0.0,0.0,0.0,0.0
improved_graph_word_forms,46,3,0.0,0.0,0.0,0.0,0.0,0.0
improved_graph_word_forms,46,5,0.0,0.0,0.0,0.0,0.0,0.0
improved_graph_word_forms,46,10,0.0,0.0,0.0,0.0,0.0,0.0
improved_graph_word_forms,46,20,0.0,0.0,0.0,0.0,0.0,0.0
improved_graph_word_forms,47,1,0.0,0.0,0.0,0.0,0.0,0.0
improved_graph_word_forms,47,3,0.0,0.0,0.0,0.0,0.0,0.0
improved_graph_word_forms,47,5,0.0,0.0,0.0,0.0,0.0,0.0
improved_graph_word_forms,47,10,0.0,0.0,0.0,0.0,0.0,0.0
improved_graph_word_forms,47,20,0.0,0.0,0.0,0.0,0.0,0.0
improved_graph_word_forms,48,1,0.0,0.0,0.0,0.0,0.0,0.0
improved_graph_word_forms,48,3,0.0,0.0,0.0,0.0,0.0,0.0
improved_graph_word_forms,48,5,0.0,0.0,0.0,0.0,0.0,0.0
improved_graph_word_forms,48,10,0.0,0.0,0.0,0.0,0.0,0.0
improved_graph_word_forms,48,20,0.0,0.0,0.0,0.0,0.0,0.0
improved_graph_word_forms,49,1,0.0,0.0,0.0,0.0,0.0,0.0
improved_graph_word_forms,49,3,0.0,0.0,0.0,0.0,0.0,0.0
improved_graph_word_forms,49,5,0.0,0.0,0.0,0.0,0.0,0.0
improved_graph_word_forms,49,10,0.0,0.0,0.0,0.0,0.0,0.0
improved_graph_word_forms,49,20,1.0,1.0,1.0,1.0,0.05555555555555555,0.23540891336663824
improved_graph_word_forms,50,1,0.0,0.0,0.0,0.0,0.0,0.0
improved_graph_word_forms,50,3,0.0,0.0,0.0,0.0,0.0,0.0
improved_graph_word_forms,50,5,0.0,0.0,0.0,0.0,0.0,0.0
improved_graph_word_forms,50,10,0.0,0.0,0.0,0.0,0.0,0.0
improved_graph_word_forms,50,20,0.0,0.0,0.0,0.0,0.0,0.0
improved_graph_word_forms,54,1,0.0,0.0,0.0,0.0,0.0,0.0
improved_graph_word_forms,54,3,0.0,0.0,0.0,0.0,0.0,0.0
improved_graph_word_forms,54,5,0.0,0.0,0.0,0.0,0.0,0.0
improved_graph_word_forms,54,10,0.0,0.0,0.0,0.0,0.0,0.0
improved_graph_word_forms,54,20,0.0,0.0,0.0,0.0,0.0,0.0
improved_graph_word_forms,56,1,1.0,1.0,1.0,1.0,1.0,1.0
improved_graph_word_forms,56,3,1.0,1.0,1.0,1.0,1.0,1.0
improved_graph_word_forms,56,5,1.0,1.0,1.0,1.0,1.0,1.0
improved_graph_word_forms,56,10,1.0,1.0,1.0,1.0,1.0,1.0
improved_graph_word_forms,56,20,1.0,1.0,1.0,1.0,1.0,1.0
improved_graph_word_forms,57,1,0.0,0.0,0.0,0.0,0.0,0.0
improved_graph_word_forms,57,3,0.0,0.0,0.0,0.0,0.0,0.0
improved_graph_word_forms,57,5,1.0,1.0,1.0,1.0,0.2,0.38685280723454163
improved_graph_word_forms,57,10,1.0,1.0,1.0,1.0,0.2,0.38685280723454163
improved_graph_word_forms,57,20,1.0,1.0,1.0,1.0,0.2,0.38685280723454163
improved_graph_word_forms,58,1,1.0,1.0,1.0,1.0,1.0,1.0
improved_graph_word_forms,58,3,1.0,1.0,1.0,1.0,1.0,1.0
improved_graph_word_forms,58,5,1.0,1.0,1.0,1.0,1.0,1.0
improved_graph_word_forms,58,10,1.0,1.0,1.0,1.0,1.0,1.0
improved_graph_word_forms,58,20,1.0,1.0,1.0,1.0,1.0,1.0
improved_graph_word_forms,59,1,1.0,1.0,1.0,1.0,1.0,1.0
improved_graph_word_forms,59,3,1.0,1.0,1.0,1.0,1.0,1.0
improved_graph_word_forms,59,5,1.0,1.0,1.0,1.0,1.0,1.0
improved_graph_word_forms,59,10,1.0,1.0,1.0,1.0,1.0,1.0
improved_graph_word_forms,59,20,1.0,1.0,1.0,1.0,1.0,1.0
improved_graph_word_forms,60,1,0.0,0.0,0.0,0.0,0.0,0.0
improved_graph_word_forms,60,3,0.0,0.0,0.0,0.0,0.0,0.0
improved_graph_word_forms,60,5,0.0,0.0,0.0,0.0,0.0,0.0
improved_graph_word_forms,60,10,0.0,0.0,0.0,0.0,0.0,0.0
improved_graph_word_forms,60,20,0.0,0.0,0.0,0.0,0.0,0.0
improved_graph_word_forms,61,1,0.0,0.0,0.0,0.0,0.0,0.0
improved_graph_word_forms,61,3,0.0,0.0,0.0,0.0,0.0,0.0
improved_graph_word_forms,61,5,0.0,0.0,0.0,0.0,0.0,0.0
improved_graph_word_forms,61,10,0.0,0.0,0.0,0.0,0.0,0.0
improved_graph_word_forms,61,20,0.0,0.0,0.0,0.0,0.0,0.0
improved_graph_word_forms,62,1,0.0,0.0,0.0,0.0,0.0,0.0
improved_graph_word_forms,62,3,0.0,0.0,0.0,0.0,0.0,0.0
improved_graph_word_forms,62,5,0.0,0.0,0.0,0.0,0.0,0.0
improved_graph_word_forms,62,10,0.0,0.0,0.0,0.0,0.0,0.0
improved_graph_word_forms,62,20,0.0,0.0,0.0,0.0,0.0,0.0
improved_graph_word_forms,63,1,0.0,0.0,0.0,0.0,0.0,0.0
improved_graph_word_forms,63,3,0.0,0.0,0.0,0.0,0.0,0.0
improved_graph_word_forms,63,5,0.0,0.0,0.0,0.0,0.0,0.0
improved_graph_word_forms,63,10,0.0,0.0,0.0,0.0,0.0,0.0
improved_graph_word_forms,63,20,0.0,0.0,0.0,0.0,0.0,0.0
improved_graph_word_forms,65,1,0.0,0.0,0.0,0.0,0.0,0.0
improved_graph_word_forms,65,3,0.0,0.0,0.0,0.0,0.0,0.0
improved_graph_word_forms,65,5,0.0,0.0,0.0,0.0,0.0,0.0
improved_graph_word_forms,65,10,0.0,0.0,0.0,0.0,0.0,0.0
improved_graph_word_forms,65,20,1.0,1.0,1.0,1.0,0.05,0.227670248696953
improved_graph_word_forms,66,1,0.0,0.0,0.0,0.0,0.0,0.0
improved_graph_word_forms,66,3,0.0,0.0,0.0,0.0,0.0,0.0
improved_graph_word_forms,66,5,0.0,0.0,0.0,0.0,0.0,0.0
improved_graph_word_forms,66,10,0.0,0.0,0.0,0.0,0.0,0.0
improved_graph_word_forms,66,20,0.0,0.0,0.0,0.0,0.0,0.0
improved_graph_word_forms,67,1,0.0,0.0,0.0,0.0,0.0,0.0
improved_graph_word_forms,67,3,1.0,1.0,1.0,1.0,0.5,0.6309297535714575
improved_graph_word_forms,67,5,1.0,1.0,1.0,1.0,0.5,0.6309297535714575
improved_graph_word_forms,67,10,1.0,1.0,1.0,1.0,0.5,0.6309297535714575
improved_graph_word_forms,67,20,1.0,1.0,1.0,1.0,0.5,0.6309297535714575
improved_graph_word_forms,68,1,1.0,1.0,1.0,1.0,1.0,1.0
improved_graph_word_forms,68,3,1.0,1.0,1.0,1.0,1.0,1.0
improved_graph_word_forms,68,5,1.0,1.0,1.0,1.0,1.0,1.0
improved_graph_word_forms,68,10,1.0,1.0,1.0,1.0,1.0,1.0
improved_graph_word_forms,68,20,1.0,1.0,1.0,1.0,1.0,1.0
improved_graph_word_forms,69,1,0.0,0.0,0.0,0.0,0.0,0.0
improved_graph_word_forms,69,3,0.0,0.0,0.0,0.0,0.0,0.0
improved_graph_word_forms,69,5,0.0,0.0,0.0,0.0,0.0,0.0
improved_graph_word_forms,69,10,0.0,0.0,0.0,0.0,0.0,0.0
improved_graph_word_forms,69,20,0.0,0.0,0.0,0.0,0.0,0.0
improved_graph_word_forms,70,1,1.0,1.0,1.0,1.0,1.0,1.0
improved_graph_word_forms,70,3,1.0,1.0,1.0,1.0,1.0,1.0
improved_graph_word_forms,70,5,1.0,1.0,1.0,1.0,1.0,1.0
improved_graph_word_forms,70,10,1.0,1.0,1.0,1.0,1.0,1.0
improved_graph_word_forms,70,20,1.0,1.0,1.0,1.0,1.0,1.0
improved_graph_word_forms,71,1,1.0,1.0,1.0,1.0,1.0,1.0
improved_graph_word_forms,71,3,1.0,1.0,1.0,1.0,1.0,1.0
improved_graph_word_forms,71,5,1.0,1.0,1.0,1.0,1.0,1.0
improved_graph_word_forms,71,10,1.0,1.0,1.0,1.0,1.0,1.0
improved_graph_word_forms,71,20,1.0,1.0,1.0,1.0,1.0,1.0
improved_graph_word_forms,72,1,0.0,0.0,0.0,0.0,0.0,0.0
improved_graph_word_forms,72,3,0.0,0.0,0.0,0.0,0.0,0.0
improved_graph_word_forms,72,5,0.0,0.0,0.0,0.0,0.0,0.0
improved_graph_word_forms,72,10,0.0,0.0,0.0,0.0,0.0,0.0
improved_graph_word_forms,72,20,0.0,0.0,0.0,0.0,0.0,0.0
improved_graph_word_forms,73,1,1.0,1.0,1.0,1.0,1.0,1.0
improved_graph_word_forms,73,3,1.0,1.0,1.0,1.0,1.0,1.0
improved_graph_word_forms,73,5,1.0,1.0,1.0,1.0,1.0,1.0
improved_graph_word_forms,73,10,1.0,1.0,1.0,1.0,1.0,1.0
improved_graph_word_forms,73,20,1.0,1.0,1.0,1.0,1.0,1.0
improved_graph_word_forms,74,1,1.0,1.0,1.0,1.0,1.0,1.0
improved_graph_word_forms,74,3,1.0,1.0,1.0,1.0,1.0,1.0
improved_graph_word_forms,74,5,1.0,1.0,1.0,1.0,1.0,1.0
improved_graph_word_forms,74,10,1.0,1.0,1.0,1.0,1.0,1.0
improved_graph_word_forms,74,20,1.0,1.0,1.0,1.0,1.0,1.0
improved_graph_word_forms,75,1,0.0,0.0,0.0,0.0,0.0,0.0
improved_graph_word_forms,75,3,0.0,0.0,0.0,0.0,0.0,0.0
improved_graph_word_forms,75,5,0.0,0.0,0.0,0.0,0.0,0.0
improved_graph_word_forms,75,10,0.0,0.0,0.0,0.0,0.0,0.0
improved_graph_word_forms,75,20,0.0,0.0,0.0,0.0,0.0,0.0
improved_graph_word_forms,77,1,0.0,0.0,0.0,0.0,0.0,0.0
improved_graph_word_forms,77,3,0.0,0.0,0.0,0.0,0.0,0.0
improved_graph_word_forms,77,5,0.0,0.0,0.0,0.0,0.0,0.0
improved_graph_word_forms,77,10,0.0,0.0,0.0,0.0,0.0,0.0
improved_graph_word_forms,77,20,0.0,0.0,0.0,0.0,0.0,0.0
improved_graph_word_forms,78,1,0.0,0.0,0.0,0.0,0.0,0.0
improved_graph_word_forms,78,3,0.0,0.0,0.0,0.0,0.0,0.0
improved_graph_word_forms,78,5,0.0,0.0,0.0,0.0,0.0,0.0
improved_graph_word_forms,78,10,0.0,0.0,0.0,0.0,0.0,0.0
improved_graph_word_forms,78,20,1.0,1.0,1.0,1.0,0.08333333333333333,0.27023815442731974
improved_graph_word_forms,79,1,1.0,1.0,1.0,1.0,1.0,1.0
improved_graph_word_forms,79,3,1.0,1.0,1.0,1.0,1.0,1.0
improved_graph_word_forms,79,5,1.0,1.0,1.0,1.0,1.0,1.0
improved_graph_word_forms,79,10,1.0,1.0,1.0,1.0,1.0,1.0
improved_graph_word_forms,79,20,1.0,1.0,1.0,1.0,1.0,1.0
improved_graph_word_forms,81,1,1.0,1.0,1.0,1.0,1.0,1.0
improved_graph_word_forms,81,3,1.0,1.0,1.0,1.0,1.0,1.0
improved_graph_word_forms,81,5,1.0,1.0,1.0,1.0,1.0,1.0
improved_graph_word_forms,81,10,1.0,1.0,1.0,1.0,1.0,1.0
improved_graph_word_forms,81,20,1.0,1.0,1.0,1.0,1.0,1.0
improved_graph_word_forms,82,1,0.0,0.0,0.0,0.0,0.0,0.0
improved_graph_word_forms,82,3,0.0,0.0,0.0,0.0,0.0,0.0
improved_graph_word_forms,82,5,0.0,0.0,0.0,0.0,0.0,0.0
improved_graph_word_forms,82,10,0.0,0.0,0.0,0.0,0.0,0.0
improved_graph_word_forms,82,20,0.0,0.0,0.0,0.0,0.0,0.0
improved_graph_word_forms,83,1,0.0,0.0,0.0,0.0,0.0,0.0
improved_graph_word_forms,83,3,0.0,0.0,0.0,0.0,0.0,0.0
improved_graph_word_forms,83,5,0.0,0.0,0.0,0.0,0.0,0.0
improved_graph_word_forms,83,10,0.0,0.0,0.0,0.0,0.0,0.0
improved_graph_word_forms,83,20,0.0,0.0,0.0,0.0,0.0,0.0
improved_graph_word_forms,84,1,0.0,0.0,0.0,0.0,0.0,0.0
improved_graph_word_forms,84,3,0.0,0.0,0.0,0.0,0.0,0.0
improved_graph_word_forms,84,5,0.0,0.0,0.0,0.0,0.0,0.0
improved_graph_word_forms,84,10,0.0,0.0,0.0,0.0,0.0,0.0
improved_graph_word_forms,84,20,0.0,0.0,0.0,0.0,0.0,0.0
improved_graph_word_forms,87,1,1.0,1.0,1.0,1.0,1.0,1.0
improved_graph_word_forms,87,3,1.0,1.0,1.0,1.0,1.0,1.0
improved_graph_word_forms,87,5,1.0,1.0,1.0,1.0,1.0,1.0
improved_graph_word_forms,87,10,1.0,1.0,1.0,1.0,1.0,1.0
improved_graph_word_forms,87,20,1.0,1.0,1.0,1.0,1.0,1.0
improved_graph_word_forms,88,1,1.0,1.0,1.0,1.0,1.0,1.0
improved_graph_word_forms,88,3,1.0,1.0,1.0,1.0,1.0,1.0
improved_graph_word_forms,88,5,1.0,1.0,1.0,1.0,1.0,1.0
improved_graph_word_forms,88,10,1.0,1.0,1.0,1.0,1.0,1.0
improved_graph_word_forms,88,20,1.0,1.0,1.0,1.0,1.0,1.0
improved_graph_word_forms,89,1,0.0,0.0,0.0,0.0,0.0,0.0
improved_graph_word_forms,89,3,0.0,0.0,0.0,0.0,0.0,0.0
improved_graph_word_forms,89,5,1.0,1.0,1.0,1.0,0.2,0.38685280723454163
improved_graph_word_forms,89,10,1.0,1.0,1.0,1.0,0.2,0.38685280723454163
improved_graph_word_forms,89,20,1.0,1.0,1.0,1.0,0.2,0.38685280723454163
improved_graph_word_forms,90,1,0.0,0.0,0.0,0.0,0.0,0.0
improved_graph_word_forms,90,3,0.0,0.0,0.0,0.0,0.0,0.0
improved_graph_word_forms,90,5,1.0,1.0,1.0,1.0,0.2,0.38685280723454163
improved_graph_word_forms,90,10,1.0,1.0,1.0,1.0,0.2,0.38685280723454163
improved_graph_word_forms,90,20,1.0,1.0,1.0,1.0,0.2,0.38685280723454163
improved_graph_word_forms,92,1,0.0,0.0,0.0,0.0,0.0,0.0
improved_graph_word_forms,92,3,0.0,0.0,0.0,0.0,0.0,0.0
improved_graph_word_forms,92,5,0.0,0.0,0.0,0.0,0.0,0.0
improved_graph_word_forms,92,10,0.0,0.0,0.0,0.0,0.0,0.0
improved_graph_word_forms,92,20,0.0,0.0,0.0,0.0,0.0,0.0
improved_graph_word_forms,93,1,0.0,0.0,0.0,0.0,0.0,0.0
improved_graph_word_forms,93,3,0.0,0.0,0.0,0.0,0.0,0.0
improved_graph_word_forms,93,5,0.0,0.0,0.0,0.0,0.0,0.0
improved_graph_word_forms,93,10,0.0,0.0,0.0,0.0,0.0,0.0
improved_graph_word_forms,93,20,1.0,1.0,1.0,1.0,0.0625,0.24465054211822604
improved_graph_word_forms,94,1,0.0,0.0,0.0,0.0,0.0,0.0
improved_graph_word_forms,94,3,0.0,0.0,0.0,0.0,0.0,0.0
improved_graph_word_forms,94,5,0.0,0.0,0.0,0.0,0.0,0.0
improved_graph_word_forms,94,10,0.0,0.0,0.0,0.0,0.0,0.0
improved_graph_word_forms,94,20,0.0,0.0,0.0,0.0,0.0,0.0
improved_graph_word_forms,95,1,1.0,1.0,1.0,1.0,1.0,1.0
improved_graph_word_forms,95,3,1.0,1.0,1.0,1.0,1.0,1.0
improved_graph_word_forms,95,5,1.0,1.0,1.0,1.0,1.0,1.0
improved_graph_word_forms,95,10,1.0,1.0,1.0,1.0,1.0,1.0
improved_graph_word_forms,95,20,1.0,1.0,1.0,1.0,1.0,1.0
improved_graph_word_forms,97,1,1.0,1.0,1.0,1.0,1.0,1.0
improved_graph_word_forms,97,3,1.0,1.0,1.0,1.0,1.0,1.0
improved_graph_word_forms,97,5,1.0,1.0,1.0,1.0,1.0,1.0
improved_graph_word_forms,97,10,1.0,1.0,1.0,1.0,1.0,1.0
improved_graph_word_forms,97,20,1.0,1.0,1.0,1.0,1.0,1.0
improved_graph_word_forms,98,1,1.0,1.0,1.0,1.0,1.0,1.0
improved_graph_word_forms,98,3,1.0,1.0,1.0,1.0,1.0,1.0
improved_graph_word_forms,98,5,1.0,1.0,1.0,1.0,1.0,1.0
improved_graph_word_forms,98,10,1.0,1.0,1.0,1.0,1.0,1.0
improved_graph_word_forms,98,20,1.0,1.0,1.0,1.0,1.0,1.0
improved_graph_word_forms,99,1,0.0,0.0,0.0,0.0,0.0,0.0
improved_graph_word_forms,99,3,0.0,0.0,0.0,0.0,0.0,0.0
improved_graph_word_forms,99,5,0.0,0.0,0.0,0.0,0.0,0.0
improved_graph_word_forms,99,10,0.0,0.0,0.0,0.0,0.0,0.0
improved_graph_word_forms,99,20,0.0,0.0,0.0,0.0,0.0,0.0
improved_graph_word_forms,100,1,1.0,1.0,1.0,1.0,1.0,1.0
improved_graph_word_forms,100,3,1.0,1.0,1.0,1.0,1.0,1.0
improved_graph_word_forms,100,5,1.0,1.0,1.0,1.0,1.0,1.0
improved_graph_word_forms,100,10,1.0,1.0,1.0,1.0,1.0,1.0
improved_graph_word_forms,100,20,1.0,1.0,1.0,1.0,1.0,1.0
