child_id,parent_id,section_id,s_index,start_char,end_char
1.1-c1-s1,1.1-c1,1.1,1,0,1459
1.1-c1-s2,1.1-c1,1.1,2,1461,3798
1.2-c1-s1,1.2-c1,1.2,1,0,1822
1.2-c2-s1,1.2-c2,1.2,1,0,18
1.2-c2-s2,1.2-c2,1.2,2,20,2249
1.2-c2-s3,1.2-c2,1.2,3,2251,2931
1.2-c2-s4,1.2-c2,1.2,4,2933,2959
1.2.1-c1-s1,1.2.1-c1,1.2.1,1,0,2047
1.2.1-c2-s1,1.2.1-c2,1.2.1,1,0,731
1.2.1-c3-s1,1.2.1-c3,1.2.1,1,0,1113
1.2.1-c4-s1,1.2.1-c4,1.2.1,1,0,440
1.3-c1-s1,1.3-c1,1.3,1,0,1314
1.3.1-c1-s1,1.3.1-c1,1.3.1,1,0,1348
1.4-c1-s1,1.4-c1,1.4,1,0,1514
1.4-c2-s1,1.4-c2,1.4,1,0,1375
1.4-c2-s2,1.4-c2,1.4,2,1377,1938
1.4-c2-s3,1.4-c2,1.4,3,1940,3409
1.4-c3-s1,1.4-c3,1.4,1,0,762
1.4.1-c1-s1,1.4.1-c1,1.4.1,1,0,758
1.4.1-c2-s1,1.4.1-c2,1.4.1,1,0,1519
1.4.1-c2-s2,1.4.1-c2,1.4.1,2,1521,3262
1.5-c1-s1,1.5-c1,1.5,1,0,1161
1.5-c1-s2,1.5-c1,1.5,2,1163,3168
1.5-c1-s3,1.5-c1,1.5,3,3170,3336
1.5-c1-s4,1.5-c1,1.5,4,3338,4698
1.5-c2-s1,1.5-c2,1.5,1,0,1410
1.5-c3-s1,1.5-c3,1.5,1,0,1816
1.5-c4-s1,1.5-c4,1.5,1,0,1458
1.5-c5-s1,1.5-c5,1.5,1,0,1657
1.5-c6-s1,1.5-c6,1.5,1,0,1467
1.5-c7-s1,1.5-c7,1.5,1,0,22
1.5-c7-s2,1.5-c7,1.5,2,24,1543
1.5-c7-s3,1.5-c7,1.5,3,1545,3491
1.5-c8-s1,1.5-c8,1.5,1,0,1831
1.5.1-c1-s1,1.5.1-c1,1.5.1,1,0,51
1.5.1-c1-s2,1.5.1-c1,1.5.1,2,53,2224
1.5.1-c1-s3,1.5.1-c1,1.5.1,3,2226,2725
1.5.1-c2-s1,1.5.1-c2,1.5.1,1,0,684
1.5.1-c3-s1,1.5.1-c3,1.5.1,1,0,2477
1.5.1-c3-s2,1.5.1-c3,1.5.1,2,2479,3522
1.5.1-c4-s1,1.5.1-c4,1.5.1,1,0,1343
1.5.1-c5-s1,1.5.1-c5,1.5.1,1,0,2491
1.5.1-c5-s2,1.5.1-c5,1.5.1,2,2493,3562
1.5.1-c6-s1,1.5.1-c6,1.5.1,1,0,424
1.6-c1-s1,1.6-c1,1.6,1,0,25
1.6-c1-s2,1.6-c1,1.6,2,27,1790
1.6-c1-s3,1.6-c1,1.6,3,1792,3163
1.6-c1-s4,1.6-c1,1.6,4,3165,3193
1.6.1-c1-s1,1.6.1-c1,1.6.1,1,0,2335
1.7-c1-s1,1.7-c1,1.7,1,0,712
1.7-c2-s1,1.7-c2,1.7,1,0,934
1.7-c2-s2,1.7-c2,1.7,2,936,1908
1.7-c2-s3,1.7-c2,1.7,3,1910,3394
1.7-c2-s4,1.7-c2,1.7,4,3396,4842
1.7-c2-s5,1.7-c2,1.7,5,4844,6524
1.7-c3-s1,1.7-c3,1.7,1,0,1714
1.7-c3-s2,1.7-c3,1.7,2,1716,3395
1.7-c3-s3,1.7-c3,1.7,3,3397,4662
1.7-c3-s4,1.7-c3,1.7,4,4664,4703
1.7-c3-s5,1.7-c3,1.7,5,4705,6637
1.7-c3-s6,1.7-c3,1.7,6,6639,7320
1.7-c4-s1,1.7-c4,1.7,1,0,39
1.7-c4-s2,1.7-c4,1.7,2,41,1886
1.7-c4-s3,1.7-c4,1.7,3,1888,3052
1.7-c4-s4,1.7-c4,1.7,4,3054,4347
1.7-c4-s5,1.7-c4,1.7,5,4349,5978
1.7-c4-s6,1.7-c4,1.7,6,5980,6684
1.7-c4-s7,1.7-c4,1.7,7,6686,8370
1.7-c4-s8,1.7-c4,1.7,8,8372,9149
1.7-c4-s9,1.7-c4,1.7,9,9151,11341
1.7-c4-s10,1.7-c4,1.7,10,11343,12771
1.7-c4-s11,1.7-c4,1.7,11,12773,14424
1.7-c4-s12,1.7-c4,1.7,12,14426,14504
1.7-c4-s13,1.7-c4,1.7,13,14506,16624
1.7-c4-s14,1.7-c4,1.7,14,16626,17542
1.7-c4-s15,1.7-c4,1.7,15,17544,17561
1.7-c4-s16,1.7-c4,1.7,16,17563,19523
1.7-c4-s17,1.7-c4,1.7,17,19525,19625
1.7-c4-s18,1.7-c4,1.7,18,19627,20848
1.7-c4-s19,1.7-c4,1.7,19,20850,22803
1.7-c4-s20,1.7-c4,1.7,20,22805,24607
1.7-c4-s21,1.7-c4,1.7,21,24609,25286
1.7-c4-s22,1.7-c4,1.7,22,25288,26669
1.7.1-c1-s1,1.7.1-c1,1.7.1,1,0,2391
1.7.1-c1-s2,1.7.1-c1,1.7.1,2,2393,2864
1.8-c1-s1,1.8-c1,1.8,1,0,1749
1.8-c2-s1,1.8-c2,1.8,1,0,1182
1.8-c2-s2,1.8-c2,1.8,2,1184,2088
1.8-c2-s3,1.8-c2,1.8,3,2090,3553
1.8-c2-s4,1.8-c2,1.8,4,3555,5344
1.8-c3-s1,1.8-c3,1.8,1,0,818
1.8.1-c1-s1,1.8.1-c1,1.8.1,1,0,1117
1.8.2-c1-s1,1.8.2-c1,1.8.2,1,0,1201
1.9-c1-s1,1.9-c1,1.9,1,0,1270
1.9.1-c1-s1,1.9.1-c1,1.9.1,1,0,1915
1.10-c1-s1,1.10-c1,1.10,1,0,49
1.10-c1-s2,1.10-c1,1.10,2,51,2274
1.10-c1-s3,1.10-c1,1.10,3,2276,4471
1.10-c1-s4,1.10-c1,1.10,4,4473,5123
1.10-c2-s1,1.10-c2,1.10,1,0,1729
1.10-c2-s2,1.10-c2,1.10,2,1731,2949
1.10-c2-s3,1.10-c2,1.10,3,2951,4022
1.10-c2-s4,1.10-c2,1.10,4,4024,5522
1.10-c2-s5,1.10-c2,1.10,5,5524,7491
1.10-c3-s1,1.10-c3,1.10,1,0,557
1.10.1-c1-s1,1.10.1-c1,1.10.1,1,0,520
1.10.1-c2-s1,1.10.1-c2,1.10.1,1,0,892
1.10.1-c3-s1,1.10.1-c3,1.10.1,1,0,377
1.10.1-c4-s1,1.10.1-c4,1.10.1,1,0,1328
1.10.1-c5-s1,1.10.1-c5,1.10.1,1,0,206
1.11-c1-s1,1.11-c1,1.11,1,0,160
1.11-c2-s1,1.11-c2,1.11,1,0,712
1.11-c3-s1,1.11-c3,1.11,1,0,1519
1.11-c3-s2,1.11-c3,1.11,2,1521,3235
1.11-c4-s1,1.11-c4,1.11,1,0,2149
1.11-c4-s2,1.11-c4,1.11,2,2151,2645
1.11-c5-s1,1.11-c5,1.11,1,0,680
1.11-c6-s1,1.11-c6,1.11,1,0,2474
1.11-c6-s2,1.11-c6,1.11,2,2476,3519
1.11-c7-s1,1.11-c7,1.11,1,0,1346
1.11-c8-s1,1.11-c8,1.11,1,0,2488
1.11-c8-s2,1.11-c8,1.11,2,2490,3559
1.11-c8-s3,1.11-c8,1.11,3,3561,3985
1.11-c9-s1,1.11-c9,1.11,1,0,2290
1.11-c10-s1,1.11-c10,1.11,1,0,2378
1.11-c10-s2,1.11-c10,1.11,2,2380,2824
1.11-c11-s1,1.11-c11,1.11,1,0,1152
1.11-c12-s1,1.11-c12,1.11,1,0,1243
1.11-c13-s1,1.11-c13,1.11,1,0,1783
1.11-c14-s1,1.11-c14,1.11,1,0,1783
1.11-c15-s1,1.11-c15,1.11,1,0,1537
2.1-c1-s1,2.1-c1,2.1,1,0,1384
2.1-c2-s1,2.1-c2,2.1,1,0,1668
2.1-c2-s2,2.1-c2,2.1,2,1670,2514
2.1-c3-s1,2.1-c3,2.1,1,0,467
2.1-c4-s1,2.1-c4,2.1,1,0,670
2.1-c5-s1,2.1-c5,2.1,1,0,795
2.1-c6-s1,2.1-c6,2.1,1,0,1569
2.1.1-c1-s1,2.1.1-c1,2.1.1,1,0,1913
2.2-c1-s1,2.2-c1,2.2,1,0,1948
2.2-c2-s1,2.2-c2,2.2,1,0,1041
2.2-c3-s1,2.2-c3,2.2,1,0,294
2.2-c4-s1,2.2-c4,2.2,1,0,76
2.2-c4-s2,2.2-c4,2.2,2,78,1667
2.2-c4-s3,2.2-c4,2.2,3,1669,3705
2.2-c4-s4,2.2-c4,2.2,4,3707,3768
2.2-c4-s5,2.2-c4,2.2,5,3770,5667
2.2-c4-s6,2.2-c4,2.2,6,5669,7553
2.2-c4-s7,2.2-c4,2.2,7,7555,8926
2.2-c4-s8,2.2-c4,2.2,8,8928,10107
2.2-c4-s9,2.2-c4,2.2,9,10109,11939
2.2-c4-s10,2.2-c4,2.2,10,11941,12776
2.2-c4-s11,2.2-c4,2.2,11,12778,12829
2.2-c4-s12,2.2-c4,2.2,12,12831,14854
2.2-c4-s13,2.2-c4,2.2,13,14856,15522
2.2-c4-s14,2.2-c4,2.2,14,15524,15590
2.2-c4-s15,2.2-c4,2.2,15,15592,16976
2.2-c4-s16,2.2-c4,2.2,16,16978,17864
2.2-c4-s17,2.2-c4,2.2,17,17866,19708
2.2-c5-s1,2.2-c5,2.2,1,0,1499
2.2.1-c1-s1,2.2.1-c1,2.2.1,1,0,477
2.2.2-c1-s1,2.2.2-c1,2.2.2,1,0,1420
2.2.3-c1-s1,2.2.3-c1,2.2.3,1,0,1035
2.3.1-c1-s1,2.3.1-c1,2.3.1,1,0,881
2.3.1-c1-s2,2.3.1-c1,2.3.1,2,883,2709
2.3.1-c1-s3,2.3.1-c1,2.3.1,3,2711,4050
2.3.1-c2-s1,2.3.1-c2,2.3.1,1,0,1150
2.3.1-c3-s1,2.3.1-c3,2.3.1,1,0,2483
2.3.1.1-c1-s1,2.3.1.1-c1,2.3.1.1,1,0,927
2.3.1.2-c1-s1,2.3.1.2-c1,2.3.1.2,1,0,678
2.3.2-c1-s1,2.3.2-c1,2.3.2,1,0,724
2.3.2-c2-s1,2.3.2-c2,2.3.2,1,0,1321
2.3.2.1-c1-s1,2.3.2.1-c1,2.3.2.1,1,0,1450
2.3.3-c1-s1,2.3.3-c1,2.3.3,1,0,990
2.3.3-c2-s1,2.3.3-c2,2.3.3,1,0,1569
2.3.3-c2-s2,2.3.3-c2,2.3.3,2,1571,2869
2.3.3-c2-s3,2.3.3-c2,2.3.3,3,2871,4528
2.3.3-c2-s4,2.3.3-c2,2.3.3,4,4530,6526
2.3.3-c3-s1,2.3.3-c3,2.3.3,1,0,1105
2.3.3-c3-s2,2.3.3-c3,2.3.3,2,1107,2668
2.3.3-c3-s3,2.3.3-c3,2.3.3,3,2670,4118
2.3.3-c4-s1,2.3.3-c4,2.3.3,1,0,1286
2.3.3.1-c1-s1,2.3.3.1-c1,2.3.3.1,1,0,1333
2.3.3.2-c1-s1,2.3.3.2-c1,2.3.3.2,1,0,993
2.3.3.3-c1-s1,2.3.3.3-c1,2.3.3.3,1,0,608
2.3.4-c1-s1,2.3.4-c1,2.3.4,1,0,1628
2.3.4.1-c1-s1,2.3.4.1-c1,2.3.4.1,1,0,1032
2.4-c1-s1,2.4-c1,2.4,1,0,926
2.4-c1-s2,2.4-c1,2.4,2,928,3052
2.4-c1-s3,2.4-c1,2.4,3,3054,3565
2.4-c1-s4,2.4-c1,2.4,4,3567,3971
2.4.1-c1-s1,2.4.1-c1,2.4.1,1,0,1625
2.5-c1-s1,2.5-c1,2.5,1,0,1681
2.5-c1-s2,2.5-c1,2.5,2,1683,2957
2.5-c2-s1,2.5-c2,2.5,1,0,965
2.5.1-c1-s1,2.5.1-c1,2.5.1,1,0,2135
2.5.1-c1-s2,2.5.1-c1,2.5.1,2,2137,2456
2.5.2-c1-s1,2.5.2-c1,2.5.2,1,0,2183
2.5.2-c1-s2,2.5.2-c1,2.5.2,2,2185,3138
2.5.2-c1-s3,2.5.2-c1,2.5.2,3,3140,3894
3.1-c1-s1,3.1-c1,3.1,1,0,2140
3.1-c2-s1,3.1-c2,3.1,1,0,1013
3.1-c2-s2,3.1-c2,3.1,2,1015,3441
3.1-c2-s3,3.1-c2,3.1,3,3443,5231
3.1-c2-s4,3.1-c2,3.1,4,5233,5288
3.1-c2-s5,3.1-c2,3.1,5,5290,7616
3.1-c2-s6,3.1-c2,3.1,6,7618,7951
3.1-c2-s7,3.1-c2,3.1,7,7953,8752
3.1-c2-s8,3.1-c2,3.1,8,8754,10497
3.1-c2-s9,3.1-c2,3.1,9,10499,12381
3.1-c2-s10,3.1-c2,3.1,10,12383,14076
3.1-c3-s1,3.1-c3,3.1,1,0,1852
3.1-c3-s2,3.1-c3,3.1,2,1854,3558
3.1-c3-s3,3.1-c3,3.1,3,3560,5463
3.2-c1-s1,3.2-c1,3.2,1,0,34
3.2-c1-s2,3.2-c1,3.2,2,36,1647
3.2-c1-s3,3.2-c1,3.2,3,1649,3464
3.2-c1-s4,3.2-c1,3.2,4,3466,3496
3.2.1-c1-s1,3.2.1-c1,3.2.1,1,0,1561
3.3.1-c1-s1,3.3.1-c1,3.3.1,1,0,1106
3.3.1-c2-s1,3.3.1-c2,3.3.1,1,0,966
3.3.1-c3-s1,3.3.1-c3,3.3.1,1,0,428
3.4.1-c1-s1,3.4.1-c1,3.4.1,1,0,1781
3.4.1-c2-s1,3.4.1-c2,3.4.1,1,0,1330
3.5.1-c1-s1,3.5.1-c1,3.5.1,1,0,2453
3.5.1-c1-s2,3.5.1-c1,3.5.1,2,2455,2606
3.5.1-c1-s3,3.5.1-c1,3.5.1,3,2608,3126
3.6-c1-s1,3.6-c1,3.6,1,0,1402
3.6-c2-s1,3.6-c2,3.6,1,0,1263
3.6-c3-s1,3.6-c3,3.6,1,0,1367
3.6-c3-s2,3.6-c3,3.6,2,1369,2946
3.6-c3-s3,3.6-c3,3.6,3,2948,3393
3.6-c3-s4,3.6-c3,3.6,4,3395,5380
3.6-c3-s5,3.6-c3,3.6,5,5382,5682
3.6-c3-s6,3.6-c3,3.6,6,5684,5721
3.6-c3-s7,3.6-c3,3.6,7,5723,7590
3.6-c3-s8,3.6-c3,3.6,8,7592,8121
3.6-c3-s9,3.6-c3,3.6,9,8123,9005
3.6-c3-s10,3.6-c3,3.6,10,9007,10581
3.6-c3-s11,3.6-c3,3.6,11,10583,11300
3.6-c3-s12,3.6-c3,3.6,12,11302,13156
3.6-c3-s13,3.6-c3,3.6,13,13158,15139
3.6-c3-s14,3.6-c3,3.6,14,15141,17122
3.6-c3-s15,3.6-c3,3.6,15,17124,18933
3.6-c4-s1,3.6-c4,3.6,1,0,47
3.6-c4-s2,3.6-c4,3.6,2,49,2105
3.6-c4-s3,3.6-c4,3.6,3,2107,4029
3.6-c4-s4,3.6-c4,3.6,4,4031,5667
3.6-c5-s1,3.6-c5,3.6,1,0,1042
3.6.1-c1-s1,3.6.1-c1,3.6.1,1,0,1914
3.6.1-c1-s2,3.6.1-c1,3.6.1,2,1916,2872
3.6.2-c1-s1,3.6.2-c1,3.6.2,1,0,766
3.7.1-c1-s1,3.7.1-c1,3.7.1,1,0,2470
3.7.1-c1-s2,3.7.1-c1,3.7.1,2,2472,2500
3.7.2-c1-s1,3.7.2-c1,3.7.2,1,0,1035
3.7.3-c1-s1,3.7.3-c1,3.7.3,1,0,1701
3.8.1-c1-s1,3.8.1-c1,3.8.1,1,0,1796
3.8.2-c1-s1,3.8.2-c1,3.8.2,1,0,2286
3.9-c1-s1,3.9-c1,3.9,1,0,777
3.9-c1-s2,3.9-c1,3.9,2,779,2000
3.9-c1-s3,3.9-c1,3.9,3,2002,3474
3.9-c1-s4,3.9-c1,3.9,4,3476,4948
3.9-c1-s5,3.9-c1,3.9,5,4950,4979
3.9-c1-s6,3.9-c1,3.9,6,4981,7074
3.9-c1-s7,3.9-c1,3.9,7,7076,8839
3.9-c1-s8,3.9-c1,3.9,8,8841,10195
3.9-c1-s9,3.9-c1,3.9,9,10197,10241
3.9-c1-s10,3.9-c1,3.9,10,10243,11764
3.9-c1-s11,3.9-c1,3.9,11,11766,12246
3.9-c1-s12,3.9-c1,3.9,12,12248,14087
3.9-c1-s13,3.9-c1,3.9,13,14089,14563
3.9-c1-s14,3.9-c1,3.9,14,14565,16077
3.9-c1-s15,3.9-c1,3.9,15,16079,17523
3.9-c1-s16,3.9-c1,3.9,16,17525,17559
3.9-c1-s17,3.9-c1,3.9,17,17561,19326
3.9-c1-s18,3.9-c1,3.9,18,19328,21294
3.9-c1-s19,3.9-c1,3.9,19,21296,23377
3.9-c1-s20,3.9-c1,3.9,20,23379,24230
3.9-c2-s1,3.9-c2,3.9,1,0,46
3.9-c2-s2,3.9-c2,3.9,2,48,2351
3.9-c2-s3,3.9-c2,3.9,3,2353,3332
3.9-c3-s1,3.9-c3,3.9,1,0,18
3.9-c3-s2,3.9-c3,3.9,2,20,2427
3.9-c3-s3,3.9-c3,3.9,3,2429,2656
3.9-c4-s1,3.9-c4,3.9,1,0,1363
3.9-c5-s1,3.9-c5,3.9,1,0,404
3.9-c5-s2,3.9-c5,3.9,2,406,1731
3.9-c5-s3,3.9-c5,3.9,3,1733,3256
3.9-c5-s4,3.9-c5,3.9,4,3258,4364
3.9-c6-s1,3.9-c6,3.9,1,0,14
3.9-c6-s2,3.9-c6,3.9,2,16,1779
3.9-c6-s3,3.9-c6,3.9,3,1781,2567
3.9-c6-s4,3.9-c6,3.9,4,2569,2598
3.9.1-c1-s1,3.9.1-c1,3.9.1,1,0,1463
3.10-c1-s1,3.10-c1,3.10,1,0,758
3.10-c1-s2,3.10-c1,3.10,2,760,2683
3.10-c1-s3,3.10-c1,3.10,3,2685,3154
3.10-c2-s1,3.10-c2,3.10,1,0,2144
3.10-c2-s2,3.10-c2,3.10,2,2146,2954
3.10-c2-s3,3.10-c2,3.10,3,2956,5103
3.10-c2-s4,3.10-c2,3.10,4,5105,6361
3.10-c2-s5,3.10-c2,3.10,5,6363,7719
3.10-c2-s6,3.10-c2,3.10,6,7721,7793
3.10-c2-s7,3.10-c2,3.10,7,7795,9537
3.10-c2-s8,3.10-c2,3.10,8,9539,9994
3.10-c2-s9,3.10-c2,3.10,9,9996,11995
3.10-c2-s10,3.10-c2,3.10,10,11997,13670
3.10-c2-s11,3.10-c2,3.10,11,13672,14531
3.10-c2-s12,3.10-c2,3.10,12,14533,15970
3.10-c2-s13,3.10-c2,3.10,13,15972,17789
3.10-c3-s1,3.10-c3,3.10,1,0,44
3.10-c3-s2,3.10-c3,3.10,2,46,1773
3.10-c3-s3,3.10-c3,3.10,3,1775,3597
3.10-c4-s1,3.10-c4,3.10,1,0,40
3.10-c4-s2,3.10-c4,3.10,2,42,2139
3.10-c4-s3,3.10-c4,3.10,3,2141,2564
3.10-c4-s4,3.10-c4,3.10,4,2566,3737
3.11-c1-s1,3.11-c1,3.11,1,0,206
3.11-c2-s1,3.11-c2,3.11,1,0,231
3.11-c3-s1,3.11-c3,3.11,1,0,701
3.11-c3-s2,3.11-c3,3.11,2,703,2933
3.11-c3-s3,3.11-c3,3.11,3,2935,3398
3.11-c4-s1,3.11-c4,3.11,1,0,25
3.11-c4-s2,3.11-c4,3.11,2,27,1453
3.11-c4-s3,3.11-c4,3.11,3,1455,2948
3.11-c4-s4,3.11-c4,3.11,4,2950,5151
3.11-c4-s5,3.11-c4,3.11,5,5153,6639
3.11.1-c1-s1,3.11.1-c1,3.11.1,1,0,1587
3.11.2-c1-s1,3.11.2-c1,3.11.2,1,0,1616
3.11.3-c1-s1,3.11.3-c1,3.11.3,1,0,1873
3.11.4-c1-s1,3.11.4-c1,3.11.4,1,0,1851
3.12-c1-s1,3.12-c1,3.12,1,0,1933
3.12-c1-s2,3.12-c1,3.12,2,1935,3429
3.12.1-c1-s1,3.12.1-c1,3.12.1,1,0,821
3.12.2-c1-s1,3.12.2-c1,3.12.2,1,0,806
3.12.3-c1-s1,3.12.3-c1,3.12.3,1,0,963
3.12.4-c1-s1,3.12.4-c1,3.12.4,1,0,999
3.13-c1-s1,3.13-c1,3.13,1,0,1158
3.13-c2-s1,3.13-c2,3.13,1,0,2101
3.13-c3-s1,3.13-c3,3.13,1,0,1492
3.13-c3-s2,3.13-c3,3.13,2,1494,3497
3.13-c3-s3,3.13-c3,3.13,3,3499,4955
3.13-c3-s4,3.13-c3,3.13,4,4957,5006
3.13-c3-s5,3.13-c3,3.13,5,5008,7142
3.13-c3-s6,3.13-c3,3.13,6,7144,7809
3.13-c3-s7,3.13-c3,3.13,7,7811,7838
3.13.1-c1-s1,3.13.1-c1,3.13.1,1,0,2362
3.13.2-c1-s1,3.13.2-c1,3.13.2,1,0,879
3.14.1-c1-s1,3.14.1-c1,3.14.1,1,0,1654
3.14.1-c1-s2,3.14.1-c1,3.14.1,2,1656,3071
3.14.2-c1-s1,3.14.2-c1,3.14.2,1,0,1423
3.15.1-c1-s1,3.15.1-c1,3.15.1,1,0,941
3.15.1-c2-s1,3.15.1-c2,3.15.1,1,0,504
3.15.1-c3-s1,3.15.1-c3,3.15.1,1,0,325
3.16-c1-s1,3.16-c1,3.16,1,0,1741
3.16-c2-s1,3.16-c2,3.16,1,0,665
3.16-c3-s1,3.16-c3,3.16,1,0,966
3.16-c4-s1,3.16-c4,3.16,1,0,401
3.16-c5-s1,3.16-c5,3.16,1,0,2175
3.16-c5-s2,3.16-c5,3.16,2,2177,2573
3.16-c6-s1,3.16-c6,3.16,1,0,1986
3.16-c6-s2,3.16-c6,3.16,2,1988,2917
3.16-c7-s1,3.16-c7,3.16,1,0,2339
3.16-c7-s2,3.16-c7,3.16,2,2341,2759
3.16-c8-s1,3.16-c8,3.16,1,0,2012
3.16-c9-s1,3.16-c9,3.16,1,0,638
3.16-c10-s1,3.16-c10,3.16,1,0,1739
3.16-c11-s1,3.16-c11,3.16,1,0,1473
3.16-c12-s1,3.16-c12,3.16,1,0,1968
3.16-c13-s1,3.16-c13,3.16,1,0,1369
3.16-c14-s1,3.16-c14,3.16,1,0,1523
3.16-c15-s1,3.16-c15,3.16,1,0,1541
3.16-c16-s1,3.16-c16,3.16,1,0,1800
3.16-c17-s1,3.16-c17,3.16,1,0,1814
3.16-c18-s1,3.16-c18,3.16,1,0,785
3.16-c19-s1,3.16-c19,3.16,1,0,1011
3.16-c20-s1,3.16-c20,3.16,1,0,1043
3.16-c21-s1,3.16-c21,3.16,1,0,1765
4.1-c1-s1,4.1-c1,4.1,1,0,1537
4.1-c2-s1,4.1-c2,4.1,1,0,1852
4.1-c3-s1,4.1-c3,4.1,1,0,2062
4.1-c3-s2,4.1-c3,4.1,2,2064,3707
4.1-c4-s1,4.1-c4,4.1,1,0,623
4.1-c5-s1,4.1-c5,4.1,1,0,629
4.1-c6-s1,4.1-c6,4.1,1,0,530
4.1-c6-s2,4.1-c6,4.1,2,532,2629
4.1-c6-s3,4.1-c6,4.1,3,2631,4391
4.1-c6-s4,4.1-c6,4.1,4,4393,4448
4.1-c6-s5,4.1-c6,4.1,5,4450,6226
4.1-c6-s6,4.1-c6,4.1,6,6228,6682
4.1-c7-s1,4.1-c7,4.1,1,0,1696
4.1.1-c1-s1,4.1.1-c1,4.1.1,1,0,2032
4.1.2-c1-s1,4.1.2-c1,4.1.2,1,0,970
4.2-c1-s1,4.2-c1,4.2,1,0,923
4.2-c2-s1,4.2-c2,4.2,1,0,1357
4.2-c2-s2,4.2-c2,4.2,2,1359,2418
4.2-c3-s1,4.2-c3,4.2,1,0,1803
4.2-c4-s1,4.2-c4,4.2,1,0,1403
4.2-c4-s2,4.2-c4,4.2,2,1405,2875
4.2-c4-s3,4.2-c4,4.2,3,2877,4079
4.2-c4-s4,4.2-c4,4.2,4,4081,5664
4.2-c4-s5,4.2-c4,4.2,5,5666,6164
4.2-c5-s1,4.2-c5,4.2,1,0,319
4.2.1-c1-s1,4.2.1-c1,4.2.1,1,0,2276
4.3-c1-s1,4.3-c1,4.3,1,0,653
4.3-c2-s1,4.3-c2,4.3,1,0,777
4.3-c2-s2,4.3-c2,4.3,2,779,2312
4.3-c2-s3,4.3-c2,4.3,3,2314,4034
4.3-c2-s4,4.3-c2,4.3,4,4036,4373
4.3-c2-s5,4.3-c2,4.3,5,4375,6274
4.3-c2-s6,4.3-c2,4.3,6,6276,7240
4.3-c2-s7,4.3-c2,4.3,7,7242,7296
4.3-c2-s8,4.3-c2,4.3,8,7298,9184
4.3-c2-s9,4.3-c2,4.3,9,9186,11167
4.3-c2-s10,4.3-c2,4.3,10,11169,11966
4.3-c3-s1,4.3-c3,4.3,1,0,2070
4.3-c3-s2,4.3-c3,4.3,2,2072,4085
4.3.1-c1-s1,4.3.1-c1,4.3.1,1,0,758
4.3.1-c1-s2,4.3.1-c1,4.3.1,2,760,3099
4.3.2-c1-s1,4.3.2-c1,4.3.2,1,0,942
4.3.2-c1-s2,4.3.2-c1,4.3.2,2,944,2933
4.3.2-c1-s3,4.3.2-c1,4.3.2,3,2935,3511
4.3.3-c1-s1,4.3.3-c1,4.3.3,1,0,1225
4.4-c1-s1,4.4-c1,4.4,1,0,2117
4.4-c2-s1,4.4-c2,4.4,1,0,1429
4.4-c3-s1,4.4-c3,4.4,1,0,55
4.4-c3-s2,4.4-c3,4.4,2,57,1690
4.4-c3-s3,4.4-c3,4.4,3,1692,3015
4.4-c3-s4,4.4-c3,4.4,4,3017,5011
4.4-c4-s1,4.4-c4,4.4,1,0,2175
4.4-c4-s2,4.4-c4,4.4,2,2177,4179
4.4-c4-s3,4.4-c4,4.4,3,4181,5726
4.4-c4-s4,4.4-c4,4.4,4,5728,6307
4.4-c5-s1,4.4-c5,4.4,1,0,1059
4.4-c5-s2,4.4-c5,4.4,2,1061,2452
4.4-c5-s3,4.4-c5,4.4,3,2454,4657
4.4-c5-s4,4.4-c5,4.4,4,4659,5873
4.4-c5-s5,4.4-c5,4.4,5,5875,7899
4.4.1-c1-s1,4.4.1-c1,4.4.1,1,0,979
4.4.2-c1-s1,4.4.2-c1,4.4.2,1,0,897
4.5-c1-s1,4.5-c1,4.5,1,0,475
4.5-c2-s1,4.5-c2,4.5,1,0,1197
4.5-c3-s1,4.5-c3,4.5,1,0,494
4.5-c4-s1,4.5-c4,4.5,1,0,273
4.5-c5-s1,4.5-c5,4.5,1,0,1454
4.5-c5-s2,4.5-c5,4.5,2,1456,3129
4.5-c5-s3,4.5-c5,4.5,3,3131,4784
4.5-c5-s4,4.5-c5,4.5,4,4786,5083
4.5-c5-s5,4.5-c5,4.5,5,5085,5118
4.5-c5-s6,4.5-c5,4.5,6,5120,6469
4.5-c5-s7,4.5-c5,4.5,7,6471,8345
4.5-c5-s8,4.5-c5,4.5,8,8347,9748
4.5-c5-s9,4.5-c5,4.5,9,9750,10196
4.5-c6-s1,4.5-c6,4.5,1,0,1249
4.5-c7-s1,4.5-c7,4.5,1,0,2055
4.5-c7-s2,4.5-c7,4.5,2,2057,3186
4.5-c7-s3,4.5-c7,4.5,3,3188,4426
4.5-c7-s4,4.5-c7,4.5,4,4428,5407
4.5-c8-s1,4.5-c8,4.5,1,0,1337
4.5-c9-s1,4.5-c9,4.5,1,0,368
4.5.1-c1-s1,4.5.1-c1,4.5.1,1,0,1411
4.5.1-c1-s2,4.5.1-c1,4.5.1,2,1413,3169
4.5.1-c2-s1,4.5.1-c2,4.5.1,1,0,1726
4.5.2-c1-s1,4.5.2-c1,4.5.2,1,0,1640
4.5.2-c1-s2,4.5.2-c1,4.5.2,2,1642,2689
4.6-c1-s1,4.6-c1,4.6,1,0,1879
4.6-c1-s2,4.6-c1,4.6,2,1881,3822
4.6-c2-s1,4.6-c2,4.6,1,0,594
4.6-c2-s2,4.6-c2,4.6,2,596,2743
4.6-c3-s1,4.6-c3,4.6,1,0,20
4.6-c3-s2,4.6-c3,4.6,2,22,1596
4.6-c3-s3,4.6-c3,4.6,3,1598,2750
4.6-c3-s4,4.6-c3,4.6,4,2752,3371
4.6-c3-s5,4.6-c3,4.6,5,3373,5229
4.6-c3-s6,4.6-c3,4.6,6,5231,6497
4.6-c4-s1,4.6-c4,4.6,1,0,1285
4.6-c4-s2,4.6-c4,4.6,2,1287,3169
4.6-c4-s3,4.6-c4,4.6,3,3171,4587
4.6-c4-s4,4.6-c4,4.6,4,4589,4638
4.6-c4-s5,4.6-c4,4.6,5,4640,6636
4.6-c4-s6,4.6-c4,4.6,6,6638,7068
4.6-c4-s7,4.6-c4,4.6,7,7070,8281
4.6-c4-s8,4.6-c4,4.6,8,8283,9915
4.6-c4-s9,4.6-c4,4.6,9,9917,12091
4.6-c4-s10,4.6-c4,4.6,10,12093,12745
4.6-c5-s1,4.6-c5,4.6,1,0,569
4.6-c6-s1,4.6-c6,4.6,1,0,1437
4.6-c6-s2,4.6-c6,4.6,2,1439,3124
4.6-c6-s3,4.6-c6,4.6,3,3126,4343
4.6-c6-s4,4.6-c6,4.6,4,4345,4381
4.6-c6-s5,4.6-c6,4.6,5,4383,6462
4.6-c6-s6,4.6-c6,4.6,6,6464,8122
4.6-c6-s7,4.6-c6,4.6,7,8124,9126
4.6-c6-s8,4.6-c6,4.6,8,9128,9162
4.6-c6-s9,4.6-c6,4.6,9,9164,11313
4.6-c6-s10,4.6-c6,4.6,10,11315,13005
4.6-c6-s11,4.6-c6,4.6,11,13007,14404
4.6-c6-s12,4.6-c6,4.6,12,14406,15639
4.6-c6-s13,4.6-c6,4.6,13,15641,16823
4.6-c7-s1,4.6-c7,4.6,1,0,675
4.6-c7-s2,4.6-c7,4.6,2,677,1915
4.6-c7-s3,4.6-c7,4.6,3,1917,3256
4.6-c8-s1,4.6-c8,4.6,1,0,604
4.6-c8-s2,4.6-c8,4.6,2,606,2519
4.6-c8-s3,4.6-c8,4.6,3,2521,4163
4.6-c9-s1,4.6-c9,4.6,1,0,37
4.6-c9-s2,4.6-c9,4.6,2,39,2004
4.6-c9-s3,4.6-c9,4.6,3,2006,3135
4.6-c10-s1,4.6-c10,4.6,1,0,1102
4.6.1-c1-s1,4.6.1-c1,4.6.1,1,0,908
4.6.1-c2-s1,4.6.1-c2,4.6.1,1,0,1128
4.6.1-c3-s1,4.6.1-c3,4.6.1,1,0,1646
4.6.2-c1-s1,4.6.2-c1,4.6.2,1,0,2280
4.6.2-c1-s2,4.6.2-c1,4.6.2,2,2282,2504
4.6.3-c1-s1,4.6.3-c1,4.6.3,1,0,1535
4.6.4-c1-s1,4.6.4-c1,4.6.4,1,0,347
4.6.4-c1-s2,4.6.4-c1,4.6.4,2,349,2474
4.7-c1-s1,4.7-c1,4.7,1,0,1541
4.8-c1-s1,4.8-c1,4.8,1,0,625
4.8-c2-s1,4.8-c2,4.8,1,0,1277
4.8-c3-s1,4.8-c3,4.8,1,0,1886
4.8-c4-s1,4.8-c4,4.8,1,0,582
4.8.1-c1-s1,4.8.1-c1,4.8.1,1,0,533
4.8.1-c2-s1,4.8.1-c2,4.8.1,1,0,1616
4.8.1-c3-s1,4.8.1-c3,4.8.1,1,0,2356
4.8.1-c3-s2,4.8.1-c3,4.8.1,2,2358,4309
4.8.1-c3-s3,4.8.1-c3,4.8.1,3,4311,6498
4.8.1-c3-s4,4.8.1-c3,4.8.1,4,6500,7376
4.8.1-c4-s1,4.8.1-c4,4.8.1,1,0,2299
4.8.1-c5-s1,4.8.1-c5,4.8.1,1,0,963
4.8.2-c1-s1,4.8.2-c1,4.8.2,1,0,986
4.8.2-c2-s1,4.8.2-c2,4.8.2,1,0,2152
4.8.3-c1-s1,4.8.3-c1,4.8.3,1,0,533
4.8.3-c2-s1,4.8.3-c2,4.8.3,1,0,621
4.8.3-c3-s1,4.8.3-c3,4.8.3,1,0,623
4.8.3-c3-s2,4.8.3-c3,4.8.3,2,625,2074
4.8.3-c3-s3,4.8.3-c3,4.8.3,3,2076,2949
4.8.3-c3-s4,4.8.3-c3,4.8.3,4,2951,4921
4.8.3-c3-s5,4.8.3-c3,4.8.3,5,4923,6464
4.8.3-c3-s6,4.8.3-c3,4.8.3,6,6466,8112
4.8.3-c3-s7,4.8.3-c3,4.8.3,7,8114,9450
4.8.3-c4-s1,4.8.3-c4,4.8.3,1,0,845
4.8.4-c1-s1,4.8.4-c1,4.8.4,1,0,612
4.8.4-c2-s1,4.8.4-c2,4.8.4,1,0,1179
4.8.4-c3-s1,4.8.4-c3,4.8.4,1,0,798
4.8.4-c4-s1,4.8.4-c4,4.8.4,1,0,1218
4.8.4-c5-s1,4.8.4-c5,4.8.4,1,0,455
4.9-c1-s1,4.9-c1,4.9,1,0,764
4.9-c2-s1,4.9-c2,4.9,1,0,1317
4.9-c2-s2,4.9-c2,4.9,2,1319,3276
4.9-c2-s3,4.9-c2,4.9,3,3278,4392
4.9-c2-s4,4.9-c2,4.9,4,4394,6174
4.9-c2-s5,4.9-c2,4.9,5,6176,7238
4.9-c2-s6,4.9-c2,4.9,6,7240,8900
4.9-c2-s7,4.9-c2,4.9,7,8902,10622
4.9-c3-s1,4.9-c3,4.9,1,0,2188
4.9-c4-s1,4.9-c4,4.9,1,0,1856
4.9.1-c1-s1,4.9.1-c1,4.9.1,1,0,1356
4.9.2-c1-s1,4.9.2-c1,4.9.2,1,0,891
4.10-c1-s1,4.10-c1,4.10,1,0,474
4.10-c2-s1,4.10-c2,4.10,1,0,1083
4.10-c3-s1,4.10-c3,4.10,1,0,878
4.10-c3-s2,4.10-c3,4.10,2,880,2746
4.10-c3-s3,4.10-c3,4.10,3,2748,4237
4.10-c3-s4,4.10-c3,4.10,4,4239,6238
4.10-c3-s5,4.10-c3,4.10,5,6240,7997
4.10-c4-s1,4.10-c4,4.10,1,0,1563
4.10-c5-s1,4.10-c5,4.10,1,0,1325
4.10-c6-s1,4.10-c6,4.10,1,0,1042
4.10-c7-s1,4.10-c7,4.10,1,0,1674
4.10-c7-s2,4.10-c7,4.10,2,1676,2199
4.10-c8-s1,4.10-c8,4.10,1,0,1967
4.10.1-c1-s1,4.10.1-c1,4.10.1,1,0,1871
4.11-c1-s1,4.11-c1,4.11,1,0,375
4.11-c2-s1,4.11-c2,4.11,1,0,30
4.11-c2-s2,4.11-c2,4.11,2,32,1930
4.11-c2-s3,4.11-c2,4.11,3,1932,2454
4.11-c3-s1,4.11-c3,4.11,1,0,469
4.11-c4-s1,4.11-c4,4.11,1,0,592
4.11-c5-s1,4.11-c5,4.11,1,0,863
4.11-c6-s1,4.11-c6,4.11,1,0,210
4.11-c6-s2,4.11-c6,4.11,2,212,2018
4.11-c6-s3,4.11-c6,4.11,3,2020,3271
4.11-c6-s4,4.11-c6,4.11,4,3273,3299
4.11-c6-s5,4.11-c6,4.11,5,3301,5442
4.11-c6-s6,4.11-c6,4.11,6,5444,5935
4.11-c7-s1,4.11-c7,4.11,1,0,1825
4.11-c8-s1,4.11-c8,4.11,1,0,1857
4.11-c8-s2,4.11-c8,4.11,2,1859,3084
4.11-c8-s3,4.11-c8,4.11,3,3086,4461
4.11-c8-s4,4.11-c8,4.11,4,4463,5981
4.11-c8-s5,4.11-c8,4.11,5,5983,7589
4.11-c8-s6,4.11-c8,4.11,6,7591,8370
4.11-c9-s1,4.11-c9,4.11,1,0,1977
4.11-c9-s2,4.11-c9,4.11,2,1979,3828
4.11-c9-s3,4.11-c9,4.11,3,3830,3877
4.11-c9-s4,4.11-c9,4.11,4,3879,5733
4.11-c9-s5,4.11-c9,4.11,5,5735,6794
4.11-c9-s6,4.11-c9,4.11,6,6796,7909
4.11-c9-s7,4.11-c9,4.11,7,7911,9513
4.11-c9-s8,4.11-c9,4.11,8,9515,10319
4.11-c9-s9,4.11-c9,4.11,9,10321,11589
4.11-c9-s10,4.11-c9,4.11,10,11591,13831
4.11-c9-s11,4.11-c9,4.11,11,13833,16087
4.11-c9-s12,4.11-c9,4.11,12,16089,18033
4.11-c9-s13,4.11-c9,4.11,13,18035,18866
4.11-c9-s14,4.11-c9,4.11,14,18868,20550
4.11-c9-s15,4.11-c9,4.11,15,20552,21606
4.11.1-c1-s1,4.11.1-c1,4.11.1,1,0,1396
4.11.1-c2-s1,4.11.1-c2,4.11.1,1,0,1906
4.11.1-c3-s1,4.11.1-c3,4.11.1,1,0,1487
4.11.2-c1-s1,4.11.2-c1,4.11.2,1,0,965
4.12-c1-s1,4.12-c1,4.12,1,0,1609
4.12-c2-s1,4.12-c2,4.12,1,0,1631
4.12-c3-s1,4.12-c3,4.12,1,0,2275
4.12-c3-s2,4.12-c3,4.12,2,2277,3416
4.12-c4-s1,4.12-c4,4.12,1,0,1603
4.12-c4-s2,4.12-c4,4.12,2,1605,2569
4.12-c5-s1,4.12-c5,4.12,1,0,829
4.12-c6-s1,4.12-c6,4.12,1,0,2443
4.12-c6-s2,4.12-c6,4.12,2,2445,3559
4.12-c7-s1,4.12-c7,4.12,1,0,2390
4.12-c7-s2,4.12-c7,4.12,2,2392,5028
4.12-c7-s3,4.12-c7,4.12,3,5030,5664
4.12-c7-s4,4.12-c7,4.12,4,5666,7355
4.12-c7-s5,4.12-c7,4.12,5,7357,8024
4.12-c7-s6,4.12-c7,4.12,6,8026,8050
4.12-c7-s7,4.12-c7,4.12,7,8052,9495
4.12-c7-s8,4.12-c7,4.12,8,9497,9954
4.12-c7-s9,4.12-c7,4.12,9,9956,9979
4.12-c7-s10,4.12-c7,4.12,10,9981,11639
4.12-c7-s11,4.12-c7,4.12,11,11641,11807
4.12-c7-s12,4.12-c7,4.12,12,11809,12733
4.12-c7-s13,4.12-c7,4.12,13,12735,14581
4.12-c7-s14,4.12-c7,4.12,14,14583,16290
4.12-c7-s15,4.12-c7,4.12,15,16292,18127
4.12-c7-s16,4.12-c7,4.12,16,18129,19361
4.12-c7-s17,4.12-c7,4.12,17,19363,21243
4.12-c7-s18,4.12-c7,4.12,18,21245,23343
4.12-c7-s19,4.12-c7,4.12,19,23345,24402
4.12-c7-s20,4.12-c7,4.12,20,24404,26364
4.12-c7-s21,4.12-c7,4.12,21,26366,26407
4.12-c7-s22,4.12-c7,4.12,22,26409,28449
4.12-c7-s23,4.12-c7,4.12,23,28451,28658
4.12-c7-s24,4.12-c7,4.12,24,28660,29899
4.12-c7-s25,4.12-c7,4.12,25,29901,31864
4.12-c7-s26,4.12-c7,4.12,26,31866,32790
4.12-c7-s27,4.12-c7,4.12,27,32792,34333
4.12-c7-s28,4.12-c7,4.12,28,34335,36067
4.12-c7-s29,4.12-c7,4.12,29,36069,38073
4.12-c7-s30,4.12-c7,4.12,30,38075,40209
4.12-c7-s31,4.12-c7,4.12,31,40211,42899
4.12-c7-s32,4.12-c7,4.12,32,42901,42937
4.12-c7-s33,4.12-c7,4.12,33,42939,44955
4.12-c7-s34,4.12-c7,4.12,34,44957,45202
4.12-c7-s35,4.12-c7,4.12,35,45204,47217
4.12-c7-s36,4.12-c7,4.12,36,47219,48851
4.12-c7-s37,4.12-c7,4.12,37,48853,50667
4.12-c7-s38,4.12-c7,4.12,38,50669,52601
4.12-c7-s39,4.12-c7,4.12,39,52603,54026
4.12.1-c1-s1,4.12.1-c1,4.12.1,1,0,782
4.12.1-c2-s1,4.12.1-c2,4.12.1,1,0,2571
4.12.1-c3-s1,4.12.1-c3,4.12.1,1,0,1205
4.12.1-c4-s1,4.12.1-c4,4.12.1,1,0,2627
4.12.1-c4-s2,4.12.1-c4,4.12.1,2,2629,4743
4.12.1-c4-s3,4.12.1-c4,4.12.1,3,4745,6555
4.12.1-c5-s1,4.12.1-c5,4.12.1,1,0,2584
4.12.1-c6-s1,4.12.1-c6,4.12.1,1,0,472
4.12.2-c1-s1,4.12.2-c1,4.12.2,1,0,2715
4.12.2-c1-s2,4.12.2-c1,4.12.2,2,2717,3994
4.12.2-c1-s3,4.12.2-c1,4.12.2,3,3996,5487
4.12.3-c1-s1,4.12.3-c1,4.12.3,1,0,833
4.12.4-c1-s1,4.12.4-c1,4.12.4,1,0,864
4.12.5-c1-s1,4.12.5-c1,4.12.5,1,0,639
4.13.1-c1-s1,4.13.1-c1,4.13.1,1,0,1663
4.13.1-c1-s2,4.13.1-c1,4.13.1,2,1665,3568
4.13.1-c1-s3,4.13.1-c1,4.13.1,3,3570,4435
4.13.1-c2-s1,4.13.1-c2,4.13.1,1,0,1982
4.13.1-c2-s2,4.13.1-c2,4.13.1,2,1984,3644
4.13.1-c3-s1,4.13.1-c3,4.13.1,1,0,357
4.13.1-c3-s2,4.13.1-c3,4.13.1,2,359,1985
4.13.1-c3-s3,4.13.1-c3,4.13.1,3,1987,2736
4.13.1-c3-s4,4.13.1-c3,4.13.1,4,2738,3871
4.13.1-c4-s1,4.13.1-c4,4.13.1,1,0,1313
4.13.1-c4-s2,4.13.1-c4,4.13.1,2,1315,2331
4.13.1-c5-s1,4.13.1-c5,4.13.1,1,0,915
4.13.1-c5-s2,4.13.1-c5,4.13.1,2,917,2253
4.13.1-c5-s3,4.13.1-c5,4.13.1,3,2255,3735
4.13.1-c5-s4,4.13.1-c5,4.13.1,4,3737,4777
4.13.1-c5-s5,4.13.1-c5,4.13.1,5,4779,6819
4.13.1-c5-s6,4.13.1-c5,4.13.1,6,6821,8455
4.13.1-c5-s7,4.13.1-c5,4.13.1,7,8457,10542
4.13.1-c5-s8,4.13.1-c5,4.13.1,8,10544,12324
4.13.1-c5-s9,4.13.1-c5,4.13.1,9,12326,12354
4.13.1.1-c1-s1,4.13.1.1-c1,4.13.1.1,1,0,2363
4.13.1.2-c1-s1,4.13.1.2-c1,4.13.1.2,1,0,2374
4.13.1.2-c1-s2,4.13.1.2-c1,4.13.1.2,2,2376,2978
4.13.1.3-c1-s1,4.13.1.3-c1,4.13.1.3,1,0,1696
4.13.2-c1-s1,4.13.2-c1,4.13.2,1,0,1154
4.13.2-c2-s1,4.13.2-c2,4.13.2,1,0,36
4.13.2-c2-s2,4.13.2-c2,4.13.2,2,38,2421
4.13.2-c2-s3,4.13.2-c2,4.13.2,3,2423,4407
4.13.2-c2-s4,4.13.2-c2,4.13.2,4,4409,5052
4.13.2-c3-s1,4.13.2-c3,4.13.2,1,0,838
4.13.2-c4-s1,4.13.2-c4,4.13.2,1,0,1930
4.13.2-c4-s2,4.13.2-c4,4.13.2,2,1932,4092
4.13.2-c4-s3,4.13.2-c4,4.13.2,3,4094,6392
4.13.2-c4-s4,4.13.2-c4,4.13.2,4,6394,7837
4.13.2-c4-s5,4.13.2-c4,4.13.2,5,7839,8736
4.13.2.1-c1-s1,4.13.2.1-c1,4.13.2.1,1,0,1069
4.13.2.1-c1-s2,4.13.2.1-c1,4.13.2.1,2,1071,3120
4.13.3-c1-s1,4.13.3-c1,4.13.3,1,0,465
4.13.3-c2-s1,4.13.3-c2,4.13.3,1,0,1401
4.13.3-c3-s1,4.13.3-c3,4.13.3,1,0,815
4.13.3-c4-s1,4.13.3-c4,4.13.3,1,0,540
4.13.3-c5-s1,4.13.3-c5,4.13.3,1,0,1155
4.13.3-c5-s2,4.13.3-c5,4.13.3,2,1157,2472
4.13.3.1-c1-s1,4.13.3.1-c1,4.13.3.1,1,0,1707
4.13.3.1-c2-s1,4.13.3.1-c2,4.13.3.1,1,0,639
4.13.4-c1-s1,4.13.4-c1,4.13.4,1,0,438
4.13.4-c2-s1,4.13.4-c2,4.13.4,1,0,663
4.13.4-c3-s1,4.13.4-c3,4.13.4,1,0,310
4.13.4-c4-s1,4.13.4-c4,4.13.4,1,0,18
4.13.4-c4-s2,4.13.4-c4,4.13.4,2,20,1508
4.13.4-c4-s3,4.13.4-c4,4.13.4,3,1510,2867
4.13.4-c4-s4,4.13.4-c4,4.13.4,4,2869,2895
4.13.4.1-c1-s1,4.13.4.1-c1,4.13.4.1,1,0,1193
4.13.4.1-c2-s1,4.13.4.1-c2,4.13.4.1,1,0,1758
4.13.4.2-c1-s1,4.13.4.2-c1,4.13.4.2,1,0,2210
4.13.4.2-c2-s1,4.13.4.2-c2,4.13.4.2,1,0,721
4.13.4.2-c3-s1,4.13.4.2-c3,4.13.4.2,1,0,722
4.13.4.3-c1-s1,4.13.4.3-c1,4.13.4.3,1,0,2377
4.13.4.3-c1-s2,4.13.4.3-c1,4.13.4.3,2,2379,3692
4.14-c1-s1,4.14-c1,4.14,1,0,1442
4.14-c2-s1,4.14-c2,4.14,1,0,2288
4.14-c2-s2,4.14-c2,4.14,2,2290,2796
4.14-c2-s3,4.14-c2,4.14,3,2798,4790
4.14-c2-s4,4.14-c2,4.14,4,4792,6326
4.14-c2-s5,4.14-c2,4.14,5,6328,7153
4.14-c2-s6,4.14-c2,4.14,6,7155,8729
4.14-c2-s7,4.14-c2,4.14,7,8731,9325
4.14-c2-s8,4.14-c2,4.14,8,9327,11055
4.14-c2-s9,4.14-c2,4.14,9,11057,13032
4.14-c2-s10,4.14-c2,4.14,10,13034,13799
4.14-c2-s11,4.14-c2,4.14,11,13801,13858
4.14-c2-s12,4.14-c2,4.14,12,13860,15665
4.14-c2-s13,4.14-c2,4.14,13,15667,16522
4.14-c2-s14,4.14-c2,4.14,14,16524,17995
4.14-c2-s15,4.14-c2,4.14,15,17997,20118
4.14-c2-s16,4.14-c2,4.14,16,20120,21211
4.14-c2-s17,4.14-c2,4.14,17,21213,23251
4.14-c2-s18,4.14-c2,4.14,18,23253,23818
4.14-c2-s19,4.14-c2,4.14,19,23820,25902
4.14-c2-s20,4.14-c2,4.14,20,25904,27787
4.14-c2-s21,4.14-c2,4.14,21,27789,28025
4.14-c2-s22,4.14-c2,4.14,22,28027,29992
4.14-c2-s23,4.14-c2,4.14,23,29994,31862
4.14-c2-s24,4.14-c2,4.14,24,31864,32823
4.14.1-c1-s1,4.14.1-c1,4.14.1,1,0,1275
4.14.1-c2-s1,4.14.1-c2,4.14.1,1,0,1838
4.14.1-c3-s1,4.14.1-c3,4.14.1,1,0,338
4.14.2-c1-s1,4.14.2-c1,4.14.2,1,0,2139
4.14.2-c2-s1,4.14.2-c2,4.14.2,1,0,456
4.14.2-c3-s1,4.14.2-c3,4.14.2,1,0,298
4.14.3-c1-s1,4.14.3-c1,4.14.3,1,0,1598
4.14.3-c2-s1,4.14.3-c2,4.14.3,1,0,298
4.14.4-c1-s1,4.14.4-c1,4.14.4,1,0,724
4.14.4-c1-s2,4.14.4-c1,4.14.4,2,726,2414
4.14.4-c2-s1,4.14.4-c2,4.14.4,1,0,276
4.14.4-c3-s1,4.14.4-c3,4.14.4,1,0,872
4.15-c1-s1,4.15-c1,4.15,1,0,415
4.15-c2-s1,4.15-c2,4.15,1,0,480
4.15-c3-s1,4.15-c3,4.15,1,0,1645
4.15-c3-s2,4.15-c3,4.15,2,1647,3463
4.15-c3-s3,4.15-c3,4.15,3,3465,4751
4.15-c3-s4,4.15-c3,4.15,4,4753,6057
4.15-c3-s5,4.15-c3,4.15,5,6059,7613
4.15-c3-s6,4.15-c3,4.15,6,7615,7980
4.15-c4-s1,4.15-c4,4.15,1,0,1745
4.15-c5-s1,4.15-c5,4.15,1,0,44
4.15-c5-s2,4.15-c5,4.15,2,46,1816
4.15-c5-s3,4.15-c5,4.15,3,1818,2730
4.15-c6-s1,4.15-c6,4.15,1,0,1950
4.15-c7-s1,4.15-c7,4.15,1,0,1899
4.15-c7-s2,4.15-c7,4.15,2,1901,3888
4.15-c7-s3,4.15-c7,4.15,3,3890,5545
4.15-c7-s4,4.15-c7,4.15,4,5547,7526
4.15.1-c1-s1,4.15.1-c1,4.15.1,1,0,574
4.15.1-c1-s2,4.15.1-c1,4.15.1,2,576,2800
4.16-c1-s1,4.16-c1,4.16,1,0,991
4.16-c2-s1,4.16-c2,4.16,1,0,1643
4.16-c3-s1,4.16-c3,4.16,1,0,1463
4.16-c4-s1,4.16-c4,4.16,1,0,2095
4.16-c4-s2,4.16-c4,4.16,2,2097,3465
4.16-c4-s3,4.16-c4,4.16,3,3467,5395
4.16-c4-s4,4.16-c4,4.16,4,5397,7590
4.16-c4-s5,4.16-c4,4.16,5,7592,9297
4.16-c4-s6,4.16-c4,4.16,6,9299,9590
4.16.1-c1-s1,4.16.1-c1,4.16.1,1,0,468
4.16.1-c1-s2,4.16.1-c1,4.16.1,2,470,2595
4.16.1-c1-s3,4.16.1-c1,4.16.1,3,2597,3754
4.17-c1-s1,4.17-c1,4.17,1,0,711
4.17-c2-s1,4.17-c2,4.17,1,0,1488
4.17-c2-s2,4.17-c2,4.17,2,1490,3148
4.17-c2-s3,4.17-c2,4.17,3,3150,4071
4.17-c3-s1,4.17-c3,4.17,1,0,210
4.17-c4-s1,4.17-c4,4.17,1,0,1878
4.17-c4-s2,4.17-c4,4.17,2,1880,3435
4.17-c4-s3,4.17-c4,4.17,3,3437,3864
4.17-c4-s4,4.17-c4,4.17,4,3866,3907
4.17-c4-s5,4.17-c4,4.17,5,3909,5296
4.17-c4-s6,4.17-c4,4.17,6,5298,5768
4.17-c5-s1,4.17-c5,4.17,1,0,898
4.17-c5-s2,4.17-c5,4.17,2,900,2081
4.17-c5-s3,4.17-c5,4.17,3,2083,3962
4.17-c5-s4,4.17-c5,4.17,4,3964,5288
4.17-c6-s1,4.17-c6,4.17,1,0,639
4.17-c6-s2,4.17-c6,4.17,2,641,2472
4.17-c6-s3,4.17-c6,4.17,3,2474,4199
4.17-c6-s4,4.17-c6,4.17,4,4201,4596
4.17-c6-s5,4.17-c6,4.17,5,4598,6277
4.17-c6-s6,4.17-c6,4.17,6,6279,7165
4.17-c6-s7,4.17-c6,4.17,7,7167,8791
4.17-c6-s8,4.17-c6,4.17,8,8793,10323
4.17-c7-s1,4.17-c7,4.17,1,0,430
4.17.1-c1-s1,4.17.1-c1,4.17.1,1,0,1659
4.17.2-c1-s1,4.17.2-c1,4.17.2,1,0,1904
4.17.2-c1-s2,4.17.2-c1,4.17.2,2,1906,2862
4.17.3-c1-s1,4.17.3-c1,4.17.3,1,0,1035
4.17.4-c1-s1,4.17.4-c1,4.17.4,1,0,1062
4.18-c1-s1,4.18-c1,4.18,1,0,706
4.18-c2-s1,4.18-c2,4.18,1,0,1873
4.18-c2-s2,4.18-c2,4.18,2,1875,3264
4.18-c2-s3,4.18-c2,4.18,3,3266,4345
4.18-c3-s1,4.18-c3,4.18,1,0,2201
4.18-c3-s2,4.18-c3,4.18,2,2203,3601
4.18-c3-s3,4.18-c3,4.18,3,3603,4079
4.18-c4-s1,4.18-c4,4.18,1,0,781
4.18-c4-s2,4.18-c4,4.18,2,783,1962
4.18-c4-s3,4.18-c4,4.18,3,1964,3375
4.18-c4-s4,4.18-c4,4.18,4,3377,4248
4.18-c5-s1,4.18-c5,4.18,1,0,667
4.18-c5-s2,4.18-c5,4.18,2,669,2660
4.18-c5-s3,4.18-c5,4.18,3,2662,4547
4.18-c5-s4,4.18-c5,4.18,4,4549,5168
4.18-c5-s5,4.18-c5,4.18,5,5170,6834
4.18-c5-s6,4.18-c5,4.18,6,6836,8387
4.18-c5-s7,4.18-c5,4.18,7,8389,9754
4.18-c6-s1,4.18-c6,4.18,1,0,338
4.18-c7-s1,4.18-c7,4.18,1,0,438
4.18.1-c1-s1,4.18.1-c1,4.18.1,1,0,1188
4.18.1-c2-s1,4.18.1-c2,4.18.1,1,0,549
4.18.1-c3-s1,4.18.1-c3,4.18.1,1,0,734
4.18.1-c4-s1,4.18.1-c4,4.18.1,1,0,1142
4.19-c1-s1,4.19-c1,4.19,1,0,916
4.19-c2-s1,4.19-c2,4.19,1,0,647
4.19-c2-s2,4.19-c2,4.19,2,649,2487
4.19-c2-s3,4.19-c2,4.19,3,2489,3475
4.19-c2-s4,4.19-c2,4.19,4,3477,5430
4.19-c2-s5,4.19-c2,4.19,5,5432,6129
4.19-c2-s6,4.19-c2,4.19,6,6131,7881
4.19-c2-s7,4.19-c2,4.19,7,7883,9685
4.19-c2-s8,4.19-c2,4.19,8,9687,11544
4.19-c2-s9,4.19-c2,4.19,9,11546,12252
4.19-c3-s1,4.19-c3,4.19,1,0,743
4.19-c4-s1,4.19-c4,4.19,1,0,45
4.19-c4-s2,4.19-c4,4.19,2,47,2019
4.19-c4-s3,4.19-c4,4.19,3,2021,2397
4.19-c4-s4,4.19-c4,4.19,4,2399,4143
4.19-c4-s5,4.19-c4,4.19,5,4145,5842
4.19-c5-s1,4.19-c5,4.19,1,0,884
4.19-c6-s1,4.19-c6,4.19,1,0,438
4.19.1-c1-s1,4.19.1-c1,4.19.1,1,0,2349
4.19.2-c1-s1,4.19.2-c1,4.19.2,1,0,1364
4.20-c1-s1,4.20-c1,4.20,1,0,397
4.20-c2-s1,4.20-c2,4.20,1,0,1268
4.20-c3-s1,4.20-c3,4.20,1,0,922
4.20-c4-s1,4.20-c4,4.20,1,0,1765
4.20-c4-s2,4.20-c4,4.20,2,1767,2901
4.20-c4-s3,4.20-c4,4.20,3,2903,4050
4.20-c5-s1,4.20-c5,4.20,1,0,2148
4.20-c5-s2,4.20-c5,4.20,2,2150,2176
4.20.1-c1-s1,4.20.1-c1,4.20.1,1,0,1951
4.20.1-c2-s1,4.20.1-c2,4.20.1,1,0,1951
4.20.1-c3-s1,4.20.1-c3,4.20.1,1,0,259
4.20.1-c4-s1,4.20.1-c4,4.20.1,1,0,378
4.21-c1-s1,4.21-c1,4.21,1,0,1881
4.21-c2-s1,4.21-c2,4.21,1,0,2073
4.21-c2-s2,4.21-c2,4.21,2,2075,2694
4.21-c2-s3,4.21-c2,4.21,3,2696,4779
4.21-c2-s4,4.21-c2,4.21,4,4781,5203
4.21-c2-s5,4.21-c2,4.21,5,5205,5712
4.21-c2-s6,4.21-c2,4.21,6,5714,7078
4.21-c2-s7,4.21-c2,4.21,7,7080,8027
4.21-c2-s8,4.21-c2,4.21,8,8029,9925
4.21-c2-s9,4.21-c2,4.21,9,9927,10919
4.21-c2-s10,4.21-c2,4.21,10,10921,12609
4.21-c2-s11,4.21-c2,4.21,11,12611,13659
4.21-c2-s12,4.21-c2,4.21,12,13661,15312
4.21-c2-s13,4.21-c2,4.21,13,15314,16104
4.21-c2-s14,4.21-c2,4.21,14,16106,17869
4.21-c3-s1,4.21-c3,4.21,1,0,590
4.21-c3-s2,4.21-c3,4.21,2,592,2669
4.21-c3-s3,4.21-c3,4.21,3,2671,2908
4.21-c3-s4,4.21-c3,4.21,4,2910,3756
4.21-c3-s5,4.21-c3,4.21,5,3758,5852
4.21-c3-s6,4.21-c3,4.21,6,5854,6358
4.21-c3-s7,4.21-c3,4.21,7,6360,7062
4.21-c4-s1,4.21-c4,4.21,1,0,758
4.21-c5-s1,4.21-c5,4.21,1,0,1731
4.21-c5-s2,4.21-c5,4.21,2,1733,2486
4.21-c5-s3,4.21-c5,4.21,3,2488,3718
4.21-c5-s4,4.21-c5,4.21,4,3720,4028
4.21-c5-s5,4.21-c5,4.21,5,4030,5919
4.21-c5-s6,4.21-c5,4.21,6,5921,7939
4.21-c5-s7,4.21-c5,4.21,7,7941,9618
4.21-c5-s8,4.21-c5,4.21,8,9620,10725
4.21-c6-s1,4.21-c6,4.21,1,0,1807
4.21-c6-s2,4.21-c6,4.21,2,1809,3399
4.21-c6-s3,4.21-c6,4.21,3,3401,4100
4.21-c7-s1,4.21-c7,4.21,1,0,763
4.21-c8-s1,4.21-c8,4.21,1,0,1513
4.21.1-c1-s1,4.21.1-c1,4.21.1,1,0,1783
4.21.1-c1-s2,4.21.1-c1,4.21.1,2,1785,3577
4.22-c1-s1,4.22-c1,4.22,1,0,546
4.22-c2-s1,4.22-c2,4.22,1,0,1902
4.22-c2-s2,4.22-c2,4.22,2,1904,3747
4.22-c2-s3,4.22-c2,4.22,3,3749,5846
4.22-c2-s4,4.22-c2,4.22,4,5848,7106
4.22-c2-s5,4.22-c2,4.22,5,7108,8999
4.22-c2-s6,4.22-c2,4.22,6,9001,10202
4.22-c2-s7,4.22-c2,4.22,7,10204,12129
4.22-c2-s8,4.22-c2,4.22,8,12131,14315
4.22-c2-s9,4.22-c2,4.22,9,14317,16245
4.22-c2-s10,4.22-c2,4.22,10,16247,16844
4.22.1-c1-s1,4.22.1-c1,4.22.1,1,0,808
4.22.1-c2-s1,4.22.1-c2,4.22.1,1,0,1486
4.22.1-c2-s2,4.22.1-c2,4.22.1,2,1488,2857
4.22.1-c2-s3,4.22.1-c2,4.22.1,3,2859,5130
4.22.1-c2-s4,4.22.1-c2,4.22.1,4,5132,7021
4.23-c1-s1,4.23-c1,4.23,1,0,591
4.23-c2-s1,4.23-c2,4.23,1,0,1769
4.23-c2-s2,4.23-c2,4.23,2,1771,3675
4.23-c2-s3,4.23-c2,4.23,3,3677,5405
4.23-c2-s4,4.23-c2,4.23,4,5407,7054
4.23-c2-s5,4.23-c2,4.23,5,7056,7859
4.23.1-c1-s1,4.23.1-c1,4.23.1,1,0,607
4.23.1-c1-s2,4.23.1-c1,4.23.1,2,609,2513
4.23.1-c2-s1,4.23.1-c2,4.23.1,1,0,2359
4.23.1-c2-s2,4.23.1-c2,4.23.1,2,2361,2726
4.23.1-c2-s3,4.23.1-c2,4.23.1,3,2728,5080
4.23.1-c2-s4,4.23.1-c2,4.23.1,4,5082,5499
4.24-c1-s1,4.24-c1,4.24,1,0,907
4.25-c1-s1,4.25-c1,4.25,1,0,1871
4.25-c2-s1,4.25-c2,4.25,1,0,1355
4.25-c2-s2,4.25-c2,4.25,2,1357,2910
4.25-c2-s3,4.25-c2,4.25,3,2912,5053
4.25-c2-s4,4.25-c2,4.25,4,5055,5799
4.25-c2-s5,4.25-c2,4.25,5,5801,5827
4.25.1-c1-s1,4.25.1-c1,4.25.1,1,0,1979
5.1-c1-s1,5.1-c1,5.1,1,0,423
5.1-c2-s1,5.1-c2,5.1,1,0,1564
5.1-c3-s1,5.1-c3,5.1,1,0,1578
5.1-c3-s2,5.1-c3,5.1,2,1580,2582
5.1-c4-s1,5.1-c4,5.1,1,0,665
5.1-c5-s1,5.1-c5,5.1,1,0,26
5.1-c5-s2,5.1-c5,5.1,2,28,2285
5.1-c5-s3,5.1-c5,5.1,3,2287,2696
5.1-c6-s1,5.1-c6,5.1,1,0,1727
5.1-c7-s1,5.1-c7,5.1,1,0,241
5.2-c1-s1,5.2-c1,5.2,1,0,2110
5.2-c2-s1,5.2-c2,5.2,1,0,35
5.2-c2-s2,5.2-c2,5.2,2,37,2241
5.2-c2-s3,5.2-c2,5.2,3,2243,3027
5.2-c3-s1,5.2-c3,5.2,1,0,320
5.2-c4-s1,5.2-c4,5.2,1,0,42
5.2-c4-s2,5.2-c4,5.2,2,44,2097
5.2-c4-s3,5.2-c4,5.2,3,2099,2808
5.2-c4-s4,5.2-c4,5.2,4,2810,2854
5.2-c4-s5,5.2-c4,5.2,5,2856,4735
5.2-c4-s6,5.2-c4,5.2,6,4737,5878
5.2-c4-s7,5.2-c4,5.2,7,5880,7853
5.2-c4-s8,5.2-c4,5.2,8,7855,9732
5.2-c4-s9,5.2-c4,5.2,9,9734,11691
5.2-c4-s10,5.2-c4,5.2,10,11693,13245
5.2-c4-s11,5.2-c4,5.2,11,13247,14507
5.2-c5-s1,5.2-c5,5.2,1,0,2012
5.2-c5-s2,5.2-c5,5.2,2,2014,3635
5.2-c5-s3,5.2-c5,5.2,3,3637,5421
5.2-c5-s4,5.2-c5,5.2,4,5423,5949
5.2-c6-s1,5.2-c6,5.2,1,0,430
5.2-c7-s1,5.2-c7,5.2,1,0,45
5.2-c7-s2,5.2-c7,5.2,2,47,1669
5.2-c7-s3,5.2-c7,5.2,3,1671,2530
5.2-c8-s1,5.2-c8,5.2,1,0,1190
5.2-c9-s1,5.2-c9,5.2,1,0,521
5.2-c9-s2,5.2-c9,5.2,2,523,2529
5.2-c10-s1,5.2-c10,5.2,1,0,13
5.2-c10-s2,5.2-c10,5.2,2,15,2055
5.2-c10-s3,5.2-c10,5.2,3,2057,3458
5.2-c11-s1,5.2-c11,5.2,1,0,1809
5.2.5-c1-s1,5.2.5-c1,5.2.5,1,0,1439
5.2.5-c1-s2,5.2.5-c1,5.2.5,2,1441,3864
5.2.5-c1-s3,5.2.5-c1,5.2.5,3,3866,6119
5.2.5-c1-s4,5.2.5-c1,5.2.5,4,6121,8083
5.2.5-c2-s1,5.2.5-c2,5.2.5,1,0,568
5.2.5-c3-s1,5.2.5-c3,5.2.5,1,0,365
5.2.5-c4-s1,5.2.5-c4,5.2.5,1,0,588
5.2.5-c5-s1,5.2.5-c5,5.2.5,1,0,196
5.2.5-c6-s1,5.2.5-c6,5.2.5,1,0,650
5.3-c1-s1,5.3-c1,5.3,1,0,1696
5.3-c2-s1,5.3-c2,5.3,1,0,880
5.3-c3-s1,5.3-c3,5.3,1,0,972
5.3-c3-s2,5.3-c3,5.3,2,974,2679
5.3-c3-s3,5.3-c3,5.3,3,2681,4653
5.3-c3-s4,5.3-c3,5.3,4,4655,6578
5.3-c3-s5,5.3-c3,5.3,5,6580,7642
5.3-c3-s6,5.3-c3,5.3,6,7644,7827
5.3-c4-s1,5.3-c4,5.3,1,0,1338
5.3-c5-s1,5.3-c5,5.3,1,0,1038
5.3-c5-s2,5.3-c5,5.3,2,1040,2428
5.3-c5-s3,5.3-c5,5.3,3,2430,3486
5.3-c6-s1,5.3-c6,5.3,1,0,1565
5.3-c7-s1,5.3-c7,5.3,1,0,511
5.3-c8-s1,5.3-c8,5.3,1,0,698
5.3.1-c1-s1,5.3.1-c1,5.3.1,1,0,1612
5.3.1-c1-s2,5.3.1-c1,5.3.1,2,1614,4104
5.3.1-c1-s3,5.3.1-c1,5.3.1,3,4106,6540
5.3.1-c1-s4,5.3.1-c1,5.3.1,4,6542,7855
5.3.1-c2-s1,5.3.1-c2,5.3.1,1,0,845
5.3.1-c3-s1,5.3.1-c3,5.3.1,1,0,2515
5.3.1-c3-s2,5.3.1-c3,5.3.1,2,2517,2741
5.3.1-c4-s1,5.3.1-c4,5.3.1,1,0,1457
5.3.1-c5-s1,5.3.1-c5,5.3.1,1,0,929
5.3.2-c1-s1,5.3.2-c1,5.3.2,1,0,111
5.3.2-c1-s2,5.3.2-c1,5.3.2,2,113,2366
5.3.2-c1-s3,5.3.2-c1,5.3.2,3,2368,2743
5.3.2-c1-s4,5.3.2-c1,5.3.2,4,2745,2774
5.4-c1-s1,5.4-c1,5.4,1,0,58
5.4-c1-s2,5.4-c1,5.4,2,60,1780
5.4-c1-s3,5.4-c1,5.4,3,1782,2144
5.4-c2-s1,5.4-c2,5.4,1,0,540
5.4-c3-s1,5.4-c3,5.4,1,0,1155
5.4-c4-s1,5.4-c4,5.4,1,0,23
5.4-c4-s2,5.4-c4,5.4,2,25,1802
5.4-c4-s3,5.4-c4,5.4,3,1804,2042
5.4-c4-s4,5.4-c4,5.4,4,2044,2073
5.4.1-c1-s1,5.4.1-c1,5.4.1,1,0,2018
5.4.1-c1-s2,5.4.1-c1,5.4.1,2,2020,4322
5.4.1-c1-s3,5.4.1-c1,5.4.1,3,4324,6900
5.4.1-c1-s4,5.4.1-c1,5.4.1,4,6902,7785
5.4.1-c2-s1,5.4.1-c2,5.4.1,1,0,844
5.4.1-c3-s1,5.4.1-c3,5.4.1,1,0,1112
5.4.1-c4-s1,5.4.1-c4,5.4.1,1,0,766
5.4.2-c1-s1,5.4.2-c1,5.4.2,1,0,2139
5.5-c1-s1,5.5-c1,5.5,1,0,902
5.5-c1-s2,5.5-c1,5.5,2,904,2202
5.5-c1-s3,5.5-c1,5.5,3,2204,3235
5.5-c2-s1,5.5-c2,5.5,1,0,1045
5.5-c2-s2,5.5-c2,5.5,2,1047,2934
5.5-c2-s3,5.5-c2,5.5,3,2936,3439
5.5-c2-s4,5.5-c2,5.5,4,3441,5001
5.5-c2-s5,5.5-c2,5.5,5,5003,5771
5.5-c2-s6,5.5-c2,5.5,6,5773,5803
5.5-c2-s7,5.5-c2,5.5,7,5805,7745
5.5-c2-s8,5.5-c2,5.5,8,7747,8289
5.5-c2-s9,5.5-c2,5.5,9,8291,9533
5.5-c2-s10,5.5-c2,5.5,10,9535,11207
5.5-c2-s11,5.5-c2,5.5,11,11209,12654
5.5-c2-s12,5.5-c2,5.5,12,12656,14041
5.5-c2-s13,5.5-c2,5.5,13,14043,16064
5.5-c2-s14,5.5-c2,5.5,14,16066,17698
5.5-c2-s15,5.5-c2,5.5,15,17700,19515
5.5-c2-s16,5.5-c2,5.5,16,19517,20373
5.5-c3-s1,5.5-c3,5.5,1,0,1017
5.5-c4-s1,5.5-c4,5.5,1,0,721
5.5.1-c1-s1,5.5.1-c1,5.5.1,1,0,2280
5.5.1-c2-s1,5.5.1-c2,5.5.1,1,0,1035
5.5.1-c3-s1,5.5.1-c3,5.5.1,1,0,2231
5.5.1-c4-s1,5.5.1-c4,5.5.1,1,0,1857
5.5.1-c5-s1,5.5.1-c5,5.5.1,1,0,913
5.5.2-c1-s1,5.5.2-c1,5.5.2,1,0,1811
5.5.3-c1-s1,5.5.3-c1,5.5.3,1,0,2258
5.5.3-c2-s1,5.5.3-c2,5.5.3,1,0,1019
5.5.3-c3-s1,5.5.3-c3,5.5.3,1,0,606
5.5.3-c3-s2,5.5.3-c3,5.5.3,2,608,2963
5.5.3-c3-s3,5.5.3-c3,5.5.3,3,2965,4692
5.5.3-c4-s1,5.5.3-c4,5.5.3,1,0,1853
5.5.3-c5-s1,5.5.3-c5,5.5.3,1,0,921
5.5.4-c1-s1,5.5.4-c1,5.5.4,1,0,2251
5.5.4-c1-s2,5.5.4-c1,5.5.4,2,2253,2280
5.6-c1-s1,5.6-c1,5.6,1,0,467
5.6-c2-s1,5.6-c2,5.6,1,0,2169
5.6-c2-s2,5.6-c2,5.6,2,2171,3418
5.6-c2-s3,5.6-c2,5.6,3,3420,4344
5.6-c2-s4,5.6-c2,5.6,4,4346,5996
5.6-c2-s5,5.6-c2,5.6,5,5998,6933
5.6-c2-s6,5.6-c2,5.6,6,6935,7248
5.6.1-c1-s1,5.6.1-c1,5.6.1,1,0,2451
5.6.1-c2-s1,5.6.1-c2,5.6.1,1,0,459
5.6.1-c3-s1,5.6.1-c3,5.6.1,1,0,912
5.6.1-c4-s1,5.6.1-c4,5.6.1,1,0,1312
5.6.1-c5-s1,5.6.1-c5,5.6.1,1,0,561
5.6.1-c6-s1,5.6.1-c6,5.6.1,1,0,752
5.6.2-c1-s1,5.6.2-c1,5.6.2,1,0,2203
5.7-c1-s1,5.7-c1,5.7,1,0,1041
5.7-c2-s1,5.7-c2,5.7,1,0,749
5.7-c2-s2,5.7-c2,5.7,2,751,2426
5.7-c2-s3,5.7-c2,5.7,3,2428,3759
5.7-c2-s4,5.7-c2,5.7,4,3761,5520
5.7-c2-s5,5.7-c2,5.7,5,5522,7226
5.7-c2-s6,5.7-c2,5.7,6,7228,7269
5.7-c2-s7,5.7-c2,5.7,7,7271,9234
5.7-c2-s8,5.7-c2,5.7,8,9236,9616
5.7-c2-s9,5.7-c2,5.7,9,9618,9630
5.7-c2-s10,5.7-c2,5.7,10,9632,11572
5.7-c2-s11,5.7-c2,5.7,11,11574,12286
5.7-c2-s12,5.7-c2,5.7,12,12288,12307
5.7-c2-s13,5.7-c2,5.7,13,12309,14003
5.7-c2-s14,5.7-c2,5.7,14,14005,15690
5.7-c2-s15,5.7-c2,5.7,15,15692,15736
5.7-c2-s16,5.7-c2,5.7,16,15738,17667
5.7-c2-s17,5.7-c2,5.7,17,17669,18305
5.7-c3-s1,5.7-c3,5.7,1,0,2221
5.7-c4-s1,5.7-c4,5.7,1,0,1867
5.7-c5-s1,5.7-c5,5.7,1,0,518
5.7-c6-s1,5.7-c6,5.7,1,0,916
5.7.1-c1-s1,5.7.1-c1,5.7.1,1,0,2282
5.7.1-c1-s2,5.7.1-c1,5.7.1,2,2284,3103
5.7.1-c2-s1,5.7.1-c2,5.7.1,1,0,1718
5.7.1-c3-s1,5.7.1-c3,5.7.1,1,0,2255
5.7.1-c3-s2,5.7.1-c3,5.7.1,2,2257,2876
5.7.1-c4-s1,5.7.1-c4,5.7.1,1,0,1559
5.7.1-c5-s1,5.7.1-c5,5.7.1,1,0,196
5.7.1-c6-s1,5.7.1-c6,5.7.1,1,0,775
5.7.2-c1-s1,5.7.2-c1,5.7.2,1,0,138
5.7.2-c1-s2,5.7.2-c1,5.7.2,2,140,2120
5.7.2-c1-s3,5.7.2-c1,5.7.2,3,2122,3000
5.7.2-c1-s4,5.7.2-c1,5.7.2,4,3002,3028
5.7.3-c1-s1,5.7.3-c1,5.7.3,1,0,2588
5.7.3-c1-s2,5.7.3-c1,5.7.3,2,2590,3477
5.7.3-c2-s1,5.7.3-c2,5.7.3,1,0,1720
5.7.3-c3-s1,5.7.3-c3,5.7.3,1,0,2210
5.7.3-c3-s2,5.7.3-c3,5.7.3,2,2212,4662
5.7.3-c3-s3,5.7.3-c3,5.7.3,3,4664,5684
5.7.3-c4-s1,5.7.3-c4,5.7.3,1,0,1574
5.7.3-c5-s1,5.7.3-c5,5.7.3,1,0,198
5.7.3-c6-s1,5.7.3-c6,5.7.3,1,0,840
5.7.4-c1-s1,5.7.4-c1,5.7.4,1,0,134
5.7.4-c1-s2,5.7.4-c1,5.7.4,2,136,2138
5.7.4-c1-s3,5.7.4-c1,5.7.4,3,2140,3510
5.7.4-c1-s4,5.7.4-c1,5.7.4,4,3512,3538
5.8-c1-s1,5.8-c1,5.8,1,0,1261
5.8-c2-s1,5.8-c2,5.8,1,0,1805
5.8-c3-s1,5.8-c3,5.8,1,0,1137
5.8-c3-s2,5.8-c3,5.8,2,1139,2343
5.8-c3-s3,5.8-c3,5.8,3,2345,4061
5.8-c3-s4,5.8-c3,5.8,4,4063,4547
5.8-c3-s5,5.8-c3,5.8,5,4549,6388
5.8-c3-s6,5.8-c3,5.8,6,6390,8192
5.8-c4-s1,5.8-c4,5.8,1,0,1185
5.8-c4-s2,5.8-c4,5.8,2,1187,3318
5.8-c4-s3,5.8-c4,5.8,3,3320,4787
5.8-c4-s4,5.8-c4,5.8,4,4789,6367
5.8-c5-s1,5.8-c5,5.8,1,0,2236
5.8-c6-s1,5.8-c6,5.8,1,0,1985
5.8-c7-s1,5.8-c7,5.8,1,0,475
5.8.1-c1-s1,5.8.1-c1,5.8.1,1,0,1648
5.8.1-c1-s2,5.8.1-c1,5.8.1,2,1650,3505
5.8.1-c1-s3,5.8.1-c1,5.8.1,3,3507,5595
5.8.1-c2-s1,5.8.1-c2,5.8.1,1,0,570
5.8.1-c3-s1,5.8.1-c3,5.8.1,1,0,2192
5.8.1-c3-s2,5.8.1-c3,5.8.1,2,2194,2617
5.8.1-c4-s1,5.8.1-c4,5.8.1,1,0,1469
5.8.1-c5-s1,5.8.1-c5,5.8.1,1,0,196
5.8.1-c6-s1,5.8.1-c6,5.8.1,1,0,637
5.8.2-c1-s1,5.8.2-c1,5.8.2,1,0,141
5.8.2-c1-s2,5.8.2-c1,5.8.2,2,143,2238
5.8.2-c1-s3,5.8.2-c1,5.8.2,3,2240,2924
5.8.2-c1-s4,5.8.2-c1,5.8.2,4,2926,2956
5.8.3-c1-s1,5.8.3-c1,5.8.3,1,0,1780
5.8.3-c1-s2,5.8.3-c1,5.8.3,2,1782,4011
5.8.3-c1-s3,5.8.3-c1,5.8.3,3,4013,4564
5.8.3-c2-s1,5.8.3-c2,5.8.3,1,0,606
5.8.3-c3-s1,5.8.3-c3,5.8.3,1,0,1173
5.8.3-c4-s1,5.8.3-c4,5.8.3,1,0,1321
5.8.3-c5-s1,5.8.3-c5,5.8.3,1,0,1537
5.8.3-c6-s1,5.8.3-c6,5.8.3,1,0,194
5.8.3-c7-s1,5.8.3-c7,5.8.3,1,0,772
5.8.4-c1-s1,5.8.4-c1,5.8.4,1,0,135
5.8.4-c1-s2,5.8.4-c1,5.8.4,2,137,2274
5.8.4-c1-s3,5.8.4-c1,5.8.4,3,2276,3425
5.8.4-c1-s4,5.8.4-c1,5.8.4,4,3427,3457
5.9-c1-s1,5.9-c1,5.9,1,0,56
5.9-c1-s2,5.9-c1,5.9,2,58,2012
5.9-c2-s1,5.9-c2,5.9,1,0,1667
5.9-c2-s2,5.9-c2,5.9,2,1669,2355
5.9-c3-s1,5.9-c3,5.9,1,0,386
5.9-c4-s1,5.9-c4,5.9,1,0,976
5.9.1-c1-s1,5.9.1-c1,5.9.1,1,0,2171
5.9.1-c2-s1,5.9.1-c2,5.9.1,1,0,500
5.9.1-c3-s1,5.9.1-c3,5.9.1,1,0,729
5.9.1-c4-s1,5.9.1-c4,5.9.1,1,0,551
5.10-c1-s1,5.10-c1,5.10,1,0,505
5.10-c1-s2,5.10-c1,5.10,2,507,2396
5.10.1-c1-s1,5.10.1-c1,5.10.1,1,0,1177
6.1-c1-s1,6.1-c1,6.1,1,0,761
6.1-c2-s1,6.1-c2,6.1,1,0,749
6.1-c2-s2,6.1-c2,6.1,2,751,2355
6.1-c2-s3,6.1-c2,6.1,3,2357,4361
6.1-c2-s4,6.1-c2,6.1,4,4363,5298
6.1-c2-s5,6.1-c2,6.1,5,5300,5904
6.1-c2-s6,6.1-c2,6.1,6,5906,7645
6.1-c2-s7,6.1-c2,6.1,7,7647,9105
6.1-c3-s1,6.1-c3,6.1,1,0,315
6.1-c3-s2,6.1-c3,6.1,2,317,2049
6.1-c4-s1,6.1-c4,6.1,1,0,730
6.1-c5-s1,6.1-c5,6.1,1,0,535
6.1-c6-s1,6.1-c6,6.1,1,0,1266
6.1-c6-s2,6.1-c6,6.1,2,1268,3287
6.1-c6-s3,6.1-c6,6.1,3,3289,5278
6.1-c7-s1,6.1-c7,6.1,1,0,1355
6.1-c8-s1,6.1-c8,6.1,1,0,236
6.1-c9-s1,6.1-c9,6.1,1,0,869
6.1-c10-s1,6.1-c10,6.1,1,0,284
6.1.1-c1-s1,6.1.1-c1,6.1.1,1,0,1193
6.1.1-c2-s1,6.1.1-c2,6.1.1,1,0,1376
6.1.1-c3-s1,6.1.1-c3,6.1.1,1,0,545
6.1.1-c4-s1,6.1.1-c4,6.1.1,1,0,1086
6.1.1-c5-s1,6.1.1-c5,6.1.1,1,0,1895
6.1.1-c6-s1,6.1.1-c6,6.1.1,1,0,622
6.1.1-c7-s1,6.1.1-c7,6.1.1,1,0,107
6.1.1-c8-s1,6.1.1-c8,6.1.1,1,0,528
6.1.1-c9-s1,6.1.1-c9,6.1.1,1,0,489
6.1.2-c1-s1,6.1.2-c1,6.1.2,1,0,1617
6.2-c1-s1,6.2-c1,6.2,1,0,390
6.2-c2-s1,6.2-c2,6.2,1,0,1579
6.2-c3-s1,6.2-c3,6.2,1,0,591
6.2-c3-s2,6.2-c3,6.2,2,593,2354
6.2-c3-s3,6.2-c3,6.2,3,2356,3017
6.2-c3-s4,6.2-c3,6.2,4,3019,3049
6.2-c3-s5,6.2-c3,6.2,5,3051,4827
6.2-c3-s6,6.2-c3,6.2,6,4829,5208
6.2-c3-s7,6.2-c3,6.2,7,5210,6484
6.2-c3-s8,6.2-c3,6.2,8,6486,8490
6.2-c3-s9,6.2-c3,6.2,9,8492,10058
6.2-c4-s1,6.2-c4,6.2,1,0,46
6.2-c4-s2,6.2-c4,6.2,2,48,1608
6.2-c4-s3,6.2-c4,6.2,3,1610,2400
6.2-c5-s1,6.2-c5,6.2,1,0,52
6.2-c5-s2,6.2-c5,6.2,2,54,1833
6.2-c5-s3,6.2-c5,6.2,3,1835,3626
6.2-c5-s4,6.2-c5,6.2,4,3628,4086
6.2-c5-s5,6.2-c5,6.2,5,4088,6307
6.2-c5-s6,6.2-c5,6.2,6,6309,7780
6.2-c6-s1,6.2-c6,6.2,1,0,595
6.2-c7-s1,6.2-c7,6.2,1,0,1484
6.2-c8-s1,6.2-c8,6.2,1,0,404
6.2-c9-s1,6.2-c9,6.2,1,0,878
6.2-c9-s2,6.2-c9,6.2,2,880,2249
6.2-c10-s1,6.2-c10,6.2,1,0,72
6.2-c10-s2,6.2-c10,6.2,2,74,1822
6.2-c10-s3,6.2-c10,6.2,3,1824,2163
6.2-c11-s1,6.2-c11,6.2,1,0,1209
6.2-c11-s2,6.2-c11,6.2,2,1211,3186
6.2-c12-s1,6.2-c12,6.2,1,0,2039
6.2-c13-s1,6.2-c13,6.2,1,0,472
6.2-c14-s1,6.2-c14,6.2,1,0,1143
6.2.1-c1-s1,6.2.1-c1,6.2.1,1,0,770
6.2.1-c1-s2,6.2.1-c1,6.2.1,2,772,3171
6.2.1-c1-s3,6.2.1-c1,6.2.1,3,3173,4896
6.2.1-c2-s1,6.2.1-c2,6.2.1,1,0,403
6.2.1-c3-s1,6.2.1-c3,6.2.1,1,0,1286
6.2.1-c4-s1,6.2.1-c4,6.2.1,1,0,1110
6.2.1-c5-s1,6.2.1-c5,6.2.1,1,0,507
6.2.1-c6-s1,6.2.1-c6,6.2.1,1,0,393
6.2.2-c1-s1,6.2.2-c1,6.2.2,1,0,1837
6.3-c1-s1,6.3-c1,6.3,1,0,797
6.3-c2-s1,6.3-c2,6.3,1,0,752
6.3-c2-s2,6.3-c2,6.3,2,754,2547
6.3-c2-s3,6.3-c2,6.3,3,2549,4253
6.3-c2-s4,6.3-c2,6.3,4,4255,5900
6.3.1-c1-s1,6.3.1-c1,6.3.1,1,0,2103
6.3.1-c2-s1,6.3.1-c2,6.3.1,1,0,951
6.3.1-c3-s1,6.3.1-c3,6.3.1,1,0,107
6.3.1-c4-s1,6.3.1-c4,6.3.1,1,0,434
6.3.2-c1-s1,6.3.2-c1,6.3.2,1,0,985
6.4-c1-s1,6.4-c1,6.4,1,0,551
6.4-c1-s2,6.4-c1,6.4,2,553,2133
6.4-c1-s3,6.4-c1,6.4,3,2135,4083
6.4-c1-s4,6.4-c1,6.4,4,4085,5702
6.4-c1-s5,6.4-c1,6.4,5,5704,6374
6.4-c2-s1,6.4-c2,6.4,1,0,691
6.4.1-c1-s1,6.4.1-c1,6.4.1,1,0,1873
6.4.2-c1-s1,6.4.2-c1,6.4.2,1,0,1048
6.4.2-c2-s1,6.4.2-c2,6.4.2,1,0,2377
6.4.2-c2-s2,6.4.2-c2,6.4.2,2,2379,4278
6.4.2-c3-s1,6.4.2-c3,6.4.2,1,0,565
6.4.2-c4-s1,6.4.2-c4,6.4.2,1,0,1179
6.4.2-c4-s2,6.4.2-c4,6.4.2,2,1181,3596
6.4.2-c4-s3,6.4.2-c4,6.4.2,3,3598,3848
6.4.2-c5-s1,6.4.2-c5,6.4.2,1,0,918
6.4.2-c6-s1,6.4.2-c6,6.4.2,1,0,107
6.4.2-c7-s1,6.4.2-c7,6.4.2,1,0,823
7.1.1-c1-s1,7.1.1-c1,7.1.1,1,0,1170
7.1.1-c2-s1,7.1.1-c2,7.1.1,1,0,53
7.1.1-c2-s2,7.1.1-c2,7.1.1,2,55,1866
7.1.1-c2-s3,7.1.1-c2,7.1.1,3,1868,2865
7.1.1-c3-s1,7.1.1-c3,7.1.1,1,0,1778
7.1.1-c3-s2,7.1.1-c3,7.1.1,2,1780,2671
7.1.1-c4-s1,7.1.1-c4,7.1.1,1,0,1805
7.1.1-c4-s2,7.1.1-c4,7.1.1,2,1807,2804
7.1.1-c4-s3,7.1.1-c4,7.1.1,3,2806,4359
7.1.1-c4-s4,7.1.1-c4,7.1.1,4,4361,5296
7.1.1-c5-s1,7.1.1-c5,7.1.1,1,0,949
7.1.1-c6-s1,7.1.1-c6,7.1.1,1,0,47
7.1.1-c6-s2,7.1.1-c6,7.1.1,2,49,1540
7.1.1-c6-s3,7.1.1-c6,7.1.1,3,1542,2289
7.1.1-c7-s1,7.1.1-c7,7.1.1,1,0,1180
7.1.1-c8-s1,7.1.1-c8,7.1.1,1,0,1421
7.1.1-c8-s2,7.1.1-c8,7.1.1,2,1423,3003
7.1.1-c8-s3,7.1.1-c8,7.1.1,3,3005,4328
7.1.1-c8-s4,7.1.1-c8,7.1.1,4,4330,5515
7.1.1-c8-s5,7.1.1-c8,7.1.1,5,5517,6338
7.1.1.1-c1-s1,7.1.1.1-c1,7.1.1.1,1,0,1539
7.1.1.1-c1-s2,7.1.1.1-c1,7.1.1.1,2,1541,3231
7.1.2-c1-s1,7.1.2-c1,7.1.2,1,0,940
7.1.2-c2-s1,7.1.2-c2,7.1.2,1,0,1386
7.1.2-c3-s1,7.1.2-c3,7.1.2,1,0,39
7.1.2-c3-s2,7.1.2-c3,7.1.2,2,41,2290
7.1.2-c3-s3,7.1.2-c3,7.1.2,3,2292,2869
7.1.2-c4-s1,7.1.2-c4,7.1.2,1,0,1880
7.1.2-c4-s2,7.1.2-c4,7.1.2,2,1882,2851
7.1.2-c5-s1,7.1.2-c5,7.1.2,1,0,24
7.1.2-c5-s2,7.1.2-c5,7.1.2,2,26,1812
7.1.2-c5-s3,7.1.2-c5,7.1.2,3,1814,2144
7.1.2-c5-s4,7.1.2-c5,7.1.2,4,2146,2417
7.1.2.1-c1-s1,7.1.2.1-c1,7.1.2.1,1,0,338
7.1.2.1-c2-s1,7.1.2.1-c2,7.1.2.1,1,0,1880
7.1.2.1-c2-s2,7.1.2.1-c2,7.1.2.1,2,1882,4152
7.1.2.1-c2-s3,7.1.2.1-c2,7.1.2.1,3,4154,4180
7.1.3-c1-s1,7.1.3-c1,7.1.3,1,0,20
7.1.3-c1-s2,7.1.3-c1,7.1.3,2,22,1682
7.1.3-c1-s3,7.1.3-c1,7.1.3,3,1684,2629
7.1.3-c1-s4,7.1.3-c1,7.1.3,4,2631,3523
7.1.3.1-c1-s1,7.1.3.1-c1,7.1.3.1,1,0,689
7.1.4-c1-s1,7.1.4-c1,7.1.4,1,0,580
7.1.4-c2-s1,7.1.4-c2,7.1.4,1,0,1461
7.1.4-c2-s2,7.1.4-c2,7.1.4,2,1463,2703
7.1.4-c3-s1,7.1.4-c3,7.1.4,1,0,1687
7.1.4-c4-s1,7.1.4-c4,7.1.4,1,0,1425
7.1.5-c1-s1,7.1.5-c1,7.1.5,1,0,906
7.1.5-c2-s1,7.1.5-c2,7.1.5,1,0,1471
7.1.5-c2-s2,7.1.5-c2,7.1.5,2,1473,2288
7.1.5-c3-s1,7.1.5-c3,7.1.5,1,0,1920
7.1.5-c3-s2,7.1.5-c3,7.1.5,2,1922,4348
7.1.5-c3-s3,7.1.5-c3,7.1.5,3,4350,4708
7.1.5-c3-s4,7.1.5-c3,7.1.5,4,4710,7090
7.1.5-c3-s5,7.1.5-c3,7.1.5,5,7092,9182
7.1.5-c3-s6,7.1.5-c3,7.1.5,6,9184,9959
7.1.5-c4-s1,7.1.5-c4,7.1.5,1,0,32
7.1.5-c4-s2,7.1.5-c4,7.1.5,2,34,2401
7.1.5-c4-s3,7.1.5-c4,7.1.5,3,2403,4283
7.1.5-c4-s4,7.1.5-c4,7.1.5,4,4285,5909
7.1.5-c4-s5,7.1.5-c4,7.1.5,5,5911,6367
7.1.5-c5-s1,7.1.5-c5,7.1.5,1,0,1044
7.1.5-c5-s2,7.1.5-c5,7.1.5,2,1046,2917
7.1.5.1-c1-s1,7.1.5.1-c1,7.1.5.1,1,0,726
7.1.5.1-c1-s2,7.1.5.1-c1,7.1.5.1,2,728,3177
7.1.5.1-c1-s3,7.1.5.1-c1,7.1.5.1,3,3179,5644
7.1.5.1-c1-s4,7.1.5.1-c1,7.1.5.1,4,5646,7218
7.1.5.1-c2-s1,7.1.5.1-c2,7.1.5.1,1,0,522
7.2.1-c1-s1,7.2.1-c1,7.2.1,1,0,542
7.2.1-c2-s1,7.2.1-c2,7.2.1,1,0,746
7.2.1-c3-s1,7.2.1-c3,7.2.1,1,0,1429
7.2.1-c3-s2,7.2.1-c3,7.2.1,2,1431,3200
7.2.1-c3-s3,7.2.1-c3,7.2.1,3,3202,4774
7.2.1-c4-s1,7.2.1-c4,7.2.1,1,0,2071
7.2.1-c4-s2,7.2.1-c4,7.2.1,2,2073,2224
7.2.1-c5-s1,7.2.1-c5,7.2.1,1,0,838
7.2.1-c5-s2,7.2.1-c5,7.2.1,2,840,2536
7.2.1-c5-s3,7.2.1-c5,7.2.1,3,2538,4450
7.2.1-c5-s4,7.2.1-c5,7.2.1,4,4452,5012
7.2.1-c5-s5,7.2.1-c5,7.2.1,5,5014,6444
7.2.1-c6-s1,7.2.1-c6,7.2.1,1,0,554
7.2.1-c7-s1,7.2.1-c7,7.2.1,1,0,1402
7.2.1-c8-s1,7.2.1-c8,7.2.1,1,0,220
7.2.1.1-c1-s1,7.2.1.1-c1,7.2.1.1,1,0,666
7.2.1.1-c2-s1,7.2.1.1-c2,7.2.1.1,1,0,2349
7.2.1.1-c2-s2,7.2.1.1-c2,7.2.1.1,2,2351,4611
7.2.1.1-c2-s3,7.2.1.1-c2,7.2.1.1,3,4613,5363
7.2.1.1-c3-s1,7.2.1.1-c3,7.2.1.1,1,0,2100
7.2.1.1-c3-s2,7.2.1.1-c3,7.2.1.1,2,2102,2537
7.2.1.1-c4-s1,7.2.1.1-c4,7.2.1.1,1,0,1925
7.2.1.1-c5-s1,7.2.1.1-c5,7.2.1.1,1,0,1263
7.2.1.1-c6-s1,7.2.1.1-c6,7.2.1.1,1,0,577
7.2.1.1-c7-s1,7.2.1.1-c7,7.2.1.1,1,0,107
7.2.1.1-c8-s1,7.2.1.1-c8,7.2.1.1,1,0,572
7.2.1.2-c1-s1,7.2.1.2-c1,7.2.1.2,1,0,1786
7.2.1.3-c1-s1,7.2.1.3-c1,7.2.1.3,1,0,867
7.2.1.3-c2-s1,7.2.1.3-c2,7.2.1.3,1,0,2343
7.2.1.3-c2-s2,7.2.1.3-c2,7.2.1.3,2,2345,4607
7.2.1.3-c2-s3,7.2.1.3-c2,7.2.1.3,3,4609,5326
7.2.1.3-c3-s1,7.2.1.3-c3,7.2.1.3,1,0,2096
7.2.1.3-c3-s2,7.2.1.3-c3,7.2.1.3,2,2098,2533
7.2.1.3-c4-s1,7.2.1.3-c4,7.2.1.3,1,0,2262
7.2.1.3-c4-s2,7.2.1.3-c4,7.2.1.3,2,2264,3394
7.2.1.3-c4-s3,7.2.1.3-c4,7.2.1.3,3,3396,5394
7.2.1.3-c5-s1,7.2.1.3-c5,7.2.1.3,1,0,686
7.2.1.3-c6-s1,7.2.1.3-c6,7.2.1.3,1,0,679
7.2.1.4-c1-s1,7.2.1.4-c1,7.2.1.4,1,0,445
7.2.1.4-c1-s2,7.2.1.4-c1,7.2.1.4,2,447,2262
7.2.1A-c1-s1,7.2.1A-c1,7.2.1A,1,0,839
7.2.1A-c1-s2,7.2.1A-c1,7.2.1A,2,841,2736
7.2.1A-c1-s3,7.2.1A-c1,7.2.1A,3,2738,3371
7.2.1A-c2-s1,7.2.1A-c2,7.2.1A,1,0,1408
7.2.1A-c3-s1,7.2.1A-c3,7.2.1A,1,0,1286
7.2.1A-c3-s2,7.2.1A-c3,7.2.1A,2,1288,2777
7.2.1A-c4-s1,7.2.1A-c4,7.2.1A,1,0,995
7.2.1A-c5-s1,7.2.1A-c5,7.2.1A,1,0,757
7.2.1A-c6-s1,7.2.1A-c6,7.2.1A,1,0,1390
7.2.1A-c6-s2,7.2.1A-c6,7.2.1A,2,1392,3086
7.2.1A-c7-s1,7.2.1A-c7,7.2.1A,1,0,1135
7.2.1A-c8-s1,7.2.1A-c8,7.2.1A,1,0,386
7.2.1A-c9-s1,7.2.1A-c9,7.2.1A,1,0,618
7.2.1A.1-c1-s1,7.2.1A.1-c1,7.2.1A.1,1,0,1181
7.2.1A.1-c2-s1,7.2.1A.1-c2,7.2.1A.1,1,0,710
7.2.1A.1-c3-s1,7.2.1A.1-c3,7.2.1A.1,1,0,1470
7.2.1A.1-c4-s1,7.2.1A.1-c4,7.2.1A.1,1,0,925
7.2.1A.1-c5-s1,7.2.1A.1-c5,7.2.1A.1,1,0,2093
7.2.1A.1-c5-s2,7.2.1A.1-c5,7.2.1A.1,2,2095,2657
7.2.1A.1-c6-s1,7.2.1A.1-c6,7.2.1A.1,1,0,107
7.2.1A.1-c7-s1,7.2.1A.1-c7,7.2.1A.1,1,0,552
7.2.1A.1-c8-s1,7.2.1A.1-c8,7.2.1A.1,1,0,845
7.2.2-c1-s1,7.2.2-c1,7.2.2,1,0,285
7.2.2-c2-s1,7.2.2-c2,7.2.2,1,0,1875
7.2.2-c2-s2,7.2.2-c2,7.2.2,2,1877,3810
7.2.2-c2-s3,7.2.2-c2,7.2.2,3,3812,5317
7.2.2-c2-s4,7.2.2-c2,7.2.2,4,5319,5880
7.2.2-c2-s5,7.2.2-c2,7.2.2,5,5882,7485
7.2.2-c2-s6,7.2.2-c2,7.2.2,6,7487,9261
7.2.2-c2-s7,7.2.2-c2,7.2.2,7,9263,10472
7.2.2-c2-s8,7.2.2-c2,7.2.2,8,10474,11833
7.2.2-c2-s9,7.2.2-c2,7.2.2,9,11835,13725
7.2.2-c2-s10,7.2.2-c2,7.2.2,10,13727,14845
7.2.2-c3-s1,7.2.2-c3,7.2.2,1,0,784
7.2.2-c4-s1,7.2.2-c4,7.2.2,1,0,1386
7.2.2-c5-s1,7.2.2-c5,7.2.2,1,0,1773
7.2.2-c5-s2,7.2.2-c5,7.2.2,2,1775,2891
7.2.2-c6-s1,7.2.2-c6,7.2.2,1,0,1478
7.2.2-c6-s2,7.2.2-c6,7.2.2,2,1480,3511
7.2.2-c7-s1,7.2.2-c7,7.2.2,1,0,1011
7.2.2-c8-s1,7.2.2-c8,7.2.2,1,0,633
7.2.2-c8-s2,7.2.2-c8,7.2.2,2,635,2539
7.2.2.1-c1-s1,7.2.2.1-c1,7.2.2.1,1,0,807
7.2.2.1-c2-s1,7.2.2.1-c2,7.2.2.1,1,0,2200
7.2.2.1-c3-s1,7.2.2.1-c3,7.2.2.1,1,0,2259
7.2.2.1-c4-s1,7.2.2.1-c4,7.2.2.1,1,0,1254
7.2.2.1-c5-s1,7.2.2.1-c5,7.2.2.1,1,0,2458
7.2.2.1-c5-s2,7.2.2.1-c5,7.2.2.1,2,2460,3320
7.2.2.1-c6-s1,7.2.2.1-c6,7.2.2.1,1,0,117
7.2.2.1-c7-s1,7.2.2.1-c7,7.2.2.1,1,0,522
7.2.2.2-c1-s1,7.2.2.2-c1,7.2.2.2,1,0,1217
7.2.2.2-c2-s1,7.2.2.2-c2,7.2.2.2,1,0,2249
7.2.2.2-c3-s1,7.2.2.2-c3,7.2.2.2,1,0,2021
7.2.2.2-c4-s1,7.2.2.2-c4,7.2.2.2,1,0,1329
7.2.2.2-c5-s1,7.2.2.2-c5,7.2.2.2,1,0,2280
7.2.2.2-c5-s2,7.2.2.2-c5,7.2.2.2,2,2282,2917
7.2.2.2-c6-s1,7.2.2.2-c6,7.2.2.2,1,0,117
7.2.2.2-c7-s1,7.2.2.2-c7,7.2.2.2,1,0,656
7.2.2.3-c1-s1,7.2.2.3-c1,7.2.2.3,1,0,1588
7.2.3-c1-s1,7.2.3-c1,7.2.3,1,0,261
7.2.3-c2-s1,7.2.3-c2,7.2.3,1,0,1703
7.2.3-c2-s2,7.2.3-c2,7.2.3,2,1705,2479
7.2.3-c3-s1,7.2.3-c3,7.2.3,1,0,1398
7.2.3-c4-s1,7.2.3-c4,7.2.3,1,0,187
7.2.3-c5-s1,7.2.3-c5,7.2.3,1,0,1061
7.2.3-c6-s1,7.2.3-c6,7.2.3,1,0,1179
7.2.3-c6-s2,7.2.3-c6,7.2.3,2,1181,2810
7.2.3-c6-s3,7.2.3-c6,7.2.3,3,2812,4499
7.2.3-c6-s4,7.2.3-c6,7.2.3,4,4501,4544
7.2.3-c6-s5,7.2.3-c6,7.2.3,5,4546,6235
7.2.3-c6-s6,7.2.3-c6,7.2.3,6,6237,6570
7.2.3-c6-s7,7.2.3-c6,7.2.3,7,6572,8384
7.2.3-c6-s8,7.2.3-c6,7.2.3,8,8386,10204
7.2.3-c6-s9,7.2.3-c6,7.2.3,9,10206,11089
7.2.3-c7-s1,7.2.3-c7,7.2.3,1,0,1885
7.2.3-c8-s1,7.2.3-c8,7.2.3,1,0,290
7.2.3-c9-s1,7.2.3-c9,7.2.3,1,0,1901
7.2.3-c9-s2,7.2.3-c9,7.2.3,2,1903,2690
7.2.3-c10-s1,7.2.3-c10,7.2.3,1,0,1036
7.2.3.1-c1-s1,7.2.3.1-c1,7.2.3.1,1,0,2189
7.2.3.1-c2-s1,7.2.3.1-c2,7.2.3.1,1,0,2596
7.2.3.1-c3-s1,7.2.3.1-c3,7.2.3.1,1,0,2047
7.2.3.1-c3-s2,7.2.3.1-c3,7.2.3.1,2,2049,2661
7.2.3.1-c4-s1,7.2.3.1-c4,7.2.3.1,1,0,633
7.2.3.1-c5-s1,7.2.3.1-c5,7.2.3.1,1,0,595
7.2.3.2-c1-s1,7.2.3.2-c1,7.2.3.2,1,0,1534
7.2.5-c1-s1,7.2.5-c1,7.2.5,1,0,455
7.2.5-c2-s1,7.2.5-c2,7.2.5,1,0,1900
7.2.5-c2-s2,7.2.5-c2,7.2.5,2,1902,2596
7.2.5-c3-s1,7.2.5-c3,7.2.5,1,0,1657
7.2.5-c3-s2,7.2.5-c3,7.2.5,2,1659,2256
7.2.5-c3-s3,7.2.5-c3,7.2.5,3,2258,4317
7.2.5-c3-s4,7.2.5-c3,7.2.5,4,4319,6047
7.2.5-c3-s5,7.2.5-c3,7.2.5,5,6049,6347
7.2.5-c3-s6,7.2.5-c3,7.2.5,6,6349,8228
7.2.5-c3-s7,7.2.5-c3,7.2.5,7,8230,8857
7.2.5-c3-s8,7.2.5-c3,7.2.5,8,8859,9869
7.2.5-c3-s9,7.2.5-c3,7.2.5,9,9871,11346
7.2.5-c3-s10,7.2.5-c3,7.2.5,10,11348,12563
7.2.5-c4-s1,7.2.5-c4,7.2.5,1,0,647
7.2.5-c4-s2,7.2.5-c4,7.2.5,2,649,2504
7.2.5-c5-s1,7.2.5-c5,7.2.5,1,0,402
7.2.5-c5-s2,7.2.5-c5,7.2.5,2,404,2197
7.2.5-c5-s3,7.2.5-c5,7.2.5,3,2199,3486
7.2.5-c5-s4,7.2.5-c5,7.2.5,4,3488,5209
7.2.5-c6-s1,7.2.5-c6,7.2.5,1,0,16
7.2.5-c6-s2,7.2.5-c6,7.2.5,2,18,1859
7.2.5-c6-s3,7.2.5-c6,7.2.5,3,1861,2312
7.2.5-c6-s4,7.2.5-c6,7.2.5,4,2314,3660
7.2.5-c7-s1,7.2.5-c7,7.2.5,1,0,875
7.2.5-c8-s1,7.2.5-c8,7.2.5,1,0,1047
7.2.5-c9-s1,7.2.5-c9,7.2.5,1,0,423
7.2.5.1-c1-s1,7.2.5.1-c1,7.2.5.1,1,0,609
7.2.5.1-c2-s1,7.2.5.1-c2,7.2.5.1,1,0,2410
7.2.5.1-c3-s1,7.2.5.1-c3,7.2.5.1,1,0,380
7.2.5.1-c3-s2,7.2.5.1-c3,7.2.5.1,2,382,2874
7.2.5.1-c3-s3,7.2.5.1-c3,7.2.5.1,3,2876,4669
7.2.5.1-c3-s4,7.2.5.1-c3,7.2.5.1,4,4671,7103
7.2.5.1-c3-s5,7.2.5.1-c3,7.2.5.1,5,7105,7335
7.2.5.1-c3-s6,7.2.5.1-c3,7.2.5.1,6,7337,8088
7.2.5.1-c3-s7,7.2.5.1-c3,7.2.5.1,7,8090,10349
7.2.5.1-c3-s8,7.2.5.1-c3,7.2.5.1,8,10351,12487
7.2.5.1-c4-s1,7.2.5.1-c4,7.2.5.1,1,0,1908
7.2.5.1-c4-s2,7.2.5.1-c4,7.2.5.1,2,1910,4248
7.2.5.1-c4-s3,7.2.5.1-c4,7.2.5.1,3,4250,4507
7.2.5.1-c4-s4,7.2.5.1-c4,7.2.5.1,4,4509,5980
7.2.5.1-c5-s1,7.2.5.1-c5,7.2.5.1,1,0,608
7.2.5.1-c6-s1,7.2.5.1-c6,7.2.5.1,1,0,1669
7.2.5.2-c1-s1,7.2.5.2-c1,7.2.5.2,1,0,615
7.2.5.2-c2-s1,7.2.5.2-c2,7.2.5.2,1,0,2410
7.2.5.2-c3-s1,7.2.5.2-c3,7.2.5.2,1,0,1427
7.2.5.2-c3-s2,7.2.5.2-c3,7.2.5.2,2,1429,4021
7.2.5.2-c3-s3,7.2.5.2-c3,7.2.5.2,3,4023,5890
7.2.5.2-c3-s4,7.2.5.2-c3,7.2.5.2,4,5892,8317
7.2.5.2-c3-s5,7.2.5.2-c3,7.2.5.2,5,8319,8549
7.2.5.2-c3-s6,7.2.5.2-c3,7.2.5.2,6,8551,9300
7.2.5.2-c3-s7,7.2.5.2-c3,7.2.5.2,7,9302,11693
7.2.5.2-c3-s8,7.2.5.2-c3,7.2.5.2,8,11695,13843
7.2.5.2-c4-s1,7.2.5.2-c4,7.2.5.2,1,0,761
7.2.5.2-c5-s1,7.2.5.2-c5,7.2.5.2,1,0,867
7.2.5.2-c6-s1,7.2.5.2-c6,7.2.5.2,1,0,1799
7.2.5.2-c6-s2,7.2.5.2-c6,7.2.5.2,2,1801,4170
7.2.5.2-c6-s3,7.2.5.2-c6,7.2.5.2,3,4172,4429
7.2.5.2-c6-s4,7.2.5.2-c6,7.2.5.2,4,4431,6709
7.2.5.2-c7-s1,7.2.5.2-c7,7.2.5.2,1,0,608
7.2.5.2-c8-s1,7.2.5.2-c8,7.2.5.2,1,0,1670
7.2.5.3-c1-s1,7.2.5.3-c1,7.2.5.3,1,0,1499
7.2.5.4-c1-s1,7.2.5.4-c1,7.2.5.4,1,0,1698
7.2.5.5-c1-s1,7.2.5.5-c1,7.2.5.5,1,0,1235
7.2.5.6-c1-s1,7.2.5.6-c1,7.2.5.6,1,0,1229
7.2.6-c1-s1,7.2.6-c1,7.2.6,1,0,2010
7.2.6-c2-s1,7.2.6-c2,7.2.6,1,0,1161
7.2.6-c3-s1,7.2.6-c3,7.2.6,1,0,303
7.2.6-c4-s1,7.2.6-c4,7.2.6,1,0,1904
7.2.6-c4-s2,7.2.6-c4,7.2.6,2,1906,2602
7.2.6-c5-s1,7.2.6-c5,7.2.6,1,0,1072
7.2.6-c5-s2,7.2.6-c5,7.2.6,2,1074,2695
7.2.6-c5-s3,7.2.6-c5,7.2.6,3,2697,2937
7.2.6-c5-s4,7.2.6-c5,7.2.6,4,2939,3329
7.2.6-c5-s5,7.2.6-c5,7.2.6,5,3331,5377
7.2.6-c5-s6,7.2.6-c5,7.2.6,6,5379,5623
7.2.6-c5-s7,7.2.6-c5,7.2.6,7,5625,6727
7.2.6-c6-s1,7.2.6-c6,7.2.6,1,0,1616
7.2.6-c7-s1,7.2.6-c7,7.2.6,1,0,206
7.2.6-c8-s1,7.2.6-c8,7.2.6,1,0,1008
7.2.6-c9-s1,7.2.6-c9,7.2.6,1,0,1464
7.2.6.1-c1-s1,7.2.6.1-c1,7.2.6.1,1,0,1060
7.2.6.1-c2-s1,7.2.6.1-c2,7.2.6.1,1,0,1380
7.2.6.1-c3-s1,7.2.6.1-c3,7.2.6.1,1,0,2453
7.2.6.1-c3-s2,7.2.6.1-c3,7.2.6.1,2,2455,4052
7.2.6.1-c4-s1,7.2.6.1-c4,7.2.6.1,1,0,2234
7.2.6.1-c4-s2,7.2.6.1-c4,7.2.6.1,2,2236,2495
7.2.6.1-c4-s3,7.2.6.1-c4,7.2.6.1,3,2497,2604
7.2.6.1-c5-s1,7.2.6.1-c5,7.2.6.1,1,0,586
7.2.6.1-c6-s1,7.2.6.1-c6,7.2.6.1,1,0,1505
7.2.6.2-c1-s1,7.2.6.2-c1,7.2.6.2,1,0,1015
7.2.6.2-c2-s1,7.2.6.2-c2,7.2.6.2,1,0,1385
7.2.6.2-c3-s1,7.2.6.2-c3,7.2.6.2,1,0,2453
7.2.6.2-c3-s2,7.2.6.2-c3,7.2.6.2,2,2455,4052
7.2.6.2-c4-s1,7.2.6.2-c4,7.2.6.2,1,0,2305
7.2.6.2-c5-s1,7.2.6.2-c5,7.2.6.2,1,0,597
7.2.6.3-c1-s1,7.2.6.3-c1,7.2.6.3,1,0,1200
7.3.1.1-c1-s1,7.3.1.1-c1,7.3.1.1,1,0,1265
7.3.1.1-c1-s2,7.3.1.1-c1,7.3.1.1,2,1267,3330
7.3.1.1-c1-s3,7.3.1.1-c1,7.3.1.1,3,3332,3885
7.3.1.1-c1-s4,7.3.1.1-c1,7.3.1.1,4,3887,5722
7.3.1.1-c1-s5,7.3.1.1-c1,7.3.1.1,5,5724,7536
7.3.1.1-c1-s6,7.3.1.1-c1,7.3.1.1,6,7538,9463
7.3.1.1-c1-s7,7.3.1.1-c1,7.3.1.1,7,9465,10810
7.3.1.1.1-c1-s1,7.3.1.1.1-c1,7.3.1.1.1,1,0,2458
7.3.1.1.1-c1-s2,7.3.1.1.1-c1,7.3.1.1.1,2,2460,3784
7.3.1.1.2-c1-s1,7.3.1.1.2-c1,7.3.1.1.2,1,0,1215
7.3.1.2-c1-s1,7.3.1.2-c1,7.3.1.2,1,0,363
7.3.1.2-c1-s2,7.3.1.2-c1,7.3.1.2,2,365,2425
7.3.1.2-c2-s1,7.3.1.2-c2,7.3.1.2,1,0,1685
7.3.1.2-c2-s2,7.3.1.2-c2,7.3.1.2,2,1687,2216
7.3.1.2-c3-s1,7.3.1.2-c3,7.3.1.2,1,0,44
7.3.1.2-c3-s2,7.3.1.2-c3,7.3.1.2,2,46,1881
7.3.1.2-c3-s3,7.3.1.2-c3,7.3.1.2,3,1883,3139
7.3.1.2-c4-s1,7.3.1.2-c4,7.3.1.2,1,0,2113
7.3.1.2-c4-s2,7.3.1.2-c4,7.3.1.2,2,2115,2423
7.3.1.2-c4-s3,7.3.1.2-c4,7.3.1.2,3,2425,4793
7.3.1.2-c4-s4,7.3.1.2-c4,7.3.1.2,4,4795,5111
7.3.1.2-c4-s5,7.3.1.2-c4,7.3.1.2,5,5113,6671
7.3.1.2-c4-s6,7.3.1.2-c4,7.3.1.2,6,6673,8656
7.3.1.2-c4-s7,7.3.1.2-c4,7.3.1.2,7,8658,9434
7.3.1.2-c4-s8,7.3.1.2-c4,7.3.1.2,8,9436,9721
7.3.1.2-c4-s9,7.3.1.2-c4,7.3.1.2,9,9723,11340
7.3.1.2-c4-s10,7.3.1.2-c4,7.3.1.2,10,11342,13352
7.3.1.2-c4-s11,7.3.1.2-c4,7.3.1.2,11,13354,14311
7.3.1.2-c5-s1,7.3.1.2-c5,7.3.1.2,1,0,859
7.3.1.2-c6-s1,7.3.1.2-c6,7.3.1.2,1,0,901
7.3.1.2-c6-s2,7.3.1.2-c6,7.3.1.2,2,903,2808
7.3.1.2-c6-s3,7.3.1.2-c6,7.3.1.2,3,2810,5117
7.3.1.2-c6-s4,7.3.1.2-c6,7.3.1.2,4,5119,5612
7.3.1.2-c7-s1,7.3.1.2-c7,7.3.1.2,1,0,675
7.3.1.2-c8-s1,7.3.1.2-c8,7.3.1.2,1,0,1794
7.3.1.2-c8-s2,7.3.1.2-c8,7.3.1.2,2,1796,4051
7.3.1.2-c8-s3,7.3.1.2-c8,7.3.1.2,3,4053,4472
7.3.1.2-c8-s4,7.3.1.2-c8,7.3.1.2,4,4474,6496
7.3.1.2-c8-s5,7.3.1.2-c8,7.3.1.2,5,6498,7241
7.3.1.2-c8-s6,7.3.1.2-c8,7.3.1.2,6,7243,9583
7.3.1.2-c8-s7,7.3.1.2-c8,7.3.1.2,7,9585,10500
7.3.1.2-c8-s8,7.3.1.2-c8,7.3.1.2,8,10502,12374
7.3.1.2-c8-s9,7.3.1.2-c8,7.3.1.2,9,12376,12810
7.3.1.2-c8-s10,7.3.1.2-c8,7.3.1.2,10,12812,13234
7.3.1.3-c1-s1,7.3.1.3-c1,7.3.1.3,1,0,1691
7.3.1.3-c2-s1,7.3.1.3-c2,7.3.1.3,1,0,1366
7.3.1.3-c3-s1,7.3.1.3-c3,7.3.1.3,1,0,1593
7.3.1.3-c4-s1,7.3.1.3-c4,7.3.1.3,1,0,1634
7.3.1.3-c5-s1,7.3.1.3-c5,7.3.1.3,1,0,23
7.3.1.3-c5-s2,7.3.1.3-c5,7.3.1.3,2,25,1752
7.3.1.3-c5-s3,7.3.1.3-c5,7.3.1.3,3,1754,3077
7.3.1.3-c5-s4,7.3.1.3-c5,7.3.1.3,4,3079,4340
7.3.1.3-c5-s5,7.3.1.3-c5,7.3.1.3,5,4342,5581
7.3.1.3-c5-s6,7.3.1.3-c5,7.3.1.3,6,5583,7523
7.3.1.3-c5-s7,7.3.1.3-c5,7.3.1.3,7,7525,7989
7.3.1.3-c5-s8,7.3.1.3-c5,7.3.1.3,8,7991,9836
7.3.1.3-c5-s9,7.3.1.3-c5,7.3.1.3,9,9838,11356
7.3.1.3-c5-s10,7.3.1.3-c5,7.3.1.3,10,11358,13255
7.3.1.3-c5-s11,7.3.1.3-c5,7.3.1.3,11,13257,14757
7.3.1.3-c5-s12,7.3.1.3-c5,7.3.1.3,12,14759,16756
7.3.1.3-c5-s13,7.3.1.3-c5,7.3.1.3,13,16758,17802
7.3.1.3-c5-s14,7.3.1.3-c5,7.3.1.3,14,17804,19452
7.3.1.3-c5-s15,7.3.1.3-c5,7.3.1.3,15,19454,20530
7.3.1.3-c5-s16,7.3.1.3-c5,7.3.1.3,16,20532,21238
7.3.1.3-c5-s17,7.3.1.3-c5,7.3.1.3,17,21240,23212
7.3.1.3.1-c1-s1,7.3.1.3.1-c1,7.3.1.3.1,1,0,317
7.3.1.3.1-c1-s2,7.3.1.3.1-c1,7.3.1.3.1,2,319,2593
7.3.1.3.1-c1-s3,7.3.1.3.1-c1,7.3.1.3.1,3,2595,4111
7.3.1.3.1-c1-s4,7.3.1.3.1-c1,7.3.1.3.1,4,4113,5098
7.3.1.3.1-c1-s5,7.3.1.3.1-c1,7.3.1.3.1,5,5100,7279
7.3.1.3.1-c1-s6,7.3.1.3.1-c1,7.3.1.3.1,6,7281,8452
7.3.1.4-c1-s1,7.3.1.4-c1,7.3.1.4,1,0,707
7.3.1.4-c2-s1,7.3.1.4-c2,7.3.1.4,1,0,1361
7.3.1.4-c3-s1,7.3.1.4-c3,7.3.1.4,1,0,1148
7.3.1.4-c4-s1,7.3.1.4-c4,7.3.1.4,1,0,1783
7.3.1.4-c5-s1,7.3.1.4-c5,7.3.1.4,1,0,640
7.3.1.4-c5-s2,7.3.1.4-c5,7.3.1.4,2,642,2514
7.3.1.4-c5-s3,7.3.1.4-c5,7.3.1.4,3,2516,4002
7.3.1.4-c5-s4,7.3.1.4-c5,7.3.1.4,4,4004,6345
7.3.1.4-c5-s5,7.3.1.4-c5,7.3.1.4,5,6347,7888
7.3.1.4.1-c1-s1,7.3.1.4.1-c1,7.3.1.4.1,1,0,1828
7.3.1.5-c1-s1,7.3.1.5-c1,7.3.1.5,1,0,1513
7.3.1.5-c2-s1,7.3.1.5-c2,7.3.1.5,1,0,1112
7.3.1.5-c3-s1,7.3.1.5-c3,7.3.1.5,1,0,791
7.3.1.5-c4-s1,7.3.1.5-c4,7.3.1.5,1,0,1862
7.3.1.5-c5-s1,7.3.1.5-c5,7.3.1.5,1,0,1097
7.3.1.5-c6-s1,7.3.1.5-c6,7.3.1.5,1,0,315
7.3.1.5.1-c1-s1,7.3.1.5.1-c1,7.3.1.5.1,1,0,1893
7.3.1.5.1-c1-s2,7.3.1.5.1-c1,7.3.1.5.1,2,1895,2525
7.3.1.6-c1-s1,7.3.1.6-c1,7.3.1.6,1,0,1029
7.3.1.6-c1-s2,7.3.1.6-c1,7.3.1.6,2,1031,3149
7.3.1.6-c1-s3,7.3.1.6-c1,7.3.1.6,3,3151,4817
7.3.1.6.1-c1-s1,7.3.1.6.1-c1,7.3.1.6.1,1,0,1757
7.3.1.7-c1-s1,7.3.1.7-c1,7.3.1.7,1,0,1377
7.3.1.7-c1-s2,7.3.1.7-c1,7.3.1.7,2,1379,2822
7.3.1.7-c1-s3,7.3.1.7-c1,7.3.1.7,3,2824,4651
7.3.1.7-c1-s4,7.3.1.7-c1,7.3.1.7,4,4653,6195
7.3.1.7-c1-s5,7.3.1.7-c1,7.3.1.7,5,6197,7583
7.3.1.7.1-c1-s1,7.3.1.7.1-c1,7.3.1.7.1,1,0,1053
7.3.2-c1-s1,7.3.2-c1,7.3.2,1,0,95
7.3.2-c1-s2,7.3.2-c1,7.3.2,2,97,1757
7.3.2-c1-s3,7.3.2-c1,7.3.2,3,1759,2151
7.3.2-c1-s4,7.3.2-c1,7.3.2,4,2153,3960
7.3.2-c1-s5,7.3.2-c1,7.3.2,5,3962,4314
7.3.2-c2-s1,7.3.2-c2,7.3.2,1,0,433
7.3.2-c3-s1,7.3.2-c3,7.3.2,1,0,1873
7.3.2-c4-s1,7.3.2-c4,7.3.2,1,0,1879
7.3.2-c4-s2,7.3.2-c4,7.3.2,2,1881,3836
7.3.2-c4-s3,7.3.2-c4,7.3.2,3,3838,4602
7.3.2-c4-s4,7.3.2-c4,7.3.2,4,4604,6488
7.3.2-c5-s1,7.3.2-c5,7.3.2,1,0,909
7.3.2-c6-s1,7.3.2-c6,7.3.2,1,0,1463
7.3.2-c7-s1,7.3.2-c7,7.3.2,1,0,2115
7.3.2-c7-s2,7.3.2-c7,7.3.2,2,2117,3798
7.3.2-c8-s1,7.3.2-c8,7.3.2,1,0,736
7.3.2-c8-s2,7.3.2-c8,7.3.2,2,738,2859
7.3.2-c8-s3,7.3.2-c8,7.3.2,3,2861,3288
7.3.2-c8-s4,7.3.2-c8,7.3.2,4,3290,4659
7.3.2.1-c1-s1,7.3.2.1-c1,7.3.2.1,1,0,886
7.3.2.1-c2-s1,7.3.2.1-c2,7.3.2.1,1,0,1672
7.3.2.1-c2-s2,7.3.2.1-c2,7.3.2.1,2,1674,2402
7.3.2.1-c3-s1,7.3.2.1-c3,7.3.2.1,1,0,2514
7.3.2.1-c3-s2,7.3.2.1-c3,7.3.2.1,2,2516,3149
7.3.2.1-c4-s1,7.3.2.1-c4,7.3.2.1,1,0,714
7.3.2.1-c4-s2,7.3.2.1-c4,7.3.2.1,2,716,3083
7.3.2.1-c4-s3,7.3.2.1-c4,7.3.2.1,3,3085,4027
7.3.2.1-c5-s1,7.3.2.1-c5,7.3.2.1,1,0,614
7.3.2.1-c6-s1,7.3.2.1-c6,7.3.2.1,1,0,105
7.3.2.1-c7-s1,7.3.2.1-c7,7.3.2.1,1,0,529
7.3.2.1A-c1-s1,7.3.2.1A-c1,7.3.2.1A,1,0,696
7.3.2.1A-c2-s1,7.3.2.1A-c2,7.3.2.1A,1,0,375
7.3.2.1A-c3-s1,7.3.2.1A-c3,7.3.2.1A,1,0,1293
7.3.2.1A-c4-s1,7.3.2.1A-c4,7.3.2.1A,1,0,728
7.3.2.1A-c5-s1,7.3.2.1A-c5,7.3.2.1A,1,0,2350
7.3.2.1A-c5-s2,7.3.2.1A-c5,7.3.2.1A,2,2352,4099
7.3.2.1A-c6-s1,7.3.2.1A-c6,7.3.2.1A,1,0,714
7.3.2.1A-c6-s2,7.3.2.1A-c6,7.3.2.1A,2,716,3162
7.3.2.1A-c6-s3,7.3.2.1A-c6,7.3.2.1A,3,3164,3956
7.3.2.1A-c7-s1,7.3.2.1A-c7,7.3.2.1A,1,0,607
7.3.2.1A-c8-s1,7.3.2.1A-c8,7.3.2.1A,1,0,109
7.3.2.1A-c9-s1,7.3.2.1A-c9,7.3.2.1A,1,0,529
7.3.2.3-c1-s1,7.3.2.3-c1,7.3.2.3,1,0,812
7.3.2.3-c2-s1,7.3.2.3-c2,7.3.2.3,1,0,2318
7.3.2.3-c2-s2,7.3.2.3-c2,7.3.2.3,2,2320,3059
7.3.2.3-c3-s1,7.3.2.3-c3,7.3.2.3,1,0,553
7.3.2.3-c4-s1,7.3.2.3-c4,7.3.2.3,1,0,1182
7.3.2.3-c4-s2,7.3.2.3-c4,7.3.2.3,2,1184,2843
7.3.2.3-c5-s1,7.3.2.3-c5,7.3.2.3,1,0,946
7.3.2.3-c6-s1,7.3.2.3-c6,7.3.2.3,1,0,698
7.3.2.4-c1-s1,7.3.2.4-c1,7.3.2.4,1,0,1713
7.3.2.5-c1-s1,7.3.2.5-c1,7.3.2.5,1,0,686
7.3.2.5-c2-s1,7.3.2.5-c2,7.3.2.5,1,0,2316
7.3.2.5-c2-s2,7.3.2.5-c2,7.3.2.5,2,2318,3057
7.3.2.5-c3-s1,7.3.2.5-c3,7.3.2.5,1,0,553
7.3.2.5-c4-s1,7.3.2.5-c4,7.3.2.5,1,0,1182
7.3.2.5-c4-s2,7.3.2.5-c4,7.3.2.5,2,1184,2843
7.3.2.5-c5-s1,7.3.2.5-c5,7.3.2.5,1,0,788
7.3.2.5-c6-s1,7.3.2.5-c6,7.3.2.5,1,0,107
7.3.2.5-c7-s1,7.3.2.5-c7,7.3.2.5,1,0,644
7.3.2.6-c1-s1,7.3.2.6-c1,7.3.2.6,1,0,1401
7.3.2.7-c1-s1,7.3.2.7-c1,7.3.2.7,1,0,1355
7.3.2.7-c2-s1,7.3.2.7-c2,7.3.2.7,1,0,1113
7.3.2.7-c3-s1,7.3.2.7-c3,7.3.2.7,1,0,746
7.3.2.7-c4-s1,7.3.2.7-c4,7.3.2.7,1,0,369
7.3.2.7-c5-s1,7.3.2.7-c5,7.3.2.7,1,0,1374
7.3.2.7-c5-s2,7.3.2.7-c5,7.3.2.7,2,1376,3181
7.3.2.7-c6-s1,7.3.2.7-c6,7.3.2.7,1,0,947
7.3.2.7-c7-s1,7.3.2.7-c7,7.3.2.7,1,0,883
7.3.2.7A-c1-s1,7.3.2.7A-c1,7.3.2.7A,1,0,997
7.3.2.7A-c2-s1,7.3.2.7A-c2,7.3.2.7A,1,0,1319
7.3.2.7A-c3-s1,7.3.2.7A-c3,7.3.2.7A,1,0,1293
7.3.2.7A-c4-s1,7.3.2.7A-c4,7.3.2.7A,1,0,2422
7.3.2.7A-c4-s2,7.3.2.7A-c4,7.3.2.7A,2,2424,4115
7.3.2.7A-c5-s1,7.3.2.7A-c5,7.3.2.7A,1,0,720
7.3.2.7A-c5-s2,7.3.2.7A-c5,7.3.2.7A,2,722,3172
7.3.2.7A-c5-s3,7.3.2.7A-c5,7.3.2.7A,3,3174,3961
7.3.2.7A-c6-s1,7.3.2.7A-c6,7.3.2.7A,1,0,634
7.3.2.7A-c7-s1,7.3.2.7A-c7,7.3.2.7A,1,0,107
7.3.2.7A-c8-s1,7.3.2.7A-c8,7.3.2.7A,1,0,610
7.3.2.7B-c1-s1,7.3.2.7B-c1,7.3.2.7B,1,0,995
7.3.2.7B-c2-s1,7.3.2.7B-c2,7.3.2.7B,1,0,1315
7.3.2.7B-c3-s1,7.3.2.7B-c3,7.3.2.7B,1,0,1299
7.3.2.7B-c4-s1,7.3.2.7B-c4,7.3.2.7B,1,0,2492
7.3.2.7B-c4-s2,7.3.2.7B-c4,7.3.2.7B,2,2494,3126
7.3.2.7B-c5-s1,7.3.2.7B-c5,7.3.2.7B,1,0,716
7.3.2.7B-c5-s2,7.3.2.7B-c5,7.3.2.7B,2,718,3223
7.3.2.7B-c5-s3,7.3.2.7B-c5,7.3.2.7B,3,3225,4014
7.3.2.7B-c6-s1,7.3.2.7B-c6,7.3.2.7B,1,0,634
7.3.2.7B-c7-s1,7.3.2.7B-c7,7.3.2.7B,1,0,107
7.3.2.7B-c8-s1,7.3.2.7B-c8,7.3.2.7B,1,0,614
7.3.2.8-c1-s1,7.3.2.8-c1,7.3.2.8,1,0,310
7.3.2.8-c1-s2,7.3.2.8-c1,7.3.2.8,2,312,2044
7.3.2.9-c1-s1,7.3.2.9-c1,7.3.2.9,1,0,313
7.3.2.9-c1-s2,7.3.2.9-c1,7.3.2.9,2,315,2061
7.3.2.10-c1-s1,7.3.2.10-c1,7.3.2.10,1,0,1121
7.3.2.10-c2-s1,7.3.2.10-c2,7.3.2.10,1,0,1113
7.3.2.10-c3-s1,7.3.2.10-c3,7.3.2.10,1,0,746
7.3.2.10-c4-s1,7.3.2.10-c4,7.3.2.10,1,0,369
7.3.2.10-c5-s1,7.3.2.10-c5,7.3.2.10,1,0,1374
7.3.2.10-c5-s2,7.3.2.10-c5,7.3.2.10,2,1376,3181
7.3.2.10-c6-s1,7.3.2.10-c6,7.3.2.10,1,0,900
7.3.2.10-c7-s1,7.3.2.10-c7,7.3.2.10,1,0,802
7.3.2.11-c1-s1,7.3.2.11-c1,7.3.2.11,1,0,1138
7.3.2.11-c2-s1,7.3.2.11-c2,7.3.2.11,1,0,920
7.3.2.11-c3-s1,7.3.2.11-c3,7.3.2.11,1,0,746
7.3.2.11-c4-s1,7.3.2.11-c4,7.3.2.11,1,0,369
7.3.2.11-c5-s1,7.3.2.11-c5,7.3.2.11,1,0,1363
7.3.2.11-c5-s2,7.3.2.11-c5,7.3.2.11,2,1365,3156
7.3.2.11-c6-s1,7.3.2.11-c6,7.3.2.11,1,0,900
7.3.2.11-c7-s1,7.3.2.11-c7,7.3.2.11,1,0,802
7.3.2.12-c1-s1,7.3.2.12-c1,7.3.2.12,1,0,337
7.3.2.12-c1-s2,7.3.2.12-c1,7.3.2.12,2,339,2072
7.3.2.13-c1-s1,7.3.2.13-c1,7.3.2.13,1,0,1947
7.3.3-c1-s1,7.3.3-c1,7.3.3,1,0,976
7.3.3-c2-s1,7.3.3-c2,7.3.3,1,0,787
7.3.3-c3-s1,7.3.3-c3,7.3.3,1,0,1561
7.3.3-c3-s2,7.3.3-c3,7.3.3,2,1563,2770
7.3.3-c3-s3,7.3.3-c3,7.3.3,3,2772,4562
7.3.3-c3-s4,7.3.3-c3,7.3.3,4,4564,6452
7.3.3-c4-s1,7.3.3-c4,7.3.3,1,0,1315
7.3.3-c5-s1,7.3.3-c5,7.3.3,1,0,1462
7.3.3-c5-s2,7.3.3-c5,7.3.3,2,1464,2430
7.3.3-c6-s1,7.3.3-c6,7.3.3,1,0,2210
7.3.3-c6-s2,7.3.3-c6,7.3.3,2,2212,3046
7.3.3-c7-s1,7.3.3-c7,7.3.3,1,0,1024
7.3.3-c8-s1,7.3.3-c8,7.3.3,1,0,1713
7.3.3-c8-s2,7.3.3-c8,7.3.3,2,1715,2196
7.3.3.1-c1-s1,7.3.3.1-c1,7.3.3.1,1,0,1069
7.3.3.1-c2-s1,7.3.3.1-c2,7.3.3.1,1,0,1959
7.3.3.1-c3-s1,7.3.3.1-c3,7.3.3.1,1,0,531
7.3.3.1-c4-s1,7.3.3.1-c4,7.3.3.1,1,0,1182
7.3.3.1-c4-s2,7.3.3.1-c4,7.3.3.1,2,1184,2843
7.3.3.1-c5-s1,7.3.3.1-c5,7.3.3.1,1,0,906
7.3.3.1-c6-s1,7.3.3.1-c6,7.3.3.1,1,0,625
7.3.3.2-c1-s1,7.3.3.2-c1,7.3.3.2,1,0,664
7.3.3.2-c2-s1,7.3.3.2-c2,7.3.3.2,1,0,1935
7.3.3.2-c3-s1,7.3.3.2-c3,7.3.3.2,1,0,529
7.3.3.2-c4-s1,7.3.3.2-c4,7.3.3.2,1,0,1182
7.3.3.2-c4-s2,7.3.3.2-c4,7.3.3.2,2,1184,2843
7.3.3.2-c5-s1,7.3.3.2-c5,7.3.3.2,1,0,906
7.3.3.2-c6-s1,7.3.3.2-c6,7.3.3.2,1,0,625
7.3.3.3-c1-s1,7.3.3.3-c1,7.3.3.3,1,0,1491
7.3.3A-c1-s1,7.3.3A-c1,7.3.3A,1,0,314
7.3.3A-c1-s2,7.3.3A-c1,7.3.3A,2,316,2244
7.3.3A.1-c1-s1,7.3.3A.1-c1,7.3.3A.1,1,0,1619
7.3.3A.1-c2-s1,7.3.3A.1-c2,7.3.3A.1,1,0,1261
7.3.3A.1-c3-s1,7.3.3A.1-c3,7.3.3A.1,1,0,628
7.3.3A.1-c4-s1,7.3.3A.1-c4,7.3.3A.1,1,0,797
7.3.3A.1-c4-s2,7.3.3A.1-c4,7.3.3A.1,2,799,3301
7.3.3A.1-c4-s3,7.3.3A.1-c4,7.3.3A.1,3,3303,4054
7.3.3A.1-c5-s1,7.3.3A.1-c5,7.3.3A.1,1,0,702
7.3.3A.1A-c1-s1,7.3.3A.1A-c1,7.3.3A.1A,1,0,1634
7.3.3A.1A-c2-s1,7.3.3A.1A-c2,7.3.3A.1A,1,0,1291
7.3.3A.1A-c3-s1,7.3.3A.1A-c3,7.3.3A.1A,1,0,628
7.3.3A.1A-c4-s1,7.3.3A.1A-c4,7.3.3A.1A,1,0,797
7.3.3A.1A-c4-s2,7.3.3A.1A-c4,7.3.3A.1A,2,799,3178
7.3.3A.1A-c4-s3,7.3.3A.1A-c4,7.3.3A.1A,3,3180,3925
7.3.3A.1A-c5-s1,7.3.3A.1A-c5,7.3.3A.1A,1,0,702
7.3.4-c1-s1,7.3.4-c1,7.3.4,1,0,48
7.3.4-c1-s2,7.3.4-c1,7.3.4,2,50,2225
7.3.4-c1-s3,7.3.4-c1,7.3.4,3,2227,2291
7.3.4-c1-s4,7.3.4-c1,7.3.4,4,2293,2319
7.3.4.1-c1-s1,7.3.4.1-c1,7.3.4.1,1,0,1879
7.3.4.1-c2-s1,7.3.4.1-c2,7.3.4.1,1,0,1291
7.3.4.1-c3-s1,7.3.4.1-c3,7.3.4.1,1,0,449
7.3.4.1-c4-s1,7.3.4.1-c4,7.3.4.1,1,0,699
7.3.4.2-c1-s1,7.3.4.2-c1,7.3.4.2,1,0,551
7.3.4.2-c1-s2,7.3.4.2-c1,7.3.4.2,2,553,2396
7.3.4.3-c1-s1,7.3.4.3-c1,7.3.4.3,1,0,1921
7.3.4.3-c2-s1,7.3.4.3-c2,7.3.4.3,1,0,1031
7.3.4.3-c3-s1,7.3.4.3-c3,7.3.4.3,1,0,449
7.3.4.3-c4-s1,7.3.4.3-c4,7.3.4.3,1,0,789
7.3.4.4-c1-s1,7.3.4.4-c1,7.3.4.4,1,0,2105
7.3.5-c1-s1,7.3.5-c1,7.3.5,1,0,928
7.3.5-c2-s1,7.3.5-c2,7.3.5,1,0,318
7.3.5-c3-s1,7.3.5-c3,7.3.5,1,0,1426
7.3.5-c4-s1,7.3.5-c4,7.3.5,1,0,526
7.3.5-c4-s2,7.3.5-c4,7.3.5,2,528,2484
7.3.5-c4-s3,7.3.5-c4,7.3.5,3,2486,4414
7.3.5-c4-s4,7.3.5-c4,7.3.5,4,4416,4662
7.3.5-c5-s1,7.3.5-c5,7.3.5,1,0,582
7.3.5-c6-s1,7.3.5-c6,7.3.5,1,0,913
7.3.5-c7-s1,7.3.5-c7,7.3.5,1,0,932
7.3.5-c8-s1,7.3.5-c8,7.3.5,1,0,1331
7.3.5.1-c1-s1,7.3.5.1-c1,7.3.5.1,1,0,393
7.3.5.1-c2-s1,7.3.5.1-c2,7.3.5.1,1,0,493
7.3.5.1-c3-s1,7.3.5.1-c3,7.3.5.1,1,0,775
7.3.5.1-c4-s1,7.3.5.1-c4,7.3.5.1,1,0,712
7.3.5.1-c5-s1,7.3.5.1-c5,7.3.5.1,1,0,951
7.3.5.1-c6-s1,7.3.5.1-c6,7.3.5.1,1,0,2362
7.3.5.1-c6-s2,7.3.5.1-c6,7.3.5.1,2,2364,3146
7.3.5.1-c7-s1,7.3.5.1-c7,7.3.5.1,1,0,710
7.3.5.1-c7-s2,7.3.5.1-c7,7.3.5.1,2,712,3072
7.3.5.1-c7-s3,7.3.5.1-c7,7.3.5.1,3,3074,3973
7.3.5.1-c8-s1,7.3.5.1-c8,7.3.5.1,1,0,576
7.3.5.1-c9-s1,7.3.5.1-c9,7.3.5.1,1,0,107
7.3.5.1-c10-s1,7.3.5.1-c10,7.3.5.1,1,0,586
7.3.5.1A-c1-s1,7.3.5.1A-c1,7.3.5.1A,1,0,1682
7.3.5.1A-c2-s1,7.3.5.1A-c2,7.3.5.1A,1,0,716
7.3.5.1A-c3-s1,7.3.5.1A-c3,7.3.5.1A,1,0,951
7.3.5.1A-c4-s1,7.3.5.1A-c4,7.3.5.1A,1,0,2348
7.3.5.1A-c4-s2,7.3.5.1A-c4,7.3.5.1A,2,2350,4105
7.3.5.1A-c5-s1,7.3.5.1A-c5,7.3.5.1A,1,0,710
7.3.5.1A-c5-s2,7.3.5.1A-c5,7.3.5.1A,2,712,3033
7.3.5.1A-c5-s3,7.3.5.1A-c5,7.3.5.1A,3,3035,3780
7.3.5.1A-c6-s1,7.3.5.1A-c6,7.3.5.1A,1,0,576
7.3.5.1A-c7-s1,7.3.5.1A-c7,7.3.5.1A,1,0,107
7.3.5.1A-c8-s1,7.3.5.1A-c8,7.3.5.1A,1,0,586
7.3.5.2-c1-s1,7.3.5.2-c1,7.3.5.2,1,0,220
7.3.5.2-c1-s2,7.3.5.2-c1,7.3.5.2,2,222,2045
7.3.6-c1-s1,7.3.6-c1,7.3.6,1,0,572
7.3.6-c2-s1,7.3.6-c2,7.3.6,1,0,1164
7.3.6-c3-s1,7.3.6-c3,7.3.6,1,0,730
7.3.6-c4-s1,7.3.6-c4,7.3.6,1,0,724
7.3.6-c5-s1,7.3.6-c5,7.3.6,1,0,245
7.3.6-c6-s1,7.3.6-c6,7.3.6,1,0,10
7.3.6-c6-s2,7.3.6-c6,7.3.6,2,12,1930
7.3.6-c6-s3,7.3.6-c6,7.3.6,3,1932,2970
7.3.6-c6-s4,7.3.6-c6,7.3.6,4,2972,4847
7.3.6-c7-s1,7.3.6-c7,7.3.6,1,0,1922
7.3.6-c8-s1,7.3.6-c8,7.3.6,1,0,424
7.3.6-c9-s1,7.3.6-c9,7.3.6,1,0,1210
7.3.6-c9-s2,7.3.6-c9,7.3.6,2,1212,3051
7.3.6-c9-s3,7.3.6-c9,7.3.6,3,3053,3720
7.3.6.1-c1-s1,7.3.6.1-c1,7.3.6.1,1,0,929
7.3.6.1-c2-s1,7.3.6.1-c2,7.3.6.1,1,0,550
7.3.6.1-c3-s1,7.3.6.1-c3,7.3.6.1,1,0,679
7.3.6.1-c4-s1,7.3.6.1-c4,7.3.6.1,1,0,1226
7.3.6.1-c5-s1,7.3.6.1-c5,7.3.6.1,1,0,1274
7.3.6.1-c5-s2,7.3.6.1-c5,7.3.6.1,2,1276,3023
7.3.6.1-c6-s1,7.3.6.1-c6,7.3.6.1,1,0,828
7.3.6.1-c7-s1,7.3.6.1-c7,7.3.6.1,1,0,774
7.3.6.2-c1-s1,7.3.6.2-c1,7.3.6.2,1,0,1963
7.3.6.2-c1-s2,7.3.6.2-c1,7.3.6.2,2,1965,1996
7.3.6.3-c1-s1,7.3.6.3-c1,7.3.6.3,1,0,868
7.3.6.3-c2-s1,7.3.6.3-c2,7.3.6.3,1,0,550
7.3.6.3-c3-s1,7.3.6.3-c3,7.3.6.3,1,0,679
7.3.6.3-c4-s1,7.3.6.3-c4,7.3.6.3,1,0,1226
7.3.6.3-c5-s1,7.3.6.3-c5,7.3.6.3,1,0,1274
7.3.6.3-c5-s2,7.3.6.3-c5,7.3.6.3,2,1276,3023
7.3.6.3-c6-s1,7.3.6.3-c6,7.3.6.3,1,0,783
7.3.6.3-c7-s1,7.3.6.3-c7,7.3.6.3,1,0,696
7.3.6.4-c1-s1,7.3.6.4-c1,7.3.6.4,1,0,1704
7.3.7-c1-s1,7.3.7-c1,7.3.7,1,0,845
7.3.7-c2-s1,7.3.7-c2,7.3.7,1,0,641
7.3.7-c2-s2,7.3.7-c2,7.3.7,2,643,2553
7.3.7-c3-s1,7.3.7-c3,7.3.7,1,0,1637
7.3.7-c4-s1,7.3.7-c4,7.3.7,1,0,556
7.3.7-c5-s1,7.3.7-c5,7.3.7,1,0,2306
7.3.7-c5-s2,7.3.7-c5,7.3.7,2,2308,3209
7.3.7.1-c1-s1,7.3.7.1-c1,7.3.7.1,1,0,1184
7.3.7.1-c2-s1,7.3.7.1-c2,7.3.7.1,1,0,550
7.3.7.1-c3-s1,7.3.7.1-c3,7.3.7.1,1,0,679
7.3.7.1-c4-s1,7.3.7.1-c4,7.3.7.1,1,0,1228
7.3.7.1-c5-s1,7.3.7.1-c5,7.3.7.1,1,0,494
7.3.7.2-c1-s1,7.3.7.2-c1,7.3.7.2,1,0,1014
7.3.7.3-c1-s1,7.3.7.3-c1,7.3.7.3,1,0,1214
7.3.7.3-c2-s1,7.3.7.3-c2,7.3.7.3,1,0,550
7.3.7.3-c3-s1,7.3.7.3-c3,7.3.7.3,1,0,679
7.3.7.3-c4-s1,7.3.7.3-c4,7.3.7.3,1,0,1228
7.3.7.3-c5-s1,7.3.7.3-c5,7.3.7.3,1,0,2236
7.3.7.3-c5-s2,7.3.7.3-c5,7.3.7.3,2,2238,3030
7.3.7.3-c6-s1,7.3.7.3-c6,7.3.7.3,1,0,783
7.3.7.3-c7-s1,7.3.7.3-c7,7.3.7.3,1,0,696
7.3.7.4-c1-s1,7.3.7.4-c1,7.3.7.4,1,0,1821
7.3.8-c1-s1,7.3.8-c1,7.3.8,1,0,1894
7.3.8-c2-s1,7.3.8-c2,7.3.8,1,0,1315
7.3.8-c3-s1,7.3.8-c3,7.3.8,1,0,1009
7.3.8-c4-s1,7.3.8-c4,7.3.8,1,0,224
7.3.8-c5-s1,7.3.8-c5,7.3.8,1,0,395
7.3.8-c5-s2,7.3.8-c5,7.3.8,2,397,2459
7.3.8.1-c1-s1,7.3.8.1-c1,7.3.8.1,1,0,1606
7.3.8.1-c2-s1,7.3.8.1-c2,7.3.8.1,1,0,2430
7.3.8.1-c2-s2,7.3.8.1-c2,7.3.8.1,2,2432,3210
7.3.8.1-c3-s1,7.3.8.1-c3,7.3.8.1,1,0,421
7.3.8.1-c4-s1,7.3.8.1-c4,7.3.8.1,1,0,742
7.3.8.1-c5-s1,7.3.8.1-c5,7.3.8.1,1,0,613
7.3.8.2-c1-s1,7.3.8.2-c1,7.3.8.2,1,0,2295
7.3.8.2-c2-s1,7.3.8.2-c2,7.3.8.2,1,0,2425
7.3.8.2-c2-s2,7.3.8.2-c2,7.3.8.2,2,2427,3162
7.3.8.2-c3-s1,7.3.8.2-c3,7.3.8.2,1,0,422
7.3.8.2-c4-s1,7.3.8.2-c4,7.3.8.2,1,0,742
7.3.8.2-c5-s1,7.3.8.2-c5,7.3.8.2,1,0,608
7.3.9-c1-s1,7.3.9-c1,7.3.9,1,0,322
7.3.9-c2-s1,7.3.9-c2,7.3.9,1,0,557
7.3.9-c3-s1,7.3.9-c3,7.3.9,1,0,553
7.3.9-c4-s1,7.3.9-c4,7.3.9,1,0,1293
7.3.9-c5-s1,7.3.9-c5,7.3.9,1,0,2007
7.3.9-c5-s2,7.3.9-c5,7.3.9,2,2009,3808
7.3.9-c5-s3,7.3.9-c5,7.3.9,3,3810,5399
7.3.9-c5-s4,7.3.9-c5,7.3.9,4,5401,6157
7.3.9-c6-s1,7.3.9-c6,7.3.9,1,0,930
7.3.9-c7-s1,7.3.9-c7,7.3.9,1,0,315
7.3.9-c8-s1,7.3.9-c8,7.3.9,1,0,280
7.3.9-c9-s1,7.3.9-c9,7.3.9,1,0,1515
7.3.9-c10-s1,7.3.9-c10,7.3.9,1,0,841
7.3.9-c11-s1,7.3.9-c11,7.3.9,1,0,120
7.3.9-c12-s1,7.3.9-c12,7.3.9,1,0,1258
7.3.9.1-c1-s1,7.3.9.1-c1,7.3.9.1,1,0,681
7.3.9.1-c2-s1,7.3.9.1-c2,7.3.9.1,1,0,1124
7.3.9.1-c2-s2,7.3.9.1-c2,7.3.9.1,2,1126,2936
7.3.9.1-c3-s1,7.3.9.1-c3,7.3.9.1,1,0,292
7.3.9.1-c4-s1,7.3.9.1-c4,7.3.9.1,1,0,338
7.3.9.1-c5-s1,7.3.9.1-c5,7.3.9.1,1,0,2163
7.3.9.1-c6-s1,7.3.9.1-c6,7.3.9.1,1,0,496
7.3.9.2-c1-s1,7.3.9.2-c1,7.3.9.2,1,0,684
7.3.9.2-c2-s1,7.3.9.2-c2,7.3.9.2,1,0,1126
7.3.9.2-c2-s2,7.3.9.2-c2,7.3.9.2,2,1128,2936
7.3.9.2-c3-s1,7.3.9.2-c3,7.3.9.2,1,0,1973
7.3.9.2-c4-s1,7.3.9.2-c4,7.3.9.2,1,0,1522
7.3.9.2-c5-s1,7.3.9.2-c5,7.3.9.2,1,0,2156
7.3.9.2-c5-s2,7.3.9.2-c5,7.3.9.2,2,2158,4284
7.3.9.2-c5-s3,7.3.9.2-c5,7.3.9.2,3,4286,6388
7.3.9.2-c6-s1,7.3.9.2-c6,7.3.9.2,1,0,546
7.3.9.3-c1-s1,7.3.9.3-c1,7.3.9.3,1,0,624
7.3.9.3-c2-s1,7.3.9.3-c2,7.3.9.3,1,0,1126
7.3.9.3-c2-s2,7.3.9.3-c2,7.3.9.3,2,1128,2936
7.3.9.3-c3-s1,7.3.9.3-c3,7.3.9.3,1,0,286
7.3.9.3-c4-s1,7.3.9.3-c4,7.3.9.3,1,0,340
7.3.9.3-c5-s1,7.3.9.3-c5,7.3.9.3,1,0,2170
7.3.9.3-c6-s1,7.3.9.3-c6,7.3.9.3,1,0,516
7.3.9.4-c1-s1,7.3.9.4-c1,7.3.9.4,1,0,1147
7.3.9.5-c1-s1,7.3.9.5-c1,7.3.9.5,1,0,854
7.3.9.5-c2-s1,7.3.9.5-c2,7.3.9.5,1,0,1128
7.3.9.5-c2-s2,7.3.9.5-c2,7.3.9.5,2,1130,2940
7.3.9.5-c3-s1,7.3.9.5-c3,7.3.9.5,1,0,297
7.3.9.5-c4-s1,7.3.9.5-c4,7.3.9.5,1,0,338
7.3.9.5-c5-s1,7.3.9.5-c5,7.3.9.5,1,0,355
7.3.9.5-c6-s1,7.3.9.5-c6,7.3.9.5,1,0,2168
7.3.9.5-c6-s2,7.3.9.5-c6,7.3.9.5,2,2170,4519
7.3.9.5-c6-s3,7.3.9.5-c6,7.3.9.5,3,4521,5983
7.3.9.5-c6-s4,7.3.9.5-c6,7.3.9.5,4,5985,6830
7.3.9.5-c7-s1,7.3.9.5-c7,7.3.9.5,1,0,579
7.3.9.6-c1-s1,7.3.9.6-c1,7.3.9.6,1,0,1360
7.3.10-c1-s1,7.3.10-c1,7.3.10,1,0,989
7.3.10-c2-s1,7.3.10-c2,7.3.10,1,0,680
7.3.10-c3-s1,7.3.10-c3,7.3.10,1,0,786
7.3.10-c4-s1,7.3.10-c4,7.3.10,1,0,1487
7.3.10-c4-s2,7.3.10-c4,7.3.10,2,1489,2593
7.3.10-c5-s1,7.3.10-c5,7.3.10,1,0,249
7.3.10-c6-s1,7.3.10-c6,7.3.10,1,0,297
7.3.10-c7-s1,7.3.10-c7,7.3.10,1,0,1103
7.3.10-c7-s2,7.3.10-c7,7.3.10,2,1105,2110
7.3.10-c8-s1,7.3.10-c8,7.3.10,1,0,598
7.3.10.1-c1-s1,7.3.10.1-c1,7.3.10.1,1,0,940
7.3.10.1-c2-s1,7.3.10.1-c2,7.3.10.1,1,0,1925
7.3.10.1-c2-s2,7.3.10.1-c2,7.3.10.1,2,1927,4117
7.3.10.1-c3-s1,7.3.10.1-c3,7.3.10.1,1,0,612
7.3.10.1-c4-s1,7.3.10.1-c4,7.3.10.1,1,0,600
7.3.10.1-c5-s1,7.3.10.1-c5,7.3.10.1,1,0,577
7.3.10.1-c6-s1,7.3.10.1-c6,7.3.10.1,1,0,586
7.3.10.2-c1-s1,7.3.10.2-c1,7.3.10.2,1,0,1439
7.3.10.3-c1-s1,7.3.10.3-c1,7.3.10.3,1,0,984
7.3.10.3-c2-s1,7.3.10.3-c2,7.3.10.3,1,0,1927
7.3.10.3-c2-s2,7.3.10.3-c2,7.3.10.3,2,1929,4119
7.3.10.3-c3-s1,7.3.10.3-c3,7.3.10.3,1,0,602
7.3.10.3-c4-s1,7.3.10.3-c4,7.3.10.3,1,0,1304
7.3.10.3-c5-s1,7.3.10.3-c5,7.3.10.3,1,0,416
7.3.10.3-c6-s1,7.3.10.3-c6,7.3.10.3,1,0,349
7.3.10.3-c7-s1,7.3.10.3-c7,7.3.10.3,1,0,730
7.3.10.4-c1-s1,7.3.10.4-c1,7.3.10.4,1,0,1948
7.3.10.5-c1-s1,7.3.10.5-c1,7.3.10.5,1,0,874
7.3.10.5-c2-s1,7.3.10.5-c2,7.3.10.5,1,0,1917
7.3.10.5-c2-s2,7.3.10.5-c2,7.3.10.5,2,1919,4109
7.3.10.5-c3-s1,7.3.10.5-c3,7.3.10.5,1,0,570
7.3.10.5-c4-s1,7.3.10.5-c4,7.3.10.5,1,0,594
7.3.10.5-c5-s1,7.3.10.5-c5,7.3.10.5,1,0,553
7.3.10.5-c6-s1,7.3.10.5-c6,7.3.10.5,1,0,351
7.3.10.5-c7-s1,7.3.10.5-c7,7.3.10.5,1,0,665
7.3.10.6-c1-s1,7.3.10.6-c1,7.3.10.6,1,0,1823
7.3.11-c1-s1,7.3.11-c1,7.3.11,1,0,345
7.3.11-c2-s1,7.3.11-c2,7.3.11,1,0,1827
7.3.11-c2-s2,7.3.11-c2,7.3.11,2,1829,1999
7.3.11-c3-s1,7.3.11-c3,7.3.11,1,0,264
7.3.11-c4-s1,7.3.11-c4,7.3.11,1,0,660
7.3.11-c5-s1,7.3.11-c5,7.3.11,1,0,431
7.3.11.1-c1-s1,7.3.11.1-c1,7.3.11.1,1,0,1806
7.3.11.1-c1-s2,7.3.11.1-c1,7.3.11.1,2,1808,3682
7.3.11.1-c2-s1,7.3.11.1-c2,7.3.11.1,1,0,341
7.3.11.1-c3-s1,7.3.11.1-c3,7.3.11.1,1,0,546
7.3.11.1-c4-s1,7.3.11.1-c4,7.3.11.1,1,0,516
7.3.11.2-c1-s1,7.3.11.2-c1,7.3.11.2,1,0,825
7.3.12-c1-s1,7.3.12-c1,7.3.12,1,0,346
7.3.12-c2-s1,7.3.12-c2,7.3.12,1,0,1069
7.3.12-c3-s1,7.3.12-c3,7.3.12,1,0,1882
7.3.12-c3-s2,7.3.12-c3,7.3.12,2,1884,2287
7.3.12.1-c1-s1,7.3.12.1-c1,7.3.12.1,1,0,1808
7.3.12.1-c1-s2,7.3.12.1-c1,7.3.12.1,2,1810,3681
7.3.12.1-c2-s1,7.3.12.1-c2,7.3.12.1,1,0,341
7.3.12.1-c3-s1,7.3.12.1-c3,7.3.12.1,1,0,36
7.3.12.1-c3-s2,7.3.12.1-c3,7.3.12.1,2,38,2411
7.3.12.1-c3-s3,7.3.12.1-c3,7.3.12.1,3,2413,5005
7.3.12.1-c3-s4,7.3.12.1-c3,7.3.12.1,4,5007,5385
7.3.12.1-c3-s5,7.3.12.1-c3,7.3.12.1,5,5387,7002
7.3.12.1-c4-s1,7.3.12.1-c4,7.3.12.1,1,0,516
7.3.12.2-c1-s1,7.3.12.2-c1,7.3.12.2,1,0,837
7.3.13-c1-s1,7.3.13-c1,7.3.13,1,0,1145
7.3.13-c2-s1,7.3.13-c2,7.3.13,1,0,1181
7.3.13-c2-s2,7.3.13-c2,7.3.13,2,1183,2735
7.3.13-c3-s1,7.3.13-c3,7.3.13,1,0,1837
7.3.13-c3-s2,7.3.13-c3,7.3.13,2,1839,3668
7.3.13-c4-s1,7.3.13-c4,7.3.13,1,0,1261
7.3.13-c4-s2,7.3.13-c4,7.3.13,2,1263,2985
7.3.13-c4-s3,7.3.13-c4,7.3.13,3,2987,3216
7.3.13-c4-s4,7.3.13-c4,7.3.13,4,3218,4433
7.3.13-c4-s5,7.3.13-c4,7.3.13,5,4435,5351
7.3.13-c4-s6,7.3.13-c4,7.3.13,6,5353,7051
7.3.13-c4-s7,7.3.13-c4,7.3.13,7,7053,7986
7.3.13-c4-s8,7.3.13-c4,7.3.13,8,7988,8446
7.3.13-c5-s1,7.3.13-c5,7.3.13,1,0,1644
7.3.13.1-c1-s1,7.3.13.1-c1,7.3.13.1,1,0,2131
7.3.13.1-c1-s2,7.3.13.1-c1,7.3.13.1,2,2133,2756
7.3.13.1-c1-s3,7.3.13.1-c1,7.3.13.1,3,2758,4602
7.3.13.1-c2-s1,7.3.13.1-c2,7.3.13.1,1,0,514
7.3.13.1-c3-s1,7.3.13.1-c3,7.3.13.1,1,0,324
7.3.13.1-c4-s1,7.3.13.1-c4,7.3.13.1,1,0,1543
7.3.13.1-c4-s2,7.3.13.1-c4,7.3.13.1,2,1545,3989
7.3.13.1-c4-s3,7.3.13.1-c4,7.3.13.1,3,3991,5095
7.3.13.1-c5-s1,7.3.13.1-c5,7.3.13.1,1,0,1914
7.3.13.2-c1-s1,7.3.13.2-c1,7.3.13.2,1,0,1621
7.3.13.2-c1-s2,7.3.13.2-c1,7.3.13.2,2,1623,2879
7.3.13.3-c1-s1,7.3.13.3-c1,7.3.13.3,1,0,2121
7.3.13.3-c1-s2,7.3.13.3-c1,7.3.13.3,2,2123,2746
7.3.13.3-c1-s3,7.3.13.3-c1,7.3.13.3,3,2748,4552
7.3.13.3-c2-s1,7.3.13.3-c2,7.3.13.3,1,0,516
7.3.13.3-c3-s1,7.3.13.3-c3,7.3.13.3,1,0,324
7.3.13.3-c4-s1,7.3.13.3-c4,7.3.13.3,1,0,1486
7.3.13.3-c5-s1,7.3.13.3-c5,7.3.13.3,1,0,2440
7.3.13.3-c5-s2,7.3.13.3-c5,7.3.13.3,2,2442,3546
7.3.13.3-c6-s1,7.3.13.3-c6,7.3.13.3,1,0,1908
7.3.13.4-c1-s1,7.3.13.4-c1,7.3.13.4,1,0,1599
7.3.13.4-c1-s2,7.3.13.4-c1,7.3.13.4,2,1601,2866
7.3.13.5-c1-s1,7.3.13.5-c1,7.3.13.5,1,0,2164
7.3.13.5-c1-s2,7.3.13.5-c1,7.3.13.5,2,2166,2789
7.3.13.5-c1-s3,7.3.13.5-c1,7.3.13.5,3,2791,4631
7.3.13.5-c2-s1,7.3.13.5-c2,7.3.13.5,1,0,514
7.3.13.5-c3-s1,7.3.13.5-c3,7.3.13.5,1,0,324
7.3.13.5-c4-s1,7.3.13.5-c4,7.3.13.5,1,0,844
7.3.13.5-c4-s2,7.3.13.5-c4,7.3.13.5,2,846,3113
7.3.13.5-c4-s3,7.3.13.5-c4,7.3.13.5,3,3115,3857
7.3.13.5-c4-s4,7.3.13.5-c4,7.3.13.5,4,3859,5371
7.3.13.5-c4-s5,7.3.13.5-c4,7.3.13.5,5,5373,7729
7.3.13.5-c4-s6,7.3.13.5-c4,7.3.13.5,6,7731,9795
7.3.13.5-c4-s7,7.3.13.5-c4,7.3.13.5,7,9797,11560
7.3.13.5-c5-s1,7.3.13.5-c5,7.3.13.5,1,0,2440
7.3.13.5-c5-s2,7.3.13.5-c5,7.3.13.5,2,2442,3594
7.3.13.5-c6-s1,7.3.13.5-c6,7.3.13.5,1,0,895
7.3.13.5-c6-s2,7.3.13.5-c6,7.3.13.5,2,897,3081
7.3.13.5-c6-s3,7.3.13.5-c6,7.3.13.5,3,3083,3430
7.3.13.6-c1-s1,7.3.13.6-c1,7.3.13.6,1,0,2183
7.3.13.6-c1-s2,7.3.13.6-c1,7.3.13.6,2,2185,2808
7.3.13.6-c1-s3,7.3.13.6-c1,7.3.13.6,3,2810,4668
7.3.13.6-c2-s1,7.3.13.6-c2,7.3.13.6,1,0,518
7.3.13.6-c3-s1,7.3.13.6-c3,7.3.13.6,1,0,324
7.3.13.6-c4-s1,7.3.13.6-c4,7.3.13.6,1,0,1833
7.3.13.6-c4-s2,7.3.13.6-c4,7.3.13.6,2,1835,4107
7.3.13.6-c4-s3,7.3.13.6-c4,7.3.13.6,3,4109,5691
7.3.13.6-c4-s4,7.3.13.6-c4,7.3.13.6,4,5693,7952
7.3.13.6-c4-s5,7.3.13.6-c4,7.3.13.6,5,7954,9258
7.3.13.6-c4-s6,7.3.13.6-c4,7.3.13.6,6,9260,11411
7.3.13.6-c5-s1,7.3.13.6-c5,7.3.13.6,1,0,2450
7.3.13.6-c5-s2,7.3.13.6-c5,7.3.13.6,2,2452,3604
7.3.13.6-c6-s1,7.3.13.6-c6,7.3.13.6,1,0,885
7.3.13.6-c6-s2,7.3.13.6-c6,7.3.13.6,2,887,3087
7.3.13.6-c6-s3,7.3.13.6-c6,7.3.13.6,3,3089,3436
7.3.13.7-c1-s1,7.3.13.7-c1,7.3.13.7,1,0,1211
7.3.13.7-c1-s2,7.3.13.7-c1,7.3.13.7,2,1213,3222
7.3.13.7-c1-s3,7.3.13.7-c1,7.3.13.7,3,3224,4532
7.3.13.8-c1-s1,7.3.13.8-c1,7.3.13.8,1,0,2185
7.3.13.8-c1-s2,7.3.13.8-c1,7.3.13.8,2,2187,2810
7.3.13.8-c1-s3,7.3.13.8-c1,7.3.13.8,3,2812,4660
7.3.13.8-c2-s1,7.3.13.8-c2,7.3.13.8,1,0,516
7.3.13.8-c3-s1,7.3.13.8-c3,7.3.13.8,1,0,324
7.3.13.8-c4-s1,7.3.13.8-c4,7.3.13.8,1,0,1513
7.3.13.8-c4-s2,7.3.13.8-c4,7.3.13.8,2,1515,3787
7.3.13.8-c4-s3,7.3.13.8-c4,7.3.13.8,3,3789,5371
7.3.13.8-c4-s4,7.3.13.8-c4,7.3.13.8,4,5373,7634
7.3.13.8-c4-s5,7.3.13.8-c4,7.3.13.8,5,7636,8940
7.3.13.8-c4-s6,7.3.13.8-c4,7.3.13.8,6,8942,11093
7.3.13.8-c5-s1,7.3.13.8-c5,7.3.13.8,1,0,2450
7.3.13.8-c5-s2,7.3.13.8-c5,7.3.13.8,2,2452,3604
7.3.13.8-c6-s1,7.3.13.8-c6,7.3.13.8,1,0,885
7.3.13.8-c6-s2,7.3.13.8-c6,7.3.13.8,2,887,3081
7.3.13.8-c6-s3,7.3.13.8-c6,7.3.13.8,3,3083,3429
7.3.13.9-c1-s1,7.3.13.9-c1,7.3.13.9,1,0,2164
7.3.13.9-c1-s2,7.3.13.9-c1,7.3.13.9,2,2166,2789
7.3.13.9-c1-s3,7.3.13.9-c1,7.3.13.9,3,2791,4639
7.3.13.9-c2-s1,7.3.13.9-c2,7.3.13.9,1,0,518
7.3.13.9-c3-s1,7.3.13.9-c3,7.3.13.9,1,0,324
7.3.13.9-c4-s1,7.3.13.9-c4,7.3.13.9,1,0,1513
7.3.13.9-c4-s2,7.3.13.9-c4,7.3.13.9,2,1515,3890
7.3.13.9-c4-s3,7.3.13.9-c4,7.3.13.9,3,3892,5027
7.3.13.9-c4-s4,7.3.13.9-c4,7.3.13.9,4,5029,7290
7.3.13.9-c4-s5,7.3.13.9-c4,7.3.13.9,5,7292,8596
7.3.13.9-c4-s6,7.3.13.9-c4,7.3.13.9,6,8598,10749
7.3.13.9-c5-s1,7.3.13.9-c5,7.3.13.9,1,0,2450
7.3.13.9-c5-s2,7.3.13.9-c5,7.3.13.9,2,2452,3604
7.3.13.9-c6-s1,7.3.13.9-c6,7.3.13.9,1,0,938
7.3.13.9-c6-s2,7.3.13.9-c6,7.3.13.9,2,940,3058
7.3.13.9-c6-s3,7.3.13.9-c6,7.3.13.9,3,3060,3406
7.3.13.10-c1-s1,7.3.13.10-c1,7.3.13.10,1,0,1216
7.3.13.10-c1-s2,7.3.13.10-c1,7.3.13.10,2,1218,3004
7.3.13.10-c1-s3,7.3.13.10-c1,7.3.13.10,3,3006,5041
7.3.14-c1-s1,7.3.14-c1,7.3.14,1,0,340
7.3.14-c2-s1,7.3.14-c2,7.3.14,1,0,1465
7.3.14-c2-s2,7.3.14-c2,7.3.14,2,1467,2495
7.3.14-c2-s3,7.3.14-c2,7.3.14,3,2497,4364
7.3.14-c2-s4,7.3.14-c2,7.3.14,4,4366,4703
7.3.14-c2-s5,7.3.14-c2,7.3.14,5,4705,6105
7.3.14-c2-s6,7.3.14-c2,7.3.14,6,6107,6876
7.3.14-c2-s7,7.3.14-c2,7.3.14,7,6878,8075
7.3.14-c2-s8,7.3.14-c2,7.3.14,8,8077,9546
7.3.14-c3-s1,7.3.14-c3,7.3.14,1,0,1784
7.3.14-c3-s2,7.3.14-c3,7.3.14,2,1786,3333
7.3.14.1-c1-s1,7.3.14.1-c1,7.3.14.1,1,0,2259
7.3.14.1-c1-s2,7.3.14.1-c1,7.3.14.1,2,2261,4124
7.3.14.1-c2-s1,7.3.14.1-c2,7.3.14.1,1,0,395
7.3.14.1-c3-s1,7.3.14.1-c3,7.3.14.1,1,0,2186
7.3.14.1-c3-s2,7.3.14.1-c3,7.3.14.1,2,2188,4282
7.3.14.1-c3-s3,7.3.14.1-c3,7.3.14.1,3,4284,4932
7.3.14.1-c4-s1,7.3.14.1-c4,7.3.14.1,1,0,1890
7.3.14.1-c4-s2,7.3.14.1-c4,7.3.14.1,2,1892,2862
7.3.14.1-c4-s3,7.3.14.1-c4,7.3.14.1,3,2864,5128
7.3.14.1-c5-s1,7.3.14.1-c5,7.3.14.1,1,0,679
7.3.14.2-c1-s1,7.3.14.2-c1,7.3.14.2,1,0,1194
7.3.15-c1-s1,7.3.15-c1,7.3.15,1,0,802
7.3.15-c2-s1,7.3.15-c2,7.3.15,1,0,1150
7.3.15-c2-s2,7.3.15-c2,7.3.15,2,1152,3166
7.3.15-c2-s3,7.3.15-c2,7.3.15,3,3168,4466
7.3.15-c3-s1,7.3.15-c3,7.3.15,1,0,443
7.3.15.1-c1-s1,7.3.15.1-c1,7.3.15.1,1,0,1636
7.3.15.1-c1-s2,7.3.15.1-c1,7.3.15.1,2,1638,3167
7.3.15.1-c1-s3,7.3.15.1-c1,7.3.15.1,3,3169,5010
7.3.15.1-c2-s1,7.3.15.1-c2,7.3.15.1,1,0,606
7.3.15.1-c3-s1,7.3.15.1-c3,7.3.15.1,1,0,400
7.3.15.1-c4-s1,7.3.15.1-c4,7.3.15.1,1,0,449
7.3.15.1-c5-s1,7.3.15.1-c5,7.3.15.1,1,0,2038
7.3.15.1-c5-s2,7.3.15.1-c5,7.3.15.1,2,2040,4243
7.3.15.1-c5-s3,7.3.15.1-c5,7.3.15.1,3,4245,4781
7.3.15.1-c6-s1,7.3.15.1-c6,7.3.15.1,1,0,828
7.3.15.2-c1-s1,7.3.15.2-c1,7.3.15.2,1,0,177
7.3.15.2-c1-s2,7.3.15.2-c1,7.3.15.2,2,179,2119
7.3.15.3-c1-s1,7.3.15.3-c1,7.3.15.3,1,0,1647
7.3.15.3-c1-s2,7.3.15.3-c1,7.3.15.3,2,1649,3176
7.3.15.3-c1-s3,7.3.15.3-c1,7.3.15.3,3,3178,5021
7.3.15.3-c2-s1,7.3.15.3-c2,7.3.15.3,1,0,622
7.3.15.3-c3-s1,7.3.15.3-c3,7.3.15.3,1,0,400
7.3.15.3-c4-s1,7.3.15.3-c4,7.3.15.3,1,0,449
7.3.15.3-c5-s1,7.3.15.3-c5,7.3.15.3,1,0,2034
7.3.15.3-c5-s2,7.3.15.3-c5,7.3.15.3,2,2036,4239
7.3.15.3-c5-s3,7.3.15.3-c5,7.3.15.3,3,4241,4894
7.3.15.3-c5-s4,7.3.15.3-c5,7.3.15.3,4,4896,7171
7.3.15.3-c5-s5,7.3.15.3-c5,7.3.15.3,5,7173,8755
7.3.15.3-c5-s6,7.3.15.3-c5,7.3.15.3,6,8757,10961
7.3.15.3-c5-s7,7.3.15.3-c5,7.3.15.3,7,10963,12267
7.3.15.3-c5-s8,7.3.15.3-c5,7.3.15.3,8,12269,14540
7.3.15.3-c6-s1,7.3.15.3-c6,7.3.15.3,1,0,2233
7.3.15.4-c1-s1,7.3.15.4-c1,7.3.15.4,1,0,1656
7.3.15.4-c1-s2,7.3.15.4-c1,7.3.15.4,2,1658,3189
7.3.15.4-c1-s3,7.3.15.4-c1,7.3.15.4,3,3191,5040
7.3.15.4-c2-s1,7.3.15.4-c2,7.3.15.4,1,0,610
7.3.15.4-c3-s1,7.3.15.4-c3,7.3.15.4,1,0,396
7.3.15.4-c4-s1,7.3.15.4-c4,7.3.15.4,1,0,449
7.3.15.4-c5-s1,7.3.15.4-c5,7.3.15.4,1,0,2575
7.3.15.4-c5-s2,7.3.15.4-c5,7.3.15.4,2,2577,2950
7.3.15.4-c5-s3,7.3.15.4-c5,7.3.15.4,3,2952,3334
7.3.15.4-c5-s4,7.3.15.4-c5,7.3.15.4,4,3336,5633
7.3.15.4-c5-s5,7.3.15.4-c5,7.3.15.4,5,5635,8150
7.3.15.4-c5-s6,7.3.15.4-c5,7.3.15.4,6,8152,8970
7.3.15.4-c5-s7,7.3.15.4-c5,7.3.15.4,7,8972,10645
7.3.15.4-c5-s8,7.3.15.4-c5,7.3.15.4,8,10647,11445
7.3.15.4-c6-s1,7.3.15.4-c6,7.3.15.4,1,0,2225
7.3.15.5-c1-s1,7.3.15.5-c1,7.3.15.5,1,0,1952
7.3.15.5-c1-s2,7.3.15.5-c1,7.3.15.5,2,1954,3290
7.3.15.5-c1-s3,7.3.15.5-c1,7.3.15.5,3,3292,4257
7.3.16-c1-s1,7.3.16-c1,7.3.16,1,0,760
7.3.16-c2-s1,7.3.16-c2,7.3.16,1,0,1773
7.3.16-c2-s2,7.3.16-c2,7.3.16,2,1775,3071
7.3.16-c3-s1,7.3.16-c3,7.3.16,1,0,1983
7.3.16-c3-s2,7.3.16-c3,7.3.16,2,1985,2461
7.3.16.1-c1-s1,7.3.16.1-c1,7.3.16.1,1,0,1662
7.3.16.1-c2-s1,7.3.16.1-c2,7.3.16.1,1,0,322
7.3.16.1-c3-s1,7.3.16.1-c3,7.3.16.1,1,0,974
7.3.16.1-c4-s1,7.3.16.1-c4,7.3.16.1,1,0,711
7.3.16.1-c5-s1,7.3.16.1-c5,7.3.16.1,1,0,945
7.3.16.1-c5-s2,7.3.16.1-c5,7.3.16.1,2,947,2284
7.3.16.1-c6-s1,7.3.16.1-c6,7.3.16.1,1,0,236
7.3.16.1-c7-s1,7.3.16.1-c7,7.3.16.1,1,0,602
7.3.16.2-c1-s1,7.3.16.2-c1,7.3.16.2,1,0,1753
7.3.17-c1-s1,7.3.17-c1,7.3.17,1,0,1169
7.3.17-c2-s1,7.3.17-c2,7.3.17,1,0,622
7.3.17-c3-s1,7.3.17-c3,7.3.17,1,0,967
7.3.17-c4-s1,7.3.17-c4,7.3.17,1,0,31
7.3.17-c4-s2,7.3.17-c4,7.3.17,2,33,1551
7.3.17-c4-s3,7.3.17-c4,7.3.17,3,1553,2293
7.3.17-c5-s1,7.3.17-c5,7.3.17,1,0,222
7.3.17-c6-s1,7.3.17-c6,7.3.17,1,0,769
7.3.17.1-c1-s1,7.3.17.1-c1,7.3.17.1,1,0,1372
7.3.17.1-c2-s1,7.3.17.1-c2,7.3.17.1,1,0,326
7.3.17.1-c3-s1,7.3.17.1-c3,7.3.17.1,1,0,915
7.3.17.1-c4-s1,7.3.17.1-c4,7.3.17.1,1,0,826
7.3.17.1-c5-s1,7.3.17.1-c5,7.3.17.1,1,0,362
7.3.17.1-c6-s1,7.3.17.1-c6,7.3.17.1,1,0,270
7.3.17.1-c7-s1,7.3.17.1-c7,7.3.17.1,1,0,890
7.3.17.2-c1-s1,7.3.17.2-c1,7.3.17.2,1,0,1844
7.3.17.3-c1-s1,7.3.17.3-c1,7.3.17.3,1,0,1469
7.3.17.3-c2-s1,7.3.17.3-c2,7.3.17.3,1,0,326
7.3.17.3-c3-s1,7.3.17.3-c3,7.3.17.3,1,0,915
7.3.17.3-c4-s1,7.3.17.3-c4,7.3.17.3,1,0,824
7.3.17.3-c5-s1,7.3.17.3-c5,7.3.17.3,1,0,362
7.3.17.3-c6-s1,7.3.17.3-c6,7.3.17.3,1,0,668
7.3.17.3-c7-s1,7.3.17.3-c7,7.3.17.3,1,0,982
7.3.17.4-c1-s1,7.3.17.4-c1,7.3.17.4,1,0,656
7.3.17.4-c1-s2,7.3.17.4-c1,7.3.17.4,2,658,2183
7.3.17.5-c1-s1,7.3.17.5-c1,7.3.17.5,1,0,1362
7.3.17.5-c2-s1,7.3.17.5-c2,7.3.17.5,1,0,326
7.3.17.5-c3-s1,7.3.17.5-c3,7.3.17.5,1,0,915
7.3.17.5-c4-s1,7.3.17.5-c4,7.3.17.5,1,0,826
7.3.17.5-c5-s1,7.3.17.5-c5,7.3.17.5,1,0,362
7.3.17.5-c6-s1,7.3.17.5-c6,7.3.17.5,1,0,633
7.3.17.5-c7-s1,7.3.17.5-c7,7.3.17.5,1,0,2253
7.3.17.5-c7-s2,7.3.17.5-c7,7.3.17.5,2,2255,2996
7.3.17.5-c8-s1,7.3.17.5-c8,7.3.17.5,1,0,2450
7.3.17.5-c8-s2,7.3.17.5-c8,7.3.17.5,2,2452,4137
7.3.17.5-c8-s3,7.3.17.5-c8,7.3.17.5,3,4139,5023
7.3.17.5-c9-s1,7.3.17.5-c9,7.3.17.5,1,0,794
7.3.17.5-c10-s1,7.3.17.5-c10,7.3.17.5,1,0,1652
7.3.17.5-c11-s1,7.3.17.5-c11,7.3.17.5,1,0,1160
7.3.17.5-c11-s2,7.3.17.5-c11,7.3.17.5,2,1162,2330
7.3.17.6-c1-s1,7.3.17.6-c1,7.3.17.6,1,0,1365
7.3.17.6-c2-s1,7.3.17.6-c2,7.3.17.6,1,0,326
7.3.17.6-c3-s1,7.3.17.6-c3,7.3.17.6,1,0,915
7.3.17.6-c4-s1,7.3.17.6-c4,7.3.17.6,1,0,824
7.3.17.6-c5-s1,7.3.17.6-c5,7.3.17.6,1,0,362
7.3.17.6-c6-s1,7.3.17.6-c6,7.3.17.6,1,0,2287
7.3.17.6-c6-s2,7.3.17.6-c6,7.3.17.6,2,2289,4544
7.3.17.6-c6-s3,7.3.17.6-c6,7.3.17.6,3,4546,6825
7.3.17.6-c6-s4,7.3.17.6-c6,7.3.17.6,4,6827,8289
7.3.17.6-c7-s1,7.3.17.6-c7,7.3.17.6,1,0,1854
7.3.17.6-c8-s1,7.3.17.6-c8,7.3.17.6,1,0,1156
7.3.17.6-c8-s2,7.3.17.6-c8,7.3.17.6,2,1158,2322
7.3.17.7-c1-s1,7.3.17.7-c1,7.3.17.7,1,0,262
7.3.17.7-c1-s2,7.3.17.7-c1,7.3.17.7,2,264,2362
7.3.17.7-c1-s3,7.3.17.7-c1,7.3.17.7,3,2364,3695
7.3.17.8-c1-s1,7.3.17.8-c1,7.3.17.8,1,0,1463
7.3.17.8-c2-s1,7.3.17.8-c2,7.3.17.8,1,0,326
7.3.17.8-c3-s1,7.3.17.8-c3,7.3.17.8,1,0,915
7.3.17.8-c4-s1,7.3.17.8-c4,7.3.17.8,1,0,824
7.3.17.8-c5-s1,7.3.17.8-c5,7.3.17.8,1,0,362
7.3.17.8-c6-s1,7.3.17.8-c6,7.3.17.8,1,0,2322
7.3.17.8-c6-s2,7.3.17.8-c6,7.3.17.8,2,2324,4679
7.3.17.8-c6-s3,7.3.17.8-c6,7.3.17.8,3,4681,6960
7.3.17.8-c6-s4,7.3.17.8-c6,7.3.17.8,4,6962,8227
7.3.17.8-c6-s5,7.3.17.8-c6,7.3.17.8,5,8229,10321
7.3.17.8-c7-s1,7.3.17.8-c7,7.3.17.8,1,0,1249
7.3.17.8-c7-s2,7.3.17.8-c7,7.3.17.8,2,1251,2418
7.3.17.9-c1-s1,7.3.17.9-c1,7.3.17.9,1,0,1462
7.3.17.9-c2-s1,7.3.17.9-c2,7.3.17.9,1,0,326
7.3.17.9-c3-s1,7.3.17.9-c3,7.3.17.9,1,0,915
7.3.17.9-c4-s1,7.3.17.9-c4,7.3.17.9,1,0,824
7.3.17.9-c5-s1,7.3.17.9-c5,7.3.17.9,1,0,366
7.3.17.9-c6-s1,7.3.17.9-c6,7.3.17.9,1,0,2149
7.3.17.9-c6-s2,7.3.17.9-c6,7.3.17.9,2,2151,4414
7.3.17.9-c6-s3,7.3.17.9-c6,7.3.17.9,3,4416,6695
7.3.17.9-c6-s4,7.3.17.9-c6,7.3.17.9,4,6697,8799
7.3.17.9-c7-s1,7.3.17.9-c7,7.3.17.9,1,0,1298
7.3.17.9-c7-s2,7.3.17.9-c7,7.3.17.9,2,1300,2410
7.3.17.10-c1-s1,7.3.17.10-c1,7.3.17.10,1,0,647
7.3.17.10-c1-s2,7.3.17.10-c1,7.3.17.10,2,649,2675
7.3.17.10-c1-s3,7.3.17.10-c1,7.3.17.10,3,2677,4363
7.3.18-c1-s1,7.3.18-c1,7.3.18,1,0,892
7.3.18-c2-s1,7.3.18-c2,7.3.18,1,0,2035
7.3.18-c2-s2,7.3.18-c2,7.3.18,2,2037,3491
7.3.18-c3-s1,7.3.18-c3,7.3.18,1,0,1813
7.3.18-c3-s2,7.3.18-c3,7.3.18,2,1815,3501
7.3.18.1-c1-s1,7.3.18.1-c1,7.3.18.1,1,0,1795
7.3.18.1-c2-s1,7.3.18.1-c2,7.3.18.1,1,0,328
7.3.18.1-c3-s1,7.3.18.1-c3,7.3.18.1,1,0,2192
7.3.18.1-c3-s2,7.3.18.1-c3,7.3.18.1,2,2194,4299
7.3.18.1-c3-s3,7.3.18.1-c3,7.3.18.1,3,4301,4957
7.3.18.1-c4-s1,7.3.18.1-c4,7.3.18.1,1,0,979
7.3.18.1-c5-s1,7.3.18.1-c5,7.3.18.1,1,0,714
7.3.18.1-c6-s1,7.3.18.1-c6,7.3.18.1,1,0,938
7.3.18.1-c6-s2,7.3.18.1-c6,7.3.18.1,2,940,2833
7.3.18.1-c6-s3,7.3.18.1-c6,7.3.18.1,3,2835,5101
7.3.18.1-c7-s1,7.3.18.1-c7,7.3.18.1,1,0,677
7.3.18.2-c1-s1,7.3.18.2-c1,7.3.18.2,1,0,2068
7.3.18.2-c1-s2,7.3.18.2-c1,7.3.18.2,2,2070,2391
7.3.19-c1-s1,7.3.19-c1,7.3.19,1,0,494
7.3.19-c1-s2,7.3.19-c1,7.3.19,2,496,2177
7.3.19.1-c1-s1,7.3.19.1-c1,7.3.19.1,1,0,2015
7.3.19.1-c2-s1,7.3.19.1-c2,7.3.19.1,1,0,326
7.3.19.1-c3-s1,7.3.19.1-c3,7.3.19.1,1,0,915
7.3.19.1-c4-s1,7.3.19.1-c4,7.3.19.1,1,0,816
7.3.19.1-c5-s1,7.3.19.1-c5,7.3.19.1,1,0,2152
7.3.19.1-c5-s2,7.3.19.1-c5,7.3.19.1,2,2154,3634
7.3.19.1-c6-s1,7.3.19.1-c6,7.3.19.1,1,0,371
7.3.19.1-c7-s1,7.3.19.1-c7,7.3.19.1,1,0,932
7.3.19.1-c8-s1,7.3.19.1-c8,7.3.19.1,1,0,1127
7.3.19.2-c1-s1,7.3.19.2-c1,7.3.19.2,1,0,1077
7.3.19.2-c1-s2,7.3.19.2-c1,7.3.19.2,2,1079,2969
7.3.19.3-c1-s1,7.3.19.3-c1,7.3.19.3,1,0,2011
7.3.19.3-c2-s1,7.3.19.3-c2,7.3.19.3,1,0,326
7.3.19.3-c3-s1,7.3.19.3-c3,7.3.19.3,1,0,915
7.3.19.3-c4-s1,7.3.19.3-c4,7.3.19.3,1,0,826
7.3.19.3-c5-s1,7.3.19.3-c5,7.3.19.3,1,0,2262
7.3.19.3-c5-s2,7.3.19.3-c5,7.3.19.3,2,2264,3740
7.3.19.3-c6-s1,7.3.19.3-c6,7.3.19.3,1,0,361
7.3.19.3-c7-s1,7.3.19.3-c7,7.3.19.3,1,0,2171
7.3.19.3-c7-s2,7.3.19.3-c7,7.3.19.3,2,2173,4318
7.3.19.3-c7-s3,7.3.19.3-c7,7.3.19.3,3,4320,4894
7.3.19.3-c7-s4,7.3.19.3-c7,7.3.19.3,4,4896,7103
7.3.19.3-c7-s5,7.3.19.3-c7,7.3.19.3,5,7105,8369
7.3.19.3-c7-s6,7.3.19.3-c7,7.3.19.3,6,8371,10125
7.3.19.3-c7-s7,7.3.19.3-c7,7.3.19.3,7,10127,10826
7.3.19.3-c8-s1,7.3.19.3-c8,7.3.19.3,1,0,1386
7.3.19.3-c8-s2,7.3.19.3-c8,7.3.19.3,2,1388,2561
7.3.19.4-c1-s1,7.3.19.4-c1,7.3.19.4,1,0,1061
7.3.19.4-c1-s2,7.3.19.4-c1,7.3.19.4,2,1063,2785
7.3.19.4-c1-s3,7.3.19.4-c1,7.3.19.4,3,2787,4890
7.3.19.4-c1-s4,7.3.19.4-c1,7.3.19.4,4,4892,5435
7.3.20-c1-s1,7.3.20-c1,7.3.20,1,0,1725
7.3.20-c1-s2,7.3.20-c1,7.3.20,2,1727,3298
7.3.20-c1-s3,7.3.20-c1,7.3.20,3,3300,4302
7.3.20.1-c1-s1,7.3.20.1-c1,7.3.20.1,1,0,1999
7.3.20.1-c2-s1,7.3.20.1-c2,7.3.20.1,1,0,326
7.3.20.1-c3-s1,7.3.20.1-c3,7.3.20.1,1,0,915
7.3.20.1-c4-s1,7.3.20.1-c4,7.3.20.1,1,0,829
7.3.20.1-c5-s1,7.3.20.1-c5,7.3.20.1,1,0,2375
7.3.20.1-c6-s1,7.3.20.1-c6,7.3.20.1,1,0,341
7.3.20.1-c7-s1,7.3.20.1-c7,7.3.20.1,1,0,932
7.3.20.1-c8-s1,7.3.20.1-c8,7.3.20.1,1,0,1101
7.3.20.2-c1-s1,7.3.20.2-c1,7.3.20.2,1,0,1069
7.3.20.2-c1-s2,7.3.20.2-c1,7.3.20.2,2,1071,2889
7.3.20.3-c1-s1,7.3.20.3-c1,7.3.20.3,1,0,1983
7.3.20.3-c2-s1,7.3.20.3-c2,7.3.20.3,1,0,326
7.3.20.3-c3-s1,7.3.20.3-c3,7.3.20.3,1,0,915
7.3.20.3-c4-s1,7.3.20.3-c4,7.3.20.3,1,0,826
7.3.20.3-c5-s1,7.3.20.3-c5,7.3.20.3,1,0,2386
7.3.20.3-c6-s1,7.3.20.3-c6,7.3.20.3,1,0,345
7.3.20.3-c7-s1,7.3.20.3-c7,7.3.20.3,1,0,410
7.3.20.3-c8-s1,7.3.20.3-c8,7.3.20.3,1,0,2338
7.3.20.3-c8-s2,7.3.20.3-c8,7.3.20.3,2,2340,3895
7.3.20.3-c8-s3,7.3.20.3-c8,7.3.20.3,3,3897,6102
7.3.20.3-c8-s4,7.3.20.3-c8,7.3.20.3,4,6104,8188
7.3.20.3-c9-s1,7.3.20.3-c9,7.3.20.3,1,0,1417
7.3.20.3-c9-s2,7.3.20.3-c9,7.3.20.3,2,1419,2506
7.3.20.4-c1-s1,7.3.20.4-c1,7.3.20.4,1,0,1065
7.3.20.4-c1-s2,7.3.20.4-c1,7.3.20.4,2,1067,3114
7.3.20.4-c1-s3,7.3.20.4-c1,7.3.20.4,3,3116,5047
7.3.20.4-c1-s4,7.3.20.4-c1,7.3.20.4,4,5049,5404
7.3.21-c1-s1,7.3.21-c1,7.3.21,1,0,752
7.3.21-c2-s1,7.3.21-c2,7.3.21,1,0,2163
7.3.21-c2-s2,7.3.21-c2,7.3.21,2,2165,4180
7.3.21-c2-s3,7.3.21-c2,7.3.21,3,4182,5629
7.3.21-c3-s1,7.3.21-c3,7.3.21,1,0,1915
7.3.21-c3-s2,7.3.21-c3,7.3.21,2,1917,2382
7.3.21.1-c1-s1,7.3.21.1-c1,7.3.21.1,1,0,1671
7.3.21.1-c2-s1,7.3.21.1-c2,7.3.21.1,1,0,985
7.3.21.1-c3-s1,7.3.21.1-c3,7.3.21.1,1,0,623
7.3.21.1-c4-s1,7.3.21.1-c4,7.3.21.1,1,0,334
7.3.21.1-c5-s1,7.3.21.1-c5,7.3.21.1,1,0,313
7.3.21.1-c6-s1,7.3.21.1-c6,7.3.21.1,1,0,1128
7.3.21.1-c7-s1,7.3.21.1-c7,7.3.21.1,1,0,1722
7.3.21.1-c7-s2,7.3.21.1-c7,7.3.21.1,2,1724,2306
7.3.21.1-c8-s1,7.3.21.1-c8,7.3.21.1,1,0,803
7.3.21.2-c1-s1,7.3.21.2-c1,7.3.21.2,1,0,2047
7.3.21.2-c1-s2,7.3.21.2-c1,7.3.21.2,2,2049,2710
7.3.22-c1-s1,7.3.22-c1,7.3.22,1,0,810
7.3.22-c2-s1,7.3.22-c2,7.3.22,1,0,2202
7.3.22-c2-s2,7.3.22-c2,7.3.22,2,2204,4213
7.3.22-c2-s3,7.3.22-c2,7.3.22,3,4215,5930
7.3.22-c3-s1,7.3.22-c3,7.3.22,1,0,1790
7.3.22-c3-s2,7.3.22-c3,7.3.22,2,1792,3048
7.3.22.1-c1-s1,7.3.22.1-c1,7.3.22.1,1,0,1787
7.3.22.1-c2-s1,7.3.22.1-c2,7.3.22.1,1,0,985
7.3.22.1-c3-s1,7.3.22.1-c3,7.3.22.1,1,0,622
7.3.22.1-c4-s1,7.3.22.1-c4,7.3.22.1,1,0,334
7.3.22.1-c5-s1,7.3.22.1-c5,7.3.22.1,1,0,305
7.3.22.1-c6-s1,7.3.22.1-c6,7.3.22.1,1,0,2177
7.3.22.1-c6-s2,7.3.22.1-c6,7.3.22.1,2,2179,4304
7.3.22.1-c6-s3,7.3.22.1-c6,7.3.22.1,3,4306,4957
7.3.22.1-c7-s1,7.3.22.1-c7,7.3.22.1,1,0,1134
7.3.22.1-c8-s1,7.3.22.1-c8,7.3.22.1,1,0,2383
7.3.22.1-c8-s2,7.3.22.1-c8,7.3.22.1,2,2385,4372
7.3.22.1-c8-s3,7.3.22.1-c8,7.3.22.1,3,4374,5090
7.3.22.1-c9-s1,7.3.22.1-c9,7.3.22.1,1,0,855
7.3.22.2-c1-s1,7.3.22.2-c1,7.3.22.2,1,0,2075
7.3.22.2-c1-s2,7.3.22.2-c1,7.3.22.2,2,2077,3153
7.3.23-c1-s1,7.3.23-c1,7.3.23,1,0,1515
7.3.23-c1-s2,7.3.23-c1,7.3.23,2,1517,3485
7.3.23-c2-s1,7.3.23-c2,7.3.23,1,0,995
7.3.23-c2-s2,7.3.23-c2,7.3.23,2,997,1937
7.3.23-c3-s1,7.3.23-c3,7.3.23,1,0,1790
7.3.23-c4-s1,7.3.23-c4,7.3.23,1,0,1289
7.3.23-c5-s1,7.3.23-c5,7.3.23,1,0,23
7.3.23-c5-s2,7.3.23-c5,7.3.23,2,25,1790
7.3.23-c5-s3,7.3.23-c5,7.3.23,3,1792,2396
7.3.23-c6-s1,7.3.23-c6,7.3.23,1,0,2331
7.3.23-c7-s1,7.3.23-c7,7.3.23,1,0,1362
7.3.23-c7-s2,7.3.23-c7,7.3.23,2,1364,3637
7.3.23-c8-s1,7.3.23-c8,7.3.23,1,0,23
7.3.23-c8-s2,7.3.23-c8,7.3.23,2,25,1864
7.3.23-c8-s3,7.3.23-c8,7.3.23,3,1866,2255
7.3.23-c9-s1,7.3.23-c9,7.3.23,1,0,1071
7.3.23-c10-s1,7.3.23-c10,7.3.23,1,0,390
7.3.23.1-c1-s1,7.3.23.1-c1,7.3.23.1,1,0,1830
7.3.23.1-c2-s1,7.3.23.1-c2,7.3.23.1,1,0,883
7.3.23.1-c3-s1,7.3.23.1-c3,7.3.23.1,1,0,122
7.3.23.1-c4-s1,7.3.23.1-c4,7.3.23.1,1,0,1069
7.3.23.1-c4-s2,7.3.23.1-c4,7.3.23.1,2,1071,3618
7.3.23.1-c4-s3,7.3.23.1-c4,7.3.23.1,3,3620,6020
7.3.23.1-c4-s4,7.3.23.1-c4,7.3.23.1,4,6022,7453
7.3.23.1-c5-s1,7.3.23.1-c5,7.3.23.1,1,0,779
7.3.23.2-c1-s1,7.3.23.2-c1,7.3.23.2,1,0,1146
7.3.23.3-c1-s1,7.3.23.3-c1,7.3.23.3,1,0,1833
7.3.23.3-c1-s2,7.3.23.3-c1,7.3.23.3,2,1835,4030
7.3.23.3-c1-s3,7.3.23.3-c1,7.3.23.3,3,4032,6279
7.3.23.3-c1-s4,7.3.23.3-c1,7.3.23.3,4,6281,8602
7.3.23.3-c1-s5,7.3.23.3-c1,7.3.23.3,5,8604,10422
7.3.23.3-c2-s1,7.3.23.3-c2,7.3.23.3,1,0,783
7.3.23.4-c1-s1,7.3.23.4-c1,7.3.23.4,1,0,1162
7.3.23.5-c1-s1,7.3.23.5-c1,7.3.23.5,1,0,2142
7.3.23.5-c2-s1,7.3.23.5-c2,7.3.23.5,1,0,883
7.3.23.5-c3-s1,7.3.23.5-c3,7.3.23.5,1,0,186
7.3.23.5-c4-s1,7.3.23.5-c4,7.3.23.5,1,0,1070
7.3.23.5-c4-s2,7.3.23.5-c4,7.3.23.5,2,1072,3318
7.3.23.5-c4-s3,7.3.23.5-c4,7.3.23.5,3,3320,5635
7.3.23.5-c4-s4,7.3.23.5-c4,7.3.23.5,4,5637,7455
7.3.23.5-c5-s1,7.3.23.5-c5,7.3.23.5,1,0,855
7.3.23.6-c1-s1,7.3.23.6-c1,7.3.23.6,1,0,1504
7.3.23.7-c1-s1,7.3.23.7-c1,7.3.23.7,1,0,2153
7.3.23.7-c2-s1,7.3.23.7-c2,7.3.23.7,1,0,895
7.3.23.7-c3-s1,7.3.23.7-c3,7.3.23.7,1,0,176
7.3.23.7-c4-s1,7.3.23.7-c4,7.3.23.7,1,0,1070
7.3.23.7-c4-s2,7.3.23.7-c4,7.3.23.7,2,1072,3318
7.3.23.7-c4-s3,7.3.23.7-c4,7.3.23.7,3,3320,5633
7.3.23.7-c4-s4,7.3.23.7-c4,7.3.23.7,4,5635,7453
7.3.23.7-c5-s1,7.3.23.7-c5,7.3.23.7,1,0,871
7.3.23.8-c1-s1,7.3.23.8-c1,7.3.23.8,1,0,1574
7.3.23.9-c1-s1,7.3.23.9-c1,7.3.23.9,1,0,1403
7.3.23.9-c2-s1,7.3.23.9-c2,7.3.23.9,1,0,968
7.3.23.9-c3-s1,7.3.23.9-c3,7.3.23.9,1,0,780
7.3.23.9-c4-s1,7.3.23.9-c4,7.3.23.9,1,0,1518
7.3.24-c1-s1,7.3.24-c1,7.3.24,1,0,1823
7.3.24-c1-s2,7.3.24-c1,7.3.24,2,1825,2609
7.3.24-c2-s1,7.3.24-c2,7.3.24,1,0,1339
7.3.24-c3-s1,7.3.24-c3,7.3.24,1,0,148
7.3.24-c4-s1,7.3.24-c4,7.3.24,1,0,271
7.3.24-c5-s1,7.3.24-c5,7.3.24,1,0,21
7.3.24-c5-s2,7.3.24-c5,7.3.24,2,23,1627
7.3.24-c5-s3,7.3.24-c5,7.3.24,3,1629,3421
7.3.24-c6-s1,7.3.24-c6,7.3.24,1,0,385
7.3.24-c7-s1,7.3.24-c7,7.3.24,1,0,457
7.3.24-c8-s1,7.3.24-c8,7.3.24,1,0,1515
7.3.24.1-c1-s1,7.3.24.1-c1,7.3.24.1,1,0,2146
7.3.24.1-c2-s1,7.3.24.1-c2,7.3.24.1,1,0,148
7.3.24.1-c3-s1,7.3.24.1-c3,7.3.24.1,1,0,375
7.3.24.1-c4-s1,7.3.24.1-c4,7.3.24.1,1,0,2411
7.3.24.1-c4-s2,7.3.24.1-c4,7.3.24.1,2,2413,3337
7.3.24.1-c5-s1,7.3.24.1-c5,7.3.24.1,1,0,560
7.3.24.1-c6-s1,7.3.24.1-c6,7.3.24.1,1,0,743
7.3.24.1-c7-s1,7.3.24.1-c7,7.3.24.1,1,0,707
7.3.24.1-c8-s1,7.3.24.1-c8,7.3.24.1,1,0,890
7.3.25-c1-s1,7.3.25-c1,7.3.25,1,0,931
7.3.25-c2-s1,7.3.25-c2,7.3.25,1,0,1299
7.3.25-c2-s2,7.3.25-c2,7.3.25,2,1301,3237
7.3.25-c2-s3,7.3.25-c2,7.3.25,3,3239,5052
7.3.25-c2-s4,7.3.25-c2,7.3.25,4,5054,6500
7.3.25-c2-s5,7.3.25-c2,7.3.25,5,6502,7936
7.3.25-c2-s6,7.3.25-c2,7.3.25,6,7938,9920
7.3.25-c2-s7,7.3.25-c2,7.3.25,7,9922,10365
7.3.25-c3-s1,7.3.25-c3,7.3.25,1,0,2068
7.3.25-c3-s2,7.3.25-c3,7.3.25,2,2070,4021
7.3.25-c3-s3,7.3.25-c3,7.3.25,3,4023,6069
7.3.25-c3-s4,7.3.25-c3,7.3.25,4,6071,8250
7.3.25-c3-s5,7.3.25-c3,7.3.25,5,8252,10267
7.3.25-c3-s6,7.3.25-c3,7.3.25,6,10269,10296
7.3.25.1-c1-s1,7.3.25.1-c1,7.3.25.1,1,0,1977
7.3.25.1-c1-s2,7.3.25.1-c1,7.3.25.1,2,1979,2610
7.3.25.1-c2-s1,7.3.25.1-c2,7.3.25.1,1,0,503
7.3.25.1-c3-s1,7.3.25.1-c3,7.3.25.1,1,0,256
7.3.25.1-c4-s1,7.3.25.1-c4,7.3.25.1,1,0,345
7.3.25.1-c5-s1,7.3.25.1-c5,7.3.25.1,1,0,728
7.3.25.2-c1-s1,7.3.25.2-c1,7.3.25.2,1,0,1426
7.3.25.3-c1-s1,7.3.25.3-c1,7.3.25.3,1,0,2003
7.3.25.3-c1-s2,7.3.25.3-c1,7.3.25.3,2,2005,4095
7.3.25.3-c2-s1,7.3.25.3-c2,7.3.25.3,1,0,520
7.3.25.3-c3-s1,7.3.25.3-c3,7.3.25.3,1,0,257
7.3.25.3-c4-s1,7.3.25.3-c4,7.3.25.3,1,0,652
7.3.25.4-c1-s1,7.3.25.4-c1,7.3.25.4,1,0,1136
7.3.25.5-c1-s1,7.3.25.5-c1,7.3.25.5,1,0,1960
7.3.25.5-c1-s2,7.3.25.5-c1,7.3.25.5,2,1962,3054
7.3.25.5-c2-s1,7.3.25.5-c2,7.3.25.5,1,0,527
7.3.25.5-c3-s1,7.3.25.5-c3,7.3.25.5,1,0,344
7.3.25.5-c4-s1,7.3.25.5-c4,7.3.25.5,1,0,349
7.3.25.5-c5-s1,7.3.25.5-c5,7.3.25.5,1,0,802
7.3.25.6-c1-s1,7.3.25.6-c1,7.3.25.6,1,0,1703
7.3.25.7-c1-s1,7.3.25.7-c1,7.3.25.7,1,0,1052
7.3.25.7-c1-s2,7.3.25.7-c1,7.3.25.7,2,1054,3001
7.3.25.7-c1-s3,7.3.25.7-c1,7.3.25.7,3,3003,4495
7.3.25.7-c2-s1,7.3.25.7-c2,7.3.25.7,1,0,522
7.3.25.7-c3-s1,7.3.25.7-c3,7.3.25.7,1,0,351
7.3.25.7-c4-s1,7.3.25.7-c4,7.3.25.7,1,0,349
7.3.25.7-c5-s1,7.3.25.7-c5,7.3.25.7,1,0,780
7.3.25.8-c1-s1,7.3.25.8-c1,7.3.25.8,1,0,1599
7.3.26-c1-s1,7.3.26-c1,7.3.26,1,0,541
7.3.26-c2-s1,7.3.26-c2,7.3.26,1,0,324
7.3.26-c3-s1,7.3.26-c3,7.3.26,1,0,34
7.3.26-c3-s2,7.3.26-c3,7.3.26,2,36,2020
7.3.26-c3-s3,7.3.26-c3,7.3.26,3,2022,2610
7.3.26-c4-s1,7.3.26-c4,7.3.26,1,0,935
7.3.26-c4-s2,7.3.26-c4,7.3.26,2,937,2832
7.3.26-c5-s1,7.3.26-c5,7.3.26,1,0,1157
7.3.26-c6-s1,7.3.26-c6,7.3.26,1,0,1230
7.3.26-c7-s1,7.3.26-c7,7.3.26,1,0,1683
7.3.26-c7-s2,7.3.26-c7,7.3.26,2,1685,3789
7.3.26-c7-s3,7.3.26-c7,7.3.26,3,3791,5684
7.3.26-c7-s4,7.3.26-c7,7.3.26,4,5686,7287
7.3.26-c7-s5,7.3.26-c7,7.3.26,5,7289,8652
7.3.26-c7-s6,7.3.26-c7,7.3.26,6,8654,10496
7.3.26-c7-s7,7.3.26-c7,7.3.26,7,10498,12152
7.3.26.1-c1-s1,7.3.26.1-c1,7.3.26.1,1,0,1212
7.3.26.1-c2-s1,7.3.26.1-c2,7.3.26.1,1,0,2280
7.3.26.1-c3-s1,7.3.26.1-c3,7.3.26.1,1,0,798
7.3.26.1-c4-s1,7.3.26.1-c4,7.3.26.1,1,0,154
7.3.26.1-c5-s1,7.3.26.1-c5,7.3.26.1,1,0,537
7.3.26.2-c1-s1,7.3.26.2-c1,7.3.26.2,1,0,2182
7.3.26.2-c1-s2,7.3.26.2-c1,7.3.26.2,2,2184,2906
7.3.27-c1-s1,7.3.27-c1,7.3.27,1,0,289
7.3.27-c2-s1,7.3.27-c2,7.3.27,1,0,327
7.3.27-c3-s1,7.3.27-c3,7.3.27,1,0,581
7.3.27-c4-s1,7.3.27-c4,7.3.27,1,0,262
7.3.27-c5-s1,7.3.27-c5,7.3.27,1,0,506
7.3.27-c6-s1,7.3.27-c6,7.3.27,1,0,242
7.3.27-c7-s1,7.3.27-c7,7.3.27,1,0,462
7.3.27-c8-s1,7.3.27-c8,7.3.27,1,0,631
7.3.27.1-c1-s1,7.3.27.1-c1,7.3.27.1,1,0,1706
7.3.27.1-c2-s1,7.3.27.1-c2,7.3.27.1,1,0,2280
7.3.27.1-c3-s1,7.3.27.1-c3,7.3.27.1,1,0,798
7.3.27.1-c4-s1,7.3.27.1-c4,7.3.27.1,1,0,154
7.3.27.1-c5-s1,7.3.27.1-c5,7.3.27.1,1,0,544
7.3.27.2-c1-s1,7.3.27.2-c1,7.3.27.2,1,0,2242
7.3.27.2-c1-s2,7.3.27.2-c1,7.3.27.2,2,2244,3154
7.3.28-c1-s1,7.3.28-c1,7.3.28,1,0,542
7.3.28-c2-s1,7.3.28-c2,7.3.28,1,0,739
7.3.28-c3-s1,7.3.28-c3,7.3.28,1,0,56
7.3.28-c3-s2,7.3.28-c3,7.3.28,2,58,1742
7.3.28-c3-s3,7.3.28-c3,7.3.28,3,1744,2550
7.3.28-c4-s1,7.3.28-c4,7.3.28,1,0,1158
7.3.28-c5-s1,7.3.28-c5,7.3.28,1,0,1542
7.3.28-c6-s1,7.3.28-c6,7.3.28,1,0,1359
7.3.28-c7-s1,7.3.28-c7,7.3.28,1,0,505
7.3.28-c8-s1,7.3.28-c8,7.3.28,1,0,2312
7.3.28-c8-s2,7.3.28-c8,7.3.28,2,2314,4586
7.3.28-c8-s3,7.3.28-c8,7.3.28,3,4588,5317
7.3.28-c9-s1,7.3.28-c9,7.3.28,1,0,1595
7.3.28.1-c1-s1,7.3.28.1-c1,7.3.28.1,1,0,992
7.3.28.1-c1-s2,7.3.28.1-c1,7.3.28.1,2,994,3218
7.3.28.1-c1-s3,7.3.28.1-c1,7.3.28.1,3,3220,5033
7.3.28.1-c2-s1,7.3.28.1-c2,7.3.28.1,1,0,1050
7.3.28.1-c3-s1,7.3.28.1-c3,7.3.28.1,1,0,2342
7.3.28.1-c3-s2,7.3.28.1-c3,7.3.28.1,2,2344,2979
7.3.28.1-c4-s1,7.3.28.1-c4,7.3.28.1,1,0,2202
7.3.28.1-c4-s2,7.3.28.1-c4,7.3.28.1,2,2204,3223
7.3.28.1-c5-s1,7.3.28.1-c5,7.3.28.1,1,0,1212
7.3.28.1-c6-s1,7.3.28.1-c6,7.3.28.1,1,0,2340
7.3.28.1-c6-s2,7.3.28.1-c6,7.3.28.1,2,2342,2898
7.3.28.1-c7-s1,7.3.28.1-c7,7.3.28.1,1,0,1076
7.3.28.2-c1-s1,7.3.28.2-c1,7.3.28.2,1,0,787
7.3.28.2-c1-s2,7.3.28.2-c1,7.3.28.2,2,789,2616
7.3.28.2-c1-s3,7.3.28.2-c1,7.3.28.2,3,2618,4328
7.3.28.2-c1-s4,7.3.28.2-c1,7.3.28.2,4,4330,4647
7.3.29-c1-s1,7.3.29-c1,7.3.29,1,0,294
7.3.29-c2-s1,7.3.29-c2,7.3.29,1,0,281
7.3.29-c3-s1,7.3.29-c3,7.3.29,1,0,2171
7.3.29-c4-s1,7.3.29-c4,7.3.29,1,0,259
7.3.29-c5-s1,7.3.29-c5,7.3.29,1,0,674
7.3.29-c6-s1,7.3.29-c6,7.3.29,1,0,450
7.3.29-c7-s1,7.3.29-c7,7.3.29,1,0,1285
7.3.29.1-c1-s1,7.3.29.1-c1,7.3.29.1,1,0,1433
7.3.29.1-c2-s1,7.3.29.1-c2,7.3.29.1,1,0,2280
7.3.29.1-c3-s1,7.3.29.1-c3,7.3.29.1,1,0,809
7.3.29.1-c4-s1,7.3.29.1-c4,7.3.29.1,1,0,142
7.3.29.1-c5-s1,7.3.29.1-c5,7.3.29.1,1,0,501
7.3.29.2-c1-s1,7.3.29.2-c1,7.3.29.2,1,0,2057
7.3.29.2-c1-s2,7.3.29.2-c1,7.3.29.2,2,2059,2698
7.3.30-c1-s1,7.3.30-c1,7.3.30,1,0,456
7.3.30-c2-s1,7.3.30-c2,7.3.30,1,0,496
7.3.30-c3-s1,7.3.30-c3,7.3.30,1,0,1181
7.3.30-c3-s2,7.3.30-c3,7.3.30,2,1183,2129
7.3.30-c3-s3,7.3.30-c3,7.3.30,3,2131,4031
7.3.30-c3-s4,7.3.30-c3,7.3.30,4,4033,5917
7.3.30-c4-s1,7.3.30-c4,7.3.30,1,0,1552
7.3.30-c5-s1,7.3.30-c5,7.3.30,1,0,1358
7.3.30-c6-s1,7.3.30-c6,7.3.30,1,0,803
7.3.30-c7-s1,7.3.30-c7,7.3.30,1,0,1834
7.3.30-c7-s2,7.3.30-c7,7.3.30,2,1836,3363
7.3.30-c7-s3,7.3.30-c7,7.3.30,3,3365,5497
7.3.30.1-c1-s1,7.3.30.1-c1,7.3.30.1,1,0,1191
7.3.30.1-c2-s1,7.3.30.1-c2,7.3.30.1,1,0,2397
7.3.30.1-c2-s2,7.3.30.1-c2,7.3.30.1,2,2399,4888
7.3.30.1-c2-s3,7.3.30.1-c2,7.3.30.1,3,4890,7096
7.3.30.1-c2-s4,7.3.30.1-c2,7.3.30.1,4,7098,7713
7.3.30.1-c3-s1,7.3.30.1-c3,7.3.30.1,1,0,2344
7.3.30.1-c3-s2,7.3.30.1-c3,7.3.30.1,2,2346,2982
7.3.30.1-c4-s1,7.3.30.1-c4,7.3.30.1,1,0,2088
7.3.30.1-c4-s2,7.3.30.1-c4,7.3.30.1,2,2090,3226
7.3.30.1-c5-s1,7.3.30.1-c5,7.3.30.1,1,0,2185
7.3.30.1-c5-s2,7.3.30.1-c5,7.3.30.1,2,2187,4260
7.3.30.1-c6-s1,7.3.30.1-c6,7.3.30.1,1,0,1517
7.3.30.2-c1-s1,7.3.30.2-c1,7.3.30.2,1,0,507
7.3.30.2-c1-s2,7.3.30.2-c1,7.3.30.2,2,509,2167
7.3.30.2-c1-s3,7.3.30.2-c1,7.3.30.2,3,2169,3912
7.3.30.2-c1-s4,7.3.30.2-c1,7.3.30.2,4,3914,3944
7.4.1-c1-s1,7.4.1-c1,7.4.1,1,0,892
7.4.1-c2-s1,7.4.1-c2,7.4.1,1,0,183
7.4.1-c3-s1,7.4.1-c3,7.4.1,1,0,1275
7.4.1-c4-s1,7.4.1-c4,7.4.1,1,0,660
7.4.1-c5-s1,7.4.1-c5,7.4.1,1,0,792
7.4.1-c6-s1,7.4.1-c6,7.4.1,1,0,380
7.4.1-c7-s1,7.4.1-c7,7.4.1,1,0,523
7.4.1.1-c1-s1,7.4.1.1-c1,7.4.1.1,1,0,1400
7.4.1.1-c2-s1,7.4.1.1-c2,7.4.1.1,1,0,1244
7.4.1.1-c3-s1,7.4.1.1-c3,7.4.1.1,1,0,1059
7.4.1.1-c4-s1,7.4.1.1-c4,7.4.1.1,1,0,1222
7.4.1.1-c5-s1,7.4.1.1-c5,7.4.1.1,1,0,2254
7.4.1.1-c6-s1,7.4.1.1-c6,7.4.1.1,1,0,677
7.4.1.1-c7-s1,7.4.1.1-c7,7.4.1.1,1,0,897
7.4.1.1-c8-s1,7.4.1.1-c8,7.4.1.1,1,0,835
7.4.1.1-c9-s1,7.4.1.1-c9,7.4.1.1,1,0,2513
7.4.1.1-c9-s2,7.4.1.1-c9,7.4.1.1,2,2515,3470
7.4.1.2-c1-s1,7.4.1.2-c1,7.4.1.2,1,0,2273
7.4.1.2-c1-s2,7.4.1.2-c1,7.4.1.2,2,2275,2592
7.4.2-c1-s1,7.4.2-c1,7.4.2,1,0,426
7.4.2-c2-s1,7.4.2-c2,7.4.2,1,0,668
7.4.2-c3-s1,7.4.2-c3,7.4.2,1,0,1534
7.4.2-c4-s1,7.4.2-c4,7.4.2,1,0,36
7.4.2-c4-s2,7.4.2-c4,7.4.2,2,38,1677
7.4.2-c4-s3,7.4.2-c4,7.4.2,3,1679,3852
7.4.2-c4-s4,7.4.2-c4,7.4.2,4,3854,4364
7.4.2-c5-s1,7.4.2-c5,7.4.2,1,0,374
7.4.2-c6-s1,7.4.2-c6,7.4.2,1,0,1515
7.4.2-c7-s1,7.4.2-c7,7.4.2,1,0,459
7.4.2-c8-s1,7.4.2-c8,7.4.2,1,0,575
7.4.2.1-c1-s1,7.4.2.1-c1,7.4.2.1,1,0,855
7.4.2.1-c2-s1,7.4.2.1-c2,7.4.2.1,1,0,1256
7.4.2.1-c3-s1,7.4.2.1-c3,7.4.2.1,1,0,1047
7.4.2.1-c4-s1,7.4.2.1-c4,7.4.2.1,1,0,1203
7.4.2.1-c5-s1,7.4.2.1-c5,7.4.2.1,1,0,582
7.4.2.1-c6-s1,7.4.2.1-c6,7.4.2.1,1,0,853
7.4.2.1-c7-s1,7.4.2.1-c7,7.4.2.1,1,0,2588
7.4.2.1-c7-s2,7.4.2.1-c7,7.4.2.1,2,2590,3557
7.4.2.2-c1-s1,7.4.2.2-c1,7.4.2.2,1,0,1923
7.4.2.3-c1-s1,7.4.2.3-c1,7.4.2.3,1,0,855
7.4.2.3-c2-s1,7.4.2.3-c2,7.4.2.3,1,0,1871
7.4.2.3-c3-s1,7.4.2.3-c3,7.4.2.3,1,0,1049
7.4.2.3-c4-s1,7.4.2.3-c4,7.4.2.3,1,0,961
7.4.2.3-c5-s1,7.4.2.3-c5,7.4.2.3,1,0,572
7.4.2.3-c6-s1,7.4.2.3-c6,7.4.2.3,1,0,853
7.4.2.3-c7-s1,7.4.2.3-c7,7.4.2.3,1,0,2436
7.4.2.3-c7-s2,7.4.2.3-c7,7.4.2.3,2,2438,3185
7.4.2.4-c1-s1,7.4.2.4-c1,7.4.2.4,1,0,1691
7.4.2.5-c1-s1,7.4.2.5-c1,7.4.2.5,1,0,975
7.4.2.5-c2-s1,7.4.2.5-c2,7.4.2.5,1,0,1246
7.4.2.5-c3-s1,7.4.2.5-c3,7.4.2.5,1,0,1049
7.4.2.5-c4-s1,7.4.2.5-c4,7.4.2.5,1,0,1203
7.4.2.5-c5-s1,7.4.2.5-c5,7.4.2.5,1,0,572
7.4.2.5-c6-s1,7.4.2.5-c6,7.4.2.5,1,0,853
7.4.2.5-c7-s1,7.4.2.5-c7,7.4.2.5,1,0,2106
7.4.2.5-c7-s2,7.4.2.5-c7,7.4.2.5,2,2108,3907
7.4.2.6-c1-s1,7.4.2.6-c1,7.4.2.6,1,0,1003
7.4.2.6-c2-s1,7.4.2.6-c2,7.4.2.6,1,0,1877
7.4.2.6-c3-s1,7.4.2.6-c3,7.4.2.6,1,0,1057
7.4.2.6-c4-s1,7.4.2.6-c4,7.4.2.6,1,0,980
7.4.2.6-c5-s1,7.4.2.6-c5,7.4.2.6,1,0,681
7.4.2.6-c6-s1,7.4.2.6-c6,7.4.2.6,1,0,744
7.4.2.6-c7-s1,7.4.2.6-c7,7.4.2.6,1,0,2104
7.4.2.6-c7-s2,7.4.2.6-c7,7.4.2.6,2,2106,3186
7.4.2.6-c8-s1,7.4.2.6-c8,7.4.2.6,1,0,720
7.4.2.7-c1-s1,7.4.2.7-c1,7.4.2.7,1,0,1691
7.4.2.7-c2-s1,7.4.2.7-c2,7.4.2.7,1,0,1244
7.4.2.7-c3-s1,7.4.2.7-c3,7.4.2.7,1,0,1047
7.4.2.7-c4-s1,7.4.2.7-c4,7.4.2.7,1,0,1203
7.4.2.7-c5-s1,7.4.2.7-c5,7.4.2.7,1,0,572
7.4.2.7-c6-s1,7.4.2.7-c6,7.4.2.7,1,0,853
7.4.2.7-c7-s1,7.4.2.7-c7,7.4.2.7,1,0,2103
7.4.2.7-c8-s1,7.4.2.7-c8,7.4.2.7,1,0,1774
7.4.2.7-c9-s1,7.4.2.7-c9,7.4.2.7,1,0,2556
7.4.2.7-c9-s2,7.4.2.7-c9,7.4.2.7,2,2558,3485
7.4.2.7-c10-s1,7.4.2.7-c10,7.4.2.7,1,0,1856
7.4.2.8-c1-s1,7.4.2.8-c1,7.4.2.8,1,0,1099
7.4.2.8-c2-s1,7.4.2.8-c2,7.4.2.8,1,0,1877
7.4.2.8-c3-s1,7.4.2.8-c3,7.4.2.8,1,0,1059
7.4.2.8-c4-s1,7.4.2.8-c4,7.4.2.8,1,0,961
7.4.2.8-c5-s1,7.4.2.8-c5,7.4.2.8,1,0,681
7.4.2.8-c6-s1,7.4.2.8-c6,7.4.2.8,1,0,744
7.4.2.8-c7-s1,7.4.2.8-c7,7.4.2.8,1,0,2104
7.4.2.8-c7-s2,7.4.2.8-c7,7.4.2.8,2,2106,3184
7.4.2.8-c8-s1,7.4.2.8-c8,7.4.2.8,1,0,693
7.4.2.8-c9-s1,7.4.2.8-c9,7.4.2.8,1,0,2565
7.4.2.8-c9-s2,7.4.2.8-c9,7.4.2.8,2,2567,3000
7.4.2.8-c10-s1,7.4.2.8-c10,7.4.2.8,1,0,1856
7.4.3-c1-s1,7.4.3-c1,7.4.3,1,0,1293
7.4.3-c2-s1,7.4.3-c2,7.4.3,1,0,550
7.4.3-c3-s1,7.4.3-c3,7.4.3,1,0,1598
7.4.3-c4-s1,7.4.3-c4,7.4.3,1,0,358
7.4.3-c5-s1,7.4.3-c5,7.4.3,1,0,1220
7.4.3-c6-s1,7.4.3-c6,7.4.3,1,0,493
7.4.3.1-c1-s1,7.4.3.1-c1,7.4.3.1,1,0,1790
7.4.3.1-c2-s1,7.4.3.1-c2,7.4.3.1,1,0,1033
7.4.3.1-c3-s1,7.4.3.1-c3,7.4.3.1,1,0,757
7.4.3.1-c4-s1,7.4.3.1-c4,7.4.3.1,1,0,584
7.4.3.1-c5-s1,7.4.3.1-c5,7.4.3.1,1,0,656
7.4.3.2-c1-s1,7.4.3.2-c1,7.4.3.2,1,0,1758
7.4.3.3-c1-s1,7.4.3.3-c1,7.4.3.3,1,0,1404
7.4.3.3-c2-s1,7.4.3.3-c2,7.4.3.3,1,0,1033
7.4.3.3-c3-s1,7.4.3.3-c3,7.4.3.3,1,0,757
7.4.3.3-c4-s1,7.4.3.3-c4,7.4.3.3,1,0,653
7.4.3.3-c5-s1,7.4.3.3-c5,7.4.3.3,1,0,546
7.4.3.4-c1-s1,7.4.3.4-c1,7.4.3.4,1,0,1425
7.4.4-c1-s1,7.4.4-c1,7.4.4,1,0,889
7.4.4-c2-s1,7.4.4-c2,7.4.4,1,0,183
7.4.4-c3-s1,7.4.4-c3,7.4.4,1,0,1284
7.4.4-c4-s1,7.4.4-c4,7.4.4,1,0,792
7.4.4-c5-s1,7.4.4-c5,7.4.4,1,0,380
7.4.4-c6-s1,7.4.4-c6,7.4.4,1,0,547
7.4.4.1-c1-s1,7.4.4.1-c1,7.4.4.1,1,0,1179
7.4.4.1-c2-s1,7.4.4.1-c2,7.4.4.1,1,0,1244
7.4.4.1-c3-s1,7.4.4.1-c3,7.4.4.1,1,0,1059
7.4.4.1-c4-s1,7.4.4.1-c4,7.4.4.1,1,0,2429
7.4.4.1-c5-s1,7.4.4.1-c5,7.4.4.1,1,0,2251
7.4.4.1-c6-s1,7.4.4.1-c6,7.4.4.1,1,0,680
7.4.4.1-c7-s1,7.4.4.1-c7,7.4.4.1,1,0,929
7.4.4.1-c8-s1,7.4.4.1-c8,7.4.4.1,1,0,821
7.4.4.1-c9-s1,7.4.4.1-c9,7.4.4.1,1,0,2540
7.4.4.1-c9-s2,7.4.4.1-c9,7.4.4.1,2,2542,3523
7.4.4.2-c1-s1,7.4.4.2-c1,7.4.4.2,1,0,2354
7.4.4.2-c1-s2,7.4.4.2-c1,7.4.4.2,2,2356,2492
7.4.5-c1-s1,7.4.5-c1,7.4.5,1,0,1670
7.4.5-c1-s2,7.4.5-c1,7.4.5,2,1672,2695
7.4.5-c1-s3,7.4.5-c1,7.4.5,3,2697,4624
7.4.5-c1-s4,7.4.5-c1,7.4.5,4,4626,5839
7.4.5-c2-s1,7.4.5-c2,7.4.5,1,0,374
7.4.5-c3-s1,7.4.5-c3,7.4.5,1,0,15
7.4.5-c3-s2,7.4.5-c3,7.4.5,2,17,1093
7.4.5-c3-s3,7.4.5-c3,7.4.5,3,1095,2072
7.4.5-c4-s1,7.4.5-c4,7.4.5,1,0,672
7.4.5.1-c1-s1,7.4.5.1-c1,7.4.5.1,1,0,1002
7.4.5.1-c2-s1,7.4.5.1-c2,7.4.5.1,1,0,1244
7.4.5.1-c3-s1,7.4.5.1-c3,7.4.5.1,1,0,1057
7.4.5.1-c4-s1,7.4.5.1-c4,7.4.5.1,1,0,2429
7.4.5.1-c5-s1,7.4.5.1-c5,7.4.5.1,1,0,681
7.4.5.1-c6-s1,7.4.5.1-c6,7.4.5.1,1,0,776
7.4.5.1-c7-s1,7.4.5.1-c7,7.4.5.1,1,0,2623
7.4.5.1-c7-s2,7.4.5.1-c7,7.4.5.1,2,2625,3717
7.4.5.2-c1-s1,7.4.5.2-c1,7.4.5.2,1,0,1995
7.4.5.3-c1-s1,7.4.5.3-c1,7.4.5.3,1,0,800
7.4.5.3-c1-s2,7.4.5.3-c1,7.4.5.3,2,802,2673
7.4.5.3-c2-s1,7.4.5.3-c2,7.4.5.3,1,0,1057
7.4.5.3-c3-s1,7.4.5.3-c3,7.4.5.3,1,0,2429
7.4.5.3-c4-s1,7.4.5.3-c4,7.4.5.3,1,0,681
7.4.5.3-c5-s1,7.4.5.3-c5,7.4.5.3,1,0,776
7.4.5.3-c6-s1,7.4.5.3-c6,7.4.5.3,1,0,2515
7.4.5.3-c6-s2,7.4.5.3-c6,7.4.5.3,2,2517,3291
7.4.5.4-c1-s1,7.4.5.4-c1,7.4.5.4,1,0,1742
7.4.6-c1-s1,7.4.6-c1,7.4.6,1,0,1861
7.4.6-c1-s2,7.4.6-c1,7.4.6,2,1863,3468
7.4.6-c1-s3,7.4.6-c1,7.4.6,3,3470,3809
7.4.6-c2-s1,7.4.6-c2,7.4.6,1,0,15
7.4.6-c2-s2,7.4.6-c2,7.4.6,2,17,1045
7.4.6-c2-s3,7.4.6-c2,7.4.6,3,1047,2011
7.4.6-c3-s1,7.4.6-c3,7.4.6,1,0,138
7.4.6.1-c1-s1,7.4.6.1-c1,7.4.6.1,1,0,2023
7.4.6.1-c2-s1,7.4.6.1-c2,7.4.6.1,1,0,1041
7.4.6.1-c3-s1,7.4.6.1-c3,7.4.6.1,1,0,2136
7.4.6.1-c4-s1,7.4.6.1-c4,7.4.6.1,1,0,690
7.4.6.1-c5-s1,7.4.6.1-c5,7.4.6.1,1,0,571
7.4.6.2-c1-s1,7.4.6.2-c1,7.4.6.2,1,0,1767
7.4.6.3-c1-s1,7.4.6.3-c1,7.4.6.3,1,0,1407
7.4.6.3-c2-s1,7.4.6.3-c2,7.4.6.3,1,0,1043
7.4.6.3-c3-s1,7.4.6.3-c3,7.4.6.3,1,0,2136
7.4.6.3-c4-s1,7.4.6.3-c4,7.4.6.3,1,0,690
7.4.6.3-c5-s1,7.4.6.3-c5,7.4.6.3,1,0,571
7.4.6.4-c1-s1,7.4.6.4-c1,7.4.6.4,1,0,1445
7.4.7-c1-s1,7.4.7-c1,7.4.7,1,0,1292
7.4.7-c1-s2,7.4.7-c1,7.4.7,2,1294,2446
7.4.7-c1-s3,7.4.7-c1,7.4.7,3,2448,4211
7.4.7-c1-s4,7.4.7-c1,7.4.7,4,4213,6258
7.4.7-c2-s1,7.4.7-c2,7.4.7,1,0,148
7.4.7-c3-s1,7.4.7-c3,7.4.7,1,0,240
7.4.7.1-c1-s1,7.4.7.1-c1,7.4.7.1,1,0,2292
7.4.7.1-c2-s1,7.4.7.1-c2,7.4.7.1,1,0,2699
7.4.7.1-c2-s2,7.4.7.1-c2,7.4.7.1,2,2701,2750
7.4.7.1-c3-s1,7.4.7.1-c3,7.4.7.1,1,0,2067
7.4.7.1-c3-s2,7.4.7.1-c3,7.4.7.1,2,2069,2703
7.4.7.1-c4-s1,7.4.7.1-c4,7.4.7.1,1,0,2103
7.4.7.1-c5-s1,7.4.7.1-c5,7.4.7.1,1,0,690
7.4.7.2-c1-s1,7.4.7.2-c1,7.4.7.2,1,0,483
7.4.7.2-c1-s2,7.4.7.2-c1,7.4.7.2,2,485,2275
7.4.7.3-c1-s1,7.4.7.3-c1,7.4.7.3,1,0,2280
7.4.7.3-c2-s1,7.4.7.3-c2,7.4.7.3,1,0,2699
7.4.7.3-c2-s2,7.4.7.3-c2,7.4.7.3,2,2701,2750
7.4.7.3-c3-s1,7.4.7.3-c3,7.4.7.3,1,0,2069
7.4.7.3-c3-s2,7.4.7.3-c3,7.4.7.3,2,2071,2703
7.4.7.3-c4-s1,7.4.7.3-c4,7.4.7.3,1,0,2157
7.4.7.3-c4-s2,7.4.7.3-c4,7.4.7.3,2,2159,2359
7.4.7.3-c5-s1,7.4.7.3-c5,7.4.7.3,1,0,690
7.4.7.4-c1-s1,7.4.7.4-c1,7.4.7.4,1,0,2171
7.4.8-c1-s1,7.4.8-c1,7.4.8,1,0,665
7.4.8-c2-s1,7.4.8-c2,7.4.8,1,0,1021
7.4.8-c2-s2,7.4.8-c2,7.4.8,2,1023,2821
7.4.8-c2-s3,7.4.8-c2,7.4.8,3,2823,5037
7.4.8-c2-s4,7.4.8-c2,7.4.8,4,5039,5891
7.4.8-c3-s1,7.4.8-c3,7.4.8,1,0,568
7.4.8-c3-s2,7.4.8-c3,7.4.8,2,570,2197
7.4.8-c3-s3,7.4.8-c3,7.4.8,3,2199,2909
7.4.8-c3-s4,7.4.8-c3,7.4.8,4,2911,2980
7.4.8-c3-s5,7.4.8-c3,7.4.8,5,2982,4414
7.4.8-c3-s6,7.4.8-c3,7.4.8,6,4416,4975
7.4.8-c3-s7,7.4.8-c3,7.4.8,7,4977,6479
7.4.8-c3-s8,7.4.8-c3,7.4.8,8,6481,8464
7.4.8-c3-s9,7.4.8-c3,7.4.8,9,8466,10378
7.4.8.1-c1-s1,7.4.8.1-c1,7.4.8.1,1,0,915
7.4.8.1-c2-s1,7.4.8.1-c2,7.4.8.1,1,0,315
7.4.8.1-c3-s1,7.4.8.1-c3,7.4.8.1,1,0,2123
7.4.8.1-c4-s1,7.4.8.1-c4,7.4.8.1,1,0,495
7.4.8.2-c1-s1,7.4.8.2-c1,7.4.8.2,1,0,1073
7.4.8.3-c1-s1,7.4.8.3-c1,7.4.8.3,1,0,854
7.4.8.3-c2-s1,7.4.8.3-c2,7.4.8.3,1,0,549
7.4.8.3-c3-s1,7.4.8.3-c3,7.4.8.3,1,0,712
7.4.8.3-c4-s1,7.4.8.3-c4,7.4.8.3,1,0,2172
7.4.8.3-c5-s1,7.4.8.3-c5,7.4.8.3,1,0,619
7.4.8.4-c1-s1,7.4.8.4-c1,7.4.8.4,1,0,1440
7.4.9-c1-s1,7.4.9-c1,7.4.9,1,0,1126
7.4.9-c2-s1,7.4.9-c2,7.4.9,1,0,751
7.4.9-c3-s1,7.4.9-c3,7.4.9,1,0,760
7.4.9-c4-s1,7.4.9-c4,7.4.9,1,0,295
7.4.9-c5-s1,7.4.9-c5,7.4.9,1,0,1850
7.4.9-c5-s2,7.4.9-c5,7.4.9,2,1852,3923
7.4.9-c5-s3,7.4.9-c5,7.4.9,3,3925,4628
7.4.9-c5-s4,7.4.9-c5,7.4.9,4,4630,5067
7.4.9-c5-s5,7.4.9-c5,7.4.9,5,5069,7144
7.4.9-c5-s6,7.4.9-c5,7.4.9,6,7146,8838
7.4.9-c5-s7,7.4.9-c5,7.4.9,7,8840,10683
7.4.9-c5-s8,7.4.9-c5,7.4.9,8,10685,11276
7.4.9-c5-s9,7.4.9-c5,7.4.9,9,11278,13367
7.4.9-c5-s10,7.4.9-c5,7.4.9,10,13369,13811
7.4.9-c6-s1,7.4.9-c6,7.4.9,1,0,1421
7.4.9-c7-s1,7.4.9-c7,7.4.9,1,0,1332
7.4.9.1-c1-s1,7.4.9.1-c1,7.4.9.1,1,0,2194
7.4.9.1-c2-s1,7.4.9.1-c2,7.4.9.1,1,0,514
7.4.9.1-c3-s1,7.4.9.1-c3,7.4.9.1,1,0,732
7.4.9.1-c4-s1,7.4.9.1-c4,7.4.9.1,1,0,758
7.4.9.1-c5-s1,7.4.9.1-c5,7.4.9.1,1,0,574
7.4.9.1-c6-s1,7.4.9.1-c6,7.4.9.1,1,0,960
7.4.9.2-c1-s1,7.4.9.2-c1,7.4.9.2,1,0,368
7.4.9.2-c1-s2,7.4.9.2-c1,7.4.9.2,2,370,2190
7.4.9.3-c1-s1,7.4.9.3-c1,7.4.9.3,1,0,2003
7.4.9.3-c2-s1,7.4.9.3-c2,7.4.9.3,1,0,681
7.4.9.3-c3-s1,7.4.9.3-c3,7.4.9.3,1,0,445
7.4.9.3-c4-s1,7.4.9.3-c4,7.4.9.3,1,0,794
7.4.9.3-c5-s1,7.4.9.3-c5,7.4.9.3,1,0,447
7.4.9.3-c6-s1,7.4.9.3-c6,7.4.9.3,1,0,732
7.4.9.3-c7-s1,7.4.9.3-c7,7.4.9.3,1,0,580
7.4.9.3-c8-s1,7.4.9.3-c8,7.4.9.3,1,0,967
7.4.9.4-c1-s1,7.4.9.4-c1,7.4.9.4,1,0,433
7.4.9.4-c1-s2,7.4.9.4-c1,7.4.9.4,2,435,2372
7.4.9.4-c1-s3,7.4.9.4-c1,7.4.9.4,3,2374,2588
7.4.9.4-c1-s4,7.4.9.4-c1,7.4.9.4,4,2590,2619
7.4.9.5-c1-s1,7.4.9.5-c1,7.4.9.5,1,0,1726
7.4.9.5-c2-s1,7.4.9.5-c2,7.4.9.5,1,0,698
7.4.9.5-c3-s1,7.4.9.5-c3,7.4.9.5,1,0,361
7.4.9.5-c4-s1,7.4.9.5-c4,7.4.9.5,1,0,775
7.4.9.5-c5-s1,7.4.9.5-c5,7.4.9.5,1,0,450
7.4.9.5-c6-s1,7.4.9.5-c6,7.4.9.5,1,0,582
7.4.9.5-c7-s1,7.4.9.5-c7,7.4.9.5,1,0,668
7.4.9.6-c1-s1,7.4.9.6-c1,7.4.9.6,1,0,1662
7.4.9.7-c1-s1,7.4.9.7-c1,7.4.9.7,1,0,1699
7.4.9.8-c1-s1,7.4.9.8-c1,7.4.9.8,1,0,1967
7.4.9.8-c2-s1,7.4.9.8-c2,7.4.9.8,1,0,464
7.4.9.8-c3-s1,7.4.9.8-c3,7.4.9.8,1,0,732
7.4.9.8-c4-s1,7.4.9.8-c4,7.4.9.8,1,0,514
7.4.9.8-c5-s1,7.4.9.8-c5,7.4.9.8,1,0,574
7.4.9.8-c6-s1,7.4.9.8-c6,7.4.9.8,1,0,870
7.4.9.9-c1-s1,7.4.9.9-c1,7.4.9.9,1,0,399
7.4.9.9-c1-s2,7.4.9.9-c1,7.4.9.9,2,401,2143
7.4.10-c1-s1,7.4.10-c1,7.4.10,1,0,578
7.4.10-c2-s1,7.4.10-c2,7.4.10,1,0,1761
7.4.10-c2-s2,7.4.10-c2,7.4.10,2,1763,3101
7.4.10-c3-s1,7.4.10-c3,7.4.10,1,0,299
7.4.10-c4-s1,7.4.10-c4,7.4.10,1,0,561
7.4.10-c4-s2,7.4.10-c4,7.4.10,2,563,1773
7.4.10-c4-s3,7.4.10-c4,7.4.10,3,1775,2755
7.4.10-c5-s1,7.4.10-c5,7.4.10,1,0,1258
7.4.10-c6-s1,7.4.10-c6,7.4.10,1,0,2181
7.4.10-c7-s1,7.4.10-c7,7.4.10,1,0,1917
7.4.10-c7-s2,7.4.10-c7,7.4.10,2,1919,4010
7.4.10-c7-s3,7.4.10-c7,7.4.10,3,4012,4520
7.4.10-c8-s1,7.4.10-c8,7.4.10,1,0,534
7.4.10-c9-s1,7.4.10-c9,7.4.10,1,0,608
7.4.10.1-c1-s1,7.4.10.1-c1,7.4.10.1,1,0,1833
7.4.10.1-c1-s2,7.4.10.1-c1,7.4.10.1,2,1835,2760
7.4.10.1-c2-s1,7.4.10.1-c2,7.4.10.1,1,0,303
7.4.10.1-c2-s2,7.4.10.1-c2,7.4.10.1,2,305,2577
7.4.10.1-c2-s3,7.4.10.1-c2,7.4.10.1,3,2579,4518
7.4.10.1-c3-s1,7.4.10.1-c3,7.4.10.1,1,0,534
7.4.10.1-c4-s1,7.4.10.1-c4,7.4.10.1,1,0,636
7.4.10.2-c1-s1,7.4.10.2-c1,7.4.10.2,1,0,436
7.4.10.2-c1-s2,7.4.10.2-c1,7.4.10.2,2,438,2109
7.4.11-c1-s1,7.4.11-c1,7.4.11,1,0,641
7.4.11-c2-s1,7.4.11-c2,7.4.11,1,0,259
7.4.11-c3-s1,7.4.11-c3,7.4.11,1,0,1613
7.4.11-c3-s2,7.4.11-c3,7.4.11,2,1615,2954
7.4.11-c4-s1,7.4.11-c4,7.4.11,1,0,862
7.4.11-c4-s2,7.4.11-c4,7.4.11,2,864,2709
7.4.11-c5-s1,7.4.11-c5,7.4.11,1,0,759
7.4.11.1-c1-s1,7.4.11.1-c1,7.4.11.1,1,0,1907
7.4.11.1-c1-s2,7.4.11.1-c1,7.4.11.1,2,1909,3737
7.4.11.1-c2-s1,7.4.11.1-c2,7.4.11.1,1,0,303
7.4.11.1-c2-s2,7.4.11.1-c2,7.4.11.1,2,305,2642
7.4.11.1-c2-s3,7.4.11.1-c2,7.4.11.1,3,2644,4598
7.4.11.1-c3-s1,7.4.11.1-c3,7.4.11.1,1,0,547
7.4.11.1-c4-s1,7.4.11.1-c4,7.4.11.1,1,0,690
7.4.11.2-c1-s1,7.4.11.2-c1,7.4.11.2,1,0,231
7.4.11.2-c1-s2,7.4.11.2-c1,7.4.11.2,2,233,2246
7.4.11.2-c1-s3,7.4.11.2-c1,7.4.11.2,3,2248,2478
7.4.11.2-c1-s4,7.4.11.2-c1,7.4.11.2,4,2480,2510
7.4.12-c1-s1,7.4.12-c1,7.4.12,1,0,1353
7.4.12-c2-s1,7.4.12-c2,7.4.12,1,0,1146
7.4.12-c2-s2,7.4.12-c2,7.4.12,2,1148,2869
7.4.12-c2-s3,7.4.12-c2,7.4.12,3,2871,3002
7.4.12-c2-s4,7.4.12-c2,7.4.12,4,3004,3795
7.4.12-c2-s5,7.4.12-c2,7.4.12,5,3797,5000
7.4.12-c2-s6,7.4.12-c2,7.4.12,6,5002,6282
7.4.12-c2-s7,7.4.12-c2,7.4.12,7,6284,7915
7.4.12-c2-s8,7.4.12-c2,7.4.12,8,7917,9096
7.4.12-c3-s1,7.4.12-c3,7.4.12,1,0,1038
7.4.12-c3-s2,7.4.12-c3,7.4.12,2,1040,2963
7.4.12-c3-s3,7.4.12-c3,7.4.12,3,2965,4611
7.4.12-c4-s1,7.4.12-c4,7.4.12,1,0,793
7.4.12-c5-s1,7.4.12-c5,7.4.12,1,0,589
7.4.12-c6-s1,7.4.12-c6,7.4.12,1,0,372
7.4.12-c7-s1,7.4.12-c7,7.4.12,1,0,1302
7.4.12.1-c1-s1,7.4.12.1-c1,7.4.12.1,1,0,1226
7.4.12.1-c2-s1,7.4.12.1-c2,7.4.12.1,1,0,2255
7.4.12.1-c2-s2,7.4.12.1-c2,7.4.12.1,2,2257,2887
7.4.12.1-c2-s3,7.4.12.1-c2,7.4.12.1,3,2889,5137
7.4.12.1-c2-s4,7.4.12.1-c2,7.4.12.1,4,5139,5378
7.4.12.1-c3-s1,7.4.12.1-c3,7.4.12.1,1,0,1398
7.4.12.1-c3-s2,7.4.12.1-c3,7.4.12.1,2,1400,3690
7.4.12.1-c3-s3,7.4.12.1-c3,7.4.12.1,3,3692,4158
7.4.12.1-c4-s1,7.4.12.1-c4,7.4.12.1,1,0,1943
7.4.12.1-c5-s1,7.4.12.1-c5,7.4.12.1,1,0,2194
7.4.12.1-c6-s1,7.4.12.1-c6,7.4.12.1,1,0,1809
7.4.12.2-c1-s1,7.4.12.2-c1,7.4.12.2,1,0,1142
7.4.12.2-c1-s2,7.4.12.2-c1,7.4.12.2,2,1144,3006
7.4.12.2-c1-s3,7.4.12.2-c1,7.4.12.2,3,3008,3262
7.4.13-c1-s1,7.4.13-c1,7.4.13,1,0,1172
7.4.13-c2-s1,7.4.13-c2,7.4.13,1,0,1139
7.4.13-c2-s2,7.4.13-c2,7.4.13,2,1141,2872
7.4.13-c2-s3,7.4.13-c2,7.4.13,3,2874,3005
7.4.13-c2-s4,7.4.13-c2,7.4.13,4,3007,3798
7.4.13-c2-s5,7.4.13-c2,7.4.13,5,3800,5003
7.4.13-c2-s6,7.4.13-c2,7.4.13,6,5005,6285
7.4.13-c2-s7,7.4.13-c2,7.4.13,7,6287,7918
7.4.13-c2-s8,7.4.13-c2,7.4.13,8,7920,9101
7.4.13-c3-s1,7.4.13-c3,7.4.13,1,0,1011
7.4.13-c3-s2,7.4.13-c3,7.4.13,2,1013,2983
7.4.13-c3-s3,7.4.13-c3,7.4.13,3,2985,3785
7.4.13-c4-s1,7.4.13-c4,7.4.13,1,0,788
7.4.13-c5-s1,7.4.13-c5,7.4.13,1,0,589
7.4.13-c6-s1,7.4.13-c6,7.4.13,1,0,372
7.4.13-c7-s1,7.4.13-c7,7.4.13,1,0,1306
7.4.13.1-c1-s1,7.4.13.1-c1,7.4.13.1,1,0,1253
7.4.13.1-c2-s1,7.4.13.1-c2,7.4.13.1,1,0,1920
7.4.13.1-c2-s2,7.4.13.1-c2,7.4.13.1,2,1922,2554
7.4.13.1-c2-s3,7.4.13.1-c2,7.4.13.1,3,2556,4812
7.4.13.1-c2-s4,7.4.13.1-c2,7.4.13.1,4,4814,5053
7.4.13.1-c3-s1,7.4.13.1-c3,7.4.13.1,1,0,903
7.4.13.1-c3-s2,7.4.13.1-c3,7.4.13.1,2,905,3173
7.4.13.1-c3-s3,7.4.13.1-c3,7.4.13.1,3,3175,3641
7.4.13.1-c4-s1,7.4.13.1-c4,7.4.13.1,1,0,1943
7.4.13.1-c5-s1,7.4.13.1-c5,7.4.13.1,1,0,2194
7.4.13.1-c6-s1,7.4.13.1-c6,7.4.13.1,1,0,1787
7.4.13.2-c1-s1,7.4.13.2-c1,7.4.13.2,1,0,1171
7.4.13.2-c1-s2,7.4.13.2-c1,7.4.13.2,2,1173,3035
7.4.13.2-c1-s3,7.4.13.2-c1,7.4.13.2,3,3037,3291
7.4.14.1-c1-s1,7.4.14.1-c1,7.4.14.1,1,0,1276
7.4.14.1-c2-s1,7.4.14.1-c2,7.4.14.1,1,0,742
7.4.14.1-c3-s1,7.4.14.1-c3,7.4.14.1,1,0,1625
7.4.14.1-c4-s1,7.4.14.1-c4,7.4.14.1,1,0,1768
7.4.14.1-c5-s1,7.4.14.1-c5,7.4.14.1,1,0,511
7.4.14.1-c6-s1,7.4.14.1-c6,7.4.14.1,1,0,824
7.4.14.2-c1-s1,7.4.14.2-c1,7.4.14.2,1,0,417
7.4.14.2-c1-s2,7.4.14.2-c1,7.4.14.2,2,419,2479
7.4.15-c1-s1,7.4.15-c1,7.4.15,1,0,1041
7.4.15-c2-s1,7.4.15-c2,7.4.15,1,0,705
7.4.15-c3-s1,7.4.15-c3,7.4.15,1,0,1551
7.4.15-c3-s2,7.4.15-c3,7.4.15,2,1553,3291
7.4.15-c3-s3,7.4.15-c3,7.4.15,3,3293,3782
7.4.15-c4-s1,7.4.15-c4,7.4.15,1,0,1782
7.4.15-c5-s1,7.4.15-c5,7.4.15,1,0,170
7.4.15.1-c1-s1,7.4.15.1-c1,7.4.15.1,1,0,1454
7.4.15.1-c2-s1,7.4.15.1-c2,7.4.15.1,1,0,734
7.4.15.1-c3-s1,7.4.15.1-c3,7.4.15.1,1,0,2493
7.4.15.1-c4-s1,7.4.15.1-c4,7.4.15.1,1,0,1952
7.4.15.1-c5-s1,7.4.15.1-c5,7.4.15.1,1,0,507
7.4.15.1-c6-s1,7.4.15.1-c6,7.4.15.1,1,0,844
7.4.15.2-c1-s1,7.4.15.2-c1,7.4.15.2,1,0,427
7.4.15.2-c1-s2,7.4.15.2-c1,7.4.15.2,2,429,2586
7.4.15.2-c1-s3,7.4.15.2-c1,7.4.15.2,3,2588,2830
7.4.15.3-c1-s1,7.4.15.3-c1,7.4.15.3,1,0,1377
7.4.15.3-c2-s1,7.4.15.3-c2,7.4.15.3,1,0,720
7.4.15.3-c3-s1,7.4.15.3-c3,7.4.15.3,1,0,2143
7.4.15.3-c4-s1,7.4.15.3-c4,7.4.15.3,1,0,1803
7.4.15.3-c5-s1,7.4.15.3-c5,7.4.15.3,1,0,500
7.4.15.3-c6-s1,7.4.15.3-c6,7.4.15.3,1,0,802
7.4.15.4-c1-s1,7.4.15.4-c1,7.4.15.4,1,0,2220
7.4.15.4-c1-s2,7.4.15.4-c1,7.4.15.4,2,2222,2853
7.4.16-c1-s1,7.4.16-c1,7.4.16,1,0,902
7.4.16-c2-s1,7.4.16-c2,7.4.16,1,0,18
7.4.16-c2-s2,7.4.16-c2,7.4.16,2,20,1647
7.4.16-c2-s3,7.4.16-c2,7.4.16,3,1649,2355
7.4.16-c3-s1,7.4.16-c3,7.4.16,1,0,648
7.4.16-c4-s1,7.4.16-c4,7.4.16,1,0,1076
7.4.16-c5-s1,7.4.16-c5,7.4.16,1,0,1205
7.4.16-c6-s1,7.4.16-c6,7.4.16,1,0,321
7.4.16-c7-s1,7.4.16-c7,7.4.16,1,0,325
7.4.16-c8-s1,7.4.16-c8,7.4.16,1,0,647
7.4.16-c9-s1,7.4.16-c9,7.4.16,1,0,462
7.4.16.1-c1-s1,7.4.16.1-c1,7.4.16.1,1,0,997
7.4.16.1-c2-s1,7.4.16.1-c2,7.4.16.1,1,0,416
7.4.16.1-c3-s1,7.4.16.1-c3,7.4.16.1,1,0,1950
7.4.16.1-c4-s1,7.4.16.1-c4,7.4.16.1,1,0,455
7.4.16.1-c5-s1,7.4.16.1-c5,7.4.16.1,1,0,581
7.4.16.2-c1-s1,7.4.16.2-c1,7.4.16.2,1,0,1456
7.4.17-c1-s1,7.4.17-c1,7.4.17,1,0,645
7.4.17-c2-s1,7.4.17-c2,7.4.17,1,0,25
7.4.17-c2-s2,7.4.17-c2,7.4.17,2,27,1599
7.4.17-c2-s3,7.4.17-c2,7.4.17,3,1601,1804
7.4.17-c2-s4,7.4.17-c2,7.4.17,4,1806,3055
7.4.17-c2-s5,7.4.17-c2,7.4.17,5,3057,4888
7.4.17-c2-s6,7.4.17-c2,7.4.17,6,4890,6758
7.4.17-c2-s7,7.4.17-c2,7.4.17,7,6760,8402
7.4.17-c3-s1,7.4.17-c3,7.4.17,1,0,1145
7.4.17-c4-s1,7.4.17-c4,7.4.17,1,0,1078
7.4.17-c5-s1,7.4.17-c5,7.4.17,1,0,1017
7.4.17.1-c1-s1,7.4.17.1-c1,7.4.17.1,1,0,2305
7.4.17.1-c2-s1,7.4.17.1-c2,7.4.17.1,1,0,184
7.4.17.1-c3-s1,7.4.17.1-c3,7.4.17.1,1,0,742
7.4.17.1-c4-s1,7.4.17.1-c4,7.4.17.1,1,0,528
7.4.17.2-c1-s1,7.4.17.2-c1,7.4.17.2,1,0,967
7.4.18-c1-s1,7.4.18-c1,7.4.18,1,0,42
7.4.18-c1-s2,7.4.18-c1,7.4.18,2,44,2045
7.4.18-c1-s3,7.4.18-c1,7.4.18,3,2047,2593
7.4.18-c2-s1,7.4.18-c2,7.4.18,1,0,1479
7.4.18-c3-s1,7.4.18-c3,7.4.18,1,0,1461
7.4.18-c4-s1,7.4.18-c4,7.4.18,1,0,1740
7.4.18-c5-s1,7.4.18-c5,7.4.18,1,0,412
7.4.18-c6-s1,7.4.18-c6,7.4.18,1,0,873
7.4.18-c7-s1,7.4.18-c7,7.4.18,1,0,358
7.4.18-c8-s1,7.4.18-c8,7.4.18,1,0,1576
7.4.18.1-c1-s1,7.4.18.1-c1,7.4.18.1,1,0,1983
7.4.18.1-c2-s1,7.4.18.1-c2,7.4.18.1,1,0,294
7.4.18.1-c3-s1,7.4.18.1-c3,7.4.18.1,1,0,540
7.4.18.1-c4-s1,7.4.18.1-c4,7.4.18.1,1,0,197
7.4.18.1-c5-s1,7.4.18.1-c5,7.4.18.1,1,0,1021
7.4.18.1-c6-s1,7.4.18.1-c6,7.4.18.1,1,0,340
7.4.18.1-c7-s1,7.4.18.1-c7,7.4.18.1,1,0,794
7.4.18.2-c1-s1,7.4.18.2-c1,7.4.18.2,1,0,1948
7.4.18.2-c1-s2,7.4.18.2-c1,7.4.18.2,2,1950,2324
7.4.19-c1-s1,7.4.19-c1,7.4.19,1,0,292
7.4.19-c2-s1,7.4.19-c2,7.4.19,1,0,1501
7.4.19-c3-s1,7.4.19-c3,7.4.19,1,0,1529
7.4.19-c4-s1,7.4.19-c4,7.4.19,1,0,731
7.4.19-c5-s1,7.4.19-c5,7.4.19,1,0,1415
7.4.19-c5-s2,7.4.19-c5,7.4.19,2,1417,2127
7.4.19-c6-s1,7.4.19-c6,7.4.19,1,0,1261
7.4.19-c6-s2,7.4.19-c6,7.4.19,2,1263,2427
7.4.19-c7-s1,7.4.19-c7,7.4.19,1,0,721
7.4.19-c8-s1,7.4.19-c8,7.4.19,1,0,472
7.4.19.1-c1-s1,7.4.19.1-c1,7.4.19.1,1,0,768
7.4.19.1-c2-s1,7.4.19.1-c2,7.4.19.1,1,0,712
7.4.19.1-c3-s1,7.4.19.1-c3,7.4.19.1,1,0,906
7.4.19.1-c4-s1,7.4.19.1-c4,7.4.19.1,1,0,243
7.4.19.1-c5-s1,7.4.19.1-c5,7.4.19.1,1,0,1680
7.4.19.1-c6-s1,7.4.19.1-c6,7.4.19.1,1,0,336
7.4.19.1-c7-s1,7.4.19.1-c7,7.4.19.1,1,0,560
7.4.19.2-c1-s1,7.4.19.2-c1,7.4.19.2,1,0,1459
7.4.20-c1-s1,7.4.20-c1,7.4.20,1,0,332
7.4.20-c2-s1,7.4.20-c2,7.4.20,1,0,1559
7.4.20-c3-s1,7.4.20-c3,7.4.20,1,0,291
7.4.20-c3-s2,7.4.20-c3,7.4.20,2,293,2300
7.4.20-c3-s3,7.4.20-c3,7.4.20,3,2302,2882
7.4.20-c4-s1,7.4.20-c4,7.4.20,1,0,962
7.4.20-c4-s2,7.4.20-c4,7.4.20,2,964,2685
7.4.20.1-c1-s1,7.4.20.1-c1,7.4.20.1,1,0,581
7.4.20.1-c2-s1,7.4.20.1-c2,7.4.20.1,1,0,1392
7.4.20.1-c3-s1,7.4.20.1-c3,7.4.20.1,1,0,1550
7.4.20.1-c4-s1,7.4.20.1-c4,7.4.20.1,1,0,464
7.4.20.2-c1-s1,7.4.20.2-c1,7.4.20.2,1,0,1367
7.4.21-c1-s1,7.4.21-c1,7.4.21,1,0,1162
7.4.21-c2-s1,7.4.21-c2,7.4.21,1,0,602
7.4.21-c3-s1,7.4.21-c3,7.4.21,1,0,1409
7.4.21-c3-s2,7.4.21-c3,7.4.21,2,1411,3371
7.4.21-c3-s3,7.4.21-c3,7.4.21,3,3373,4660
7.4.21-c3-s4,7.4.21-c3,7.4.21,4,4662,5744
7.4.21-c3-s5,7.4.21-c3,7.4.21,5,5746,7660
7.4.21.1-c1-s1,7.4.21.1-c1,7.4.21.1,1,0,1697
7.4.21.1-c2-s1,7.4.21.1-c2,7.4.21.1,1,0,782
7.4.21.1-c3-s1,7.4.21.1-c3,7.4.21.1,1,0,770
7.4.21.1-c4-s1,7.4.21.1-c4,7.4.21.1,1,0,1096
7.4.21.1-c5-s1,7.4.21.1-c5,7.4.21.1,1,0,855
7.4.21.1-c6-s1,7.4.21.1-c6,7.4.21.1,1,0,936
7.4.21.1-c7-s1,7.4.21.1-c7,7.4.21.1,1,0,380
7.4.21.2-c1-s1,7.4.21.2-c1,7.4.21.2,1,0,758
7.4.21.2-c1-s2,7.4.21.2-c1,7.4.21.2,2,760,2147
7.4.22-c1-s1,7.4.22-c1,7.4.22,1,0,1085
7.4.22-c2-s1,7.4.22-c2,7.4.22,1,0,315
7.4.22-c3-s1,7.4.22-c3,7.4.22,1,0,1897
7.4.22-c3-s2,7.4.22-c3,7.4.22,2,1899,2457
7.4.22-c4-s1,7.4.22-c4,7.4.22,1,0,531
7.4.22-c5-s1,7.4.22-c5,7.4.22,1,0,1902
7.4.22-c5-s2,7.4.22-c5,7.4.22,2,1904,2255
7.4.22-c6-s1,7.4.22-c6,7.4.22,1,0,1190
7.4.22-c7-s1,7.4.22-c7,7.4.22,1,0,393
7.4.22.1-c1-s1,7.4.22.1-c1,7.4.22.1,1,0,1837
7.4.22.1-c2-s1,7.4.22.1-c2,7.4.22.1,1,0,722
7.4.22.1-c3-s1,7.4.22.1-c3,7.4.22.1,1,0,1603
7.4.22.1-c4-s1,7.4.22.1-c4,7.4.22.1,1,0,673
7.4.22.2-c1-s1,7.4.22.2-c1,7.4.22.2,1,0,1114
7.4.22.3-c1-s1,7.4.22.3-c1,7.4.22.3,1,0,2202
7.4.22.3-c2-s1,7.4.22.3-c2,7.4.22.3,1,0,722
7.4.22.3-c3-s1,7.4.22.3-c3,7.4.22.3,1,0,1603
7.4.22.3-c4-s1,7.4.22.3-c4,7.4.22.3,1,0,570
7.4.22.3-c5-s1,7.4.22.3-c5,7.4.22.3,1,0,628
7.4.22.3-c6-s1,7.4.22.3-c6,7.4.22.3,1,0,949
7.4.22.4-c1-s1,7.4.22.4-c1,7.4.22.4,1,0,2009
7.5.1-c1-s1,7.5.1-c1,7.5.1,1,0,651
7.5.1-c2-s1,7.5.1-c2,7.5.1,1,0,633
7.5.1-c2-s2,7.5.1-c2,7.5.1,2,635,1937
7.5.1-c2-s3,7.5.1-c2,7.5.1,3,1939,3165
7.5.1-c2-s4,7.5.1-c2,7.5.1,4,3167,5152
7.5.1-c2-s5,7.5.1-c2,7.5.1,5,5154,7199
7.5.1-c2-s6,7.5.1-c2,7.5.1,6,7201,8460
7.5.1-c2-s7,7.5.1-c2,7.5.1,7,8462,10070
7.5.1-c2-s8,7.5.1-c2,7.5.1,8,10072,11011
7.5.1-c3-s1,7.5.1-c3,7.5.1,1,0,1602
7.5.1-c3-s2,7.5.1-c3,7.5.1,2,1604,3301
7.5.1-c3-s3,7.5.1-c3,7.5.1,3,3303,4960
7.5.1-c4-s1,7.5.1-c4,7.5.1,1,0,1564
7.5.1-c4-s2,7.5.1-c4,7.5.1,2,1566,2905
7.5.1-c4-s3,7.5.1-c4,7.5.1,3,2907,4664
7.5.1-c5-s1,7.5.1-c5,7.5.1,1,0,531
7.5.1.1-c1-s1,7.5.1.1-c1,7.5.1.1,1,0,586
7.5.1.1-c2-s1,7.5.1.1-c2,7.5.1.1,1,0,815
7.5.1.1-c3-s1,7.5.1.1-c3,7.5.1.1,1,0,636
7.5.1.1-c4-s1,7.5.1.1-c4,7.5.1.1,1,0,591
7.5.1.1-c5-s1,7.5.1.1-c5,7.5.1.1,1,0,506
7.5.1.2-c1-s1,7.5.1.2-c1,7.5.1.2,1,0,482
7.5.1.2-c2-s1,7.5.1.2-c2,7.5.1.2,1,0,2289
7.5.1.2-c2-s2,7.5.1.2-c2,7.5.1.2,2,2291,4572
7.5.1.2-c2-s3,7.5.1.2-c2,7.5.1.2,3,4574,6824
7.5.1.2-c3-s1,7.5.1.2-c3,7.5.1.2,1,0,2397
7.5.1.2-c3-s2,7.5.1.2-c3,7.5.1.2,2,2399,4754
7.5.1.2-c3-s3,7.5.1.2-c3,7.5.1.2,3,4756,6454
7.5.1.2-c4-s1,7.5.1.2-c4,7.5.1.2,1,0,2339
7.5.1.2-c4-s2,7.5.1.2-c4,7.5.1.2,2,2341,4631
7.5.1.2-c4-s3,7.5.1.2-c4,7.5.1.2,3,4633,6198
7.5.1.2-c5-s1,7.5.1.2-c5,7.5.1.2,1,0,506
7.5.1.3-c1-s1,7.5.1.3-c1,7.5.1.3,1,0,1427
7.5.2-c1-s1,7.5.2-c1,7.5.2,1,0,586
7.5.2-c2-s1,7.5.2-c2,7.5.2,1,0,487
7.5.2-c3-s1,7.5.2-c3,7.5.2,1,0,1746
7.5.2-c3-s2,7.5.2-c3,7.5.2,2,1748,3754
7.5.2-c4-s1,7.5.2-c4,7.5.2,1,0,1194
7.5.2-c5-s1,7.5.2-c5,7.5.2,1,0,818
7.5.2.1-c1-s1,7.5.2.1-c1,7.5.2.1,1,0,734
7.5.2.1-c2-s1,7.5.2.1-c2,7.5.2.1,1,0,985
7.5.2.1-c3-s1,7.5.2.1-c3,7.5.2.1,1,0,590
7.5.2.2-c1-s1,7.5.2.2-c1,7.5.2.2,1,0,959
7.5.2.2-c2-s1,7.5.2.2-c2,7.5.2.2,1,0,2121
7.5.2.2-c3-s1,7.5.2.2-c3,7.5.2.2,1,0,1504
7.5.2.2-c4-s1,7.5.2.2-c4,7.5.2.2,1,0,439
7.5.2.2-c5-s1,7.5.2.2-c5,7.5.2.2,1,0,851
7.5.2.2-c6-s1,7.5.2.2-c6,7.5.2.2,1,0,1136
7.5.2.3-c1-s1,7.5.2.3-c1,7.5.2.3,1,0,1915
7.5.3-c1-s1,7.5.3-c1,7.5.3,1,0,331
7.5.3-c2-s1,7.5.3-c2,7.5.3,1,0,743
7.5.3-c3-s1,7.5.3-c3,7.5.3,1,0,1799
7.5.3-c3-s2,7.5.3-c3,7.5.3,2,1801,3434
7.5.3-c3-s3,7.5.3-c3,7.5.3,3,3436,5013
7.5.3-c3-s4,7.5.3-c3,7.5.3,4,5015,6733
7.5.3-c3-s5,7.5.3-c3,7.5.3,5,6735,7362
7.5.3.1-c1-s1,7.5.3.1-c1,7.5.3.1,1,0,890
7.5.3.1-c2-s1,7.5.3.1-c2,7.5.3.1,1,0,994
7.5.3.1-c3-s1,7.5.3.1-c3,7.5.3.1,1,0,600
7.5.3.2-c1-s1,7.5.3.2-c1,7.5.3.2,1,0,1139
7.5.3.2-c2-s1,7.5.3.2-c2,7.5.3.2,1,0,2121
7.5.3.2-c3-s1,7.5.3.2-c3,7.5.3.2,1,0,1498
7.5.3.2-c4-s1,7.5.3.2-c4,7.5.3.2,1,0,439
7.5.3.2-c5-s1,7.5.3.2-c5,7.5.3.2,1,0,2271
7.5.3.2-c5-s2,7.5.3.2-c5,7.5.3.2,2,2273,4428
7.5.3.2-c5-s3,7.5.3.2-c5,7.5.3.2,3,4430,4849
7.5.3.2-c5-s4,7.5.3.2-c5,7.5.3.2,4,4851,5494
7.5.3.2-c6-s1,7.5.3.2-c6,7.5.3.2,1,0,1281
7.5.3.2-c7-s1,7.5.3.2-c7,7.5.3.2,1,0,1155
7.5.3.2-c8-s1,7.5.3.2-c8,7.5.3.2,1,0,1181
7.5.3.3-c1-s1,7.5.3.3-c1,7.5.3.3,1,0,590
7.5.3.3-c1-s2,7.5.3.3-c1,7.5.3.3,2,592,2561
7.5.3.3-c1-s3,7.5.3.3-c1,7.5.3.3,3,2563,2980
7.5.4-c1-s1,7.5.4-c1,7.5.4,1,0,596
7.5.4-c2-s1,7.5.4-c2,7.5.4,1,0,1844
7.5.4-c3-s1,7.5.4-c3,7.5.4,1,0,1639
7.5.4-c3-s2,7.5.4-c3,7.5.4,2,1641,3323
7.5.4-c3-s3,7.5.4-c3,7.5.4,3,3325,5560
7.5.4-c3-s4,7.5.4-c3,7.5.4,4,5562,7032
7.5.4-c4-s1,7.5.4-c4,7.5.4,1,0,2100
7.5.4-c4-s2,7.5.4-c4,7.5.4,2,2102,4190
7.5.4-c4-s3,7.5.4-c4,7.5.4,3,4192,6109
7.5.4-c4-s4,7.5.4-c4,7.5.4,4,6111,6684
7.5.4.1-c1-s1,7.5.4.1-c1,7.5.4.1,1,0,716
7.5.4.1-c2-s1,7.5.4.1-c2,7.5.4.1,1,0,1006
7.5.4.1-c3-s1,7.5.4.1-c3,7.5.4.1,1,0,592
7.5.4.2-c1-s1,7.5.4.2-c1,7.5.4.2,1,0,587
7.5.4.2-c2-s1,7.5.4.2-c2,7.5.4.2,1,0,1287
7.5.4.2-c3-s1,7.5.4.2-c3,7.5.4.2,1,0,2426
7.5.4.2-c3-s2,7.5.4.2-c3,7.5.4.2,2,2428,4446
7.5.4.2-c3-s3,7.5.4.2-c3,7.5.4.2,3,4448,4908
7.5.4.2-c4-s1,7.5.4.2-c4,7.5.4.2,1,0,2254
7.5.4.2-c4-s2,7.5.4.2-c4,7.5.4.2,2,2256,4632
7.5.4.2-c5-s1,7.5.4.2-c5,7.5.4.2,1,0,824
7.5.4.3-c1-s1,7.5.4.3-c1,7.5.4.3,1,0,523
7.5.4.3-c1-s2,7.5.4.3-c1,7.5.4.3,2,525,2508
7.5.4.3-c1-s3,7.5.4.3-c1,7.5.4.3,3,2510,3238
7.5.5-c1-s1,7.5.5-c1,7.5.5,1,0,1993
7.5.5-c1-s2,7.5.5-c1,7.5.5,2,1995,3961
7.5.5-c1-s3,7.5.5-c1,7.5.5,3,3963,5221
7.5.5-c1-s4,7.5.5-c1,7.5.5,4,5223,6797
7.5.5-c1-s5,7.5.5-c1,7.5.5,5,6799,8205
7.5.5-c1-s6,7.5.5-c1,7.5.5,6,8207,10199
7.5.5-c1-s7,7.5.5-c1,7.5.5,7,10201,10495
7.5.5-c2-s1,7.5.5-c2,7.5.5,1,0,1356
7.5.5-c2-s2,7.5.5-c2,7.5.5,2,1358,2793
7.5.5-c3-s1,7.5.5-c3,7.5.5,1,0,1480
7.5.5.1-c1-s1,7.5.5.1-c1,7.5.5.1,1,0,1106
7.5.5.1-c2-s1,7.5.5.1-c2,7.5.5.1,1,0,1030
7.5.5.1-c3-s1,7.5.5.1-c3,7.5.5.1,1,0,607
7.5.5.2-c1-s1,7.5.5.2-c1,7.5.5.2,1,0,972
7.5.5.2-c2-s1,7.5.5.2-c2,7.5.5.2,1,0,1284
7.5.5.2-c3-s1,7.5.5.2-c3,7.5.5.2,1,0,2418
7.5.5.2-c3-s2,7.5.5.2-c3,7.5.5.2,2,2420,4436
7.5.5.2-c3-s3,7.5.5.2-c3,7.5.5.2,3,4438,4909
7.5.5.2-c4-s1,7.5.5.2-c4,7.5.5.2,1,0,2251
7.5.5.2-c4-s2,7.5.5.2-c4,7.5.5.2,2,2253,4504
7.5.5.2-c5-s1,7.5.5.2-c5,7.5.5.2,1,0,2426
7.5.5.2-c5-s2,7.5.5.2-c5,7.5.5.2,2,2428,4732
7.5.5.2-c5-s3,7.5.5.2-c5,7.5.5.2,3,4734,4816
7.5.5.2-c5-s4,7.5.5.2-c5,7.5.5.2,4,4818,5464
7.5.5.2-c6-s1,7.5.5.2-c6,7.5.5.2,1,0,1272
7.5.5.2-c7-s1,7.5.5.2-c7,7.5.5.2,1,0,1176
7.5.5.3-c1-s1,7.5.5.3-c1,7.5.5.3,1,0,715
7.5.5.3-c1-s2,7.5.5.3-c1,7.5.5.3,2,717,2753
7.5.5.3-c1-s3,7.5.5.3-c1,7.5.5.3,3,2755,4581
7.5.5.4-c1-s1,7.5.5.4-c1,7.5.5.4,1,0,1174
7.5.5.4-c2-s1,7.5.5.4-c2,7.5.5.4,1,0,988
7.5.5.4-c3-s1,7.5.5.4-c3,7.5.5.4,1,0,603
7.5.5.5-c1-s1,7.5.5.5-c1,7.5.5.5,1,0,1250
7.5.5.5-c2-s1,7.5.5.5-c2,7.5.5.5,1,0,1287
7.5.5.5-c3-s1,7.5.5.5-c3,7.5.5.5,1,0,2426
7.5.5.5-c3-s2,7.5.5.5-c3,7.5.5.5,2,2428,4462
7.5.5.5-c3-s3,7.5.5.5-c3,7.5.5.5,3,4464,4935
7.5.5.5-c4-s1,7.5.5.5-c4,7.5.5.5,1,0,2254
7.5.5.5-c4-s2,7.5.5.5-c4,7.5.5.5,2,2256,4512
7.5.5.5-c5-s1,7.5.5.5-c5,7.5.5.5,1,0,242
7.5.5.5-c6-s1,7.5.5.5-c6,7.5.5.5,1,0,705
7.5.5.5-c7-s1,7.5.5.5-c7,7.5.5.5,1,0,1077
7.5.5.5-c8-s1,7.5.5.5-c8,7.5.5.5,1,0,1237
7.5.5.6-c1-s1,7.5.5.6-c1,7.5.5.6,1,0,778
7.5.5.6-c1-s2,7.5.5.6-c1,7.5.5.6,2,780,2816
7.5.5.6-c1-s3,7.5.5.6-c1,7.5.5.6,3,2818,4569
7.5.5.7-c1-s1,7.5.5.7-c1,7.5.5.7,1,0,1179
7.5.5.7-c2-s1,7.5.5.7-c2,7.5.5.7,1,0,1285
7.5.5.7-c3-s1,7.5.5.7-c3,7.5.5.7,1,0,2418
7.5.5.7-c3-s2,7.5.5.7-c3,7.5.5.7,2,2420,4440
7.5.5.7-c3-s3,7.5.5.7-c3,7.5.5.7,3,4442,4913
7.5.5.7-c4-s1,7.5.5.7-c4,7.5.5.7,1,0,2252
7.5.5.7-c4-s2,7.5.5.7-c4,7.5.5.7,2,2254,4505
7.5.5.7-c5-s1,7.5.5.7-c5,7.5.5.7,1,0,2325
7.5.5.7-c5-s2,7.5.5.7-c5,7.5.5.7,2,2327,4718
7.5.5.7-c5-s3,7.5.5.7-c5,7.5.5.7,3,4720,6492
7.5.5.7-c5-s4,7.5.5.7-c5,7.5.5.7,4,6494,6694
7.5.5.7-c5-s5,7.5.5.7-c5,7.5.5.7,5,6696,9036
7.5.5.7-c6-s1,7.5.5.7-c6,7.5.5.7,1,0,1212
7.5.5.7-c7-s1,7.5.5.7-c7,7.5.5.7,1,0,1119
7.5.5.8-c1-s1,7.5.5.8-c1,7.5.5.8,1,0,513
7.5.5.8-c1-s2,7.5.5.8-c1,7.5.5.8,2,515,2557
7.5.5.8-c1-s3,7.5.5.8-c1,7.5.5.8,3,2559,4482
7.5.5.8-c1-s4,7.5.5.8-c1,7.5.5.8,4,4484,5533
7.5.6-c1-s1,7.5.6-c1,7.5.6,1,0,1233
7.5.6-c1-s2,7.5.6-c1,7.5.6,2,1235,3291
7.5.6-c1-s3,7.5.6-c1,7.5.6,3,3293,5302
7.5.6-c1-s4,7.5.6-c1,7.5.6,4,5304,6088
7.5.6-c1-s5,7.5.6-c1,7.5.6,5,6090,6594
7.5.6-c1-s6,7.5.6-c1,7.5.6,6,6596,8021
7.5.6-c1-s7,7.5.6-c1,7.5.6,7,8023,10010
7.5.6-c1-s8,7.5.6-c1,7.5.6,8,10012,10298
7.5.6-c2-s1,7.5.6-c2,7.5.6,1,0,1620
7.5.6-c3-s1,7.5.6-c3,7.5.6,1,0,916
7.5.6.1-c1-s1,7.5.6.1-c1,7.5.6.1,1,0,820
7.5.6.1-c2-s1,7.5.6.1-c2,7.5.6.1,1,0,1042
7.5.6.1-c3-s1,7.5.6.1-c3,7.5.6.1,1,0,2357
7.5.6.1-c3-s2,7.5.6.1-c3,7.5.6.1,2,2359,4345
7.5.6.1-c3-s3,7.5.6.1-c3,7.5.6.1,3,4347,4694
7.5.6.1-c4-s1,7.5.6.1-c4,7.5.6.1,1,0,2128
7.5.6.1-c4-s2,7.5.6.1-c4,7.5.6.1,2,2130,4378
7.5.6.1-c5-s1,7.5.6.1-c5,7.5.6.1,1,0,1352
7.5.6.1-c6-s1,7.5.6.1-c6,7.5.6.1,1,0,2279
7.5.6.1-c6-s2,7.5.6.1-c6,7.5.6.1,2,2281,4543
7.5.6.1-c6-s3,7.5.6.1-c6,7.5.6.1,3,4545,4772
7.5.6.1-c6-s4,7.5.6.1-c6,7.5.6.1,4,4774,5435
7.5.6.1-c7-s1,7.5.6.1-c7,7.5.6.1,1,0,1338
7.5.6.2-c1-s1,7.5.6.2-c1,7.5.6.2,1,0,503
7.5.6.2-c1-s2,7.5.6.2-c1,7.5.6.2,2,505,2277
7.5.6.2-c1-s3,7.5.6.2-c1,7.5.6.2,3,2279,3098
7.5.6.3-c1-s1,7.5.6.3-c1,7.5.6.3,1,0,739
7.5.6.3-c2-s1,7.5.6.3-c2,7.5.6.3,1,0,1042
7.5.6.3-c3-s1,7.5.6.3-c3,7.5.6.3,1,0,2357
7.5.6.3-c3-s2,7.5.6.3-c3,7.5.6.3,2,2359,4345
7.5.6.3-c3-s3,7.5.6.3-c3,7.5.6.3,3,4347,4694
7.5.6.3-c4-s1,7.5.6.3-c4,7.5.6.3,1,0,2139
7.5.6.3-c4-s2,7.5.6.3-c4,7.5.6.3,2,2141,4388
7.5.6.3-c5-s1,7.5.6.3-c5,7.5.6.3,1,0,1350
7.5.6.3-c6-s1,7.5.6.3-c6,7.5.6.3,1,0,259
7.5.6.3-c7-s1,7.5.6.3-c7,7.5.6.3,1,0,982
7.5.6.4-c1-s1,7.5.6.4-c1,7.5.6.4,1,0,431
7.5.6.4-c1-s2,7.5.6.4-c1,7.5.6.4,2,433,2264
7.5.6.4-c1-s3,7.5.6.4-c1,7.5.6.4,3,2266,2461
7.5.7-c1-s1,7.5.7-c1,7.5.7,1,0,1938
7.5.7-c1-s2,7.5.7-c1,7.5.7,2,1940,3302
7.5.7.1-c1-s1,7.5.7.1-c1,7.5.7.1,1,0,1055
7.5.7.1-c2-s1,7.5.7.1-c2,7.5.7.1,1,0,1053
7.5.7.1-c3-s1,7.5.7.1-c3,7.5.7.1,1,0,2357
7.5.7.1-c3-s2,7.5.7.1-c3,7.5.7.1,2,2359,4345
7.5.7.1-c3-s3,7.5.7.1-c3,7.5.7.1,3,4347,4694
7.5.7.1-c4-s1,7.5.7.1-c4,7.5.7.1,1,0,2148
7.5.7.1-c4-s2,7.5.7.1-c4,7.5.7.1,2,2150,4399
7.5.7.1-c5-s1,7.5.7.1-c5,7.5.7.1,1,0,1372
7.5.7.1-c6-s1,7.5.7.1-c6,7.5.7.1,1,0,2280
7.5.7.1-c6-s2,7.5.7.1-c6,7.5.7.1,2,2282,4544
7.5.7.1-c6-s3,7.5.7.1-c6,7.5.7.1,3,4546,4773
7.5.7.1-c6-s4,7.5.7.1-c6,7.5.7.1,4,4775,5433
7.5.7.1-c7-s1,7.5.7.1-c7,7.5.7.1,1,0,710
7.5.7.1-c8-s1,7.5.7.1-c8,7.5.7.1,1,0,261
7.5.7.1-c9-s1,7.5.7.1-c9,7.5.7.1,1,0,1306
7.5.7.2-c1-s1,7.5.7.2-c1,7.5.7.2,1,0,686
7.5.7.2-c1-s2,7.5.7.2-c1,7.5.7.2,2,688,2566
7.5.7.2-c1-s3,7.5.7.2-c1,7.5.7.2,3,2568,3983
7.5.8-c1-s1,7.5.8-c1,7.5.8,1,0,1285
7.5.8.1-c1-s1,7.5.8.1-c1,7.5.8.1,1,0,1041
7.5.8.1-c2-s1,7.5.8.1-c2,7.5.8.1,1,0,2126
7.5.8.1-c3-s1,7.5.8.1-c3,7.5.8.1,1,0,1502
7.5.8.1-c4-s1,7.5.8.1-c4,7.5.8.1,1,0,440
7.5.8.1-c5-s1,7.5.8.1-c5,7.5.8.1,1,0,905
7.5.9-c1-s1,7.5.9-c1,7.5.9,1,0,1523
7.5.9-c1-s2,7.5.9-c1,7.5.9,2,1525,2474
7.5.9.1-c1-s1,7.5.9.1-c1,7.5.9.1,1,0,1589
7.5.9.1-c2-s1,7.5.9.1-c2,7.5.9.1,1,0,2130
7.5.9.1-c3-s1,7.5.9.1-c3,7.5.9.1,1,0,1502
7.5.9.1-c4-s1,7.5.9.1-c4,7.5.9.1,1,0,440
7.5.9.1-c5-s1,7.5.9.1-c5,7.5.9.1,1,0,2171
7.5.9.1-c5-s2,7.5.9.1-c5,7.5.9.1,2,2173,4308
7.5.9.1-c5-s3,7.5.9.1-c5,7.5.9.1,3,4310,5145
7.5.9.1-c5-s4,7.5.9.1-c5,7.5.9.1,4,5147,7540
7.5.9.1-c6-s1,7.5.9.1-c6,7.5.9.1,1,0,1125
7.5.9.2-c1-s1,7.5.9.2-c1,7.5.9.2,1,0,670
7.5.9.2-c1-s2,7.5.9.2-c1,7.5.9.2,2,672,2446
7.5.9.2-c1-s3,7.5.9.2-c1,7.5.9.2,3,2448,4379
7.5.10-c1-s1,7.5.10-c1,7.5.10,1,0,536
7.5.10-c2-s1,7.5.10-c2,7.5.10,1,0,1337
7.5.10-c2-s2,7.5.10-c2,7.5.10,2,1339,3202
7.5.10-c2-s3,7.5.10-c2,7.5.10,3,3204,4640
7.5.10-c2-s4,7.5.10-c2,7.5.10,4,4642,5848
7.5.10-c2-s5,7.5.10-c2,7.5.10,5,5850,6771
7.5.10-c3-s1,7.5.10-c3,7.5.10,1,0,1634
7.5.10-c3-s2,7.5.10-c3,7.5.10,2,1636,3513
7.5.10-c3-s3,7.5.10-c3,7.5.10,3,3515,3630
7.5.10-c3-s4,7.5.10-c3,7.5.10,4,3632,4572
7.5.10-c4-s1,7.5.10-c4,7.5.10,1,0,49
7.5.10-c4-s2,7.5.10-c4,7.5.10,2,51,1740
7.5.10-c4-s3,7.5.10-c4,7.5.10,3,1742,3103
7.5.10-c5-s1,7.5.10-c5,7.5.10,1,0,650
7.5.10-c6-s1,7.5.10-c6,7.5.10,1,0,268
7.5.10-c7-s1,7.5.10-c7,7.5.10,1,0,1886
7.5.10-c7-s2,7.5.10-c7,7.5.10,2,1888,2471
7.5.10.1-c1-s1,7.5.10.1-c1,7.5.10.1,1,0,678
7.5.10.1-c2-s1,7.5.10.1-c2,7.5.10.1,1,0,652
7.5.10.1-c3-s1,7.5.10.1-c3,7.5.10.1,1,0,504
7.5.10.1-c4-s1,7.5.10.1-c4,7.5.10.1,1,0,1106
7.5.10.1-c5-s1,7.5.10.1-c5,7.5.10.1,1,0,499
7.5.10.1-c6-s1,7.5.10.1-c6,7.5.10.1,1,0,550
7.5.10.1-c7-s1,7.5.10.1-c7,7.5.10.1,1,0,1816
7.5.10.2-c1-s1,7.5.10.2-c1,7.5.10.2,1,0,755
7.5.10.2-c2-s1,7.5.10.2-c2,7.5.10.2,1,0,1845
7.5.10.2-c3-s1,7.5.10.2-c3,7.5.10.2,1,0,329
7.5.10.2-c4-s1,7.5.10.2-c4,7.5.10.2,1,0,1148
7.5.10.2-c5-s1,7.5.10.2-c5,7.5.10.2,1,0,499
7.5.10.2-c6-s1,7.5.10.2-c6,7.5.10.2,1,0,550
7.5.10.2-c7-s1,7.5.10.2-c7,7.5.10.2,1,0,1816
7.5.10.3-c1-s1,7.5.10.3-c1,7.5.10.3,1,0,1400
7.5.11-c1-s1,7.5.11-c1,7.5.11,1,0,1443
7.5.11-c2-s1,7.5.11-c2,7.5.11,1,0,320
7.5.11-c3-s1,7.5.11-c3,7.5.11,1,0,1001
7.5.11-c4-s1,7.5.11-c4,7.5.11,1,0,414
7.5.11-c4-s2,7.5.11-c4,7.5.11,2,416,1977
7.5.11-c4-s3,7.5.11-c4,7.5.11,3,1979,2329
7.5.11-c4-s4,7.5.11-c4,7.5.11,4,2331,3988
7.5.11-c4-s5,7.5.11-c4,7.5.11,5,3990,4788
7.5.11-c4-s6,7.5.11-c4,7.5.11,6,4790,6409
7.5.11-c4-s7,7.5.11-c4,7.5.11,7,6411,7388
7.5.11-c4-s8,7.5.11-c4,7.5.11,8,7390,8409
7.5.11-c5-s1,7.5.11-c5,7.5.11,1,0,1830
7.5.11-c5-s2,7.5.11-c5,7.5.11,2,1832,2830
7.5.11-c6-s1,7.5.11-c6,7.5.11,1,0,388
7.5.11-c7-s1,7.5.11-c7,7.5.11,1,0,1722
7.5.11-c7-s2,7.5.11-c7,7.5.11,2,1724,3883
7.5.11-c7-s3,7.5.11-c7,7.5.11,3,3885,5301
7.5.11-c7-s4,7.5.11-c7,7.5.11,4,5303,7157
7.5.11.1-c1-s1,7.5.11.1-c1,7.5.11.1,1,0,2368
7.5.11.1-c1-s2,7.5.11.1-c1,7.5.11.1,2,2370,4826
7.5.11.1-c1-s3,7.5.11.1-c1,7.5.11.1,3,4828,5881
7.5.12-c1-s1,7.5.12-c1,7.5.12,1,0,1163
7.5.12-c2-s1,7.5.12-c2,7.5.12,1,0,1033
7.5.12-c2-s2,7.5.12-c2,7.5.12,2,1035,2381
7.5.12-c2-s3,7.5.12-c2,7.5.12,3,2383,4010
7.5.12-c3-s1,7.5.12-c3,7.5.12,1,0,1599
7.5.12-c3-s2,7.5.12-c3,7.5.12,2,1601,3210
7.5.12-c3-s3,7.5.12-c3,7.5.12,3,3212,4038
7.5.12-c4-s1,7.5.12-c4,7.5.12,1,0,1779
7.5.12-c4-s2,7.5.12-c4,7.5.12,2,1781,2465
7.5.12-c4-s3,7.5.12-c4,7.5.12,3,2467,4516
7.5.12-c4-s4,7.5.12-c4,7.5.12,4,4518,6434
7.5.12-c4-s5,7.5.12-c4,7.5.12,5,6436,6655
7.5.12-c4-s6,7.5.12-c4,7.5.12,6,6657,8411
7.5.12-c4-s7,7.5.12-c4,7.5.12,7,8413,9935
7.5.12-c4-s8,7.5.12-c4,7.5.12,8,9937,11287
7.5.12-c4-s9,7.5.12-c4,7.5.12,9,11289,12984
7.5.12-c5-s1,7.5.12-c5,7.5.12,1,0,13
7.5.12-c5-s2,7.5.12-c5,7.5.12,2,15,1592
7.5.12-c5-s3,7.5.12-c5,7.5.12,3,1594,2156
7.5.12-c5-s4,7.5.12-c5,7.5.12,4,2158,3904
7.5.12-c5-s5,7.5.12-c5,7.5.12,5,3906,5022
7.5.12-c5-s6,7.5.12-c5,7.5.12,6,5024,6945
7.5.12-c5-s7,7.5.12-c5,7.5.12,7,6947,7263
7.5.12-c6-s1,7.5.12-c6,7.5.12,1,0,702
7.5.12-c7-s1,7.5.12-c7,7.5.12,1,0,889
7.5.12.1-c1-s1,7.5.12.1-c1,7.5.12.1,1,0,596
7.5.12.1-c2-s1,7.5.12.1-c2,7.5.12.1,1,0,420
7.5.12.1-c2-s2,7.5.12.1-c2,7.5.12.1,2,422,2880
7.5.12.1-c2-s3,7.5.12.1-c2,7.5.12.1,3,2882,4062
7.5.12.1-c3-s1,7.5.12.1-c3,7.5.12.1,1,0,2372
7.5.12.1-c3-s2,7.5.12.1-c3,7.5.12.1,2,2374,4562
7.5.12.1-c3-s3,7.5.12.1-c3,7.5.12.1,3,4564,5417
7.5.12.1-c4-s1,7.5.12.1-c4,7.5.12.1,1,0,609
7.5.12.1-c4-s2,7.5.12.1-c4,7.5.12.1,2,611,3061
7.5.12.1-c4-s3,7.5.12.1-c4,7.5.12.1,3,3063,5371
7.5.12.1-c4-s4,7.5.12.1-c4,7.5.12.1,4,5373,6645
7.5.12.1-c5-s1,7.5.12.1-c5,7.5.12.1,1,0,2217
7.5.12.1-c5-s2,7.5.12.1-c5,7.5.12.1,2,2219,2679
7.5.12.1-c6-s1,7.5.12.1-c6,7.5.12.1,1,0,896
7.5.12.2-c1-s1,7.5.12.2-c1,7.5.12.2,1,0,410
7.5.12.2-c1-s2,7.5.12.2-c1,7.5.12.2,2,412,2593
7.5.13-c1-s1,7.5.13-c1,7.5.13,1,0,1306
7.5.13-c2-s1,7.5.13-c2,7.5.13,1,0,1178
7.5.13-c2-s2,7.5.13-c2,7.5.13,2,1180,2945
7.5.13-c2-s3,7.5.13-c2,7.5.13,3,2947,3998
7.5.13-c3-s1,7.5.13-c3,7.5.13,1,0,605
7.5.13-c4-s1,7.5.13-c4,7.5.13,1,0,561
7.5.13-c5-s1,7.5.13-c5,7.5.13,1,0,718
7.5.13-c6-s1,7.5.13-c6,7.5.13,1,0,905
7.5.13.1-c1-s1,7.5.13.1-c1,7.5.13.1,1,0,537
7.5.13.1-c2-s1,7.5.13.1-c2,7.5.13.1,1,0,1567
7.5.13.1-c3-s1,7.5.13.1-c3,7.5.13.1,1,0,632
7.5.13.1-c3-s2,7.5.13.1-c3,7.5.13.1,2,634,3084
7.5.13.1-c3-s3,7.5.13.1-c3,7.5.13.1,3,3086,5409
7.5.13.1-c3-s4,7.5.13.1-c3,7.5.13.1,4,5411,6722
7.5.13.1-c4-s1,7.5.13.1-c4,7.5.13.1,1,0,2165
7.5.13.1-c4-s2,7.5.13.1-c4,7.5.13.1,2,2167,2863
7.5.13.1-c5-s1,7.5.13.1-c5,7.5.13.1,1,0,897
7.5.13.2-c1-s1,7.5.13.2-c1,7.5.13.2,1,0,2189
7.5.14-c1-s1,7.5.14-c1,7.5.14,1,0,823
7.5.14-c2-s1,7.5.14-c2,7.5.14,1,0,1363
7.5.14-c2-s2,7.5.14-c2,7.5.14,2,1365,2967
7.5.14-c2-s3,7.5.14-c2,7.5.14,3,2969,4371
7.5.14-c2-s4,7.5.14-c2,7.5.14,4,4373,6092
7.5.14-c2-s5,7.5.14-c2,7.5.14,5,6094,7980
7.5.14-c2-s6,7.5.14-c2,7.5.14,6,7982,9616
7.5.14-c2-s7,7.5.14-c2,7.5.14,7,9618,10448
7.5.14-c3-s1,7.5.14-c3,7.5.14,1,0,743
7.5.14-c4-s1,7.5.14-c4,7.5.14,1,0,1961
7.5.14-c4-s2,7.5.14-c4,7.5.14,2,1963,3710
7.5.14-c4-s3,7.5.14-c4,7.5.14,3,3712,5151
7.5.14-c4-s4,7.5.14-c4,7.5.14,4,5153,7161
7.5.14-c4-s5,7.5.14-c4,7.5.14,5,7163,9328
7.5.14-c4-s6,7.5.14-c4,7.5.14,6,9330,9708
7.5.14-c5-s1,7.5.14-c5,7.5.14,1,0,700
7.5.14.1-c1-s1,7.5.14.1-c1,7.5.14.1,1,0,1003
7.5.14.1-c2-s1,7.5.14.1-c2,7.5.14.1,1,0,723
7.5.14.1-c3-s1,7.5.14.1-c3,7.5.14.1,1,0,1432
7.5.14.1-c3-s2,7.5.14.1-c3,7.5.14.1,2,1434,2275
7.5.14.1-c4-s1,7.5.14.1-c4,7.5.14.1,1,0,475
7.5.14.1-c5-s1,7.5.14.1-c5,7.5.14.1,1,0,1090
7.5.14.1-c6-s1,7.5.14.1-c6,7.5.14.1,1,0,1056
7.5.14.1-c6-s2,7.5.14.1-c6,7.5.14.1,2,1058,2804
7.5.14.1-c7-s1,7.5.14.1-c7,7.5.14.1,1,0,843
7.5.14.2-c1-s1,7.5.14.2-c1,7.5.14.2,1,0,2131
7.5.14.3-c1-s1,7.5.14.3-c1,7.5.14.3,1,0,2191
7.5.14.4-c1-s1,7.5.14.4-c1,7.5.14.4,1,0,985
7.5.14.4-c2-s1,7.5.14.4-c2,7.5.14.4,1,0,470
7.5.14.4-c3-s1,7.5.14.4-c3,7.5.14.4,1,0,1924
7.5.14.4-c4-s1,7.5.14.4-c4,7.5.14.4,1,0,472
7.5.14.4-c5-s1,7.5.14.4-c5,7.5.14.4,1,0,969
7.5.14.4-c6-s1,7.5.14.4-c6,7.5.14.4,1,0,1066
7.5.14.4-c6-s2,7.5.14.4-c6,7.5.14.4,2,1068,3084
7.5.14.4-c7-s1,7.5.14.4-c7,7.5.14.4,1,0,798
7.5.14.5-c1-s1,7.5.14.5-c1,7.5.14.5,1,0,2011
7.5.14.6-c1-s1,7.5.14.6-c1,7.5.14.6,1,0,2152
7.5.15-c1-s1,7.5.15-c1,7.5.15,1,0,433
7.5.15-c2-s1,7.5.15-c2,7.5.15,1,0,18
7.5.15-c2-s2,7.5.15-c2,7.5.15,2,20,1294
7.5.15-c2-s3,7.5.15-c2,7.5.15,3,1296,2349
7.5.15-c3-s1,7.5.15-c3,7.5.15,1,0,1704
7.5.15-c4-s1,7.5.15-c4,7.5.15,1,0,35
7.5.15-c4-s2,7.5.15-c4,7.5.15,2,37,1606
7.5.15-c4-s3,7.5.15-c4,7.5.15,3,1608,2712
7.5.15-c4-s4,7.5.15-c4,7.5.15,4,2714,3889
7.5.15-c5-s1,7.5.15-c5,7.5.15,1,0,29
7.5.15-c5-s2,7.5.15-c5,7.5.15,2,31,1870
7.5.15-c5-s3,7.5.15-c5,7.5.15,3,1872,2598
7.5.15-c6-s1,7.5.15-c6,7.5.15,1,0,426
7.5.15.1-c1-s1,7.5.15.1-c1,7.5.15.1,1,0,601
7.5.15.1-c2-s1,7.5.15.1-c2,7.5.15.1,1,0,416
7.5.15.1-c3-s1,7.5.15.1-c3,7.5.15.1,1,0,307
7.5.15.1-c4-s1,7.5.15.1-c4,7.5.15.1,1,0,1926
7.5.15.1-c4-s2,7.5.15.1-c4,7.5.15.1,2,1928,2550
7.5.15.1-c5-s1,7.5.15.1-c5,7.5.15.1,1,0,1469
7.5.15.1-c6-s1,7.5.15.1-c6,7.5.15.1,1,0,697
7.5.15.1-c7-s1,7.5.15.1-c7,7.5.15.1,1,0,661
7.5.15.2-c1-s1,7.5.15.2-c1,7.5.15.2,1,0,1973
7.5.16-c1-s1,7.5.16-c1,7.5.16,1,0,533
7.5.16-c2-s1,7.5.16-c2,7.5.16,1,0,291
7.5.16-c3-s1,7.5.16-c3,7.5.16,1,0,1053
7.5.16-c3-s2,7.5.16-c3,7.5.16,2,1055,3140
7.5.16-c3-s3,7.5.16-c3,7.5.16,3,3142,4768
7.5.16-c3-s4,7.5.16-c3,7.5.16,4,4770,6616
7.5.16-c4-s1,7.5.16-c4,7.5.16,1,0,1221
7.5.16-c4-s2,7.5.16-c4,7.5.16,2,1223,2071
7.5.16-c5-s1,7.5.16-c5,7.5.16,1,0,1445
7.5.16-c6-s1,7.5.16-c6,7.5.16,1,0,1826
7.5.16-c6-s2,7.5.16-c6,7.5.16,2,1828,3125
7.5.16-c6-s3,7.5.16-c6,7.5.16,3,3127,5114
7.5.16-c6-s4,7.5.16-c6,7.5.16,4,5116,5396
7.5.16-c6-s5,7.5.16-c6,7.5.16,5,5398,6673
7.5.16-c6-s6,7.5.16-c6,7.5.16,6,6675,7858
7.5.16.1-c1-s1,7.5.16.1-c1,7.5.16.1,1,0,1523
7.5.16.1-c2-s1,7.5.16.1-c2,7.5.16.1,1,0,362
7.5.16.1-c3-s1,7.5.16.1-c3,7.5.16.1,1,0,1413
7.5.16.1-c4-s1,7.5.16.1-c4,7.5.16.1,1,0,889
7.5.16.1-c5-s1,7.5.16.1-c5,7.5.16.1,1,0,689
7.5.16.2-c1-s1,7.5.16.2-c1,7.5.16.2,1,0,1595
7.5.17-c1-s1,7.5.17-c1,7.5.17,1,0,581
7.5.17-c2-s1,7.5.17-c2,7.5.17,1,0,1091
7.5.17-c3-s1,7.5.17-c3,7.5.17,1,0,1309
7.5.17-c3-s2,7.5.17-c3,7.5.17,2,1311,2521
7.5.17-c4-s1,7.5.17-c4,7.5.17,1,0,233
7.5.17.1-c1-s1,7.5.17.1-c1,7.5.17.1,1,0,1778
7.5.17.1-c2-s1,7.5.17.1-c2,7.5.17.1,1,0,1414
7.5.17.1-c3-s1,7.5.17.1-c3,7.5.17.1,1,0,2255
7.5.17.1-c4-s1,7.5.17.1-c4,7.5.17.1,1,0,889
7.5.17.1-c5-s1,7.5.17.1-c5,7.5.17.1,1,0,924
7.5.17.2-c1-s1,7.5.17.2-c1,7.5.17.2,1,0,2099
7.5.17.2-c1-s2,7.5.17.2-c1,7.5.17.2,2,2101,2211
7.5.18-c1-s1,7.5.18-c1,7.5.18,1,0,559
7.5.18-c2-s1,7.5.18-c2,7.5.18,1,0,920
7.5.18-c3-s1,7.5.18-c3,7.5.18,1,0,238
7.5.18-c4-s1,7.5.18-c4,7.5.18,1,0,1324
7.5.18-c5-s1,7.5.18-c5,7.5.18,1,0,872
7.5.18-c6-s1,7.5.18-c6,7.5.18,1,0,211
7.5.18.1-c1-s1,7.5.18.1-c1,7.5.18.1,1,0,1388
7.5.18.1-c2-s1,7.5.18.1-c2,7.5.18.1,1,0,1186
7.5.18.1-c3-s1,7.5.18.1-c3,7.5.18.1,1,0,392
7.5.18.1-c4-s1,7.5.18.1-c4,7.5.18.1,1,0,557
7.5.18.2-c1-s1,7.5.18.2-c1,7.5.18.2,1,0,984
7.5.19-c1-s1,7.5.19-c1,7.5.19,1,0,627
7.5.19-c2-s1,7.5.19-c2,7.5.19,1,0,745
7.5.19-c3-s1,7.5.19-c3,7.5.19,1,0,525
7.5.19.1-c1-s1,7.5.19.1-c1,7.5.19.1,1,0,1885
7.5.19.1-c2-s1,7.5.19.1-c2,7.5.19.1,1,0,362
7.5.19.1-c3-s1,7.5.19.1-c3,7.5.19.1,1,0,1461
7.5.19.1-c4-s1,7.5.19.1-c4,7.5.19.1,1,0,891
7.5.19.1-c5-s1,7.5.19.1-c5,7.5.19.1,1,0,696
7.5.19.2-c1-s1,7.5.19.2-c1,7.5.19.2,1,0,1567
7.5.20-c1-s1,7.5.20-c1,7.5.20,1,0,641
7.5.20-c2-s1,7.5.20-c2,7.5.20,1,0,1309
7.5.20.1-c1-s1,7.5.20.1-c1,7.5.20.1,1,0,2090
7.5.20.1-c2-s1,7.5.20.1-c2,7.5.20.1,1,0,362
7.5.20.1-c3-s1,7.5.20.1-c3,7.5.20.1,1,0,1461
7.5.20.1-c4-s1,7.5.20.1-c4,7.5.20.1,1,0,300
7.5.20.1-c5-s1,7.5.20.1-c5,7.5.20.1,1,0,890
7.5.20.1-c6-s1,7.5.20.1-c6,7.5.20.1,1,0,771
7.5.20.2-c1-s1,7.5.20.2-c1,7.5.20.2,1,0,1862
7.5.21-c1-s1,7.5.21-c1,7.5.21,1,0,569
7.5.21-c2-s1,7.5.21-c2,7.5.21,1,0,792
7.5.21-c3-s1,7.5.21-c3,7.5.21,1,0,934
7.5.21.1-c1-s1,7.5.21.1-c1,7.5.21.1,1,0,1170
7.5.21.1-c2-s1,7.5.21.1-c2,7.5.21.1,1,0,829
7.5.21.1-c3-s1,7.5.21.1-c3,7.5.21.1,1,0,1363
7.5.21.1-c4-s1,7.5.21.1-c4,7.5.21.1,1,0,605
7.5.21.2-c1-s1,7.5.21.2-c1,7.5.21.2,1,0,1652
7.5.22-c1-s1,7.5.22-c1,7.5.22,1,0,1929
7.5.22-c1-s2,7.5.22-c1,7.5.22,2,1931,3481
7.5.22-c1-s3,7.5.22-c1,7.5.22,3,3483,5483
7.5.22-c1-s4,7.5.22-c1,7.5.22,4,5485,6424
7.5.22-c1-s5,7.5.22-c1,7.5.22,5,6426,8026
7.5.22-c2-s1,7.5.22-c2,7.5.22,1,0,2092
7.5.22-c2-s2,7.5.22-c2,7.5.22,2,2094,2745
7.5.22-c2-s3,7.5.22-c2,7.5.22,3,2747,4938
7.5.22-c3-s1,7.5.22-c3,7.5.22,1,0,2094
7.5.22-c3-s2,7.5.22-c3,7.5.22,2,2096,3837
7.5.22-c3-s3,7.5.22-c3,7.5.22,3,3839,4598
7.5.22-c3-s4,7.5.22-c3,7.5.22,4,4600,6153
7.5.22-c3-s5,7.5.22-c3,7.5.22,5,6155,8128
7.5.22-c3-s6,7.5.22-c3,7.5.22,6,8130,9789
7.5.22-c3-s7,7.5.22-c3,7.5.22,7,9791,10839
7.5.22-c3-s8,7.5.22-c3,7.5.22,8,10841,12918
7.5.22-c3-s9,7.5.22-c3,7.5.22,9,12920,15056
7.5.22-c3-s10,7.5.22-c3,7.5.22,10,15058,16116
7.5.22.1-c1-s1,7.5.22.1-c1,7.5.22.1,1,0,1437
7.5.22.1-c2-s1,7.5.22.1-c2,7.5.22.1,1,0,1524
7.5.22.1-c3-s1,7.5.22.1-c3,7.5.22.1,1,0,612
7.5.22.1-c4-s1,7.5.22.1-c4,7.5.22.1,1,0,411
7.5.22.1-c5-s1,7.5.22.1-c5,7.5.22.1,1,0,644
7.5.22.3-c1-s1,7.5.22.3-c1,7.5.22.3,1,0,1307
7.5.22.3-c2-s1,7.5.22.3-c2,7.5.22.3,1,0,1525
7.5.22.3-c3-s1,7.5.22.3-c3,7.5.22.3,1,0,568
7.5.22.3-c4-s1,7.5.22.3-c4,7.5.22.3,1,0,498
7.5.22.5-c1-s1,7.5.22.5-c1,7.5.22.5,1,0,1329
7.5.22.5-c2-s1,7.5.22.5-c2,7.5.22.5,1,0,1530
7.5.22.5-c3-s1,7.5.22.5-c3,7.5.22.5,1,0,911
7.5.22.5-c4-s1,7.5.22.5-c4,7.5.22.5,1,0,509
7.5.22.7-c1-s1,7.5.22.7-c1,7.5.22.7,1,0,1332
7.5.22.7-c2-s1,7.5.22.7-c2,7.5.22.7,1,0,1525
7.5.22.7-c3-s1,7.5.22.7-c3,7.5.22.7,1,0,1402
7.5.22.7-c4-s1,7.5.22.7-c4,7.5.22.7,1,0,578
7.5.22.9-c1-s1,7.5.22.9-c1,7.5.22.9,1,0,1379
7.5.22.9-c2-s1,7.5.22.9-c2,7.5.22.9,1,0,1303
7.5.22.9-c3-s1,7.5.22.9-c3,7.5.22.9,1,0,587
7.5.22.9-c4-s1,7.5.22.9-c4,7.5.22.9,1,0,597
7.5.22.11-c1-s1,7.5.22.11-c1,7.5.22.11,1,0,1613
7.5.22.11-c2-s1,7.5.22.11-c2,7.5.22.11,1,0,314
7.5.22.11-c3-s1,7.5.22.11-c3,7.5.22.11,1,0,2487
7.5.22.11-c3-s2,7.5.22.11-c3,7.5.22.11,2,2489,4798
7.5.22.11-c3-s3,7.5.22.11-c3,7.5.22.11,3,4800,7109
7.5.22.11-c3-s4,7.5.22.11-c3,7.5.22.11,4,7111,9124
7.5.22.11-c3-s5,7.5.22.11-c3,7.5.22.11,5,9126,11133
7.5.22.11-c4-s1,7.5.22.11-c4,7.5.22.11,1,0,626
7.5.22.11-c5-s1,7.5.22.11-c5,7.5.22.11,1,0,2223
7.5.22.11-c5-s2,7.5.22.11-c5,7.5.22.11,2,2225,3151
7.5.22.11-c6-s1,7.5.22.11-c6,7.5.22.11,1,0,1911
7.5.22.11-c7-s1,7.5.22.11-c7,7.5.22.11,1,0,1639
7.6.1-c1-s1,7.6.1-c1,7.6.1,1,0,1376
7.6.1-c2-s1,7.6.1-c2,7.6.1,1,0,863
7.6.1-c3-s1,7.6.1-c3,7.6.1,1,0,1871
7.6.1-c3-s2,7.6.1-c3,7.6.1,2,1873,3133
7.6.1-c3-s3,7.6.1-c3,7.6.1,3,3135,5046
7.6.1-c3-s4,7.6.1-c3,7.6.1,4,5048,6505
7.6.1-c3-s5,7.6.1-c3,7.6.1,5,6507,6984
7.6.1-c3-s6,7.6.1-c3,7.6.1,6,6986,7485
7.6.1-c3-s7,7.6.1-c3,7.6.1,7,7487,9295
7.6.1-c3-s8,7.6.1-c3,7.6.1,8,9297,11355
7.6.1-c3-s9,7.6.1-c3,7.6.1,9,11357,13018
7.6.1-c3-s10,7.6.1-c3,7.6.1,10,13020,15204
7.6.1-c3-s11,7.6.1-c3,7.6.1,11,15206,17070
7.6.1-c3-s12,7.6.1-c3,7.6.1,12,17072,19078
7.6.1-c3-s13,7.6.1-c3,7.6.1,13,19080,20034
7.6.1-c4-s1,7.6.1-c4,7.6.1,1,0,654
7.6.1-c4-s2,7.6.1-c4,7.6.1,2,656,2776
7.6.1-c4-s3,7.6.1-c4,7.6.1,3,2778,4372
7.6.1-c4-s4,7.6.1-c4,7.6.1,4,4374,5484
7.6.1-c4-s5,7.6.1-c4,7.6.1,5,5486,7427
7.6.1-c4-s6,7.6.1-c4,7.6.1,6,7429,8941
7.6.1-c5-s1,7.6.1-c5,7.6.1,1,0,1430
7.6.1-c5-s2,7.6.1-c5,7.6.1,2,1432,3724
7.6.1-c5-s3,7.6.1-c5,7.6.1,3,3726,3988
7.6.1-c5-s4,7.6.1-c5,7.6.1,4,3990,4013
7.6.1-c5-s5,7.6.1-c5,7.6.1,5,4015,5801
7.6.1-c5-s6,7.6.1-c5,7.6.1,6,5803,7236
7.6.1-c5-s7,7.6.1-c5,7.6.1,7,7238,7263
7.6.1-c5-s8,7.6.1-c5,7.6.1,8,7265,9203
7.6.1-c5-s9,7.6.1-c5,7.6.1,9,9205,9883
7.6.1-c5-s10,7.6.1-c5,7.6.1,10,9885,9934
7.6.1-c5-s11,7.6.1-c5,7.6.1,11,9936,11828
7.6.1-c5-s12,7.6.1-c5,7.6.1,12,11830,12624
7.6.1-c5-s13,7.6.1-c5,7.6.1,13,12626,14393
7.6.1-c6-s1,7.6.1-c6,7.6.1,1,0,688
7.6.1-c7-s1,7.6.1-c7,7.6.1,1,0,636
7.6.1-c7-s2,7.6.1-c7,7.6.1,2,638,2501
7.6.1-c7-s3,7.6.1-c7,7.6.1,3,2503,4213
7.6.1-c8-s1,7.6.1-c8,7.6.1,1,0,1061
7.6.1-c9-s1,7.6.1-c9,7.6.1,1,0,42
7.6.1-c9-s2,7.6.1-c9,7.6.1,2,44,1504
7.6.1-c9-s3,7.6.1-c9,7.6.1,3,1506,2128
7.6.1-c9-s4,7.6.1-c9,7.6.1,4,2130,2158
7.6.1.1-c1-s1,7.6.1.1-c1,7.6.1.1,1,0,1067
7.6.1.1-c1-s2,7.6.1.1-c1,7.6.1.1,2,1069,3146
7.6.1.1-c2-s1,7.6.1.1-c2,7.6.1.1,1,0,1787
7.6.1.1-c3-s1,7.6.1.1-c3,7.6.1.1,1,0,2439
7.6.1.1-c3-s2,7.6.1.1-c3,7.6.1.1,2,2441,4565
7.6.1.1-c4-s1,7.6.1.1-c4,7.6.1.1,1,0,209
7.6.1.1-c5-s1,7.6.1.1-c5,7.6.1.1,1,0,727
7.6.1.2-c1-s1,7.6.1.2-c1,7.6.1.2,1,0,1432
7.6.1.2-c2-s1,7.6.1.2-c2,7.6.1.2,1,0,2394
7.6.1.2-c2-s2,7.6.1.2-c2,7.6.1.2,2,2396,4407
7.6.1.2-c2-s3,7.6.1.2-c2,7.6.1.2,3,4409,6593
7.6.1.2-c2-s4,7.6.1.2-c2,7.6.1.2,4,6595,6897
7.6.1.2-c3-s1,7.6.1.2-c3,7.6.1.2,1,0,301
7.6.1.2-c4-s1,7.6.1.2-c4,7.6.1.2,1,0,268
7.6.1.2-c5-s1,7.6.1.2-c5,7.6.1.2,1,0,164
7.6.1.2-c6-s1,7.6.1.2-c6,7.6.1.2,1,0,203
7.6.1.2-c7-s1,7.6.1.2-c7,7.6.1.2,1,0,1114
7.6.1.3-c1-s1,7.6.1.3-c1,7.6.1.3,1,0,1868
7.6.1.4-c1-s1,7.6.1.4-c1,7.6.1.4,1,0,1306
7.6.1.5-c1-s1,7.6.1.5-c1,7.6.1.5,1,0,611
7.6.1.5-c1-s2,7.6.1.5-c1,7.6.1.5,2,613,2258
7.6.1.6-c1-s1,7.6.1.6-c1,7.6.1.6,1,0,2187
7.6.1.6-c1-s2,7.6.1.6-c1,7.6.1.6,2,2189,2595
7.6.1.7-c1-s1,7.6.1.7-c1,7.6.1.7,1,0,1484
7.6.1.8-c1-s1,7.6.1.8-c1,7.6.1.8,1,0,611
7.6.1.8-c1-s2,7.6.1.8-c1,7.6.1.8,2,613,2442
7.6.1.9-c1-s1,7.6.1.9-c1,7.6.1.9,1,0,2141
7.6.1.10-c1-s1,7.6.1.10-c1,7.6.1.10,1,0,1573
7.6.1.11-c1-s1,7.6.1.11-c1,7.6.1.11,1,0,615
7.6.1.11-c1-s2,7.6.1.11-c1,7.6.1.11,2,617,2528
7.6.1.12-c1-s1,7.6.1.12-c1,7.6.1.12,1,0,1943
7.6.1.12-c1-s2,7.6.1.12-c1,7.6.1.12,2,1945,3204
7.6.1.12-c2-s1,7.6.1.12-c2,7.6.1.12,1,0,1167
7.6.1.13-c1-s1,7.6.1.13-c1,7.6.1.13,1,0,1666
7.6.1.14-c1-s1,7.6.1.14-c1,7.6.1.14,1,0,674
7.6.1.14-c1-s2,7.6.1.14-c1,7.6.1.14,2,676,2493
7.6.1.14-c1-s3,7.6.1.14-c1,7.6.1.14,3,2495,2813
7.6.1.15-c1-s1,7.6.1.15-c1,7.6.1.15,1,0,2361
7.6.1.15-c1-s2,7.6.1.15-c1,7.6.1.15,2,2363,4087
7.6.1.16-c1-s1,7.6.1.16-c1,7.6.1.16,1,0,1943
7.6.1.17-c1-s1,7.6.1.17-c1,7.6.1.17,1,0,2297
7.6.1.17-c1-s2,7.6.1.17-c1,7.6.1.17,2,2299,4596
7.6.1.17-c1-s3,7.6.1.17-c1,7.6.1.17,3,4598,7132
7.6.1.17-c1-s4,7.6.1.17-c1,7.6.1.17,4,7134,9002
7.6.1.18-c1-s1,7.6.1.18-c1,7.6.1.18,1,0,2321
7.6.1.18-c1-s2,7.6.1.18-c1,7.6.1.18,2,2323,4452
7.6.1.18-c1-s3,7.6.1.18-c1,7.6.1.18,3,4454,5224
7.6.1.19-c1-s1,7.6.1.19-c1,7.6.1.19,1,0,1644
7.6.1.20-c1-s1,7.6.1.20-c1,7.6.1.20,1,0,1898
7.6.1.21-c1-s1,7.6.1.21-c1,7.6.1.21,1,0,1459
7.6.2-c1-s1,7.6.2-c1,7.6.2,1,0,463
7.6.2-c2-s1,7.6.2-c2,7.6.2,1,0,717
7.6.2-c3-s1,7.6.2-c3,7.6.2,1,0,16
7.6.2-c3-s2,7.6.2-c3,7.6.2,2,18,1993
7.6.2-c3-s3,7.6.2-c3,7.6.2,3,1995,2987
7.6.2-c3-s4,7.6.2-c3,7.6.2,4,2989,3946
7.6.2-c4-s1,7.6.2-c4,7.6.2,1,0,1728
7.6.2-c4-s2,7.6.2-c4,7.6.2,2,1730,2801
7.6.2-c5-s1,7.6.2-c5,7.6.2,1,0,1134
7.6.2-c5-s2,7.6.2-c5,7.6.2,2,1136,2919
7.6.2-c5-s3,7.6.2-c5,7.6.2,3,2921,3352
7.6.2-c5-s4,7.6.2-c5,7.6.2,4,3354,3407
7.6.2-c5-s5,7.6.2-c5,7.6.2,5,3409,5023
7.6.2-c5-s6,7.6.2-c5,7.6.2,6,5025,6033
7.6.2-c5-s7,7.6.2-c5,7.6.2,7,6035,7119
7.6.2-c5-s8,7.6.2-c5,7.6.2,8,7121,9087
7.6.2-c5-s9,7.6.2-c5,7.6.2,9,9089,10627
7.6.2-c6-s1,7.6.2-c6,7.6.2,1,0,2141
7.6.2-c6-s2,7.6.2-c6,7.6.2,2,2143,2508
7.6.2-c7-s1,7.6.2-c7,7.6.2,1,0,471
7.6.2.1-c1-s1,7.6.2.1-c1,7.6.2.1,1,0,1078
7.6.2.1-c2-s1,7.6.2.1-c2,7.6.2.1,1,0,1206
7.6.2.1-c3-s1,7.6.2.1-c3,7.6.2.1,1,0,2098
7.6.2.1-c3-s2,7.6.2.1-c3,7.6.2.1,2,2100,2664
7.6.2.1-c4-s1,7.6.2.1-c4,7.6.2.1,1,0,936
7.6.2.1-c5-s1,7.6.2.1-c5,7.6.2.1,1,0,1276
7.6.2.2-c1-s1,7.6.2.2-c1,7.6.2.2,1,0,1105
7.6.2.3-c1-s1,7.6.2.3-c1,7.6.2.3,1,0,1250
7.6.2.3-c1-s2,7.6.2.3-c1,7.6.2.3,2,1252,2360
7.6.2.4-c1-s1,7.6.2.4-c1,7.6.2.4,1,0,1269
7.6.2.4-c2-s1,7.6.2.4-c2,7.6.2.4,1,0,1206
7.6.2.4-c3-s1,7.6.2.4-c3,7.6.2.4,1,0,2022
7.6.2.4-c3-s2,7.6.2.4-c3,7.6.2.4,2,2024,4098
7.6.2.4-c3-s3,7.6.2.4-c3,7.6.2.4,3,4100,6568
7.6.2.4-c3-s4,7.6.2.4-c3,7.6.2.4,4,6570,7736
7.6.2.4-c4-s1,7.6.2.4-c4,7.6.2.4,1,0,2112
7.6.2.4-c4-s2,7.6.2.4-c4,7.6.2.4,2,2114,2676
7.6.2.4-c5-s1,7.6.2.4-c5,7.6.2.4,1,0,947
7.6.2.4-c6-s1,7.6.2.4-c6,7.6.2.4,1,0,1554
7.6.2.5-c1-s1,7.6.2.5-c1,7.6.2.5,1,0,2138
7.6.2.6-c1-s1,7.6.2.6-c1,7.6.2.6,1,0,623
7.6.2.6-c1-s2,7.6.2.6-c1,7.6.2.6,2,625,2702
7.6.2.6-c1-s3,7.6.2.6-c1,7.6.2.6,3,2704,3191
7.6.3-c1-s1,7.6.3-c1,7.6.3,1,0,732
7.6.3-c2-s1,7.6.3-c2,7.6.3,1,0,2070
7.6.3-c3-s1,7.6.3-c3,7.6.3,1,0,1666
7.6.3-c3-s2,7.6.3-c3,7.6.3,2,1668,2628
7.6.3-c3-s3,7.6.3-c3,7.6.3,3,2630,4073
7.6.3-c3-s4,7.6.3-c3,7.6.3,4,4075,5238
7.6.3-c3-s5,7.6.3-c3,7.6.3,5,5240,6524
7.6.3-c3-s6,7.6.3-c3,7.6.3,6,6526,8370
7.6.3-c3-s7,7.6.3-c3,7.6.3,7,8372,9214
7.6.3-c3-s8,7.6.3-c3,7.6.3,8,9216,10803
7.6.3-c3-s9,7.6.3-c3,7.6.3,9,10805,12766
7.6.3-c3-s10,7.6.3-c3,7.6.3,10,12768,13000
7.6.3-c3-s11,7.6.3-c3,7.6.3,11,13002,15004
7.6.3-c4-s1,7.6.3-c4,7.6.3,1,0,1454
7.6.3-c4-s2,7.6.3-c4,7.6.3,2,1456,1983
7.6.3-c4-s3,7.6.3-c4,7.6.3,3,1985,3493
7.6.3-c5-s1,7.6.3-c5,7.6.3,1,0,1064
7.6.3-c6-s1,7.6.3-c6,7.6.3,1,0,519
7.6.3-c7-s1,7.6.3-c7,7.6.3,1,0,909
7.6.3-c8-s1,7.6.3-c8,7.6.3,1,0,1052
7.6.3.1-c1-s1,7.6.3.1-c1,7.6.3.1,1,0,1514
7.6.3.1-c2-s1,7.6.3.1-c2,7.6.3.1,1,0,2223
7.6.3.1-c3-s1,7.6.3.1-c3,7.6.3.1,1,0,2376
7.6.3.1-c3-s2,7.6.3.1-c3,7.6.3.1,2,2378,4598
7.6.3.1-c3-s3,7.6.3.1-c3,7.6.3.1,3,4600,6987
7.6.3.1-c4-s1,7.6.3.1-c4,7.6.3.1,1,0,1098
7.6.3.2-c1-s1,7.6.3.2-c1,7.6.3.2,1,0,1615
7.6.3.3-c1-s1,7.6.3.3-c1,7.6.3.3,1,0,1469
7.6.3.3-c1-s2,7.6.3.3-c1,7.6.3.3,2,1471,3243
7.6.3.4-c1-s1,7.6.3.4-c1,7.6.3.4,1,0,1503
7.6.3.4-c2-s1,7.6.3.4-c2,7.6.3.4,1,0,1053
7.6.3.4-c3-s1,7.6.3.4-c3,7.6.3.4,1,0,2473
7.6.3.4-c3-s2,7.6.3.4-c3,7.6.3.4,2,2475,4740
7.6.3.4-c3-s3,7.6.3.4-c3,7.6.3.4,3,4742,6279
7.6.3.4-c4-s1,7.6.3.4-c4,7.6.3.4,1,0,1105
7.6.3.5-c1-s1,7.6.3.5-c1,7.6.3.5,1,0,1368
7.6.3.5-c2-s1,7.6.3.5-c2,7.6.3.5,1,0,2281
7.6.3.5-c2-s2,7.6.3.5-c2,7.6.3.5,2,2283,4717
7.6.3.5-c2-s3,7.6.3.5-c2,7.6.3.5,3,4719,5712
7.6.3.5-c3-s1,7.6.3.5-c3,7.6.3.5,1,0,991
7.6.3.5-c4-s1,7.6.3.5-c4,7.6.3.5,1,0,909
7.6.3.6-c1-s1,7.6.3.6-c1,7.6.3.6,1,0,1603
7.7.1-c1-s1,7.7.1-c1,7.7.1,1,0,647
7.7.1-c2-s1,7.7.1-c2,7.7.1,1,0,1821
7.7.1-c3-s1,7.7.1-c3,7.7.1,1,0,1024
7.7.1-c3-s2,7.7.1-c3,7.7.1,2,1026,2686
7.7.1-c4-s1,7.7.1-c4,7.7.1,1,0,375
7.7.1-c4-s2,7.7.1-c4,7.7.1,2,377,2376
7.7.1-c5-s1,7.7.1-c5,7.7.1,1,0,296
7.7.1-c6-s1,7.7.1-c6,7.7.1,1,0,450
7.7.1-c7-s1,7.7.1-c7,7.7.1,1,0,560
7.7.1-c7-s2,7.7.1-c7,7.7.1,2,562,2560
7.7.1-c7-s3,7.7.1-c7,7.7.1,3,2562,2805
7.7.1-c7-s4,7.7.1-c7,7.7.1,4,2807,4508
7.7.1-c7-s5,7.7.1-c7,7.7.1,5,4510,5432
7.7.1-c8-s1,7.7.1-c8,7.7.1,1,0,1508
7.7.1-c9-s1,7.7.1-c9,7.7.1,1,0,88
7.7.1-c9-s2,7.7.1-c9,7.7.1,2,90,1812
7.7.1-c9-s3,7.7.1-c9,7.7.1,3,1814,3674
7.7.1-c9-s4,7.7.1-c9,7.7.1,4,3676,4928
7.7.1-c9-s5,7.7.1-c9,7.7.1,5,4930,6078
7.7.1-c9-s6,7.7.1-c9,7.7.1,6,6080,7226
7.7.1-c10-s1,7.7.1-c10,7.7.1,1,0,28
7.7.1-c10-s2,7.7.1-c10,7.7.1,2,30,2128
7.7.1-c10-s3,7.7.1-c10,7.7.1,3,2130,3013
7.7.1-c10-s4,7.7.1-c10,7.7.1,4,3015,4437
7.7.1-c10-s5,7.7.1-c10,7.7.1,5,4439,5611
7.7.1-c10-s6,7.7.1-c10,7.7.1,6,5613,7494
7.7.1-c10-s7,7.7.1-c10,7.7.1,7,7496,9100
7.7.1-c10-s8,7.7.1-c10,7.7.1,8,9102,10380
7.7.1-c11-s1,7.7.1-c11,7.7.1,1,0,1586
7.7.1-c12-s1,7.7.1-c12,7.7.1,1,0,1950
7.7.1-c12-s2,7.7.1-c12,7.7.1,2,1952,4178
7.7.1-c12-s3,7.7.1-c12,7.7.1,3,4180,5838
7.7.1-c12-s4,7.7.1-c12,7.7.1,4,5840,7852
7.7.1-c12-s5,7.7.1-c12,7.7.1,5,7854,9874
7.7.1-c12-s6,7.7.1-c12,7.7.1,6,9876,10736
7.7.1-c13-s1,7.7.1-c13,7.7.1,1,0,1882
7.7.1-c13-s2,7.7.1-c13,7.7.1,2,1884,2908
7.7.1-c13-s3,7.7.1-c13,7.7.1,3,2910,4552
7.7.1-c13-s4,7.7.1-c13,7.7.1,4,4554,6823
7.7.1-c13-s5,7.7.1-c13,7.7.1,5,6825,7834
7.7.1-c14-s1,7.7.1-c14,7.7.1,1,0,34
7.7.1-c14-s2,7.7.1-c14,7.7.1,2,36,2002
7.7.1-c14-s3,7.7.1-c14,7.7.1,3,2004,2661
7.7.1-c15-s1,7.7.1-c15,7.7.1,1,0,583
7.7.1-c16-s1,7.7.1-c16,7.7.1,1,0,570
7.7.1.1-c1-s1,7.7.1.1-c1,7.7.1.1,1,0,1802
7.7.1.1-c2-s1,7.7.1.1-c2,7.7.1.1,1,0,2235
7.7.1.1-c3-s1,7.7.1.1-c3,7.7.1.1,1,0,741
7.7.1.1-c4-s1,7.7.1.1-c4,7.7.1.1,1,0,953
7.7.1.1-c4-s2,7.7.1.1-c4,7.7.1.1,2,955,2937
7.7.1.1-c4-s3,7.7.1.1-c4,7.7.1.1,3,2939,4097
7.7.1.1-c4-s4,7.7.1.1-c4,7.7.1.1,4,4099,6514
7.7.1.1-c5-s1,7.7.1.1-c5,7.7.1.1,1,0,759
7.7.1.2-c1-s1,7.7.1.2-c1,7.7.1.2,1,0,2235
7.7.1.2-c1-s2,7.7.1.2-c1,7.7.1.2,2,2237,2338
7.7.1.3-c1-s1,7.7.1.3-c1,7.7.1.3,1,0,1671
7.7.1.3-c2-s1,7.7.1.3-c2,7.7.1.3,1,0,2233
7.7.1.3-c3-s1,7.7.1.3-c3,7.7.1.3,1,0,1848
7.7.1.3-c3-s2,7.7.1.3-c3,7.7.1.3,2,1850,3260
7.7.1.3-c4-s1,7.7.1.3-c4,7.7.1.3,1,0,680
7.7.1.4-c1-s1,7.7.1.4-c1,7.7.1.4,1,0,1512
7.7.1.4-c2-s1,7.7.1.4-c2,7.7.1.4,1,0,855
7.7.1.4-c3-s1,7.7.1.4-c3,7.7.1.4,1,0,737
7.7.1.4-c4-s1,7.7.1.4-c4,7.7.1.4,1,0,953
7.7.1.4-c4-s2,7.7.1.4-c4,7.7.1.4,2,955,3532
7.7.1.4-c4-s3,7.7.1.4-c4,7.7.1.4,3,3534,4282
7.7.1.4-c4-s4,7.7.1.4-c4,7.7.1.4,4,4284,6694
7.7.1.4-c5-s1,7.7.1.4-c5,7.7.1.4,1,0,814
7.7.1.5-c1-s1,7.7.1.5-c1,7.7.1.5,1,0,2191
7.7.1.5-c1-s2,7.7.1.5-c1,7.7.1.5,2,2193,2436
7.7.2-c1-s1,7.7.2-c1,7.7.2,1,0,1054
7.7.2-c2-s1,7.7.2-c2,7.7.2,1,0,362
7.7.2-c3-s1,7.7.2-c3,7.7.2,1,0,1914
7.7.2-c4-s1,7.7.2-c4,7.7.2,1,0,2093
7.7.2-c5-s1,7.7.2-c5,7.7.2,1,0,649
7.7.2.1-c1-s1,7.7.2.1-c1,7.7.2.1,1,0,704
7.7.2.1-c2-s1,7.7.2.1-c2,7.7.2.1,1,0,203
7.7.2.1-c3-s1,7.7.2.1-c3,7.7.2.1,1,0,389
7.7.2.1-c4-s1,7.7.2.1-c4,7.7.2.1,1,0,316
7.7.2.1-c5-s1,7.7.2.1-c5,7.7.2.1,1,0,1732
7.7.2.1-c6-s1,7.7.2.1-c6,7.7.2.1,1,0,898
7.7.2.2-c1-s1,7.7.2.2-c1,7.7.2.2,1,0,2110
7.7.3-c1-s1,7.7.3-c1,7.7.3,1,0,1630
7.7.3-c1-s2,7.7.3-c1,7.7.3,2,1632,2753
7.7.3-c2-s1,7.7.3-c2,7.7.3,1,0,511
7.7.3-c3-s1,7.7.3-c3,7.7.3,1,0,582
7.7.3-c4-s1,7.7.3-c4,7.7.3,1,0,435
7.7.3-c5-s1,7.7.3-c5,7.7.3,1,0,893
7.7.3.1-c1-s1,7.7.3.1-c1,7.7.3.1,1,0,1649
7.7.3.1-c2-s1,7.7.3.1-c2,7.7.3.1,1,0,494
7.7.3.1-c3-s1,7.7.3.1-c3,7.7.3.1,1,0,854
7.7.3.1-c4-s1,7.7.3.1-c4,7.7.3.1,1,0,719
7.7.3.1-c5-s1,7.7.3.1-c5,7.7.3.1,1,0,913
7.7.3.1-c5-s2,7.7.3.1-c5,7.7.3.1,2,915,3518
7.7.3.1-c5-s3,7.7.3.1-c5,7.7.3.1,3,3520,3973
7.7.3.1-c5-s4,7.7.3.1-c5,7.7.3.1,4,3975,5495
7.7.3.1-c6-s1,7.7.3.1-c6,7.7.3.1,1,0,832
7.8.1-c1-s1,7.8.1-c1,7.8.1,1,0,305
7.8.1-c2-s1,7.8.1-c2,7.8.1,1,0,1053
7.8.1-c3-s1,7.8.1-c3,7.8.1,1,0,403
7.8.1-c4-s1,7.8.1-c4,7.8.1,1,0,898
7.8.1-c5-s1,7.8.1-c5,7.8.1,1,0,498
7.8.1-c6-s1,7.8.1-c6,7.8.1,1,0,1411
7.8.1-c7-s1,7.8.1-c7,7.8.1,1,0,1156
7.8.1-c7-s2,7.8.1-c7,7.8.1,2,1158,3268
7.8.1-c7-s3,7.8.1-c7,7.8.1,3,3270,3870
7.8.1-c7-s4,7.8.1-c7,7.8.1,4,3872,5828
7.8.1-c7-s5,7.8.1-c7,7.8.1,5,5830,6225
7.8.1-c7-s6,7.8.1-c7,7.8.1,6,6227,8033
7.8.1-c8-s1,7.8.1-c8,7.8.1,1,0,1890
7.8.1-c9-s1,7.8.1-c9,7.8.1,1,0,1696
7.8.1.1-c1-s1,7.8.1.1-c1,7.8.1.1,1,0,1673
7.8.1.1-c2-s1,7.8.1.1-c2,7.8.1.1,1,0,451
7.8.1.1-c3-s1,7.8.1.1-c3,7.8.1.1,1,0,683
7.8.1.1-c4-s1,7.8.1.1-c4,7.8.1.1,1,0,667
7.8.1.2-c1-s1,7.8.1.2-c1,7.8.1.2,1,0,1360
7.8.2-c1-s1,7.8.2-c1,7.8.2,1,0,295
7.8.2-c2-s1,7.8.2-c2,7.8.2,1,0,306
7.8.2-c3-s1,7.8.2-c3,7.8.2,1,0,345
7.8.2-c4-s1,7.8.2-c4,7.8.2,1,0,867
7.8.2-c5-s1,7.8.2-c5,7.8.2,1,0,1275
7.8.2-c6-s1,7.8.2-c6,7.8.2,1,0,765
7.8.2-c7-s1,7.8.2-c7,7.8.2,1,0,1291
7.8.2-c8-s1,7.8.2-c8,7.8.2,1,0,236
7.8.2.1-c1-s1,7.8.2.1-c1,7.8.2.1,1,0,1780
7.8.2.1-c2-s1,7.8.2.1-c2,7.8.2.1,1,0,385
7.8.2.1-c3-s1,7.8.2.1-c3,7.8.2.1,1,0,433
7.8.2.1-c4-s1,7.8.2.1-c4,7.8.2.1,1,0,775
7.8.2.1-c5-s1,7.8.2.1-c5,7.8.2.1,1,0,679
7.8.2.1-c6-s1,7.8.2.1-c6,7.8.2.1,1,0,778
7.8.2.2-c1-s1,7.8.2.2-c1,7.8.2.2,1,0,2025
7.8.3-c1-s1,7.8.3-c1,7.8.3,1,0,1211
7.8.3-c2-s1,7.8.3-c2,7.8.3,1,0,122
7.8.3-c2-s2,7.8.3-c2,7.8.3,2,124,1862
7.8.3-c2-s3,7.8.3-c2,7.8.3,3,1864,3103
7.8.3-c2-s4,7.8.3-c2,7.8.3,4,3105,5178
7.8.3-c2-s5,7.8.3-c2,7.8.3,5,5180,6850
7.8.3-c2-s6,7.8.3-c2,7.8.3,6,6852,7355
7.8.3-c2-s7,7.8.3-c2,7.8.3,7,7357,7429
7.8.3-c2-s8,7.8.3-c2,7.8.3,8,7431,8934
7.8.3-c2-s9,7.8.3-c2,7.8.3,9,8936,10115
7.8.3-c2-s10,7.8.3-c2,7.8.3,10,10117,10160
7.8.3-c2-s11,7.8.3-c2,7.8.3,11,10162,12306
7.8.3-c2-s12,7.8.3-c2,7.8.3,12,12308,13224
7.8.3-c3-s1,7.8.3-c3,7.8.3,1,0,1732
7.8.3-c3-s2,7.8.3-c3,7.8.3,2,1734,3355
7.8.3-c4-s1,7.8.3-c4,7.8.3,1,0,1301
7.8.3-c5-s1,7.8.3-c5,7.8.3,1,0,989
7.8.3.1-c1-s1,7.8.3.1-c1,7.8.3.1,1,0,580
7.8.3.1-c2-s1,7.8.3.1-c2,7.8.3.1,1,0,1303
7.8.3.1-c3-s1,7.8.3.1-c3,7.8.3.1,1,0,816
7.8.3.1-c4-s1,7.8.3.1-c4,7.8.3.1,1,0,478
7.8.3.2-c1-s1,7.8.3.2-c1,7.8.3.2,1,0,853
7.8.3.3-c1-s1,7.8.3.3-c1,7.8.3.3,1,0,772
7.8.3.3-c2-s1,7.8.3.3-c2,7.8.3.3,1,0,2065
7.8.3.3-c3-s1,7.8.3.3-c3,7.8.3.3,1,0,851
7.8.3.3-c4-s1,7.8.3.3-c4,7.8.3.3,1,0,522
7.8.3.4-c1-s1,7.8.3.4-c1,7.8.3.4,1,0,984
7.8.3.5-c1-s1,7.8.3.5-c1,7.8.3.5,1,0,780
7.8.3.5-c2-s1,7.8.3.5-c2,7.8.3.5,1,0,2373
7.8.3.5-c2-s2,7.8.3.5-c2,7.8.3.5,2,2375,4177
7.8.3.5-c3-s1,7.8.3.5-c3,7.8.3.5,1,0,1382
7.8.3.5-c4-s1,7.8.3.5-c4,7.8.3.5,1,0,518
7.8.3.6-c1-s1,7.8.3.6-c1,7.8.3.6,1,0,1255
7.9-c1-s1,7.9-c1,7.9,1,0,1763
7.9-c1-s2,7.9-c1,7.9,2,1765,3181
7.9-c1-s3,7.9-c1,7.9,3,3183,3701
7.9-c2-s1,7.9-c2,7.9,1,0,2075
7.9-c2-s2,7.9-c2,7.9,2,2077,2579
7.9-c2-s3,7.9-c2,7.9,3,2581,4524
7.9-c2-s4,7.9-c2,7.9,4,4526,6331
7.9-c2-s5,7.9-c2,7.9,5,6333,8402
7.9-c2-s6,7.9-c2,7.9,6,8404,9868
7.9-c2-s7,7.9-c2,7.9,7,9870,11672
7.9-c2-s8,7.9-c2,7.9,8,11674,12954
7.9-c2-s9,7.9-c2,7.9,9,12956,13574
7.9-c2-s10,7.9-c2,7.9,10,13576,14022
7.9-c2-s11,7.9-c2,7.9,11,14024,15546
7.9-c2-s12,7.9-c2,7.9,12,15548,17630
7.9-c3-s1,7.9-c3,7.9,1,0,1950
7.9-c4-s1,7.9-c4,7.9,1,0,970
7.9.1-c1-s1,7.9.1-c1,7.9.1,1,0,1776
7.9.1-c2-s1,7.9.1-c2,7.9.1,1,0,2543
7.9.1-c2-s2,7.9.1-c2,7.9.1,2,2545,4697
7.9.1-c2-s3,7.9.1-c2,7.9.1,3,4699,7218
7.9.1-c2-s4,7.9.1-c2,7.9.1,4,7220,9814
7.9.1-c2-s5,7.9.1-c2,7.9.1,5,9816,10064
7.9.1-c3-s1,7.9.1-c3,7.9.1,1,0,726
7.9.1-c4-s1,7.9.1-c4,7.9.1,1,0,493
8.1-c1-s1,8.1-c1,8.1,1,0,1629
8.1-c1-s2,8.1-c1,8.1,2,1631,3290
8.1-c1-s3,8.1-c1,8.1,3,3292,4993
8.1-c2-s1,8.1-c2,8.1,1,0,589
8.1-c3-s1,8.1-c3,8.1,1,0,2165
8.1-c4-s1,8.1-c4,8.1,1,0,22
8.1-c4-s2,8.1-c4,8.1,2,24,1665
8.1-c4-s3,8.1-c4,8.1,3,1667,3695
8.1-c4-s4,8.1-c4,8.1,4,3697,4278
8.1-c4-s5,8.1-c4,8.1,5,4280,4625
8.1-c5-s1,8.1-c5,8.1,1,0,1770
8.1-c6-s1,8.1-c6,8.1,1,0,22
8.1-c6-s2,8.1-c6,8.1,2,24,2027
8.1-c6-s3,8.1-c6,8.1,3,2029,2923
8.1-c6-s4,8.1-c6,8.1,4,2925,3138
8.1-c7-s1,8.1-c7,8.1,1,0,1490
8.1-c8-s1,8.1-c8,8.1,1,0,1836
8.1-c9-s1,8.1-c9,8.1,1,0,1127
8.1-c10-s1,8.1-c10,8.1,1,0,1322
8.1-c11-s1,8.1-c11,8.1,1,0,1593
8.1-c11-s2,8.1-c11,8.1,2,1595,3304
8.1-c11-s3,8.1-c11,8.1,3,3306,4595
8.1-c12-s1,8.1-c12,8.1,1,0,1974
8.1-c12-s2,8.1-c12,8.1,2,1976,3433
8.1-c13-s1,8.1-c13,8.1,1,0,24
8.1-c13-s2,8.1-c13,8.1,2,26,1605
8.1-c13-s3,8.1-c13,8.1,3,1607,2274
8.1-c13-s4,8.1-c13,8.1,4,2276,2302
8.1.1-c1-s1,8.1.1-c1,8.1.1,1,0,2312
8.1.1-c1-s2,8.1.1-c1,8.1.1,2,2314,2479
8.1.1-c2-s1,8.1.1-c2,8.1.1,1,0,1509
8.1.2-c1-s1,8.1.2-c1,8.1.2,1,0,1943
8.1.2-c2-s1,8.1.2-c2,8.1.2,1,0,254
8.1.2-c3-s1,8.1.2-c3,8.1.2,1,0,1871
8.1.2-c3-s2,8.1.2-c3,8.1.2,2,1873,2441
8.1.2-c4-s1,8.1.2-c4,8.1.2,1,0,955
8.1.2-c5-s1,8.1.2-c5,8.1.2,1,0,2477
8.1.2-c5-s2,8.1.2-c5,8.1.2,2,2479,4689
8.1.2-c5-s3,8.1.2-c5,8.1.2,3,4691,6257
8.1.2-c5-s4,8.1.2-c5,8.1.2,4,6259,8544
8.1.2-c6-s1,8.1.2-c6,8.1.2,1,0,333
8.1.3-c1-s1,8.1.3-c1,8.1.3,1,0,1244
8.1.3-c1-s2,8.1.3-c1,8.1.3,2,1246,2400
8.2-c1-s1,8.2-c1,8.2,1,0,1450
8.2-c2-s1,8.2-c2,8.2,1,0,354
8.2-c3-s1,8.2-c3,8.2,1,0,906
8.2-c4-s1,8.2-c4,8.2,1,0,45
8.2-c4-s2,8.2-c4,8.2,2,47,1572
8.2-c4-s3,8.2-c4,8.2,3,1574,2444
8.2-c5-s1,8.2-c5,8.2,1,0,345
8.2-c6-s1,8.2-c6,8.2,1,0,994
8.2-c6-s2,8.2-c6,8.2,2,996,2797
8.2-c6-s3,8.2-c6,8.2,3,2799,4775
8.2-c6-s4,8.2-c6,8.2,4,4777,5666
8.2-c7-s1,8.2-c7,8.2,1,0,233
8.2-c7-s2,8.2-c7,8.2,2,235,2346
8.2-c7-s3,8.2-c7,8.2,3,2348,3081
8.2-c7-s4,8.2-c7,8.2,4,3083,4257
8.2-c8-s1,8.2-c8,8.2,1,0,1598
8.2-c9-s1,8.2-c9,8.2,1,0,1713
8.2-c10-s1,8.2-c10,8.2,1,0,646
8.2-c11-s1,8.2-c11,8.2,1,0,1360
8.2-c12-s1,8.2-c12,8.2,1,0,1599
8.2-c13-s1,8.2-c13,8.2,1,0,1494
8.2-c14-s1,8.2-c14,8.2,1,0,2099
8.2-c14-s2,8.2-c14,8.2,2,2101,4115
8.2-c14-s3,8.2-c14,8.2,3,4117,5156
8.2-c15-s1,8.2-c15,8.2,1,0,1992
8.2-c15-s2,8.2-c15,8.2,2,1994,3451
8.2-c16-s1,8.2-c16,8.2,1,0,24
8.2-c16-s2,8.2-c16,8.2,2,26,1640
8.2-c16-s3,8.2-c16,8.2,3,1642,3344
8.2-c17-s1,8.2-c17,8.2,1,0,794
8.2.1-c1-s1,8.2.1-c1,8.2.1,1,0,337
8.2.1-c1-s2,8.2.1-c1,8.2.1,2,339,2274
8.2.1-c1-s3,8.2.1-c1,8.2.1,3,2276,4628
8.2.1-c1-s4,8.2.1-c1,8.2.1,4,4630,7005
8.2.1-c1-s5,8.2.1-c1,8.2.1,5,7007,7874
8.2.1-c1-s6,8.2.1-c1,8.2.1,6,7876,10273
8.2.1-c2-s1,8.2.1-c2,8.2.1,1,0,715
8.2.2-c1-s1,8.2.2-c1,8.2.2,1,0,1298
8.2.2-c2-s1,8.2.2-c2,8.2.2,1,0,926
8.2.2-c3-s1,8.2.2-c3,8.2.2,1,0,2417
8.2.2-c3-s2,8.2.2-c3,8.2.2,2,2419,4227
8.2.2-c3-s3,8.2.2-c3,8.2.2,3,4229,6463
8.2.2-c4-s1,8.2.2-c4,8.2.2,1,0,744
8.2.3-c1-s1,8.2.3-c1,8.2.3,1,0,1186
8.2.3-c1-s2,8.2.3-c1,8.2.3,2,1188,3359
8.2.3-c1-s3,8.2.3-c1,8.2.3,3,3361,5499
8.2.3-c1-s4,8.2.3-c1,8.2.3,4,5501,5952
8.2.4-c1-s1,8.2.4-c1,8.2.4,1,0,1165
8.2.4-c1-s2,8.2.4-c1,8.2.4,2,1167,3342
8.2.4-c1-s3,8.2.4-c1,8.2.4,3,3344,5018
8.2.5-c1-s1,8.2.5-c1,8.2.5,1,0,1179
8.2.5-c1-s2,8.2.5-c1,8.2.5,2,1181,3356
8.2.5-c1-s3,8.2.5-c1,8.2.5,3,3358,5390
8.2.5-c1-s4,8.2.5-c1,8.2.5,4,5392,5476
8.2.6-c1-s1,8.2.6-c1,8.2.6,1,0,839
8.2.6-c1-s2,8.2.6-c1,8.2.6,2,841,3016
8.2.6-c1-s3,8.2.6-c1,8.2.6,3,3018,3047
8.2.7-c1-s1,8.2.7-c1,8.2.7,1,0,1958
8.2.7-c2-s1,8.2.7-c2,8.2.7,1,0,1869
8.2.7-c3-s1,8.2.7-c3,8.2.7,1,0,1593
8.2.7-c4-s1,8.2.7-c4,8.2.7,1,0,799
8.2.8-c1-s1,8.2.8-c1,8.2.8,1,0,1084
8.2.8-c1-s2,8.2.8-c1,8.2.8,2,1086,3067
8.2.9-c1-s1,8.2.9-c1,8.2.9,1,0,1043
8.2.9-c1-s2,8.2.9-c1,8.2.9,2,1045,2605
8.2.10-c1-s1,8.2.10-c1,8.2.10,1,0,2121
8.3-c1-s1,8.3-c1,8.3,1,0,1847
8.3-c1-s2,8.3-c1,8.3,2,1849,2079
8.3-c2-s1,8.3-c2,8.3,1,0,45
8.3-c2-s2,8.3-c2,8.3,2,47,1527
8.3-c2-s3,8.3-c2,8.3,3,1529,2397
8.3-c3-s1,8.3-c3,8.3,1,0,1235
8.3-c3-s2,8.3-c3,8.3,2,1237,3093
8.3-c3-s3,8.3-c3,8.3,3,3095,4230
8.3-c3-s4,8.3-c3,8.3,4,4232,5349
8.3-c3-s5,8.3-c3,8.3,5,5351,6238
8.3-c4-s1,8.3-c4,8.3,1,0,1414
8.3-c4-s2,8.3-c4,8.3,2,1416,2990
8.3-c4-s3,8.3-c4,8.3,3,2992,4523
8.3-c4-s4,8.3-c4,8.3,4,4525,5929
8.3-c4-s5,8.3-c4,8.3,5,5931,6722
8.3-c5-s1,8.3-c5,8.3,1,0,24
8.3-c5-s2,8.3-c5,8.3,2,26,1634
8.3-c5-s3,8.3-c5,8.3,3,1636,3272
8.3-c5-s4,8.3-c5,8.3,4,3274,3300
8.3.1-c1-s1,8.3.1-c1,8.3.1,1,0,1210
8.3.1-c2-s1,8.3.1-c2,8.3.1,1,0,2265
8.3.1-c2-s2,8.3.1-c2,8.3.1,2,2267,2564
8.3.1-c3-s1,8.3.1-c3,8.3.1,1,0,2434
8.3.1-c3-s2,8.3.1-c3,8.3.1,2,2436,4488
8.3.1-c3-s3,8.3.1-c3,8.3.1,3,4490,5745
8.3.1-c4-s1,8.3.1-c4,8.3.1,1,0,310
8.3.2-c1-s1,8.3.2-c1,8.3.2,1,0,2275
8.4-c1-s1,8.4-c1,8.4,1,0,724
8.4-c2-s1,8.4-c2,8.4,1,0,496
8.4-c3-s1,8.4-c3,8.4,1,0,1015
8.4-c4-s1,8.4-c4,8.4,1,0,1307
8.4-c5-s1,8.4-c5,8.4,1,0,1319
8.4-c5-s2,8.4-c5,8.4,2,1321,3272
8.4-c5-s3,8.4-c5,8.4,3,3274,4098
8.4-c6-s1,8.4-c6,8.4,1,0,2272
8.4-c6-s2,8.4-c6,8.4,2,2274,4589
8.4-c6-s3,8.4-c6,8.4,3,4591,6221
8.4-c6-s4,8.4-c6,8.4,4,6223,6638
8.4-c7-s1,8.4-c7,8.4,1,0,1531
8.4-c8-s1,8.4-c8,8.4,1,0,1784
8.4-c8-s2,8.4-c8,8.4,2,1786,3497
8.4.1-c1-s1,8.4.1-c1,8.4.1,1,0,525
8.4.1-c2-s1,8.4.1-c2,8.4.1,1,0,1641
8.4.1-c3-s1,8.4.1-c3,8.4.1,1,0,1593
8.4.1-c4-s1,8.4.1-c4,8.4.1,1,0,1806
8.4.1-c5-s1,8.4.1-c5,8.4.1,1,0,442
8.4.1-c5-s2,8.4.1-c5,8.4.1,2,444,2598
8.4.1-c5-s3,8.4.1-c5,8.4.1,3,2600,3677
8.4.1-c6-s1,8.4.1-c6,8.4.1,1,0,1179
8.4.1-c6-s2,8.4.1-c6,8.4.1,2,1181,2763
8.4.2-c1-s1,8.4.2-c1,8.4.2,1,0,983
8.4.2-c1-s2,8.4.2-c1,8.4.2,2,985,2784
8.5-c1-s1,8.5-c1,8.5,1,0,1599
8.5-c2-s1,8.5-c2,8.5,1,0,976
8.5-c3-s1,8.5-c3,8.5,1,0,16
8.5-c3-s2,8.5-c3,8.5,2,18,1855
8.5-c3-s3,8.5-c3,8.5,3,1857,2211
8.5-c4-s1,8.5-c4,8.5,1,0,306
8.5-c5-s1,8.5-c5,8.5,1,0,1186
8.5-c6-s1,8.5-c6,8.5,1,0,1771
8.5-c7-s1,8.5-c7,8.5,1,0,1182
8.5.1-c1-s1,8.5.1-c1,8.5.1,1,0,1148
8.5.1-c2-s1,8.5.1-c2,8.5.1,1,0,650
8.5.2-c1-s1,8.5.2-c1,8.5.2,1,0,835
8.5.2-c2-s1,8.5.2-c2,8.5.2,1,0,1787
8.5.2-c3-s1,8.5.2-c3,8.5.2,1,0,1427
8.5.2-c4-s1,8.5.2-c4,8.5.2,1,0,1470
8.6-c1-s1,8.6-c1,8.6,1,0,1685
8.6-c2-s1,8.6-c2,8.6,1,0,783
8.6-c3-s1,8.6-c3,8.6,1,0,1386
8.6-c4-s1,8.6-c4,8.6,1,0,304
8.6-c5-s1,8.6-c5,8.6,1,0,1068
8.6-c6-s1,8.6-c6,8.6,1,0,1759
8.6-c7-s1,8.6-c7,8.6,1,0,1194
8.6-c8-s1,8.6-c8,8.6,1,0,617
8.6.1-c1-s1,8.6.1-c1,8.6.1,1,0,1306
8.6.1-c2-s1,8.6.1-c2,8.6.1,1,0,549
8.6.1-c3-s1,8.6.1-c3,8.6.1,1,0,633
8.6.2-c1-s1,8.6.2-c1,8.6.2,1,0,888
8.6.2-c1-s2,8.6.2-c1,8.6.2,2,890,2721
8.6.2-c2-s1,8.6.2-c2,8.6.2,1,0,1414
8.6.2-c3-s1,8.6.2-c3,8.6.2,1,0,1235
8.6.2-c4-s1,8.6.2-c4,8.6.2,1,0,1457
8.7-c1-s1,8.7-c1,8.7,1,0,1906
8.7-c2-s1,8.7-c2,8.7,1,0,850
8.7-c2-s2,8.7-c2,8.7,2,852,1930
8.7-c3-s1,8.7-c3,8.7,1,0,707
8.7-c3-s2,8.7-c3,8.7,2,709,2279
8.7-c3-s3,8.7-c3,8.7,3,2281,3774
8.7-c3-s4,8.7-c3,8.7,4,3776,5241
8.7-c3-s5,8.7-c3,8.7,5,5243,5977
8.7-c3-s6,8.7-c3,8.7,6,5979,7905
8.7-c3-s7,8.7-c3,8.7,7,7907,9689
8.7-c3-s8,8.7-c3,8.7,8,9691,10934
8.7-c4-s1,8.7-c4,8.7,1,0,1770
8.7-c4-s2,8.7-c4,8.7,2,1772,3412
8.7-c4-s3,8.7-c4,8.7,3,3414,5027
8.7-c4-s4,8.7-c4,8.7,4,5029,6078
8.7-c5-s1,8.7-c5,8.7,1,0,1151
8.7-c5-s2,8.7-c5,8.7,2,1153,2369
8.7-c6-s1,8.7-c6,8.7,1,0,100
8.7-c6-s2,8.7-c6,8.7,2,102,1867
8.7-c6-s3,8.7-c6,8.7,3,1869,3336
8.7-c6-s4,8.7-c6,8.7,4,3338,4025
8.7-c6-s5,8.7-c6,8.7,5,4027,4833
8.7-c7-s1,8.7-c7,8.7,1,0,1820
8.7-c7-s2,8.7-c7,8.7,2,1822,3474
8.7-c7-s3,8.7-c7,8.7,3,3476,4155
8.7-c7-s4,8.7-c7,8.7,4,4157,6074
8.7-c7-s5,8.7-c7,8.7,5,6076,6476
8.7-c7-s6,8.7-c7,8.7,6,6478,7427
8.7-c7-s7,8.7-c7,8.7,7,7429,8945
8.7-c7-s8,8.7-c7,8.7,8,8947,10632
8.7-c7-s9,8.7-c7,8.7,9,10634,10980
8.7.1-c1-s1,8.7.1-c1,8.7.1,1,0,796
8.7.1-c1-s2,8.7.1-c1,8.7.1,2,798,3240
8.7.1-c1-s3,8.7.1-c1,8.7.1,3,3242,3999
8.7.2-c1-s1,8.7.2-c1,8.7.2,1,0,834
8.7.2-c1-s2,8.7.2-c1,8.7.2,2,836,3296
8.7.2-c1-s3,8.7.2-c1,8.7.2,3,3298,4156
8.8-c1-s1,8.8-c1,8.8,1,0,1790
8.8-c1-s2,8.8-c1,8.8,2,1792,2930
8.8-c2-s1,8.8-c2,8.8,1,0,498
8.8-c3-s1,8.8-c3,8.8,1,0,24
8.8-c3-s2,8.8-c3,8.8,2,26,1630
8.8-c3-s3,8.8-c3,8.8,3,1632,2625
8.8-c3-s4,8.8-c3,8.8,4,2627,3904
8.8-c4-s1,8.8-c4,8.8,1,0,581
8.8-c4-s2,8.8-c4,8.8,2,583,2251
8.8-c4-s3,8.8-c4,8.8,3,2253,2691
8.8-c4-s4,8.8-c4,8.8,4,2693,4527
8.8-c4-s5,8.8-c4,8.8,5,4529,6277
8.8-c4-s6,8.8-c4,8.8,6,6279,6989
8.8-c4-s7,8.8-c4,8.8,7,6991,8440
8.8-c4-s8,8.8-c4,8.8,8,8442,9625
8.8-c4-s9,8.8-c4,8.8,9,9627,11208
8.8-c4-s10,8.8-c4,8.8,10,11210,13113
8.8-c4-s11,8.8-c4,8.8,11,13115,14658
8.8-c4-s12,8.8-c4,8.8,12,14660,15459
8.8-c5-s1,8.8-c5,8.8,1,0,1198
8.8-c6-s1,8.8-c6,8.8,1,0,424
8.8-c6-s2,8.8-c6,8.8,2,426,1801
8.8-c6-s3,8.8-c6,8.8,3,1803,3671
8.8-c6-s4,8.8-c6,8.8,4,3673,5205
8.8-c6-s5,8.8-c6,8.8,5,5207,6979
8.8-c6-s6,8.8-c6,8.8,6,6981,8319
8.8-c7-s1,8.8-c7,8.8,1,0,1711
8.8-c7-s2,8.8-c7,8.8,2,1713,3516
8.8-c7-s3,8.8-c7,8.8,3,3518,5567
8.8-c7-s4,8.8-c7,8.8,4,5569,7495
8.9-c1-s1,8.9-c1,8.9,1,0,916
8.9-c2-s1,8.9-c2,8.9,1,0,920
8.9-c3-s1,8.9-c3,8.9,1,0,365
8.9-c4-s1,8.9-c4,8.9,1,0,848
8.9-c5-s1,8.9-c5,8.9,1,0,436
8.9-c6-s1,8.9-c6,8.9,1,0,472
8.9-c7-s1,8.9-c7,8.9,1,0,1759
8.9-c7-s2,8.9-c7,8.9,2,1761,2447
8.9-c7-s3,8.9-c7,8.9,3,2449,4272
8.9-c7-s4,8.9-c7,8.9,4,4274,4803
8.9-c7-s5,8.9-c7,8.9,5,4805,6800
8.9-c7-s6,8.9-c7,8.9,6,6802,7289
8.9-c7-s7,8.9-c7,8.9,7,7291,7383
8.9-c7-s8,8.9-c7,8.9,8,7385,9198
8.9-c7-s9,8.9-c7,8.9,9,9200,10166
8.9-c7-s10,8.9-c7,8.9,10,10168,10280
8.9-c7-s11,8.9-c7,8.9,11,10282,12413
8.9-c7-s12,8.9-c7,8.9,12,12415,14218
8.9-c7-s13,8.9-c7,8.9,13,14220,15389
8.9-c7-s14,8.9-c7,8.9,14,15391,17122
8.9-c7-s15,8.9-c7,8.9,15,17124,18982
8.9-c7-s16,8.9-c7,8.9,16,18984,20649
8.9-c7-s17,8.9-c7,8.9,17,20651,22864
8.9-c7-s18,8.9-c7,8.9,18,22866,24977
8.9-c8-s1,8.9-c8,8.9,1,0,995
8.9-c9-s1,8.9-c9,8.9,1,0,1363
8.9-c10-s1,8.9-c10,8.9,1,0,1768
8.9-c10-s2,8.9-c10,8.9,2,1770,3716
8.9-c11-s1,8.9-c11,8.9,1,0,2079
8.9-c11-s2,8.9-c11,8.9,2,2081,3400
8.9-c12-s1,8.9-c12,8.9,1,0,1233
8.9-c13-s1,8.9-c13,8.9,1,0,39
8.9-c13-s2,8.9-c13,8.9,2,41,1951
8.9-c13-s3,8.9-c13,8.9,3,1953,2084
8.9-c14-s1,8.9-c14,8.9,1,0,1668
8.9.1-c1-s1,8.9.1-c1,8.9.1,1,0,2140
8.9.1-c1-s2,8.9.1-c1,8.9.1,2,2142,2856
8.9.1-c2-s1,8.9.1-c2,8.9.1,1,0,1513
8.9.2-c1-s1,8.9.2-c1,8.9.2,1,0,1870
8.9.2-c2-s1,8.9.2-c2,8.9.2,1,0,1477
8.9.2-c3-s1,8.9.2-c3,8.9.2,1,0,2170
8.9.2-c4-s1,8.9.2-c4,8.9.2,1,0,677
8.9.2-c5-s1,8.9.2-c5,8.9.2,1,0,2305
8.9.2-c5-s2,8.9.2-c5,8.9.2,2,2307,3488
8.9.2-c6-s1,8.9.2-c6,8.9.2,1,0,2499
8.9.2-c6-s2,8.9.2-c6,8.9.2,2,2501,2940
8.9.2-c7-s1,8.9.2-c7,8.9.2,1,0,1649
8.9.2-c8-s1,8.9.2-c8,8.9.2,1,0,2112
8.9.2-c9-s1,8.9.2-c9,8.9.2,1,0,2120
8.9.2-c10-s1,8.9.2-c10,8.9.2,1,0,1514
8.10-c1-s1,8.10-c1,8.10,1,0,927
8.10-c2-s1,8.10-c2,8.10,1,0,994
8.10-c3-s1,8.10-c3,8.10,1,0,1269
8.10-c4-s1,8.10-c4,8.10,1,0,874
8.10-c5-s1,8.10-c5,8.10,1,0,437
8.10-c6-s1,8.10-c6,8.10,1,0,783
8.10-c7-s1,8.10-c7,8.10,1,0,2100
8.10-c7-s2,8.10-c7,8.10,2,2102,4256
8.10-c7-s3,8.10-c7,8.10,3,4258,6275
8.10-c7-s4,8.10-c7,8.10,4,6277,6771
8.10-c7-s5,8.10-c7,8.10,5,6773,6865
8.10-c7-s6,8.10-c7,8.10,6,6867,8700
8.10-c7-s7,8.10-c7,8.10,7,8702,9202
8.10-c7-s8,8.10-c7,8.10,8,9204,9316
8.10-c7-s9,8.10-c7,8.10,9,9318,11445
8.10-c7-s10,8.10-c7,8.10,10,11447,13246
8.10-c7-s11,8.10-c7,8.10,11,13248,14619
8.10-c7-s12,8.10-c7,8.10,12,14621,16300
8.10-c7-s13,8.10-c7,8.10,13,16302,16902
8.10-c7-s14,8.10-c7,8.10,14,16904,18863
8.10-c7-s15,8.10-c7,8.10,15,18865,20969
8.10-c8-s1,8.10-c8,8.10,1,0,593
8.10-c8-s2,8.10-c8,8.10,2,595,2370
8.10-c9-s1,8.10-c9,8.10,1,0,1751
8.10-c10-s1,8.10-c10,8.10,1,0,1648
8.10-c10-s2,8.10-c10,8.10,2,1650,3583
8.10-c11-s1,8.10-c11,8.10,1,0,2079
8.10-c11-s2,8.10-c11,8.10,2,2081,3400
8.10-c12-s1,8.10-c12,8.10,1,0,1254
8.10-c13-s1,8.10-c13,8.10,1,0,39
8.10-c13-s2,8.10-c13,8.10,2,41,1945
8.10-c13-s3,8.10-c13,8.10,3,1947,2076
8.10-c14-s1,8.10-c14,8.10,1,0,1670
8.10.1-c1-s1,8.10.1-c1,8.10.1,1,0,2160
8.10.1-c1-s2,8.10.1-c1,8.10.1,2,2162,2876
8.10.1-c2-s1,8.10.1-c2,8.10.1,1,0,1513
8.10.2-c1-s1,8.10.2-c1,8.10.2,1,0,2173
8.10.2-c2-s1,8.10.2-c2,8.10.2,1,0,1482
8.10.2-c3-s1,8.10.2-c3,8.10.2,1,0,2180
8.10.2-c4-s1,8.10.2-c4,8.10.2,1,0,686
8.10.2-c5-s1,8.10.2-c5,8.10.2,1,0,2315
8.10.2-c5-s2,8.10.2-c5,8.10.2,2,2317,3498
8.10.2-c6-s1,8.10.2-c6,8.10.2,1,0,2423
8.10.2-c6-s2,8.10.2-c6,8.10.2,2,2425,2995
8.10.2-c7-s1,8.10.2-c7,8.10.2,1,0,2292
8.10.2-c7-s2,8.10.2-c7,8.10.2,2,2294,2841
8.10.2-c8-s1,8.10.2-c8,8.10.2,1,0,2112
8.10.2-c9-s1,8.10.2-c9,8.10.2,1,0,2119
8.10.2-c10-s1,8.10.2-c10,8.10.2,1,0,1523
8.11-c1-s1,8.11-c1,8.11,1,0,43
8.11-c1-s2,8.11-c1,8.11,2,45,1834
8.11-c1-s3,8.11-c1,8.11,3,1836,2032
8.11-c2-s1,8.11-c2,8.11,1,0,1379
8.11-c3-s1,8.11-c3,8.11,1,0,1162
8.11-c3-s2,8.11-c3,8.11,2,1164,3189
8.11-c3-s3,8.11-c3,8.11,3,3191,4735
8.11-c4-s1,8.11-c4,8.11,1,0,850
8.11-c5-s1,8.11-c5,8.11,1,0,1813
8.11-c5-s2,8.11-c5,8.11,2,1815,3146
8.11-c5-s3,8.11-c5,8.11,3,3148,4946
8.11-c5-s4,8.11-c5,8.11,4,4948,6456
8.11-c5-s5,8.11-c5,8.11,5,6458,8563
8.11-c5-s6,8.11-c5,8.11,6,8565,10484
8.11-c5-s7,8.11-c5,8.11,7,10486,11451
8.11-c5-s8,8.11-c5,8.11,8,11453,13633
8.11-c5-s9,8.11-c5,8.11,9,13635,14049
8.11-c5-s10,8.11-c5,8.11,10,14051,14113
8.11-c5-s11,8.11-c5,8.11,11,14115,16175
8.11-c5-s12,8.11-c5,8.11,12,16177,17324
8.11-c6-s1,8.11-c6,8.11,1,0,786
8.11-c7-s1,8.11-c7,8.11,1,0,1973
8.11-c8-s1,8.11-c8,8.11,1,0,1808
8.11-c8-s2,8.11-c8,8.11,2,1810,3706
8.11-c8-s3,8.11-c8,8.11,3,3708,5376
8.11-c8-s4,8.11-c8,8.11,4,5378,7534
8.11-c8-s5,8.11-c8,8.11,5,7536,7847
8.11-c9-s1,8.11-c9,8.11,1,0,914
8.11.1-c1-s1,8.11.1-c1,8.11.1,1,0,1963
8.11.1-c2-s1,8.11.1-c2,8.11.1,1,0,1561
8.11.1-c3-s1,8.11.1-c3,8.11.1,1,0,631
8.11.1-c4-s1,8.11.1-c4,8.11.1,1,0,1653
8.11.1-c5-s1,8.11.1-c5,8.11.1,1,0,778
8.11.1-c6-s1,8.11.1-c6,8.11.1,1,0,1115
8.11.1-c7-s1,8.11.1-c7,8.11.1,1,0,1535
8.11.1-c8-s1,8.11.1-c8,8.11.1,1,0,1579
8.11.1-c9-s1,8.11.1-c9,8.11.1,1,0,1212
8.11.1-c10-s1,8.11.1-c10,8.11.1,1,0,1459
8.12-c1-s1,8.12-c1,8.12,1,0,1072
8.12-c2-s1,8.12-c2,8.12,1,0,1697
8.12-c2-s2,8.12-c2,8.12,2,1699,3108
8.12-c2-s3,8.12-c2,8.12,3,3110,5195
8.12-c2-s4,8.12-c2,8.12,4,5197,6831
8.12-c2-s5,8.12-c2,8.12,5,6833,7313
8.12-c2-s6,8.12-c2,8.12,6,7315,9042
8.12-c3-s1,8.12-c3,8.12,1,0,822
8.12-c4-s1,8.12-c4,8.12,1,0,732
8.12-c4-s2,8.12-c4,8.12,2,734,2426
8.12-c4-s3,8.12-c4,8.12,3,2428,2950
8.12-c4-s4,8.12-c4,8.12,4,2952,4539
8.12-c4-s5,8.12-c4,8.12,5,4541,6299
8.12-c4-s6,8.12-c4,8.12,6,6301,6345
8.12-c4-s7,8.12-c4,8.12,7,6347,8155
8.12-c4-s8,8.12-c4,8.12,8,8157,9783
8.12-c4-s9,8.12-c4,8.12,9,9785,11617
8.12-c4-s10,8.12-c4,8.12,10,11619,11677
8.12-c4-s11,8.12-c4,8.12,11,11679,13476
8.12-c4-s12,8.12-c4,8.12,12,13478,13725
8.12-c4-s13,8.12-c4,8.12,13,13727,15229
8.12-c5-s1,8.12-c5,8.12,1,0,2020
8.12-c6-s1,8.12-c6,8.12,1,0,550
8.12-c7-s1,8.12-c7,8.12,1,0,1258
8.12-c7-s2,8.12-c7,8.12,2,1260,2832
8.12-c7-s3,8.12-c7,8.12,3,2834,4546
8.12.1-c1-s1,8.12.1-c1,8.12.1,1,0,2441
8.12.1-c2-s1,8.12.1-c2,8.12.1,1,0,598
8.12.1-c3-s1,8.12.1-c3,8.12.1,1,0,2373
8.12.1-c3-s2,8.12.1-c3,8.12.1,2,2375,3479
8.12.1-c4-s1,8.12.1-c4,8.12.1,1,0,2368
8.12.1-c4-s2,8.12.1-c4,8.12.1,2,2370,2695
8.12.1-c5-s1,8.12.1-c5,8.12.1,1,0,2506
8.12.1-c5-s2,8.12.1-c5,8.12.1,2,2508,4438
8.12.1-c6-s1,8.12.1-c6,8.12.1,1,0,1157
8.12.2-c1-s1,8.12.2-c1,8.12.2,1,0,782
8.12.2-c1-s2,8.12.2-c1,8.12.2,2,784,2823
8.13-c1-s1,8.13-c1,8.13,1,0,587
8.13-c2-s1,8.13-c2,8.13,1,0,1118
8.13-c3-s1,8.13-c3,8.13,1,0,333
8.13-c4-s1,8.13-c4,8.13,1,0,220
8.13-c5-s1,8.13-c5,8.13,1,0,625
8.13.1-c1-s1,8.13.1-c1,8.13.1,1,0,1532
8.13.1-c2-s1,8.13.1-c2,8.13.1,1,0,1224
8.14-c1-s1,8.14-c1,8.14,1,0,841
8.14-c2-s1,8.14-c2,8.14,1,0,637
8.14-c3-s1,8.14-c3,8.14,1,0,183
8.14-c4-s1,8.14-c4,8.14,1,0,1706
8.14-c5-s1,8.14-c5,8.14,1,0,259
8.14-c6-s1,8.14-c6,8.14,1,0,402
8.14-c7-s1,8.14-c7,8.14,1,0,238
8.14-c8-s1,8.14-c8,8.14,1,0,1630
8.14-c8-s2,8.14-c8,8.14,2,1632,3097
8.14-c9-s1,8.14-c9,8.14,1,0,1324
8.14-c10-s1,8.14-c10,8.14,1,0,416
8.14-c11-s1,8.14-c11,8.14,1,0,1776
8.14-c11-s2,8.14-c11,8.14,2,1778,3760
8.14.1-c1-s1,8.14.1-c1,8.14.1,1,0,1158
8.14.1-c2-s1,8.14.1-c2,8.14.1,1,0,1659
8.14.1-c3-s1,8.14.1-c3,8.14.1,1,0,900
8.14.1-c4-s1,8.14.1-c4,8.14.1,1,0,860
8.14.1-c5-s1,8.14.1-c5,8.14.1,1,0,2114
8.14.1-c6-s1,8.14.1-c6,8.14.1,1,0,1456
8.14.1-c7-s1,8.14.1-c7,8.14.1,1,0,1296
8.14.1-c8-s1,8.14.1-c8,8.14.1,1,0,771
8.14.1-c9-s1,8.14.1-c9,8.14.1,1,0,1096
8.14.2-c1-s1,8.14.2-c1,8.14.2,1,0,1080
8.14.2-c2-s1,8.14.2-c2,8.14.2,1,0,1735
8.14.2-c3-s1,8.14.2-c3,8.14.2,1,0,973
8.14.2-c4-s1,8.14.2-c4,8.14.2,1,0,298
8.14.2-c5-s1,8.14.2-c5,8.14.2,1,0,2530
8.14.2-c5-s2,8.14.2-c5,8.14.2,2,2532,3030
8.14.2-c6-s1,8.14.2-c6,8.14.2,1,0,1472
8.14.2-c7-s1,8.14.2-c7,8.14.2,1,0,1302
8.14.2-c8-s1,8.14.2-c8,8.14.2,1,0,771
8.14.2-c9-s1,8.14.2-c9,8.14.2,1,0,1194
8.14.3-c1-s1,8.14.3-c1,8.14.3,1,0,1081
8.14.3-c2-s1,8.14.3-c2,8.14.3,1,0,1809
8.14.3-c3-s1,8.14.3-c3,8.14.3,1,0,1122
8.14.3-c4-s1,8.14.3-c4,8.14.3,1,0,337
8.14.3-c5-s1,8.14.3-c5,8.14.3,1,0,384
8.14.3-c6-s1,8.14.3-c6,8.14.3,1,0,647
8.14.3-c7-s1,8.14.3-c7,8.14.3,1,0,2530
8.14.3-c7-s2,8.14.3-c7,8.14.3,2,2532,3030
8.14.3-c8-s1,8.14.3-c8,8.14.3,1,0,1488
8.14.3-c9-s1,8.14.3-c9,8.14.3,1,0,1328
8.14.3-c10-s1,8.14.3-c10,8.14.3,1,0,771
8.14.3-c11-s1,8.14.3-c11,8.14.3,1,0,1356
8.15-c1-s1,8.15-c1,8.15,1,0,1865
8.15-c2-s1,8.15-c2,8.15,1,0,1492
8.15-c2-s2,8.15-c2,8.15,2,1494,2973
8.15-c3-s1,8.15-c3,8.15,1,0,468
8.15-c4-s1,8.15-c4,8.15,1,0,44
8.15-c4-s2,8.15-c4,8.15,2,46,2138
8.15-c4-s3,8.15-c4,8.15,3,2140,2727
8.15-c4-s4,8.15-c4,8.15,4,2729,3239
8.15-c4-s5,8.15-c4,8.15,5,3241,4842
8.15-c4-s6,8.15-c4,8.15,6,4844,7001
8.15-c4-s7,8.15-c4,8.15,7,7003,8220
8.15-c4-s8,8.15-c4,8.15,8,8222,8739
9.1.1-c1-s1,9.1.1-c1,9.1.1,1,0,593
9.1.1-c2-s1,9.1.1-c2,9.1.1,1,0,398
9.1.1-c3-s1,9.1.1-c3,9.1.1,1,0,1290
9.1.1-c4-s1,9.1.1-c4,9.1.1,1,0,861
9.1.1-c5-s1,9.1.1-c5,9.1.1,1,0,1422
9.1.1-c5-s2,9.1.1-c5,9.1.1,2,1424,2792
9.1.1-c5-s3,9.1.1-c5,9.1.1,3,2794,4725
9.1.1-c5-s4,9.1.1-c5,9.1.1,4,4727,4939
9.1.1-c5-s5,9.1.1-c5,9.1.1,5,4941,6991
9.1.1-c5-s6,9.1.1-c5,9.1.1,6,6993,8643
9.1.1-c5-s7,9.1.1-c5,9.1.1,7,8645,9454
9.1.1-c6-s1,9.1.1-c6,9.1.1,1,0,1577
9.1.1-c7-s1,9.1.1-c7,9.1.1,1,0,481
9.1.1-c8-s1,9.1.1-c8,9.1.1,1,0,828
9.1.1-c9-s1,9.1.1-c9,9.1.1,1,0,219
9.1.1-c10-s1,9.1.1-c10,9.1.1,1,0,1961
9.1.1-c10-s2,9.1.1-c10,9.1.1,2,1963,3852
9.1.1-c10-s3,9.1.1-c10,9.1.1,3,3854,4530
9.1.1-c11-s1,9.1.1-c11,9.1.1,1,0,1561
9.1.1-c12-s1,9.1.1-c12,9.1.1,1,0,726
9.1.1-c12-s2,9.1.1-c12,9.1.1,2,728,2529
9.1.1-c12-s3,9.1.1-c12,9.1.1,3,2531,4012
9.1.1.1-c1-s1,9.1.1.1-c1,9.1.1.1,1,0,1183
9.1.1.1-c2-s1,9.1.1.1-c2,9.1.1.1,1,0,1180
9.1.1.1-c3-s1,9.1.1.1-c3,9.1.1.1,1,0,1096
9.1.1.1-c4-s1,9.1.1.1-c4,9.1.1.1,1,0,1680
9.1.1.1-c5-s1,9.1.1.1-c5,9.1.1.1,1,0,2058
9.1.1.1-c5-s2,9.1.1.1-c5,9.1.1.1,2,2060,4739
9.1.1.1-c5-s3,9.1.1.1-c5,9.1.1.1,3,4741,7145
9.1.1.1-c5-s4,9.1.1.1-c5,9.1.1.1,4,7147,9450
9.1.1.1-c5-s5,9.1.1.1-c5,9.1.1.1,5,9452,11457
9.1.1.1-c6-s1,9.1.1.1-c6,9.1.1.1,1,0,985
9.1.1.1-c7-s1,9.1.1.1-c7,9.1.1.1,1,0,723
9.1.1.2-c1-s1,9.1.1.2-c1,9.1.1.2,1,0,2244
9.1.1.2-c1-s2,9.1.1.2-c1,9.1.1.2,2,2246,2860
9.1.1.3-c1-s1,9.1.1.3-c1,9.1.1.3,1,0,865
9.1.1.3-c2-s1,9.1.1.3-c2,9.1.1.3,1,0,1180
9.1.1.3-c3-s1,9.1.1.3-c3,9.1.1.3,1,0,1096
9.1.1.3-c4-s1,9.1.1.3-c4,9.1.1.3,1,0,1661
9.1.1.3-c5-s1,9.1.1.3-c5,9.1.1.3,1,0,987
9.1.1.3-c6-s1,9.1.1.3-c6,9.1.1.3,1,0,554
9.1.1.4-c1-s1,9.1.1.4-c1,9.1.1.4,1,0,2204
9.1.1.4-c1-s2,9.1.1.4-c1,9.1.1.4,2,2206,2232
9.1.2-c1-s1,9.1.2-c1,9.1.2,1,0,1099
9.1.2-c2-s1,9.1.2-c2,9.1.2,1,0,936
9.1.2-c3-s1,9.1.2-c3,9.1.2,1,0,103
9.1.2-c4-s1,9.1.2-c4,9.1.2,1,0,694
9.1.2-c5-s1,9.1.2-c5,9.1.2,1,0,1369
9.1.2-c6-s1,9.1.2-c6,9.1.2,1,0,192
9.1.2-c6-s2,9.1.2-c6,9.1.2,2,194,2126
9.1.2-c6-s3,9.1.2-c6,9.1.2,3,2128,3954
9.1.2-c6-s4,9.1.2-c6,9.1.2,4,3956,5993
9.1.2-c6-s5,9.1.2-c6,9.1.2,5,5995,6509
9.1.2-c6-s6,9.1.2-c6,9.1.2,6,6511,7307
9.1.2-c7-s1,9.1.2-c7,9.1.2,1,0,1868
9.1.2-c7-s2,9.1.2-c7,9.1.2,2,1870,3469
9.1.2-c8-s1,9.1.2-c8,9.1.2,1,0,1465
9.1.2-c8-s2,9.1.2-c8,9.1.2,2,1467,2346
9.1.2-c8-s3,9.1.2-c8,9.1.2,3,2348,3764
9.1.2-c9-s1,9.1.2-c9,9.1.2,1,0,1090
9.1.2-c9-s2,9.1.2-c9,9.1.2,2,1092,3322
9.1.2-c10-s1,9.1.2-c10,9.1.2,1,0,1836
9.1.2-c11-s1,9.1.2-c11,9.1.2,1,0,187
9.1.2-c12-s1,9.1.2-c12,9.1.2,1,0,2148
9.1.2-c12-s2,9.1.2-c12,9.1.2,2,2150,4547
9.1.2-c12-s3,9.1.2-c12,9.1.2,3,4549,6208
9.1.2-c13-s1,9.1.2-c13,9.1.2,1,0,1871
9.1.2-c13-s2,9.1.2-c13,9.1.2,2,1873,2508
9.1.2-c13-s3,9.1.2-c13,9.1.2,3,2510,4447
9.1.2-c13-s4,9.1.2-c13,9.1.2,4,4449,5008
9.1.2.1-c1-s1,9.1.2.1-c1,9.1.2.1,1,0,1481
9.1.2.1-c2-s1,9.1.2.1-c2,9.1.2.1,1,0,2583
9.1.2.1-c2-s2,9.1.2.1-c2,9.1.2.1,2,2585,3097
9.1.2.1-c3-s1,9.1.2.1-c3,9.1.2.1,1,0,1655
9.1.2.1-c4-s1,9.1.2.1-c4,9.1.2.1,1,0,1038
9.1.2.1-c5-s1,9.1.2.1-c5,9.1.2.1,1,0,1678
9.1.2.1-c6-s1,9.1.2.1-c6,9.1.2.1,1,0,1925
9.1.2.1-c6-s2,9.1.2.1-c6,9.1.2.1,2,1927,4638
9.1.2.1-c6-s3,9.1.2.1-c6,9.1.2.1,3,4640,5161
9.1.2.1-c6-s4,9.1.2.1-c6,9.1.2.1,4,5163,7506
9.1.2.1-c6-s5,9.1.2.1-c6,9.1.2.1,5,7508,8989
9.1.2.1-c7-s1,9.1.2.1-c7,9.1.2.1,1,0,161
9.1.2.1-c7-s2,9.1.2.1-c7,9.1.2.1,2,163,2490
9.1.2.1-c7-s3,9.1.2.1-c7,9.1.2.1,3,2492,3463
9.1.2.1-c7-s4,9.1.2.1-c7,9.1.2.1,4,3465,4259
9.1.2.1-c8-s1,9.1.2.1-c8,9.1.2.1,1,0,753
9.1.2.2-c1-s1,9.1.2.2-c1,9.1.2.2,1,0,761
9.1.2.2-c1-s2,9.1.2.2-c1,9.1.2.2,2,763,2804
9.1.2.2-c1-s3,9.1.2.2-c1,9.1.2.2,3,2806,3122
9.1.2.2-c1-s4,9.1.2.2-c1,9.1.2.2,4,3124,3150
9.1.2.3-c1-s1,9.1.2.3-c1,9.1.2.3,1,0,1306
9.1.2.3-c2-s1,9.1.2.3-c2,9.1.2.3,1,0,2585
9.1.2.3-c2-s2,9.1.2.3-c2,9.1.2.3,2,2587,3099
9.1.2.3-c3-s1,9.1.2.3-c3,9.1.2.3,1,0,1673
9.1.2.3-c4-s1,9.1.2.3-c4,9.1.2.3,1,0,1038
9.1.2.3-c5-s1,9.1.2.3-c5,9.1.2.3,1,0,1714
9.1.2.3-c6-s1,9.1.2.3-c6,9.1.2.3,1,0,161
9.1.2.3-c6-s2,9.1.2.3-c6,9.1.2.3,2,163,2811
9.1.2.3-c6-s3,9.1.2.3-c6,9.1.2.3,3,2813,3292
9.1.2.3-c6-s4,9.1.2.3-c6,9.1.2.3,4,3294,4086
9.1.2.3-c7-s1,9.1.2.3-c7,9.1.2.3,1,0,753
9.1.2.4-c1-s1,9.1.2.4-c1,9.1.2.4,1,0,552
9.1.2.4-c1-s2,9.1.2.4-c1,9.1.2.4,2,554,2536
9.2-c1-s1,9.2-c1,9.2,1,0,450
9.2-c2-s1,9.2-c2,9.2,1,0,1743
9.2-c2-s2,9.2-c2,9.2,2,1745,2848
9.2-c2-s3,9.2-c2,9.2,3,2850,4884
9.2-c2-s4,9.2-c2,9.2,4,4886,6529
9.2-c2-s5,9.2-c2,9.2,5,6531,8122
9.2-c3-s1,9.2-c3,9.2,1,0,563
9.2-c4-s1,9.2-c4,9.2,1,0,288
9.2.1-c1-s1,9.2.1-c1,9.2.1,1,0,1694
9.2.1-c2-s1,9.2.1-c2,9.2.1,1,0,1148
9.2.1-c3-s1,9.2.1-c3,9.2.1,1,0,202
9.2.1-c4-s1,9.2.1-c4,9.2.1,1,0,573
9.2.1-c5-s1,9.2.1-c5,9.2.1,1,0,1895
9.2.1-c6-s1,9.2.1-c6,9.2.1,1,0,107
9.2.1-c7-s1,9.2.1-c7,9.2.1,1,0,614
9.2.2-c1-s1,9.2.2-c1,9.2.2,1,0,529
9.2.2-c1-s2,9.2.2-c1,9.2.2,2,531,2427
9.2.2-c1-s3,9.2.2-c1,9.2.2,3,2429,2490
9.2.2-c1-s4,9.2.2-c1,9.2.2,4,2492,2523
9.3-c1-s1,9.3-c1,9.3,1,0,476
9.3-c2-s1,9.3-c2,9.3,1,0,554
9.3-c3-s1,9.3-c3,9.3,1,0,893
9.3.1-c1-s1,9.3.1-c1,9.3.1,1,0,1833
9.3.1-c2-s1,9.3.1-c2,9.3.1,1,0,1181
9.3.1-c3-s1,9.3.1-c3,9.3.1,1,0,241
9.3.1-c4-s1,9.3.1-c4,9.3.1,1,0,639
9.3.1-c5-s1,9.3.1-c5,9.3.1,1,0,2026
9.3.1-c6-s1,9.3.1-c6,9.3.1,1,0,107
9.3.1-c7-s1,9.3.1-c7,9.3.1,1,0,739
9.3.2-c1-s1,9.3.2-c1,9.3.2,1,0,619
9.3.2-c1-s2,9.3.2-c1,9.3.2,2,621,2485
9.3.2-c1-s3,9.3.2-c1,9.3.2,3,2487,2940
9.3.2-c1-s4,9.3.2-c1,9.3.2,4,2942,2973
9.4-c1-s1,9.4-c1,9.4,1,0,1675
9.4-c2-s1,9.4-c2,9.4,1,0,475
9.4-c3-s1,9.4-c3,9.4,1,0,1404
9.4-c4-s1,9.4-c4,9.4,1,0,1914
9.4-c5-s1,9.4-c5,9.4,1,0,149
9.4-c5-s2,9.4-c5,9.4,2,151,2091
9.4-c5-s3,9.4-c5,9.4,3,2093,2868
9.4-c5-s4,9.4-c5,9.4,4,2870,4960
9.4-c6-s1,9.4-c6,9.4,1,0,900
9.4-c7-s1,9.4-c7,9.4,1,0,905
9.4-c7-s2,9.4-c7,9.4,2,907,3291
9.4-c7-s3,9.4-c7,9.4,3,3293,4042
9.4-c7-s4,9.4-c7,9.4,4,4044,4887
9.4-c8-s1,9.4-c8,9.4,1,0,618
9.4.1-c1-s1,9.4.1-c1,9.4.1,1,0,1444
9.4.1-c2-s1,9.4.1-c2,9.4.1,1,0,342
9.4.1-c3-s1,9.4.1-c3,9.4.1,1,0,1175
9.4.1-c4-s1,9.4.1-c4,9.4.1,1,0,978
9.4.1-c5-s1,9.4.1-c5,9.4.1,1,0,731
9.4.1-c6-s1,9.4.1-c6,9.4.1,1,0,119
9.4.1-c7-s1,9.4.1-c7,9.4.1,1,0,627
10.1-c1-s1,10.1-c1,10.1,1,0,2067
10.1-c2-s1,10.1-c2,10.1,1,0,65
10.1-c2-s2,10.1-c2,10.1,2,67,1897
10.1-c2-s3,10.1-c2,10.1,3,1899,2868
10.1-c3-s1,10.1-c3,10.1,1,0,2089
10.1-c4-s1,10.1-c4,10.1,1,0,1411
10.1-c4-s2,10.1-c4,10.1,2,1413,3528
10.1-c4-s3,10.1-c4,10.1,3,3530,5349
10.1-c4-s4,10.1-c4,10.1,4,5351,6067
10.1-c4-s5,10.1-c4,10.1,5,6069,7982
10.1-c4-s6,10.1-c4,10.1,6,7984,8875
10.2-c1-s1,10.2-c1,10.2,1,0,915
10.2-c2-s1,10.2-c2,10.2,1,0,367
10.2-c3-s1,10.2-c3,10.2,1,0,1314
10.2-c4-s1,10.2-c4,10.2,1,0,368
10.2-c5-s1,10.2-c5,10.2,1,0,1255
10.2-c6-s1,10.2-c6,10.2,1,0,789
10.2-c7-s1,10.2-c7,10.2,1,0,995
10.2.1-c1-s1,10.2.1-c1,10.2.1,1,0,1307
10.2.1-c2-s1,10.2.1-c2,10.2.1,1,0,1222
10.2.1-c2-s2,10.2.1-c2,10.2.1,2,1224,2458
10.2.1-c3-s1,10.2.1-c3,10.2.1,1,0,1168
10.2.1-c4-s1,10.2.1-c4,10.2.1,1,0,1907
10.2.1-c5-s1,10.2.1-c5,10.2.1,1,0,2017
10.2.1-c5-s2,10.2.1-c5,10.2.1,2,2019,3002
10.2.1-c6-s1,10.2.1-c6,10.2.1,1,0,2393
10.2.1-c6-s2,10.2.1-c6,10.2.1,2,2395,3512
11-c1-s1,11-c1,11,1,0,2715
11-c1-s2,11-c1,11,2,2717,5020
11-c1-s3,11-c1,11,3,5022,6794
11-c1-s4,11-c1,11,4,6796,8647
11-c1-s5,11-c1,11,5,8649,10742
11-c2-s1,11-c2,11,1,0,1961
11-c2-s2,11-c2,11,2,1963,3527
11-c3-s1,11-c3,11,1,0,40
11-c3-s2,11-c3,11,2,42,2541
11-c3-s3,11-c3,11,3,2543,3371
11-c3-s4,11-c3,11,4,3373,3402
11.1-c1-s1,11.1-c1,11.1,1,0,1173
11.1-c2-s1,11.1-c2,11.1,1,0,1240
11.1-c3-s1,11.1-c3,11.1,1,0,1239
11.1-c4-s1,11.1-c4,11.1,1,0,278
11.1-c5-s1,11.1-c5,11.1,1,0,1214
11.1-c6-s1,11.1-c6,11.1,1,0,520
11.1-c7-s1,11.1-c7,11.1,1,0,1012
11.1-c8-s1,11.1-c8,11.1,1,0,405
11.1-c9-s1,11.1-c9,11.1,1,0,2134
11.1-c9-s2,11.1-c9,11.1,2,2136,2532
11.1-c10-s1,11.1-c10,11.1,1,0,2004
11.1-c10-s2,11.1-c10,11.1,2,2006,2940
11.1-c11-s1,11.1-c11,11.1,1,0,2083
11.1-c12-s1,11.1-c12,11.1,1,0,1611
11.1-c13-s1,11.1-c13,11.1,1,0,1316
11.1-c14-s1,11.1-c14,11.1,1,0,633
11.1-c15-s1,11.1-c15,11.1,1,0,1598
11.1-c16-s1,11.1-c16,11.1,1,0,1770
11.1-c17-s1,11.1-c17,11.1,1,0,2060
11.1-c18-s1,11.1-c18,11.1,1,0,2078
11.1-c19-s1,11.1-c19,11.1,1,0,2401
11.1-c20-s1,11.1-c20,11.1,1,0,2090
11.1-c21-s1,11.1-c21,11.1,1,0,777
11.1-c22-s1,11.1-c22,11.1,1,0,1739
11.2-c1-s1,11.2-c1,11.2,1,0,1627
11.2-c2-s1,11.2-c2,11.2,1,0,708
11.2-c3-s1,11.2-c3,11.2,1,0,1445
11.2-c4-s1,11.2-c4,11.2,1,0,236
11.3-c1-s1,11.3-c1,11.3,1,0,1668
11.3-c1-s2,11.3-c1,11.3,2,1670,2344
11.4-c1-s1,11.4-c1,11.4,1,0,2221
11.4-c2-s1,11.4-c2,11.4,1,0,893
11.4-c3-s1,11.4-c3,11.4,1,0,919
11.4-c4-s1,11.4-c4,11.4,1,0,1118
11.4-c5-s1,11.4-c5,11.4,1,0,1582
11.4-c6-s1,11.4-c6,11.4,1,0,235
B6.2.2-c1-s1,B6.2.2-c1,B6.2.2,1,0,1837
B7.3.3A-c1-s1,B7.3.3A-c1,B7.3.3A,1,0,314
B7.3.3A-c1-s2,B7.3.3A-c1,B7.3.3A,2,316,2244
B7.4.6.1-c1-s1,B7.4.6.1-c1,B7.4.6.1,1,0,2023
B7.4.6.1-c2-s1,B7.4.6.1-c2,B7.4.6.1,1,0,1041
B7.4.6.1-c3-s1,B7.4.6.1-c3,B7.4.6.1,1,0,2136
B7.4.6.1-c4-s1,B7.4.6.1-c4,B7.4.6.1,1,0,690
B7.4.6.1-c5-s1,B7.4.6.1-c5,B7.4.6.1,1,0,571
B7.7.2.2-c1-s1,B7.7.2.2-c1,B7.7.2.2,1,0,2110
B8.3.2-c1-s1,B8.3.2-c1,B8.3.2,1,0,2275
B9.4.1-c1-s1,B9.4.1-c1,B9.4.1,1,0,1444
B9.4.1-c2-s1,B9.4.1-c2,B9.4.1,1,0,342
B9.4.1-c3-s1,B9.4.1-c3,B9.4.1,1,0,1175
B9.4.1-c4-s1,B9.4.1-c4,B9.4.1,1,0,978
B9.4.1-c5-s1,B9.4.1-c5,B9.4.1,1,0,731
B9.4.1-c6-s1,B9.4.1-c6,B9.4.1,1,0,119
B9.4.1-c7-s1,B9.4.1-c7,B9.4.1,1,0,627
