query_id,question,hypothesis,hyde_text,signature,generation_ms_per_query,signature_v1
1,"Bob and Ted are close friends. Ted is on trial for drug offences, and Bob has been selected as a juror in Ted’s case. Is the judge required to excuse Bob from serving on the jury?",0,"In Victorian criminal law, a judge is required to excuse a person from a position of law for a crime. If a defendant is not on trial for committing a criminal offence, he is exempt from the same punishment as the defendant.",5e51160ffeba0e1c7aeeb32874a2424133a52c225ecc07d3c782943cdf437ffe,2611.9848538900037,f2f457c057b5960f4bd9596002f7f766d0da3264f9aa2763abaaf27ddc5b29fa
2,"Harry is serving as a juror in a burglary trial. He is also a professional locksmith. During the proceedings, Harry is shown a lock which, in his expert view, is too damaged to have been lockpicked in the manner described in court. Why might Harry's expert knowledge of lockpicking be irrelevant when assessing the physical evidence?",0,a burglary trial,5e51160ffeba0e1c7aeeb32874a2424133a52c225ecc07d3c782943cdf437ffe,2611.9848538900037,f2f457c057b5960f4bd9596002f7f766d0da3264f9aa2763abaaf27ddc5b29fa
3,"Isaac is on trial for statutory murder of an emergency worker. You are his barrister. Should you notify the jury that, according to the Crimes Act 1958, the standard sentence for this offence is 30 years imprisonment?",0,The Crimes Act 1958 states that the standard sentence for statutory murder of an emergency worker is 30 years imprisonment.,5e51160ffeba0e1c7aeeb32874a2424133a52c225ecc07d3c782943cdf437ffe,2611.9848538900037,f2f457c057b5960f4bd9596002f7f766d0da3264f9aa2763abaaf27ddc5b29fa
4,Should jurors be excused if they have encountered news stories about the accused prior to the trial commencing?,0,A judge should consider whether the accused is a criminal or innocent. The judge should decide whether he or she should admit the accused to the trial.,5e51160ffeba0e1c7aeeb32874a2424133a52c225ecc07d3c782943cdf437ffe,2611.9848538900037,f2f457c057b5960f4bd9596002f7f766d0da3264f9aa2763abaaf27ddc5b29fa
5,"Frank and Joe are jurors in an arson trial. Over the weekend, Joe finds photos of the accused holding a petrol canister and texts them to Frank. Having received this new information, what should Frank do?",0,The court ruled that the defendant had been in the wrong house and had a fire alarm.,5e51160ffeba0e1c7aeeb32874a2424133a52c225ecc07d3c782943cdf437ffe,2611.9848538900037,f2f457c057b5960f4bd9596002f7f766d0da3264f9aa2763abaaf27ddc5b29fa
6,Does the standard of proof of “beyond reasonable doubt” imply that the jury must be fully convinced of every claim the prosecution has made?,0,The standard of proof of “beyond reasonable doubt” imply that the jury must be fully convinced of every claim the prosecution has made.,5e51160ffeba0e1c7aeeb32874a2424133a52c225ecc07d3c782943cdf437ffe,2611.9848538900037,f2f457c057b5960f4bd9596002f7f766d0da3264f9aa2763abaaf27ddc5b29fa
7,"Sally is accused of cultivating narcotic plants in her backyard. One of the elements of this charge is that “the accused intentionally cultivated or attempted to cultivate a particular substance.” To establish whether this is the case, the judge believes it would be valuable to visit Sally’s backyard and have the jury examine it for themselves. What is the name of the legal procedure whereby the court travels to a location relevant to the charge?",0,"A court in a state court of law is called a presiding judge. The pleadings of the court are written in sworn declarations. If the playings are not recorded in affidavits, the court may order the affixment of the slayings to the guise of a formal trial. The court may also order that the appointing officer take the re",5e51160ffeba0e1c7aeeb32874a2424133a52c225ecc07d3c782943cdf437ffe,2611.9848538900037,f2f457c057b5960f4bd9596002f7f766d0da3264f9aa2763abaaf27ddc5b29fa
8,"Josh is 21 years old. He witnessed a murder that was clearly perpetrated by the accused. The prosecution, however, needs to determine whether the accused committed the acts voluntarily, thus satisfying the elements of intentional or reckless murder. In court, the judge plays a recording of Josh giving his eyewitness testimony. What is this evidentiary process called?",0,An evidentiary procedure is the process of determining whether a person committed a crime without giving evidence.,5e51160ffeba0e1c7aeeb32874a2424133a52c225ecc07d3c782943cdf437ffe,2611.9848538900037,f2f457c057b5960f4bd9596002f7f766d0da3264f9aa2763abaaf27ddc5b29fa
9,"Olivia illegally bought cannabis from a tobacconist. As she left, she saw a man firebomb the store. She is now a witness in the arson trial. What legal privilege should she consider when giving her evidence?",0,A court order that would contain the evidence needed to convict a person of possessing cannabis.,5e51160ffeba0e1c7aeeb32874a2424133a52c225ecc07d3c782943cdf437ffe,2611.9848538900037,f2f457c057b5960f4bd9596002f7f766d0da3264f9aa2763abaaf27ddc5b29fa
10,Emma is found in possession of someone else’s phone but has no documentation of how she obtained it. Emma’s counsel argues that possession of the phone is circumstantial evidence and thus completely inadmissible to establish guilt. Is Emma’s counsel correct?,0,Emma is found in possession of someone else’s phone but has no documentation of how she obtained it. Emma’s counsel argues that possession of the phone is circumstantial evidence and thus completely inadmissible to establish guilt.,5e51160ffeba0e1c7aeeb32874a2424133a52c225ecc07d3c782943cdf437ffe,2611.9848538900037,f2f457c057b5960f4bd9596002f7f766d0da3264f9aa2763abaaf27ddc5b29fa
11,"John is on trial for an unnamed offence. John testifies that he could not have committed the offence because he was at an arcade 10 miles away when the offence took place. Earlier, the jury accepted arcade tickets as evidence of John's alibi. John’s counsel now argues that, given this plausible alibi, John could not have committed the crime. What type of reasoning is this an example of?",0,"John is on trial for an unnamed offence. John testifies that he could not have committed the offence because he was at an arcade 10 miles away when the offENCE took place. Earlier, the jury accepted arcade tickets as evidence of John’s alibi. John’t counsel now argues that, given this plausible alibi, John could not has committed the crime.",5e51160ffeba0e1c7aeeb32874a2424133a52c225ecc07d3c782943cdf437ffe,2611.9848538900037,f2f457c057b5960f4bd9596002f7f766d0da3264f9aa2763abaaf27ddc5b29fa
12,Does Victoria have a law/laws protecting against double jeopardy?,0,Victoria has a law that protects the rights of all minors under a legal system that prohibits sexually transmitted diseases (STIs) and is currently undergoing reforms to make it more accessible to children.,5e51160ffeba0e1c7aeeb32874a2424133a52c225ecc07d3c782943cdf437ffe,2611.9848538900037,f2f457c057b5960f4bd9596002f7f766d0da3264f9aa2763abaaf27ddc5b29fa
13,"Sophie and Hazel are two of twelve jurors in a trial. Both are uncertain of their verdict, while the remaining ten jurors believe the accused is guilty. The jury is becoming frustrated with Sophie and Hazel's indecision, but the judge instructs the jury to continue deliberating. What is this instruction called?",0,The Victorian criminal law states that a defendant must be guilty in order to be considered guilty.,5e51160ffeba0e1c7aeeb32874a2424133a52c225ecc07d3c782943cdf437ffe,2611.9848538900037,f2f457c057b5960f4bd9596002f7f766d0da3264f9aa2763abaaf27ddc5b29fa
14,"Tim is on trial for aggravated burglary. Before Tim gives evidence, his counsel calls another witness to testify first. Why might this be a bad idea for the defence?",0,"Tim is on trial for aggravated burglary. Before Tim gives evidence, his counsel calls another witness to testify first.",5e51160ffeba0e1c7aeeb32874a2424133a52c225ecc07d3c782943cdf437ffe,2611.9848538900037,f2f457c057b5960f4bd9596002f7f766d0da3264f9aa2763abaaf27ddc5b29fa
15,Paul is 12 years old. He is a witness in a trial related to a common law riot. You are counsel for the accused. Should you argue that Paul’s is fundamentally untrustworthy because of his age?,0,"A common law riot is a violent, violent riot that occurs in a town or village where a person is involved in committing an offense. The defendant is obligated to carry out a reasonable investigation of the circumstances leading up to the riot. The accused is not obliged to provide the witness with any information about the alleged crime. The trial must be concluded by an expert witness.",5e51160ffeba0e1c7aeeb32874a2424133a52c225ecc07d3c782943cdf437ffe,2611.9848538900037,f2f457c057b5960f4bd9596002f7f766d0da3264f9aa2763abaaf27ddc5b29fa
16,Can the defence use good character evidence to argue the accused is innocent?,0,The defence of a defendant is a good character evidence that the accused is innocent.,5e51160ffeba0e1c7aeeb32874a2424133a52c225ecc07d3c782943cdf437ffe,2611.9848538900037,f2f457c057b5960f4bd9596002f7f766d0da3264f9aa2763abaaf27ddc5b29fa
17,Can the prosecution freely use bad character evidence to argue the accused is guilty?,0,"The Victorian Court of Queen Victoria was established in 1851 as the Court of Criminal Appeal. The Court was established as a tribunal for the criminal investigation of murder and other misdemeanor offences. The court ruled that a defendant's testimony was admissible, but the court held that he did not have any evidence to support his case.",5e51160ffeba0e1c7aeeb32874a2424133a52c225ecc07d3c782943cdf437ffe,2611.9848538900037,f2f457c057b5960f4bd9596002f7f766d0da3264f9aa2763abaaf27ddc5b29fa
18,"Sam is on trial for murdering her neighbour. The prosecution presents a text from Sam to a friend saying, “I murdered my neighbour today.” What must be established for this text to be treated as an admission?",0,Sam is on trial for murdering her neighbour,5e51160ffeba0e1c7aeeb32874a2424133a52c225ecc07d3c782943cdf437ffe,2611.9848538900037,f2f457c057b5960f4bd9596002f7f766d0da3264f9aa2763abaaf27ddc5b29fa
19,"Omar is charged with intentionally causing serious injury. In a recorded interview, he admits being at the scene and pushing the complainant but denies using a weapon or intending serious harm. At trial, the prosecution asks the jury to accept the incriminating parts of the interview but treat his denial of using a weapon as lies. Does this necessarily involve ‘consciousness of guilt’ reasoning?",0,A recorded interview that he admits being at the scene and pushing the complainant but denies using a weapon or intending serious harm is recorded.,5e51160ffeba0e1c7aeeb32874a2424133a52c225ecc07d3c782943cdf437ffe,2611.9848538900037,f2f457c057b5960f4bd9596002f7f766d0da3264f9aa2763abaaf27ddc5b29fa
20,"Liam is on trial for arson. His sister gives evidence that, at a family dinner, she said, “The police think you set fire to Dad’s shed. You didn’t do it, did you?” Liam, who had been speaking normally, then went silent and looked down. Can this be used as evidence probative of guilt?",0,"A Victorian criminal law has been developed based on the conviction of an individual for arson. Liam is on trial for arsons. His sister gives evidence that, at a family dinner, she said, “The police think you set fire to Dad’s shed. You didn’t do it, did you?” Liam, who had been speaking normally, then went silent and looked down.",5e51160ffeba0e1c7aeeb32874a2424133a52c225ecc07d3c782943cdf437ffe,2611.9848538900037,f2f457c057b5960f4bd9596002f7f766d0da3264f9aa2763abaaf27ddc5b29fa
21,"At Zoe’s assault trial, the prosecution argues that her blank, expressionless stare at photos of the injured complainant indicates guilt. Is this argument sound?",0,Zoe was accused of being a criminal offender and was sentenced to a maximum of 14 years in prison.,5e51160ffeba0e1c7aeeb32874a2424133a52c225ecc07d3c782943cdf437ffe,2611.9848538900037,f2f457c057b5960f4bd9596002f7f766d0da3264f9aa2763abaaf27ddc5b29fa
22,The defence raises the issue of mental impairment and bears the onus of proving it. There is a psychiatrist who has examined the accused. Is the prosecution required to call this psychiatrist as a witness?,0,The defence raises the issue of mental impairment and bears the onus of proving it. There is a psychiatrist who has examined the accused. Is this the case?,5e51160ffeba0e1c7aeeb32874a2424133a52c225ecc07d3c782943cdf437ffe,2611.9848538900037,f2f457c057b5960f4bd9596002f7f766d0da3264f9aa2763abaaf27ddc5b29fa
23,"Sarah is tried for armed robbery. She does not give or call any evidence. In closing, the prosecution avoids mentioning her silence directly but repeatedly stresses that “only the prosecution’s account is supported by evidence.” Is this submission by the prosecution permissible?",0,The prosecution has a duty to ensure that any information that is given or called by the defendant is not used in the investigation of the crime.,5e51160ffeba0e1c7aeeb32874a2424133a52c225ecc07d3c782943cdf437ffe,2611.9848538900037,f2f457c057b5960f4bd9596002f7f766d0da3264f9aa2763abaaf27ddc5b29fa
24,"In a criminal trial, defence counsel fails to challenge an important part of a prosecution witness’s evidence and later runs a case theory inconsistent with that evidence. The prosecution complains that this has caused unfairness. As the trial judge, how should you decide what to do about it?",0,Victorian criminal law focuses on the case of an offender.,5e51160ffeba0e1c7aeeb32874a2424133a52c225ecc07d3c782943cdf437ffe,2611.9848538900037,f2f457c057b5960f4bd9596002f7f766d0da3264f9aa2763abaaf27ddc5b29fa
25,"In an armed robbery trial, a shop assistant who has served the accused every week for years is shown still images from CCTV and says, “Based on how he looks, that’s the same customer who comes into my store.” What type of identification evidence is this an example of?",0,CCTV is a kind of identification evidence that is used to identify an individual.,5e51160ffeba0e1c7aeeb32874a2424133a52c225ecc07d3c782943cdf437ffe,2611.9848538900037,f2f457c057b5960f4bd9596002f7f766d0da3264f9aa2763abaaf27ddc5b29fa
26,"One of the elements of aggravated carjacking is the use of a weapon or causing injury to another person (Crimes Act 1958 s 79A). Smith witnesses an aggravated carjacking late at night. He sees the offender wield a weapon but does not get a good look at their face. A year later, he positively identifies the accused, saying he “recognised him immediately from the daytime photo the police showed me last year.” What cognitive bias, about which the jury is educated, may be relevant in this case?",0,sections 1 and 2section 8section 9section 10section 11section 12section 13section 16section 19section 18section 15section 17section 20section 21section 25section 2paragraph 19parasection 25>section 21-section parascriptionsection 26section 27section 29section 23section 28section 30section 34section 5section 36,5e51160ffeba0e1c7aeeb32874a2424133a52c225ecc07d3c782943cdf437ffe,2611.9848538900037,f2f457c057b5960f4bd9596002f7f766d0da3264f9aa2763abaaf27ddc5b29fa
27,"You are the trial judge in a child stealing case. During the trial, the prosecutor briefly mentions that the image used for recognising the accused was taken before the accused was detained but gives no further explanation. What are judges instructed to do in this situation?",0,A criminal prosecution is a case in which a judge must decide whether a defendant is guilty of a crime or not. A criminal defendant may be found guilty of one crime or a second. The judge must then make a decision on whether the defendant is liable for the crime or the offence.,5e51160ffeba0e1c7aeeb32874a2424133a52c225ecc07d3c782943cdf437ffe,2611.9848538900037,f2f457c057b5960f4bd9596002f7f766d0da3264f9aa2763abaaf27ddc5b29fa
28,"Harvey is on trial for dangerous driving causing serious injury. Priya, a mechanic with 15 years’ experience, inspects the damaged vehicles and wants to tell the jury that, in her opinion, the pattern of damage shows Harvey was travelling at “at least 110 km/h” before impact. Are Priya’s comments inadmissible because they are opinion evidence?",0,"Priya is a mechanic with 15 years’ experience and wants to tell the jury that, in her opinion, the pattern of damage shows Harvey was travelling at “at least 110 km/h” before impact.",5e51160ffeba0e1c7aeeb32874a2424133a52c225ecc07d3c782943cdf437ffe,2611.9848538900037,f2f457c057b5960f4bd9596002f7f766d0da3264f9aa2763abaaf27ddc5b29fa
29,"Chris is on trial for intentionally or recklessly causing a bushfire. His counsel says he was carrying out a “cool burn.” Talia, a First Nations woman, is called to explain First Nations practices. Is Talia’s evidence admissible?",0,Talia’s evidence is a copy of a document that is part of tai chi and the frog.,5e51160ffeba0e1c7aeeb32874a2424133a52c225ecc07d3c782943cdf437ffe,2611.9848538900037,f2f457c057b5960f4bd9596002f7f766d0da3264f9aa2763abaaf27ddc5b29fa
30,"Noah is on trial for killing his father, who had been violent towards Noah’s mother for decades. The defence calls an expert to describe how poverty, lack of access to services, and cultural stigma around separation can trap families in violent homes. Is this expert's evidence admissible?",0,The legal text of the trial of Noah is:,5e51160ffeba0e1c7aeeb32874a2424133a52c225ecc07d3c782943cdf437ffe,2611.9848538900037,f2f457c057b5960f4bd9596002f7f766d0da3264f9aa2763abaaf27ddc5b29fa
31,"Police have detained and taken DNA samples from three of four full siblings in a carjacking investigation: Chloe (female, 24), Sam (female, 23), and Joseph (male, 22). The fourth sibling, Kyle (male, 22), was not detained or sampled. Mitochondrial DNA testing of a crime scene sample links all three sampled siblings to the scene. Y-STR testing (which examines Y-chromosome DNA passed from father to son) links Joseph to the scene. Nuclear DNA testing also links Joseph to the scene. Is this information sufficient to reasonably link Joseph to the crime scene?",0,Y-STR testing (which examines Y chromosome DNA passed from father to son) links Joseph to the scene.,5e51160ffeba0e1c7aeeb32874a2424133a52c225ecc07d3c782943cdf437ffe,2611.9848538900037,f2f457c057b5960f4bd9596002f7f766d0da3264f9aa2763abaaf27ddc5b29fa
32,"Police have detained and taken DNA samples from three of four full siblings in a carjacking investigation: Chloe (female, 24), Sam (female, 23), and Joseph (male, 22). The fourth sibling, Kylie (female, 22), was not detained or sampled. Mitochondrial DNA testing of a crime scene sample links all three sampled siblings to the scene. Y-STR testing (which examines Y-chromosome DNA passed from father to son) links Joseph to the scene. Nuclear DNA testing also links Joseph to the scene. Is this information sufficient to reasonably link Joseph to the crime scene?",0,Mitochondrial DNA testing of a crime scene sample links all three sampled siblings to the scene. Y-STR testing (which examines Y -chromosome DNA passed from father to son) links Joseph to the spot. Nuclear DNA testing also links Joseph,5e51160ffeba0e1c7aeeb32874a2424133a52c225ecc07d3c782943cdf437ffe,2611.9848538900037,f2f457c057b5960f4bd9596002f7f766d0da3264f9aa2763abaaf27ddc5b29fa
33,Is the right to silence based solely on common law?,0,The right to silence is a fundamental right of every Australian citizen.,5e51160ffeba0e1c7aeeb32874a2424133a52c225ecc07d3c782943cdf437ffe,2611.9848538900037,f2f457c057b5960f4bd9596002f7f766d0da3264f9aa2763abaaf27ddc5b29fa
34,"Daniel is questioned by police about an armed robbery. He gives his name and age but answers “no comment” when asked where he was at 1 am and who he was with. He is now on trial, and you are the prosecutor. Should you invite the jury to treat his selective silence as evidence of guilt?",0,The trial of Daniel is about a robbery in Victorian criminal law.,5e51160ffeba0e1c7aeeb32874a2424133a52c225ecc07d3c782943cdf437ffe,2611.9848538900037,f2f457c057b5960f4bd9596002f7f766d0da3264f9aa2763abaaf27ddc5b29fa
35,"At dinner, Kim and Frank watch a news story about a drive-by shooting. Kim says the car looks like Frank’s and asks, “That’s not your car, is it, Frank?” Frank stays silent. Frank is now on trial. Why is it important for the prosecution that Kim is not a government authority?",0,"Kim is not a government authority, so it is important that Kim is a state-controlled body.",5e51160ffeba0e1c7aeeb32874a2424133a52c225ecc07d3c782943cdf437ffe,2611.9848538900037,f2f457c057b5960f4bd9596002f7f766d0da3264f9aa2763abaaf27ddc5b29fa
36,"Kim and Frank are at a Christmas party and are watching a news story about a recent drive-by shooting. Kim thinks the car looks like Frank’s and asks, “That’s not your car, is it?” Frank stays silent. A few minutes later, the police shut down the party due to noise complaints. Later, Frank is on trial for offences related to the same drive-by shooting. Why is it important to the defence that the party was loud?",0,The police had to shut down the party because of noise complaints.,5e51160ffeba0e1c7aeeb32874a2424133a52c225ecc07d3c782943cdf437ffe,2611.9848538900037,f2f457c057b5960f4bd9596002f7f766d0da3264f9aa2763abaaf27ddc5b29fa
37,"Rachel is on trial for poisoning her business partner with mushrooms. There is no direct proof Rachel possessed poisonous mushrooms, but the prosecution shows that: (1) two weeks before the death she searched for a specific species of poisonous mushroom; (2) she had a manual for dehydration equipment that can mask the taste of mushrooms; and (3) toxicology shows her partner was poisoned by that same species. The prosecution argues it is highly improbable all of this is coincidental, if the death were an accident. What kind of inferential reasoning or type of evidence is the prosecution asking the jury to use?",0,The sentence states that Rachel was a convicted poison.,5e51160ffeba0e1c7aeeb32874a2424133a52c225ecc07d3c782943cdf437ffe,2611.9848538900037,f2f457c057b5960f4bd9596002f7f766d0da3264f9aa2763abaaf27ddc5b29fa
38,Daisy witnessed a murder in her prison and is called by the prosecution to give evidence. Is she a “prison informer”?,0,A murder is a robbery or murder which is committed by a person who is in possession of a firearm or other prohibited firearms. The person committing the crime is referred to as a “prison informer” and is regarded as having been the person allegedly responsible for the crime.,5e51160ffeba0e1c7aeeb32874a2424133a52c225ecc07d3c782943cdf437ffe,2611.9848538900037,f2f457c057b5960f4bd9596002f7f766d0da3264f9aa2763abaaf27ddc5b29fa
39,"Emma is committed for trial on 1 March. On 25 March, she first tells her lawyer she was at a movie with her sister at the time of the alleged offence and wants both to give evidence, but no notice has been filed. What procedural step is required before Emma, or her sister can give evidence that she was at the movie rather than at the scene of the offence?",0,"Emma is committed for trial on 1 March. On 25 March, she first tells her lawyer she was at a movie with her sister at the time of the alleged offence and wants both to give evidence, but no notice has been filed. What procedural step is required before Emma, or her sister can give evidence that she was in the movie rather than at the scene of the offence?",5e51160ffeba0e1c7aeeb32874a2424133a52c225ecc07d3c782943cdf437ffe,2611.9848538900037,f2f457c057b5960f4bd9596002f7f766d0da3264f9aa2763abaaf27ddc5b29fa
40,"Alex is charged with a robbery at a shopping centre at 8:15 pm. He leads evidence that he was having dinner with friends at a restaurant across town at that time, and the jury thinks there is a real chance this is true. Ignoring the standard elements of robbery, what more needs to be proven to establish Alex’s guilt?",0,A robbery is a criminal offence. A thief is charged with a robbery at a shopping centre at 8:15 pm. The jury thinks there is n't enough evidence to establish Alex's guilt.,5e51160ffeba0e1c7aeeb32874a2424133a52c225ecc07d3c782943cdf437ffe,2611.9848538900037,f2f457c057b5960f4bd9596002f7f766d0da3264f9aa2763abaaf27ddc5b29fa
41,"Liam and Noah plan to break into a warehouse to steal electronics. Liam agrees to act as the lookout while Noah goes inside; during the burglary, Noah violently assaults a security guard. Liam is later charged as a secondary party to the assault. Under Victorian law, on what basis could Liam be found “involved in the commission” of the assault, even though he only agreed to help with the burglary?",0,A burglary is a violent act of physical or sexual violence.,5e51160ffeba0e1c7aeeb32874a2424133a52c225ecc07d3c782943cdf437ffe,2611.9848538900037,f2f457c057b5960f4bd9596002f7f766d0da3264f9aa2763abaaf27ddc5b29fa
42,"Courtney and Tom agree to sell what they think is a harmless “party pill” to strangers at a music festival. The pills are in fact a controlled drug, and the conduct clearly amounts to a criminal offence. For Courtney to be liable on the basis of this agreement, must the prosecution prove that she knew the substance was illegal?",0,"Courtney and Tom agree to sell what they think is a harmless “party pill” to strangers at a music festival. The pills are in fact a controlled drug, and the conduct clearly amounts to a criminal offence. For Courtney to be liable on the basis of this agreement, must the prosecution prove that she knew the substance was illegal?",5e51160ffeba0e1c7aeeb32874a2424133a52c225ecc07d3c782943cdf437ffe,2611.9848538900037,f2f457c057b5960f4bd9596002f7f766d0da3264f9aa2763abaaf27ddc5b29fa
43,"Noah convinces his 12-year-old nephew to deliver a sealed package to an address, telling him it contains “books for a friend,” when in fact Noah has filled the package with prohibited drugs. The nephew has no idea what is inside and believes he’s doing a harmless favour. If police intercept the drugs, can Noah be liable as a principal offender for drug trafficking?",0,The Victorian Criminal Code of 1973 provides that a person who has committed a crime must have the following offences:,5e51160ffeba0e1c7aeeb32874a2424133a52c225ecc07d3c782943cdf437ffe,2611.9848538900037,f2f457c057b5960f4bd9596002f7f766d0da3264f9aa2763abaaf27ddc5b29fa
44,"Jordan is a factory worker; Mia is his supervisor. They’re both charged with a Commonwealth conspiracy to commit an offence that requires an employer to ensure the safety of employees at a hazardous worksite. Two company directors, alleged to be the other parties to the agreement, have already been acquitted of the conspiracy. In these circumstances, can Jordan be found guilty of the conspiracy?",0,"A factory worker is the worker who is legally responsible for the safety of the work site. A factory employee is a person who is obligated to ensure the safety and security of the workplace. In Victoria, a factory worker works at a hazardous worksite. Two company directors, alleged to be the other parties to the agreement, have already been acquitted of the conspiracy.",5e51160ffeba0e1c7aeeb32874a2424133a52c225ecc07d3c782943cdf437ffe,2611.9848538900037,f2f457c057b5960f4bd9596002f7f766d0da3264f9aa2763abaaf27ddc5b29fa
45,"Clyde, who has schizophrenia, assaults a stranger while experiencing delusions. He knows he is hitting a person but believes they are a “demon.” Does his mental illness, or his failure to appreciate the wrongfulness of his conduct, necessarily make his act involuntary?",0,Victorian criminal law has been applied to a number of cases of misconduct and involuntary conduct.,5e51160ffeba0e1c7aeeb32874a2424133a52c225ecc07d3c782943cdf437ffe,2611.9848538900037,f2f457c057b5960f4bd9596002f7f766d0da3264f9aa2763abaaf27ddc5b29fa
46,"Jonah is driving when he suddenly suffers an unexpected convulsion, causing his leg to slam down on the accelerator and his car to mount the curb and hit a pedestrian. If the only cause of the collision was this sudden bodily movement during the convulsion, how should a court characterise his physical act for the purpose of criminal liability?",0,A driver must have a leg to slam down on the accelerator and his car to mount the curb and hit a pedestrian.,5e51160ffeba0e1c7aeeb32874a2424133a52c225ecc07d3c782943cdf437ffe,2611.9848538900037,f2f457c057b5960f4bd9596002f7f766d0da3264f9aa2763abaaf27ddc5b29fa
47,"At Andrew’s assault trial, there is no suggestion he was unconscious, seizing, or sleepwalking; all the evidence shows him standing, speaking, and then punching the complainant. Does the prosecution need specific evidence that the punch was voluntary, or can voluntariness be inferred from these circumstances?",0,The following is a list of the evidence that would contain the information needed to answer the question:,5e51160ffeba0e1c7aeeb32874a2424133a52c225ecc07d3c782943cdf437ffe,2611.9848538900037,f2f457c057b5960f4bd9596002f7f766d0da3264f9aa2763abaaf27ddc5b29fa
48,"Jacob sets off powerful fireworks in a small, crowded backyard. He later admits he knew people could get hurt but did it anyway. In Victoria, what level of criminal culpability best describes his conduct?",0,"Jacob sets off powerful fireworks in a small, crowded backyard.",5e51160ffeba0e1c7aeeb32874a2424133a52c225ecc07d3c782943cdf437ffe,2611.9848538900037,f2f457c057b5960f4bd9596002f7f766d0da3264f9aa2763abaaf27ddc5b29fa
49,"Liam throws a heavy brick off a freeway overpass into peak-hour traffic. He later tells police, “I knew it might hit a car, but I didn’t really think much more about it.” At trial, the prosecution tells the jury that recklessness is established if Liam knew the brick “might” cause harm. Why is this an incorrect statement of the legal test for recklessness in Victoria?",0,The Melbourne Metropolitan Police (MP) has been unable to determine the cause of a collision based on the circumstances surrounding the collision.,5e51160ffeba0e1c7aeeb32874a2424133a52c225ecc07d3c782943cdf437ffe,2611.9848538900037,f2f457c057b5960f4bd9596002f7f766d0da3264f9aa2763abaaf27ddc5b29fa
50,Abigail is on trial in Victoria for causing serious injury. She argues that the injury was “an accident” because she pushed a door open without looking and it unexpectedly hit someone on the other side. Can Abigail rely on a standalone defence of “accident” in Victoria?,0,Abigail is on trial in Victoria for causing serious injury. She argues that the injury was “an accident” because she pushed a door open without looking and it unexpectedly hit someone on the other side.,5e51160ffeba0e1c7aeeb32874a2424133a52c225ecc07d3c782943cdf437ffe,2611.9848538900037,f2f457c057b5960f4bd9596002f7f766d0da3264f9aa2763abaaf27ddc5b29fa
51,"Ethan punches Marcus once in the head during an argument. Marcus falls, hits his head on the gutter, and dies in hospital two days later. At trial, Ethan admits to killing Marcus by punching him. What elements must still be proved for Ethan to be convicted of murder?",0,Evidence of a crime must be proved,5e51160ffeba0e1c7aeeb32874a2424133a52c225ecc07d3c782943cdf437ffe,2611.9848538900037,f2f457c057b5960f4bd9596002f7f766d0da3264f9aa2763abaaf27ddc5b29fa
52,"Ethan admits he voluntarily and intentionally killed Marcus, a German Shepherd, without lawful justification. Name ONE element of murder that is missing here.",0,"Ethan admits he voluntarily and intentionally killed Marcus, a German Shepherd, without lawful justification.",5e51160ffeba0e1c7aeeb32874a2424133a52c225ecc07d3c782943cdf437ffe,2611.9848538900037,f2f457c057b5960f4bd9596002f7f766d0da3264f9aa2763abaaf27ddc5b29fa
53,"Ethan, a sane 24-year-old, intentionally killed Marcus, a child, without lawful justification, and the jury accepts this beyond reasonable doubt. Under Victorian law, how could this still not amount to manslaughter or murder?",0,"The Victorian Criminal Code states that a person who intentionally kills someone must be guilty of the act. The sentence for murder is not a felony and is considered to be a misdemeanor, and a guilty plea is not required. The Victorian Court of Appeal upheld the conviction of Ethan , 24 years old, and upheld his conviction.",5e51160ffeba0e1c7aeeb32874a2424133a52c225ecc07d3c782943cdf437ffe,2611.9848538900037,f2f457c057b5960f4bd9596002f7f766d0da3264f9aa2763abaaf27ddc5b29fa
54,"Harper, a New South Wales resident, shoots Riley in Sydney. Riley is stabilised in an NSW hospital, then transferred to a specialist trauma unit in Melbourne, where complications arise during surgery and he dies 10 days after the shooting. Can Harper be tried in a Victorian court?",0,"An Australian man is usually charged with the death penalty in Victoria for a crime that causes injury to another person. The penalty for murder in the state of Victoria is the death toll. The maximum sentence for murder is 10 days, and in some states the maximum sentence is 10 years.",5e51160ffeba0e1c7aeeb32874a2424133a52c225ecc07d3c782943cdf437ffe,2611.9848538900037,f2f457c057b5960f4bd9596002f7f766d0da3264f9aa2763abaaf27ddc5b29fa
55,"Mila fires a gun recklessly into a crowded apartment block corridor, committing the offence of reckless conduct endangering life. One of the bullets kills Jonah. The prosecution seeks to invoke statutory murder. On what basis could this reckless conduct offence be treated as a foundational offence?",0,"In the Victorian Criminal Code, reckless conduct means a deliberate act of reckless conduct which causes harm to another person.",5e51160ffeba0e1c7aeeb32874a2424133a52c225ecc07d3c782943cdf437ffe,2611.9848538900037,f2f457c057b5960f4bd9596002f7f766d0da3264f9aa2763abaaf27ddc5b29fa
56,"During an argument outside a bar in 2016, Taylor swings once at Jordan’s jaw; Jordan falls backwards, hits their head on the curb and dies from the head injury. For manslaughter by an unlawful and dangerous act, which element of the offence does Crimes Act 1958 s 4A(4) help the jury assess?",0,Laws of Victoria (Victoria) are divided into three categories of offences:,5e51160ffeba0e1c7aeeb32874a2424133a52c225ecc07d3c782943cdf437ffe,2611.9848538900037,f2f457c057b5960f4bd9596002f7f766d0da3264f9aa2763abaaf27ddc5b29fa
57,"The accused admits he did not actually think death or really serious injury was likely, but the jury is sure that any reasonable person in his position would have realised they were exposing the victim to an appreciable risk of serious injury. If both reckless murder and manslaughter are left, which verdict does this state of mind support?",0,The sentence of the accused being a guilty person in a serious crime is not considered to be a reckless crime.,5e51160ffeba0e1c7aeeb32874a2424133a52c225ecc07d3c782943cdf437ffe,2611.9848538900037,f2f457c057b5960f4bd9596002f7f766d0da3264f9aa2763abaaf27ddc5b29fa
58,"In 2010, Amir and Bella agree to “rough up” a debtor by slapping him around and threatening him, but nothing more. During the confrontation, Bella unexpectedly pulls a knife and fatally stabs the debtor. Amir is charged with manslaughter as a secondary party. If the prosecution relies on the doctrine that extends liability beyond the agreed lesser assault, what must they prove about Amir’s foresight of Bella’s escalation?",0,"Amir and Bella agree to “rough up” a debtor by slapping him around and threatening him, but nothing more. During the confrontation, Bella unexpectedly pulls a knife and fatally stabs the debtor. Amir is charged with manslaughter as a secondary party. If the prosecution relies on the doctrine that extends liability beyond the agreed lesser assault, what must they prove about Amir",5e51160ffeba0e1c7aeeb32874a2424133a52c225ecc07d3c782943cdf437ffe,2611.9848538900037,f2f457c057b5960f4bd9596002f7f766d0da3264f9aa2763abaaf27ddc5b29fa
59,"A person is sitting in the back seat of a moving taxi when the taxi strikes a pedestrian at a crossing, killing them instantly. The prosecution later alleges that this rear-seat passenger is guilty of culpable driving causing death because he was driving a motor vehicle at the time of the collision. Is this a sound argument?",0,"A person is sitting in the back seat of a moving taxi when the taxi strikes a pedestrian at a crossing, killing them instantly. The prosecution later alleges that this rear-seat passenger is guilty of culpable driving causing death because he was driving a motor vehicle at the time of the collision.",5e51160ffeba0e1c7aeeb32874a2424133a52c225ecc07d3c782943cdf437ffe,2611.9848538900037,f2f457c057b5960f4bd9596002f7f766d0da3264f9aa2763abaaf27ddc5b29fa
60,"In a culpable driving causing death trial, the prosecution tells the jury: “You cannot find the accused guilty unless you are sure he actually realised his driving fell well below that of an ordinary careful driver; if he was simply unaware of the danger, you must acquit.” Is this an accurate statement of the law?",0,The law was developed around the 1840s in Victorian society.,5e51160ffeba0e1c7aeeb32874a2424133a52c225ecc07d3c782943cdf437ffe,2611.9848538900037,f2f457c057b5960f4bd9596002f7f766d0da3264f9aa2763abaaf27ddc5b29fa
61,Two friends agree to race their cars along a suburban street. One driver loses control and fatally hits a cyclist; the other does not crash. On what general basis could the second driver still be held responsible for the death?,0,The death of a cyclist is usually considered accidental.,5e51160ffeba0e1c7aeeb32874a2424133a52c225ecc07d3c782943cdf437ffe,2611.9848538900037,f2f457c057b5960f4bd9596002f7f766d0da3264f9aa2763abaaf27ddc5b29fa
62,"While driving late at night, Jerry fails to see a cyclist and runs him over, killing him instantly. Jerry was not drunk, reckless or negligent. Why does it matter to the prosecution that Jerry knew his headlights were broken before driving?",0,Jerry did not see a cyclist in his car at night.,5e51160ffeba0e1c7aeeb32874a2424133a52c225ecc07d3c782943cdf437ffe,2611.9848538900037,f2f457c057b5960f4bd9596002f7f766d0da3264f9aa2763abaaf27ddc5b29fa
63,"Asha is Ben’s manager at work. One evening they both freely and voluntarily have sex. Two days after the act, Asha regrets her decision. Does this mean Asha's consent was violated?",0,Asha regrets having sex with Ben.,5e51160ffeba0e1c7aeeb32874a2424133a52c225ecc07d3c782943cdf437ffe,2611.9848538900037,f2f457c057b5960f4bd9596002f7f766d0da3264f9aa2763abaaf27ddc5b29fa
64,"Jones is on trial for an unnamed sexual offence. He says that, in his culture, silence or lack of resistance means agreement. In light of this explanation, what specific issue about Jones awareness must the jury determine when deciding his guilt?",0,"Jones is on trial for an unnamed sexual offence. He says that, in his culture, silence or lack of resistance means agreement. In light of this explanation, what specific issue about Jones awareness must the jury determine when deciding his guilt?",5e51160ffeba0e1c7aeeb32874a2424133a52c225ecc07d3c782943cdf437ffe,2611.9848538900037,f2f457c057b5960f4bd9596002f7f766d0da3264f9aa2763abaaf27ddc5b29fa
65,"Jones is on trial for an unnamed sexual offence. He says that, in his culture, silence or lack of resistance means agreement. Must the jury learn more about this culture to decide whether he reasonably believed there was consent?",0,The sentence of innocence for a sexual offence in Victorian law is the same as the sentence of a woman for committing a rape.,5e51160ffeba0e1c7aeeb32874a2424133a52c225ecc07d3c782943cdf437ffe,2611.9848538900037,f2f457c057b5960f4bd9596002f7f766d0da3264f9aa2763abaaf27ddc5b29fa
66,"After an alleged sexual assault, Liam goes straight to his sister’s apartment and, sobbing and struggling to speak, tells her what happened. At trial, the prosecution calls his sister to describe his emotional state when he reported it. Why might Liam’s behaviour at that time be important evidence against the accused?",0,The criminal law of Victoria has a very strict system of punishment for sexual assault.,5e51160ffeba0e1c7aeeb32874a2424133a52c225ecc07d3c782943cdf437ffe,2611.9848538900037,f2f457c057b5960f4bd9596002f7f766d0da3264f9aa2763abaaf27ddc5b29fa
67,"At trial, the complainant describes an alleged sexual assault in a completely flat tone, without visible emotion. Some jurors think this means she is “probably lying.” Is this a valid assumption?",0,A sex assault is the alleged sexual assault of a person in Victorian criminal law.,5e51160ffeba0e1c7aeeb32874a2424133a52c225ecc07d3c782943cdf437ffe,2611.9848538900037,f2f457c057b5960f4bd9596002f7f766d0da3264f9aa2763abaaf27ddc5b29fa
68,"Assume the year is 2012. Why is it problematic for a judge to direct the jury that the prosecution must prove the accused “intended to commit rape in the sense that, at the time of penetration, he knew the complainant was not or might not be consenting”?",0,"In the case of a sexual assault conviction in Victorian Prison, the defendant may have been unaware of the sexual assault charges that were filed by the complainant.",5e51160ffeba0e1c7aeeb32874a2424133a52c225ecc07d3c782943cdf437ffe,2611.9848538900037,f2f457c057b5960f4bd9596002f7f766d0da3264f9aa2763abaaf27ddc5b29fa
69,"The prosecution alleges that the accused forced the complainant to put his own penis into his own mouth. Under the current statutory definition, does this amount to sexual penetration of oneself?",0,"The prosecution alleges that the accused forced the complainant to put his own penis into his own mouth. Under the current statutory definition, does this amount to sexual penetration of oneself?",5e51160ffeba0e1c7aeeb32874a2424133a52c225ecc07d3c782943cdf437ffe,2611.9848538900037,f2f457c057b5960f4bd9596002f7f766d0da3264f9aa2763abaaf27ddc5b29fa
70,"In 2016, person A instructs person C to insert person C’s finger into person B’s mouth. Under the definition of “sexual penetration” in s 37D of the Crimes Act 1958, why does this not amount to person A sexually penetrating person B?",0,"Person A instructs person C to insert person C’s finger into person B’s mouth. Under the definition of “sexual penetration” in s 37D of the Crimes Act 1958, because person A sexually penetrating person B does not constitute sexual penetration.",5e51160ffeba0e1c7aeeb32874a2424133a52c225ecc07d3c782943cdf437ffe,2611.9848538900037,f2f457c057b5960f4bd9596002f7f766d0da3264f9aa2763abaaf27ddc5b29fa
71,"In 2016, person A instructs person C to insert person C’s penis into person B’s mouth. Under the definition of “sexual penetration” in s 37D of the Crimes Act 1958, why does this amount to person A sexually penetrating person B?",0,The Crimes Act 1958 was a Victorian criminal law relating to the insertion of person C’s penis into person B’s mouth.,5e51160ffeba0e1c7aeeb32874a2424133a52c225ecc07d3c782943cdf437ffe,2611.9848538900037,f2f457c057b5960f4bd9596002f7f766d0da3264f9aa2763abaaf27ddc5b29fa
72,"Under Victorian law, can a person assigned male at birth be sexually penetrated somewhere other than the anus or mouth?",0,"A man is assigned to a female when he is born, and is not allowed to be sexually abused.",5e51160ffeba0e1c7aeeb32874a2424133a52c225ecc07d3c782943cdf437ffe,2611.9848538900037,f2f457c057b5960f4bd9596002f7f766d0da3264f9aa2763abaaf27ddc5b29fa
73,"On a crowded tram, Caleb briefly brushes Rina’s hand while reaching for a pole; later he privately admits he finds her attractive and had a sexual interest in her. On these grounds alone, is Caleb’s private sexual interest enough to make that brief hand contact “sexual touching”?",0,"Caleb briefly brushes Rina’s hand while reaching for a pole; later he privately admits he finds her attractive and had a sexual interest in her. On these grounds alone, is CaleB’s private sexual interest enough to make that brief hand contact “sexual touching”?",5e51160ffeba0e1c7aeeb32874a2424133a52c225ecc07d3c782943cdf437ffe,2611.9848538900037,f2f457c057b5960f4bd9596002f7f766d0da3264f9aa2763abaaf27ddc5b29fa
74,"Assume the year is 2011. Nina is sexually aroused by feet and secretly attracted to her colleague Caleb. During a meeting, she slowly removes his shoe under the table, later admitting she did so purely for her own sexual gratification. Does her sexual motive alone make the removal of Caleb’s shoe an indecent assault?",0,"A person is a person that has sexual gratification for a specific purpose. For example, a woman may remove her colleague’s shoe under the table for her own sexual ecstasy. A person may remove their colleague’d shoe under a table for their own sexual pleasure, such as a dinner party.",5e51160ffeba0e1c7aeeb32874a2424133a52c225ecc07d3c782943cdf437ffe,2611.9848538900037,f2f457c057b5960f4bd9596002f7f766d0da3264f9aa2763abaaf27ddc5b29fa
75,"During an argument, Imogen swings her fist at Sara but stops just short. Sara flinches and braces for impact, but later says she “wasn’t actually scared.” Why doesn’t Sara’s claim that she wasn’t afraid stop Imogen’s conduct from amounting to assault?",0,"Imogen’s fist was thrown at Sara, causing her to flinch and brace for impact.",5e51160ffeba0e1c7aeeb32874a2424133a52c225ecc07d3c782943cdf437ffe,2611.9848538900037,f2f457c057b5960f4bd9596002f7f766d0da3264f9aa2763abaaf27ddc5b29fa
76,“I’m not from law enforcement and I’m going to illegally kill you in the next couple of years or so” does not amount to assault because which element of the offence is missing?,0,A crime is a violent or violent act that can be committed without the consent of the victim.,5e51160ffeba0e1c7aeeb32874a2424133a52c225ecc07d3c782943cdf437ffe,2611.9848538900037,f2f457c057b5960f4bd9596002f7f766d0da3264f9aa2763abaaf27ddc5b29fa
77,"Mia receives several late-night calls from Noah. Each time she answers, he says nothing. Knowing his violent history, she believes he is outside about to attack. What is the citation of the common law case that held this conduct can amount to assault?",0,"An assault is a serious crime punishable by up to three years in prison. The law provides that a person may be prosecuted for the offence of attempting to attack someone or for committing a crime. This is the case in the case of a Victorian criminal case, which involved a man being arrested and sentenced to a maximum of ten years in jail.",5e51160ffeba0e1c7aeeb32874a2424133a52c225ecc07d3c782943cdf437ffe,2611.9848538900037,f2f457c057b5960f4bd9596002f7f766d0da3264f9aa2763abaaf27ddc5b29fa
78,"Assault' is defined to mean the direct or indirect application of force to the body of, or to the clothing or equipment worn by, a person. “Application of force” is defined to include the application of heat, light, electric current or any other form of energy, as well as the application of matter in solid, liquid or gaseous form. For the purposes of Victorian criminal law as it pertains to assault, which statute establishes the meaning of a police officer?",0,"Assault' is defined to mean the direct or indirect application of force to the body of, or to the clothing or equipment worn by, a person. “Application of force” is defined in the law as it pertains to the application of heat, light, electric current or any other form of energy, as well as the application matter in solid, liquid or gaseous form.",5e51160ffeba0e1c7aeeb32874a2424133a52c225ecc07d3c782943cdf437ffe,2611.9848538900037,f2f457c057b5960f4bd9596002f7f766d0da3264f9aa2763abaaf27ddc5b29fa
79,"Officer Harper stops Liam on the street, says, “I’m just curious if you’ve got anything on you,” and, without any lawful basis, searches his pockets and finds drugs. Liam resists and accidentally strikes Harper during the unlawful search. In these circumstances, is Harper acting “in the execution of her duty” at the time of the alleged assault?",0,Liam resists and accidentally strikes Harper during the unlawful search.,5e51160ffeba0e1c7aeeb32874a2424133a52c225ecc07d3c782943cdf437ffe,2611.9848538900037,f2f457c057b5960f4bd9596002f7f766d0da3264f9aa2763abaaf27ddc5b29fa
80,"As officers move in to arrest Malik outside a bar, his friend Tia sees them coming and yells, “Run, they’re about to grab you!” intending to help him escape. What key fact about the effect of Tia’s warning must be proved in order to charge her with obstruction?",0,"Tia sees them coming and yells, “Run, they’re about to grab you!” intending to help him escape. What key fact about the effect of Tia’s warning must be proved in order to charge her with obstruction?",5e51160ffeba0e1c7aeeb32874a2424133a52c225ecc07d3c782943cdf437ffe,2611.9848538900037,f2f457c057b5960f4bd9596002f7f766d0da3264f9aa2763abaaf27ddc5b29fa
81,Which Victorian statute amended the Crimes Act 1958 to cover stalking over the internet?,0,"Victorian law requires that a stalker must be present at a crime scene during the course of the crime, and that the victim must be accompanied by an accomplice, and must be not present when a criminal is arrested.",5e51160ffeba0e1c7aeeb32874a2424133a52c225ecc07d3c782943cdf437ffe,2611.9848538900037,f2f457c057b5960f4bd9596002f7f766d0da3264f9aa2763abaaf27ddc5b29fa
82,"What are the elements of carjacking? Actually, I can answer that question for you. The offence has the following three elements: (i) The accused stole a vehicle; (ii) Immediately before or at the time of the theft, the accused: (a) Used force on any person; or (b) Put any person in fear that s/he or another person would, then and there, be subject to the use of force; or (c) Sought to put any person in fear that s/he or another person would, then and there, be subject to the use of force; and (iii) The accused did so in order to commit the theft (Crimes Act 1958 s 79(1)). Answer only this question: In a large shopping centre, Soraya stands in one spot near the central atrium all afternoon, turning only her head and eyes to keep Felix in view as he walks between different levels and stores. She never changes her physical position. On these facts, does Soraya follow Felix?",0,The Crimes Act 1958 s 79(1) was a law relating to the criminality of carjacking.,5e51160ffeba0e1c7aeeb32874a2424133a52c225ecc07d3c782943cdf437ffe,2611.9848538900037,f2f457c057b5960f4bd9596002f7f766d0da3264f9aa2763abaaf27ddc5b29fa
83,"Angry at Leo, Martina repeatedly dumps dead flowers and threatening notes on his doorstep and also tags him in public posts accusing him of crimes, hoping his employer will see them. Which two separate stalking acts in statutes best capture this pattern? The following information is irrelevant to answering the question: In 2013, Leo was convicted of “manslaughter by unlawful and dangerous act.” During the trial, a jury member asked the judge the following question: “Under Victorian law, what is the first element of an unlawful and dangerous act causing death and what does it entail? And also, what are the other elements to this offence? And how is it different to negligent manslaughter?”",0,Melbourne court was established in 1878 as the Victoria Court of Justice.,5e51160ffeba0e1c7aeeb32874a2424133a52c225ecc07d3c782943cdf437ffe,2611.9848538900037,f2f457c057b5960f4bd9596002f7f766d0da3264f9aa2763abaaf27ddc5b29fa
84,"Mary is Rafa’s mother. Twelve-year-old Rafa has been especially naughty this week: on Monday he threw water on his brother Gregory, and on Tuesday he stole his sister’s watch. On Wednesday, as punishment, Mary confines Rafa to his room for an hour. What are the citations of the cases suggesting that Mary’s treatment of Rafa is lawful? As an aside, let's talk about Mary’s childhood. When Mary was younger, she was part of a violent gang. She would roam the streets carrying a cricket bat, and when elderly women walked past, Mary would swing the bat towards them, never actually hitting them but bringing it close enough to make them believe they were about to be struck. One day, Mary was caught by the police. She was charged with assault not involving the application of force but was never convicted because the prosecution couldn’t prove the first element of the offence.",0,Mary was a violent gang member who would roam the streets carrying a cricket bat.,5e51160ffeba0e1c7aeeb32874a2424133a52c225ecc07d3c782943cdf437ffe,2611.9848538900037,f2f457c057b5960f4bd9596002f7f766d0da3264f9aa2763abaaf27ddc5b29fa
85,"After an argument at home, 15-year-old Felix storms out and gets into the car of his aunt, Rosa, who takes him to stay at her house. Rosa used no trickery or threats, but she knows Felix’s parents want him back and tells him, “You can stay here as long as you like.” On these facts, is Rosa’s conduct closer to taking a child or harbouring a child under the Victorian law?",0,"Rosa is the aunt of Felix’s mother, who takes him to stay at her house.",5e51160ffeba0e1c7aeeb32874a2424133a52c225ecc07d3c782943cdf437ffe,2611.9848538900037,f2f457c057b5960f4bd9596002f7f766d0da3264f9aa2763abaaf27ddc5b29fa
86,"A 13-year-old, Hamish, orders a rideshare to a friend’s house after a fight with his parents. The driver, Zoe, picks him up outside his home, asks “Are your parents okay with you going?”, gets a vague shrug, but offers no encouragement and simply follows the entered destination. On these facts, has Zoe taken Hamish away?",0,"In Victorian criminal law, a person can be taken away from the home if they are unable to prove they are innocent. In this case, if a teen is charged with possessing a dangerous weapon, the victim can be convicted of committing a crime. The statutory definition of a criminal offence in Victorian criminal laws is that a child cannot be taken from the house if the victim is not guilty of the offence",5e51160ffeba0e1c7aeeb32874a2424133a52c225ecc07d3c782943cdf437ffe,2611.9848538900037,f2f457c057b5960f4bd9596002f7f766d0da3264f9aa2763abaaf27ddc5b29fa
87,"During a gig, Luca quietly picks up someone else’s guitar, uses it for his set, then returns it to exactly the same spot before the owner notices. He always planned to put it back. On these facts alone, has Luca formed the mental element for theft?",0,"During a gig, Luca quietly picks up someone else’s guitar, uses it for his set, then returns it to exactly the same spot before the owner notices. He always planned to put it back. On these facts alone, has Lucace formed the mental element for theft?",5e51160ffeba0e1c7aeeb32874a2424133a52c225ecc07d3c782943cdf437ffe,2611.9848538900037,f2f457c057b5960f4bd9596002f7f766d0da3264f9aa2763abaaf27ddc5b29fa
88,How does the definition of “dishonesty” under Commonwealth law differ from that used in Victorian law?,0,"A Victorian court can be a court of law. In Victoria, a defendant must face the law as a whole, and in other countries it can be judged to be guilty of infraction. A defendant must show that the law is fair and not in violation of the laws of another state.",5e51160ffeba0e1c7aeeb32874a2424133a52c225ecc07d3c782943cdf437ffe,2611.9848538900037,f2f457c057b5960f4bd9596002f7f766d0da3264f9aa2763abaaf27ddc5b29fa
89,What is a good?,0,Victorian criminal law provides for the following types of law:,5e51160ffeba0e1c7aeeb32874a2424133a52c225ecc07d3c782943cdf437ffe,2611.9848538900037,f2f457c057b5960f4bd9596002f7f766d0da3264f9aa2763abaaf27ddc5b29fa
90,"Kai forces the owner of a vacant farm to leave, then lives there rent-free for six months, locking everyone else out of the gate and using it as his own space. For the purposes of handling stolen goods, does Kai’s wrongful occupation turn the land itself into “stolen goods”?",0,"The Victorian Code of Criminal Procedure provides that an unauthorised occupation of land can be considered a criminal offence, and the land itself cannot be occupied for the purposes of a crime.",5e51160ffeba0e1c7aeeb32874a2424133a52c225ecc07d3c782943cdf437ffe,2611.9848538900037,f2f457c057b5960f4bd9596002f7f766d0da3264f9aa2763abaaf27ddc5b29fa
91,Carmen submits a valuation certificate for 500 crates of “premium truffles” that don’t exist and uses it to support a finance application. Which case has been treated as authority that a valuation of non-existent goods is fraudulent in this way?,0,Carmen submits a valuation certificate for 500 crates of “premium truffles” that don’t exist and uses it to support a finance application.,5e51160ffeba0e1c7aeeb32874a2424133a52c225ecc07d3c782943cdf437ffe,2611.9848538900037,f2f457c057b5960f4bd9596002f7f766d0da3264f9aa2763abaaf27ddc5b29fa
92,"One element of theft is an intention to permanently deprive the owner of property. Nicholas threatens to smash his neighbour’s car unless she pays him $500 “for the damage you did last year,” an amount she genuinely owes. He intends to keep the $500 permanently but makes no claim over any other property. On these facts, which offence does his state of mind more clearly support – theft or blackmail – and why?",0,The sentence is a statement made in the Australian Constitution that “for any theft committed by a person under the age of 18 you must have a criminal record which shows the person was in the state of being convicted of a crime in that state.” Whether or not the person is guilty depends on the circumstances of the crime.,5e51160ffeba0e1c7aeeb32874a2424133a52c225ecc07d3c782943cdf437ffe,2611.9848538900037,f2f457c057b5960f4bd9596002f7f766d0da3264f9aa2763abaaf27ddc5b29fa
93,"Rafi, a former executive of a publicly traded company, phones the current CEO and says, “Transfer $1 million to my account or I’ll leak information that will seriously damage your company's valuation.” Years earlier, Rafi was convicted of assault not involving force. Under Victorian law, what technical label best fits this kind of threat, and which reported case in your materials is cited as authority for treating market-damage threats in this way?",0,"Victorian law requires that a crime be referred to as an ""infraction"" if it is found to be a serious or threatening crime.",5e51160ffeba0e1c7aeeb32874a2424133a52c225ecc07d3c782943cdf437ffe,2611.9848538900037,f2f457c057b5960f4bd9596002f7f766d0da3264f9aa2763abaaf27ddc5b29fa
94,"Josh deliberately and dishonestly destroys physical bank documents that record a loan he still owes, hoping to improve his own financial position. Which specific offence best captures Josh's conduct?",0,Bank documents are the physical evidence that a person is trying to improve their financial position.,5e51160ffeba0e1c7aeeb32874a2424133a52c225ecc07d3c782943cdf437ffe,2611.9848538900037,f2f457c057b5960f4bd9596002f7f766d0da3264f9aa2763abaaf27ddc5b29fa
95,"Marco transfers cryptocurrency through multiple wallets to make it harder to trace, fully aware it came from a fraud scheme. Under the Victorian “dealing with proceeds of crime” offences, which physical element is clearly satisfied by his conduct, and which highest mental state could be charged on these facts?",0,"Marco transfers cryptocurrency through multiple wallets to make it harder to trace, fully aware it came from a fraud scheme. Under the Victorian “dealing with proceeds of crime” offences, which physical element is clearly satisfied by his conduct, and which highest mental state could be charged on these facts?",5e51160ffeba0e1c7aeeb32874a2424133a52c225ecc07d3c782943cdf437ffe,2611.9848538900037,f2f457c057b5960f4bd9596002f7f766d0da3264f9aa2763abaaf27ddc5b29fa
96,"Smith is a dealer, and so is his friend Walter. After some haggling, they agree to swap a quantity of Smith’s cocaine for Walter’s ice. Which case is specifically cited to show that this type of deal amounts to trafficking?",0,"Smith is a dealer, and so is his friend Walter. After some haggling, they agree to swap a quantity of Smith’s cocaine for Walter’s ice. Which case is specifically cited to show that this type of deal amounts to trafficking?",5e51160ffeba0e1c7aeeb32874a2424133a52c225ecc07d3c782943cdf437ffe,2611.9848538900037,f2f457c057b5960f4bd9596002f7f766d0da3264f9aa2763abaaf27ddc5b29fa
97,"Over six months, Minh alternates between weeks of intense dealing and long quiet stretches with no proven activity. The transactions involve different drugs, buyers and locations, but all are commercial. The indictment alleges he “trafficked” by carrying on a business over that whole period. What must the jury be satisfied of, given the patchy pattern of conduct?",0,The indictment alleges he “trafficked” by carrying on a business over that whole period.,5e51160ffeba0e1c7aeeb32874a2424133a52c225ecc07d3c782943cdf437ffe,2611.9848538900037,f2f457c057b5960f4bd9596002f7f766d0da3264f9aa2763abaaf27ddc5b29fa
98,"“The salt of the abovementioned drugs, derivates and _______” Which word goes in the blank and which act does this phrase belong to?",0,Victorian criminal law,5e51160ffeba0e1c7aeeb32874a2424133a52c225ecc07d3c782943cdf437ffe,2611.9848538900037,f2f457c057b5960f4bd9596002f7f766d0da3264f9aa2763abaaf27ddc5b29fa
99,"After a grave insult, Jordan cools off for several hours, then calmly returns and kills. Which state of mind required for provocation is missing on these facts, and what is the technical term for it?",0,"In Victorian criminal law, the state of mind is the state that a person must be in order to commit a crime. Provocation is a state of being. Provoking is the act of causing an offence. Provocation is the action of attempting to commit an offender.",5e51160ffeba0e1c7aeeb32874a2424133a52c225ecc07d3c782943cdf437ffe,2611.9848538900037,f2f457c057b5960f4bd9596002f7f766d0da3264f9aa2763abaaf27ddc5b29fa
100,"“There was an agreement between the accused and the deceased to seek the _____ of all parties to the agreement.” What is the missing word, and where is this specific phrase used?",0,The following clauses of Victorian criminal law are used:,5e51160ffeba0e1c7aeeb32874a2424133a52c225ecc07d3c782943cdf437ffe,2611.9848538900037,f2f457c057b5960f4bd9596002f7f766d0da3264f9aa2763abaaf27ddc5b29fa
1,"Bob and Ted are close friends. Ted is on trial for drug offences, and Bob has been selected as a juror in Ted’s case. Is the judge required to excuse Bob from serving on the jury?",1,Bob is required to excuse him from serving on the jury.,5e51160ffeba0e1c7aeeb32874a2424133a52c225ecc07d3c782943cdf437ffe,2611.9848538900037,f2f457c057b5960f4bd9596002f7f766d0da3264f9aa2763abaaf27ddc5b29fa
2,"Harry is serving as a juror in a burglary trial. He is also a professional locksmith. During the proceedings, Harry is shown a lock which, in his expert view, is too damaged to have been lockpicked in the manner described in court. Why might Harry's expert knowledge of lockpicking be irrelevant when assessing the physical evidence?",1,He was not able to do anything about the lockpicking process.,5e51160ffeba0e1c7aeeb32874a2424133a52c225ecc07d3c782943cdf437ffe,2611.9848538900037,f2f457c057b5960f4bd9596002f7f766d0da3264f9aa2763abaaf27ddc5b29fa
3,"Isaac is on trial for statutory murder of an emergency worker. You are his barrister. Should you notify the jury that, according to the Crimes Act 1958, the standard sentence for this offence is 30 years imprisonment?",1,The Criminal-law Guide was published in March 2014 with a list of the existing guidelines.,5e51160ffeba0e1c7aeeb32874a2424133a52c225ecc07d3c782943cdf437ffe,2611.9848538900037,f2f457c057b5960f4bd9596002f7f766d0da3264f9aa2763abaaf27ddc5b29fa
4,Should jurors be excused if they have encountered news stories about the accused prior to the trial commencing?,1,The first sentence in the guide states that a witness must present the evidence to the jury before a trial commences.,5e51160ffeba0e1c7aeeb32874a2424133a52c225ecc07d3c782943cdf437ffe,2611.9848538900037,f2f457c057b5960f4bd9596002f7f766d0da3264f9aa2763abaaf27ddc5b29fa
5,"Frank and Joe are jurors in an arson trial. Over the weekend, Joe finds photos of the accused holding a petrol canister and texts them to Frank. Having received this new information, what should Frank do?",1,Frank should take the photo of the accused and take the sentence to court.,5e51160ffeba0e1c7aeeb32874a2424133a52c225ecc07d3c782943cdf437ffe,2611.9848538900037,f2f457c057b5960f4bd9596002f7f766d0da3264f9aa2763abaaf27ddc5b29fa
6,Does the standard of proof of “beyond reasonable doubt” imply that the jury must be fully convinced of every claim the prosecution has made?,1,"In the criminal-law guide, the standard of proof is not based on whether the accused was guilty or not, but on whether there is sufficient evidence to support the claim made.",5e51160ffeba0e1c7aeeb32874a2424133a52c225ecc07d3c782943cdf437ffe,2611.9848538900037,f2f457c057b5960f4bd9596002f7f766d0da3264f9aa2763abaaf27ddc5b29fa
7,"Sally is accused of cultivating narcotic plants in her backyard. One of the elements of this charge is that “the accused intentionally cultivated or attempted to cultivate a particular substance.” To establish whether this is the case, the judge believes it would be valuable to visit Sally’s backyard and have the jury examine it for themselves. What is the name of the legal procedure whereby the court travels to a location relevant to the charge?",1,A court travels to a location relevant to the charge.,5e51160ffeba0e1c7aeeb32874a2424133a52c225ecc07d3c782943cdf437ffe,2611.9848538900037,f2f457c057b5960f4bd9596002f7f766d0da3264f9aa2763abaaf27ddc5b29fa
8,"Josh is 21 years old. He witnessed a murder that was clearly perpetrated by the accused. The prosecution, however, needs to determine whether the accused committed the acts voluntarily, thus satisfying the elements of intentional or reckless murder. In court, the judge plays a recording of Josh giving his eyewitness testimony. What is this evidentiary process called?",1,The evidence that Josh gave his eyewitness testimony is called an oath.,5e51160ffeba0e1c7aeeb32874a2424133a52c225ecc07d3c782943cdf437ffe,2611.9848538900037,f2f457c057b5960f4bd9596002f7f766d0da3264f9aa2763abaaf27ddc5b29fa
9,"Olivia illegally bought cannabis from a tobacconist. As she left, she saw a man firebomb the store. She is now a witness in the arson trial. What legal privilege should she consider when giving her evidence?",1,To keep a criminal off the hook for a long time.,5e51160ffeba0e1c7aeeb32874a2424133a52c225ecc07d3c782943cdf437ffe,2611.9848538900037,f2f457c057b5960f4bd9596002f7f766d0da3264f9aa2763abaaf27ddc5b29fa
10,Emma is found in possession of someone else’s phone but has no documentation of how she obtained it. Emma’s counsel argues that possession of the phone is circumstantial evidence and thus completely inadmissible to establish guilt. Is Emma’s counsel correct?,1,Emma’s counsel argues that possession of the phone is circumstantial evidence and thus completely inadmissible to establish guilt.,5e51160ffeba0e1c7aeeb32874a2424133a52c225ecc07d3c782943cdf437ffe,2611.9848538900037,f2f457c057b5960f4bd9596002f7f766d0da3264f9aa2763abaaf27ddc5b29fa
11,"John is on trial for an unnamed offence. John testifies that he could not have committed the offence because he was at an arcade 10 miles away when the offence took place. Earlier, the jury accepted arcade tickets as evidence of John's alibi. John’s counsel now argues that, given this plausible alibi, John could not have committed the crime. What type of reasoning is this an example of?",1,John testifies that he could not have committed the offence because he was at an arcade 10 miles away when the offENCE took place.,5e51160ffeba0e1c7aeeb32874a2424133a52c225ecc07d3c782943cdf437ffe,2611.9848538900037,f2f457c057b5960f4bd9596002f7f766d0da3264f9aa2763abaaf27ddc5b29fa
12,Does Victoria have a law/laws protecting against double jeopardy?,1,The Victorian Criminal Law Guide states that the legal system in Victoria is not the same as the criminal laws in America.,5e51160ffeba0e1c7aeeb32874a2424133a52c225ecc07d3c782943cdf437ffe,2611.9848538900037,f2f457c057b5960f4bd9596002f7f766d0da3264f9aa2763abaaf27ddc5b29fa
13,"Sophie and Hazel are two of twelve jurors in a trial. Both are uncertain of their verdict, while the remaining ten jurors believe the accused is guilty. The jury is becoming frustrated with Sophie and Hazel's indecision, but the judge instructs the jury to continue deliberating. What is this instruction called?",1,"The jury is becoming frustrated with Sophie and Hazel's indecision, but the judge instructs the jury to continue deliberating.",5e51160ffeba0e1c7aeeb32874a2424133a52c225ecc07d3c782943cdf437ffe,2611.9848538900037,f2f457c057b5960f4bd9596002f7f766d0da3264f9aa2763abaaf27ddc5b29fa
14,"Tim is on trial for aggravated burglary. Before Tim gives evidence, his counsel calls another witness to testify first. Why might this be a bad idea for the defence?",1,Tim is a private man and cannot be heard by anyone.,5e51160ffeba0e1c7aeeb32874a2424133a52c225ecc07d3c782943cdf437ffe,2611.9848538900037,f2f457c057b5960f4bd9596002f7f766d0da3264f9aa2763abaaf27ddc5b29fa
15,Paul is 12 years old. He is a witness in a trial related to a common law riot. You are counsel for the accused. Should you argue that Paul’s is fundamentally untrustworthy because of his age?,1,"When an accused has no lawyer, he is not considered a witness in the trial.",5e51160ffeba0e1c7aeeb32874a2424133a52c225ecc07d3c782943cdf437ffe,2611.9848538900037,f2f457c057b5960f4bd9596002f7f766d0da3264f9aa2763abaaf27ddc5b29fa
16,Can the defence use good character evidence to argue the accused is innocent?,1,Good character evidence can be a good witness to the prosecution.,5e51160ffeba0e1c7aeeb32874a2424133a52c225ecc07d3c782943cdf437ffe,2611.9848538900037,f2f457c057b5960f4bd9596002f7f766d0da3264f9aa2763abaaf27ddc5b29fa
17,Can the prosecution freely use bad character evidence to argue the accused is guilty?,1,Victorian criminal law was founded in 1767. The Victorian Criminal Law Guide (Vic) states that bad character evidence must be used only to prove guilt.,5e51160ffeba0e1c7aeeb32874a2424133a52c225ecc07d3c782943cdf437ffe,2611.9848538900037,f2f457c057b5960f4bd9596002f7f766d0da3264f9aa2763abaaf27ddc5b29fa
18,"Sam is on trial for murdering her neighbour. The prosecution presents a text from Sam to a friend saying, “I murdered my neighbour today.” What must be established for this text to be treated as an admission?",1,The prosecution must establish that the text is an admission of a crime.,5e51160ffeba0e1c7aeeb32874a2424133a52c225ecc07d3c782943cdf437ffe,2611.9848538900037,f2f457c057b5960f4bd9596002f7f766d0da3264f9aa2763abaaf27ddc5b29fa
19,"Omar is charged with intentionally causing serious injury. In a recorded interview, he admits being at the scene and pushing the complainant but denies using a weapon or intending serious harm. At trial, the prosecution asks the jury to accept the incriminating parts of the interview but treat his denial of using a weapon as lies. Does this necessarily involve ‘consciousness of guilt’ reasoning?",1,The defendant's testimony is admissible to the court. The court can decide whether the defendant is guilty of a charge of being negligent or not.,5e51160ffeba0e1c7aeeb32874a2424133a52c225ecc07d3c782943cdf437ffe,2611.9848538900037,f2f457c057b5960f4bd9596002f7f766d0da3264f9aa2763abaaf27ddc5b29fa
20,"Liam is on trial for arson. His sister gives evidence that, at a family dinner, she said, “The police think you set fire to Dad’s shed. You didn’t do it, did you?” Liam, who had been speaking normally, then went silent and looked down. Can this be used as evidence probative of guilt?",1,"Liam’s sister gives evidence that, at a family dinner, she said, “The police think you set fire to Dad’s shed. You didn’t do it, did you?” Liam, who had been speaking normally, then went silent and looked down.",5e51160ffeba0e1c7aeeb32874a2424133a52c225ecc07d3c782943cdf437ffe,2611.9848538900037,f2f457c057b5960f4bd9596002f7f766d0da3264f9aa2763abaaf27ddc5b29fa
21,"At Zoe’s assault trial, the prosecution argues that her blank, expressionless stare at photos of the injured complainant indicates guilt. Is this argument sound?",1,Zoe is a defendant in the Victorian criminal-law guide.,5e51160ffeba0e1c7aeeb32874a2424133a52c225ecc07d3c782943cdf437ffe,2611.9848538900037,f2f457c057b5960f4bd9596002f7f766d0da3264f9aa2763abaaf27ddc5b29fa
22,The defence raises the issue of mental impairment and bears the onus of proving it. There is a psychiatrist who has examined the accused. Is the prosecution required to call this psychiatrist as a witness?,1,The prosecution must call a psychiatrist who has examined the accused as a witness.,5e51160ffeba0e1c7aeeb32874a2424133a52c225ecc07d3c782943cdf437ffe,2611.9848538900037,f2f457c057b5960f4bd9596002f7f766d0da3264f9aa2763abaaf27ddc5b29fa
23,"Sarah is tried for armed robbery. She does not give or call any evidence. In closing, the prosecution avoids mentioning her silence directly but repeatedly stresses that “only the prosecution’s account is supported by evidence.” Is this submission by the prosecution permissible?",1,The prosecution’s silence is required to be a evidence of the accused’s innocence. The following conditions apply to this evidence:,5e51160ffeba0e1c7aeeb32874a2424133a52c225ecc07d3c782943cdf437ffe,2611.9848538900037,f2f457c057b5960f4bd9596002f7f766d0da3264f9aa2763abaaf27ddc5b29fa
24,"In a criminal trial, defence counsel fails to challenge an important part of a prosecution witness’s evidence and later runs a case theory inconsistent with that evidence. The prosecution complains that this has caused unfairness. As the trial judge, how should you decide what to do about it?",1,"A trial judge must not challenge a witness’s evidence or run a case theory in the context of a trial, and must not make a judgement based on the evidence, or the evidence is deemed to be incomplete.",5e51160ffeba0e1c7aeeb32874a2424133a52c225ecc07d3c782943cdf437ffe,2611.9848538900037,f2f457c057b5960f4bd9596002f7f766d0da3264f9aa2763abaaf27ddc5b29fa
25,"In an armed robbery trial, a shop assistant who has served the accused every week for years is shown still images from CCTV and says, “Based on how he looks, that’s the same customer who comes into my store.” What type of identification evidence is this an example of?",1,CCTV is used for security purposes in armed robbery cases.,5e51160ffeba0e1c7aeeb32874a2424133a52c225ecc07d3c782943cdf437ffe,2611.9848538900037,f2f457c057b5960f4bd9596002f7f766d0da3264f9aa2763abaaf27ddc5b29fa
26,"One of the elements of aggravated carjacking is the use of a weapon or causing injury to another person (Crimes Act 1958 s 79A). Smith witnesses an aggravated carjacking late at night. He sees the offender wield a weapon but does not get a good look at their face. A year later, he positively identifies the accused, saying he “recognised him immediately from the daytime photo the police showed me last year.” What cognitive bias, about which the jury is educated, may be relevant in this case?",1,"Smith witnesses an aggravated carjacking late at night. He sees the offender wield a weapon but does not get a good look at their face. A year later, he positively identifies the accused, saying he “recognised him immediately from the daytime photo the police showed me last year.”",5e51160ffeba0e1c7aeeb32874a2424133a52c225ecc07d3c782943cdf437ffe,2611.9848538900037,f2f457c057b5960f4bd9596002f7f766d0da3264f9aa2763abaaf27ddc5b29fa
27,"You are the trial judge in a child stealing case. During the trial, the prosecutor briefly mentions that the image used for recognising the accused was taken before the accused was detained but gives no further explanation. What are judges instructed to do in this situation?",1,The criminal-law guide identifies the circumstances and conditions under which a child stealing case is prosecuted. The judge must report this situation to the Crown Prosecution Service and provide a statement of his or her opinion.,5e51160ffeba0e1c7aeeb32874a2424133a52c225ecc07d3c782943cdf437ffe,2611.9848538900037,f2f457c057b5960f4bd9596002f7f766d0da3264f9aa2763abaaf27ddc5b29fa
28,"Harvey is on trial for dangerous driving causing serious injury. Priya, a mechanic with 15 years’ experience, inspects the damaged vehicles and wants to tell the jury that, in her opinion, the pattern of damage shows Harvey was travelling at “at least 110 km/h” before impact. Are Priya’s comments inadmissible because they are opinion evidence?",1,Priya’s comments are inadmissible because they are opinion evidence.,5e51160ffeba0e1c7aeeb32874a2424133a52c225ecc07d3c782943cdf437ffe,2611.9848538900037,f2f457c057b5960f4bd9596002f7f766d0da3264f9aa2763abaaf27ddc5b29fa
29,"Chris is on trial for intentionally or recklessly causing a bushfire. His counsel says he was carrying out a “cool burn.” Talia, a First Nations woman, is called to explain First Nations practices. Is Talia’s evidence admissible?",1,First Nations practice involves causing a fire.,5e51160ffeba0e1c7aeeb32874a2424133a52c225ecc07d3c782943cdf437ffe,2611.9848538900037,f2f457c057b5960f4bd9596002f7f766d0da3264f9aa2763abaaf27ddc5b29fa
30,"Noah is on trial for killing his father, who had been violent towards Noah’s mother for decades. The defence calls an expert to describe how poverty, lack of access to services, and cultural stigma around separation can trap families in violent homes. Is this expert's evidence admissible?",1,"The judge is deciding whether a case of violence is admissible or not, and he will consider the evidence presented by the expert.",5e51160ffeba0e1c7aeeb32874a2424133a52c225ecc07d3c782943cdf437ffe,2611.9848538900037,f2f457c057b5960f4bd9596002f7f766d0da3264f9aa2763abaaf27ddc5b29fa
31,"Police have detained and taken DNA samples from three of four full siblings in a carjacking investigation: Chloe (female, 24), Sam (female, 23), and Joseph (male, 22). The fourth sibling, Kyle (male, 22), was not detained or sampled. Mitochondrial DNA testing of a crime scene sample links all three sampled siblings to the scene. Y-STR testing (which examines Y-chromosome DNA passed from father to son) links Joseph to the scene. Nuclear DNA testing also links Joseph to the scene. Is this information sufficient to reasonably link Joseph to the crime scene?",1,Mitochondrial DNA testing of a crime scene sample links all three sampled siblings to the scene. Y-STR testing (which examines Y–chromosome DNA passed from father to son) links Joseph to the site. Nuclear DNA testing also links Joseph and Kyle to the spot.,5e51160ffeba0e1c7aeeb32874a2424133a52c225ecc07d3c782943cdf437ffe,2611.9848538900037,f2f457c057b5960f4bd9596002f7f766d0da3264f9aa2763abaaf27ddc5b29fa
32,"Police have detained and taken DNA samples from three of four full siblings in a carjacking investigation: Chloe (female, 24), Sam (female, 23), and Joseph (male, 22). The fourth sibling, Kylie (female, 22), was not detained or sampled. Mitochondrial DNA testing of a crime scene sample links all three sampled siblings to the scene. Y-STR testing (which examines Y-chromosome DNA passed from father to son) links Joseph to the scene. Nuclear DNA testing also links Joseph to the scene. Is this information sufficient to reasonably link Joseph to the crime scene?",1,Mitochondrial DNA testing of a crime scene sample links all three sampled siblings to the scene. Nuclear DNA testing also links Joseph to the crime scene.,5e51160ffeba0e1c7aeeb32874a2424133a52c225ecc07d3c782943cdf437ffe,2611.9848538900037,f2f457c057b5960f4bd9596002f7f766d0da3264f9aa2763abaaf27ddc5b29fa
33,Is the right to silence based solely on common law?,1,The Victorian Criminal Law Guide describes the common law requirement that a person is silenced without inciting others to do so. The guide explains that silence is an active violation of the common laws of the Commonwealth.,5e51160ffeba0e1c7aeeb32874a2424133a52c225ecc07d3c782943cdf437ffe,2611.9848538900037,f2f457c057b5960f4bd9596002f7f766d0da3264f9aa2763abaaf27ddc5b29fa
34,"Daniel is questioned by police about an armed robbery. He gives his name and age but answers “no comment” when asked where he was at 1 am and who he was with. He is now on trial, and you are the prosecutor. Should you invite the jury to treat his selective silence as evidence of guilt?",1,A judge may not examine the evidence of guilt against a defendant if he does not state clearly whether a person committed the crime or not.,5e51160ffeba0e1c7aeeb32874a2424133a52c225ecc07d3c782943cdf437ffe,2611.9848538900037,f2f457c057b5960f4bd9596002f7f766d0da3264f9aa2763abaaf27ddc5b29fa
35,"At dinner, Kim and Frank watch a news story about a drive-by shooting. Kim says the car looks like Frank’s and asks, “That’s not your car, is it, Frank?” Frank stays silent. Frank is now on trial. Why is it important for the prosecution that Kim is not a government authority?",1,Kim is an ordinary citizen and can be a witness for a case that is in the public domain.,5e51160ffeba0e1c7aeeb32874a2424133a52c225ecc07d3c782943cdf437ffe,2611.9848538900037,f2f457c057b5960f4bd9596002f7f766d0da3264f9aa2763abaaf27ddc5b29fa
36,"Kim and Frank are at a Christmas party and are watching a news story about a recent drive-by shooting. Kim thinks the car looks like Frank’s and asks, “That’s not your car, is it?” Frank stays silent. A few minutes later, the police shut down the party due to noise complaints. Later, Frank is on trial for offences related to the same drive-by shooting. Why is it important to the defence that the party was loud?",1,The police were told it was a private party and that there was no room for a public party.,5e51160ffeba0e1c7aeeb32874a2424133a52c225ecc07d3c782943cdf437ffe,2611.9848538900037,f2f457c057b5960f4bd9596002f7f766d0da3264f9aa2763abaaf27ddc5b29fa
37,"Rachel is on trial for poisoning her business partner with mushrooms. There is no direct proof Rachel possessed poisonous mushrooms, but the prosecution shows that: (1) two weeks before the death she searched for a specific species of poisonous mushroom; (2) she had a manual for dehydration equipment that can mask the taste of mushrooms; and (3) toxicology shows her partner was poisoned by that same species. The prosecution argues it is highly improbable all of this is coincidental, if the death were an accident. What kind of inferential reasoning or type of evidence is the prosecution asking the jury to use?",1,"The prosecution argues it is highly improbable all of this is coincidental, if the death were an accident.",5e51160ffeba0e1c7aeeb32874a2424133a52c225ecc07d3c782943cdf437ffe,2611.9848538900037,f2f457c057b5960f4bd9596002f7f766d0da3264f9aa2763abaaf27ddc5b29fa
38,Daisy witnessed a murder in her prison and is called by the prosecution to give evidence. Is she a “prison informer”?,1,The act of stealing a property from a landlord is considered a criminal offence. The law is a law that provides that a person must not be allowed to possess property or possession of property. A person who has a large amount of property in the possession of a tenant must possess it and possess it. The term 'prison informer' refers to someone who is caught in a crime.,5e51160ffeba0e1c7aeeb32874a2424133a52c225ecc07d3c782943cdf437ffe,2611.9848538900037,f2f457c057b5960f4bd9596002f7f766d0da3264f9aa2763abaaf27ddc5b29fa
39,"Emma is committed for trial on 1 March. On 25 March, she first tells her lawyer she was at a movie with her sister at the time of the alleged offence and wants both to give evidence, but no notice has been filed. What procedural step is required before Emma, or her sister can give evidence that she was at the movie rather than at the scene of the offence?",1,"Emma is committed for trial on 1 March. On 25 March, she first tells her lawyer she was at a movie with her sister at the time of the alleged offence and wants both to give evidence, but no notice has been filed. What procedural step is required before Emma, or her sister can give evidence that she was there rather than at the scene of the offence?",5e51160ffeba0e1c7aeeb32874a2424133a52c225ecc07d3c782943cdf437ffe,2611.9848538900037,f2f457c057b5960f4bd9596002f7f766d0da3264f9aa2763abaaf27ddc5b29fa
40,"Alex is charged with a robbery at a shopping centre at 8:15 pm. He leads evidence that he was having dinner with friends at a restaurant across town at that time, and the jury thinks there is a real chance this is true. Ignoring the standard elements of robbery, what more needs to be proven to establish Alex’s guilt?",1,"Alex is charged with a robbery at a shopping centre at 8:15 pm. He leads evidence that he was having dinner with friends at  a restaurant across town at that time, and the jury thinks there is a real chance this is true. Ignoring the standard elements of robbyy, what more needs to be proven to establish Alex’s guilt?",5e51160ffeba0e1c7aeeb32874a2424133a52c225ecc07d3c782943cdf437ffe,2611.9848538900037,f2f457c057b5960f4bd9596002f7f766d0da3264f9aa2763abaaf27ddc5b29fa
41,"Liam and Noah plan to break into a warehouse to steal electronics. Liam agrees to act as the lookout while Noah goes inside; during the burglary, Noah violently assaults a security guard. Liam is later charged as a secondary party to the assault. Under Victorian law, on what basis could Liam be found “involved in the commission” of the assault, even though he only agreed to help with the burglary?",1,"Liam agrees to act as the lookout while Noah goes inside; during the burglary, Noah violently assaults a security guard. Liam is later charged as a secondary party to the assault.",5e51160ffeba0e1c7aeeb32874a2424133a52c225ecc07d3c782943cdf437ffe,2611.9848538900037,f2f457c057b5960f4bd9596002f7f766d0da3264f9aa2763abaaf27ddc5b29fa
42,"Courtney and Tom agree to sell what they think is a harmless “party pill” to strangers at a music festival. The pills are in fact a controlled drug, and the conduct clearly amounts to a criminal offence. For Courtney to be liable on the basis of this agreement, must the prosecution prove that she knew the substance was illegal?",1,"Courtney and Tom agree to sell what they think is a harmless “party pill” to strangers at a music festival. The pills are in fact a controlled drug, and the conduct clearly amounts to a criminal offence. For Courtney to be liable on the basis of this agreement, must the prosecution prove that she knew the substance was illegal?",5e51160ffeba0e1c7aeeb32874a2424133a52c225ecc07d3c782943cdf437ffe,2611.9848538900037,f2f457c057b5960f4bd9596002f7f766d0da3264f9aa2763abaaf27ddc5b29fa
43,"Noah convinces his 12-year-old nephew to deliver a sealed package to an address, telling him it contains “books for a friend,” when in fact Noah has filled the package with prohibited drugs. The nephew has no idea what is inside and believes he’s doing a harmless favour. If police intercept the drugs, can Noah be liable as a principal offender for drug trafficking?",1,"The law carries a fine of £50,000 if Noah’s nephew receives a sealed package containing prohibited drugs.",5e51160ffeba0e1c7aeeb32874a2424133a52c225ecc07d3c782943cdf437ffe,2611.9848538900037,f2f457c057b5960f4bd9596002f7f766d0da3264f9aa2763abaaf27ddc5b29fa
44,"Jordan is a factory worker; Mia is his supervisor. They’re both charged with a Commonwealth conspiracy to commit an offence that requires an employer to ensure the safety of employees at a hazardous worksite. Two company directors, alleged to be the other parties to the agreement, have already been acquitted of the conspiracy. In these circumstances, can Jordan be found guilty of the conspiracy?",1,The statutory duty to ensure the safety of workers at a hazardous worksite is a statutory requirement under the Victorian criminal-law guide.,5e51160ffeba0e1c7aeeb32874a2424133a52c225ecc07d3c782943cdf437ffe,2611.9848538900037,f2f457c057b5960f4bd9596002f7f766d0da3264f9aa2763abaaf27ddc5b29fa
45,"Clyde, who has schizophrenia, assaults a stranger while experiencing delusions. He knows he is hitting a person but believes they are a “demon.” Does his mental illness, or his failure to appreciate the wrongfulness of his conduct, necessarily make his act involuntary?",1,"In Victorian criminal law, a defendant must be involuntarily guilty of a crime if he is found guilty of the crime. The term involuntary is a term used to refer to a person who has not been properly convicted of committing a criminal offense. Clyde is an alcoholic who has schizophrenia and does not have a mental illness. He has an unbalanced personality and a strong sense of self-worth",5e51160ffeba0e1c7aeeb32874a2424133a52c225ecc07d3c782943cdf437ffe,2611.9848538900037,f2f457c057b5960f4bd9596002f7f766d0da3264f9aa2763abaaf27ddc5b29fa
46,"Jonah is driving when he suddenly suffers an unexpected convulsion, causing his leg to slam down on the accelerator and his car to mount the curb and hit a pedestrian. If the only cause of the collision was this sudden bodily movement during the convulsion, how should a court characterise his physical act for the purpose of criminal liability?",1,"Jonah is driving when he suddenly suffers an unexpected convulsion, causing his leg to slam down on the accelerator and his car to mount the curb and hit a pedestrian. If the only cause of the collision was this sudden bodily movement during the convulsión, how should a court characterise his physical act for the purpose of criminal liability?",5e51160ffeba0e1c7aeeb32874a2424133a52c225ecc07d3c782943cdf437ffe,2611.9848538900037,f2f457c057b5960f4bd9596002f7f766d0da3264f9aa2763abaaf27ddc5b29fa
47,"At Andrew’s assault trial, there is no suggestion he was unconscious, seizing, or sleepwalking; all the evidence shows him standing, speaking, and then punching the complainant. Does the prosecution need specific evidence that the punch was voluntary, or can voluntariness be inferred from these circumstances?",1,Andrew’s arrest was based on a finding of voluntary voluntariness which a Victorian criminal-law guide called “the fact that it is possible that the defendant could not be in conscious or sleepwalking state.”,5e51160ffeba0e1c7aeeb32874a2424133a52c225ecc07d3c782943cdf437ffe,2611.9848538900037,f2f457c057b5960f4bd9596002f7f766d0da3264f9aa2763abaaf27ddc5b29fa
48,"Jacob sets off powerful fireworks in a small, crowded backyard. He later admits he knew people could get hurt but did it anyway. In Victoria, what level of criminal culpability best describes his conduct?",1,"Jacob sets off powerful fireworks in a small, crowded backyard.",5e51160ffeba0e1c7aeeb32874a2424133a52c225ecc07d3c782943cdf437ffe,2611.9848538900037,f2f457c057b5960f4bd9596002f7f766d0da3264f9aa2763abaaf27ddc5b29fa
49,"Liam throws a heavy brick off a freeway overpass into peak-hour traffic. He later tells police, “I knew it might hit a car, but I didn’t really think much more about it.” At trial, the prosecution tells the jury that recklessness is established if Liam knew the brick “might” cause harm. Why is this an incorrect statement of the legal test for recklessness in Victoria?",1,The brick may cause harm if it is not deliberately thrown.,5e51160ffeba0e1c7aeeb32874a2424133a52c225ecc07d3c782943cdf437ffe,2611.9848538900037,f2f457c057b5960f4bd9596002f7f766d0da3264f9aa2763abaaf27ddc5b29fa
50,Abigail is on trial in Victoria for causing serious injury. She argues that the injury was “an accident” because she pushed a door open without looking and it unexpectedly hit someone on the other side. Can Abigail rely on a standalone defence of “accident” in Victoria?,1,Abigail argued that the injury was an accident because she pushed a door open without looking and it unexpectedly hit someone on the other side.,5e51160ffeba0e1c7aeeb32874a2424133a52c225ecc07d3c782943cdf437ffe,2611.9848538900037,f2f457c057b5960f4bd9596002f7f766d0da3264f9aa2763abaaf27ddc5b29fa
51,"Ethan punches Marcus once in the head during an argument. Marcus falls, hits his head on the gutter, and dies in hospital two days later. At trial, Ethan admits to killing Marcus by punching him. What elements must still be proved for Ethan to be convicted of murder?",1,Ethan's sentence must be based on the following elements: a). The defendant has been ordered to pay £600 for his injuries. b). The victim has been convicted of murder. c). The person guilty of the crime has been sentenced to death. d). The aggravating factors involved in the crime are: e. The person's death is to be regarded as an act of aggression. e). The killer,5e51160ffeba0e1c7aeeb32874a2424133a52c225ecc07d3c782943cdf437ffe,2611.9848538900037,f2f457c057b5960f4bd9596002f7f766d0da3264f9aa2763abaaf27ddc5b29fa
52,"Ethan admits he voluntarily and intentionally killed Marcus, a German Shepherd, without lawful justification. Name ONE element of murder that is missing here.",1,"The principle of a 'right to life' is that the defendant should be free to kill or kill anyone who is not a victim of 'good will', or of  the law', without any grounds for recrimination or harm to the person or property.",5e51160ffeba0e1c7aeeb32874a2424133a52c225ecc07d3c782943cdf437ffe,2611.9848538900037,f2f457c057b5960f4bd9596002f7f766d0da3264f9aa2763abaaf27ddc5b29fa
53,"Ethan, a sane 24-year-old, intentionally killed Marcus, a child, without lawful justification, and the jury accepts this beyond reasonable doubt. Under Victorian law, how could this still not amount to manslaughter or murder?",1,"Ethan, a sane 24-year-old, intentionally killed Marcus, whose mother was a child.",5e51160ffeba0e1c7aeeb32874a2424133a52c225ecc07d3c782943cdf437ffe,2611.9848538900037,f2f457c057b5960f4bd9596002f7f766d0da3264f9aa2763abaaf27ddc5b29fa
54,"Harper, a New South Wales resident, shoots Riley in Sydney. Riley is stabilised in an NSW hospital, then transferred to a specialist trauma unit in Melbourne, where complications arise during surgery and he dies 10 days after the shooting. Can Harper be tried in a Victorian court?",1,Harper can be tried in a Victorian court on the grounds that he is a resident of New South Wales.,5e51160ffeba0e1c7aeeb32874a2424133a52c225ecc07d3c782943cdf437ffe,2611.9848538900037,f2f457c057b5960f4bd9596002f7f766d0da3264f9aa2763abaaf27ddc5b29fa
55,"Mila fires a gun recklessly into a crowded apartment block corridor, committing the offence of reckless conduct endangering life. One of the bullets kills Jonah. The prosecution seeks to invoke statutory murder. On what basis could this reckless conduct offence be treated as a foundational offence?",1,The purpose of the legal provision is to protect the life of a person in a dangerous and violent manner.,5e51160ffeba0e1c7aeeb32874a2424133a52c225ecc07d3c782943cdf437ffe,2611.9848538900037,f2f457c057b5960f4bd9596002f7f766d0da3264f9aa2763abaaf27ddc5b29fa
56,"During an argument outside a bar in 2016, Taylor swings once at Jordan’s jaw; Jordan falls backwards, hits their head on the curb and dies from the head injury. For manslaughter by an unlawful and dangerous act, which element of the offence does Crimes Act 1958 s 4A(4) help the jury assess?",1,The Act states that a man can be found guilty of manslaughter if he has caused injury or death to another person as a result of a breach of the law.,5e51160ffeba0e1c7aeeb32874a2424133a52c225ecc07d3c782943cdf437ffe,2611.9848538900037,f2f457c057b5960f4bd9596002f7f766d0da3264f9aa2763abaaf27ddc5b29fa
57,"The accused admits he did not actually think death or really serious injury was likely, but the jury is sure that any reasonable person in his position would have realised they were exposing the victim to an appreciable risk of serious injury. If both reckless murder and manslaughter are left, which verdict does this state of mind support?",1,The jury is sure that any reasonable person in his position would have realised they were exposing the victim to an appreciable risk of serious injury.,5e51160ffeba0e1c7aeeb32874a2424133a52c225ecc07d3c782943cdf437ffe,2611.9848538900037,f2f457c057b5960f4bd9596002f7f766d0da3264f9aa2763abaaf27ddc5b29fa
58,"In 2010, Amir and Bella agree to “rough up” a debtor by slapping him around and threatening him, but nothing more. During the confrontation, Bella unexpectedly pulls a knife and fatally stabs the debtor. Amir is charged with manslaughter as a secondary party. If the prosecution relies on the doctrine that extends liability beyond the agreed lesser assault, what must they prove about Amir’s foresight of Bella’s escalation?",1,The court must also prove that Amir’s foresight is sufficient to ensure that the accused escaped the attack on Bella.,5e51160ffeba0e1c7aeeb32874a2424133a52c225ecc07d3c782943cdf437ffe,2611.9848538900037,f2f457c057b5960f4bd9596002f7f766d0da3264f9aa2763abaaf27ddc5b29fa
59,"A person is sitting in the back seat of a moving taxi when the taxi strikes a pedestrian at a crossing, killing them instantly. The prosecution later alleges that this rear-seat passenger is guilty of culpable driving causing death because he was driving a motor vehicle at the time of the collision. Is this a sound argument?",1,"A person sitting in the back seat of a moving taxi when the taxi strikes a pedestrian at a crossing, killing them instantly. The prosecution later alleges that this rear-seat passenger is guilty of culpable driving causing death because he was driving a motor vehicle at the time of the collision.",5e51160ffeba0e1c7aeeb32874a2424133a52c225ecc07d3c782943cdf437ffe,2611.9848538900037,f2f457c057b5960f4bd9596002f7f766d0da3264f9aa2763abaaf27ddc5b29fa
60,"In a culpable driving causing death trial, the prosecution tells the jury: “You cannot find the accused guilty unless you are sure he actually realised his driving fell well below that of an ordinary careful driver; if he was simply unaware of the danger, you must acquit.” Is this an accurate statement of the law?",1,"The prosecution tells the jury: “You cannot find the accused guilty unless you are sure he actually realised his driving fell well below that of an ordinary careful driver; if he was simply unaware of the danger, you must acquit.”",5e51160ffeba0e1c7aeeb32874a2424133a52c225ecc07d3c782943cdf437ffe,2611.9848538900037,f2f457c057b5960f4bd9596002f7f766d0da3264f9aa2763abaaf27ddc5b29fa
61,Two friends agree to race their cars along a suburban street. One driver loses control and fatally hits a cyclist; the other does not crash. On what general basis could the second driver still be held responsible for the death?,1,The second driver could still be held responsible for the death.,5e51160ffeba0e1c7aeeb32874a2424133a52c225ecc07d3c782943cdf437ffe,2611.9848538900037,f2f457c057b5960f4bd9596002f7f766d0da3264f9aa2763abaaf27ddc5b29fa
62,"While driving late at night, Jerry fails to see a cyclist and runs him over, killing him instantly. Jerry was not drunk, reckless or negligent. Why does it matter to the prosecution that Jerry knew his headlights were broken before driving?",1,The legal requirement that Jerry knew his headlights were broken before driving was a precondition for the prosecution to have the right to a trial.,5e51160ffeba0e1c7aeeb32874a2424133a52c225ecc07d3c782943cdf437ffe,2611.9848538900037,f2f457c057b5960f4bd9596002f7f766d0da3264f9aa2763abaaf27ddc5b29fa
63,"Asha is Ben’s manager at work. One evening they both freely and voluntarily have sex. Two days after the act, Asha regrets her decision. Does this mean Asha's consent was violated?",1,The fact that Asha is a manager at work means that she is obligated to comply with the Victorian criminal law.,5e51160ffeba0e1c7aeeb32874a2424133a52c225ecc07d3c782943cdf437ffe,2611.9848538900037,f2f457c057b5960f4bd9596002f7f766d0da3264f9aa2763abaaf27ddc5b29fa
64,"Jones is on trial for an unnamed sexual offence. He says that, in his culture, silence or lack of resistance means agreement. In light of this explanation, what specific issue about Jones awareness must the jury determine when deciding his guilt?",1,"Jones is on trial for an unnamed sexual offence. He says that in his culture, silence or lack of resistance means agreement. In light of this explanation, what specific issue about Jones awareness must the jury determine when deciding his guilt?",5e51160ffeba0e1c7aeeb32874a2424133a52c225ecc07d3c782943cdf437ffe,2611.9848538900037,f2f457c057b5960f4bd9596002f7f766d0da3264f9aa2763abaaf27ddc5b29fa
65,"Jones is on trial for an unnamed sexual offence. He says that, in his culture, silence or lack of resistance means agreement. Must the jury learn more about this culture to decide whether he reasonably believed there was consent?",1,Jones has a history of sexual offences.,5e51160ffeba0e1c7aeeb32874a2424133a52c225ecc07d3c782943cdf437ffe,2611.9848538900037,f2f457c057b5960f4bd9596002f7f766d0da3264f9aa2763abaaf27ddc5b29fa
66,"After an alleged sexual assault, Liam goes straight to his sister’s apartment and, sobbing and struggling to speak, tells her what happened. At trial, the prosecution calls his sister to describe his emotional state when he reported it. Why might Liam’s behaviour at that time be important evidence against the accused?",1,"The sexual assault charge is a criminal offense under the Victorian Criminal Law Guide, which sets out a law that provides for a jury to decide whether a defendant is guilty of a crime.",5e51160ffeba0e1c7aeeb32874a2424133a52c225ecc07d3c782943cdf437ffe,2611.9848538900037,f2f457c057b5960f4bd9596002f7f766d0da3264f9aa2763abaaf27ddc5b29fa
67,"At trial, the complainant describes an alleged sexual assault in a completely flat tone, without visible emotion. Some jurors think this means she is “probably lying.” Is this a valid assumption?",1,The complaint is to be a falsehood and does not imply the accuser is lying.,5e51160ffeba0e1c7aeeb32874a2424133a52c225ecc07d3c782943cdf437ffe,2611.9848538900037,f2f457c057b5960f4bd9596002f7f766d0da3264f9aa2763abaaf27ddc5b29fa
68,"Assume the year is 2012. Why is it problematic for a judge to direct the jury that the prosecution must prove the accused “intended to commit rape in the sense that, at the time of penetration, he knew the complainant was not or might not be consenting”?",1,The law was interpreted by the Victorian Court of Appeal to apply to rapes that occur on the premise that the victim knew the person is not consenting to the act of raping.,5e51160ffeba0e1c7aeeb32874a2424133a52c225ecc07d3c782943cdf437ffe,2611.9848538900037,f2f457c057b5960f4bd9596002f7f766d0da3264f9aa2763abaaf27ddc5b29fa
69,"The prosecution alleges that the accused forced the complainant to put his own penis into his own mouth. Under the current statutory definition, does this amount to sexual penetration of oneself?",1,The prosecution alleges that the accused forced the complainant to put his own penis into his own mouth. The prosecution also alleges a claim that the accuser forced the defendant to put a penis in his own blood. This is the same as a person who has a sexual desire to be sexually exploited.,5e51160ffeba0e1c7aeeb32874a2424133a52c225ecc07d3c782943cdf437ffe,2611.9848538900037,f2f457c057b5960f4bd9596002f7f766d0da3264f9aa2763abaaf27ddc5b29fa
70,"In 2016, person A instructs person C to insert person C’s finger into person B’s mouth. Under the definition of “sexual penetration” in s 37D of the Crimes Act 1958, why does this not amount to person A sexually penetrating person B?",1,"The term ‘sexual penetration’ was used in a Victorian criminal law guide which described sexual penetration as a state of being in s 37D of the Crimes Act 1958, a law that was enacted in 1958.",5e51160ffeba0e1c7aeeb32874a2424133a52c225ecc07d3c782943cdf437ffe,2611.9848538900037,f2f457c057b5960f4bd9596002f7f766d0da3264f9aa2763abaaf27ddc5b29fa
71,"In 2016, person A instructs person C to insert person C’s penis into person B’s mouth. Under the definition of “sexual penetration” in s 37D of the Crimes Act 1958, why does this amount to person A sexually penetrating person B?",1,"The Sexual Penisibility Act 1958 stipulates that a person’s penis is not sexually pierced, so it must be a sexually explicit action.",5e51160ffeba0e1c7aeeb32874a2424133a52c225ecc07d3c782943cdf437ffe,2611.9848538900037,f2f457c057b5960f4bd9596002f7f766d0da3264f9aa2763abaaf27ddc5b29fa
72,"Under Victorian law, can a person assigned male at birth be sexually penetrated somewhere other than the anus or mouth?",1,"Under Victorian law, a male assigned male at birth may be sexually penetrated somewhere other than the anus or mouth.",5e51160ffeba0e1c7aeeb32874a2424133a52c225ecc07d3c782943cdf437ffe,2611.9848538900037,f2f457c057b5960f4bd9596002f7f766d0da3264f9aa2763abaaf27ddc5b29fa
73,"On a crowded tram, Caleb briefly brushes Rina’s hand while reaching for a pole; later he privately admits he finds her attractive and had a sexual interest in her. On these grounds alone, is Caleb’s private sexual interest enough to make that brief hand contact “sexual touching”?",1,"Caleb can also be found as a witness in the trial of a man accused of sexually abusing a woman, and he must be at least 21 years old to be considered a suspect.",5e51160ffeba0e1c7aeeb32874a2424133a52c225ecc07d3c782943cdf437ffe,2611.9848538900037,f2f457c057b5960f4bd9596002f7f766d0da3264f9aa2763abaaf27ddc5b29fa
74,"Assume the year is 2011. Nina is sexually aroused by feet and secretly attracted to her colleague Caleb. During a meeting, she slowly removes his shoe under the table, later admitting she did so purely for her own sexual gratification. Does her sexual motive alone make the removal of Caleb’s shoe an indecent assault?",1,Nina’s sexual motive is a sexual motive that may include sexual attraction.,5e51160ffeba0e1c7aeeb32874a2424133a52c225ecc07d3c782943cdf437ffe,2611.9848538900037,f2f457c057b5960f4bd9596002f7f766d0da3264f9aa2763abaaf27ddc5b29fa
75,"During an argument, Imogen swings her fist at Sara but stops just short. Sara flinches and braces for impact, but later says she “wasn’t actually scared.” Why doesn’t Sara’s claim that she wasn’t afraid stop Imogen’s conduct from amounting to assault?",1,"Imogen is not a person, nor is she afraid of any person.",5e51160ffeba0e1c7aeeb32874a2424133a52c225ecc07d3c782943cdf437ffe,2611.9848538900037,f2f457c057b5960f4bd9596002f7f766d0da3264f9aa2763abaaf27ddc5b29fa
76,“I’m not from law enforcement and I’m going to illegally kill you in the next couple of years or so” does not amount to assault because which element of the offence is missing?,1,The defendant must be in a position to act as a witness.,5e51160ffeba0e1c7aeeb32874a2424133a52c225ecc07d3c782943cdf437ffe,2611.9848538900037,f2f457c057b5960f4bd9596002f7f766d0da3264f9aa2763abaaf27ddc5b29fa
77,"Mia receives several late-night calls from Noah. Each time she answers, he says nothing. Knowing his violent history, she believes he is outside about to attack. What is the citation of the common law case that held this conduct can amount to assault?",1,Mia believes Noah is outside about to attack.,5e51160ffeba0e1c7aeeb32874a2424133a52c225ecc07d3c782943cdf437ffe,2611.9848538900037,f2f457c057b5960f4bd9596002f7f766d0da3264f9aa2763abaaf27ddc5b29fa
78,"Assault' is defined to mean the direct or indirect application of force to the body of, or to the clothing or equipment worn by, a person. “Application of force” is defined to include the application of heat, light, electric current or any other form of energy, as well as the application of matter in solid, liquid or gaseous form. For the purposes of Victorian criminal law as it pertains to assault, which statute establishes the meaning of a police officer?",1,"The Victorian Police Code of 1972 provides that the convicted and non-citizens are entitled to the protection of their personal property, and that the act of injuring someone is not a crime. The Victorian Criminal Law Guide lists the following statutes as a basis for the definition of a police officer: The Victorian Code of 1973 provides that an assault occurs when a person is attempting to commit an offence. The Australian Constitution provides that ",5e51160ffeba0e1c7aeeb32874a2424133a52c225ecc07d3c782943cdf437ffe,2611.9848538900037,f2f457c057b5960f4bd9596002f7f766d0da3264f9aa2763abaaf27ddc5b29fa
79,"Officer Harper stops Liam on the street, says, “I’m just curious if you’ve got anything on you,” and, without any lawful basis, searches his pockets and finds drugs. Liam resists and accidentally strikes Harper during the unlawful search. In these circumstances, is Harper acting “in the execution of her duty” at the time of the alleged assault?",1,The law has a discretionary nature in which it can decide what is to be done with a drug or other drug and not what is going to happen.,5e51160ffeba0e1c7aeeb32874a2424133a52c225ecc07d3c782943cdf437ffe,2611.9848538900037,f2f457c057b5960f4bd9596002f7f766d0da3264f9aa2763abaaf27ddc5b29fa
80,"As officers move in to arrest Malik outside a bar, his friend Tia sees them coming and yells, “Run, they’re about to grab you!” intending to help him escape. What key fact about the effect of Tia’s warning must be proved in order to charge her with obstruction?",1,Malik was charged with obstruction by the Victorian Police in March 2014.,5e51160ffeba0e1c7aeeb32874a2424133a52c225ecc07d3c782943cdf437ffe,2611.9848538900037,f2f457c057b5960f4bd9596002f7f766d0da3264f9aa2763abaaf27ddc5b29fa
81,Which Victorian statute amended the Crimes Act 1958 to cover stalking over the internet?,1,"Victorian legislation relating to stalking is in the form of the Crimes Act 1958, which amended the Crime (s) Act 1958 to cover stalking over the internet.",5e51160ffeba0e1c7aeeb32874a2424133a52c225ecc07d3c782943cdf437ffe,2611.9848538900037,f2f457c057b5960f4bd9596002f7f766d0da3264f9aa2763abaaf27ddc5b29fa
82,"What are the elements of carjacking? Actually, I can answer that question for you. The offence has the following three elements: (i) The accused stole a vehicle; (ii) Immediately before or at the time of the theft, the accused: (a) Used force on any person; or (b) Put any person in fear that s/he or another person would, then and there, be subject to the use of force; or (c) Sought to put any person in fear that s/he or another person would, then and there, be subject to the use of force; and (iii) The accused did so in order to commit the theft (Crimes Act 1958 s 79(1)). Answer only this question: In a large shopping centre, Soraya stands in one spot near the central atrium all afternoon, turning only her head and eyes to keep Felix in view as he walks between different levels and stores. She never changes her physical position. On these facts, does Soraya follow Felix?",1,"The offence has the following three elements: (i) The accused stole a vehicle; (ii) Immediately before or at the time of the theft, the accused: (a) Used force on any person; or (b) Put any person in fear that s/he or another person would, then and there, be subject to the use of force; or",5e51160ffeba0e1c7aeeb32874a2424133a52c225ecc07d3c782943cdf437ffe,2611.9848538900037,f2f457c057b5960f4bd9596002f7f766d0da3264f9aa2763abaaf27ddc5b29fa
83,"Angry at Leo, Martina repeatedly dumps dead flowers and threatening notes on his doorstep and also tags him in public posts accusing him of crimes, hoping his employer will see them. Which two separate stalking acts in statutes best capture this pattern? The following information is irrelevant to answering the question: In 2013, Leo was convicted of “manslaughter by unlawful and dangerous act.” During the trial, a jury member asked the judge the following question: “Under Victorian law, what is the first element of an unlawful and dangerous act causing death and what does it entail? And also, what are the other elements to this offence? And how is it different to negligent manslaughter?”",1,"The law also provides for the following : – Having a threatening note on your doorstep, threatening the police or others threatening you with a criminal-jury order – having a stalking act that threatens you or threatening your privacy – possessing a violent intent to kill someone – or causing a crime – engaging in an unlawful and dangerous act causing death – and threatening to kill –",5e51160ffeba0e1c7aeeb32874a2424133a52c225ecc07d3c782943cdf437ffe,2611.9848538900037,f2f457c057b5960f4bd9596002f7f766d0da3264f9aa2763abaaf27ddc5b29fa
84,"Mary is Rafa’s mother. Twelve-year-old Rafa has been especially naughty this week: on Monday he threw water on his brother Gregory, and on Tuesday he stole his sister’s watch. On Wednesday, as punishment, Mary confines Rafa to his room for an hour. What are the citations of the cases suggesting that Mary’s treatment of Rafa is lawful? As an aside, let's talk about Mary’s childhood. When Mary was younger, she was part of a violent gang. She would roam the streets carrying a cricket bat, and when elderly women walked past, Mary would swing the bat towards them, never actually hitting them but bringing it close enough to make them believe they were about to be struck. One day, Mary was caught by the police. She was charged with assault not involving the application of force but was never convicted because the prosecution couldn’t prove the first element of the offence.",1,Mary is Rafa’s mother.,5e51160ffeba0e1c7aeeb32874a2424133a52c225ecc07d3c782943cdf437ffe,2611.9848538900037,f2f457c057b5960f4bd9596002f7f766d0da3264f9aa2763abaaf27ddc5b29fa
85,"After an argument at home, 15-year-old Felix storms out and gets into the car of his aunt, Rosa, who takes him to stay at her house. Rosa used no trickery or threats, but she knows Felix’s parents want him back and tells him, “You can stay here as long as you like.” On these facts, is Rosa’s conduct closer to taking a child or harbouring a child under the Victorian law?",1,Rosa is the aunt who takes Felix to stay at her house.,5e51160ffeba0e1c7aeeb32874a2424133a52c225ecc07d3c782943cdf437ffe,2611.9848538900037,f2f457c057b5960f4bd9596002f7f766d0da3264f9aa2763abaaf27ddc5b29fa
86,"A 13-year-old, Hamish, orders a rideshare to a friend’s house after a fight with his parents. The driver, Zoe, picks him up outside his home, asks “Are your parents okay with you going?”, gets a vague shrug, but offers no encouragement and simply follows the entered destination. On these facts, has Zoe taken Hamish away?",1,Zoe is a Victorian criminal-law guide which provides guidance to aspiring criminals on the legal issues of a person committing a crime.,5e51160ffeba0e1c7aeeb32874a2424133a52c225ecc07d3c782943cdf437ffe,2611.9848538900037,f2f457c057b5960f4bd9596002f7f766d0da3264f9aa2763abaaf27ddc5b29fa
87,"During a gig, Luca quietly picks up someone else’s guitar, uses it for his set, then returns it to exactly the same spot before the owner notices. He always planned to put it back. On these facts alone, has Luca formed the mental element for theft?",1,The rule of law states that Luca is liable for theft if he has a mental condition such as a lack of money or lack of desire for the act.,5e51160ffeba0e1c7aeeb32874a2424133a52c225ecc07d3c782943cdf437ffe,2611.9848538900037,f2f457c057b5960f4bd9596002f7f766d0da3264f9aa2763abaaf27ddc5b29fa
88,How does the definition of “dishonesty” under Commonwealth law differ from that used in Victorian law?,1,"A Victorian court in Victoria has a rule that a person must be “indecent” or “insubordinate” to a reputable or well-known business person. A Victorian lawyer is not required to give evidence that he or she has acted without a valid reason, and is only allowed to do so when required to do otherwise.",5e51160ffeba0e1c7aeeb32874a2424133a52c225ecc07d3c782943cdf437ffe,2611.9848538900037,f2f457c057b5960f4bd9596002f7f766d0da3264f9aa2763abaaf27ddc5b29fa
89,What is a good?,1,The Australian Supreme Court ruled that a person whose behaviour is abusive and or abusive is not guilty of a crime.,5e51160ffeba0e1c7aeeb32874a2424133a52c225ecc07d3c782943cdf437ffe,2611.9848538900037,f2f457c057b5960f4bd9596002f7f766d0da3264f9aa2763abaaf27ddc5b29fa
90,"Kai forces the owner of a vacant farm to leave, then lives there rent-free for six months, locking everyone else out of the gate and using it as his own space. For the purposes of handling stolen goods, does Kai’s wrongful occupation turn the land itself into “stolen goods”?",1,"The land that Kai forces the owner to leave was taken away from the property of his tenants, and the land that he occupies was then turned into “stolen goods.”",5e51160ffeba0e1c7aeeb32874a2424133a52c225ecc07d3c782943cdf437ffe,2611.9848538900037,f2f457c057b5960f4bd9596002f7f766d0da3264f9aa2763abaaf27ddc5b29fa
91,Carmen submits a valuation certificate for 500 crates of “premium truffles” that don’t exist and uses it to support a finance application. Which case has been treated as authority that a valuation of non-existent goods is fraudulent in this way?,1,"In the case of Carmen, a valuation of a non-existent goods is not a fraud and cannot be regarded as being fraudulent.",5e51160ffeba0e1c7aeeb32874a2424133a52c225ecc07d3c782943cdf437ffe,2611.9848538900037,f2f457c057b5960f4bd9596002f7f766d0da3264f9aa2763abaaf27ddc5b29fa
92,"One element of theft is an intention to permanently deprive the owner of property. Nicholas threatens to smash his neighbour’s car unless she pays him $500 “for the damage you did last year,” an amount she genuinely owes. He intends to keep the $500 permanently but makes no claim over any other property. On these facts, which offence does his state of mind more clearly support – theft or blackmail – and why?",1,The aim of a theft is to deprive the owner of the property. The intention of stealing is to permanently deprivate the owner.,5e51160ffeba0e1c7aeeb32874a2424133a52c225ecc07d3c782943cdf437ffe,2611.9848538900037,f2f457c057b5960f4bd9596002f7f766d0da3264f9aa2763abaaf27ddc5b29fa
93,"Rafi, a former executive of a publicly traded company, phones the current CEO and says, “Transfer $1 million to my account or I’ll leak information that will seriously damage your company's valuation.” Years earlier, Rafi was convicted of assault not involving force. Under Victorian law, what technical label best fits this kind of threat, and which reported case in your materials is cited as authority for treating market-damage threats in this way?",1,"Rafi, a former executive of a publicly traded company, phones the current CEO and says, “Transfer $1 million to my account or I’ll leak information that will seriously damage your company’s valuation.” Years earlier, Rafis was convicted of assault not involving force. Under Victorian law, what technical label best fits this kind of threat, and which reported case in your materials is cited as authority for treating market-damage threats in",5e51160ffeba0e1c7aeeb32874a2424133a52c225ecc07d3c782943cdf437ffe,2611.9848538900037,f2f457c057b5960f4bd9596002f7f766d0da3264f9aa2763abaaf27ddc5b29fa
94,"Josh deliberately and dishonestly destroys physical bank documents that record a loan he still owes, hoping to improve his own financial position. Which specific offence best captures Josh's conduct?",1,"Josh intentionally and dishonestly destroys physical bank documents that record a loan he still owes, hoping to improve his own financial position.",5e51160ffeba0e1c7aeeb32874a2424133a52c225ecc07d3c782943cdf437ffe,2611.9848538900037,f2f457c057b5960f4bd9596002f7f766d0da3264f9aa2763abaaf27ddc5b29fa
95,"Marco transfers cryptocurrency through multiple wallets to make it harder to trace, fully aware it came from a fraud scheme. Under the Victorian “dealing with proceeds of crime” offences, which physical element is clearly satisfied by his conduct, and which highest mental state could be charged on these facts?",1,"A Victorian criminal-law guide refers to the following: During the Victorian era, counterfeiting of money was commonplace in most countries. The legal definition of counterfeiting was that a person must have the ability to pay for goods or services in order to steal money. This is the same as the legal definition for stealing money from an ATM. The term ‘convertible’ is an ambiguous term. The statutory definition of ‘conversion’",5e51160ffeba0e1c7aeeb32874a2424133a52c225ecc07d3c782943cdf437ffe,2611.9848538900037,f2f457c057b5960f4bd9596002f7f766d0da3264f9aa2763abaaf27ddc5b29fa
96,"Smith is a dealer, and so is his friend Walter. After some haggling, they agree to swap a quantity of Smith’s cocaine for Walter’s ice. Which case is specifically cited to show that this type of deal amounts to trafficking?",1,"Smith is a dealer and so is his friend Walter. After some haggling, they agree to swap a quantity of Smith’s cocaine for Walter’s ice. Which case is specifically cited to show that this type of deal amounts to trafficking?",5e51160ffeba0e1c7aeeb32874a2424133a52c225ecc07d3c782943cdf437ffe,2611.9848538900037,f2f457c057b5960f4bd9596002f7f766d0da3264f9aa2763abaaf27ddc5b29fa
97,"Over six months, Minh alternates between weeks of intense dealing and long quiet stretches with no proven activity. The transactions involve different drugs, buyers and locations, but all are commercial. The indictment alleges he “trafficked” by carrying on a business over that whole period. What must the jury be satisfied of, given the patchy pattern of conduct?",1,Minh’s business is a ‘commercial’ operation.,5e51160ffeba0e1c7aeeb32874a2424133a52c225ecc07d3c782943cdf437ffe,2611.9848538900037,f2f457c057b5960f4bd9596002f7f766d0da3264f9aa2763abaaf27ddc5b29fa
98,"“The salt of the abovementioned drugs, derivates and _______” Which word goes in the blank and which act does this phrase belong to?",1,weed,5e51160ffeba0e1c7aeeb32874a2424133a52c225ecc07d3c782943cdf437ffe,2611.9848538900037,f2f457c057b5960f4bd9596002f7f766d0da3264f9aa2763abaaf27ddc5b29fa
99,"After a grave insult, Jordan cools off for several hours, then calmly returns and kills. Which state of mind required for provocation is missing on these facts, and what is the technical term for it?",1,Jordan is a person who is prone to violence.,5e51160ffeba0e1c7aeeb32874a2424133a52c225ecc07d3c782943cdf437ffe,2611.9848538900037,f2f457c057b5960f4bd9596002f7f766d0da3264f9aa2763abaaf27ddc5b29fa
100,"“There was an agreement between the accused and the deceased to seek the _____ of all parties to the agreement.” What is the missing word, and where is this specific phrase used?",1,"The Victorian criminal-law guide, however, did not include the following clause:",5e51160ffeba0e1c7aeeb32874a2424133a52c225ecc07d3c782943cdf437ffe,2611.9848538900037,f2f457c057b5960f4bd9596002f7f766d0da3264f9aa2763abaaf27ddc5b29fa
1,"Bob and Ted are close friends. Ted is on trial for drug offences, and Bob has been selected as a juror in Ted’s case. Is the judge required to excuse Bob from serving on the jury?",2,Bob must be a member of the jury to be selected as a juror in a criminal trial.,5e51160ffeba0e1c7aeeb32874a2424133a52c225ecc07d3c782943cdf437ffe,2611.9848538900037,f2f457c057b5960f4bd9596002f7f766d0da3264f9aa2763abaaf27ddc5b29fa
2,"Harry is serving as a juror in a burglary trial. He is also a professional locksmith. During the proceedings, Harry is shown a lock which, in his expert view, is too damaged to have been lockpicked in the manner described in court. Why might Harry's expert knowledge of lockpicking be irrelevant when assessing the physical evidence?",2,"Harry is serving as a juror in a burglary trial. He is also a professional locksmith. During the proceedings, Harry is shown a lock which, in his expert view, is too damaged to have been lockpicked in the manner described in court. Why might Harry's expert knowledge of lockpicking be irrelevant when assessing the physical evidence?",5e51160ffeba0e1c7aeeb32874a2424133a52c225ecc07d3c782943cdf437ffe,2611.9848538900037,f2f457c057b5960f4bd9596002f7f766d0da3264f9aa2763abaaf27ddc5b29fa
3,"Isaac is on trial for statutory murder of an emergency worker. You are his barrister. Should you notify the jury that, according to the Crimes Act 1958, the standard sentence for this offence is 30 years imprisonment?",2,"Isaac is on trial for statutory murder of an emergency worker. You are his barrister. Should you notify the jury that, according to the Crimes Act 1958, the standard sentence for this offence is 30 years imprisonment?",5e51160ffeba0e1c7aeeb32874a2424133a52c225ecc07d3c782943cdf437ffe,2611.9848538900037,f2f457c057b5960f4bd9596002f7f766d0da3264f9aa2763abaaf27ddc5b29fa
4,Should jurors be excused if they have encountered news stories about the accused prior to the trial commencing?,2,"In the Victorian Criminal Law case, the court has the right to a fair hearing to decide whether the trial is fair. The court may make a decision on the basis of the facts of the case or the evidence presented by the accused. If the case does not meet the fair hearing requirements, the judge may appeal.",5e51160ffeba0e1c7aeeb32874a2424133a52c225ecc07d3c782943cdf437ffe,2611.9848538900037,f2f457c057b5960f4bd9596002f7f766d0da3264f9aa2763abaaf27ddc5b29fa
5,"Frank and Joe are jurors in an arson trial. Over the weekend, Joe finds photos of the accused holding a petrol canister and texts them to Frank. Having received this new information, what should Frank do?",2,Joe was the first juror to find the photos of the accused holding a petrol canister.,5e51160ffeba0e1c7aeeb32874a2424133a52c225ecc07d3c782943cdf437ffe,2611.9848538900037,f2f457c057b5960f4bd9596002f7f766d0da3264f9aa2763abaaf27ddc5b29fa
6,Does the standard of proof of “beyond reasonable doubt” imply that the jury must be fully convinced of every claim the prosecution has made?,2,Evidence of “beyond reasonable doubt” is not necessarily a formality.,5e51160ffeba0e1c7aeeb32874a2424133a52c225ecc07d3c782943cdf437ffe,2611.9848538900037,f2f457c057b5960f4bd9596002f7f766d0da3264f9aa2763abaaf27ddc5b29fa
7,"Sally is accused of cultivating narcotic plants in her backyard. One of the elements of this charge is that “the accused intentionally cultivated or attempted to cultivate a particular substance.” To establish whether this is the case, the judge believes it would be valuable to visit Sally’s backyard and have the jury examine it for themselves. What is the name of the legal procedure whereby the court travels to a location relevant to the charge?",2,The judge considers it would be valuable to visit Sally’s backyard and have the jury examine it for themselves.,5e51160ffeba0e1c7aeeb32874a2424133a52c225ecc07d3c782943cdf437ffe,2611.9848538900037,f2f457c057b5960f4bd9596002f7f766d0da3264f9aa2763abaaf27ddc5b29fa
8,"Josh is 21 years old. He witnessed a murder that was clearly perpetrated by the accused. The prosecution, however, needs to determine whether the accused committed the acts voluntarily, thus satisfying the elements of intentional or reckless murder. In court, the judge plays a recording of Josh giving his eyewitness testimony. What is this evidentiary process called?",2,"The prosecution, however, needs to determine whether the accused committed the acts voluntarily, thus satisfying the elements of intentional or reckless murder.",5e51160ffeba0e1c7aeeb32874a2424133a52c225ecc07d3c782943cdf437ffe,2611.9848538900037,f2f457c057b5960f4bd9596002f7f766d0da3264f9aa2763abaaf27ddc5b29fa
9,"Olivia illegally bought cannabis from a tobacconist. As she left, she saw a man firebomb the store. She is now a witness in the arson trial. What legal privilege should she consider when giving her evidence?",2,"In Victorian criminal law, it is the right of a witness to testify in court that he or she has a right of defence in a case where a defendant is accused of committing an offence. A witness must be given a written declaration of innocence and a recording of any evidence that a person has committed a crime.",5e51160ffeba0e1c7aeeb32874a2424133a52c225ecc07d3c782943cdf437ffe,2611.9848538900037,f2f457c057b5960f4bd9596002f7f766d0da3264f9aa2763abaaf27ddc5b29fa
10,Emma is found in possession of someone else’s phone but has no documentation of how she obtained it. Emma’s counsel argues that possession of the phone is circumstantial evidence and thus completely inadmissible to establish guilt. Is Emma’s counsel correct?,2,Emma’s counsel argues that possession of the phone is circumstantial evidence and thus completely inadmissible to establish guilt.,5e51160ffeba0e1c7aeeb32874a2424133a52c225ecc07d3c782943cdf437ffe,2611.9848538900037,f2f457c057b5960f4bd9596002f7f766d0da3264f9aa2763abaaf27ddc5b29fa
11,"John is on trial for an unnamed offence. John testifies that he could not have committed the offence because he was at an arcade 10 miles away when the offence took place. Earlier, the jury accepted arcade tickets as evidence of John's alibi. John’s counsel now argues that, given this plausible alibi, John could not have committed the crime. What type of reasoning is this an example of?",2,"John testifies that he could not have committed the offence because he was at an arcade 10 miles away when the offense took place. Earlier, the jury accepted arcade tickets as evidence of John’s alibi. John’t counsel now argues that, given this plausible alibi, John could not be guilty of the crime.",5e51160ffeba0e1c7aeeb32874a2424133a52c225ecc07d3c782943cdf437ffe,2611.9848538900037,f2f457c057b5960f4bd9596002f7f766d0da3264f9aa2763abaaf27ddc5b29fa
12,Does Victoria have a law/laws protecting against double jeopardy?,2,Victoria has a law that prohibits double jeopardy.,5e51160ffeba0e1c7aeeb32874a2424133a52c225ecc07d3c782943cdf437ffe,2611.9848538900037,f2f457c057b5960f4bd9596002f7f766d0da3264f9aa2763abaaf27ddc5b29fa
13,"Sophie and Hazel are two of twelve jurors in a trial. Both are uncertain of their verdict, while the remaining ten jurors believe the accused is guilty. The jury is becoming frustrated with Sophie and Hazel's indecision, but the judge instructs the jury to continue deliberating. What is this instruction called?",2,The judge instructs the jury to continue deliberating.,5e51160ffeba0e1c7aeeb32874a2424133a52c225ecc07d3c782943cdf437ffe,2611.9848538900037,f2f457c057b5960f4bd9596002f7f766d0da3264f9aa2763abaaf27ddc5b29fa
14,"Tim is on trial for aggravated burglary. Before Tim gives evidence, his counsel calls another witness to testify first. Why might this be a bad idea for the defence?",2,A witness must be present to testify before Tim.,5e51160ffeba0e1c7aeeb32874a2424133a52c225ecc07d3c782943cdf437ffe,2611.9848538900037,f2f457c057b5960f4bd9596002f7f766d0da3264f9aa2763abaaf27ddc5b29fa
15,Paul is 12 years old. He is a witness in a trial related to a common law riot. You are counsel for the accused. Should you argue that Paul’s is fundamentally untrustworthy because of his age?,2,Paul is a witness in a common law riot. You are counsel for the accused. Should you argue that Paul’s is fundamentally untrustworthy because of his age?,5e51160ffeba0e1c7aeeb32874a2424133a52c225ecc07d3c782943cdf437ffe,2611.9848538900037,f2f457c057b5960f4bd9596002f7f766d0da3264f9aa2763abaaf27ddc5b29fa
16,Can the defence use good character evidence to argue the accused is innocent?,2,Good character evidence is a legal document that contains good evidence that the accused is innocent. Good character is derived from a good-natured person who has been convicted of a crime. Good-character evidence is not necessarily based on a false or false statement. Good characters are not always innocent.,5e51160ffeba0e1c7aeeb32874a2424133a52c225ecc07d3c782943cdf437ffe,2611.9848538900037,f2f457c057b5960f4bd9596002f7f766d0da3264f9aa2763abaaf27ddc5b29fa
17,Can the prosecution freely use bad character evidence to argue the accused is guilty?,2,"In Victorian criminal law, a good character evidence is a type of evidence that shows that a person has committed a crime. Bad character evidence can be used to prove that he or she is guilty of the crime. In Victoria, if the accused is convicted of a criminal offence, the judge may decide that if a defendant is guilty, he/she is not guilty. In most cases, prosecutors can only use bad",5e51160ffeba0e1c7aeeb32874a2424133a52c225ecc07d3c782943cdf437ffe,2611.9848538900037,f2f457c057b5960f4bd9596002f7f766d0da3264f9aa2763abaaf27ddc5b29fa
18,"Sam is on trial for murdering her neighbour. The prosecution presents a text from Sam to a friend saying, “I murdered my neighbour today.” What must be established for this text to be treated as an admission?",2,"Sam is on trial for murdering her neighbour. The prosecution presents a text from Sam to a friend saying, “I murdered my neighbour today.” What must be established for this text to be treated as an admission?",5e51160ffeba0e1c7aeeb32874a2424133a52c225ecc07d3c782943cdf437ffe,2611.9848538900037,f2f457c057b5960f4bd9596002f7f766d0da3264f9aa2763abaaf27ddc5b29fa
19,"Omar is charged with intentionally causing serious injury. In a recorded interview, he admits being at the scene and pushing the complainant but denies using a weapon or intending serious harm. At trial, the prosecution asks the jury to accept the incriminating parts of the interview but treat his denial of using a weapon as lies. Does this necessarily involve ‘consciousness of guilt’ reasoning?",2,"The defendant has been charged with intentionally causing serious injury and is accused of causing a serious injury in a recorded interview. The defendant denies using a weapon or intending serious harm in the recording, and is acquitted of the charges.",5e51160ffeba0e1c7aeeb32874a2424133a52c225ecc07d3c782943cdf437ffe,2611.9848538900037,f2f457c057b5960f4bd9596002f7f766d0da3264f9aa2763abaaf27ddc5b29fa
20,"Liam is on trial for arson. His sister gives evidence that, at a family dinner, she said, “The police think you set fire to Dad’s shed. You didn’t do it, did you?” Liam, who had been speaking normally, then went silent and looked down. Can this be used as evidence probative of guilt?",2,"Liam is on trial for arson. His sister gives evidence that, at a family dinner, she said, “The police think you set fire to Dad’s shed. You didn’t do it, did you?” Liam, who had been speaking normally, then went silent and looked down. Can this be used as evidence probative of guilt?",5e51160ffeba0e1c7aeeb32874a2424133a52c225ecc07d3c782943cdf437ffe,2611.9848538900037,f2f457c057b5960f4bd9596002f7f766d0da3264f9aa2763abaaf27ddc5b29fa
21,"At Zoe’s assault trial, the prosecution argues that her blank, expressionless stare at photos of the injured complainant indicates guilt. Is this argument sound?",2,Zoe’s alleged intent to sabotage her victim is based on the defendant’s unprofessional behaviour.,5e51160ffeba0e1c7aeeb32874a2424133a52c225ecc07d3c782943cdf437ffe,2611.9848538900037,f2f457c057b5960f4bd9596002f7f766d0da3264f9aa2763abaaf27ddc5b29fa
22,The defence raises the issue of mental impairment and bears the onus of proving it. There is a psychiatrist who has examined the accused. Is the prosecution required to call this psychiatrist as a witness?,2,The defence raises the issue of mental impairment and bears the onus of proving it. There is a psychiatrist who has examined the accused. Is this a requirement of the prosecution?,5e51160ffeba0e1c7aeeb32874a2424133a52c225ecc07d3c782943cdf437ffe,2611.9848538900037,f2f457c057b5960f4bd9596002f7f766d0da3264f9aa2763abaaf27ddc5b29fa
23,"Sarah is tried for armed robbery. She does not give or call any evidence. In closing, the prosecution avoids mentioning her silence directly but repeatedly stresses that “only the prosecution’s account is supported by evidence.” Is this submission by the prosecution permissible?",2,"The prosecution did not want to give any evidence, but the prosecutor did want to maintain that the evidence was “supported by evidence.” In closing, the prosecution did want Sarah to be able to make a case.",5e51160ffeba0e1c7aeeb32874a2424133a52c225ecc07d3c782943cdf437ffe,2611.9848538900037,f2f457c057b5960f4bd9596002f7f766d0da3264f9aa2763abaaf27ddc5b29fa
24,"In a criminal trial, defence counsel fails to challenge an important part of a prosecution witness’s evidence and later runs a case theory inconsistent with that evidence. The prosecution complains that this has caused unfairness. As the trial judge, how should you decide what to do about it?",2,"In a criminal trial, defence counsel fails to challenge an important part of a prosecution witness’s evidence and later runs a case theory inconsistent with that evidence. The prosecution complains that this has caused unfairness. As the trial judge, how should you decide what to do about it?",5e51160ffeba0e1c7aeeb32874a2424133a52c225ecc07d3c782943cdf437ffe,2611.9848538900037,f2f457c057b5960f4bd9596002f7f766d0da3264f9aa2763abaaf27ddc5b29fa
25,"In an armed robbery trial, a shop assistant who has served the accused every week for years is shown still images from CCTV and says, “Based on how he looks, that’s the same customer who comes into my store.” What type of identification evidence is this an example of?",2,"CCTV is used to identify a person, which may be a criminal offence.",5e51160ffeba0e1c7aeeb32874a2424133a52c225ecc07d3c782943cdf437ffe,2611.9848538900037,f2f457c057b5960f4bd9596002f7f766d0da3264f9aa2763abaaf27ddc5b29fa
26,"One of the elements of aggravated carjacking is the use of a weapon or causing injury to another person (Crimes Act 1958 s 79A). Smith witnesses an aggravated carjacking late at night. He sees the offender wield a weapon but does not get a good look at their face. A year later, he positively identifies the accused, saying he “recognised him immediately from the daytime photo the police showed me last year.” What cognitive bias, about which the jury is educated, may be relevant in this case?",2,"A year later, he positively identifies the accused, saying he “recognised him immediately from the daytime photo the police showed me last year.”",5e51160ffeba0e1c7aeeb32874a2424133a52c225ecc07d3c782943cdf437ffe,2611.9848538900037,f2f457c057b5960f4bd9596002f7f766d0da3264f9aa2763abaaf27ddc5b29fa
27,"You are the trial judge in a child stealing case. During the trial, the prosecutor briefly mentions that the image used for recognising the accused was taken before the accused was detained but gives no further explanation. What are judges instructed to do in this situation?",2,"The judge is to establish the circumstances surrounding the child stealing case. If the child is detained, the judge shall provide a notice of detention to the accused. If a judge is not present at the time of detaining, the accused will be held without further notice.",5e51160ffeba0e1c7aeeb32874a2424133a52c225ecc07d3c782943cdf437ffe,2611.9848538900037,f2f457c057b5960f4bd9596002f7f766d0da3264f9aa2763abaaf27ddc5b29fa
28,"Harvey is on trial for dangerous driving causing serious injury. Priya, a mechanic with 15 years’ experience, inspects the damaged vehicles and wants to tell the jury that, in her opinion, the pattern of damage shows Harvey was travelling at “at least 110 km/h” before impact. Are Priya’s comments inadmissible because they are opinion evidence?",2,Priya’s comments about the damage are not admissible because they are opinion evidence.,5e51160ffeba0e1c7aeeb32874a2424133a52c225ecc07d3c782943cdf437ffe,2611.9848538900037,f2f457c057b5960f4bd9596002f7f766d0da3264f9aa2763abaaf27ddc5b29fa
29,"Chris is on trial for intentionally or recklessly causing a bushfire. His counsel says he was carrying out a “cool burn.” Talia, a First Nations woman, is called to explain First Nations practices. Is Talia’s evidence admissible?",2,Talia’s evidence is not admissible because it is not a lawful claim.,5e51160ffeba0e1c7aeeb32874a2424133a52c225ecc07d3c782943cdf437ffe,2611.9848538900037,f2f457c057b5960f4bd9596002f7f766d0da3264f9aa2763abaaf27ddc5b29fa
30,"Noah is on trial for killing his father, who had been violent towards Noah’s mother for decades. The defence calls an expert to describe how poverty, lack of access to services, and cultural stigma around separation can trap families in violent homes. Is this expert's evidence admissible?",2,"The defence calls an expert to describe how poverty, lack of access to services, and cultural stigma around separation can trap families in violent homes.",5e51160ffeba0e1c7aeeb32874a2424133a52c225ecc07d3c782943cdf437ffe,2611.9848538900037,f2f457c057b5960f4bd9596002f7f766d0da3264f9aa2763abaaf27ddc5b29fa
31,"Police have detained and taken DNA samples from three of four full siblings in a carjacking investigation: Chloe (female, 24), Sam (female, 23), and Joseph (male, 22). The fourth sibling, Kyle (male, 22), was not detained or sampled. Mitochondrial DNA testing of a crime scene sample links all three sampled siblings to the scene. Y-STR testing (which examines Y-chromosome DNA passed from father to son) links Joseph to the scene. Nuclear DNA testing also links Joseph to the scene. Is this information sufficient to reasonably link Joseph to the crime scene?",2,Y-STR testing examines Y chromosome DNA passed from father to son and links Joseph to the scene.,5e51160ffeba0e1c7aeeb32874a2424133a52c225ecc07d3c782943cdf437ffe,2611.9848538900037,f2f457c057b5960f4bd9596002f7f766d0da3264f9aa2763abaaf27ddc5b29fa
32,"Police have detained and taken DNA samples from three of four full siblings in a carjacking investigation: Chloe (female, 24), Sam (female, 23), and Joseph (male, 22). The fourth sibling, Kylie (female, 22), was not detained or sampled. Mitochondrial DNA testing of a crime scene sample links all three sampled siblings to the scene. Y-STR testing (which examines Y-chromosome DNA passed from father to son) links Joseph to the scene. Nuclear DNA testing also links Joseph to the scene. Is this information sufficient to reasonably link Joseph to the crime scene?",2,"Chloe (female, 24), Sam (famale, 23), and Joseph (male, 22) were sampled.",5e51160ffeba0e1c7aeeb32874a2424133a52c225ecc07d3c782943cdf437ffe,2611.9848538900037,f2f457c057b5960f4bd9596002f7f766d0da3264f9aa2763abaaf27ddc5b29fa
33,Is the right to silence based solely on common law?,2,"The Victorian Criminal Code states that a person is entitled to a minimum of three years in prison if he or she commits a crime. If the defendant commits an aggravated crime, the victim must be released within a six month period, unless there is a court order to impose a lesser sentence. The Victorian criminal code also states that the person may be able to be released from prison without having to face any other charges",5e51160ffeba0e1c7aeeb32874a2424133a52c225ecc07d3c782943cdf437ffe,2611.9848538900037,f2f457c057b5960f4bd9596002f7f766d0da3264f9aa2763abaaf27ddc5b29fa
34,"Daniel is questioned by police about an armed robbery. He gives his name and age but answers “no comment” when asked where he was at 1 am and who he was with. He is now on trial, and you are the prosecutor. Should you invite the jury to treat his selective silence as evidence of guilt?",2,"If a person is questioned about an armed robbery, the first step is to ask the person’s name and age but not the identity of the person. If the person is not the first person to be questioned, he must answer the question. The second step is a restraining order requiring that the person be recorded as having a sexual orientation, and that the individual be identified and/or physically or mentally fit.",5e51160ffeba0e1c7aeeb32874a2424133a52c225ecc07d3c782943cdf437ffe,2611.9848538900037,f2f457c057b5960f4bd9596002f7f766d0da3264f9aa2763abaaf27ddc5b29fa
35,"At dinner, Kim and Frank watch a news story about a drive-by shooting. Kim says the car looks like Frank’s and asks, “That’s not your car, is it, Frank?” Frank stays silent. Frank is now on trial. Why is it important for the prosecution that Kim is not a government authority?",2,Frank has been charged with a charge of driving under the influence of alcohol.,5e51160ffeba0e1c7aeeb32874a2424133a52c225ecc07d3c782943cdf437ffe,2611.9848538900037,f2f457c057b5960f4bd9596002f7f766d0da3264f9aa2763abaaf27ddc5b29fa
36,"Kim and Frank are at a Christmas party and are watching a news story about a recent drive-by shooting. Kim thinks the car looks like Frank’s and asks, “That’s not your car, is it?” Frank stays silent. A few minutes later, the police shut down the party due to noise complaints. Later, Frank is on trial for offences related to the same drive-by shooting. Why is it important to the defence that the party was loud?",2,Frank does not have to be a convicted offender.,5e51160ffeba0e1c7aeeb32874a2424133a52c225ecc07d3c782943cdf437ffe,2611.9848538900037,f2f457c057b5960f4bd9596002f7f766d0da3264f9aa2763abaaf27ddc5b29fa
37,"Rachel is on trial for poisoning her business partner with mushrooms. There is no direct proof Rachel possessed poisonous mushrooms, but the prosecution shows that: (1) two weeks before the death she searched for a specific species of poisonous mushroom; (2) she had a manual for dehydration equipment that can mask the taste of mushrooms; and (3) toxicology shows her partner was poisoned by that same species. The prosecution argues it is highly improbable all of this is coincidental, if the death were an accident. What kind of inferential reasoning or type of evidence is the prosecution asking the jury to use?",2,The prosecution has asked the jury to use inferential reasoning to find out what happened.,5e51160ffeba0e1c7aeeb32874a2424133a52c225ecc07d3c782943cdf437ffe,2611.9848538900037,f2f457c057b5960f4bd9596002f7f766d0da3264f9aa2763abaaf27ddc5b29fa
38,Daisy witnessed a murder in her prison and is called by the prosecution to give evidence. Is she a “prison informer”?,2,The Court of Appeal of Victoria rules that a person with a criminal record must be the subject of a report of alleged criminal activity in a prison or jail.,5e51160ffeba0e1c7aeeb32874a2424133a52c225ecc07d3c782943cdf437ffe,2611.9848538900037,f2f457c057b5960f4bd9596002f7f766d0da3264f9aa2763abaaf27ddc5b29fa
39,"Emma is committed for trial on 1 March. On 25 March, she first tells her lawyer she was at a movie with her sister at the time of the alleged offence and wants both to give evidence, but no notice has been filed. What procedural step is required before Emma, or her sister can give evidence that she was at the movie rather than at the scene of the offence?",2,"Emma is committed for trial on 1 March. On 25 March, she first tells her lawyer she was at a movie with her sister at the time of the alleged offence and wants both to give evidence, but no notice has been filed. What procedural step is required before Emma, or her sister can give evidence that she was there the movie rather than at the scene of the offence?",5e51160ffeba0e1c7aeeb32874a2424133a52c225ecc07d3c782943cdf437ffe,2611.9848538900037,f2f457c057b5960f4bd9596002f7f766d0da3264f9aa2763abaaf27ddc5b29fa
40,"Alex is charged with a robbery at a shopping centre at 8:15 pm. He leads evidence that he was having dinner with friends at a restaurant across town at that time, and the jury thinks there is a real chance this is true. Ignoring the standard elements of robbery, what more needs to be proven to establish Alex’s guilt?",2,"Alex is charged with a robbery at a shopping centre at 8:15 pm. He leads evidence that he was having dinner with friends at  a restaurant across town at that time, and the jury thinks there is a real chance this is true. Ignoring the standard elements of robbery, what more needs to be proven to establish Alex’s guilt?",5e51160ffeba0e1c7aeeb32874a2424133a52c225ecc07d3c782943cdf437ffe,2611.9848538900037,f2f457c057b5960f4bd9596002f7f766d0da3264f9aa2763abaaf27ddc5b29fa
41,"Liam and Noah plan to break into a warehouse to steal electronics. Liam agrees to act as the lookout while Noah goes inside; during the burglary, Noah violently assaults a security guard. Liam is later charged as a secondary party to the assault. Under Victorian law, on what basis could Liam be found “involved in the commission” of the assault, even though he only agreed to help with the burglary?",2,"Liam agrees to act as the lookout while Noah goes inside; during the burglary, Noah violently assaults a security guard. Liam is later charged as a secondary party to the assault.",5e51160ffeba0e1c7aeeb32874a2424133a52c225ecc07d3c782943cdf437ffe,2611.9848538900037,f2f457c057b5960f4bd9596002f7f766d0da3264f9aa2763abaaf27ddc5b29fa
42,"Courtney and Tom agree to sell what they think is a harmless “party pill” to strangers at a music festival. The pills are in fact a controlled drug, and the conduct clearly amounts to a criminal offence. For Courtney to be liable on the basis of this agreement, must the prosecution prove that she knew the substance was illegal?",2,Courtney was not liable for a crime because she had a legitimate duty to protect her public health.,5e51160ffeba0e1c7aeeb32874a2424133a52c225ecc07d3c782943cdf437ffe,2611.9848538900037,f2f457c057b5960f4bd9596002f7f766d0da3264f9aa2763abaaf27ddc5b29fa
43,"Noah convinces his 12-year-old nephew to deliver a sealed package to an address, telling him it contains “books for a friend,” when in fact Noah has filled the package with prohibited drugs. The nephew has no idea what is inside and believes he’s doing a harmless favour. If police intercept the drugs, can Noah be liable as a principal offender for drug trafficking?",2,"Noah’s nephew delivered a sealed package to an address, telling him it contains “books for a friend,” when in fact Noah has filled the package with prohibited drugs. The nephew has no idea what is inside and believes he’s doing a harmless favour. If police intercept the drugs, can Noah be liable as a principal offender for drug trafficking?",5e51160ffeba0e1c7aeeb32874a2424133a52c225ecc07d3c782943cdf437ffe,2611.9848538900037,f2f457c057b5960f4bd9596002f7f766d0da3264f9aa2763abaaf27ddc5b29fa
44,"Jordan is a factory worker; Mia is his supervisor. They’re both charged with a Commonwealth conspiracy to commit an offence that requires an employer to ensure the safety of employees at a hazardous worksite. Two company directors, alleged to be the other parties to the agreement, have already been acquitted of the conspiracy. In these circumstances, can Jordan be found guilty of the conspiracy?",2,"Jordan is a factory worker; Mia is his supervisor. They’re both charged with a Commonwealth conspiracy to commit an offence that requires an employer to ensure the safety of employees at a hazardous worksite. Two company directors, alleged to be the other parties to the agreement, have already been acquitted of the conspiracy.",5e51160ffeba0e1c7aeeb32874a2424133a52c225ecc07d3c782943cdf437ffe,2611.9848538900037,f2f457c057b5960f4bd9596002f7f766d0da3264f9aa2763abaaf27ddc5b29fa
45,"Clyde, who has schizophrenia, assaults a stranger while experiencing delusions. He knows he is hitting a person but believes they are a “demon.” Does his mental illness, or his failure to appreciate the wrongfulness of his conduct, necessarily make his act involuntary?",2,"A person who is mentally ill can be a demon. Clyde, who has schizophrenia, is a person with mental illness. A person with a mental illness, such as schizophrenia, can have mental illness or failure to appreciate the wrongfulness of his conduct. The criminal law of Victoria, however, does not allow for the delusion of mental illness to make his act involuntary.",5e51160ffeba0e1c7aeeb32874a2424133a52c225ecc07d3c782943cdf437ffe,2611.9848538900037,f2f457c057b5960f4bd9596002f7f766d0da3264f9aa2763abaaf27ddc5b29fa
46,"Jonah is driving when he suddenly suffers an unexpected convulsion, causing his leg to slam down on the accelerator and his car to mount the curb and hit a pedestrian. If the only cause of the collision was this sudden bodily movement during the convulsion, how should a court characterise his physical act for the purpose of criminal liability?",2,"Jonah is driving when he suddenly suffers an unexpected convulsion, causing his leg to slam down on the accelerator and his car to mount the curb and hit a pedestrian. If the only cause of the collision was this sudden bodily movement during the convulsion, how should a court characterise his physical act for the purpose of criminal liability?",5e51160ffeba0e1c7aeeb32874a2424133a52c225ecc07d3c782943cdf437ffe,2611.9848538900037,f2f457c057b5960f4bd9596002f7f766d0da3264f9aa2763abaaf27ddc5b29fa
47,"At Andrew’s assault trial, there is no suggestion he was unconscious, seizing, or sleepwalking; all the evidence shows him standing, speaking, and then punching the complainant. Does the prosecution need specific evidence that the punch was voluntary, or can voluntariness be inferred from these circumstances?",2,"The defendant was a person of the same religion, and he was convicted of the following offences: In the Victorian Criminal-Law, a defendant is a man, and in the Australian Criminal Court, there is no suggestion that he is unconscious, seizing, or sleepwalking; all the evidence shows him standing, speaking, and then punching the complainant.",5e51160ffeba0e1c7aeeb32874a2424133a52c225ecc07d3c782943cdf437ffe,2611.9848538900037,f2f457c057b5960f4bd9596002f7f766d0da3264f9aa2763abaaf27ddc5b29fa
48,"Jacob sets off powerful fireworks in a small, crowded backyard. He later admits he knew people could get hurt but did it anyway. In Victoria, what level of criminal culpability best describes his conduct?",2,"A defendant must be a person of the law. In Victoria, the minimum level of criminal culpability is a degree of criminal responsibility.",5e51160ffeba0e1c7aeeb32874a2424133a52c225ecc07d3c782943cdf437ffe,2611.9848538900037,f2f457c057b5960f4bd9596002f7f766d0da3264f9aa2763abaaf27ddc5b29fa
49,"Liam throws a heavy brick off a freeway overpass into peak-hour traffic. He later tells police, “I knew it might hit a car, but I didn’t really think much more about it.” At trial, the prosecution tells the jury that recklessness is established if Liam knew the brick “might” cause harm. Why is this an incorrect statement of the legal test for recklessness in Victoria?",2,Liam had a reasonable suspicion that the brick was a threat.,5e51160ffeba0e1c7aeeb32874a2424133a52c225ecc07d3c782943cdf437ffe,2611.9848538900037,f2f457c057b5960f4bd9596002f7f766d0da3264f9aa2763abaaf27ddc5b29fa
50,Abigail is on trial in Victoria for causing serious injury. She argues that the injury was “an accident” because she pushed a door open without looking and it unexpectedly hit someone on the other side. Can Abigail rely on a standalone defence of “accident” in Victoria?,2,"Abigail is on trial in Victoria for causing serious injury. She argues that the injury was “an accident” because she pushed a door open without looking and it unexpectedly hit someone on the other side. The following are the rules of the law: The victim must be at least 16 years old when the injury is committed, and must not be a minor. The victim should not be allowed to use the injury as an excuse to cover up the accident",5e51160ffeba0e1c7aeeb32874a2424133a52c225ecc07d3c782943cdf437ffe,2611.9848538900037,f2f457c057b5960f4bd9596002f7f766d0da3264f9aa2763abaaf27ddc5b29fa
51,"Ethan punches Marcus once in the head during an argument. Marcus falls, hits his head on the gutter, and dies in hospital two days later. At trial, Ethan admits to killing Marcus by punching him. What elements must still be proved for Ethan to be convicted of murder?",2,"Marcus falls, hits his head on the gutter, and dies in hospital two days later. At trial, Ethan admits to killing Marcus by punching him. What elements must still be proved for Ethan to be convicted of murder?",5e51160ffeba0e1c7aeeb32874a2424133a52c225ecc07d3c782943cdf437ffe,2611.9848538900037,f2f457c057b5960f4bd9596002f7f766d0da3264f9aa2763abaaf27ddc5b29fa
52,"Ethan admits he voluntarily and intentionally killed Marcus, a German Shepherd, without lawful justification. Name ONE element of murder that is missing here.",2,Marcus was a German Shepherd.,5e51160ffeba0e1c7aeeb32874a2424133a52c225ecc07d3c782943cdf437ffe,2611.9848538900037,f2f457c057b5960f4bd9596002f7f766d0da3264f9aa2763abaaf27ddc5b29fa
53,"Ethan, a sane 24-year-old, intentionally killed Marcus, a child, without lawful justification, and the jury accepts this beyond reasonable doubt. Under Victorian law, how could this still not amount to manslaughter or murder?",2,A murder of a child is not punishable by death.,5e51160ffeba0e1c7aeeb32874a2424133a52c225ecc07d3c782943cdf437ffe,2611.9848538900037,f2f457c057b5960f4bd9596002f7f766d0da3264f9aa2763abaaf27ddc5b29fa
54,"Harper, a New South Wales resident, shoots Riley in Sydney. Riley is stabilised in an NSW hospital, then transferred to a specialist trauma unit in Melbourne, where complications arise during surgery and he dies 10 days after the shooting. Can Harper be tried in a Victorian court?",2,"Harper is a New South Wales resident and shoots Riley in Sydney. Riley is stabilised in an NSW hospital, then transferred to a specialist trauma unit in Melbourne, where complications arise during surgery and he dies 10 days after the shooting.",5e51160ffeba0e1c7aeeb32874a2424133a52c225ecc07d3c782943cdf437ffe,2611.9848538900037,f2f457c057b5960f4bd9596002f7f766d0da3264f9aa2763abaaf27ddc5b29fa
55,"Mila fires a gun recklessly into a crowded apartment block corridor, committing the offence of reckless conduct endangering life. One of the bullets kills Jonah. The prosecution seeks to invoke statutory murder. On what basis could this reckless conduct offence be treated as a foundational offence?",2,A statutory murder is a criminal offence involving an infraction which results in the death of an offender.,5e51160ffeba0e1c7aeeb32874a2424133a52c225ecc07d3c782943cdf437ffe,2611.9848538900037,f2f457c057b5960f4bd9596002f7f766d0da3264f9aa2763abaaf27ddc5b29fa
56,"During an argument outside a bar in 2016, Taylor swings once at Jordan’s jaw; Jordan falls backwards, hits their head on the curb and dies from the head injury. For manslaughter by an unlawful and dangerous act, which element of the offence does Crimes Act 1958 s 4A(4) help the jury assess?",2,A man is convicted of manslaughter by an unlawful and dangerous act in the Victorian Criminal Law Act 1958 s 4A(4). The offences in the act are:,5e51160ffeba0e1c7aeeb32874a2424133a52c225ecc07d3c782943cdf437ffe,2611.9848538900037,f2f457c057b5960f4bd9596002f7f766d0da3264f9aa2763abaaf27ddc5b29fa
57,"The accused admits he did not actually think death or really serious injury was likely, but the jury is sure that any reasonable person in his position would have realised they were exposing the victim to an appreciable risk of serious injury. If both reckless murder and manslaughter are left, which verdict does this state of mind support?",2,"The accused admits he did not actually think death or really serious injury was likely, but the jury is sure that any reasonable person in his position would have realised they were exposing the victim to an appreciable risk of serious injury.",5e51160ffeba0e1c7aeeb32874a2424133a52c225ecc07d3c782943cdf437ffe,2611.9848538900037,f2f457c057b5960f4bd9596002f7f766d0da3264f9aa2763abaaf27ddc5b29fa
58,"In 2010, Amir and Bella agree to “rough up” a debtor by slapping him around and threatening him, but nothing more. During the confrontation, Bella unexpectedly pulls a knife and fatally stabs the debtor. Amir is charged with manslaughter as a secondary party. If the prosecution relies on the doctrine that extends liability beyond the agreed lesser assault, what must they prove about Amir’s foresight of Bella’s escalation?",2,The court has a duty to consider the facts of a case when determining whether a defendant has been in contact with the alleged perpetrator.,5e51160ffeba0e1c7aeeb32874a2424133a52c225ecc07d3c782943cdf437ffe,2611.9848538900037,f2f457c057b5960f4bd9596002f7f766d0da3264f9aa2763abaaf27ddc5b29fa
59,"A person is sitting in the back seat of a moving taxi when the taxi strikes a pedestrian at a crossing, killing them instantly. The prosecution later alleges that this rear-seat passenger is guilty of culpable driving causing death because he was driving a motor vehicle at the time of the collision. Is this a sound argument?",2,"The law is generally regarded as a constitutional case, where a person is liable for culpable driving causing death.",5e51160ffeba0e1c7aeeb32874a2424133a52c225ecc07d3c782943cdf437ffe,2611.9848538900037,f2f457c057b5960f4bd9596002f7f766d0da3264f9aa2763abaaf27ddc5b29fa
60,"In a culpable driving causing death trial, the prosecution tells the jury: “You cannot find the accused guilty unless you are sure he actually realised his driving fell well below that of an ordinary careful driver; if he was simply unaware of the danger, you must acquit.” Is this an accurate statement of the law?",2,"In a Victorian criminal-law question, the prosecutor tells the jury that you cannot find the accused guilty unless you are sure he actually realised his driving fell well below that of an ordinary careful driver; if he was simply unaware of the danger, you must acquit.” The evidence is in the form of a list of convicted criminals, and a number of articles and documents.",5e51160ffeba0e1c7aeeb32874a2424133a52c225ecc07d3c782943cdf437ffe,2611.9848538900037,f2f457c057b5960f4bd9596002f7f766d0da3264f9aa2763abaaf27ddc5b29fa
61,Two friends agree to race their cars along a suburban street. One driver loses control and fatally hits a cyclist; the other does not crash. On what general basis could the second driver still be held responsible for the death?,2,The second driver must be responsible for the death of the cyclist.,5e51160ffeba0e1c7aeeb32874a2424133a52c225ecc07d3c782943cdf437ffe,2611.9848538900037,f2f457c057b5960f4bd9596002f7f766d0da3264f9aa2763abaaf27ddc5b29fa
62,"While driving late at night, Jerry fails to see a cyclist and runs him over, killing him instantly. Jerry was not drunk, reckless or negligent. Why does it matter to the prosecution that Jerry knew his headlights were broken before driving?",2,Jerry knew his headlights were broken before driving.,5e51160ffeba0e1c7aeeb32874a2424133a52c225ecc07d3c782943cdf437ffe,2611.9848538900037,f2f457c057b5960f4bd9596002f7f766d0da3264f9aa2763abaaf27ddc5b29fa
63,"Asha is Ben’s manager at work. One evening they both freely and voluntarily have sex. Two days after the act, Asha regrets her decision. Does this mean Asha's consent was violated?",2,"Asha has been employed by Ben’s company. Asha, who is the manager at the company, has a history of sexual misconduct. Ashi regrets this and has not done anything wrong.",5e51160ffeba0e1c7aeeb32874a2424133a52c225ecc07d3c782943cdf437ffe,2611.9848538900037,f2f457c057b5960f4bd9596002f7f766d0da3264f9aa2763abaaf27ddc5b29fa
64,"Jones is on trial for an unnamed sexual offence. He says that, in his culture, silence or lack of resistance means agreement. In light of this explanation, what specific issue about Jones awareness must the jury determine when deciding his guilt?",2,Jones has not been convicted of any offence.,5e51160ffeba0e1c7aeeb32874a2424133a52c225ecc07d3c782943cdf437ffe,2611.9848538900037,f2f457c057b5960f4bd9596002f7f766d0da3264f9aa2763abaaf27ddc5b29fa
65,"Jones is on trial for an unnamed sexual offence. He says that, in his culture, silence or lack of resistance means agreement. Must the jury learn more about this culture to decide whether he reasonably believed there was consent?",2,"Jones is on trial for an unnamed sexual offence. He says that, in his culture, silence or lack of resistance means agreement. Must the jury learn more about this culture to decide whether he reasonably believed there was consent?",5e51160ffeba0e1c7aeeb32874a2424133a52c225ecc07d3c782943cdf437ffe,2611.9848538900037,f2f457c057b5960f4bd9596002f7f766d0da3264f9aa2763abaaf27ddc5b29fa
66,"After an alleged sexual assault, Liam goes straight to his sister’s apartment and, sobbing and struggling to speak, tells her what happened. At trial, the prosecution calls his sister to describe his emotional state when he reported it. Why might Liam’s behaviour at that time be important evidence against the accused?",2,"In Victorian criminal law, it is illegal to assault an individual for sexual activity. The term sexual activity is a form of sexual behaviour. Liam is not entitled to a fair trial. The defendant must be present at the trial.",5e51160ffeba0e1c7aeeb32874a2424133a52c225ecc07d3c782943cdf437ffe,2611.9848538900037,f2f457c057b5960f4bd9596002f7f766d0da3264f9aa2763abaaf27ddc5b29fa
67,"At trial, the complainant describes an alleged sexual assault in a completely flat tone, without visible emotion. Some jurors think this means she is “probably lying.” Is this a valid assumption?",2,A victim who allegedly assaulted her does not feel as though she is acting like a liar. A victim that does not show emotion may not be able to make the claim that she is a lie. The complainant may not have been lied to and is not necessarily guilty of the crime. The complaintant may be a witness to a victim who is not a perpetrator of the alleged sexual assault.,5e51160ffeba0e1c7aeeb32874a2424133a52c225ecc07d3c782943cdf437ffe,2611.9848538900037,f2f457c057b5960f4bd9596002f7f766d0da3264f9aa2763abaaf27ddc5b29fa
68,"Assume the year is 2012. Why is it problematic for a judge to direct the jury that the prosecution must prove the accused “intended to commit rape in the sense that, at the time of penetration, he knew the complainant was not or might not be consenting”?",2,"The Court of Appeal ruled that it was not possible to establish a date of rape, and that the accused had not committed raping before the time the complainant was in the coma.",5e51160ffeba0e1c7aeeb32874a2424133a52c225ecc07d3c782943cdf437ffe,2611.9848538900037,f2f457c057b5960f4bd9596002f7f766d0da3264f9aa2763abaaf27ddc5b29fa
69,"The prosecution alleges that the accused forced the complainant to put his own penis into his own mouth. Under the current statutory definition, does this amount to sexual penetration of oneself?",2,"The sentence in the Victorian Criminal Code reads: ""The accuser forced the complainant to put his own penis into his own mouth.""",5e51160ffeba0e1c7aeeb32874a2424133a52c225ecc07d3c782943cdf437ffe,2611.9848538900037,f2f457c057b5960f4bd9596002f7f766d0da3264f9aa2763abaaf27ddc5b29fa
70,"In 2016, person A instructs person C to insert person C’s finger into person B’s mouth. Under the definition of “sexual penetration” in s 37D of the Crimes Act 1958, why does this not amount to person A sexually penetrating person B?",2,This does not mean that person A sexually penetrating person B is not sexually induced.,5e51160ffeba0e1c7aeeb32874a2424133a52c225ecc07d3c782943cdf437ffe,2611.9848538900037,f2f457c057b5960f4bd9596002f7f766d0da3264f9aa2763abaaf27ddc5b29fa
71,"In 2016, person A instructs person C to insert person C’s penis into person B’s mouth. Under the definition of “sexual penetration” in s 37D of the Crimes Act 1958, why does this amount to person A sexually penetrating person B?",2,The crime of s 37D of the Crimes Act 1958 is to seduce a person by sexually attempting to slap him or her.,5e51160ffeba0e1c7aeeb32874a2424133a52c225ecc07d3c782943cdf437ffe,2611.9848538900037,f2f457c057b5960f4bd9596002f7f766d0da3264f9aa2763abaaf27ddc5b29fa
72,"Under Victorian law, can a person assigned male at birth be sexually penetrated somewhere other than the anus or mouth?",2,Victoria law does not restrict sexual penetration outside of the anus or mouth.,5e51160ffeba0e1c7aeeb32874a2424133a52c225ecc07d3c782943cdf437ffe,2611.9848538900037,f2f457c057b5960f4bd9596002f7f766d0da3264f9aa2763abaaf27ddc5b29fa
73,"On a crowded tram, Caleb briefly brushes Rina’s hand while reaching for a pole; later he privately admits he finds her attractive and had a sexual interest in her. On these grounds alone, is Caleb’s private sexual interest enough to make that brief hand contact “sexual touching”?",2,"Caleb brushed Rina’s hand when he reached for a pole and he was standing there for ten seconds. CaleB then threw the pole and the man, who was already in the tram, fell down and rolled his feet. Calena then rolled her legs and tried to slam her to the floor. Calab then slipped and landed on the ground. Calexa then was ",5e51160ffeba0e1c7aeeb32874a2424133a52c225ecc07d3c782943cdf437ffe,2611.9848538900037,f2f457c057b5960f4bd9596002f7f766d0da3264f9aa2763abaaf27ddc5b29fa
74,"Assume the year is 2011. Nina is sexually aroused by feet and secretly attracted to her colleague Caleb. During a meeting, she slowly removes his shoe under the table, later admitting she did so purely for her own sexual gratification. Does her sexual motive alone make the removal of Caleb’s shoe an indecent assault?",2,Nina’s sexual motive alone makes the removal of Caleb’s shoe an indecent assault.,5e51160ffeba0e1c7aeeb32874a2424133a52c225ecc07d3c782943cdf437ffe,2611.9848538900037,f2f457c057b5960f4bd9596002f7f766d0da3264f9aa2763abaaf27ddc5b29fa
75,"During an argument, Imogen swings her fist at Sara but stops just short. Sara flinches and braces for impact, but later says she “wasn’t actually scared.” Why doesn’t Sara’s claim that she wasn’t afraid stop Imogen’s conduct from amounting to assault?",2,"Imogen’s conduct was not a breach of the First Amendment, which means that the person was not guilty.",5e51160ffeba0e1c7aeeb32874a2424133a52c225ecc07d3c782943cdf437ffe,2611.9848538900037,f2f457c057b5960f4bd9596002f7f766d0da3264f9aa2763abaaf27ddc5b29fa
76,“I’m not from law enforcement and I’m going to illegally kill you in the next couple of years or so” does not amount to assault because which element of the offence is missing?,2,"I'm not from law enforcement and I'll kill you in the next couple of years or so"" does not constitute assault because the offence is missing the element of the offender.",5e51160ffeba0e1c7aeeb32874a2424133a52c225ecc07d3c782943cdf437ffe,2611.9848538900037,f2f457c057b5960f4bd9596002f7f766d0da3264f9aa2763abaaf27ddc5b29fa
77,"Mia receives several late-night calls from Noah. Each time she answers, he says nothing. Knowing his violent history, she believes he is outside about to attack. What is the citation of the common law case that held this conduct can amount to assault?",2,Noah was a violent and violent man.,5e51160ffeba0e1c7aeeb32874a2424133a52c225ecc07d3c782943cdf437ffe,2611.9848538900037,f2f457c057b5960f4bd9596002f7f766d0da3264f9aa2763abaaf27ddc5b29fa
78,"Assault' is defined to mean the direct or indirect application of force to the body of, or to the clothing or equipment worn by, a person. “Application of force” is defined to include the application of heat, light, electric current or any other form of energy, as well as the application of matter in solid, liquid or gaseous form. For the purposes of Victorian criminal law as it pertains to assault, which statute establishes the meaning of a police officer?",2,"Assault' is defined to mean the direct or indirect application of force to the body of, or to the clothing or equipment worn by, a person. For the purposes of Victorian criminal law as it pertains to assault, which statute establishes the meaning of a police officer, “Application of force” is defined",5e51160ffeba0e1c7aeeb32874a2424133a52c225ecc07d3c782943cdf437ffe,2611.9848538900037,f2f457c057b5960f4bd9596002f7f766d0da3264f9aa2763abaaf27ddc5b29fa
79,"Officer Harper stops Liam on the street, says, “I’m just curious if you’ve got anything on you,” and, without any lawful basis, searches his pockets and finds drugs. Liam resists and accidentally strikes Harper during the unlawful search. In these circumstances, is Harper acting “in the execution of her duty” at the time of the alleged assault?",2,Liam is charged with attempting to commit an offence by armed robbery by a police officer.,5e51160ffeba0e1c7aeeb32874a2424133a52c225ecc07d3c782943cdf437ffe,2611.9848538900037,f2f457c057b5960f4bd9596002f7f766d0da3264f9aa2763abaaf27ddc5b29fa
80,"As officers move in to arrest Malik outside a bar, his friend Tia sees them coming and yells, “Run, they’re about to grab you!” intending to help him escape. What key fact about the effect of Tia’s warning must be proved in order to charge her with obstruction?",2,"Tia sees them coming and yells, “Run, they’re about to grab you!” intending to help him escape. What key fact about the effect of Tia’s warning must be proved in order to charge her with obstruction?",5e51160ffeba0e1c7aeeb32874a2424133a52c225ecc07d3c782943cdf437ffe,2611.9848538900037,f2f457c057b5960f4bd9596002f7f766d0da3264f9aa2763abaaf27ddc5b29fa
81,Which Victorian statute amended the Crimes Act 1958 to cover stalking over the internet?,2,Victorian Criminal Law Act 1958.,5e51160ffeba0e1c7aeeb32874a2424133a52c225ecc07d3c782943cdf437ffe,2611.9848538900037,f2f457c057b5960f4bd9596002f7f766d0da3264f9aa2763abaaf27ddc5b29fa
82,"What are the elements of carjacking? Actually, I can answer that question for you. The offence has the following three elements: (i) The accused stole a vehicle; (ii) Immediately before or at the time of the theft, the accused: (a) Used force on any person; or (b) Put any person in fear that s/he or another person would, then and there, be subject to the use of force; or (c) Sought to put any person in fear that s/he or another person would, then and there, be subject to the use of force; and (iii) The accused did so in order to commit the theft (Crimes Act 1958 s 79(1)). Answer only this question: In a large shopping centre, Soraya stands in one spot near the central atrium all afternoon, turning only her head and eyes to keep Felix in view as he walks between different levels and stores. She never changes her physical position. On these facts, does Soraya follow Felix?",2,She never changes her physical position. She can be seen dragging Felix in a shopping centre.,5e51160ffeba0e1c7aeeb32874a2424133a52c225ecc07d3c782943cdf437ffe,2611.9848538900037,f2f457c057b5960f4bd9596002f7f766d0da3264f9aa2763abaaf27ddc5b29fa
83,"Angry at Leo, Martina repeatedly dumps dead flowers and threatening notes on his doorstep and also tags him in public posts accusing him of crimes, hoping his employer will see them. Which two separate stalking acts in statutes best capture this pattern? The following information is irrelevant to answering the question: In 2013, Leo was convicted of “manslaughter by unlawful and dangerous act.” During the trial, a jury member asked the judge the following question: “Under Victorian law, what is the first element of an unlawful and dangerous act causing death and what does it entail? And also, what are the other elements to this offence? And how is it different to negligent manslaughter?”",2,The legal framework of Victorian criminal law is a mixture of the traditional Victorian and Victorian criminal laws. The Victorian criminal-law rules include the following:,5e51160ffeba0e1c7aeeb32874a2424133a52c225ecc07d3c782943cdf437ffe,2611.9848538900037,f2f457c057b5960f4bd9596002f7f766d0da3264f9aa2763abaaf27ddc5b29fa
84,"Mary is Rafa’s mother. Twelve-year-old Rafa has been especially naughty this week: on Monday he threw water on his brother Gregory, and on Tuesday he stole his sister’s watch. On Wednesday, as punishment, Mary confines Rafa to his room for an hour. What are the citations of the cases suggesting that Mary’s treatment of Rafa is lawful? As an aside, let's talk about Mary’s childhood. When Mary was younger, she was part of a violent gang. She would roam the streets carrying a cricket bat, and when elderly women walked past, Mary would swing the bat towards them, never actually hitting them but bringing it close enough to make them believe they were about to be struck. One day, Mary was caught by the police. She was charged with assault not involving the application of force but was never convicted because the prosecution couldn’t prove the first element of the offence.",2,"Mary’s childhood. When Mary was younger, she was part of a violent gang. She would roam the streets carrying a cricket bat, and when elderly women walked past, Mary would swing the bat towards them, never actually hitting them but bringing it close enough to make them believe they were about to be struck. One day, Mary was caught by the police. She was charged with assault not involving the application of force but was never convicted because",5e51160ffeba0e1c7aeeb32874a2424133a52c225ecc07d3c782943cdf437ffe,2611.9848538900037,f2f457c057b5960f4bd9596002f7f766d0da3264f9aa2763abaaf27ddc5b29fa
85,"After an argument at home, 15-year-old Felix storms out and gets into the car of his aunt, Rosa, who takes him to stay at her house. Rosa used no trickery or threats, but she knows Felix’s parents want him back and tells him, “You can stay here as long as you like.” On these facts, is Rosa’s conduct closer to taking a child or harbouring a child under the Victorian law?",2,The term ‘taking a child’ is used to refer to a person who has not been taken into custody or is being held for a number of years.,5e51160ffeba0e1c7aeeb32874a2424133a52c225ecc07d3c782943cdf437ffe,2611.9848538900037,f2f457c057b5960f4bd9596002f7f766d0da3264f9aa2763abaaf27ddc5b29fa
86,"A 13-year-old, Hamish, orders a rideshare to a friend’s house after a fight with his parents. The driver, Zoe, picks him up outside his home, asks “Are your parents okay with you going?”, gets a vague shrug, but offers no encouragement and simply follows the entered destination. On these facts, has Zoe taken Hamish away?",2,The court had a statutory right to appeal the decision.,5e51160ffeba0e1c7aeeb32874a2424133a52c225ecc07d3c782943cdf437ffe,2611.9848538900037,f2f457c057b5960f4bd9596002f7f766d0da3264f9aa2763abaaf27ddc5b29fa
87,"During a gig, Luca quietly picks up someone else’s guitar, uses it for his set, then returns it to exactly the same spot before the owner notices. He always planned to put it back. On these facts alone, has Luca formed the mental element for theft?",2,Luca has been a private person since the age of 16.,5e51160ffeba0e1c7aeeb32874a2424133a52c225ecc07d3c782943cdf437ffe,2611.9848538900037,f2f457c057b5960f4bd9596002f7f766d0da3264f9aa2763abaaf27ddc5b29fa
88,How does the definition of “dishonesty” under Commonwealth law differ from that used in Victorian law?,2,"The Australian Supreme Court considered the concept of “dishonesty” to be a common sense criterion in Victorian law, not a new approach to criminal law.",5e51160ffeba0e1c7aeeb32874a2424133a52c225ecc07d3c782943cdf437ffe,2611.9848538900037,f2f457c057b5960f4bd9596002f7f766d0da3264f9aa2763abaaf27ddc5b29fa
89,What is a good?,2,"A good public place is a good place to live, to work, to enjoy.",5e51160ffeba0e1c7aeeb32874a2424133a52c225ecc07d3c782943cdf437ffe,2611.9848538900037,f2f457c057b5960f4bd9596002f7f766d0da3264f9aa2763abaaf27ddc5b29fa
90,"Kai forces the owner of a vacant farm to leave, then lives there rent-free for six months, locking everyone else out of the gate and using it as his own space. For the purposes of handling stolen goods, does Kai’s wrongful occupation turn the land itself into “stolen goods”?",2,The owner of the farm is an employer who pays a rent-free rent-for-six months for the space and has a right to refuse a lease.,5e51160ffeba0e1c7aeeb32874a2424133a52c225ecc07d3c782943cdf437ffe,2611.9848538900037,f2f457c057b5960f4bd9596002f7f766d0da3264f9aa2763abaaf27ddc5b29fa
91,Carmen submits a valuation certificate for 500 crates of “premium truffles” that don’t exist and uses it to support a finance application. Which case has been treated as authority that a valuation of non-existent goods is fraudulent in this way?,2,Carmen submits a valuation certificate for 500 crates of “premium truffles” that don’t exist and uses it to support a finance application. Which case has been treated as authority that a evaluation of non-existent goods is fraudulent in this way?,5e51160ffeba0e1c7aeeb32874a2424133a52c225ecc07d3c782943cdf437ffe,2611.9848538900037,f2f457c057b5960f4bd9596002f7f766d0da3264f9aa2763abaaf27ddc5b29fa
92,"One element of theft is an intention to permanently deprive the owner of property. Nicholas threatens to smash his neighbour’s car unless she pays him $500 “for the damage you did last year,” an amount she genuinely owes. He intends to keep the $500 permanently but makes no claim over any other property. On these facts, which offence does his state of mind more clearly support – theft or blackmail – and why?",2,"Nicholas threatened to smash his neighbour’s car unless she paid him $500 “for the damage you did last year,” an amount she genuinely owes. He intends to keep the $500 permanently but makes no claim over any other property. On these facts, which offence does his state of mind more clearly support – theft or blackmail – and why?",5e51160ffeba0e1c7aeeb32874a2424133a52c225ecc07d3c782943cdf437ffe,2611.9848538900037,f2f457c057b5960f4bd9596002f7f766d0da3264f9aa2763abaaf27ddc5b29fa
93,"Rafi, a former executive of a publicly traded company, phones the current CEO and says, “Transfer $1 million to my account or I’ll leak information that will seriously damage your company's valuation.” Years earlier, Rafi was convicted of assault not involving force. Under Victorian law, what technical label best fits this kind of threat, and which reported case in your materials is cited as authority for treating market-damage threats in this way?",2,"Rafi, a former executive of a publicly traded company, phones the current CEO and says, “Transfer $1 million to my account or I’ll leak information that will seriously damage your company’s valuation.” Years earlier, Rafis was convicted of assault not involving force. Under Victorian law, what technical label best fits this kind of threat, and which reported case in your materials is cited as authority for treating market-damage threats in",5e51160ffeba0e1c7aeeb32874a2424133a52c225ecc07d3c782943cdf437ffe,2611.9848538900037,f2f457c057b5960f4bd9596002f7f766d0da3264f9aa2763abaaf27ddc5b29fa
94,"Josh deliberately and dishonestly destroys physical bank documents that record a loan he still owes, hoping to improve his own financial position. Which specific offence best captures Josh's conduct?",2,"Josh intentionally and dishonestly destroys physical bank documents that record a loan he still owes, hoping to improve his own financial position.",5e51160ffeba0e1c7aeeb32874a2424133a52c225ecc07d3c782943cdf437ffe,2611.9848538900037,f2f457c057b5960f4bd9596002f7f766d0da3264f9aa2763abaaf27ddc5b29fa
95,"Marco transfers cryptocurrency through multiple wallets to make it harder to trace, fully aware it came from a fraud scheme. Under the Victorian “dealing with proceeds of crime” offences, which physical element is clearly satisfied by his conduct, and which highest mental state could be charged on these facts?",2,"Marco transfers cryptocurrency through multiple wallets to make it harder to trace, fully aware it came from a fraud scheme. Under the Victorian “dealing with proceeds of crime” offences, which physical element is clearly satisfied by his conduct, and which highest mental state could be charged on these facts?",5e51160ffeba0e1c7aeeb32874a2424133a52c225ecc07d3c782943cdf437ffe,2611.9848538900037,f2f457c057b5960f4bd9596002f7f766d0da3264f9aa2763abaaf27ddc5b29fa
96,"Smith is a dealer, and so is his friend Walter. After some haggling, they agree to swap a quantity of Smith’s cocaine for Walter’s ice. Which case is specifically cited to show that this type of deal amounts to trafficking?",2,"Smith and Walter are two former friends of Walter, who were convicted of drug dealing.",5e51160ffeba0e1c7aeeb32874a2424133a52c225ecc07d3c782943cdf437ffe,2611.9848538900037,f2f457c057b5960f4bd9596002f7f766d0da3264f9aa2763abaaf27ddc5b29fa
97,"Over six months, Minh alternates between weeks of intense dealing and long quiet stretches with no proven activity. The transactions involve different drugs, buyers and locations, but all are commercial. The indictment alleges he “trafficked” by carrying on a business over that whole period. What must the jury be satisfied of, given the patchy pattern of conduct?",2,The indictment alleges he “trafficked” by carrying on a business over that whole period.,5e51160ffeba0e1c7aeeb32874a2424133a52c225ecc07d3c782943cdf437ffe,2611.9848538900037,f2f457c057b5960f4bd9596002f7f766d0da3264f9aa2763abaaf27ddc5b29fa
98,"“The salt of the abovementioned drugs, derivates and _______” Which word goes in the blank and which act does this phrase belong to?",2,"The salt of the abovementioned drugs, derivates and _",5e51160ffeba0e1c7aeeb32874a2424133a52c225ecc07d3c782943cdf437ffe,2611.9848538900037,f2f457c057b5960f4bd9596002f7f766d0da3264f9aa2763abaaf27ddc5b29fa
99,"After a grave insult, Jordan cools off for several hours, then calmly returns and kills. Which state of mind required for provocation is missing on these facts, and what is the technical term for it?",2,"Provocation is not a state of mind. Provocation has a specific purpose and can be done in any circumstances. Provocative means to do something that is not necessarily a satire or an insult. Provoking means to make a point or claim, and it can be a crime. Proposals are generally made in a private, public or private environment. Proverbs 23:10, 23:17, 23; and in",5e51160ffeba0e1c7aeeb32874a2424133a52c225ecc07d3c782943cdf437ffe,2611.9848538900037,f2f457c057b5960f4bd9596002f7f766d0da3264f9aa2763abaaf27ddc5b29fa
100,"“There was an agreement between the accused and the deceased to seek the _____ of all parties to the agreement.” What is the missing word, and where is this specific phrase used?",2,"The Australian Supreme Court of Justice, the Court of Appeal, the Victorian Supreme Court, the Victoria Parliament, the Parliamentary Assembly and the Victorian Parliament.",5e51160ffeba0e1c7aeeb32874a2424133a52c225ecc07d3c782943cdf437ffe,2611.9848538900037,f2f457c057b5960f4bd9596002f7f766d0da3264f9aa2763abaaf27ddc5b29fa
