query_id,question,hypothesis,hyde_text,signature,generation_ms_per_query,signature_v1
1,"Bob and Ted are close friends. Ted is on trial for drug offences, and Bob has been selected as a juror in Ted’s case. Is the judge required to excuse Bob from serving on the jury?",0,"In Victorian criminal law, a jury must be made up of a principal and three witnesses, the defendant, and the witness. The witness must have been",e698b8a75ec7090b4cb4c5b6906426f702e009a0bb84953c78131b5e85e7f80d,2495.795246880002,6b2764745ad736e55b40b13c1524264261c105378387e2d5967d745eb2a6ec79
2,"Harry is serving as a juror in a burglary trial. He is also a professional locksmith. During the proceedings, Harry is shown a lock which, in his expert view, is too damaged to have been lockpicked in the manner described in court. Why might Harry's expert knowledge of lockpicking be irrelevant when assessing the physical evidence?",0,Harry is a juror in a burglary trial. He is also a professional locksmith.,e698b8a75ec7090b4cb4c5b6906426f702e009a0bb84953c78131b5e85e7f80d,2495.795246880002,6b2764745ad736e55b40b13c1524264261c105378387e2d5967d745eb2a6ec79
3,"Isaac is on trial for statutory murder of an emergency worker. You are his barrister. Should you notify the jury that, according to the Crimes Act 1958, the standard sentence for this offence is 30 years imprisonment?",0,Victorian criminal law states that a defendant who commits statutory murder is entitled to 30 years in prison.,e698b8a75ec7090b4cb4c5b6906426f702e009a0bb84953c78131b5e85e7f80d,2495.795246880002,6b2764745ad736e55b40b13c1524264261c105378387e2d5967d745eb2a6ec79
4,Should jurors be excused if they have encountered news stories about the accused prior to the trial commencing?,0,"The Courts of Appeal in Victoria are a court of appeals. The Court of Appeal has jurisdiction over cases of criminal law, including murder.",e698b8a75ec7090b4cb4c5b6906426f702e009a0bb84953c78131b5e85e7f80d,2495.795246880002,6b2764745ad736e55b40b13c1524264261c105378387e2d5967d745eb2a6ec79
5,"Frank and Joe are jurors in an arson trial. Over the weekend, Joe finds photos of the accused holding a petrol canister and texts them to Frank. Having received this new information, what should Frank do?",0,An arson trial is a criminal investigation of a crime. The main evidence in an arson case is alleged to be a fire canister,e698b8a75ec7090b4cb4c5b6906426f702e009a0bb84953c78131b5e85e7f80d,2495.795246880002,6b2764745ad736e55b40b13c1524264261c105378387e2d5967d745eb2a6ec79
6,Does the standard of proof of “beyond reasonable doubt” imply that the jury must be fully convinced of every claim the prosecution has made?,0,The standard of proof of “beyond reasonable doubt” imply that the jury must be fully convinced of every claim the prosecution has made.,e698b8a75ec7090b4cb4c5b6906426f702e009a0bb84953c78131b5e85e7f80d,2495.795246880002,6b2764745ad736e55b40b13c1524264261c105378387e2d5967d745eb2a6ec79
7,"Sally is accused of cultivating narcotic plants in her backyard. One of the elements of this charge is that “the accused intentionally cultivated or attempted to cultivate a particular substance.” To establish whether this is the case, the judge believes it would be valuable to visit Sally’s backyard and have the jury examine it for themselves. What is the name of the legal procedure whereby the court travels to a location relevant to the charge?",0,A narcotic plant is an herb that has been cultivated for a purpose other than illicit purposes. The purpose of the narrator,e698b8a75ec7090b4cb4c5b6906426f702e009a0bb84953c78131b5e85e7f80d,2495.795246880002,6b2764745ad736e55b40b13c1524264261c105378387e2d5967d745eb2a6ec79
8,"Josh is 21 years old. He witnessed a murder that was clearly perpetrated by the accused. The prosecution, however, needs to determine whether the accused committed the acts voluntarily, thus satisfying the elements of intentional or reckless murder. In court, the judge plays a recording of Josh giving his eyewitness testimony. What is this evidentiary process called?",0,A murder that was clearly perpetrated by the accused is an example of a murder that is not likely to be committed without probable cause.,e698b8a75ec7090b4cb4c5b6906426f702e009a0bb84953c78131b5e85e7f80d,2495.795246880002,6b2764745ad736e55b40b13c1524264261c105378387e2d5967d745eb2a6ec79
9,"Olivia illegally bought cannabis from a tobacconist. As she left, she saw a man firebomb the store. She is now a witness in the arson trial. What legal privilege should she consider when giving her evidence?",0,A Victorian criminal law case.,e698b8a75ec7090b4cb4c5b6906426f702e009a0bb84953c78131b5e85e7f80d,2495.795246880002,6b2764745ad736e55b40b13c1524264261c105378387e2d5967d745eb2a6ec79
10,Emma is found in possession of someone else’s phone but has no documentation of how she obtained it. Emma’s counsel argues that possession of the phone is circumstantial evidence and thus completely inadmissible to establish guilt. Is Emma’s counsel correct?,0,Emma is found in possession of someone else’s phone but has no documentation of how she obtained it. Emma’s counsel argues that possession of the phone,e698b8a75ec7090b4cb4c5b6906426f702e009a0bb84953c78131b5e85e7f80d,2495.795246880002,6b2764745ad736e55b40b13c1524264261c105378387e2d5967d745eb2a6ec79
11,"John is on trial for an unnamed offence. John testifies that he could not have committed the offence because he was at an arcade 10 miles away when the offence took place. Earlier, the jury accepted arcade tickets as evidence of John's alibi. John’s counsel now argues that, given this plausible alibi, John could not have committed the crime. What type of reasoning is this an example of?",0,John is on trial for an unnamed offence. John testifies that he could not have committed the offence because he was at an arcade,e698b8a75ec7090b4cb4c5b6906426f702e009a0bb84953c78131b5e85e7f80d,2495.795246880002,6b2764745ad736e55b40b13c1524264261c105378387e2d5967d745eb2a6ec79
12,Does Victoria have a law/laws protecting against double jeopardy?,0,Victoria has a law against double jeopardy.,e698b8a75ec7090b4cb4c5b6906426f702e009a0bb84953c78131b5e85e7f80d,2495.795246880002,6b2764745ad736e55b40b13c1524264261c105378387e2d5967d745eb2a6ec79
13,"Sophie and Hazel are two of twelve jurors in a trial. Both are uncertain of their verdict, while the remaining ten jurors believe the accused is guilty. The jury is becoming frustrated with Sophie and Hazel's indecision, but the judge instructs the jury to continue deliberating. What is this instruction called?",0,The trial of Sophie and Hazel involves twelve jurors.,e698b8a75ec7090b4cb4c5b6906426f702e009a0bb84953c78131b5e85e7f80d,2495.795246880002,6b2764745ad736e55b40b13c1524264261c105378387e2d5967d745eb2a6ec79
14,"Tim is on trial for aggravated burglary. Before Tim gives evidence, his counsel calls another witness to testify first. Why might this be a bad idea for the defence?",0,"Tim is on trial for aggravated burglary. Before Tim gives evidence, his counsel calls another witness to testify first.",e698b8a75ec7090b4cb4c5b6906426f702e009a0bb84953c78131b5e85e7f80d,2495.795246880002,6b2764745ad736e55b40b13c1524264261c105378387e2d5967d745eb2a6ec79
15,Paul is 12 years old. He is a witness in a trial related to a common law riot. You are counsel for the accused. Should you argue that Paul’s is fundamentally untrustworthy because of his age?,0,Paul is a witness in a trial related to a common law riot.,e698b8a75ec7090b4cb4c5b6906426f702e009a0bb84953c78131b5e85e7f80d,2495.795246880002,6b2764745ad736e55b40b13c1524264261c105378387e2d5967d745eb2a6ec79
16,Can the defence use good character evidence to argue the accused is innocent?,0,Victorian criminal law does not require an affidavit to prove innocence.,e698b8a75ec7090b4cb4c5b6906426f702e009a0bb84953c78131b5e85e7f80d,2495.795246880002,6b2764745ad736e55b40b13c1524264261c105378387e2d5967d745eb2a6ec79
17,Can the prosecution freely use bad character evidence to argue the accused is guilty?,0,"The Victorian Criminal Code embodies the laws of Victorian law, and its governing principles apply to all criminal trials.",e698b8a75ec7090b4cb4c5b6906426f702e009a0bb84953c78131b5e85e7f80d,2495.795246880002,6b2764745ad736e55b40b13c1524264261c105378387e2d5967d745eb2a6ec79
18,"Sam is on trial for murdering her neighbour. The prosecution presents a text from Sam to a friend saying, “I murdered my neighbour today.” What must be established for this text to be treated as an admission?",0,A murder must be committed by an unarmed person.,e698b8a75ec7090b4cb4c5b6906426f702e009a0bb84953c78131b5e85e7f80d,2495.795246880002,6b2764745ad736e55b40b13c1524264261c105378387e2d5967d745eb2a6ec79
19,"Omar is charged with intentionally causing serious injury. In a recorded interview, he admits being at the scene and pushing the complainant but denies using a weapon or intending serious harm. At trial, the prosecution asks the jury to accept the incriminating parts of the interview but treat his denial of using a weapon as lies. Does this necessarily involve ‘consciousness of guilt’ reasoning?",0,"In a recorded interview, he admits being at the scene and pushing the complainant but denies using a weapon or intending serious harm.",e698b8a75ec7090b4cb4c5b6906426f702e009a0bb84953c78131b5e85e7f80d,2495.795246880002,6b2764745ad736e55b40b13c1524264261c105378387e2d5967d745eb2a6ec79
20,"Liam is on trial for arson. His sister gives evidence that, at a family dinner, she said, “The police think you set fire to Dad’s shed. You didn’t do it, did you?” Liam, who had been speaking normally, then went silent and looked down. Can this be used as evidence probative of guilt?",0,"Liam is on trial for arson. His sister gives evidence that, at a family dinner, she said, “The police think you set fire to",e698b8a75ec7090b4cb4c5b6906426f702e009a0bb84953c78131b5e85e7f80d,2495.795246880002,6b2764745ad736e55b40b13c1524264261c105378387e2d5967d745eb2a6ec79
21,"At Zoe’s assault trial, the prosecution argues that her blank, expressionless stare at photos of the injured complainant indicates guilt. Is this argument sound?",0,The accused acted knowingly or negligently in the face of the injury or injury and was not able to take any steps to prevent or eliminate the injuries,e698b8a75ec7090b4cb4c5b6906426f702e009a0bb84953c78131b5e85e7f80d,2495.795246880002,6b2764745ad736e55b40b13c1524264261c105378387e2d5967d745eb2a6ec79
22,The defence raises the issue of mental impairment and bears the onus of proving it. There is a psychiatrist who has examined the accused. Is the prosecution required to call this psychiatrist as a witness?,0,"The Australian Constitution states that a criminal offence must be punishable by at least six months in prison. In Victorian criminal law, the offence of in",e698b8a75ec7090b4cb4c5b6906426f702e009a0bb84953c78131b5e85e7f80d,2495.795246880002,6b2764745ad736e55b40b13c1524264261c105378387e2d5967d745eb2a6ec79
23,"Sarah is tried for armed robbery. She does not give or call any evidence. In closing, the prosecution avoids mentioning her silence directly but repeatedly stresses that “only the prosecution’s account is supported by evidence.” Is this submission by the prosecution permissible?",0,The sentence refers to the fact that Sarah is a citizen of the Commonwealth of Australia.,e698b8a75ec7090b4cb4c5b6906426f702e009a0bb84953c78131b5e85e7f80d,2495.795246880002,6b2764745ad736e55b40b13c1524264261c105378387e2d5967d745eb2a6ec79
24,"In a criminal trial, defence counsel fails to challenge an important part of a prosecution witness’s evidence and later runs a case theory inconsistent with that evidence. The prosecution complains that this has caused unfairness. As the trial judge, how should you decide what to do about it?",0,"A criminal trial is an administrative trial. In a criminal trial, defence counsel fails to challenge an important part of a prosecution witness’s evidence and later",e698b8a75ec7090b4cb4c5b6906426f702e009a0bb84953c78131b5e85e7f80d,2495.795246880002,6b2764745ad736e55b40b13c1524264261c105378387e2d5967d745eb2a6ec79
25,"In an armed robbery trial, a shop assistant who has served the accused every week for years is shown still images from CCTV and says, “Based on how he looks, that’s the same customer who comes into my store.” What type of identification evidence is this an example of?",0,CCTV,e698b8a75ec7090b4cb4c5b6906426f702e009a0bb84953c78131b5e85e7f80d,2495.795246880002,6b2764745ad736e55b40b13c1524264261c105378387e2d5967d745eb2a6ec79
26,"One of the elements of aggravated carjacking is the use of a weapon or causing injury to another person (Crimes Act 1958 s 79A). Smith witnesses an aggravated carjacking late at night. He sees the offender wield a weapon but does not get a good look at their face. A year later, he positively identifies the accused, saying he “recognised him immediately from the daytime photo the police showed me last year.” What cognitive bias, about which the jury is educated, may be relevant in this case?",0,A convicted robber will be sentenced to a minimum of 16 years in prison.,e698b8a75ec7090b4cb4c5b6906426f702e009a0bb84953c78131b5e85e7f80d,2495.795246880002,6b2764745ad736e55b40b13c1524264261c105378387e2d5967d745eb2a6ec79
27,"You are the trial judge in a child stealing case. During the trial, the prosecutor briefly mentions that the image used for recognising the accused was taken before the accused was detained but gives no further explanation. What are judges instructed to do in this situation?",0,The sentence is based on the belief that an accused has been given the opportunity to steal.,e698b8a75ec7090b4cb4c5b6906426f702e009a0bb84953c78131b5e85e7f80d,2495.795246880002,6b2764745ad736e55b40b13c1524264261c105378387e2d5967d745eb2a6ec79
28,"Harvey is on trial for dangerous driving causing serious injury. Priya, a mechanic with 15 years’ experience, inspects the damaged vehicles and wants to tell the jury that, in her opinion, the pattern of damage shows Harvey was travelling at “at least 110 km/h” before impact. Are Priya’s comments inadmissible because they are opinion evidence?",0,Priya’s comments are opinion evidence.,e698b8a75ec7090b4cb4c5b6906426f702e009a0bb84953c78131b5e85e7f80d,2495.795246880002,6b2764745ad736e55b40b13c1524264261c105378387e2d5967d745eb2a6ec79
29,"Chris is on trial for intentionally or recklessly causing a bushfire. His counsel says he was carrying out a “cool burn.” Talia, a First Nations woman, is called to explain First Nations practices. Is Talia’s evidence admissible?",0,Talia is a First Nations woman and was accused of causing a bushfire.,e698b8a75ec7090b4cb4c5b6906426f702e009a0bb84953c78131b5e85e7f80d,2495.795246880002,6b2764745ad736e55b40b13c1524264261c105378387e2d5967d745eb2a6ec79
30,"Noah is on trial for killing his father, who had been violent towards Noah’s mother for decades. The defence calls an expert to describe how poverty, lack of access to services, and cultural stigma around separation can trap families in violent homes. Is this expert's evidence admissible?",0,A Victorian criminal law case involving the murder of Noah’s father involved a judge finding that the evidence was admissible.,e698b8a75ec7090b4cb4c5b6906426f702e009a0bb84953c78131b5e85e7f80d,2495.795246880002,6b2764745ad736e55b40b13c1524264261c105378387e2d5967d745eb2a6ec79
31,"Police have detained and taken DNA samples from three of four full siblings in a carjacking investigation: Chloe (female, 24), Sam (female, 23), and Joseph (male, 22). The fourth sibling, Kyle (male, 22), was not detained or sampled. Mitochondrial DNA testing of a crime scene sample links all three sampled siblings to the scene. Y-STR testing (which examines Y-chromosome DNA passed from father to son) links Joseph to the scene. Nuclear DNA testing also links Joseph to the scene. Is this information sufficient to reasonably link Joseph to the crime scene?",0,DNA testing of a crime scene sample links all three sampled siblings to the scene. Y-STR testing (which examines Y chromos,e698b8a75ec7090b4cb4c5b6906426f702e009a0bb84953c78131b5e85e7f80d,2495.795246880002,6b2764745ad736e55b40b13c1524264261c105378387e2d5967d745eb2a6ec79
32,"Police have detained and taken DNA samples from three of four full siblings in a carjacking investigation: Chloe (female, 24), Sam (female, 23), and Joseph (male, 22). The fourth sibling, Kylie (female, 22), was not detained or sampled. Mitochondrial DNA testing of a crime scene sample links all three sampled siblings to the scene. Y-STR testing (which examines Y-chromosome DNA passed from father to son) links Joseph to the scene. Nuclear DNA testing also links Joseph to the scene. Is this information sufficient to reasonably link Joseph to the crime scene?",0,Mitochondrial DNA testing of a crime scene sample links all three sampled siblings to the scene. Y-STR testing (which examines,e698b8a75ec7090b4cb4c5b6906426f702e009a0bb84953c78131b5e85e7f80d,2495.795246880002,6b2764745ad736e55b40b13c1524264261c105378387e2d5967d745eb2a6ec79
33,Is the right to silence based solely on common law?,0,The right to silence is a legal right.,e698b8a75ec7090b4cb4c5b6906426f702e009a0bb84953c78131b5e85e7f80d,2495.795246880002,6b2764745ad736e55b40b13c1524264261c105378387e2d5967d745eb2a6ec79
34,"Daniel is questioned by police about an armed robbery. He gives his name and age but answers “no comment” when asked where he was at 1 am and who he was with. He is now on trial, and you are the prosecutor. Should you invite the jury to treat his selective silence as evidence of guilt?",0,"The following statement is true: In the Victorian Criminal Law system, a police officer is the prosecutor.",e698b8a75ec7090b4cb4c5b6906426f702e009a0bb84953c78131b5e85e7f80d,2495.795246880002,6b2764745ad736e55b40b13c1524264261c105378387e2d5967d745eb2a6ec79
35,"At dinner, Kim and Frank watch a news story about a drive-by shooting. Kim says the car looks like Frank’s and asks, “That’s not your car, is it, Frank?” Frank stays silent. Frank is now on trial. Why is it important for the prosecution that Kim is not a government authority?",0,The court has a duty to ensure that the evidence is correct and that the police have the evidence necessary to arrest the person responsible for the crime.,e698b8a75ec7090b4cb4c5b6906426f702e009a0bb84953c78131b5e85e7f80d,2495.795246880002,6b2764745ad736e55b40b13c1524264261c105378387e2d5967d745eb2a6ec79
36,"Kim and Frank are at a Christmas party and are watching a news story about a recent drive-by shooting. Kim thinks the car looks like Frank’s and asks, “That’s not your car, is it?” Frank stays silent. A few minutes later, the police shut down the party due to noise complaints. Later, Frank is on trial for offences related to the same drive-by shooting. Why is it important to the defence that the party was loud?",0,The party was stopped due to noise complaints.,e698b8a75ec7090b4cb4c5b6906426f702e009a0bb84953c78131b5e85e7f80d,2495.795246880002,6b2764745ad736e55b40b13c1524264261c105378387e2d5967d745eb2a6ec79
37,"Rachel is on trial for poisoning her business partner with mushrooms. There is no direct proof Rachel possessed poisonous mushrooms, but the prosecution shows that: (1) two weeks before the death she searched for a specific species of poisonous mushroom; (2) she had a manual for dehydration equipment that can mask the taste of mushrooms; and (3) toxicology shows her partner was poisoned by that same species. The prosecution argues it is highly improbable all of this is coincidental, if the death were an accident. What kind of inferential reasoning or type of evidence is the prosecution asking the jury to use?",0,"There is no direct proof Rachel possessed poisonous mushrooms, but the prosecution shows that: (1) two weeks before the death she searched for a specific species of",e698b8a75ec7090b4cb4c5b6906426f702e009a0bb84953c78131b5e85e7f80d,2495.795246880002,6b2764745ad736e55b40b13c1524264261c105378387e2d5967d745eb2a6ec79
38,Daisy witnessed a murder in her prison and is called by the prosecution to give evidence. Is she a “prison informer”?,0,A prison informer is a person who has been convicted of murder. A murder is convicted when a murder occurs. The prosecution must determine whether,e698b8a75ec7090b4cb4c5b6906426f702e009a0bb84953c78131b5e85e7f80d,2495.795246880002,6b2764745ad736e55b40b13c1524264261c105378387e2d5967d745eb2a6ec79
39,"Emma is committed for trial on 1 March. On 25 March, she first tells her lawyer she was at a movie with her sister at the time of the alleged offence and wants both to give evidence, but no notice has been filed. What procedural step is required before Emma, or her sister can give evidence that she was at the movie rather than at the scene of the offence?",0,"Emma is committed for trial on 1 March. On 25 March, she first tells her lawyer she was at a movie with her sister at the time of",e698b8a75ec7090b4cb4c5b6906426f702e009a0bb84953c78131b5e85e7f80d,2495.795246880002,6b2764745ad736e55b40b13c1524264261c105378387e2d5967d745eb2a6ec79
40,"Alex is charged with a robbery at a shopping centre at 8:15 pm. He leads evidence that he was having dinner with friends at a restaurant across town at that time, and the jury thinks there is a real chance this is true. Ignoring the standard elements of robbery, what more needs to be proven to establish Alex’s guilt?",0,A Victorian court can order a defendant to appear in court at 8:15 pm on a charge of robbery.,e698b8a75ec7090b4cb4c5b6906426f702e009a0bb84953c78131b5e85e7f80d,2495.795246880002,6b2764745ad736e55b40b13c1524264261c105378387e2d5967d745eb2a6ec79
41,"Liam and Noah plan to break into a warehouse to steal electronics. Liam agrees to act as the lookout while Noah goes inside; during the burglary, Noah violently assaults a security guard. Liam is later charged as a secondary party to the assault. Under Victorian law, on what basis could Liam be found “involved in the commission” of the assault, even though he only agreed to help with the burglary?",0,Victorian law prohibits the use of a security guard as a lookout when attempting to break into a warehouse.,e698b8a75ec7090b4cb4c5b6906426f702e009a0bb84953c78131b5e85e7f80d,2495.795246880002,6b2764745ad736e55b40b13c1524264261c105378387e2d5967d745eb2a6ec79
42,"Courtney and Tom agree to sell what they think is a harmless “party pill” to strangers at a music festival. The pills are in fact a controlled drug, and the conduct clearly amounts to a criminal offence. For Courtney to be liable on the basis of this agreement, must the prosecution prove that she knew the substance was illegal?",0,Courtney and Tom agree to sell what they think is a harmless “party pill” to strangers at a music festival. The pills are in fact,e698b8a75ec7090b4cb4c5b6906426f702e009a0bb84953c78131b5e85e7f80d,2495.795246880002,6b2764745ad736e55b40b13c1524264261c105378387e2d5967d745eb2a6ec79
43,"Noah convinces his 12-year-old nephew to deliver a sealed package to an address, telling him it contains “books for a friend,” when in fact Noah has filled the package with prohibited drugs. The nephew has no idea what is inside and believes he’s doing a harmless favour. If police intercept the drugs, can Noah be liable as a principal offender for drug trafficking?",0,"In Victorian criminal law, a person who is 12 years old is considered to be a principal offender for drug trafficking. The term principal offending",e698b8a75ec7090b4cb4c5b6906426f702e009a0bb84953c78131b5e85e7f80d,2495.795246880002,6b2764745ad736e55b40b13c1524264261c105378387e2d5967d745eb2a6ec79
44,"Jordan is a factory worker; Mia is his supervisor. They’re both charged with a Commonwealth conspiracy to commit an offence that requires an employer to ensure the safety of employees at a hazardous worksite. Two company directors, alleged to be the other parties to the agreement, have already been acquitted of the conspiracy. In these circumstances, can Jordan be found guilty of the conspiracy?",0,Jordan is a factory worker; Mia is his supervisor. They’re both charged with a Commonwealth conspiracy to commit an offence that requires an employer,e698b8a75ec7090b4cb4c5b6906426f702e009a0bb84953c78131b5e85e7f80d,2495.795246880002,6b2764745ad736e55b40b13c1524264261c105378387e2d5967d745eb2a6ec79
45,"Clyde, who has schizophrenia, assaults a stranger while experiencing delusions. He knows he is hitting a person but believes they are a “demon.” Does his mental illness, or his failure to appreciate the wrongfulness of his conduct, necessarily make his act involuntary?",0,"The Victorian Criminal Code focuses on the criminal law of Victoria. It is based on the Victorian Criminal Courts Act, 1858. It was ruled",e698b8a75ec7090b4cb4c5b6906426f702e009a0bb84953c78131b5e85e7f80d,2495.795246880002,6b2764745ad736e55b40b13c1524264261c105378387e2d5967d745eb2a6ec79
46,"Jonah is driving when he suddenly suffers an unexpected convulsion, causing his leg to slam down on the accelerator and his car to mount the curb and hit a pedestrian. If the only cause of the collision was this sudden bodily movement during the convulsion, how should a court characterise his physical act for the purpose of criminal liability?",0,A convulsion occurs when a person is driving on the highway. This is an example of a convulsive accident. The car crash is,e698b8a75ec7090b4cb4c5b6906426f702e009a0bb84953c78131b5e85e7f80d,2495.795246880002,6b2764745ad736e55b40b13c1524264261c105378387e2d5967d745eb2a6ec79
47,"At Andrew’s assault trial, there is no suggestion he was unconscious, seizing, or sleepwalking; all the evidence shows him standing, speaking, and then punching the complainant. Does the prosecution need specific evidence that the punch was voluntary, or can voluntariness be inferred from these circumstances?",0,"Evidence shows that Andrew was unconscious, seizing, or sleepwalking",e698b8a75ec7090b4cb4c5b6906426f702e009a0bb84953c78131b5e85e7f80d,2495.795246880002,6b2764745ad736e55b40b13c1524264261c105378387e2d5967d745eb2a6ec79
48,"Jacob sets off powerful fireworks in a small, crowded backyard. He later admits he knew people could get hurt but did it anyway. In Victoria, what level of criminal culpability best describes his conduct?",0,Vic. criminal law is the system of law that establishes a criminal offence based on the facts of the crime.,e698b8a75ec7090b4cb4c5b6906426f702e009a0bb84953c78131b5e85e7f80d,2495.795246880002,6b2764745ad736e55b40b13c1524264261c105378387e2d5967d745eb2a6ec79
49,"Liam throws a heavy brick off a freeway overpass into peak-hour traffic. He later tells police, “I knew it might hit a car, but I didn’t really think much more about it.” At trial, the prosecution tells the jury that recklessness is established if Liam knew the brick “might” cause harm. Why is this an incorrect statement of the legal test for recklessness in Victoria?",0,Liam throws a heavy brick off a freeway overpass into peak-hour traffic.,e698b8a75ec7090b4cb4c5b6906426f702e009a0bb84953c78131b5e85e7f80d,2495.795246880002,6b2764745ad736e55b40b13c1524264261c105378387e2d5967d745eb2a6ec79
50,Abigail is on trial in Victoria for causing serious injury. She argues that the injury was “an accident” because she pushed a door open without looking and it unexpectedly hit someone on the other side. Can Abigail rely on a standalone defence of “accident” in Victoria?,0,Abigail is on trial in Victoria for causing serious injury. She argues that the injury was “an accident” because she pushed a door,e698b8a75ec7090b4cb4c5b6906426f702e009a0bb84953c78131b5e85e7f80d,2495.795246880002,6b2764745ad736e55b40b13c1524264261c105378387e2d5967d745eb2a6ec79
51,"Ethan punches Marcus once in the head during an argument. Marcus falls, hits his head on the gutter, and dies in hospital two days later. At trial, Ethan admits to killing Marcus by punching him. What elements must still be proved for Ethan to be convicted of murder?",0,"Ethan punches Marcus once in the head during an argument. Marcus falls, hits his head on the gutter, and dies in hospital two days later",e698b8a75ec7090b4cb4c5b6906426f702e009a0bb84953c78131b5e85e7f80d,2495.795246880002,6b2764745ad736e55b40b13c1524264261c105378387e2d5967d745eb2a6ec79
52,"Ethan admits he voluntarily and intentionally killed Marcus, a German Shepherd, without lawful justification. Name ONE element of murder that is missing here.",0,"Ethan admits he voluntarily and intentionally killed Marcus, a German Shepherd, without lawful justification.",e698b8a75ec7090b4cb4c5b6906426f702e009a0bb84953c78131b5e85e7f80d,2495.795246880002,6b2764745ad736e55b40b13c1524264261c105378387e2d5967d745eb2a6ec79
53,"Ethan, a sane 24-year-old, intentionally killed Marcus, a child, without lawful justification, and the jury accepts this beyond reasonable doubt. Under Victorian law, how could this still not amount to manslaughter or murder?",0,"The Victorian criminal law requires that a person be guilty of one crime or more in the manner of the other. Under Victorian law, the guilty party must be",e698b8a75ec7090b4cb4c5b6906426f702e009a0bb84953c78131b5e85e7f80d,2495.795246880002,6b2764745ad736e55b40b13c1524264261c105378387e2d5967d745eb2a6ec79
54,"Harper, a New South Wales resident, shoots Riley in Sydney. Riley is stabilised in an NSW hospital, then transferred to a specialist trauma unit in Melbourne, where complications arise during surgery and he dies 10 days after the shooting. Can Harper be tried in a Victorian court?",0,"The crime occurred in Sydney, Australia. Harper was shot by Riley. He died in an ambulance.",e698b8a75ec7090b4cb4c5b6906426f702e009a0bb84953c78131b5e85e7f80d,2495.795246880002,6b2764745ad736e55b40b13c1524264261c105378387e2d5967d745eb2a6ec79
55,"Mila fires a gun recklessly into a crowded apartment block corridor, committing the offence of reckless conduct endangering life. One of the bullets kills Jonah. The prosecution seeks to invoke statutory murder. On what basis could this reckless conduct offence be treated as a foundational offence?",0,"In Victorian criminal law, reckless conduct is a crime which involves the reckless use of a weapon, and is punishable by death.",e698b8a75ec7090b4cb4c5b6906426f702e009a0bb84953c78131b5e85e7f80d,2495.795246880002,6b2764745ad736e55b40b13c1524264261c105378387e2d5967d745eb2a6ec79
56,"During an argument outside a bar in 2016, Taylor swings once at Jordan’s jaw; Jordan falls backwards, hits their head on the curb and dies from the head injury. For manslaughter by an unlawful and dangerous act, which element of the offence does Crimes Act 1958 s 4A(4) help the jury assess?",0,"Victual of manslaughter by an unlawful and dangerous act, a crime which has a high degree of seriousness.",e698b8a75ec7090b4cb4c5b6906426f702e009a0bb84953c78131b5e85e7f80d,2495.795246880002,6b2764745ad736e55b40b13c1524264261c105378387e2d5967d745eb2a6ec79
57,"The accused admits he did not actually think death or really serious injury was likely, but the jury is sure that any reasonable person in his position would have realised they were exposing the victim to an appreciable risk of serious injury. If both reckless murder and manslaughter are left, which verdict does this state of mind support?",0,"The accused admits he did not actually think death or really serious injury was likely, but the jury is sure that any reasonable person in his position would have",e698b8a75ec7090b4cb4c5b6906426f702e009a0bb84953c78131b5e85e7f80d,2495.795246880002,6b2764745ad736e55b40b13c1524264261c105378387e2d5967d745eb2a6ec79
58,"In 2010, Amir and Bella agree to “rough up” a debtor by slapping him around and threatening him, but nothing more. During the confrontation, Bella unexpectedly pulls a knife and fatally stabs the debtor. Amir is charged with manslaughter as a secondary party. If the prosecution relies on the doctrine that extends liability beyond the agreed lesser assault, what must they prove about Amir’s foresight of Bella’s escalation?",0,"Amir and Bella agree to “rough up” a debtor by slapping him around and threatening him, but nothing more. ",e698b8a75ec7090b4cb4c5b6906426f702e009a0bb84953c78131b5e85e7f80d,2495.795246880002,6b2764745ad736e55b40b13c1524264261c105378387e2d5967d745eb2a6ec79
59,"A person is sitting in the back seat of a moving taxi when the taxi strikes a pedestrian at a crossing, killing them instantly. The prosecution later alleges that this rear-seat passenger is guilty of culpable driving causing death because he was driving a motor vehicle at the time of the collision. Is this a sound argument?",0,"A person is sitting in the back seat of a moving taxi when the taxi strikes a pedestrian at a crossing, killing them instantly. The prosecution later",e698b8a75ec7090b4cb4c5b6906426f702e009a0bb84953c78131b5e85e7f80d,2495.795246880002,6b2764745ad736e55b40b13c1524264261c105378387e2d5967d745eb2a6ec79
60,"In a culpable driving causing death trial, the prosecution tells the jury: “You cannot find the accused guilty unless you are sure he actually realised his driving fell well below that of an ordinary careful driver; if he was simply unaware of the danger, you must acquit.” Is this an accurate statement of the law?",0,A culpable driving causing death trial is a case in which a guilty plea is sworn and a jury is unable to,e698b8a75ec7090b4cb4c5b6906426f702e009a0bb84953c78131b5e85e7f80d,2495.795246880002,6b2764745ad736e55b40b13c1524264261c105378387e2d5967d745eb2a6ec79
61,Two friends agree to race their cars along a suburban street. One driver loses control and fatally hits a cyclist; the other does not crash. On what general basis could the second driver still be held responsible for the death?,0,A driver who loses control of his car cannot be held responsible for the death of a pedestrian if the driver does not crash.,e698b8a75ec7090b4cb4c5b6906426f702e009a0bb84953c78131b5e85e7f80d,2495.795246880002,6b2764745ad736e55b40b13c1524264261c105378387e2d5967d745eb2a6ec79
62,"While driving late at night, Jerry fails to see a cyclist and runs him over, killing him instantly. Jerry was not drunk, reckless or negligent. Why does it matter to the prosecution that Jerry knew his headlights were broken before driving?",0,"In Victorian criminal law, when a person is drunk, reckless or negligent, the person is either not aware of the danger or has no intention of driving.",e698b8a75ec7090b4cb4c5b6906426f702e009a0bb84953c78131b5e85e7f80d,2495.795246880002,6b2764745ad736e55b40b13c1524264261c105378387e2d5967d745eb2a6ec79
63,"Asha is Ben’s manager at work. One evening they both freely and voluntarily have sex. Two days after the act, Asha regrets her decision. Does this mean Asha's consent was violated?",0,"A Victorian criminal law enacts the principle that a person can be held responsible for a sexual act, and in the case of sex",e698b8a75ec7090b4cb4c5b6906426f702e009a0bb84953c78131b5e85e7f80d,2495.795246880002,6b2764745ad736e55b40b13c1524264261c105378387e2d5967d745eb2a6ec79
64,"Jones is on trial for an unnamed sexual offence. He says that, in his culture, silence or lack of resistance means agreement. In light of this explanation, what specific issue about Jones awareness must the jury determine when deciding his guilt?",0,"In Victorian criminal law, silence or lack of resistance means agreement.",e698b8a75ec7090b4cb4c5b6906426f702e009a0bb84953c78131b5e85e7f80d,2495.795246880002,6b2764745ad736e55b40b13c1524264261c105378387e2d5967d745eb2a6ec79
65,"Jones is on trial for an unnamed sexual offence. He says that, in his culture, silence or lack of resistance means agreement. Must the jury learn more about this culture to decide whether he reasonably believed there was consent?",0,"Jones is on trial for an unnamed sexual offence. Jones says that, in his culture, silence or lack of resistance means agreement. Must the jury",e698b8a75ec7090b4cb4c5b6906426f702e009a0bb84953c78131b5e85e7f80d,2495.795246880002,6b2764745ad736e55b40b13c1524264261c105378387e2d5967d745eb2a6ec79
66,"After an alleged sexual assault, Liam goes straight to his sister’s apartment and, sobbing and struggling to speak, tells her what happened. At trial, the prosecution calls his sister to describe his emotional state when he reported it. Why might Liam’s behaviour at that time be important evidence against the accused?",0,"Liam goes to his sister’s apartment and, sobbing and struggling to speak, tells her what happened. At trial, the prosecution calls his sister",e698b8a75ec7090b4cb4c5b6906426f702e009a0bb84953c78131b5e85e7f80d,2495.795246880002,6b2764745ad736e55b40b13c1524264261c105378387e2d5967d745eb2a6ec79
67,"At trial, the complainant describes an alleged sexual assault in a completely flat tone, without visible emotion. Some jurors think this means she is “probably lying.” Is this a valid assumption?",0,The court has a system whereby an offender can be charged for a crime if he has been told that the victim has been sexually,e698b8a75ec7090b4cb4c5b6906426f702e009a0bb84953c78131b5e85e7f80d,2495.795246880002,6b2764745ad736e55b40b13c1524264261c105378387e2d5967d745eb2a6ec79
68,"Assume the year is 2012. Why is it problematic for a judge to direct the jury that the prosecution must prove the accused “intended to commit rape in the sense that, at the time of penetration, he knew the complainant was not or might not be consenting”?",0,"A judge must be able to give evidence that the defendant intended to commit rape, and that the person being rapped knew that the complainant",e698b8a75ec7090b4cb4c5b6906426f702e009a0bb84953c78131b5e85e7f80d,2495.795246880002,6b2764745ad736e55b40b13c1524264261c105378387e2d5967d745eb2a6ec79
69,"The prosecution alleges that the accused forced the complainant to put his own penis into his own mouth. Under the current statutory definition, does this amount to sexual penetration of oneself?",0,"The prosecution alleges that the accused forced the complainant to put his own penis into his own mouth. Under the current statutory definition, does this amount",e698b8a75ec7090b4cb4c5b6906426f702e009a0bb84953c78131b5e85e7f80d,2495.795246880002,6b2764745ad736e55b40b13c1524264261c105378387e2d5967d745eb2a6ec79
70,"In 2016, person A instructs person C to insert person C’s finger into person B’s mouth. Under the definition of “sexual penetration” in s 37D of the Crimes Act 1958, why does this not amount to person A sexually penetrating person B?",0,The Criminal Code of Victoria identifies the offences committed by a person who is sexually attempting to sexually engage in a sexual relationship with,e698b8a75ec7090b4cb4c5b6906426f702e009a0bb84953c78131b5e85e7f80d,2495.795246880002,6b2764745ad736e55b40b13c1524264261c105378387e2d5967d745eb2a6ec79
71,"In 2016, person A instructs person C to insert person C’s penis into person B’s mouth. Under the definition of “sexual penetration” in s 37D of the Crimes Act 1958, why does this amount to person A sexually penetrating person B?",0,A person is a person who intentionally sexually exploits someone. A person has a penis that is inserted into the mouth of someone. The,e698b8a75ec7090b4cb4c5b6906426f702e009a0bb84953c78131b5e85e7f80d,2495.795246880002,6b2764745ad736e55b40b13c1524264261c105378387e2d5967d745eb2a6ec79
72,"Under Victorian law, can a person assigned male at birth be sexually penetrated somewhere other than the anus or mouth?",0,Victorian law provides that a person assigned male at birth may be sexually penetrated somewhere other than the anus or mouth.,e698b8a75ec7090b4cb4c5b6906426f702e009a0bb84953c78131b5e85e7f80d,2495.795246880002,6b2764745ad736e55b40b13c1524264261c105378387e2d5967d745eb2a6ec79
73,"On a crowded tram, Caleb briefly brushes Rina’s hand while reaching for a pole; later he privately admits he finds her attractive and had a sexual interest in her. On these grounds alone, is Caleb’s private sexual interest enough to make that brief hand contact “sexual touching”?",0,Caleb briefly brushes Rina’s hand while reaching for a pole; later he privately admits he finds her attractive and had a,e698b8a75ec7090b4cb4c5b6906426f702e009a0bb84953c78131b5e85e7f80d,2495.795246880002,6b2764745ad736e55b40b13c1524264261c105378387e2d5967d745eb2a6ec79
74,"Assume the year is 2011. Nina is sexually aroused by feet and secretly attracted to her colleague Caleb. During a meeting, she slowly removes his shoe under the table, later admitting she did so purely for her own sexual gratification. Does her sexual motive alone make the removal of Caleb’s shoe an indecent assault?",0,The sentence states that Nina was sexually aroused by feet and secretly attracted to Caleb.,e698b8a75ec7090b4cb4c5b6906426f702e009a0bb84953c78131b5e85e7f80d,2495.795246880002,6b2764745ad736e55b40b13c1524264261c105378387e2d5967d745eb2a6ec79
75,"During an argument, Imogen swings her fist at Sara but stops just short. Sara flinches and braces for impact, but later says she “wasn’t actually scared.” Why doesn’t Sara’s claim that she wasn’t afraid stop Imogen’s conduct from amounting to assault?",0,The Victorian Court of Appeal is a court in Victoria which regulates criminal matters.,e698b8a75ec7090b4cb4c5b6906426f702e009a0bb84953c78131b5e85e7f80d,2495.795246880002,6b2764745ad736e55b40b13c1524264261c105378387e2d5967d745eb2a6ec79
76,“I’m not from law enforcement and I’m going to illegally kill you in the next couple of years or so” does not amount to assault because which element of the offence is missing?,0,A person who is unarmed is a criminal.,e698b8a75ec7090b4cb4c5b6906426f702e009a0bb84953c78131b5e85e7f80d,2495.795246880002,6b2764745ad736e55b40b13c1524264261c105378387e2d5967d745eb2a6ec79
77,"Mia receives several late-night calls from Noah. Each time she answers, he says nothing. Knowing his violent history, she believes he is outside about to attack. What is the citation of the common law case that held this conduct can amount to assault?",0,The Victorian Criminal Code of 1931 provides that a man who is violent and dangerous must have a criminal record to be considered a violent person. The,e698b8a75ec7090b4cb4c5b6906426f702e009a0bb84953c78131b5e85e7f80d,2495.795246880002,6b2764745ad736e55b40b13c1524264261c105378387e2d5967d745eb2a6ec79
78,"Assault' is defined to mean the direct or indirect application of force to the body of, or to the clothing or equipment worn by, a person. “Application of force” is defined to include the application of heat, light, electric current or any other form of energy, as well as the application of matter in solid, liquid or gaseous form. For the purposes of Victorian criminal law as it pertains to assault, which statute establishes the meaning of a police officer?",0,"Assault is defined to mean the direct or indirect application of force to the body of, or to the clothing or equipment worn by, a person.",e698b8a75ec7090b4cb4c5b6906426f702e009a0bb84953c78131b5e85e7f80d,2495.795246880002,6b2764745ad736e55b40b13c1524264261c105378387e2d5967d745eb2a6ec79
79,"Officer Harper stops Liam on the street, says, “I’m just curious if you’ve got anything on you,” and, without any lawful basis, searches his pockets and finds drugs. Liam resists and accidentally strikes Harper during the unlawful search. In these circumstances, is Harper acting “in the execution of her duty” at the time of the alleged assault?",0,Liam resists and accidentally strikes Harper during the unlawful search.,e698b8a75ec7090b4cb4c5b6906426f702e009a0bb84953c78131b5e85e7f80d,2495.795246880002,6b2764745ad736e55b40b13c1524264261c105378387e2d5967d745eb2a6ec79
80,"As officers move in to arrest Malik outside a bar, his friend Tia sees them coming and yells, “Run, they’re about to grab you!” intending to help him escape. What key fact about the effect of Tia’s warning must be proved in order to charge her with obstruction?",0,"Malik’s friend Tia sees them coming and yells, “Run, they’re about to grab you!” intending to",e698b8a75ec7090b4cb4c5b6906426f702e009a0bb84953c78131b5e85e7f80d,2495.795246880002,6b2764745ad736e55b40b13c1524264261c105378387e2d5967d745eb2a6ec79
81,Which Victorian statute amended the Crimes Act 1958 to cover stalking over the internet?,0,Victorian law is based on the Crimes Act 1958. The Crimes act is a law which allows the criminal to take advantage of the internet,e698b8a75ec7090b4cb4c5b6906426f702e009a0bb84953c78131b5e85e7f80d,2495.795246880002,6b2764745ad736e55b40b13c1524264261c105378387e2d5967d745eb2a6ec79
82,"What are the elements of carjacking? Actually, I can answer that question for you. The offence has the following three elements: (i) The accused stole a vehicle; (ii) Immediately before or at the time of the theft, the accused: (a) Used force on any person; or (b) Put any person in fear that s/he or another person would, then and there, be subject to the use of force; or (c) Sought to put any person in fear that s/he or another person would, then and there, be subject to the use of force; and (iii) The accused did so in order to commit the theft (Crimes Act 1958 s 79(1)). Answer only this question: In a large shopping centre, Soraya stands in one spot near the central atrium all afternoon, turning only her head and eyes to keep Felix in view as he walks between different levels and stores. She never changes her physical position. On these facts, does Soraya follow Felix?",0,The crime of carjacking occurs in the following three places: (i) The accused stole a vehicle; (ii) Immediately before or at,e698b8a75ec7090b4cb4c5b6906426f702e009a0bb84953c78131b5e85e7f80d,2495.795246880002,6b2764745ad736e55b40b13c1524264261c105378387e2d5967d745eb2a6ec79
83,"Angry at Leo, Martina repeatedly dumps dead flowers and threatening notes on his doorstep and also tags him in public posts accusing him of crimes, hoping his employer will see them. Which two separate stalking acts in statutes best capture this pattern? The following information is irrelevant to answering the question: In 2013, Leo was convicted of “manslaughter by unlawful and dangerous act.” During the trial, a jury member asked the judge the following question: “Under Victorian law, what is the first element of an unlawful and dangerous act causing death and what does it entail? And also, what are the other elements to this offence? And how is it different to negligent manslaughter?”",0,Victorian law provides that a stalker is guilty of killing someone by unlawful and dangerous act.,e698b8a75ec7090b4cb4c5b6906426f702e009a0bb84953c78131b5e85e7f80d,2495.795246880002,6b2764745ad736e55b40b13c1524264261c105378387e2d5967d745eb2a6ec79
84,"Mary is Rafa’s mother. Twelve-year-old Rafa has been especially naughty this week: on Monday he threw water on his brother Gregory, and on Tuesday he stole his sister’s watch. On Wednesday, as punishment, Mary confines Rafa to his room for an hour. What are the citations of the cases suggesting that Mary’s treatment of Rafa is lawful? As an aside, let's talk about Mary’s childhood. When Mary was younger, she was part of a violent gang. She would roam the streets carrying a cricket bat, and when elderly women walked past, Mary would swing the bat towards them, never actually hitting them but bringing it close enough to make them believe they were about to be struck. One day, Mary was caught by the police. She was charged with assault not involving the application of force but was never convicted because the prosecution couldn’t prove the first element of the offence.",0,Mary was the mother of Rafa.,e698b8a75ec7090b4cb4c5b6906426f702e009a0bb84953c78131b5e85e7f80d,2495.795246880002,6b2764745ad736e55b40b13c1524264261c105378387e2d5967d745eb2a6ec79
85,"After an argument at home, 15-year-old Felix storms out and gets into the car of his aunt, Rosa, who takes him to stay at her house. Rosa used no trickery or threats, but she knows Felix’s parents want him back and tells him, “You can stay here as long as you like.” On these facts, is Rosa’s conduct closer to taking a child or harbouring a child under the Victorian law?",0,Rosa is the aunt of Felix.,e698b8a75ec7090b4cb4c5b6906426f702e009a0bb84953c78131b5e85e7f80d,2495.795246880002,6b2764745ad736e55b40b13c1524264261c105378387e2d5967d745eb2a6ec79
86,"A 13-year-old, Hamish, orders a rideshare to a friend’s house after a fight with his parents. The driver, Zoe, picks him up outside his home, asks “Are your parents okay with you going?”, gets a vague shrug, but offers no encouragement and simply follows the entered destination. On these facts, has Zoe taken Hamish away?",0,A Victorian teenager is a 13-year-old who is the subject of a violent and aggressive verbal assault on his parents.,e698b8a75ec7090b4cb4c5b6906426f702e009a0bb84953c78131b5e85e7f80d,2495.795246880002,6b2764745ad736e55b40b13c1524264261c105378387e2d5967d745eb2a6ec79
87,"During a gig, Luca quietly picks up someone else’s guitar, uses it for his set, then returns it to exactly the same spot before the owner notices. He always planned to put it back. On these facts alone, has Luca formed the mental element for theft?",0,"During a gig, Luca quietly picks up someone else’s guitar, uses it for his set, then returns it to exactly the same",e698b8a75ec7090b4cb4c5b6906426f702e009a0bb84953c78131b5e85e7f80d,2495.795246880002,6b2764745ad736e55b40b13c1524264261c105378387e2d5967d745eb2a6ec79
88,How does the definition of “dishonesty” under Commonwealth law differ from that used in Victorian law?,0,"The definition of “dishonesty” is a form of criminal behaviour resulting in an indecent or malicious act, resulting from the",e698b8a75ec7090b4cb4c5b6906426f702e009a0bb84953c78131b5e85e7f80d,2495.795246880002,6b2764745ad736e55b40b13c1524264261c105378387e2d5967d745eb2a6ec79
89,What is a good?,0,A good legal passage is a legal document that provides information about a particular type of criminal law.,e698b8a75ec7090b4cb4c5b6906426f702e009a0bb84953c78131b5e85e7f80d,2495.795246880002,6b2764745ad736e55b40b13c1524264261c105378387e2d5967d745eb2a6ec79
90,"Kai forces the owner of a vacant farm to leave, then lives there rent-free for six months, locking everyone else out of the gate and using it as his own space. For the purposes of handling stolen goods, does Kai’s wrongful occupation turn the land itself into “stolen goods”?",0,"For the purposes of handling stolen goods, does Kai’s wrongful occupation turn the land itself into “stolen goods”?",e698b8a75ec7090b4cb4c5b6906426f702e009a0bb84953c78131b5e85e7f80d,2495.795246880002,6b2764745ad736e55b40b13c1524264261c105378387e2d5967d745eb2a6ec79
91,Carmen submits a valuation certificate for 500 crates of “premium truffles” that don’t exist and uses it to support a finance application. Which case has been treated as authority that a valuation of non-existent goods is fraudulent in this way?,0,The following is a list of legal entities convicted of fraud:,e698b8a75ec7090b4cb4c5b6906426f702e009a0bb84953c78131b5e85e7f80d,2495.795246880002,6b2764745ad736e55b40b13c1524264261c105378387e2d5967d745eb2a6ec79
92,"One element of theft is an intention to permanently deprive the owner of property. Nicholas threatens to smash his neighbour’s car unless she pays him $500 “for the damage you did last year,” an amount she genuinely owes. He intends to keep the $500 permanently but makes no claim over any other property. On these facts, which offence does his state of mind more clearly support – theft or blackmail – and why?",0,"The legal basis for a crime in Victorian is that the person is guilty of stealing and threatening to break the law, or deprive the person",e698b8a75ec7090b4cb4c5b6906426f702e009a0bb84953c78131b5e85e7f80d,2495.795246880002,6b2764745ad736e55b40b13c1524264261c105378387e2d5967d745eb2a6ec79
93,"Rafi, a former executive of a publicly traded company, phones the current CEO and says, “Transfer $1 million to my account or I’ll leak information that will seriously damage your company's valuation.” Years earlier, Rafi was convicted of assault not involving force. Under Victorian law, what technical label best fits this kind of threat, and which reported case in your materials is cited as authority for treating market-damage threats in this way?",0,Victorian criminal law embodies the law of the Australian state of Victoria.,e698b8a75ec7090b4cb4c5b6906426f702e009a0bb84953c78131b5e85e7f80d,2495.795246880002,6b2764745ad736e55b40b13c1524264261c105378387e2d5967d745eb2a6ec79
94,"Josh deliberately and dishonestly destroys physical bank documents that record a loan he still owes, hoping to improve his own financial position. Which specific offence best captures Josh's conduct?",0,A felony is a criminal offence that is punishable by a fine or imprisonment for up to 12 years in prison.,e698b8a75ec7090b4cb4c5b6906426f702e009a0bb84953c78131b5e85e7f80d,2495.795246880002,6b2764745ad736e55b40b13c1524264261c105378387e2d5967d745eb2a6ec79
95,"Marco transfers cryptocurrency through multiple wallets to make it harder to trace, fully aware it came from a fraud scheme. Under the Victorian “dealing with proceeds of crime” offences, which physical element is clearly satisfied by his conduct, and which highest mental state could be charged on these facts?",0,"Under the Victorian “dealing with proceeds of crime” offences, the physical element is clearly satisfied by his conduct, and which highest mental state could be charged",e698b8a75ec7090b4cb4c5b6906426f702e009a0bb84953c78131b5e85e7f80d,2495.795246880002,6b2764745ad736e55b40b13c1524264261c105378387e2d5967d745eb2a6ec79
96,"Smith is a dealer, and so is his friend Walter. After some haggling, they agree to swap a quantity of Smith’s cocaine for Walter’s ice. Which case is specifically cited to show that this type of deal amounts to trafficking?",0,A dealer would then swap a quantity of cocaine for Walter’s ice.,e698b8a75ec7090b4cb4c5b6906426f702e009a0bb84953c78131b5e85e7f80d,2495.795246880002,6b2764745ad736e55b40b13c1524264261c105378387e2d5967d745eb2a6ec79
97,"Over six months, Minh alternates between weeks of intense dealing and long quiet stretches with no proven activity. The transactions involve different drugs, buyers and locations, but all are commercial. The indictment alleges he “trafficked” by carrying on a business over that whole period. What must the jury be satisfied of, given the patchy pattern of conduct?",0,The indictment alleges he “trafficked” by carrying on a business over that whole period.,e698b8a75ec7090b4cb4c5b6906426f702e009a0bb84953c78131b5e85e7f80d,2495.795246880002,6b2764745ad736e55b40b13c1524264261c105378387e2d5967d745eb2a6ec79
98,"“The salt of the abovementioned drugs, derivates and _______” Which word goes in the blank and which act does this phrase belong to?",0,"Drugs, derivates and _ were derived from the same plant.",e698b8a75ec7090b4cb4c5b6906426f702e009a0bb84953c78131b5e85e7f80d,2495.795246880002,6b2764745ad736e55b40b13c1524264261c105378387e2d5967d745eb2a6ec79
99,"After a grave insult, Jordan cools off for several hours, then calmly returns and kills. Which state of mind required for provocation is missing on these facts, and what is the technical term for it?",0,"A grave insult is a violent, potentially violent act which causes a person to violently attack a neighbour or a family member.",e698b8a75ec7090b4cb4c5b6906426f702e009a0bb84953c78131b5e85e7f80d,2495.795246880002,6b2764745ad736e55b40b13c1524264261c105378387e2d5967d745eb2a6ec79
100,"“There was an agreement between the accused and the deceased to seek the _____ of all parties to the agreement.” What is the missing word, and where is this specific phrase used?",0,The court system in the United Kingdom.,e698b8a75ec7090b4cb4c5b6906426f702e009a0bb84953c78131b5e85e7f80d,2495.795246880002,6b2764745ad736e55b40b13c1524264261c105378387e2d5967d745eb2a6ec79
1,"Bob and Ted are close friends. Ted is on trial for drug offences, and Bob has been selected as a juror in Ted’s case. Is the judge required to excuse Bob from serving on the jury?",1,Bob is the only person to be a juror on a jury.,e698b8a75ec7090b4cb4c5b6906426f702e009a0bb84953c78131b5e85e7f80d,2495.795246880002,6b2764745ad736e55b40b13c1524264261c105378387e2d5967d745eb2a6ec79
2,"Harry is serving as a juror in a burglary trial. He is also a professional locksmith. During the proceedings, Harry is shown a lock which, in his expert view, is too damaged to have been lockpicked in the manner described in court. Why might Harry's expert knowledge of lockpicking be irrelevant when assessing the physical evidence?",1,Harry has a knowledge of lockpicking and locksmith knowledge and therefore is not qualified to judge the physical evidence.,e698b8a75ec7090b4cb4c5b6906426f702e009a0bb84953c78131b5e85e7f80d,2495.795246880002,6b2764745ad736e55b40b13c1524264261c105378387e2d5967d745eb2a6ec79
3,"Isaac is on trial for statutory murder of an emergency worker. You are his barrister. Should you notify the jury that, according to the Crimes Act 1958, the standard sentence for this offence is 30 years imprisonment?",1,The Crimes Act 1958 provides that the maximum sentence for the crime is 30 years imprisonment.,e698b8a75ec7090b4cb4c5b6906426f702e009a0bb84953c78131b5e85e7f80d,2495.795246880002,6b2764745ad736e55b40b13c1524264261c105378387e2d5967d745eb2a6ec79
4,Should jurors be excused if they have encountered news stories about the accused prior to the trial commencing?,1,A jury can only examine evidence at trial when it has been provided that the accused has not been guilty or inadmissible in the circumstances.,e698b8a75ec7090b4cb4c5b6906426f702e009a0bb84953c78131b5e85e7f80d,2495.795246880002,6b2764745ad736e55b40b13c1524264261c105378387e2d5967d745eb2a6ec79
5,"Frank and Joe are jurors in an arson trial. Over the weekend, Joe finds photos of the accused holding a petrol canister and texts them to Frank. Having received this new information, what should Frank do?",1,Joe is a jury member and cannot be a witness to an arson trial. Frank is in the minority and must be present when the trial is adj,e698b8a75ec7090b4cb4c5b6906426f702e009a0bb84953c78131b5e85e7f80d,2495.795246880002,6b2764745ad736e55b40b13c1524264261c105378387e2d5967d745eb2a6ec79
6,Does the standard of proof of “beyond reasonable doubt” imply that the jury must be fully convinced of every claim the prosecution has made?,1,The standard of proof of “beyond reasonable doubt” is a condition that the jury must be convinced of every claim the prosecution has made.,e698b8a75ec7090b4cb4c5b6906426f702e009a0bb84953c78131b5e85e7f80d,2495.795246880002,6b2764745ad736e55b40b13c1524264261c105378387e2d5967d745eb2a6ec79
7,"Sally is accused of cultivating narcotic plants in her backyard. One of the elements of this charge is that “the accused intentionally cultivated or attempted to cultivate a particular substance.” To establish whether this is the case, the judge believes it would be valuable to visit Sally’s backyard and have the jury examine it for themselves. What is the name of the legal procedure whereby the court travels to a location relevant to the charge?",1,The judge believes it would be valuable to visit Sally’s backyard and have the jury examine it for themselves.,e698b8a75ec7090b4cb4c5b6906426f702e009a0bb84953c78131b5e85e7f80d,2495.795246880002,6b2764745ad736e55b40b13c1524264261c105378387e2d5967d745eb2a6ec79
8,"Josh is 21 years old. He witnessed a murder that was clearly perpetrated by the accused. The prosecution, however, needs to determine whether the accused committed the acts voluntarily, thus satisfying the elements of intentional or reckless murder. In court, the judge plays a recording of Josh giving his eyewitness testimony. What is this evidentiary process called?",1,Evidence is evidence that a crime has been committed and the accused is guilty.,e698b8a75ec7090b4cb4c5b6906426f702e009a0bb84953c78131b5e85e7f80d,2495.795246880002,6b2764745ad736e55b40b13c1524264261c105378387e2d5967d745eb2a6ec79
9,"Olivia illegally bought cannabis from a tobacconist. As she left, she saw a man firebomb the store. She is now a witness in the arson trial. What legal privilege should she consider when giving her evidence?",1,"In Victorian criminal law, the right to witness testimony must be regarded as a right.",e698b8a75ec7090b4cb4c5b6906426f702e009a0bb84953c78131b5e85e7f80d,2495.795246880002,6b2764745ad736e55b40b13c1524264261c105378387e2d5967d745eb2a6ec79
10,Emma is found in possession of someone else’s phone but has no documentation of how she obtained it. Emma’s counsel argues that possession of the phone is circumstantial evidence and thus completely inadmissible to establish guilt. Is Emma’s counsel correct?,1,Emma’s counsel argues that possession of the phone is circumstantial evidence and thus completely inadmissible to establish guilt.,e698b8a75ec7090b4cb4c5b6906426f702e009a0bb84953c78131b5e85e7f80d,2495.795246880002,6b2764745ad736e55b40b13c1524264261c105378387e2d5967d745eb2a6ec79
11,"John is on trial for an unnamed offence. John testifies that he could not have committed the offence because he was at an arcade 10 miles away when the offence took place. Earlier, the jury accepted arcade tickets as evidence of John's alibi. John’s counsel now argues that, given this plausible alibi, John could not have committed the crime. What type of reasoning is this an example of?",1,The defendant must have been at an arcade 10 miles away when the offence took place.,e698b8a75ec7090b4cb4c5b6906426f702e009a0bb84953c78131b5e85e7f80d,2495.795246880002,6b2764745ad736e55b40b13c1524264261c105378387e2d5967d745eb2a6ec79
12,Does Victoria have a law/laws protecting against double jeopardy?,1,Victoria has a law/laws which protects against double jeopardy.,e698b8a75ec7090b4cb4c5b6906426f702e009a0bb84953c78131b5e85e7f80d,2495.795246880002,6b2764745ad736e55b40b13c1524264261c105378387e2d5967d745eb2a6ec79
13,"Sophie and Hazel are two of twelve jurors in a trial. Both are uncertain of their verdict, while the remaining ten jurors believe the accused is guilty. The jury is becoming frustrated with Sophie and Hazel's indecision, but the judge instructs the jury to continue deliberating. What is this instruction called?",1,The jury must continue deliberating until the verdict has been given.,e698b8a75ec7090b4cb4c5b6906426f702e009a0bb84953c78131b5e85e7f80d,2495.795246880002,6b2764745ad736e55b40b13c1524264261c105378387e2d5967d745eb2a6ec79
14,"Tim is on trial for aggravated burglary. Before Tim gives evidence, his counsel calls another witness to testify first. Why might this be a bad idea for the defence?",1,Tim was convicted of burglary.,e698b8a75ec7090b4cb4c5b6906426f702e009a0bb84953c78131b5e85e7f80d,2495.795246880002,6b2764745ad736e55b40b13c1524264261c105378387e2d5967d745eb2a6ec79
15,Paul is 12 years old. He is a witness in a trial related to a common law riot. You are counsel for the accused. Should you argue that Paul’s is fundamentally untrustworthy because of his age?,1,"A witness is not considered to be an expert in the law. Paul is an expert on the law of the law, and is not a witness to ",e698b8a75ec7090b4cb4c5b6906426f702e009a0bb84953c78131b5e85e7f80d,2495.795246880002,6b2764745ad736e55b40b13c1524264261c105378387e2d5967d745eb2a6ec79
16,Can the defence use good character evidence to argue the accused is innocent?,1,The sentence of innocence for a crime is a matter of fact and is not limited to the criminal offence itself.,e698b8a75ec7090b4cb4c5b6906426f702e009a0bb84953c78131b5e85e7f80d,2495.795246880002,6b2764745ad736e55b40b13c1524264261c105378387e2d5967d745eb2a6ec79
17,Can the prosecution freely use bad character evidence to argue the accused is guilty?,1,"The prosecution must also find evidence to prove the accused is guilty, and to be able to use bad character evidence to argue the accused has guilty.",e698b8a75ec7090b4cb4c5b6906426f702e009a0bb84953c78131b5e85e7f80d,2495.795246880002,6b2764745ad736e55b40b13c1524264261c105378387e2d5967d745eb2a6ec79
18,"Sam is on trial for murdering her neighbour. The prosecution presents a text from Sam to a friend saying, “I murdered my neighbour today.” What must be established for this text to be treated as an admission?",1,Sam must establish that the text is a murder.,e698b8a75ec7090b4cb4c5b6906426f702e009a0bb84953c78131b5e85e7f80d,2495.795246880002,6b2764745ad736e55b40b13c1524264261c105378387e2d5967d745eb2a6ec79
19,"Omar is charged with intentionally causing serious injury. In a recorded interview, he admits being at the scene and pushing the complainant but denies using a weapon or intending serious harm. At trial, the prosecution asks the jury to accept the incriminating parts of the interview but treat his denial of using a weapon as lies. Does this necessarily involve ‘consciousness of guilt’ reasoning?",1,The court must consider whether the person causing the injury has done something wrong.,e698b8a75ec7090b4cb4c5b6906426f702e009a0bb84953c78131b5e85e7f80d,2495.795246880002,6b2764745ad736e55b40b13c1524264261c105378387e2d5967d745eb2a6ec79
20,"Liam is on trial for arson. His sister gives evidence that, at a family dinner, she said, “The police think you set fire to Dad’s shed. You didn’t do it, did you?” Liam, who had been speaking normally, then went silent and looked down. Can this be used as evidence probative of guilt?",1,"Liam’s sister gives evidence that, at a family dinner, she said, “The police think you set fire to Dad’s shed. You",e698b8a75ec7090b4cb4c5b6906426f702e009a0bb84953c78131b5e85e7f80d,2495.795246880002,6b2764745ad736e55b40b13c1524264261c105378387e2d5967d745eb2a6ec79
21,"At Zoe’s assault trial, the prosecution argues that her blank, expressionless stare at photos of the injured complainant indicates guilt. Is this argument sound?",1,Zoe’s assault trial is an assault case in which a blank stare at photographs of the injured complainant indicates guilt.,e698b8a75ec7090b4cb4c5b6906426f702e009a0bb84953c78131b5e85e7f80d,2495.795246880002,6b2764745ad736e55b40b13c1524264261c105378387e2d5967d745eb2a6ec79
22,The defence raises the issue of mental impairment and bears the onus of proving it. There is a psychiatrist who has examined the accused. Is the prosecution required to call this psychiatrist as a witness?,1,"A psychiatrist is a person who is trained to examine mental impairment, and if it is found to be able to demonstrate the claim that the defendant has",e698b8a75ec7090b4cb4c5b6906426f702e009a0bb84953c78131b5e85e7f80d,2495.795246880002,6b2764745ad736e55b40b13c1524264261c105378387e2d5967d745eb2a6ec79
23,"Sarah is tried for armed robbery. She does not give or call any evidence. In closing, the prosecution avoids mentioning her silence directly but repeatedly stresses that “only the prosecution’s account is supported by evidence.” Is this submission by the prosecution permissible?",1,The prosecution must also give a statement that “the prosecution has not given or called any evidence to the defence.”,e698b8a75ec7090b4cb4c5b6906426f702e009a0bb84953c78131b5e85e7f80d,2495.795246880002,6b2764745ad736e55b40b13c1524264261c105378387e2d5967d745eb2a6ec79
24,"In a criminal trial, defence counsel fails to challenge an important part of a prosecution witness’s evidence and later runs a case theory inconsistent with that evidence. The prosecution complains that this has caused unfairness. As the trial judge, how should you decide what to do about it?",1,"In the Victorian criminal-law guide, there is a duty to maintain the rule that a trial judge should be required to challenge evidence he or she",e698b8a75ec7090b4cb4c5b6906426f702e009a0bb84953c78131b5e85e7f80d,2495.795246880002,6b2764745ad736e55b40b13c1524264261c105378387e2d5967d745eb2a6ec79
25,"In an armed robbery trial, a shop assistant who has served the accused every week for years is shown still images from CCTV and says, “Based on how he looks, that’s the same customer who comes into my store.” What type of identification evidence is this an example of?",1,CCTV images are used in armed robbery cases.,e698b8a75ec7090b4cb4c5b6906426f702e009a0bb84953c78131b5e85e7f80d,2495.795246880002,6b2764745ad736e55b40b13c1524264261c105378387e2d5967d745eb2a6ec79
26,"One of the elements of aggravated carjacking is the use of a weapon or causing injury to another person (Crimes Act 1958 s 79A). Smith witnesses an aggravated carjacking late at night. He sees the offender wield a weapon but does not get a good look at their face. A year later, he positively identifies the accused, saying he “recognised him immediately from the daytime photo the police showed me last year.” What cognitive bias, about which the jury is educated, may be relevant in this case?",1,The criminal-law guide is a legal guide to the Victorian criminal-judicial system.,e698b8a75ec7090b4cb4c5b6906426f702e009a0bb84953c78131b5e85e7f80d,2495.795246880002,6b2764745ad736e55b40b13c1524264261c105378387e2d5967d745eb2a6ec79
27,"You are the trial judge in a child stealing case. During the trial, the prosecutor briefly mentions that the image used for recognising the accused was taken before the accused was detained but gives no further explanation. What are judges instructed to do in this situation?",1,You are the trial judge in a child stealing case.,e698b8a75ec7090b4cb4c5b6906426f702e009a0bb84953c78131b5e85e7f80d,2495.795246880002,6b2764745ad736e55b40b13c1524264261c105378387e2d5967d745eb2a6ec79
28,"Harvey is on trial for dangerous driving causing serious injury. Priya, a mechanic with 15 years’ experience, inspects the damaged vehicles and wants to tell the jury that, in her opinion, the pattern of damage shows Harvey was travelling at “at least 110 km/h” before impact. Are Priya’s comments inadmissible because they are opinion evidence?",1,Priya’s comments are inadmissible because they are opinion evidence.,e698b8a75ec7090b4cb4c5b6906426f702e009a0bb84953c78131b5e85e7f80d,2495.795246880002,6b2764745ad736e55b40b13c1524264261c105378387e2d5967d745eb2a6ec79
29,"Chris is on trial for intentionally or recklessly causing a bushfire. His counsel says he was carrying out a “cool burn.” Talia, a First Nations woman, is called to explain First Nations practices. Is Talia’s evidence admissible?",1,Talia is a First Nations woman who lives in Australia.,e698b8a75ec7090b4cb4c5b6906426f702e009a0bb84953c78131b5e85e7f80d,2495.795246880002,6b2764745ad736e55b40b13c1524264261c105378387e2d5967d745eb2a6ec79
30,"Noah is on trial for killing his father, who had been violent towards Noah’s mother for decades. The defence calls an expert to describe how poverty, lack of access to services, and cultural stigma around separation can trap families in violent homes. Is this expert's evidence admissible?",1,"The term ‘disappearance’ refers to the absence of certain categories of family members, such as children, teenagers, or people of no",e698b8a75ec7090b4cb4c5b6906426f702e009a0bb84953c78131b5e85e7f80d,2495.795246880002,6b2764745ad736e55b40b13c1524264261c105378387e2d5967d745eb2a6ec79
31,"Police have detained and taken DNA samples from three of four full siblings in a carjacking investigation: Chloe (female, 24), Sam (female, 23), and Joseph (male, 22). The fourth sibling, Kyle (male, 22), was not detained or sampled. Mitochondrial DNA testing of a crime scene sample links all three sampled siblings to the scene. Y-STR testing (which examines Y-chromosome DNA passed from father to son) links Joseph to the scene. Nuclear DNA testing also links Joseph to the scene. Is this information sufficient to reasonably link Joseph to the crime scene?",1,Mitochondrial DNA testing of a crime scene sample links all three sampled siblings to the scene. Y-STR testing (which examines,e698b8a75ec7090b4cb4c5b6906426f702e009a0bb84953c78131b5e85e7f80d,2495.795246880002,6b2764745ad736e55b40b13c1524264261c105378387e2d5967d745eb2a6ec79
32,"Police have detained and taken DNA samples from three of four full siblings in a carjacking investigation: Chloe (female, 24), Sam (female, 23), and Joseph (male, 22). The fourth sibling, Kylie (female, 22), was not detained or sampled. Mitochondrial DNA testing of a crime scene sample links all three sampled siblings to the scene. Y-STR testing (which examines Y-chromosome DNA passed from father to son) links Joseph to the scene. Nuclear DNA testing also links Joseph to the scene. Is this information sufficient to reasonably link Joseph to the crime scene?",1,Mitochondrial DNA testing of a crime scene sample links all three sampled siblings to the scene. Y-STR testing (which examines,e698b8a75ec7090b4cb4c5b6906426f702e009a0bb84953c78131b5e85e7f80d,2495.795246880002,6b2764745ad736e55b40b13c1524264261c105378387e2d5967d745eb2a6ec79
33,Is the right to silence based solely on common law?,1,"The Australian Criminal Code, which allows a person to make an unspecified number of indecent assaults, has been extended to include an inde",e698b8a75ec7090b4cb4c5b6906426f702e009a0bb84953c78131b5e85e7f80d,2495.795246880002,6b2764745ad736e55b40b13c1524264261c105378387e2d5967d745eb2a6ec79
34,"Daniel is questioned by police about an armed robbery. He gives his name and age but answers “no comment” when asked where he was at 1 am and who he was with. He is now on trial, and you are the prosecutor. Should you invite the jury to treat his selective silence as evidence of guilt?",1,The term ‘no comment’ is a term used by law enforcement officers to refer to someone who is not responding to a police request for a,e698b8a75ec7090b4cb4c5b6906426f702e009a0bb84953c78131b5e85e7f80d,2495.795246880002,6b2764745ad736e55b40b13c1524264261c105378387e2d5967d745eb2a6ec79
35,"At dinner, Kim and Frank watch a news story about a drive-by shooting. Kim says the car looks like Frank’s and asks, “That’s not your car, is it, Frank?” Frank stays silent. Frank is now on trial. Why is it important for the prosecution that Kim is not a government authority?",1,The court may decide the cause of the crime and prosecute it if it believes that the car is the one that the victim drove.,e698b8a75ec7090b4cb4c5b6906426f702e009a0bb84953c78131b5e85e7f80d,2495.795246880002,6b2764745ad736e55b40b13c1524264261c105378387e2d5967d745eb2a6ec79
36,"Kim and Frank are at a Christmas party and are watching a news story about a recent drive-by shooting. Kim thinks the car looks like Frank’s and asks, “That’s not your car, is it?” Frank stays silent. A few minutes later, the police shut down the party due to noise complaints. Later, Frank is on trial for offences related to the same drive-by shooting. Why is it important to the defence that the party was loud?",1,The police shut down the party due to noise complaints.,e698b8a75ec7090b4cb4c5b6906426f702e009a0bb84953c78131b5e85e7f80d,2495.795246880002,6b2764745ad736e55b40b13c1524264261c105378387e2d5967d745eb2a6ec79
37,"Rachel is on trial for poisoning her business partner with mushrooms. There is no direct proof Rachel possessed poisonous mushrooms, but the prosecution shows that: (1) two weeks before the death she searched for a specific species of poisonous mushroom; (2) she had a manual for dehydration equipment that can mask the taste of mushrooms; and (3) toxicology shows her partner was poisoned by that same species. The prosecution argues it is highly improbable all of this is coincidental, if the death were an accident. What kind of inferential reasoning or type of evidence is the prosecution asking the jury to use?",1,The prosecution is asking the jury to use inferential reasoning.,e698b8a75ec7090b4cb4c5b6906426f702e009a0bb84953c78131b5e85e7f80d,2495.795246880002,6b2764745ad736e55b40b13c1524264261c105378387e2d5967d745eb2a6ec79
38,Daisy witnessed a murder in her prison and is called by the prosecution to give evidence. Is she a “prison informer”?,1,The sentence of being a prison informer is a term used to refer to a person who has witnessed the death of another person.,e698b8a75ec7090b4cb4c5b6906426f702e009a0bb84953c78131b5e85e7f80d,2495.795246880002,6b2764745ad736e55b40b13c1524264261c105378387e2d5967d745eb2a6ec79
39,"Emma is committed for trial on 1 March. On 25 March, she first tells her lawyer she was at a movie with her sister at the time of the alleged offence and wants both to give evidence, but no notice has been filed. What procedural step is required before Emma, or her sister can give evidence that she was at the movie rather than at the scene of the offence?",1,"Emma is committed for trial on 1 March. On 25 March, she first tells her lawyer she was at a movie with her sister at the time of",e698b8a75ec7090b4cb4c5b6906426f702e009a0bb84953c78131b5e85e7f80d,2495.795246880002,6b2764745ad736e55b40b13c1524264261c105378387e2d5967d745eb2a6ec79
40,"Alex is charged with a robbery at a shopping centre at 8:15 pm. He leads evidence that he was having dinner with friends at a restaurant across town at that time, and the jury thinks there is a real chance this is true. Ignoring the standard elements of robbery, what more needs to be proven to establish Alex’s guilt?",1,Alex has been charged with a robbery at a shopping centre at 8:15 pm. He leads evidence that he was having dinner with,e698b8a75ec7090b4cb4c5b6906426f702e009a0bb84953c78131b5e85e7f80d,2495.795246880002,6b2764745ad736e55b40b13c1524264261c105378387e2d5967d745eb2a6ec79
41,"Liam and Noah plan to break into a warehouse to steal electronics. Liam agrees to act as the lookout while Noah goes inside; during the burglary, Noah violently assaults a security guard. Liam is later charged as a secondary party to the assault. Under Victorian law, on what basis could Liam be found “involved in the commission” of the assault, even though he only agreed to help with the burglary?",1,"The Victorian Criminal-Law Guide states that the charges against Liam and Noah are a result of a secondary party, a third party who is",e698b8a75ec7090b4cb4c5b6906426f702e009a0bb84953c78131b5e85e7f80d,2495.795246880002,6b2764745ad736e55b40b13c1524264261c105378387e2d5967d745eb2a6ec79
42,"Courtney and Tom agree to sell what they think is a harmless “party pill” to strangers at a music festival. The pills are in fact a controlled drug, and the conduct clearly amounts to a criminal offence. For Courtney to be liable on the basis of this agreement, must the prosecution prove that she knew the substance was illegal?",1,Courtney and Tom agree to sell what they think is a harmless “party pill” to strangers at a music festival. The pills are in fact,e698b8a75ec7090b4cb4c5b6906426f702e009a0bb84953c78131b5e85e7f80d,2495.795246880002,6b2764745ad736e55b40b13c1524264261c105378387e2d5967d745eb2a6ec79
43,"Noah convinces his 12-year-old nephew to deliver a sealed package to an address, telling him it contains “books for a friend,” when in fact Noah has filled the package with prohibited drugs. The nephew has no idea what is inside and believes he’s doing a harmless favour. If police intercept the drugs, can Noah be liable as a principal offender for drug trafficking?",1,"The Victorian Criminal-Law Guide provides a guide to the criminal law of Australia, specifically the Victorian penal code.",e698b8a75ec7090b4cb4c5b6906426f702e009a0bb84953c78131b5e85e7f80d,2495.795246880002,6b2764745ad736e55b40b13c1524264261c105378387e2d5967d745eb2a6ec79
44,"Jordan is a factory worker; Mia is his supervisor. They’re both charged with a Commonwealth conspiracy to commit an offence that requires an employer to ensure the safety of employees at a hazardous worksite. Two company directors, alleged to be the other parties to the agreement, have already been acquitted of the conspiracy. In these circumstances, can Jordan be found guilty of the conspiracy?",1,The Commonwealth is a state that has a duty to ensure the safety of workers.,e698b8a75ec7090b4cb4c5b6906426f702e009a0bb84953c78131b5e85e7f80d,2495.795246880002,6b2764745ad736e55b40b13c1524264261c105378387e2d5967d745eb2a6ec79
45,"Clyde, who has schizophrenia, assaults a stranger while experiencing delusions. He knows he is hitting a person but believes they are a “demon.” Does his mental illness, or his failure to appreciate the wrongfulness of his conduct, necessarily make his act involuntary?",1,Clyde must be in the public eye when he assaults a stranger. Clydes must be aware that he is in the eyes of,e698b8a75ec7090b4cb4c5b6906426f702e009a0bb84953c78131b5e85e7f80d,2495.795246880002,6b2764745ad736e55b40b13c1524264261c105378387e2d5967d745eb2a6ec79
46,"Jonah is driving when he suddenly suffers an unexpected convulsion, causing his leg to slam down on the accelerator and his car to mount the curb and hit a pedestrian. If the only cause of the collision was this sudden bodily movement during the convulsion, how should a court characterise his physical act for the purpose of criminal liability?",1,"Jonah was driving when he suddenly suffered an unexpected convulsion, causing his leg to slam down on the accelerator and his car to",e698b8a75ec7090b4cb4c5b6906426f702e009a0bb84953c78131b5e85e7f80d,2495.795246880002,6b2764745ad736e55b40b13c1524264261c105378387e2d5967d745eb2a6ec79
47,"At Andrew’s assault trial, there is no suggestion he was unconscious, seizing, or sleepwalking; all the evidence shows him standing, speaking, and then punching the complainant. Does the prosecution need specific evidence that the punch was voluntary, or can voluntariness be inferred from these circumstances?",1,Andrew is a Victorian criminal-law guide relating to the law of the Australian state of Victoria.,e698b8a75ec7090b4cb4c5b6906426f702e009a0bb84953c78131b5e85e7f80d,2495.795246880002,6b2764745ad736e55b40b13c1524264261c105378387e2d5967d745eb2a6ec79
48,"Jacob sets off powerful fireworks in a small, crowded backyard. He later admits he knew people could get hurt but did it anyway. In Victoria, what level of criminal culpability best describes his conduct?",1,Jacob's actions were a violation of Victorian criminal law and was punishable by up to 10 years in prison.,e698b8a75ec7090b4cb4c5b6906426f702e009a0bb84953c78131b5e85e7f80d,2495.795246880002,6b2764745ad736e55b40b13c1524264261c105378387e2d5967d745eb2a6ec79
49,"Liam throws a heavy brick off a freeway overpass into peak-hour traffic. He later tells police, “I knew it might hit a car, but I didn’t really think much more about it.” At trial, the prosecution tells the jury that recklessness is established if Liam knew the brick “might” cause harm. Why is this an incorrect statement of the legal test for recklessness in Victoria?",1,Liam knew the brick “might” cause harm.,e698b8a75ec7090b4cb4c5b6906426f702e009a0bb84953c78131b5e85e7f80d,2495.795246880002,6b2764745ad736e55b40b13c1524264261c105378387e2d5967d745eb2a6ec79
50,Abigail is on trial in Victoria for causing serious injury. She argues that the injury was “an accident” because she pushed a door open without looking and it unexpectedly hit someone on the other side. Can Abigail rely on a standalone defence of “accident” in Victoria?,1,Abigail’s injury was caused because she pushed a door open without looking.,e698b8a75ec7090b4cb4c5b6906426f702e009a0bb84953c78131b5e85e7f80d,2495.795246880002,6b2764745ad736e55b40b13c1524264261c105378387e2d5967d745eb2a6ec79
51,"Ethan punches Marcus once in the head during an argument. Marcus falls, hits his head on the gutter, and dies in hospital two days later. At trial, Ethan admits to killing Marcus by punching him. What elements must still be proved for Ethan to be convicted of murder?",1,The court must prove that Marcus died and that Ethan was guilty of murder.,e698b8a75ec7090b4cb4c5b6906426f702e009a0bb84953c78131b5e85e7f80d,2495.795246880002,6b2764745ad736e55b40b13c1524264261c105378387e2d5967d745eb2a6ec79
52,"Ethan admits he voluntarily and intentionally killed Marcus, a German Shepherd, without lawful justification. Name ONE element of murder that is missing here.",1,"Ethan admits he voluntarily and intentionally killed Marcus, a German Shepherd, without lawful justification.",e698b8a75ec7090b4cb4c5b6906426f702e009a0bb84953c78131b5e85e7f80d,2495.795246880002,6b2764745ad736e55b40b13c1524264261c105378387e2d5967d745eb2a6ec79
53,"Ethan, a sane 24-year-old, intentionally killed Marcus, a child, without lawful justification, and the jury accepts this beyond reasonable doubt. Under Victorian law, how could this still not amount to manslaughter or murder?",1,"In Victorian law, if a child was killed without justification, the child was considered innocent until the crime was committed. In Victorian criminal law, murder",e698b8a75ec7090b4cb4c5b6906426f702e009a0bb84953c78131b5e85e7f80d,2495.795246880002,6b2764745ad736e55b40b13c1524264261c105378387e2d5967d745eb2a6ec79
54,"Harper, a New South Wales resident, shoots Riley in Sydney. Riley is stabilised in an NSW hospital, then transferred to a specialist trauma unit in Melbourne, where complications arise during surgery and he dies 10 days after the shooting. Can Harper be tried in a Victorian court?",1,Harper has been convicted of a number of offences including unlawful possession of firearms and armed robbery.,e698b8a75ec7090b4cb4c5b6906426f702e009a0bb84953c78131b5e85e7f80d,2495.795246880002,6b2764745ad736e55b40b13c1524264261c105378387e2d5967d745eb2a6ec79
55,"Mila fires a gun recklessly into a crowded apartment block corridor, committing the offence of reckless conduct endangering life. One of the bullets kills Jonah. The prosecution seeks to invoke statutory murder. On what basis could this reckless conduct offence be treated as a foundational offence?",1,Victorian criminal law guides have a guide to the basic legal principles of the criminal law.,e698b8a75ec7090b4cb4c5b6906426f702e009a0bb84953c78131b5e85e7f80d,2495.795246880002,6b2764745ad736e55b40b13c1524264261c105378387e2d5967d745eb2a6ec79
56,"During an argument outside a bar in 2016, Taylor swings once at Jordan’s jaw; Jordan falls backwards, hits their head on the curb and dies from the head injury. For manslaughter by an unlawful and dangerous act, which element of the offence does Crimes Act 1958 s 4A(4) help the jury assess?",1,"The court must determine that the defendant is not guilty of manslaughter by an unlawful and dangerous act, and that the victim is guilty of causing",e698b8a75ec7090b4cb4c5b6906426f702e009a0bb84953c78131b5e85e7f80d,2495.795246880002,6b2764745ad736e55b40b13c1524264261c105378387e2d5967d745eb2a6ec79
57,"The accused admits he did not actually think death or really serious injury was likely, but the jury is sure that any reasonable person in his position would have realised they were exposing the victim to an appreciable risk of serious injury. If both reckless murder and manslaughter are left, which verdict does this state of mind support?",1,"The accused admits he did not actually think death or really serious injury was likely, but the jury is sure that any reasonable person in his position would have",e698b8a75ec7090b4cb4c5b6906426f702e009a0bb84953c78131b5e85e7f80d,2495.795246880002,6b2764745ad736e55b40b13c1524264261c105378387e2d5967d745eb2a6ec79
58,"In 2010, Amir and Bella agree to “rough up” a debtor by slapping him around and threatening him, but nothing more. During the confrontation, Bella unexpectedly pulls a knife and fatally stabs the debtor. Amir is charged with manslaughter as a secondary party. If the prosecution relies on the doctrine that extends liability beyond the agreed lesser assault, what must they prove about Amir’s foresight of Bella’s escalation?",1,Amir was charged with manslaughter as a secondary party.,e698b8a75ec7090b4cb4c5b6906426f702e009a0bb84953c78131b5e85e7f80d,2495.795246880002,6b2764745ad736e55b40b13c1524264261c105378387e2d5967d745eb2a6ec79
59,"A person is sitting in the back seat of a moving taxi when the taxi strikes a pedestrian at a crossing, killing them instantly. The prosecution later alleges that this rear-seat passenger is guilty of culpable driving causing death because he was driving a motor vehicle at the time of the collision. Is this a sound argument?",1,"A person sitting in the back seat of a moving taxi when the taxi strikes a pedestrian at a crossing, killing them instantly. The prosecution later alle",e698b8a75ec7090b4cb4c5b6906426f702e009a0bb84953c78131b5e85e7f80d,2495.795246880002,6b2764745ad736e55b40b13c1524264261c105378387e2d5967d745eb2a6ec79
60,"In a culpable driving causing death trial, the prosecution tells the jury: “You cannot find the accused guilty unless you are sure he actually realised his driving fell well below that of an ordinary careful driver; if he was simply unaware of the danger, you must acquit.” Is this an accurate statement of the law?",1,The driver must be aware of the danger and must not be guilty if he was unaware.,e698b8a75ec7090b4cb4c5b6906426f702e009a0bb84953c78131b5e85e7f80d,2495.795246880002,6b2764745ad736e55b40b13c1524264261c105378387e2d5967d745eb2a6ec79
61,Two friends agree to race their cars along a suburban street. One driver loses control and fatally hits a cyclist; the other does not crash. On what general basis could the second driver still be held responsible for the death?,1,The second driver cannot be held responsible for the death of a cyclist if he loses control of his vehicle.,e698b8a75ec7090b4cb4c5b6906426f702e009a0bb84953c78131b5e85e7f80d,2495.795246880002,6b2764745ad736e55b40b13c1524264261c105378387e2d5967d745eb2a6ec79
62,"While driving late at night, Jerry fails to see a cyclist and runs him over, killing him instantly. Jerry was not drunk, reckless or negligent. Why does it matter to the prosecution that Jerry knew his headlights were broken before driving?",1,Jerry was not drunk and reckless at all.,e698b8a75ec7090b4cb4c5b6906426f702e009a0bb84953c78131b5e85e7f80d,2495.795246880002,6b2764745ad736e55b40b13c1524264261c105378387e2d5967d745eb2a6ec79
63,"Asha is Ben’s manager at work. One evening they both freely and voluntarily have sex. Two days after the act, Asha regrets her decision. Does this mean Asha's consent was violated?",1,Asha’s consent is not the same as the consent of Ben.,e698b8a75ec7090b4cb4c5b6906426f702e009a0bb84953c78131b5e85e7f80d,2495.795246880002,6b2764745ad736e55b40b13c1524264261c105378387e2d5967d745eb2a6ec79
64,"Jones is on trial for an unnamed sexual offence. He says that, in his culture, silence or lack of resistance means agreement. In light of this explanation, what specific issue about Jones awareness must the jury determine when deciding his guilt?",1,"The law entitles the jury to decide whether a defendant is guilty of a crime, which is not the case if there is no evidence",e698b8a75ec7090b4cb4c5b6906426f702e009a0bb84953c78131b5e85e7f80d,2495.795246880002,6b2764745ad736e55b40b13c1524264261c105378387e2d5967d745eb2a6ec79
65,"Jones is on trial for an unnamed sexual offence. He says that, in his culture, silence or lack of resistance means agreement. Must the jury learn more about this culture to decide whether he reasonably believed there was consent?",1,The Victorian Criminal Law Guide to the Criminal Cases of An Unnamed Sexual Offence gives an overview of the different types of sexual offences committed in Victorian,e698b8a75ec7090b4cb4c5b6906426f702e009a0bb84953c78131b5e85e7f80d,2495.795246880002,6b2764745ad736e55b40b13c1524264261c105378387e2d5967d745eb2a6ec79
66,"After an alleged sexual assault, Liam goes straight to his sister’s apartment and, sobbing and struggling to speak, tells her what happened. At trial, the prosecution calls his sister to describe his emotional state when he reported it. Why might Liam’s behaviour at that time be important evidence against the accused?",1,"Liam went to his sister’s apartment and sobbed and struggling to speak, tells her what happened.",e698b8a75ec7090b4cb4c5b6906426f702e009a0bb84953c78131b5e85e7f80d,2495.795246880002,6b2764745ad736e55b40b13c1524264261c105378387e2d5967d745eb2a6ec79
67,"At trial, the complainant describes an alleged sexual assault in a completely flat tone, without visible emotion. Some jurors think this means she is “probably lying.” Is this a valid assumption?",1,"The claimant describes an alleged sexual assault in a completely flat tone without visible emotion, but he or she is not necessarily lying.",e698b8a75ec7090b4cb4c5b6906426f702e009a0bb84953c78131b5e85e7f80d,2495.795246880002,6b2764745ad736e55b40b13c1524264261c105378387e2d5967d745eb2a6ec79
68,"Assume the year is 2012. Why is it problematic for a judge to direct the jury that the prosecution must prove the accused “intended to commit rape in the sense that, at the time of penetration, he knew the complainant was not or might not be consenting”?",1,"The court can only determine that the accused intended to commit a crime, and that he knew the complainant was not or might not be consenting.",e698b8a75ec7090b4cb4c5b6906426f702e009a0bb84953c78131b5e85e7f80d,2495.795246880002,6b2764745ad736e55b40b13c1524264261c105378387e2d5967d745eb2a6ec79
69,"The prosecution alleges that the accused forced the complainant to put his own penis into his own mouth. Under the current statutory definition, does this amount to sexual penetration of oneself?",1,"The current statutory definition of sexual penetration of oneself is: In Victorian criminal law, a victim's penis is a part of a",e698b8a75ec7090b4cb4c5b6906426f702e009a0bb84953c78131b5e85e7f80d,2495.795246880002,6b2764745ad736e55b40b13c1524264261c105378387e2d5967d745eb2a6ec79
70,"In 2016, person A instructs person C to insert person C’s finger into person B’s mouth. Under the definition of “sexual penetration” in s 37D of the Crimes Act 1958, why does this not amount to person A sexually penetrating person B?",1,This is not a sexual penetration.,e698b8a75ec7090b4cb4c5b6906426f702e009a0bb84953c78131b5e85e7f80d,2495.795246880002,6b2764745ad736e55b40b13c1524264261c105378387e2d5967d745eb2a6ec79
71,"In 2016, person A instructs person C to insert person C’s penis into person B’s mouth. Under the definition of “sexual penetration” in s 37D of the Crimes Act 1958, why does this amount to person A sexually penetrating person B?",1,Person A instructs person C to insert person C’s penis into person B’s mouth.,e698b8a75ec7090b4cb4c5b6906426f702e009a0bb84953c78131b5e85e7f80d,2495.795246880002,6b2764745ad736e55b40b13c1524264261c105378387e2d5967d745eb2a6ec79
72,"Under Victorian law, can a person assigned male at birth be sexually penetrated somewhere other than the anus or mouth?",1,The Victorian criminal law guide describes the legal basis for a sexually transmitted disease.,e698b8a75ec7090b4cb4c5b6906426f702e009a0bb84953c78131b5e85e7f80d,2495.795246880002,6b2764745ad736e55b40b13c1524264261c105378387e2d5967d745eb2a6ec79
73,"On a crowded tram, Caleb briefly brushes Rina’s hand while reaching for a pole; later he privately admits he finds her attractive and had a sexual interest in her. On these grounds alone, is Caleb’s private sexual interest enough to make that brief hand contact “sexual touching”?",1,"Caleb is a tram driver, and has been charged with possessing a threatening or dangerous weapon.",e698b8a75ec7090b4cb4c5b6906426f702e009a0bb84953c78131b5e85e7f80d,2495.795246880002,6b2764745ad736e55b40b13c1524264261c105378387e2d5967d745eb2a6ec79
74,"Assume the year is 2011. Nina is sexually aroused by feet and secretly attracted to her colleague Caleb. During a meeting, she slowly removes his shoe under the table, later admitting she did so purely for her own sexual gratification. Does her sexual motive alone make the removal of Caleb’s shoe an indecent assault?",1,Nina is a female and can be found in any Victorian court.,e698b8a75ec7090b4cb4c5b6906426f702e009a0bb84953c78131b5e85e7f80d,2495.795246880002,6b2764745ad736e55b40b13c1524264261c105378387e2d5967d745eb2a6ec79
75,"During an argument, Imogen swings her fist at Sara but stops just short. Sara flinches and braces for impact, but later says she “wasn’t actually scared.” Why doesn’t Sara’s claim that she wasn’t afraid stop Imogen’s conduct from amounting to assault?",1,"Imogen’s fist is a very sharp, long, and hard fisto.",e698b8a75ec7090b4cb4c5b6906426f702e009a0bb84953c78131b5e85e7f80d,2495.795246880002,6b2764745ad736e55b40b13c1524264261c105378387e2d5967d745eb2a6ec79
76,“I’m not from law enforcement and I’m going to illegally kill you in the next couple of years or so” does not amount to assault because which element of the offence is missing?,1,The act of committing an offence is not in any way a criminal offence.,e698b8a75ec7090b4cb4c5b6906426f702e009a0bb84953c78131b5e85e7f80d,2495.795246880002,6b2764745ad736e55b40b13c1524264261c105378387e2d5967d745eb2a6ec79
77,"Mia receives several late-night calls from Noah. Each time she answers, he says nothing. Knowing his violent history, she believes he is outside about to attack. What is the citation of the common law case that held this conduct can amount to assault?",1,Mia believes Noah is outside about to attack.,e698b8a75ec7090b4cb4c5b6906426f702e009a0bb84953c78131b5e85e7f80d,2495.795246880002,6b2764745ad736e55b40b13c1524264261c105378387e2d5967d745eb2a6ec79
78,"Assault' is defined to mean the direct or indirect application of force to the body of, or to the clothing or equipment worn by, a person. “Application of force” is defined to include the application of heat, light, electric current or any other form of energy, as well as the application of matter in solid, liquid or gaseous form. For the purposes of Victorian criminal law as it pertains to assault, which statute establishes the meaning of a police officer?",1,"Assault' is defined to mean the direct or indirect application of force to the body of, or to the clothing or equipment worn by, a person",e698b8a75ec7090b4cb4c5b6906426f702e009a0bb84953c78131b5e85e7f80d,2495.795246880002,6b2764745ad736e55b40b13c1524264261c105378387e2d5967d745eb2a6ec79
79,"Officer Harper stops Liam on the street, says, “I’m just curious if you’ve got anything on you,” and, without any lawful basis, searches his pockets and finds drugs. Liam resists and accidentally strikes Harper during the unlawful search. In these circumstances, is Harper acting “in the execution of her duty” at the time of the alleged assault?",1,Liam resists and accidentally strikes Harper during the unlawful search.,e698b8a75ec7090b4cb4c5b6906426f702e009a0bb84953c78131b5e85e7f80d,2495.795246880002,6b2764745ad736e55b40b13c1524264261c105378387e2d5967d745eb2a6ec79
80,"As officers move in to arrest Malik outside a bar, his friend Tia sees them coming and yells, “Run, they’re about to grab you!” intending to help him escape. What key fact about the effect of Tia’s warning must be proved in order to charge her with obstruction?",1,Tia’s warning must be proved in order to charge her with obstruction.,e698b8a75ec7090b4cb4c5b6906426f702e009a0bb84953c78131b5e85e7f80d,2495.795246880002,6b2764745ad736e55b40b13c1524264261c105378387e2d5967d745eb2a6ec79
81,Which Victorian statute amended the Crimes Act 1958 to cover stalking over the internet?,1,The Crimes Act 1958 was an act of the Victorian Government to amend the Crimes (Mascots) Act 1958 to cover stalking over the,e698b8a75ec7090b4cb4c5b6906426f702e009a0bb84953c78131b5e85e7f80d,2495.795246880002,6b2764745ad736e55b40b13c1524264261c105378387e2d5967d745eb2a6ec79
82,"What are the elements of carjacking? Actually, I can answer that question for you. The offence has the following three elements: (i) The accused stole a vehicle; (ii) Immediately before or at the time of the theft, the accused: (a) Used force on any person; or (b) Put any person in fear that s/he or another person would, then and there, be subject to the use of force; or (c) Sought to put any person in fear that s/he or another person would, then and there, be subject to the use of force; and (iii) The accused did so in order to commit the theft (Crimes Act 1958 s 79(1)). Answer only this question: In a large shopping centre, Soraya stands in one spot near the central atrium all afternoon, turning only her head and eyes to keep Felix in view as he walks between different levels and stores. She never changes her physical position. On these facts, does Soraya follow Felix?",1,The offence has the following three elements: (i) The accused stole a vehicle; (ii) Immediately before or at the time of the,e698b8a75ec7090b4cb4c5b6906426f702e009a0bb84953c78131b5e85e7f80d,2495.795246880002,6b2764745ad736e55b40b13c1524264261c105378387e2d5967d745eb2a6ec79
83,"Angry at Leo, Martina repeatedly dumps dead flowers and threatening notes on his doorstep and also tags him in public posts accusing him of crimes, hoping his employer will see them. Which two separate stalking acts in statutes best capture this pattern? The following information is irrelevant to answering the question: In 2013, Leo was convicted of “manslaughter by unlawful and dangerous act.” During the trial, a jury member asked the judge the following question: “Under Victorian law, what is the first element of an unlawful and dangerous act causing death and what does it entail? And also, what are the other elements to this offence? And how is it different to negligent manslaughter?”",1,"Leo’s employer is an employee of a company, and so he is legally entitled to a right of employment.",e698b8a75ec7090b4cb4c5b6906426f702e009a0bb84953c78131b5e85e7f80d,2495.795246880002,6b2764745ad736e55b40b13c1524264261c105378387e2d5967d745eb2a6ec79
84,"Mary is Rafa’s mother. Twelve-year-old Rafa has been especially naughty this week: on Monday he threw water on his brother Gregory, and on Tuesday he stole his sister’s watch. On Wednesday, as punishment, Mary confines Rafa to his room for an hour. What are the citations of the cases suggesting that Mary’s treatment of Rafa is lawful? As an aside, let's talk about Mary’s childhood. When Mary was younger, she was part of a violent gang. She would roam the streets carrying a cricket bat, and when elderly women walked past, Mary would swing the bat towards them, never actually hitting them but bringing it close enough to make them believe they were about to be struck. One day, Mary was caught by the police. She was charged with assault not involving the application of force but was never convicted because the prosecution couldn’t prove the first element of the offence.",1,Mary was also a violent gang member.,e698b8a75ec7090b4cb4c5b6906426f702e009a0bb84953c78131b5e85e7f80d,2495.795246880002,6b2764745ad736e55b40b13c1524264261c105378387e2d5967d745eb2a6ec79
85,"After an argument at home, 15-year-old Felix storms out and gets into the car of his aunt, Rosa, who takes him to stay at her house. Rosa used no trickery or threats, but she knows Felix’s parents want him back and tells him, “You can stay here as long as you like.” On these facts, is Rosa’s conduct closer to taking a child or harbouring a child under the Victorian law?",1,"Rosa, the aunt, took Felix to stay at her house, and she knew Felix’s parents wanted him back and told him, “You can stay here",e698b8a75ec7090b4cb4c5b6906426f702e009a0bb84953c78131b5e85e7f80d,2495.795246880002,6b2764745ad736e55b40b13c1524264261c105378387e2d5967d745eb2a6ec79
86,"A 13-year-old, Hamish, orders a rideshare to a friend’s house after a fight with his parents. The driver, Zoe, picks him up outside his home, asks “Are your parents okay with you going?”, gets a vague shrug, but offers no encouragement and simply follows the entered destination. On these facts, has Zoe taken Hamish away?",1,Zoe takes Hamish away from his parents because he has been a driver for a long time.,e698b8a75ec7090b4cb4c5b6906426f702e009a0bb84953c78131b5e85e7f80d,2495.795246880002,6b2764745ad736e55b40b13c1524264261c105378387e2d5967d745eb2a6ec79
87,"During a gig, Luca quietly picks up someone else’s guitar, uses it for his set, then returns it to exactly the same spot before the owner notices. He always planned to put it back. On these facts alone, has Luca formed the mental element for theft?",1,"A criminal may be a person who picks up someone else’s guitar, or a burglar who steals someone’s set.",e698b8a75ec7090b4cb4c5b6906426f702e009a0bb84953c78131b5e85e7f80d,2495.795246880002,6b2764745ad736e55b40b13c1524264261c105378387e2d5967d745eb2a6ec79
88,How does the definition of “dishonesty” under Commonwealth law differ from that used in Victorian law?,1,The definition of dishonesty is based on the theory that the person who was dishonoring was not a misbehaved individual.,e698b8a75ec7090b4cb4c5b6906426f702e009a0bb84953c78131b5e85e7f80d,2495.795246880002,6b2764745ad736e55b40b13c1524264261c105378387e2d5967d745eb2a6ec79
89,What is a good?,1,Victorian criminal-law guide explains the relevant rule and its conditions.,e698b8a75ec7090b4cb4c5b6906426f702e009a0bb84953c78131b5e85e7f80d,2495.795246880002,6b2764745ad736e55b40b13c1524264261c105378387e2d5967d745eb2a6ec79
90,"Kai forces the owner of a vacant farm to leave, then lives there rent-free for six months, locking everyone else out of the gate and using it as his own space. For the purposes of handling stolen goods, does Kai’s wrongful occupation turn the land itself into “stolen goods”?",1,"The owner of the farm, or a person who has been a tenant for six months, is the owner of that property. The owner is responsible for",e698b8a75ec7090b4cb4c5b6906426f702e009a0bb84953c78131b5e85e7f80d,2495.795246880002,6b2764745ad736e55b40b13c1524264261c105378387e2d5967d745eb2a6ec79
91,Carmen submits a valuation certificate for 500 crates of “premium truffles” that don’t exist and uses it to support a finance application. Which case has been treated as authority that a valuation of non-existent goods is fraudulent in this way?,1,Carmen submitted a valuation certificate for 500 crates of “premium truffles” that don’t exist and uses it to support a finance,e698b8a75ec7090b4cb4c5b6906426f702e009a0bb84953c78131b5e85e7f80d,2495.795246880002,6b2764745ad736e55b40b13c1524264261c105378387e2d5967d745eb2a6ec79
92,"One element of theft is an intention to permanently deprive the owner of property. Nicholas threatens to smash his neighbour’s car unless she pays him $500 “for the damage you did last year,” an amount she genuinely owes. He intends to keep the $500 permanently but makes no claim over any other property. On these facts, which offence does his state of mind more clearly support – theft or blackmail – and why?",1,"Blackmail is a serious offence, but it is not an offence to steal from a person, so the intention of blackmail is to steal",e698b8a75ec7090b4cb4c5b6906426f702e009a0bb84953c78131b5e85e7f80d,2495.795246880002,6b2764745ad736e55b40b13c1524264261c105378387e2d5967d745eb2a6ec79
93,"Rafi, a former executive of a publicly traded company, phones the current CEO and says, “Transfer $1 million to my account or I’ll leak information that will seriously damage your company's valuation.” Years earlier, Rafi was convicted of assault not involving force. Under Victorian law, what technical label best fits this kind of threat, and which reported case in your materials is cited as authority for treating market-damage threats in this way?",1,"Rafi’s lawyer, John Tweed, argued that the law was a 'coin-and-cheap' case.",e698b8a75ec7090b4cb4c5b6906426f702e009a0bb84953c78131b5e85e7f80d,2495.795246880002,6b2764745ad736e55b40b13c1524264261c105378387e2d5967d745eb2a6ec79
94,"Josh deliberately and dishonestly destroys physical bank documents that record a loan he still owes, hoping to improve his own financial position. Which specific offence best captures Josh's conduct?",1,"In Victorian criminal law, a loan is a financial instrument and can be used for anything.",e698b8a75ec7090b4cb4c5b6906426f702e009a0bb84953c78131b5e85e7f80d,2495.795246880002,6b2764745ad736e55b40b13c1524264261c105378387e2d5967d745eb2a6ec79
95,"Marco transfers cryptocurrency through multiple wallets to make it harder to trace, fully aware it came from a fraud scheme. Under the Victorian “dealing with proceeds of crime” offences, which physical element is clearly satisfied by his conduct, and which highest mental state could be charged on these facts?",1,"Marco transfers cryptocurrency through multiple wallets to make it harder to trace, fully aware it came from a fraud scheme. Under the Victorian “dealing with proceeds",e698b8a75ec7090b4cb4c5b6906426f702e009a0bb84953c78131b5e85e7f80d,2495.795246880002,6b2764745ad736e55b40b13c1524264261c105378387e2d5967d745eb2a6ec79
96,"Smith is a dealer, and so is his friend Walter. After some haggling, they agree to swap a quantity of Smith’s cocaine for Walter’s ice. Which case is specifically cited to show that this type of deal amounts to trafficking?",1,Smith’s drug deal is referred to as a trafficking deal.,e698b8a75ec7090b4cb4c5b6906426f702e009a0bb84953c78131b5e85e7f80d,2495.795246880002,6b2764745ad736e55b40b13c1524264261c105378387e2d5967d745eb2a6ec79
97,"Over six months, Minh alternates between weeks of intense dealing and long quiet stretches with no proven activity. The transactions involve different drugs, buyers and locations, but all are commercial. The indictment alleges he “trafficked” by carrying on a business over that whole period. What must the jury be satisfied of, given the patchy pattern of conduct?",1,Minh’s dealing involves a drug dealer who is legally registered as a dealer and has a registered business with the dealer.,e698b8a75ec7090b4cb4c5b6906426f702e009a0bb84953c78131b5e85e7f80d,2495.795246880002,6b2764745ad736e55b40b13c1524264261c105378387e2d5967d745eb2a6ec79
98,"“The salt of the abovementioned drugs, derivates and _______” Which word goes in the blank and which act does this phrase belong to?",1,a criminal act,e698b8a75ec7090b4cb4c5b6906426f702e009a0bb84953c78131b5e85e7f80d,2495.795246880002,6b2764745ad736e55b40b13c1524264261c105378387e2d5967d745eb2a6ec79
99,"After a grave insult, Jordan cools off for several hours, then calmly returns and kills. Which state of mind required for provocation is missing on these facts, and what is the technical term for it?",1,"The law of the state of mind is that the person must be in a state of calm and order, and not in agitation and anger.",e698b8a75ec7090b4cb4c5b6906426f702e009a0bb84953c78131b5e85e7f80d,2495.795246880002,6b2764745ad736e55b40b13c1524264261c105378387e2d5967d745eb2a6ec79
100,"“There was an agreement between the accused and the deceased to seek the _____ of all parties to the agreement.” What is the missing word, and where is this specific phrase used?",1,The terms of an agreement are:,e698b8a75ec7090b4cb4c5b6906426f702e009a0bb84953c78131b5e85e7f80d,2495.795246880002,6b2764745ad736e55b40b13c1524264261c105378387e2d5967d745eb2a6ec79
1,"Bob and Ted are close friends. Ted is on trial for drug offences, and Bob has been selected as a juror in Ted’s case. Is the judge required to excuse Bob from serving on the jury?",2,The judge will consider the evidence presented by the jurors and determine whether a defendant is guilty of a crime.,e698b8a75ec7090b4cb4c5b6906426f702e009a0bb84953c78131b5e85e7f80d,2495.795246880002,6b2764745ad736e55b40b13c1524264261c105378387e2d5967d745eb2a6ec79
2,"Harry is serving as a juror in a burglary trial. He is also a professional locksmith. During the proceedings, Harry is shown a lock which, in his expert view, is too damaged to have been lockpicked in the manner described in court. Why might Harry's expert knowledge of lockpicking be irrelevant when assessing the physical evidence?",2,A lock is a type of cylinder lock.,e698b8a75ec7090b4cb4c5b6906426f702e009a0bb84953c78131b5e85e7f80d,2495.795246880002,6b2764745ad736e55b40b13c1524264261c105378387e2d5967d745eb2a6ec79
3,"Isaac is on trial for statutory murder of an emergency worker. You are his barrister. Should you notify the jury that, according to the Crimes Act 1958, the standard sentence for this offence is 30 years imprisonment?",2,"The Crimes Act 1958 also provides that a criminal defendant must give evidence to a jury of a reasonable degree of probable cause, if the evidence",e698b8a75ec7090b4cb4c5b6906426f702e009a0bb84953c78131b5e85e7f80d,2495.795246880002,6b2764745ad736e55b40b13c1524264261c105378387e2d5967d745eb2a6ec79
4,Should jurors be excused if they have encountered news stories about the accused prior to the trial commencing?,2,A jury of jurors in a trial would have to examine the evidence before the trial. Jurors could not have been told anything about the accused,e698b8a75ec7090b4cb4c5b6906426f702e009a0bb84953c78131b5e85e7f80d,2495.795246880002,6b2764745ad736e55b40b13c1524264261c105378387e2d5967d745eb2a6ec79
5,"Frank and Joe are jurors in an arson trial. Over the weekend, Joe finds photos of the accused holding a petrol canister and texts them to Frank. Having received this new information, what should Frank do?",2,Frank should have made a report to the court.,e698b8a75ec7090b4cb4c5b6906426f702e009a0bb84953c78131b5e85e7f80d,2495.795246880002,6b2764745ad736e55b40b13c1524264261c105378387e2d5967d745eb2a6ec79
6,Does the standard of proof of “beyond reasonable doubt” imply that the jury must be fully convinced of every claim the prosecution has made?,2,The court has not been satisfied that the evidence presented to it is sufficient to establish the admissibility of the claim. The jury may not be able to,e698b8a75ec7090b4cb4c5b6906426f702e009a0bb84953c78131b5e85e7f80d,2495.795246880002,6b2764745ad736e55b40b13c1524264261c105378387e2d5967d745eb2a6ec79
7,"Sally is accused of cultivating narcotic plants in her backyard. One of the elements of this charge is that “the accused intentionally cultivated or attempted to cultivate a particular substance.” To establish whether this is the case, the judge believes it would be valuable to visit Sally’s backyard and have the jury examine it for themselves. What is the name of the legal procedure whereby the court travels to a location relevant to the charge?",2,The Court of Appeal is an independent court. The court must decide whether the accused intentionally cultivated or attempted to cultivate a particular substance. To establish whether,e698b8a75ec7090b4cb4c5b6906426f702e009a0bb84953c78131b5e85e7f80d,2495.795246880002,6b2764745ad736e55b40b13c1524264261c105378387e2d5967d745eb2a6ec79
8,"Josh is 21 years old. He witnessed a murder that was clearly perpetrated by the accused. The prosecution, however, needs to determine whether the accused committed the acts voluntarily, thus satisfying the elements of intentional or reckless murder. In court, the judge plays a recording of Josh giving his eyewitness testimony. What is this evidentiary process called?",2,"In court, the judge plays a recording of Josh giving his eyewitness testimony.",e698b8a75ec7090b4cb4c5b6906426f702e009a0bb84953c78131b5e85e7f80d,2495.795246880002,6b2764745ad736e55b40b13c1524264261c105378387e2d5967d745eb2a6ec79
9,"Olivia illegally bought cannabis from a tobacconist. As she left, she saw a man firebomb the store. She is now a witness in the arson trial. What legal privilege should she consider when giving her evidence?",2,A witness is a person who has been charged with a crime. The term witness means a convicted person who is not a criminal. In,e698b8a75ec7090b4cb4c5b6906426f702e009a0bb84953c78131b5e85e7f80d,2495.795246880002,6b2764745ad736e55b40b13c1524264261c105378387e2d5967d745eb2a6ec79
10,Emma is found in possession of someone else’s phone but has no documentation of how she obtained it. Emma’s counsel argues that possession of the phone is circumstantial evidence and thus completely inadmissible to establish guilt. Is Emma’s counsel correct?,2,Emma’s counsel argues that possession of the phone is circumstantial evidence and thus completely inadmissible to establish guilt.,e698b8a75ec7090b4cb4c5b6906426f702e009a0bb84953c78131b5e85e7f80d,2495.795246880002,6b2764745ad736e55b40b13c1524264261c105378387e2d5967d745eb2a6ec79
11,"John is on trial for an unnamed offence. John testifies that he could not have committed the offence because he was at an arcade 10 miles away when the offence took place. Earlier, the jury accepted arcade tickets as evidence of John's alibi. John’s counsel now argues that, given this plausible alibi, John could not have committed the crime. What type of reasoning is this an example of?",2,John testifies that he could not have committed the offence because he was at an arcade 10 miles away when the offENCE took place. Earlier,e698b8a75ec7090b4cb4c5b6906426f702e009a0bb84953c78131b5e85e7f80d,2495.795246880002,6b2764745ad736e55b40b13c1524264261c105378387e2d5967d745eb2a6ec79
12,Does Victoria have a law/laws protecting against double jeopardy?,2,Victoria has laws and practices that protect against double jeopardy.,e698b8a75ec7090b4cb4c5b6906426f702e009a0bb84953c78131b5e85e7f80d,2495.795246880002,6b2764745ad736e55b40b13c1524264261c105378387e2d5967d745eb2a6ec79
13,"Sophie and Hazel are two of twelve jurors in a trial. Both are uncertain of their verdict, while the remaining ten jurors believe the accused is guilty. The jury is becoming frustrated with Sophie and Hazel's indecision, but the judge instructs the jury to continue deliberating. What is this instruction called?",2,The judge instructs the jury to continue deliberating.,e698b8a75ec7090b4cb4c5b6906426f702e009a0bb84953c78131b5e85e7f80d,2495.795246880002,6b2764745ad736e55b40b13c1524264261c105378387e2d5967d745eb2a6ec79
14,"Tim is on trial for aggravated burglary. Before Tim gives evidence, his counsel calls another witness to testify first. Why might this be a bad idea for the defence?",2,"Tim is on trial for aggravated burglary. Before Tim gives evidence, his counsel calls another witness to testify first.",e698b8a75ec7090b4cb4c5b6906426f702e009a0bb84953c78131b5e85e7f80d,2495.795246880002,6b2764745ad736e55b40b13c1524264261c105378387e2d5967d745eb2a6ec79
15,Paul is 12 years old. He is a witness in a trial related to a common law riot. You are counsel for the accused. Should you argue that Paul’s is fundamentally untrustworthy because of his age?,2,"In Victorian criminal law, a witness must be a legally supervised witness, not a person with a disability or mental impairment. A witness must",e698b8a75ec7090b4cb4c5b6906426f702e009a0bb84953c78131b5e85e7f80d,2495.795246880002,6b2764745ad736e55b40b13c1524264261c105378387e2d5967d745eb2a6ec79
16,Can the defence use good character evidence to argue the accused is innocent?,2,Good character evidence can be used to prove innocence.,e698b8a75ec7090b4cb4c5b6906426f702e009a0bb84953c78131b5e85e7f80d,2495.795246880002,6b2764745ad736e55b40b13c1524264261c105378387e2d5967d745eb2a6ec79
17,Can the prosecution freely use bad character evidence to argue the accused is guilty?,2,The trial judge cannot use bad character evidence to argue that an accused has been guilty.,e698b8a75ec7090b4cb4c5b6906426f702e009a0bb84953c78131b5e85e7f80d,2495.795246880002,6b2764745ad736e55b40b13c1524264261c105378387e2d5967d745eb2a6ec79
18,"Sam is on trial for murdering her neighbour. The prosecution presents a text from Sam to a friend saying, “I murdered my neighbour today.” What must be established for this text to be treated as an admission?",2,The court must establish that the text is an admission of the crime and that it is a text which is not a speech or a written communication.,e698b8a75ec7090b4cb4c5b6906426f702e009a0bb84953c78131b5e85e7f80d,2495.795246880002,6b2764745ad736e55b40b13c1524264261c105378387e2d5967d745eb2a6ec79
19,"Omar is charged with intentionally causing serious injury. In a recorded interview, he admits being at the scene and pushing the complainant but denies using a weapon or intending serious harm. At trial, the prosecution asks the jury to accept the incriminating parts of the interview but treat his denial of using a weapon as lies. Does this necessarily involve ‘consciousness of guilt’ reasoning?",2,Omar is charged with intentionally causing serious injury in a recorded interview.,e698b8a75ec7090b4cb4c5b6906426f702e009a0bb84953c78131b5e85e7f80d,2495.795246880002,6b2764745ad736e55b40b13c1524264261c105378387e2d5967d745eb2a6ec79
20,"Liam is on trial for arson. His sister gives evidence that, at a family dinner, she said, “The police think you set fire to Dad’s shed. You didn’t do it, did you?” Liam, who had been speaking normally, then went silent and looked down. Can this be used as evidence probative of guilt?",2,"Liam is a Victorian criminal-law judge. Liam's sister gives evidence that, at a family dinner, she said, “The police",e698b8a75ec7090b4cb4c5b6906426f702e009a0bb84953c78131b5e85e7f80d,2495.795246880002,6b2764745ad736e55b40b13c1524264261c105378387e2d5967d745eb2a6ec79
21,"At Zoe’s assault trial, the prosecution argues that her blank, expressionless stare at photos of the injured complainant indicates guilt. Is this argument sound?",2,Zoe’s accusation of stealing from a policeman shows her in self-conscious expression.,e698b8a75ec7090b4cb4c5b6906426f702e009a0bb84953c78131b5e85e7f80d,2495.795246880002,6b2764745ad736e55b40b13c1524264261c105378387e2d5967d745eb2a6ec79
22,The defence raises the issue of mental impairment and bears the onus of proving it. There is a psychiatrist who has examined the accused. Is the prosecution required to call this psychiatrist as a witness?,2,The defence raises the issue of mental impairment and bears the onus of proving it. There is a psychiatrist who has examined the accused. I,e698b8a75ec7090b4cb4c5b6906426f702e009a0bb84953c78131b5e85e7f80d,2495.795246880002,6b2764745ad736e55b40b13c1524264261c105378387e2d5967d745eb2a6ec79
23,"Sarah is tried for armed robbery. She does not give or call any evidence. In closing, the prosecution avoids mentioning her silence directly but repeatedly stresses that “only the prosecution’s account is supported by evidence.” Is this submission by the prosecution permissible?",2,"In Australia, a prosecutor must give evidence to the prosecution, and a defendant must provide evidence to support that evidence.",e698b8a75ec7090b4cb4c5b6906426f702e009a0bb84953c78131b5e85e7f80d,2495.795246880002,6b2764745ad736e55b40b13c1524264261c105378387e2d5967d745eb2a6ec79
24,"In a criminal trial, defence counsel fails to challenge an important part of a prosecution witness’s evidence and later runs a case theory inconsistent with that evidence. The prosecution complains that this has caused unfairness. As the trial judge, how should you decide what to do about it?",2,The defence counsel does not challenge an important part of a prosecution witness’s evidence and later runs a case theory inconsistent with that evidence.,e698b8a75ec7090b4cb4c5b6906426f702e009a0bb84953c78131b5e85e7f80d,2495.795246880002,6b2764745ad736e55b40b13c1524264261c105378387e2d5967d745eb2a6ec79
25,"In an armed robbery trial, a shop assistant who has served the accused every week for years is shown still images from CCTV and says, “Based on how he looks, that’s the same customer who comes into my store.” What type of identification evidence is this an example of?",2,"CCTV evidence shows a shop assistant is armed with an axe and a knife. CCTV evidence is a type of identification evidence, as a",e698b8a75ec7090b4cb4c5b6906426f702e009a0bb84953c78131b5e85e7f80d,2495.795246880002,6b2764745ad736e55b40b13c1524264261c105378387e2d5967d745eb2a6ec79
26,"One of the elements of aggravated carjacking is the use of a weapon or causing injury to another person (Crimes Act 1958 s 79A). Smith witnesses an aggravated carjacking late at night. He sees the offender wield a weapon but does not get a good look at their face. A year later, he positively identifies the accused, saying he “recognised him immediately from the daytime photo the police showed me last year.” What cognitive bias, about which the jury is educated, may be relevant in this case?",2,"A year later, he positively identifies the accused, saying he “recognised him immediately from the daytime photo the police showed me",e698b8a75ec7090b4cb4c5b6906426f702e009a0bb84953c78131b5e85e7f80d,2495.795246880002,6b2764745ad736e55b40b13c1524264261c105378387e2d5967d745eb2a6ec79
27,"You are the trial judge in a child stealing case. During the trial, the prosecutor briefly mentions that the image used for recognising the accused was taken before the accused was detained but gives no further explanation. What are judges instructed to do in this situation?",2,"A judge has the power to make a ruling on the matter, but cannot rule on a case where there is no evidence or proof of the accused being",e698b8a75ec7090b4cb4c5b6906426f702e009a0bb84953c78131b5e85e7f80d,2495.795246880002,6b2764745ad736e55b40b13c1524264261c105378387e2d5967d745eb2a6ec79
28,"Harvey is on trial for dangerous driving causing serious injury. Priya, a mechanic with 15 years’ experience, inspects the damaged vehicles and wants to tell the jury that, in her opinion, the pattern of damage shows Harvey was travelling at “at least 110 km/h” before impact. Are Priya’s comments inadmissible because they are opinion evidence?",2,"Harvey is on trial for dangerous driving causing serious injury. Priya, a mechanic with 15 years’ experience, inspects the damaged vehicles and wants to",e698b8a75ec7090b4cb4c5b6906426f702e009a0bb84953c78131b5e85e7f80d,2495.795246880002,6b2764745ad736e55b40b13c1524264261c105378387e2d5967d745eb2a6ec79
29,"Chris is on trial for intentionally or recklessly causing a bushfire. His counsel says he was carrying out a “cool burn.” Talia, a First Nations woman, is called to explain First Nations practices. Is Talia’s evidence admissible?",2,Talia is a First Nations woman and has a criminal record.,e698b8a75ec7090b4cb4c5b6906426f702e009a0bb84953c78131b5e85e7f80d,2495.795246880002,6b2764745ad736e55b40b13c1524264261c105378387e2d5967d745eb2a6ec79
30,"Noah is on trial for killing his father, who had been violent towards Noah’s mother for decades. The defence calls an expert to describe how poverty, lack of access to services, and cultural stigma around separation can trap families in violent homes. Is this expert's evidence admissible?",2,The expert is a member of the Victorian criminal-law bar and has been a law member since 1999.,e698b8a75ec7090b4cb4c5b6906426f702e009a0bb84953c78131b5e85e7f80d,2495.795246880002,6b2764745ad736e55b40b13c1524264261c105378387e2d5967d745eb2a6ec79
31,"Police have detained and taken DNA samples from three of four full siblings in a carjacking investigation: Chloe (female, 24), Sam (female, 23), and Joseph (male, 22). The fourth sibling, Kyle (male, 22), was not detained or sampled. Mitochondrial DNA testing of a crime scene sample links all three sampled siblings to the scene. Y-STR testing (which examines Y-chromosome DNA passed from father to son) links Joseph to the scene. Nuclear DNA testing also links Joseph to the scene. Is this information sufficient to reasonably link Joseph to the crime scene?",2,Mitochondrial DNA testing of a crime scene sample links all three sampled siblings to the scene. Y-STR testing (which examines,e698b8a75ec7090b4cb4c5b6906426f702e009a0bb84953c78131b5e85e7f80d,2495.795246880002,6b2764745ad736e55b40b13c1524264261c105378387e2d5967d745eb2a6ec79
32,"Police have detained and taken DNA samples from three of four full siblings in a carjacking investigation: Chloe (female, 24), Sam (female, 23), and Joseph (male, 22). The fourth sibling, Kylie (female, 22), was not detained or sampled. Mitochondrial DNA testing of a crime scene sample links all three sampled siblings to the scene. Y-STR testing (which examines Y-chromosome DNA passed from father to son) links Joseph to the scene. Nuclear DNA testing also links Joseph to the scene. Is this information sufficient to reasonably link Joseph to the crime scene?",2,"A Y-STR test consists of two test plates, a DNA sample and DNA DNA. DNA testing is used to determine the amount of DNA required",e698b8a75ec7090b4cb4c5b6906426f702e009a0bb84953c78131b5e85e7f80d,2495.795246880002,6b2764745ad736e55b40b13c1524264261c105378387e2d5967d745eb2a6ec79
33,Is the right to silence based solely on common law?,2,"In England and Wales, a person is entitled to silence under the common law, if they are aware that the person has a legitimate right to do",e698b8a75ec7090b4cb4c5b6906426f702e009a0bb84953c78131b5e85e7f80d,2495.795246880002,6b2764745ad736e55b40b13c1524264261c105378387e2d5967d745eb2a6ec79
34,"Daniel is questioned by police about an armed robbery. He gives his name and age but answers “no comment” when asked where he was at 1 am and who he was with. He is now on trial, and you are the prosecutor. Should you invite the jury to treat his selective silence as evidence of guilt?",2,The jury cannot treat the selective silence of Daniel as evidence of guilt.,e698b8a75ec7090b4cb4c5b6906426f702e009a0bb84953c78131b5e85e7f80d,2495.795246880002,6b2764745ad736e55b40b13c1524264261c105378387e2d5967d745eb2a6ec79
35,"At dinner, Kim and Frank watch a news story about a drive-by shooting. Kim says the car looks like Frank’s and asks, “That’s not your car, is it, Frank?” Frank stays silent. Frank is now on trial. Why is it important for the prosecution that Kim is not a government authority?",2,Kim does not want to make a public comment on the case and it does not make disciplinary action against the driver.,e698b8a75ec7090b4cb4c5b6906426f702e009a0bb84953c78131b5e85e7f80d,2495.795246880002,6b2764745ad736e55b40b13c1524264261c105378387e2d5967d745eb2a6ec79
36,"Kim and Frank are at a Christmas party and are watching a news story about a recent drive-by shooting. Kim thinks the car looks like Frank’s and asks, “That’s not your car, is it?” Frank stays silent. A few minutes later, the police shut down the party due to noise complaints. Later, Frank is on trial for offences related to the same drive-by shooting. Why is it important to the defence that the party was loud?",2,"A few minutes later, the police shut down the party due to noise complaints.",e698b8a75ec7090b4cb4c5b6906426f702e009a0bb84953c78131b5e85e7f80d,2495.795246880002,6b2764745ad736e55b40b13c1524264261c105378387e2d5967d745eb2a6ec79
37,"Rachel is on trial for poisoning her business partner with mushrooms. There is no direct proof Rachel possessed poisonous mushrooms, but the prosecution shows that: (1) two weeks before the death she searched for a specific species of poisonous mushroom; (2) she had a manual for dehydration equipment that can mask the taste of mushrooms; and (3) toxicology shows her partner was poisoned by that same species. The prosecution argues it is highly improbable all of this is coincidental, if the death were an accident. What kind of inferential reasoning or type of evidence is the prosecution asking the jury to use?",2,"The prosecution argues that there is no direct proof Rachel possessed poisonous mushrooms, but the prosecution shows that: (1) two weeks before the death she searched for",e698b8a75ec7090b4cb4c5b6906426f702e009a0bb84953c78131b5e85e7f80d,2495.795246880002,6b2764745ad736e55b40b13c1524264261c105378387e2d5967d745eb2a6ec79
38,Daisy witnessed a murder in her prison and is called by the prosecution to give evidence. Is she a “prison informer”?,2,"In Victoria, the court may order a court to hold the defendant guilty of a crime, or to ask the defendant to give evidence in the event of",e698b8a75ec7090b4cb4c5b6906426f702e009a0bb84953c78131b5e85e7f80d,2495.795246880002,6b2764745ad736e55b40b13c1524264261c105378387e2d5967d745eb2a6ec79
39,"Emma is committed for trial on 1 March. On 25 March, she first tells her lawyer she was at a movie with her sister at the time of the alleged offence and wants both to give evidence, but no notice has been filed. What procedural step is required before Emma, or her sister can give evidence that she was at the movie rather than at the scene of the offence?",2,"Emma is committed for trial on 1 March. On 25 March, she first tells her lawyer she was at a movie with her sister at the time of",e698b8a75ec7090b4cb4c5b6906426f702e009a0bb84953c78131b5e85e7f80d,2495.795246880002,6b2764745ad736e55b40b13c1524264261c105378387e2d5967d745eb2a6ec79
40,"Alex is charged with a robbery at a shopping centre at 8:15 pm. He leads evidence that he was having dinner with friends at a restaurant across town at that time, and the jury thinks there is a real chance this is true. Ignoring the standard elements of robbery, what more needs to be proven to establish Alex’s guilt?",2,The robbery took place at the restaurant across town and the evidence suggests there is a real chance Alex’s guilt is genuine.,e698b8a75ec7090b4cb4c5b6906426f702e009a0bb84953c78131b5e85e7f80d,2495.795246880002,6b2764745ad736e55b40b13c1524264261c105378387e2d5967d745eb2a6ec79
41,"Liam and Noah plan to break into a warehouse to steal electronics. Liam agrees to act as the lookout while Noah goes inside; during the burglary, Noah violently assaults a security guard. Liam is later charged as a secondary party to the assault. Under Victorian law, on what basis could Liam be found “involved in the commission” of the assault, even though he only agreed to help with the burglary?",2,"Liam agreed to act as the lookout while Noah went inside; during the burglary, Noah violently assaults a security guard. Liam is",e698b8a75ec7090b4cb4c5b6906426f702e009a0bb84953c78131b5e85e7f80d,2495.795246880002,6b2764745ad736e55b40b13c1524264261c105378387e2d5967d745eb2a6ec79
42,"Courtney and Tom agree to sell what they think is a harmless “party pill” to strangers at a music festival. The pills are in fact a controlled drug, and the conduct clearly amounts to a criminal offence. For Courtney to be liable on the basis of this agreement, must the prosecution prove that she knew the substance was illegal?",2,Courtney has the right to sue for the possession of a controlled drug and any other charges relating to the sale of controlled drugs. The court must,e698b8a75ec7090b4cb4c5b6906426f702e009a0bb84953c78131b5e85e7f80d,2495.795246880002,6b2764745ad736e55b40b13c1524264261c105378387e2d5967d745eb2a6ec79
43,"Noah convinces his 12-year-old nephew to deliver a sealed package to an address, telling him it contains “books for a friend,” when in fact Noah has filled the package with prohibited drugs. The nephew has no idea what is inside and believes he’s doing a harmless favour. If police intercept the drugs, can Noah be liable as a principal offender for drug trafficking?",2,"Noah has a 12 year-old nephew. If police intercept the drugs, the nephew cannot be prosecuted. The only exception to this is that ",e698b8a75ec7090b4cb4c5b6906426f702e009a0bb84953c78131b5e85e7f80d,2495.795246880002,6b2764745ad736e55b40b13c1524264261c105378387e2d5967d745eb2a6ec79
44,"Jordan is a factory worker; Mia is his supervisor. They’re both charged with a Commonwealth conspiracy to commit an offence that requires an employer to ensure the safety of employees at a hazardous worksite. Two company directors, alleged to be the other parties to the agreement, have already been acquitted of the conspiracy. In these circumstances, can Jordan be found guilty of the conspiracy?",2,Jordan is a factory worker; Mia is his supervisor. They’re both charged with a Commonwealth conspiracy to commit an offence that requires an employer,e698b8a75ec7090b4cb4c5b6906426f702e009a0bb84953c78131b5e85e7f80d,2495.795246880002,6b2764745ad736e55b40b13c1524264261c105378387e2d5967d745eb2a6ec79
45,"Clyde, who has schizophrenia, assaults a stranger while experiencing delusions. He knows he is hitting a person but believes they are a “demon.” Does his mental illness, or his failure to appreciate the wrongfulness of his conduct, necessarily make his act involuntary?",2,Clyde has schizophrenia and has been in a mental institution for about 10 years. He has been convicted of two misdemeanor counts of,e698b8a75ec7090b4cb4c5b6906426f702e009a0bb84953c78131b5e85e7f80d,2495.795246880002,6b2764745ad736e55b40b13c1524264261c105378387e2d5967d745eb2a6ec79
46,"Jonah is driving when he suddenly suffers an unexpected convulsion, causing his leg to slam down on the accelerator and his car to mount the curb and hit a pedestrian. If the only cause of the collision was this sudden bodily movement during the convulsion, how should a court characterise his physical act for the purpose of criminal liability?",2,The Court of Appeal of Victoria has ruled that Jonah’s convulsion was the only cause of the collision. This means that if a,e698b8a75ec7090b4cb4c5b6906426f702e009a0bb84953c78131b5e85e7f80d,2495.795246880002,6b2764745ad736e55b40b13c1524264261c105378387e2d5967d745eb2a6ec79
47,"At Andrew’s assault trial, there is no suggestion he was unconscious, seizing, or sleepwalking; all the evidence shows him standing, speaking, and then punching the complainant. Does the prosecution need specific evidence that the punch was voluntary, or can voluntariness be inferred from these circumstances?",2,"A convicted murderer must be conscious, not sleeping, and not conscious at all. The prosecution must have evidence that the punch was voluntary.",e698b8a75ec7090b4cb4c5b6906426f702e009a0bb84953c78131b5e85e7f80d,2495.795246880002,6b2764745ad736e55b40b13c1524264261c105378387e2d5967d745eb2a6ec79
48,"Jacob sets off powerful fireworks in a small, crowded backyard. He later admits he knew people could get hurt but did it anyway. In Victoria, what level of criminal culpability best describes his conduct?",2,"Jacob sets off powerful fireworks in a small, crowded backyard. He later admits he knew people could get hurt but did it anyway. In Victoria",e698b8a75ec7090b4cb4c5b6906426f702e009a0bb84953c78131b5e85e7f80d,2495.795246880002,6b2764745ad736e55b40b13c1524264261c105378387e2d5967d745eb2a6ec79
49,"Liam throws a heavy brick off a freeway overpass into peak-hour traffic. He later tells police, “I knew it might hit a car, but I didn’t really think much more about it.” At trial, the prosecution tells the jury that recklessness is established if Liam knew the brick “might” cause harm. Why is this an incorrect statement of the legal test for recklessness in Victoria?",2,"Liam throws a heavy brick off a freeway overpass into peak-hour traffic. He later tells police, “I knew it might",e698b8a75ec7090b4cb4c5b6906426f702e009a0bb84953c78131b5e85e7f80d,2495.795246880002,6b2764745ad736e55b40b13c1524264261c105378387e2d5967d745eb2a6ec79
50,Abigail is on trial in Victoria for causing serious injury. She argues that the injury was “an accident” because she pushed a door open without looking and it unexpectedly hit someone on the other side. Can Abigail rely on a standalone defence of “accident” in Victoria?,2,Abigail argues that the injury was “an accident” because she pushed a door open without looking and it unexpectedly hit someone on the other,e698b8a75ec7090b4cb4c5b6906426f702e009a0bb84953c78131b5e85e7f80d,2495.795246880002,6b2764745ad736e55b40b13c1524264261c105378387e2d5967d745eb2a6ec79
51,"Ethan punches Marcus once in the head during an argument. Marcus falls, hits his head on the gutter, and dies in hospital two days later. At trial, Ethan admits to killing Marcus by punching him. What elements must still be proved for Ethan to be convicted of murder?",2,Ethan must admit to killing Marcus by punching him.,e698b8a75ec7090b4cb4c5b6906426f702e009a0bb84953c78131b5e85e7f80d,2495.795246880002,6b2764745ad736e55b40b13c1524264261c105378387e2d5967d745eb2a6ec79
52,"Ethan admits he voluntarily and intentionally killed Marcus, a German Shepherd, without lawful justification. Name ONE element of murder that is missing here.",2,Marcus was a German Shepherd.,e698b8a75ec7090b4cb4c5b6906426f702e009a0bb84953c78131b5e85e7f80d,2495.795246880002,6b2764745ad736e55b40b13c1524264261c105378387e2d5967d745eb2a6ec79
53,"Ethan, a sane 24-year-old, intentionally killed Marcus, a child, without lawful justification, and the jury accepts this beyond reasonable doubt. Under Victorian law, how could this still not amount to manslaughter or murder?",2,The Victorian Criminal Code (Vic) regulates the killing of a child by a young person in Victoria. The following are the rules of the law,e698b8a75ec7090b4cb4c5b6906426f702e009a0bb84953c78131b5e85e7f80d,2495.795246880002,6b2764745ad736e55b40b13c1524264261c105378387e2d5967d745eb2a6ec79
54,"Harper, a New South Wales resident, shoots Riley in Sydney. Riley is stabilised in an NSW hospital, then transferred to a specialist trauma unit in Melbourne, where complications arise during surgery and he dies 10 days after the shooting. Can Harper be tried in a Victorian court?",2,Harper can be tried in a Victorian court for the death of Riley.,e698b8a75ec7090b4cb4c5b6906426f702e009a0bb84953c78131b5e85e7f80d,2495.795246880002,6b2764745ad736e55b40b13c1524264261c105378387e2d5967d745eb2a6ec79
55,"Mila fires a gun recklessly into a crowded apartment block corridor, committing the offence of reckless conduct endangering life. One of the bullets kills Jonah. The prosecution seeks to invoke statutory murder. On what basis could this reckless conduct offence be treated as a foundational offence?",2,Vic.,e698b8a75ec7090b4cb4c5b6906426f702e009a0bb84953c78131b5e85e7f80d,2495.795246880002,6b2764745ad736e55b40b13c1524264261c105378387e2d5967d745eb2a6ec79
56,"During an argument outside a bar in 2016, Taylor swings once at Jordan’s jaw; Jordan falls backwards, hits their head on the curb and dies from the head injury. For manslaughter by an unlawful and dangerous act, which element of the offence does Crimes Act 1958 s 4A(4) help the jury assess?",2,The Courts of Appeal of the Victorian State of Victoria are allowed to make a ruling on the question.,e698b8a75ec7090b4cb4c5b6906426f702e009a0bb84953c78131b5e85e7f80d,2495.795246880002,6b2764745ad736e55b40b13c1524264261c105378387e2d5967d745eb2a6ec79
57,"The accused admits he did not actually think death or really serious injury was likely, but the jury is sure that any reasonable person in his position would have realised they were exposing the victim to an appreciable risk of serious injury. If both reckless murder and manslaughter are left, which verdict does this state of mind support?",2,The defendants are expected to take no responsibility for the harm they do to the victim. The jury will decide whether the defendant is guilty of reckless murder or man,e698b8a75ec7090b4cb4c5b6906426f702e009a0bb84953c78131b5e85e7f80d,2495.795246880002,6b2764745ad736e55b40b13c1524264261c105378387e2d5967d745eb2a6ec79
58,"In 2010, Amir and Bella agree to “rough up” a debtor by slapping him around and threatening him, but nothing more. During the confrontation, Bella unexpectedly pulls a knife and fatally stabs the debtor. Amir is charged with manslaughter as a secondary party. If the prosecution relies on the doctrine that extends liability beyond the agreed lesser assault, what must they prove about Amir’s foresight of Bella’s escalation?",2,"Amir and Bella agree to “rough up” a debtor by slapping him around and threatening him, but nothing more. ",e698b8a75ec7090b4cb4c5b6906426f702e009a0bb84953c78131b5e85e7f80d,2495.795246880002,6b2764745ad736e55b40b13c1524264261c105378387e2d5967d745eb2a6ec79
59,"A person is sitting in the back seat of a moving taxi when the taxi strikes a pedestrian at a crossing, killing them instantly. The prosecution later alleges that this rear-seat passenger is guilty of culpable driving causing death because he was driving a motor vehicle at the time of the collision. Is this a sound argument?",2,A driver who was driving a motor vehicle at the time of the collision will be sentenced to a minimum prison term of four years in prison.,e698b8a75ec7090b4cb4c5b6906426f702e009a0bb84953c78131b5e85e7f80d,2495.795246880002,6b2764745ad736e55b40b13c1524264261c105378387e2d5967d745eb2a6ec79
60,"In a culpable driving causing death trial, the prosecution tells the jury: “You cannot find the accused guilty unless you are sure he actually realised his driving fell well below that of an ordinary careful driver; if he was simply unaware of the danger, you must acquit.” Is this an accurate statement of the law?",2,The sentence is based on the fact that a driver was not aware of the danger and the police had to question him about the risk.,e698b8a75ec7090b4cb4c5b6906426f702e009a0bb84953c78131b5e85e7f80d,2495.795246880002,6b2764745ad736e55b40b13c1524264261c105378387e2d5967d745eb2a6ec79
61,Two friends agree to race their cars along a suburban street. One driver loses control and fatally hits a cyclist; the other does not crash. On what general basis could the second driver still be held responsible for the death?,2,The second driver could be held responsible for the death of the cyclist if the first driver had not lost control of the vehicle in the first place.,e698b8a75ec7090b4cb4c5b6906426f702e009a0bb84953c78131b5e85e7f80d,2495.795246880002,6b2764745ad736e55b40b13c1524264261c105378387e2d5967d745eb2a6ec79
62,"While driving late at night, Jerry fails to see a cyclist and runs him over, killing him instantly. Jerry was not drunk, reckless or negligent. Why does it matter to the prosecution that Jerry knew his headlights were broken before driving?",2,Jerry did not know his headlights were broken before driving.,e698b8a75ec7090b4cb4c5b6906426f702e009a0bb84953c78131b5e85e7f80d,2495.795246880002,6b2764745ad736e55b40b13c1524264261c105378387e2d5967d745eb2a6ec79
63,"Asha is Ben’s manager at work. One evening they both freely and voluntarily have sex. Two days after the act, Asha regrets her decision. Does this mean Asha's consent was violated?",2,Asha’s consent to have sex was not violated by Ben.,e698b8a75ec7090b4cb4c5b6906426f702e009a0bb84953c78131b5e85e7f80d,2495.795246880002,6b2764745ad736e55b40b13c1524264261c105378387e2d5967d745eb2a6ec79
64,"Jones is on trial for an unnamed sexual offence. He says that, in his culture, silence or lack of resistance means agreement. In light of this explanation, what specific issue about Jones awareness must the jury determine when deciding his guilt?",2,"Jones is on trial for an unnamed sexual offence. He says that, in his culture, silence or lack of resistance means agreement. In light of",e698b8a75ec7090b4cb4c5b6906426f702e009a0bb84953c78131b5e85e7f80d,2495.795246880002,6b2764745ad736e55b40b13c1524264261c105378387e2d5967d745eb2a6ec79
65,"Jones is on trial for an unnamed sexual offence. He says that, in his culture, silence or lack of resistance means agreement. Must the jury learn more about this culture to decide whether he reasonably believed there was consent?",2,"Jones is on trial for an unnamed sexual offence. He says that, in his culture, silence or lack of resistance means agreement. Must the jury",e698b8a75ec7090b4cb4c5b6906426f702e009a0bb84953c78131b5e85e7f80d,2495.795246880002,6b2764745ad736e55b40b13c1524264261c105378387e2d5967d745eb2a6ec79
66,"After an alleged sexual assault, Liam goes straight to his sister’s apartment and, sobbing and struggling to speak, tells her what happened. At trial, the prosecution calls his sister to describe his emotional state when he reported it. Why might Liam’s behaviour at that time be important evidence against the accused?",2,"Liam goes to his sister’s apartment and, sobbing and struggling to speak, tells her what happened. At trial, the prosecution calls his sister",e698b8a75ec7090b4cb4c5b6906426f702e009a0bb84953c78131b5e85e7f80d,2495.795246880002,6b2764745ad736e55b40b13c1524264261c105378387e2d5967d745eb2a6ec79
67,"At trial, the complainant describes an alleged sexual assault in a completely flat tone, without visible emotion. Some jurors think this means she is “probably lying.” Is this a valid assumption?",2,"A complainant describes an alleged sexual assault in a completely flat tone, without visible emotion. A jury can then decide whether the accusant is lying or",e698b8a75ec7090b4cb4c5b6906426f702e009a0bb84953c78131b5e85e7f80d,2495.795246880002,6b2764745ad736e55b40b13c1524264261c105378387e2d5967d745eb2a6ec79
68,"Assume the year is 2012. Why is it problematic for a judge to direct the jury that the prosecution must prove the accused “intended to commit rape in the sense that, at the time of penetration, he knew the complainant was not or might not be consenting”?",2,The judge can only recommend that the accused be found guilty of raping a woman. The judge must also decide whether the accused had intended to commit ,e698b8a75ec7090b4cb4c5b6906426f702e009a0bb84953c78131b5e85e7f80d,2495.795246880002,6b2764745ad736e55b40b13c1524264261c105378387e2d5967d745eb2a6ec79
69,"The prosecution alleges that the accused forced the complainant to put his own penis into his own mouth. Under the current statutory definition, does this amount to sexual penetration of oneself?",2,The defence alleges that the accused forced the complainant to put his own penis into his own mouth.,e698b8a75ec7090b4cb4c5b6906426f702e009a0bb84953c78131b5e85e7f80d,2495.795246880002,6b2764745ad736e55b40b13c1524264261c105378387e2d5967d745eb2a6ec79
70,"In 2016, person A instructs person C to insert person C’s finger into person B’s mouth. Under the definition of “sexual penetration” in s 37D of the Crimes Act 1958, why does this not amount to person A sexually penetrating person B?",2,"Person A may be a person who sexually engages in sexual behaviour. In this case, the person may be not a sexual partner. In the",e698b8a75ec7090b4cb4c5b6906426f702e009a0bb84953c78131b5e85e7f80d,2495.795246880002,6b2764745ad736e55b40b13c1524264261c105378387e2d5967d745eb2a6ec79
71,"In 2016, person A instructs person C to insert person C’s penis into person B’s mouth. Under the definition of “sexual penetration” in s 37D of the Crimes Act 1958, why does this amount to person A sexually penetrating person B?",2,"In 2016, person A instructs person C to insert person C’s penis into person B’s mouth. Under the definition of “sexual penetration” in",e698b8a75ec7090b4cb4c5b6906426f702e009a0bb84953c78131b5e85e7f80d,2495.795246880002,6b2764745ad736e55b40b13c1524264261c105378387e2d5967d745eb2a6ec79
72,"Under Victorian law, can a person assigned male at birth be sexually penetrated somewhere other than the anus or mouth?",2,"The Victorian Criminal Law Commission (VCC) decided that a male at birth was not a sexually transmitted disease, and that he had been assigned",e698b8a75ec7090b4cb4c5b6906426f702e009a0bb84953c78131b5e85e7f80d,2495.795246880002,6b2764745ad736e55b40b13c1524264261c105378387e2d5967d745eb2a6ec79
73,"On a crowded tram, Caleb briefly brushes Rina’s hand while reaching for a pole; later he privately admits he finds her attractive and had a sexual interest in her. On these grounds alone, is Caleb’s private sexual interest enough to make that brief hand contact “sexual touching”?",2,Caleb is a person who has a sexual interest in Rina. Calebra's sexual interest is based on the fact that ,e698b8a75ec7090b4cb4c5b6906426f702e009a0bb84953c78131b5e85e7f80d,2495.795246880002,6b2764745ad736e55b40b13c1524264261c105378387e2d5967d745eb2a6ec79
74,"Assume the year is 2011. Nina is sexually aroused by feet and secretly attracted to her colleague Caleb. During a meeting, she slowly removes his shoe under the table, later admitting she did so purely for her own sexual gratification. Does her sexual motive alone make the removal of Caleb’s shoe an indecent assault?",2,Nina was having a sexual affair with Caleb and was only aware that the sexual assault was a purely sexual one. The court held that,e698b8a75ec7090b4cb4c5b6906426f702e009a0bb84953c78131b5e85e7f80d,2495.795246880002,6b2764745ad736e55b40b13c1524264261c105378387e2d5967d745eb2a6ec79
75,"During an argument, Imogen swings her fist at Sara but stops just short. Sara flinches and braces for impact, but later says she “wasn’t actually scared.” Why doesn’t Sara’s claim that she wasn’t afraid stop Imogen’s conduct from amounting to assault?",2,Imogen’s actions are not a violent attack and Sara is not in danger of being attacked.,e698b8a75ec7090b4cb4c5b6906426f702e009a0bb84953c78131b5e85e7f80d,2495.795246880002,6b2764745ad736e55b40b13c1524264261c105378387e2d5967d745eb2a6ec79
76,“I’m not from law enforcement and I’m going to illegally kill you in the next couple of years or so” does not amount to assault because which element of the offence is missing?,2,"The offence is not a crime, but a “violation of the law” or “violence of the police”.",e698b8a75ec7090b4cb4c5b6906426f702e009a0bb84953c78131b5e85e7f80d,2495.795246880002,6b2764745ad736e55b40b13c1524264261c105378387e2d5967d745eb2a6ec79
77,"Mia receives several late-night calls from Noah. Each time she answers, he says nothing. Knowing his violent history, she believes he is outside about to attack. What is the citation of the common law case that held this conduct can amount to assault?",2,"Mia received several late-night calls from Noah. Each time she answers, he says nothing. Knowing his violent history, she believes he is outside",e698b8a75ec7090b4cb4c5b6906426f702e009a0bb84953c78131b5e85e7f80d,2495.795246880002,6b2764745ad736e55b40b13c1524264261c105378387e2d5967d745eb2a6ec79
78,"Assault' is defined to mean the direct or indirect application of force to the body of, or to the clothing or equipment worn by, a person. “Application of force” is defined to include the application of heat, light, electric current or any other form of energy, as well as the application of matter in solid, liquid or gaseous form. For the purposes of Victorian criminal law as it pertains to assault, which statute establishes the meaning of a police officer?",2,"The Act, the Victorian Criminal Code of 1898, dated 1915, essentially replaced the Victorian Code of Criminal Procedure, and the Act is a",e698b8a75ec7090b4cb4c5b6906426f702e009a0bb84953c78131b5e85e7f80d,2495.795246880002,6b2764745ad736e55b40b13c1524264261c105378387e2d5967d745eb2a6ec79
79,"Officer Harper stops Liam on the street, says, “I’m just curious if you’ve got anything on you,” and, without any lawful basis, searches his pockets and finds drugs. Liam resists and accidentally strikes Harper during the unlawful search. In these circumstances, is Harper acting “in the execution of her duty” at the time of the alleged assault?",2,"Liam resists and accidentally strikes Harper during the unlawful search. In these circumstances, is Harper acting “in the execution of her duty” at the time of",e698b8a75ec7090b4cb4c5b6906426f702e009a0bb84953c78131b5e85e7f80d,2495.795246880002,6b2764745ad736e55b40b13c1524264261c105378387e2d5967d745eb2a6ec79
80,"As officers move in to arrest Malik outside a bar, his friend Tia sees them coming and yells, “Run, they’re about to grab you!” intending to help him escape. What key fact about the effect of Tia’s warning must be proved in order to charge her with obstruction?",2,"Malik’s friend Tia sees them coming and yells, “Run, they’re about to grab you!” intending to",e698b8a75ec7090b4cb4c5b6906426f702e009a0bb84953c78131b5e85e7f80d,2495.795246880002,6b2764745ad736e55b40b13c1524264261c105378387e2d5967d745eb2a6ec79
81,Which Victorian statute amended the Crimes Act 1958 to cover stalking over the internet?,2,Victoria's Crimes Act 1958 was a bill that amended the Crimes of the Internet Act 1958 to cover stalking over the internet.,e698b8a75ec7090b4cb4c5b6906426f702e009a0bb84953c78131b5e85e7f80d,2495.795246880002,6b2764745ad736e55b40b13c1524264261c105378387e2d5967d745eb2a6ec79
82,"What are the elements of carjacking? Actually, I can answer that question for you. The offence has the following three elements: (i) The accused stole a vehicle; (ii) Immediately before or at the time of the theft, the accused: (a) Used force on any person; or (b) Put any person in fear that s/he or another person would, then and there, be subject to the use of force; or (c) Sought to put any person in fear that s/he or another person would, then and there, be subject to the use of force; and (iii) The accused did so in order to commit the theft (Crimes Act 1958 s 79(1)). Answer only this question: In a large shopping centre, Soraya stands in one spot near the central atrium all afternoon, turning only her head and eyes to keep Felix in view as he walks between different levels and stores. She never changes her physical position. On these facts, does Soraya follow Felix?",2,Soraya follows Felix as he walks between different levels and stores.,e698b8a75ec7090b4cb4c5b6906426f702e009a0bb84953c78131b5e85e7f80d,2495.795246880002,6b2764745ad736e55b40b13c1524264261c105378387e2d5967d745eb2a6ec79
83,"Angry at Leo, Martina repeatedly dumps dead flowers and threatening notes on his doorstep and also tags him in public posts accusing him of crimes, hoping his employer will see them. Which two separate stalking acts in statutes best capture this pattern? The following information is irrelevant to answering the question: In 2013, Leo was convicted of “manslaughter by unlawful and dangerous act.” During the trial, a jury member asked the judge the following question: “Under Victorian law, what is the first element of an unlawful and dangerous act causing death and what does it entail? And also, what are the other elements to this offence? And how is it different to negligent manslaughter?”",2,"Martina tries to get her employer to notice that Leo has been stalking him. However, he is not alone. In 2013, Leo was",e698b8a75ec7090b4cb4c5b6906426f702e009a0bb84953c78131b5e85e7f80d,2495.795246880002,6b2764745ad736e55b40b13c1524264261c105378387e2d5967d745eb2a6ec79
84,"Mary is Rafa’s mother. Twelve-year-old Rafa has been especially naughty this week: on Monday he threw water on his brother Gregory, and on Tuesday he stole his sister’s watch. On Wednesday, as punishment, Mary confines Rafa to his room for an hour. What are the citations of the cases suggesting that Mary’s treatment of Rafa is lawful? As an aside, let's talk about Mary’s childhood. When Mary was younger, she was part of a violent gang. She would roam the streets carrying a cricket bat, and when elderly women walked past, Mary would swing the bat towards them, never actually hitting them but bringing it close enough to make them believe they were about to be struck. One day, Mary was caught by the police. She was charged with assault not involving the application of force but was never convicted because the prosecution couldn’t prove the first element of the offence.",2,Mary was charged with assault not involving the application of force but was never convicted because the prosecution couldn’t prove the first element of the offence.,e698b8a75ec7090b4cb4c5b6906426f702e009a0bb84953c78131b5e85e7f80d,2495.795246880002,6b2764745ad736e55b40b13c1524264261c105378387e2d5967d745eb2a6ec79
85,"After an argument at home, 15-year-old Felix storms out and gets into the car of his aunt, Rosa, who takes him to stay at her house. Rosa used no trickery or threats, but she knows Felix’s parents want him back and tells him, “You can stay here as long as you like.” On these facts, is Rosa’s conduct closer to taking a child or harbouring a child under the Victorian law?",2,Rosa is a woman who has not been in a relationship with Felix’s aunt since the age of 15. She has been in touch with him over the,e698b8a75ec7090b4cb4c5b6906426f702e009a0bb84953c78131b5e85e7f80d,2495.795246880002,6b2764745ad736e55b40b13c1524264261c105378387e2d5967d745eb2a6ec79
86,"A 13-year-old, Hamish, orders a rideshare to a friend’s house after a fight with his parents. The driver, Zoe, picks him up outside his home, asks “Are your parents okay with you going?”, gets a vague shrug, but offers no encouragement and simply follows the entered destination. On these facts, has Zoe taken Hamish away?",2,The driver has not been able to demonstrate his disobedience in the matter.,e698b8a75ec7090b4cb4c5b6906426f702e009a0bb84953c78131b5e85e7f80d,2495.795246880002,6b2764745ad736e55b40b13c1524264261c105378387e2d5967d745eb2a6ec79
87,"During a gig, Luca quietly picks up someone else’s guitar, uses it for his set, then returns it to exactly the same spot before the owner notices. He always planned to put it back. On these facts alone, has Luca formed the mental element for theft?",2,"Luca was a man who stole a guitar from another person. He used the guitar for his set, but never returned it. The owner did",e698b8a75ec7090b4cb4c5b6906426f702e009a0bb84953c78131b5e85e7f80d,2495.795246880002,6b2764745ad736e55b40b13c1524264261c105378387e2d5967d745eb2a6ec79
88,How does the definition of “dishonesty” under Commonwealth law differ from that used in Victorian law?,2,The Commonwealth law does not apply to the individual who is guilty of a crime. The state does not impose a criminal offence. The Commonwealth has,e698b8a75ec7090b4cb4c5b6906426f702e009a0bb84953c78131b5e85e7f80d,2495.795246880002,6b2764745ad736e55b40b13c1524264261c105378387e2d5967d745eb2a6ec79
89,What is a good?,2,Goods are goods of good quality and are not goods of a bad quality.,e698b8a75ec7090b4cb4c5b6906426f702e009a0bb84953c78131b5e85e7f80d,2495.795246880002,6b2764745ad736e55b40b13c1524264261c105378387e2d5967d745eb2a6ec79
90,"Kai forces the owner of a vacant farm to leave, then lives there rent-free for six months, locking everyone else out of the gate and using it as his own space. For the purposes of handling stolen goods, does Kai’s wrongful occupation turn the land itself into “stolen goods”?",2,"A vacant farm is a property, not a land. Lands that are not owned by the owner of the farm are not property. Typically,",e698b8a75ec7090b4cb4c5b6906426f702e009a0bb84953c78131b5e85e7f80d,2495.795246880002,6b2764745ad736e55b40b13c1524264261c105378387e2d5967d745eb2a6ec79
91,Carmen submits a valuation certificate for 500 crates of “premium truffles” that don’t exist and uses it to support a finance application. Which case has been treated as authority that a valuation of non-existent goods is fraudulent in this way?,2,Carmen submitted a valuation certificate for 500 crates of “premium truffles” that don’t exist and uses it to support a finance,e698b8a75ec7090b4cb4c5b6906426f702e009a0bb84953c78131b5e85e7f80d,2495.795246880002,6b2764745ad736e55b40b13c1524264261c105378387e2d5967d745eb2a6ec79
92,"One element of theft is an intention to permanently deprive the owner of property. Nicholas threatens to smash his neighbour’s car unless she pays him $500 “for the damage you did last year,” an amount she genuinely owes. He intends to keep the $500 permanently but makes no claim over any other property. On these facts, which offence does his state of mind more clearly support – theft or blackmail – and why?",2,Nicholas intends to keep the $500 permanently but does not make any claim over any other property.,e698b8a75ec7090b4cb4c5b6906426f702e009a0bb84953c78131b5e85e7f80d,2495.795246880002,6b2764745ad736e55b40b13c1524264261c105378387e2d5967d745eb2a6ec79
93,"Rafi, a former executive of a publicly traded company, phones the current CEO and says, “Transfer $1 million to my account or I’ll leak information that will seriously damage your company's valuation.” Years earlier, Rafi was convicted of assault not involving force. Under Victorian law, what technical label best fits this kind of threat, and which reported case in your materials is cited as authority for treating market-damage threats in this way?",2,"Rafi has been charged with a number of offences in the past, including assault and robbery, and forgery and deception",e698b8a75ec7090b4cb4c5b6906426f702e009a0bb84953c78131b5e85e7f80d,2495.795246880002,6b2764745ad736e55b40b13c1524264261c105378387e2d5967d745eb2a6ec79
94,"Josh deliberately and dishonestly destroys physical bank documents that record a loan he still owes, hoping to improve his own financial position. Which specific offence best captures Josh's conduct?",2,"Josh deliberately and dishonestly destroys physical bank documents that record a loan he still owes, hoping to improve his own financial position",e698b8a75ec7090b4cb4c5b6906426f702e009a0bb84953c78131b5e85e7f80d,2495.795246880002,6b2764745ad736e55b40b13c1524264261c105378387e2d5967d745eb2a6ec79
95,"Marco transfers cryptocurrency through multiple wallets to make it harder to trace, fully aware it came from a fraud scheme. Under the Victorian “dealing with proceeds of crime” offences, which physical element is clearly satisfied by his conduct, and which highest mental state could be charged on these facts?",2,"Marco transfers cryptocurrency through multiple wallets to make it harder to trace, fully aware it came from a fraud scheme. Under the Victorian “dealing with proceeds",e698b8a75ec7090b4cb4c5b6906426f702e009a0bb84953c78131b5e85e7f80d,2495.795246880002,6b2764745ad736e55b40b13c1524264261c105378387e2d5967d745eb2a6ec79
96,"Smith is a dealer, and so is his friend Walter. After some haggling, they agree to swap a quantity of Smith’s cocaine for Walter’s ice. Which case is specifically cited to show that this type of deal amounts to trafficking?",2,Walter negotiated a deal with Smith to swap a quantity of cocaine for ice.,e698b8a75ec7090b4cb4c5b6906426f702e009a0bb84953c78131b5e85e7f80d,2495.795246880002,6b2764745ad736e55b40b13c1524264261c105378387e2d5967d745eb2a6ec79
97,"Over six months, Minh alternates between weeks of intense dealing and long quiet stretches with no proven activity. The transactions involve different drugs, buyers and locations, but all are commercial. The indictment alleges he “trafficked” by carrying on a business over that whole period. What must the jury be satisfied of, given the patchy pattern of conduct?",2,"The defendants must be satisfied of the extent to which Minh behaved, whether or not he acted unlawfully or not.",e698b8a75ec7090b4cb4c5b6906426f702e009a0bb84953c78131b5e85e7f80d,2495.795246880002,6b2764745ad736e55b40b13c1524264261c105378387e2d5967d745eb2a6ec79
98,"“The salt of the abovementioned drugs, derivates and _______” Which word goes in the blank and which act does this phrase belong to?",2,"The salt of the abovementioned drugs, derivates and _______",e698b8a75ec7090b4cb4c5b6906426f702e009a0bb84953c78131b5e85e7f80d,2495.795246880002,6b2764745ad736e55b40b13c1524264261c105378387e2d5967d745eb2a6ec79
99,"After a grave insult, Jordan cools off for several hours, then calmly returns and kills. Which state of mind required for provocation is missing on these facts, and what is the technical term for it?",2,The judge must be able to find the evidence of a person in court. The judge cannot be liable for a crime if it is not,e698b8a75ec7090b4cb4c5b6906426f702e009a0bb84953c78131b5e85e7f80d,2495.795246880002,6b2764745ad736e55b40b13c1524264261c105378387e2d5967d745eb2a6ec79
100,"“There was an agreement between the accused and the deceased to seek the _____ of all parties to the agreement.” What is the missing word, and where is this specific phrase used?",2,The Australian Supreme Court has issued a decision regarding the admissibility of evidence in a criminal case against an accused person. This decision was made after ,e698b8a75ec7090b4cb4c5b6906426f702e009a0bb84953c78131b5e85e7f80d,2495.795246880002,6b2764745ad736e55b40b13c1524264261c105378387e2d5967d745eb2a6ec79
