query_id,question,hypothesis,hyde_text,signature,generation_ms_per_query,signature_v1
1,"Bob and Ted are close friends. Ted is on trial for drug offences, and Bob has been selected as a juror in Ted’s case. Is the judge required to excuse Bob from serving on the jury?",0,"In Victorian criminal law, a jury must be made up of a principal and three witnesses, the defendant, and the witness. The witness must have been present at the time of the crime, and have a valid cause of action. In a criminal trial, the judge must be present at least a minimum of five years after the crime.",516b3f3365fba5cbf575839e509e2630ed5a864abfbe324e7ab4b60238cf2b2e,3924.887246079998,24be6c646a4ea264c39ae10db97e996e064882fdf0ad636638f2c6faa4a75e46
2,"Harry is serving as a juror in a burglary trial. He is also a professional locksmith. During the proceedings, Harry is shown a lock which, in his expert view, is too damaged to have been lockpicked in the manner described in court. Why might Harry's expert knowledge of lockpicking be irrelevant when assessing the physical evidence?",0,Harry is a juror in a burglary trial. He is also a professional locksmith.,516b3f3365fba5cbf575839e509e2630ed5a864abfbe324e7ab4b60238cf2b2e,3924.887246079998,24be6c646a4ea264c39ae10db97e996e064882fdf0ad636638f2c6faa4a75e46
3,"Isaac is on trial for statutory murder of an emergency worker. You are his barrister. Should you notify the jury that, according to the Crimes Act 1958, the standard sentence for this offence is 30 years imprisonment?",0,Victorian criminal law states that a defendant who commits statutory murder is entitled to 30 years in prison.,516b3f3365fba5cbf575839e509e2630ed5a864abfbe324e7ab4b60238cf2b2e,3924.887246079998,24be6c646a4ea264c39ae10db97e996e064882fdf0ad636638f2c6faa4a75e46
4,Should jurors be excused if they have encountered news stories about the accused prior to the trial commencing?,0,"The Courts of Appeal in Victoria are a court of appeals. The Court of Appeal has jurisdiction over cases of criminal law, including murder.",516b3f3365fba5cbf575839e509e2630ed5a864abfbe324e7ab4b60238cf2b2e,3924.887246079998,24be6c646a4ea264c39ae10db97e996e064882fdf0ad636638f2c6faa4a75e46
5,"Frank and Joe are jurors in an arson trial. Over the weekend, Joe finds photos of the accused holding a petrol canister and texts them to Frank. Having received this new information, what should Frank do?",0,An arson trial is a criminal investigation of a crime. The main evidence in an arson case is alleged to be a fire canister. Joe finds photos of the accused holding a petrol canister and texts them to Frank. Frank should do nothing.,516b3f3365fba5cbf575839e509e2630ed5a864abfbe324e7ab4b60238cf2b2e,3924.887246079998,24be6c646a4ea264c39ae10db97e996e064882fdf0ad636638f2c6faa4a75e46
6,Does the standard of proof of “beyond reasonable doubt” imply that the jury must be fully convinced of every claim the prosecution has made?,0,The standard of proof of “beyond reasonable doubt” imply that the jury must be fully convinced of every claim the prosecution has made.,516b3f3365fba5cbf575839e509e2630ed5a864abfbe324e7ab4b60238cf2b2e,3924.887246079998,24be6c646a4ea264c39ae10db97e996e064882fdf0ad636638f2c6faa4a75e46
7,"Sally is accused of cultivating narcotic plants in her backyard. One of the elements of this charge is that “the accused intentionally cultivated or attempted to cultivate a particular substance.” To establish whether this is the case, the judge believes it would be valuable to visit Sally’s backyard and have the jury examine it for themselves. What is the name of the legal procedure whereby the court travels to a location relevant to the charge?",0,"A narcotic plant is an herb that has been cultivated for a purpose other than illicit purposes. The purpose of the narrator’s investigation is to establish whether the plant is a nascent plant, which is cultivated or attempted to be cultivated.",516b3f3365fba5cbf575839e509e2630ed5a864abfbe324e7ab4b60238cf2b2e,3924.887246079998,24be6c646a4ea264c39ae10db97e996e064882fdf0ad636638f2c6faa4a75e46
8,"Josh is 21 years old. He witnessed a murder that was clearly perpetrated by the accused. The prosecution, however, needs to determine whether the accused committed the acts voluntarily, thus satisfying the elements of intentional or reckless murder. In court, the judge plays a recording of Josh giving his eyewitness testimony. What is this evidentiary process called?",0,A murder that was clearly perpetrated by the accused is an example of a murder that is not likely to be committed without probable cause.,516b3f3365fba5cbf575839e509e2630ed5a864abfbe324e7ab4b60238cf2b2e,3924.887246079998,24be6c646a4ea264c39ae10db97e996e064882fdf0ad636638f2c6faa4a75e46
9,"Olivia illegally bought cannabis from a tobacconist. As she left, she saw a man firebomb the store. She is now a witness in the arson trial. What legal privilege should she consider when giving her evidence?",0,Court records,516b3f3365fba5cbf575839e509e2630ed5a864abfbe324e7ab4b60238cf2b2e,3924.887246079998,24be6c646a4ea264c39ae10db97e996e064882fdf0ad636638f2c6faa4a75e46
10,Emma is found in possession of someone else’s phone but has no documentation of how she obtained it. Emma’s counsel argues that possession of the phone is circumstantial evidence and thus completely inadmissible to establish guilt. Is Emma’s counsel correct?,0,Emma is found in possession of someone else’s phone but has no documentation of how she obtained it. Emma’s counsel argues that possession of the phone is circumstantial evidence and thus completely inadmissible to establish guilt.,516b3f3365fba5cbf575839e509e2630ed5a864abfbe324e7ab4b60238cf2b2e,3924.887246079998,24be6c646a4ea264c39ae10db97e996e064882fdf0ad636638f2c6faa4a75e46
11,"John is on trial for an unnamed offence. John testifies that he could not have committed the offence because he was at an arcade 10 miles away when the offence took place. Earlier, the jury accepted arcade tickets as evidence of John's alibi. John’s counsel now argues that, given this plausible alibi, John could not have committed the crime. What type of reasoning is this an example of?",0,"John is on trial for an unnamed offence. John testifies that he could not have committed the offence because he was at an arcade 10 miles away when the offENCE took place. Earlier, the jury accepted arcade tickets as evidence of John’s alibi. John’r counsel now argues that, given this plausible alibi, John could not has committed the crime.",516b3f3365fba5cbf575839e509e2630ed5a864abfbe324e7ab4b60238cf2b2e,3924.887246079998,24be6c646a4ea264c39ae10db97e996e064882fdf0ad636638f2c6faa4a75e46
12,Does Victoria have a law/laws protecting against double jeopardy?,0,Victoria has a law/laws protecting against double jeopardy.,516b3f3365fba5cbf575839e509e2630ed5a864abfbe324e7ab4b60238cf2b2e,3924.887246079998,24be6c646a4ea264c39ae10db97e996e064882fdf0ad636638f2c6faa4a75e46
13,"Sophie and Hazel are two of twelve jurors in a trial. Both are uncertain of their verdict, while the remaining ten jurors believe the accused is guilty. The jury is becoming frustrated with Sophie and Hazel's indecision, but the judge instructs the jury to continue deliberating. What is this instruction called?",0,The Victorian criminal law was written in Victorian Parliament.,516b3f3365fba5cbf575839e509e2630ed5a864abfbe324e7ab4b60238cf2b2e,3924.887246079998,24be6c646a4ea264c39ae10db97e996e064882fdf0ad636638f2c6faa4a75e46
14,"Tim is on trial for aggravated burglary. Before Tim gives evidence, his counsel calls another witness to testify first. Why might this be a bad idea for the defence?",0,The prosecution of a burglar must have been completed before Tim was due to give evidence.,516b3f3365fba5cbf575839e509e2630ed5a864abfbe324e7ab4b60238cf2b2e,3924.887246079998,24be6c646a4ea264c39ae10db97e996e064882fdf0ad636638f2c6faa4a75e46
15,Paul is 12 years old. He is a witness in a trial related to a common law riot. You are counsel for the accused. Should you argue that Paul’s is fundamentally untrustworthy because of his age?,0,Paul is 12 years old and is a witness in a common law riot.,516b3f3365fba5cbf575839e509e2630ed5a864abfbe324e7ab4b60238cf2b2e,3924.887246079998,24be6c646a4ea264c39ae10db97e996e064882fdf0ad636638f2c6faa4a75e46
16,Can the defence use good character evidence to argue the accused is innocent?,0,Good character evidence can be used to argue that a person is innocent.,516b3f3365fba5cbf575839e509e2630ed5a864abfbe324e7ab4b60238cf2b2e,3924.887246079998,24be6c646a4ea264c39ae10db97e996e064882fdf0ad636638f2c6faa4a75e46
17,Can the prosecution freely use bad character evidence to argue the accused is guilty?,0,"The Victorian Criminal Code gives the possibility of a jury deciding whether an accused is guilty or innocent. However, the court would be allowed to appeal against the conviction if there was no evidence of guilt.",516b3f3365fba5cbf575839e509e2630ed5a864abfbe324e7ab4b60238cf2b2e,3924.887246079998,24be6c646a4ea264c39ae10db97e996e064882fdf0ad636638f2c6faa4a75e46
18,"Sam is on trial for murdering her neighbour. The prosecution presents a text from Sam to a friend saying, “I murdered my neighbour today.” What must be established for this text to be treated as an admission?",0,The text must be established as an admission to murder.,516b3f3365fba5cbf575839e509e2630ed5a864abfbe324e7ab4b60238cf2b2e,3924.887246079998,24be6c646a4ea264c39ae10db97e996e064882fdf0ad636638f2c6faa4a75e46
19,"Omar is charged with intentionally causing serious injury. In a recorded interview, he admits being at the scene and pushing the complainant but denies using a weapon or intending serious harm. At trial, the prosecution asks the jury to accept the incriminating parts of the interview but treat his denial of using a weapon as lies. Does this necessarily involve ‘consciousness of guilt’ reasoning?",0,"In the Australian Constitution, a person is not a convicted criminal. The law governing criminal activity in Victoria is the same as that of any other state in the world.",516b3f3365fba5cbf575839e509e2630ed5a864abfbe324e7ab4b60238cf2b2e,3924.887246079998,24be6c646a4ea264c39ae10db97e996e064882fdf0ad636638f2c6faa4a75e46
20,"Liam is on trial for arson. His sister gives evidence that, at a family dinner, she said, “The police think you set fire to Dad’s shed. You didn’t do it, did you?” Liam, who had been speaking normally, then went silent and looked down. Can this be used as evidence probative of guilt?",0,"Liam is on trial for arson. His sister gives evidence that, at a family dinner, she said, “The police think you set fire to Dad’s shed. You didn’t do it, did you?” Liam, who had been speaking normally, then went silent and looked down.",516b3f3365fba5cbf575839e509e2630ed5a864abfbe324e7ab4b60238cf2b2e,3924.887246079998,24be6c646a4ea264c39ae10db97e996e064882fdf0ad636638f2c6faa4a75e46
21,"At Zoe’s assault trial, the prosecution argues that her blank, expressionless stare at photos of the injured complainant indicates guilt. Is this argument sound?",0,"A blank, expressionless stare at photographs of the injured complainant is proof that the victim is guilty of a crime.",516b3f3365fba5cbf575839e509e2630ed5a864abfbe324e7ab4b60238cf2b2e,3924.887246079998,24be6c646a4ea264c39ae10db97e996e064882fdf0ad636638f2c6faa4a75e46
22,The defence raises the issue of mental impairment and bears the onus of proving it. There is a psychiatrist who has examined the accused. Is the prosecution required to call this psychiatrist as a witness?,0,"The Australian criminal justice system recognizes that a criminal offence is committed by someone who has a mental disability. There is no evidence that this condition exists, but there is a strong evidence that the defendant has mental impairment. There are no evidence to suggest that the accused has any mental impairment or that the person is in fact mentally impaired.",516b3f3365fba5cbf575839e509e2630ed5a864abfbe324e7ab4b60238cf2b2e,3924.887246079998,24be6c646a4ea264c39ae10db97e996e064882fdf0ad636638f2c6faa4a75e46
23,"Sarah is tried for armed robbery. She does not give or call any evidence. In closing, the prosecution avoids mentioning her silence directly but repeatedly stresses that “only the prosecution’s account is supported by evidence.” Is this submission by the prosecution permissible?",0,The Victorian Criminal Code provides that a person may be tried for armed robbery if they are not present. The prosecution will not have a witness at the trial. The sentence of armed burglary is a punishment for robberies.,516b3f3365fba5cbf575839e509e2630ed5a864abfbe324e7ab4b60238cf2b2e,3924.887246079998,24be6c646a4ea264c39ae10db97e996e064882fdf0ad636638f2c6faa4a75e46
24,"In a criminal trial, defence counsel fails to challenge an important part of a prosecution witness’s evidence and later runs a case theory inconsistent with that evidence. The prosecution complains that this has caused unfairness. As the trial judge, how should you decide what to do about it?",0,The Court of Appeal has established that a trial judge is a judge.,516b3f3365fba5cbf575839e509e2630ed5a864abfbe324e7ab4b60238cf2b2e,3924.887246079998,24be6c646a4ea264c39ae10db97e996e064882fdf0ad636638f2c6faa4a75e46
25,"In an armed robbery trial, a shop assistant who has served the accused every week for years is shown still images from CCTV and says, “Based on how he looks, that’s the same customer who comes into my store.” What type of identification evidence is this an example of?",0,CCTV footage recorded in an armed robbery trial,516b3f3365fba5cbf575839e509e2630ed5a864abfbe324e7ab4b60238cf2b2e,3924.887246079998,24be6c646a4ea264c39ae10db97e996e064882fdf0ad636638f2c6faa4a75e46
26,"One of the elements of aggravated carjacking is the use of a weapon or causing injury to another person (Crimes Act 1958 s 79A). Smith witnesses an aggravated carjacking late at night. He sees the offender wield a weapon but does not get a good look at their face. A year later, he positively identifies the accused, saying he “recognised him immediately from the daytime photo the police showed me last year.” What cognitive bias, about which the jury is educated, may be relevant in this case?",0,A crime in Victorian Criminal Law s 79A.,516b3f3365fba5cbf575839e509e2630ed5a864abfbe324e7ab4b60238cf2b2e,3924.887246079998,24be6c646a4ea264c39ae10db97e996e064882fdf0ad636638f2c6faa4a75e46
27,"You are the trial judge in a child stealing case. During the trial, the prosecutor briefly mentions that the image used for recognising the accused was taken before the accused was detained but gives no further explanation. What are judges instructed to do in this situation?",0,"Victorian criminal law is a branch of the Victorian criminal justice system. The Victorian criminal code provides for the issuance of orders to the Crown in the event of a crime. The term 'conviction' refers to the court's decision to dismiss the defendant for mistreating an offender, but also applies to cases of robbery or assault.",516b3f3365fba5cbf575839e509e2630ed5a864abfbe324e7ab4b60238cf2b2e,3924.887246079998,24be6c646a4ea264c39ae10db97e996e064882fdf0ad636638f2c6faa4a75e46
28,"Harvey is on trial for dangerous driving causing serious injury. Priya, a mechanic with 15 years’ experience, inspects the damaged vehicles and wants to tell the jury that, in her opinion, the pattern of damage shows Harvey was travelling at “at least 110 km/h” before impact. Are Priya’s comments inadmissible because they are opinion evidence?",0,Priya’s comments are opinion evidence.,516b3f3365fba5cbf575839e509e2630ed5a864abfbe324e7ab4b60238cf2b2e,3924.887246079998,24be6c646a4ea264c39ae10db97e996e064882fdf0ad636638f2c6faa4a75e46
29,"Chris is on trial for intentionally or recklessly causing a bushfire. His counsel says he was carrying out a “cool burn.” Talia, a First Nations woman, is called to explain First Nations practices. Is Talia’s evidence admissible?",0,Talia is on trial for intentionally or recklessly causing a bushfire.,516b3f3365fba5cbf575839e509e2630ed5a864abfbe324e7ab4b60238cf2b2e,3924.887246079998,24be6c646a4ea264c39ae10db97e996e064882fdf0ad636638f2c6faa4a75e46
30,"Noah is on trial for killing his father, who had been violent towards Noah’s mother for decades. The defence calls an expert to describe how poverty, lack of access to services, and cultural stigma around separation can trap families in violent homes. Is this expert's evidence admissible?",0,The law of Victoria states that a convicted murderer must be the victim of a crime.,516b3f3365fba5cbf575839e509e2630ed5a864abfbe324e7ab4b60238cf2b2e,3924.887246079998,24be6c646a4ea264c39ae10db97e996e064882fdf0ad636638f2c6faa4a75e46
31,"Police have detained and taken DNA samples from three of four full siblings in a carjacking investigation: Chloe (female, 24), Sam (female, 23), and Joseph (male, 22). The fourth sibling, Kyle (male, 22), was not detained or sampled. Mitochondrial DNA testing of a crime scene sample links all three sampled siblings to the scene. Y-STR testing (which examines Y-chromosome DNA passed from father to son) links Joseph to the scene. Nuclear DNA testing also links Joseph to the scene. Is this information sufficient to reasonably link Joseph to the crime scene?",0,Mitochondrial DNA testing of a crime scene sample links all three sampled siblings to the scene.,516b3f3365fba5cbf575839e509e2630ed5a864abfbe324e7ab4b60238cf2b2e,3924.887246079998,24be6c646a4ea264c39ae10db97e996e064882fdf0ad636638f2c6faa4a75e46
32,"Police have detained and taken DNA samples from three of four full siblings in a carjacking investigation: Chloe (female, 24), Sam (female, 23), and Joseph (male, 22). The fourth sibling, Kylie (female, 22), was not detained or sampled. Mitochondrial DNA testing of a crime scene sample links all three sampled siblings to the scene. Y-STR testing (which examines Y-chromosome DNA passed from father to son) links Joseph to the scene. Nuclear DNA testing also links Joseph to the scene. Is this information sufficient to reasonably link Joseph to the crime scene?",0,Mitochondrial DNA testing of a crime scene sample links all three sampled siblings to the scene. Y-STR testing (which examines Y chromosome DNA passed from father to son) links Joseph to the site. Nuclear DNA testing also links Joseph and Kylie to the spot.,516b3f3365fba5cbf575839e509e2630ed5a864abfbe324e7ab4b60238cf2b2e,3924.887246079998,24be6c646a4ea264c39ae10db97e996e064882fdf0ad636638f2c6faa4a75e46
33,Is the right to silence based solely on common law?,0,"Victorian criminal law is a system of laws that apply to all criminals. The Victorian Code of Criminal Law provides that a person can be silenced without a court order or summons, and it is based on common law principles. The right to silence is governed by the laws of common law.",516b3f3365fba5cbf575839e509e2630ed5a864abfbe324e7ab4b60238cf2b2e,3924.887246079998,24be6c646a4ea264c39ae10db97e996e064882fdf0ad636638f2c6faa4a75e46
34,"Daniel is questioned by police about an armed robbery. He gives his name and age but answers “no comment” when asked where he was at 1 am and who he was with. He is now on trial, and you are the prosecutor. Should you invite the jury to treat his selective silence as evidence of guilt?",0,The trial is in the first instance of a case in which a person is questioned by police about an armed robbery. The robberies are not committed by a man who is not a police officer. A person whose robbed person is not an officer is not considered a prosecutor. The prosecutor is a magistrate. The sentence of being questioned is the same as being sentenced to imprisonment for ,516b3f3365fba5cbf575839e509e2630ed5a864abfbe324e7ab4b60238cf2b2e,3924.887246079998,24be6c646a4ea264c39ae10db97e996e064882fdf0ad636638f2c6faa4a75e46
35,"At dinner, Kim and Frank watch a news story about a drive-by shooting. Kim says the car looks like Frank’s and asks, “That’s not your car, is it, Frank?” Frank stays silent. Frank is now on trial. Why is it important for the prosecution that Kim is not a government authority?",0,The case was in Victorian Criminal Court where a Victorian man was convicted of murder.,516b3f3365fba5cbf575839e509e2630ed5a864abfbe324e7ab4b60238cf2b2e,3924.887246079998,24be6c646a4ea264c39ae10db97e996e064882fdf0ad636638f2c6faa4a75e46
36,"Kim and Frank are at a Christmas party and are watching a news story about a recent drive-by shooting. Kim thinks the car looks like Frank’s and asks, “That’s not your car, is it?” Frank stays silent. A few minutes later, the police shut down the party due to noise complaints. Later, Frank is on trial for offences related to the same drive-by shooting. Why is it important to the defence that the party was loud?",0,"A few minutes later, the police shut down the party due to noise complaints.",516b3f3365fba5cbf575839e509e2630ed5a864abfbe324e7ab4b60238cf2b2e,3924.887246079998,24be6c646a4ea264c39ae10db97e996e064882fdf0ad636638f2c6faa4a75e46
37,"Rachel is on trial for poisoning her business partner with mushrooms. There is no direct proof Rachel possessed poisonous mushrooms, but the prosecution shows that: (1) two weeks before the death she searched for a specific species of poisonous mushroom; (2) she had a manual for dehydration equipment that can mask the taste of mushrooms; and (3) toxicology shows her partner was poisoned by that same species. The prosecution argues it is highly improbable all of this is coincidental, if the death were an accident. What kind of inferential reasoning or type of evidence is the prosecution asking the jury to use?",0,"The Prosecution has no direct evidence Rachel possessed poisonous mushrooms. There is no direct proof Rachel possesses poisonous mushroom. The prosecution argues it is highly improbable all of this is coincidental, if the death were an accident. What kind of inferential reasoning or type of evidence is the prosecution asking the jury to use?",516b3f3365fba5cbf575839e509e2630ed5a864abfbe324e7ab4b60238cf2b2e,3924.887246079998,24be6c646a4ea264c39ae10db97e996e064882fdf0ad636638f2c6faa4a75e46
38,Daisy witnessed a murder in her prison and is called by the prosecution to give evidence. Is she a “prison informer”?,0,An informer is a person who gives evidence in connection with a crime.,516b3f3365fba5cbf575839e509e2630ed5a864abfbe324e7ab4b60238cf2b2e,3924.887246079998,24be6c646a4ea264c39ae10db97e996e064882fdf0ad636638f2c6faa4a75e46
39,"Emma is committed for trial on 1 March. On 25 March, she first tells her lawyer she was at a movie with her sister at the time of the alleged offence and wants both to give evidence, but no notice has been filed. What procedural step is required before Emma, or her sister can give evidence that she was at the movie rather than at the scene of the offence?",0,"Emma is committed for trial on 1 March. On 25 March, she first tells her lawyer she was at a movie with her sister at the time of the alleged offence and wants both to give evidence, but no notice has been filed. What procedural step is required before Emma, or her sister can give evidence that she was in the movie rather than at the scene of the offence?",516b3f3365fba5cbf575839e509e2630ed5a864abfbe324e7ab4b60238cf2b2e,3924.887246079998,24be6c646a4ea264c39ae10db97e996e064882fdf0ad636638f2c6faa4a75e46
40,"Alex is charged with a robbery at a shopping centre at 8:15 pm. He leads evidence that he was having dinner with friends at a restaurant across town at that time, and the jury thinks there is a real chance this is true. Ignoring the standard elements of robbery, what more needs to be proven to establish Alex’s guilt?",0,Alex is charged with a robbery at a shopping centre at 8:15 pm. He leads evidence that he was having dinner with friends at ...,516b3f3365fba5cbf575839e509e2630ed5a864abfbe324e7ab4b60238cf2b2e,3924.887246079998,24be6c646a4ea264c39ae10db97e996e064882fdf0ad636638f2c6faa4a75e46
41,"Liam and Noah plan to break into a warehouse to steal electronics. Liam agrees to act as the lookout while Noah goes inside; during the burglary, Noah violently assaults a security guard. Liam is later charged as a secondary party to the assault. Under Victorian law, on what basis could Liam be found “involved in the commission” of the assault, even though he only agreed to help with the burglary?",0,A burglary is a crime in which an individual commits an act of trespass.,516b3f3365fba5cbf575839e509e2630ed5a864abfbe324e7ab4b60238cf2b2e,3924.887246079998,24be6c646a4ea264c39ae10db97e996e064882fdf0ad636638f2c6faa4a75e46
42,"Courtney and Tom agree to sell what they think is a harmless “party pill” to strangers at a music festival. The pills are in fact a controlled drug, and the conduct clearly amounts to a criminal offence. For Courtney to be liable on the basis of this agreement, must the prosecution prove that she knew the substance was illegal?",0,"Courtney and Tom agree to sell what they think is a harmless “party pill” to strangers at a music festival. The pills are in fact a controlled drug, and the conduct clearly amounts to a criminal offence. For Courtney to be liable on the basis of this agreement, must the prosecution prove that she knew the substance was illegal?",516b3f3365fba5cbf575839e509e2630ed5a864abfbe324e7ab4b60238cf2b2e,3924.887246079998,24be6c646a4ea264c39ae10db97e996e064882fdf0ad636638f2c6faa4a75e46
43,"Noah convinces his 12-year-old nephew to deliver a sealed package to an address, telling him it contains “books for a friend,” when in fact Noah has filled the package with prohibited drugs. The nephew has no idea what is inside and believes he’s doing a harmless favour. If police intercept the drugs, can Noah be liable as a principal offender for drug trafficking?",0,"A Victorian criminal law provides that if a person has filled a sealed package with prohibited drugs, that person is liable to be prosecuted for drug trafficking.",516b3f3365fba5cbf575839e509e2630ed5a864abfbe324e7ab4b60238cf2b2e,3924.887246079998,24be6c646a4ea264c39ae10db97e996e064882fdf0ad636638f2c6faa4a75e46
44,"Jordan is a factory worker; Mia is his supervisor. They’re both charged with a Commonwealth conspiracy to commit an offence that requires an employer to ensure the safety of employees at a hazardous worksite. Two company directors, alleged to be the other parties to the agreement, have already been acquitted of the conspiracy. In these circumstances, can Jordan be found guilty of the conspiracy?",0,"Jordan is a factory worker; Mia is his supervisor. They’re both charged with a Commonwealth conspiracy to commit an offence that requires an employer to ensure the safety of employees at a hazardous worksite. Two company directors, alleged to be the other parties to the agreement, have already been acquitted of the conspiracy.",516b3f3365fba5cbf575839e509e2630ed5a864abfbe324e7ab4b60238cf2b2e,3924.887246079998,24be6c646a4ea264c39ae10db97e996e064882fdf0ad636638f2c6faa4a75e46
45,"Clyde, who has schizophrenia, assaults a stranger while experiencing delusions. He knows he is hitting a person but believes they are a “demon.” Does his mental illness, or his failure to appreciate the wrongfulness of his conduct, necessarily make his act involuntary?",0,"Clyde assaults a stranger while experiencing delusions. He knows he is hitting a person but believes they are a “demon.” Does his mental illness, or his failure to appreciate the wrongfulness of his conduct, necessarily make his act involuntary?",516b3f3365fba5cbf575839e509e2630ed5a864abfbe324e7ab4b60238cf2b2e,3924.887246079998,24be6c646a4ea264c39ae10db97e996e064882fdf0ad636638f2c6faa4a75e46
46,"Jonah is driving when he suddenly suffers an unexpected convulsion, causing his leg to slam down on the accelerator and his car to mount the curb and hit a pedestrian. If the only cause of the collision was this sudden bodily movement during the convulsion, how should a court characterise his physical act for the purpose of criminal liability?",0,"The Australian Constitution states that if someone was driving in a lane, they were not responsible for the speed of the vehicle or the speed and direction of the driver. A driver must be held responsible for a speeding vehicle if he or she is guilty of a crime.",516b3f3365fba5cbf575839e509e2630ed5a864abfbe324e7ab4b60238cf2b2e,3924.887246079998,24be6c646a4ea264c39ae10db97e996e064882fdf0ad636638f2c6faa4a75e46
47,"At Andrew’s assault trial, there is no suggestion he was unconscious, seizing, or sleepwalking; all the evidence shows him standing, speaking, and then punching the complainant. Does the prosecution need specific evidence that the punch was voluntary, or can voluntariness be inferred from these circumstances?",0,Andrew was a Victorian convict in Victorian Criminal Law.,516b3f3365fba5cbf575839e509e2630ed5a864abfbe324e7ab4b60238cf2b2e,3924.887246079998,24be6c646a4ea264c39ae10db97e996e064882fdf0ad636638f2c6faa4a75e46
48,"Jacob sets off powerful fireworks in a small, crowded backyard. He later admits he knew people could get hurt but did it anyway. In Victoria, what level of criminal culpability best describes his conduct?",0,"Jacob set off powerful fireworks in a small, crowded backyard.",516b3f3365fba5cbf575839e509e2630ed5a864abfbe324e7ab4b60238cf2b2e,3924.887246079998,24be6c646a4ea264c39ae10db97e996e064882fdf0ad636638f2c6faa4a75e46
49,"Liam throws a heavy brick off a freeway overpass into peak-hour traffic. He later tells police, “I knew it might hit a car, but I didn’t really think much more about it.” At trial, the prosecution tells the jury that recklessness is established if Liam knew the brick “might” cause harm. Why is this an incorrect statement of the legal test for recklessness in Victoria?",0,A brick is thrown off a freeway overpass into peak-hour traffic. The brick would be considered dangerous if it was thrown in the direction of the traffic it was coming from.,516b3f3365fba5cbf575839e509e2630ed5a864abfbe324e7ab4b60238cf2b2e,3924.887246079998,24be6c646a4ea264c39ae10db97e996e064882fdf0ad636638f2c6faa4a75e46
50,Abigail is on trial in Victoria for causing serious injury. She argues that the injury was “an accident” because she pushed a door open without looking and it unexpectedly hit someone on the other side. Can Abigail rely on a standalone defence of “accident” in Victoria?,0,Abigail is on trial in Victoria for causing serious injury. She argues that the injury was “an accident” because she pushed a door open without looking and it unexpectedly hit someone on the other side.,516b3f3365fba5cbf575839e509e2630ed5a864abfbe324e7ab4b60238cf2b2e,3924.887246079998,24be6c646a4ea264c39ae10db97e996e064882fdf0ad636638f2c6faa4a75e46
51,"Ethan punches Marcus once in the head during an argument. Marcus falls, hits his head on the gutter, and dies in hospital two days later. At trial, Ethan admits to killing Marcus by punching him. What elements must still be proved for Ethan to be convicted of murder?",0,Evidence of the manner in which Ethan abused his position as a magistrate,516b3f3365fba5cbf575839e509e2630ed5a864abfbe324e7ab4b60238cf2b2e,3924.887246079998,24be6c646a4ea264c39ae10db97e996e064882fdf0ad636638f2c6faa4a75e46
52,"Ethan admits he voluntarily and intentionally killed Marcus, a German Shepherd, without lawful justification. Name ONE element of murder that is missing here.",0,A Victorian criminal law requires that a defendant commit a crime. A criminal record includes:,516b3f3365fba5cbf575839e509e2630ed5a864abfbe324e7ab4b60238cf2b2e,3924.887246079998,24be6c646a4ea264c39ae10db97e996e064882fdf0ad636638f2c6faa4a75e46
53,"Ethan, a sane 24-year-old, intentionally killed Marcus, a child, without lawful justification, and the jury accepts this beyond reasonable doubt. Under Victorian law, how could this still not amount to manslaughter or murder?",0,Ethan's murder is considered a crime of the highest court of Victoria.,516b3f3365fba5cbf575839e509e2630ed5a864abfbe324e7ab4b60238cf2b2e,3924.887246079998,24be6c646a4ea264c39ae10db97e996e064882fdf0ad636638f2c6faa4a75e46
54,"Harper, a New South Wales resident, shoots Riley in Sydney. Riley is stabilised in an NSW hospital, then transferred to a specialist trauma unit in Melbourne, where complications arise during surgery and he dies 10 days after the shooting. Can Harper be tried in a Victorian court?",0,"A firearm is a firearm which can be reloaded or re-loaded and used in a number of ways including a rifle. In Victoria, the firearm is not restricted to firearms.",516b3f3365fba5cbf575839e509e2630ed5a864abfbe324e7ab4b60238cf2b2e,3924.887246079998,24be6c646a4ea264c39ae10db97e996e064882fdf0ad636638f2c6faa4a75e46
55,"Mila fires a gun recklessly into a crowded apartment block corridor, committing the offence of reckless conduct endangering life. One of the bullets kills Jonah. The prosecution seeks to invoke statutory murder. On what basis could this reckless conduct offence be treated as a foundational offence?",0,The term statutory murder was used to refer to crimes committed by criminals in the Victorian penal system.,516b3f3365fba5cbf575839e509e2630ed5a864abfbe324e7ab4b60238cf2b2e,3924.887246079998,24be6c646a4ea264c39ae10db97e996e064882fdf0ad636638f2c6faa4a75e46
56,"During an argument outside a bar in 2016, Taylor swings once at Jordan’s jaw; Jordan falls backwards, hits their head on the curb and dies from the head injury. For manslaughter by an unlawful and dangerous act, which element of the offence does Crimes Act 1958 s 4A(4) help the jury assess?",0,"A criminal offence is one that occurs when a person commits a crime or a series of crimes. An offence may include a rape, sexual assault, a misdemeanor misdemegotisation, or stealing.",516b3f3365fba5cbf575839e509e2630ed5a864abfbe324e7ab4b60238cf2b2e,3924.887246079998,24be6c646a4ea264c39ae10db97e996e064882fdf0ad636638f2c6faa4a75e46
57,"The accused admits he did not actually think death or really serious injury was likely, but the jury is sure that any reasonable person in his position would have realised they were exposing the victim to an appreciable risk of serious injury. If both reckless murder and manslaughter are left, which verdict does this state of mind support?",0,"The murder of a man by an unarmed force was an act of homicide, and the court ruled that the homicidal party had not been killed in the first place.",516b3f3365fba5cbf575839e509e2630ed5a864abfbe324e7ab4b60238cf2b2e,3924.887246079998,24be6c646a4ea264c39ae10db97e996e064882fdf0ad636638f2c6faa4a75e46
58,"In 2010, Amir and Bella agree to “rough up” a debtor by slapping him around and threatening him, but nothing more. During the confrontation, Bella unexpectedly pulls a knife and fatally stabs the debtor. Amir is charged with manslaughter as a secondary party. If the prosecution relies on the doctrine that extends liability beyond the agreed lesser assault, what must they prove about Amir’s foresight of Bella’s escalation?",0,"Amir and Bella agree to “rough up” a debtor by slapping him around and threatening him, but nothing more. During the confrontation, Bella unexpectedly pulls a knife and fatally stabs the debtor. Amir is charged with manslaughter as a secondary party. If the prosecution relies on the doctrine that extends liability beyond the agreed lesser assault, what must they prove about Amir",516b3f3365fba5cbf575839e509e2630ed5a864abfbe324e7ab4b60238cf2b2e,3924.887246079998,24be6c646a4ea264c39ae10db97e996e064882fdf0ad636638f2c6faa4a75e46
59,"A person is sitting in the back seat of a moving taxi when the taxi strikes a pedestrian at a crossing, killing them instantly. The prosecution later alleges that this rear-seat passenger is guilty of culpable driving causing death because he was driving a motor vehicle at the time of the collision. Is this a sound argument?",0,"A person sitting in the back seat of a moving taxi when the taxi strikes a pedestrian at a crossing, killing them instantly. The prosecution later alleges that this rear-seat passenger is guilty of culpable driving causing death because he was driving a motor vehicle at the time of the collision.",516b3f3365fba5cbf575839e509e2630ed5a864abfbe324e7ab4b60238cf2b2e,3924.887246079998,24be6c646a4ea264c39ae10db97e996e064882fdf0ad636638f2c6faa4a75e46
60,"In a culpable driving causing death trial, the prosecution tells the jury: “You cannot find the accused guilty unless you are sure he actually realised his driving fell well below that of an ordinary careful driver; if he was simply unaware of the danger, you must acquit.” Is this an accurate statement of the law?",0,"A culpable driving causing death trial is the most common form of criminal law in Victorian society. In the Victorian penal code, culple driving is punishable by death. In Victoria, a culpéal driving resulting in death is punishible by death, unless the accused was aware of the danger that his driving was causing.",516b3f3365fba5cbf575839e509e2630ed5a864abfbe324e7ab4b60238cf2b2e,3924.887246079998,24be6c646a4ea264c39ae10db97e996e064882fdf0ad636638f2c6faa4a75e46
61,Two friends agree to race their cars along a suburban street. One driver loses control and fatally hits a cyclist; the other does not crash. On what general basis could the second driver still be held responsible for the death?,0,A driver who is driving a car in a race may be held responsible for the death of the other car driver.,516b3f3365fba5cbf575839e509e2630ed5a864abfbe324e7ab4b60238cf2b2e,3924.887246079998,24be6c646a4ea264c39ae10db97e996e064882fdf0ad636638f2c6faa4a75e46
62,"While driving late at night, Jerry fails to see a cyclist and runs him over, killing him instantly. Jerry was not drunk, reckless or negligent. Why does it matter to the prosecution that Jerry knew his headlights were broken before driving?",0,A cyclist is a person who drives in the dark. A person who is drunk or reckless will not be able to see a cyclist unless they are in a car. The reason for this is that the cyclist's car is unable to see the cyclist because it is in braking mode.,516b3f3365fba5cbf575839e509e2630ed5a864abfbe324e7ab4b60238cf2b2e,3924.887246079998,24be6c646a4ea264c39ae10db97e996e064882fdf0ad636638f2c6faa4a75e46
63,"Asha is Ben’s manager at work. One evening they both freely and voluntarily have sex. Two days after the act, Asha regrets her decision. Does this mean Asha's consent was violated?",0,"Asha is Ben’s manager at work. One evening they both freely and voluntarily have sex. Two days after the act, Asha regrets her decision. Does this mean Asha’s consent was violated?",516b3f3365fba5cbf575839e509e2630ed5a864abfbe324e7ab4b60238cf2b2e,3924.887246079998,24be6c646a4ea264c39ae10db97e996e064882fdf0ad636638f2c6faa4a75e46
64,"Jones is on trial for an unnamed sexual offence. He says that, in his culture, silence or lack of resistance means agreement. In light of this explanation, what specific issue about Jones awareness must the jury determine when deciding his guilt?",0,"Jones is on trial for an unnamed sexual offence. Jones says that, in his culture, silence or lack of resistance means agreement. In light of this explanation, what specific issue about Jones awareness must the jury determine when deciding his guilt?",516b3f3365fba5cbf575839e509e2630ed5a864abfbe324e7ab4b60238cf2b2e,3924.887246079998,24be6c646a4ea264c39ae10db97e996e064882fdf0ad636638f2c6faa4a75e46
65,"Jones is on trial for an unnamed sexual offence. He says that, in his culture, silence or lack of resistance means agreement. Must the jury learn more about this culture to decide whether he reasonably believed there was consent?",0,A court sentenced Jones to life in prison for rape and sexual assault. The court heard that Jones was accused of having sex with a woman and causing her to break her leg. Jones was convicted of the raping and sexual abuse of a man by the police.,516b3f3365fba5cbf575839e509e2630ed5a864abfbe324e7ab4b60238cf2b2e,3924.887246079998,24be6c646a4ea264c39ae10db97e996e064882fdf0ad636638f2c6faa4a75e46
66,"After an alleged sexual assault, Liam goes straight to his sister’s apartment and, sobbing and struggling to speak, tells her what happened. At trial, the prosecution calls his sister to describe his emotional state when he reported it. Why might Liam’s behaviour at that time be important evidence against the accused?",0,A sexual assault can be committed by a person whose mother abused her.,516b3f3365fba5cbf575839e509e2630ed5a864abfbe324e7ab4b60238cf2b2e,3924.887246079998,24be6c646a4ea264c39ae10db97e996e064882fdf0ad636638f2c6faa4a75e46
67,"At trial, the complainant describes an alleged sexual assault in a completely flat tone, without visible emotion. Some jurors think this means she is “probably lying.” Is this a valid assumption?",0,"A sex assault is an act of sexual exploitation that causes the victim to lose interest in the sexual nature of the offender, or of the intended offender's sexual orientation.",516b3f3365fba5cbf575839e509e2630ed5a864abfbe324e7ab4b60238cf2b2e,3924.887246079998,24be6c646a4ea264c39ae10db97e996e064882fdf0ad636638f2c6faa4a75e46
68,"Assume the year is 2012. Why is it problematic for a judge to direct the jury that the prosecution must prove the accused “intended to commit rape in the sense that, at the time of penetration, he knew the complainant was not or might not be consenting”?",0,"A Victorian court can order the prosecution to prove that the complainant is not consenting to rape, but that the accused knew the complainent was not or might not be consenting.",516b3f3365fba5cbf575839e509e2630ed5a864abfbe324e7ab4b60238cf2b2e,3924.887246079998,24be6c646a4ea264c39ae10db97e996e064882fdf0ad636638f2c6faa4a75e46
69,"The prosecution alleges that the accused forced the complainant to put his own penis into his own mouth. Under the current statutory definition, does this amount to sexual penetration of oneself?",0,Victorian criminal law embodies the basic principles of sexual exploitation.,516b3f3365fba5cbf575839e509e2630ed5a864abfbe324e7ab4b60238cf2b2e,3924.887246079998,24be6c646a4ea264c39ae10db97e996e064882fdf0ad636638f2c6faa4a75e46
70,"In 2016, person A instructs person C to insert person C’s finger into person B’s mouth. Under the definition of “sexual penetration” in s 37D of the Crimes Act 1958, why does this not amount to person A sexually penetrating person B?",0,"In 2017, person A instructs person C to insert person C’s finger into person B’s mouth. Under the definition of “sexual penetration” in s 37D of the Crimes Act 1958, why does this not amount to person A sexually penetrating person B?",516b3f3365fba5cbf575839e509e2630ed5a864abfbe324e7ab4b60238cf2b2e,3924.887246079998,24be6c646a4ea264c39ae10db97e996e064882fdf0ad636638f2c6faa4a75e46
71,"In 2016, person A instructs person C to insert person C’s penis into person B’s mouth. Under the definition of “sexual penetration” in s 37D of the Crimes Act 1958, why does this amount to person A sexually penetrating person B?",0,A person who inserts person C’s penis into a person’s mouth is sexually penetrating person B.,516b3f3365fba5cbf575839e509e2630ed5a864abfbe324e7ab4b60238cf2b2e,3924.887246079998,24be6c646a4ea264c39ae10db97e996e064882fdf0ad636638f2c6faa4a75e46
72,"Under Victorian law, can a person assigned male at birth be sexually penetrated somewhere other than the anus or mouth?",0,Sexually penetrated means a person is sexually abused by an individual or a family.,516b3f3365fba5cbf575839e509e2630ed5a864abfbe324e7ab4b60238cf2b2e,3924.887246079998,24be6c646a4ea264c39ae10db97e996e064882fdf0ad636638f2c6faa4a75e46
73,"On a crowded tram, Caleb briefly brushes Rina’s hand while reaching for a pole; later he privately admits he finds her attractive and had a sexual interest in her. On these grounds alone, is Caleb’s private sexual interest enough to make that brief hand contact “sexual touching”?",0,Caleb has a sexual interest in Rina and he is willing to commit a sex assault.,516b3f3365fba5cbf575839e509e2630ed5a864abfbe324e7ab4b60238cf2b2e,3924.887246079998,24be6c646a4ea264c39ae10db97e996e064882fdf0ad636638f2c6faa4a75e46
74,"Assume the year is 2011. Nina is sexually aroused by feet and secretly attracted to her colleague Caleb. During a meeting, she slowly removes his shoe under the table, later admitting she did so purely for her own sexual gratification. Does her sexual motive alone make the removal of Caleb’s shoe an indecent assault?",0,"In Victorian criminal law, a person is a man or woman who is prone to sexual offences. The term sexual offence is referring to a felony or misdemeanor offense committed by a defendant for a crime. The crime involves a victim being sexually aroused by feet. Assume the year is 2011.",516b3f3365fba5cbf575839e509e2630ed5a864abfbe324e7ab4b60238cf2b2e,3924.887246079998,24be6c646a4ea264c39ae10db97e996e064882fdf0ad636638f2c6faa4a75e46
75,"During an argument, Imogen swings her fist at Sara but stops just short. Sara flinches and braces for impact, but later says she “wasn’t actually scared.” Why doesn’t Sara’s claim that she wasn’t afraid stop Imogen’s conduct from amounting to assault?",0,The act of allegedly kicking a ball into Sara’s hand causes her to flinch and brace for impact.,516b3f3365fba5cbf575839e509e2630ed5a864abfbe324e7ab4b60238cf2b2e,3924.887246079998,24be6c646a4ea264c39ae10db97e996e064882fdf0ad636638f2c6faa4a75e46
76,“I’m not from law enforcement and I’m going to illegally kill you in the next couple of years or so” does not amount to assault because which element of the offence is missing?,0,a criminal offence that is not a crime,516b3f3365fba5cbf575839e509e2630ed5a864abfbe324e7ab4b60238cf2b2e,3924.887246079998,24be6c646a4ea264c39ae10db97e996e064882fdf0ad636638f2c6faa4a75e46
77,"Mia receives several late-night calls from Noah. Each time she answers, he says nothing. Knowing his violent history, she believes he is outside about to attack. What is the citation of the common law case that held this conduct can amount to assault?",0,"Mia receives several late-night calls from Noah. Each time she answers, he says nothing. Knowing his violent history, she believes he is outside about to attack. What is the citation of the common law case that held this conduct can amount to assault?",516b3f3365fba5cbf575839e509e2630ed5a864abfbe324e7ab4b60238cf2b2e,3924.887246079998,24be6c646a4ea264c39ae10db97e996e064882fdf0ad636638f2c6faa4a75e46
78,"Assault' is defined to mean the direct or indirect application of force to the body of, or to the clothing or equipment worn by, a person. “Application of force” is defined to include the application of heat, light, electric current or any other form of energy, as well as the application of matter in solid, liquid or gaseous form. For the purposes of Victorian criminal law as it pertains to assault, which statute establishes the meaning of a police officer?",0,"Assault' is defined to mean the direct or indirect application of force to the body of, or to the clothing or equipment worn by, a person.",516b3f3365fba5cbf575839e509e2630ed5a864abfbe324e7ab4b60238cf2b2e,3924.887246079998,24be6c646a4ea264c39ae10db97e996e064882fdf0ad636638f2c6faa4a75e46
79,"Officer Harper stops Liam on the street, says, “I’m just curious if you’ve got anything on you,” and, without any lawful basis, searches his pockets and finds drugs. Liam resists and accidentally strikes Harper during the unlawful search. In these circumstances, is Harper acting “in the execution of her duty” at the time of the alleged assault?",0,"In Victorian criminal law, the criminal offence of assault is punishable by imprisonment for a term of one year.",516b3f3365fba5cbf575839e509e2630ed5a864abfbe324e7ab4b60238cf2b2e,3924.887246079998,24be6c646a4ea264c39ae10db97e996e064882fdf0ad636638f2c6faa4a75e46
80,"As officers move in to arrest Malik outside a bar, his friend Tia sees them coming and yells, “Run, they’re about to grab you!” intending to help him escape. What key fact about the effect of Tia’s warning must be proved in order to charge her with obstruction?",0,"The Court of Auditors is to decide whether a defendant has committed a crime in the course of the trial. The Court shall rule on this issue before it enters into any judgment. The court may not rule that the defendant committed the crime in an ordinary manner, and may rule that it was not in his or her interest to commit the crime. The judge may rule on the evidence of the prosecution.",516b3f3365fba5cbf575839e509e2630ed5a864abfbe324e7ab4b60238cf2b2e,3924.887246079998,24be6c646a4ea264c39ae10db97e996e064882fdf0ad636638f2c6faa4a75e46
81,Which Victorian statute amended the Crimes Act 1958 to cover stalking over the internet?,0,Victorian law has a clause that states that stalking over the internet is punishable by a fine of £20 or more.,516b3f3365fba5cbf575839e509e2630ed5a864abfbe324e7ab4b60238cf2b2e,3924.887246079998,24be6c646a4ea264c39ae10db97e996e064882fdf0ad636638f2c6faa4a75e46
82,"What are the elements of carjacking? Actually, I can answer that question for you. The offence has the following three elements: (i) The accused stole a vehicle; (ii) Immediately before or at the time of the theft, the accused: (a) Used force on any person; or (b) Put any person in fear that s/he or another person would, then and there, be subject to the use of force; or (c) Sought to put any person in fear that s/he or another person would, then and there, be subject to the use of force; and (iii) The accused did so in order to commit the theft (Crimes Act 1958 s 79(1)). Answer only this question: In a large shopping centre, Soraya stands in one spot near the central atrium all afternoon, turning only her head and eyes to keep Felix in view as he walks between different levels and stores. She never changes her physical position. On these facts, does Soraya follow Felix?",0,The Crimes Act 1958 s 79(1) states that the offences of stealing are punishable by a maximum term of five years in prison and a fine of between 20 and 25 pounds.,516b3f3365fba5cbf575839e509e2630ed5a864abfbe324e7ab4b60238cf2b2e,3924.887246079998,24be6c646a4ea264c39ae10db97e996e064882fdf0ad636638f2c6faa4a75e46
83,"Angry at Leo, Martina repeatedly dumps dead flowers and threatening notes on his doorstep and also tags him in public posts accusing him of crimes, hoping his employer will see them. Which two separate stalking acts in statutes best capture this pattern? The following information is irrelevant to answering the question: In 2013, Leo was convicted of “manslaughter by unlawful and dangerous act.” During the trial, a jury member asked the judge the following question: “Under Victorian law, what is the first element of an unlawful and dangerous act causing death and what does it entail? And also, what are the other elements to this offence? And how is it different to negligent manslaughter?”",0,"Victorian criminal law states that if the defendant intentionally causes death, then the offender must be negligent in the event of the offence.",516b3f3365fba5cbf575839e509e2630ed5a864abfbe324e7ab4b60238cf2b2e,3924.887246079998,24be6c646a4ea264c39ae10db97e996e064882fdf0ad636638f2c6faa4a75e46
84,"Mary is Rafa’s mother. Twelve-year-old Rafa has been especially naughty this week: on Monday he threw water on his brother Gregory, and on Tuesday he stole his sister’s watch. On Wednesday, as punishment, Mary confines Rafa to his room for an hour. What are the citations of the cases suggesting that Mary’s treatment of Rafa is lawful? As an aside, let's talk about Mary’s childhood. When Mary was younger, she was part of a violent gang. She would roam the streets carrying a cricket bat, and when elderly women walked past, Mary would swing the bat towards them, never actually hitting them but bringing it close enough to make them believe they were about to be struck. One day, Mary was caught by the police. She was charged with assault not involving the application of force but was never convicted because the prosecution couldn’t prove the first element of the offence.",0,"Mary was a violent gang member that carried a cricket bat, and when elderly women walked past, Mary would swing the bat towards them, never actually hitting them but bringing it close enough to make them believe they were about to be struck.",516b3f3365fba5cbf575839e509e2630ed5a864abfbe324e7ab4b60238cf2b2e,3924.887246079998,24be6c646a4ea264c39ae10db97e996e064882fdf0ad636638f2c6faa4a75e46
85,"After an argument at home, 15-year-old Felix storms out and gets into the car of his aunt, Rosa, who takes him to stay at her house. Rosa used no trickery or threats, but she knows Felix’s parents want him back and tells him, “You can stay here as long as you like.” On these facts, is Rosa’s conduct closer to taking a child or harbouring a child under the Victorian law?",0,"Rosa used no trickery or threats, but she knows Felix’s parents want him back and tells him, “You can stay here as long as you like.”",516b3f3365fba5cbf575839e509e2630ed5a864abfbe324e7ab4b60238cf2b2e,3924.887246079998,24be6c646a4ea264c39ae10db97e996e064882fdf0ad636638f2c6faa4a75e46
86,"A 13-year-old, Hamish, orders a rideshare to a friend’s house after a fight with his parents. The driver, Zoe, picks him up outside his home, asks “Are your parents okay with you going?”, gets a vague shrug, but offers no encouragement and simply follows the entered destination. On these facts, has Zoe taken Hamish away?",0,"A 13-year-old boy, Hamish, orders a rideshare to a friend’s house after a fight with his parents. The driver, Zoe, picks him up outside his home, asks “Are your parents okay with you going?”, gets a vague shrug, but offers no encouragement and simply follows the entered destination. On these facts, has Zoe taken Hamish away?",516b3f3365fba5cbf575839e509e2630ed5a864abfbe324e7ab4b60238cf2b2e,3924.887246079998,24be6c646a4ea264c39ae10db97e996e064882fdf0ad636638f2c6faa4a75e46
87,"During a gig, Luca quietly picks up someone else’s guitar, uses it for his set, then returns it to exactly the same spot before the owner notices. He always planned to put it back. On these facts alone, has Luca formed the mental element for theft?",0,"During a gig, Luca quietly picks up someone else’s guitar, uses it for his set, then returns it to exactly the same spot before the owner notices. He always planned to put it back. On these facts alone, has Lucat formed the mental element for theft?",516b3f3365fba5cbf575839e509e2630ed5a864abfbe324e7ab4b60238cf2b2e,3924.887246079998,24be6c646a4ea264c39ae10db97e996e064882fdf0ad636638f2c6faa4a75e46
88,How does the definition of “dishonesty” under Commonwealth law differ from that used in Victorian law?,0,"The definition of ""dishonesty"" under the Commonwealth law is that a person has done something with the public's trust or good faith to do something they have not done before.",516b3f3365fba5cbf575839e509e2630ed5a864abfbe324e7ab4b60238cf2b2e,3924.887246079998,24be6c646a4ea264c39ae10db97e996e064882fdf0ad636638f2c6faa4a75e46
89,What is a good?,0,A good law is a law that provides the information needed for the purpose of criminal justice.,516b3f3365fba5cbf575839e509e2630ed5a864abfbe324e7ab4b60238cf2b2e,3924.887246079998,24be6c646a4ea264c39ae10db97e996e064882fdf0ad636638f2c6faa4a75e46
90,"Kai forces the owner of a vacant farm to leave, then lives there rent-free for six months, locking everyone else out of the gate and using it as his own space. For the purposes of handling stolen goods, does Kai’s wrongful occupation turn the land itself into “stolen goods”?",0,A landlord who leaves a vacant farm for six months will be entitled to a rent-free rent-to-own lease on the land.,516b3f3365fba5cbf575839e509e2630ed5a864abfbe324e7ab4b60238cf2b2e,3924.887246079998,24be6c646a4ea264c39ae10db97e996e064882fdf0ad636638f2c6faa4a75e46
91,Carmen submits a valuation certificate for 500 crates of “premium truffles” that don’t exist and uses it to support a finance application. Which case has been treated as authority that a valuation of non-existent goods is fraudulent in this way?,0,Carmen submits a valuation certificate for 500 crates of “premium truffles” that don’t exist and uses it to support a finance application. Which case has been treated as authority that a value of non-existent goods is fraudulent in this way?,516b3f3365fba5cbf575839e509e2630ed5a864abfbe324e7ab4b60238cf2b2e,3924.887246079998,24be6c646a4ea264c39ae10db97e996e064882fdf0ad636638f2c6faa4a75e46
92,"One element of theft is an intention to permanently deprive the owner of property. Nicholas threatens to smash his neighbour’s car unless she pays him $500 “for the damage you did last year,” an amount she genuinely owes. He intends to keep the $500 permanently but makes no claim over any other property. On these facts, which offence does his state of mind more clearly support – theft or blackmail – and why?",0,"The Victorian Criminal Code is a system of laws which regulates the seizure of property, possession of a vehicle or the possession of property.",516b3f3365fba5cbf575839e509e2630ed5a864abfbe324e7ab4b60238cf2b2e,3924.887246079998,24be6c646a4ea264c39ae10db97e996e064882fdf0ad636638f2c6faa4a75e46
93,"Rafi, a former executive of a publicly traded company, phones the current CEO and says, “Transfer $1 million to my account or I’ll leak information that will seriously damage your company's valuation.” Years earlier, Rafi was convicted of assault not involving force. Under Victorian law, what technical label best fits this kind of threat, and which reported case in your materials is cited as authority for treating market-damage threats in this way?",0,"The Australian Constitution states that a person who has committed a crime in Victoria, or an individual convicted of a criminal offence, must pay a fine of at least $500,000 or imprisonment of up to three years.",516b3f3365fba5cbf575839e509e2630ed5a864abfbe324e7ab4b60238cf2b2e,3924.887246079998,24be6c646a4ea264c39ae10db97e996e064882fdf0ad636638f2c6faa4a75e46
94,"Josh deliberately and dishonestly destroys physical bank documents that record a loan he still owes, hoping to improve his own financial position. Which specific offence best captures Josh's conduct?",0,The Victorian Criminal Code states that a banker must destroy a physical bank document in order to get a loan.,516b3f3365fba5cbf575839e509e2630ed5a864abfbe324e7ab4b60238cf2b2e,3924.887246079998,24be6c646a4ea264c39ae10db97e996e064882fdf0ad636638f2c6faa4a75e46
95,"Marco transfers cryptocurrency through multiple wallets to make it harder to trace, fully aware it came from a fraud scheme. Under the Victorian “dealing with proceeds of crime” offences, which physical element is clearly satisfied by his conduct, and which highest mental state could be charged on these facts?",0,"Victorian “dealing with proceeds of crime” offences, which physical element is clearly satisfied by his conduct, and which highest mental state could be charged on these facts",516b3f3365fba5cbf575839e509e2630ed5a864abfbe324e7ab4b60238cf2b2e,3924.887246079998,24be6c646a4ea264c39ae10db97e996e064882fdf0ad636638f2c6faa4a75e46
96,"Smith is a dealer, and so is his friend Walter. After some haggling, they agree to swap a quantity of Smith’s cocaine for Walter’s ice. Which case is specifically cited to show that this type of deal amounts to trafficking?",0,The Victorian Criminal Law was established in 1814 by the Treaty of Edinburgh. It concerned the trading of goods between a dealer and a merchant. A dealer is someone who has a legitimate interest in the commodity and has the right to make a profit. A merchant is someone with a valid interest in a commodity. The court of appeals ruled that the trade was trafficking. The case that followed is specific to this type of deal amounts to traffic,516b3f3365fba5cbf575839e509e2630ed5a864abfbe324e7ab4b60238cf2b2e,3924.887246079998,24be6c646a4ea264c39ae10db97e996e064882fdf0ad636638f2c6faa4a75e46
97,"Over six months, Minh alternates between weeks of intense dealing and long quiet stretches with no proven activity. The transactions involve different drugs, buyers and locations, but all are commercial. The indictment alleges he “trafficked” by carrying on a business over that whole period. What must the jury be satisfied of, given the patchy pattern of conduct?",0,a person is caught stealing drugs,516b3f3365fba5cbf575839e509e2630ed5a864abfbe324e7ab4b60238cf2b2e,3924.887246079998,24be6c646a4ea264c39ae10db97e996e064882fdf0ad636638f2c6faa4a75e46
98,"“The salt of the abovementioned drugs, derivates and _______” Which word goes in the blank and which act does this phrase belong to?",0,Victorian criminal law.,516b3f3365fba5cbf575839e509e2630ed5a864abfbe324e7ab4b60238cf2b2e,3924.887246079998,24be6c646a4ea264c39ae10db97e996e064882fdf0ad636638f2c6faa4a75e46
99,"After a grave insult, Jordan cools off for several hours, then calmly returns and kills. Which state of mind required for provocation is missing on these facts, and what is the technical term for it?",0,Provocation is a violent act of violent aggression.,516b3f3365fba5cbf575839e509e2630ed5a864abfbe324e7ab4b60238cf2b2e,3924.887246079998,24be6c646a4ea264c39ae10db97e996e064882fdf0ad636638f2c6faa4a75e46
100,"“There was an agreement between the accused and the deceased to seek the _____ of all parties to the agreement.” What is the missing word, and where is this specific phrase used?",0,A criminal case is a legal argument between two or more parties to a crime. A criminal complaint is essentially a criminal complaint. An agreement is an agreement between an accused and the deceased to seek the _____ of all parties to the agreement.,516b3f3365fba5cbf575839e509e2630ed5a864abfbe324e7ab4b60238cf2b2e,3924.887246079998,24be6c646a4ea264c39ae10db97e996e064882fdf0ad636638f2c6faa4a75e46
1,"Bob and Ted are close friends. Ted is on trial for drug offences, and Bob has been selected as a juror in Ted’s case. Is the judge required to excuse Bob from serving on the jury?",1,Bob has been selected as a juror in Ted’s case. The judge must have given Bob the option to serve on the jury.,516b3f3365fba5cbf575839e509e2630ed5a864abfbe324e7ab4b60238cf2b2e,3924.887246079998,24be6c646a4ea264c39ae10db97e996e064882fdf0ad636638f2c6faa4a75e46
2,"Harry is serving as a juror in a burglary trial. He is also a professional locksmith. During the proceedings, Harry is shown a lock which, in his expert view, is too damaged to have been lockpicked in the manner described in court. Why might Harry's expert knowledge of lockpicking be irrelevant when assessing the physical evidence?",1,"The legal evidence may be a very incomplete or incomplete document, such as a report.",516b3f3365fba5cbf575839e509e2630ed5a864abfbe324e7ab4b60238cf2b2e,3924.887246079998,24be6c646a4ea264c39ae10db97e996e064882fdf0ad636638f2c6faa4a75e46
3,"Isaac is on trial for statutory murder of an emergency worker. You are his barrister. Should you notify the jury that, according to the Crimes Act 1958, the standard sentence for this offence is 30 years imprisonment?",1,The standard sentence for statutory murder of an emergency worker is 30 years imprisonment.,516b3f3365fba5cbf575839e509e2630ed5a864abfbe324e7ab4b60238cf2b2e,3924.887246079998,24be6c646a4ea264c39ae10db97e996e064882fdf0ad636638f2c6faa4a75e46
4,Should jurors be excused if they have encountered news stories about the accused prior to the trial commencing?,1,The term 'embarrassed' means a person who has been found guilty of a crime.,516b3f3365fba5cbf575839e509e2630ed5a864abfbe324e7ab4b60238cf2b2e,3924.887246079998,24be6c646a4ea264c39ae10db97e996e064882fdf0ad636638f2c6faa4a75e46
5,"Frank and Joe are jurors in an arson trial. Over the weekend, Joe finds photos of the accused holding a petrol canister and texts them to Frank. Having received this new information, what should Frank do?",1,Frank must find out how to dispose of the canister.,516b3f3365fba5cbf575839e509e2630ed5a864abfbe324e7ab4b60238cf2b2e,3924.887246079998,24be6c646a4ea264c39ae10db97e996e064882fdf0ad636638f2c6faa4a75e46
6,Does the standard of proof of “beyond reasonable doubt” imply that the jury must be fully convinced of every claim the prosecution has made?,1,"The QC ruled that ""the jury must be fully convinced of every claim the prosecution has made.""",516b3f3365fba5cbf575839e509e2630ed5a864abfbe324e7ab4b60238cf2b2e,3924.887246079998,24be6c646a4ea264c39ae10db97e996e064882fdf0ad636638f2c6faa4a75e46
7,"Sally is accused of cultivating narcotic plants in her backyard. One of the elements of this charge is that “the accused intentionally cultivated or attempted to cultivate a particular substance.” To establish whether this is the case, the judge believes it would be valuable to visit Sally’s backyard and have the jury examine it for themselves. What is the name of the legal procedure whereby the court travels to a location relevant to the charge?",1,A criminal-law guide can refer to:,516b3f3365fba5cbf575839e509e2630ed5a864abfbe324e7ab4b60238cf2b2e,3924.887246079998,24be6c646a4ea264c39ae10db97e996e064882fdf0ad636638f2c6faa4a75e46
8,"Josh is 21 years old. He witnessed a murder that was clearly perpetrated by the accused. The prosecution, however, needs to determine whether the accused committed the acts voluntarily, thus satisfying the elements of intentional or reckless murder. In court, the judge plays a recording of Josh giving his eyewitness testimony. What is this evidentiary process called?",1,"The prosecution, however, needs to determine whether the accused committed the acts voluntarily, thus satisfying the elements of intentional or reckless murder. In court, the judge plays a recording of Josh giving his eyewitness testimony.",516b3f3365fba5cbf575839e509e2630ed5a864abfbe324e7ab4b60238cf2b2e,3924.887246079998,24be6c646a4ea264c39ae10db97e996e064882fdf0ad636638f2c6faa4a75e46
9,"Olivia illegally bought cannabis from a tobacconist. As she left, she saw a man firebomb the store. She is now a witness in the arson trial. What legal privilege should she consider when giving her evidence?",1,The right to witness the arson trial is an important one for witnesses.,516b3f3365fba5cbf575839e509e2630ed5a864abfbe324e7ab4b60238cf2b2e,3924.887246079998,24be6c646a4ea264c39ae10db97e996e064882fdf0ad636638f2c6faa4a75e46
10,Emma is found in possession of someone else’s phone but has no documentation of how she obtained it. Emma’s counsel argues that possession of the phone is circumstantial evidence and thus completely inadmissible to establish guilt. Is Emma’s counsel correct?,1,Emma’s counsel argues that possession of the phone is circumstantial evidence and thus completely inadmissible to establish guilt.,516b3f3365fba5cbf575839e509e2630ed5a864abfbe324e7ab4b60238cf2b2e,3924.887246079998,24be6c646a4ea264c39ae10db97e996e064882fdf0ad636638f2c6faa4a75e46
11,"John is on trial for an unnamed offence. John testifies that he could not have committed the offence because he was at an arcade 10 miles away when the offence took place. Earlier, the jury accepted arcade tickets as evidence of John's alibi. John’s counsel now argues that, given this plausible alibi, John could not have committed the crime. What type of reasoning is this an example of?",1,A court can decide whether the person has been convicted of a crime. The jury can then make a ruling on a case against the person.,516b3f3365fba5cbf575839e509e2630ed5a864abfbe324e7ab4b60238cf2b2e,3924.887246079998,24be6c646a4ea264c39ae10db97e996e064882fdf0ad636638f2c6faa4a75e46
12,Does Victoria have a law/laws protecting against double jeopardy?,1,Double jeopardy is the use of a person to perform an act in order to prevent another person from being arrested and prosecuted for another act.,516b3f3365fba5cbf575839e509e2630ed5a864abfbe324e7ab4b60238cf2b2e,3924.887246079998,24be6c646a4ea264c39ae10db97e996e064882fdf0ad636638f2c6faa4a75e46
13,"Sophie and Hazel are two of twelve jurors in a trial. Both are uncertain of their verdict, while the remaining ten jurors believe the accused is guilty. The jury is becoming frustrated with Sophie and Hazel's indecision, but the judge instructs the jury to continue deliberating. What is this instruction called?",1,The judge instructs the jury to continue deliberating.,516b3f3365fba5cbf575839e509e2630ed5a864abfbe324e7ab4b60238cf2b2e,3924.887246079998,24be6c646a4ea264c39ae10db97e996e064882fdf0ad636638f2c6faa4a75e46
14,"Tim is on trial for aggravated burglary. Before Tim gives evidence, his counsel calls another witness to testify first. Why might this be a bad idea for the defence?",1,The defendants cannot testify at the trial and the defence can not afford to give evidence.,516b3f3365fba5cbf575839e509e2630ed5a864abfbe324e7ab4b60238cf2b2e,3924.887246079998,24be6c646a4ea264c39ae10db97e996e064882fdf0ad636638f2c6faa4a75e46
15,Paul is 12 years old. He is a witness in a trial related to a common law riot. You are counsel for the accused. Should you argue that Paul’s is fundamentally untrustworthy because of his age?,1,You can argue that Paul’s age is fundamentally untrustworthy because of his age.,516b3f3365fba5cbf575839e509e2630ed5a864abfbe324e7ab4b60238cf2b2e,3924.887246079998,24be6c646a4ea264c39ae10db97e996e064882fdf0ad636638f2c6faa4a75e46
16,Can the defence use good character evidence to argue the accused is innocent?,1,"In the Victorian criminal law guide, a good character evidence can be used in the trial of a defendant to prove innocence.",516b3f3365fba5cbf575839e509e2630ed5a864abfbe324e7ab4b60238cf2b2e,3924.887246079998,24be6c646a4ea264c39ae10db97e996e064882fdf0ad636638f2c6faa4a75e46
17,Can the prosecution freely use bad character evidence to argue the accused is guilty?,1,A Victorian criminal-law guide argues that bad character evidence must be used to demonstrate guilt.,516b3f3365fba5cbf575839e509e2630ed5a864abfbe324e7ab4b60238cf2b2e,3924.887246079998,24be6c646a4ea264c39ae10db97e996e064882fdf0ad636638f2c6faa4a75e46
18,"Sam is on trial for murdering her neighbour. The prosecution presents a text from Sam to a friend saying, “I murdered my neighbour today.” What must be established for this text to be treated as an admission?",1,Sam’s neighbour is a person who was murdered in her home by a stranger and her neighbour.,516b3f3365fba5cbf575839e509e2630ed5a864abfbe324e7ab4b60238cf2b2e,3924.887246079998,24be6c646a4ea264c39ae10db97e996e064882fdf0ad636638f2c6faa4a75e46
19,"Omar is charged with intentionally causing serious injury. In a recorded interview, he admits being at the scene and pushing the complainant but denies using a weapon or intending serious harm. At trial, the prosecution asks the jury to accept the incriminating parts of the interview but treat his denial of using a weapon as lies. Does this necessarily involve ‘consciousness of guilt’ reasoning?",1,The defendant must be a person of legal background and have been in the public eye for at least 30 years.,516b3f3365fba5cbf575839e509e2630ed5a864abfbe324e7ab4b60238cf2b2e,3924.887246079998,24be6c646a4ea264c39ae10db97e996e064882fdf0ad636638f2c6faa4a75e46
20,"Liam is on trial for arson. His sister gives evidence that, at a family dinner, she said, “The police think you set fire to Dad’s shed. You didn’t do it, did you?” Liam, who had been speaking normally, then went silent and looked down. Can this be used as evidence probative of guilt?",1,Liam was convicted of arson and has been sentenced to life in prison.,516b3f3365fba5cbf575839e509e2630ed5a864abfbe324e7ab4b60238cf2b2e,3924.887246079998,24be6c646a4ea264c39ae10db97e996e064882fdf0ad636638f2c6faa4a75e46
21,"At Zoe’s assault trial, the prosecution argues that her blank, expressionless stare at photos of the injured complainant indicates guilt. Is this argument sound?",1,Zoe has a legal duty to keep a clear record of what she did.,516b3f3365fba5cbf575839e509e2630ed5a864abfbe324e7ab4b60238cf2b2e,3924.887246079998,24be6c646a4ea264c39ae10db97e996e064882fdf0ad636638f2c6faa4a75e46
22,The defence raises the issue of mental impairment and bears the onus of proving it. There is a psychiatrist who has examined the accused. Is the prosecution required to call this psychiatrist as a witness?,1,The defence raises the issue of mental impairment and bears the onus of proving it. The defence must refer to the psychiatrist who has examined the accused.,516b3f3365fba5cbf575839e509e2630ed5a864abfbe324e7ab4b60238cf2b2e,3924.887246079998,24be6c646a4ea264c39ae10db97e996e064882fdf0ad636638f2c6faa4a75e46
23,"Sarah is tried for armed robbery. She does not give or call any evidence. In closing, the prosecution avoids mentioning her silence directly but repeatedly stresses that “only the prosecution’s account is supported by evidence.” Is this submission by the prosecution permissible?",1,The Court of Victoria may require that evidence be presented in the form of a statement of facts.,516b3f3365fba5cbf575839e509e2630ed5a864abfbe324e7ab4b60238cf2b2e,3924.887246079998,24be6c646a4ea264c39ae10db97e996e064882fdf0ad636638f2c6faa4a75e46
24,"In a criminal trial, defence counsel fails to challenge an important part of a prosecution witness’s evidence and later runs a case theory inconsistent with that evidence. The prosecution complains that this has caused unfairness. As the trial judge, how should you decide what to do about it?",1,"In the Victorian criminal-law guide, the court has the duty to examine evidence in a fair and impartial manner and to take into account the circumstances and circumstances of the trial.",516b3f3365fba5cbf575839e509e2630ed5a864abfbe324e7ab4b60238cf2b2e,3924.887246079998,24be6c646a4ea264c39ae10db97e996e064882fdf0ad636638f2c6faa4a75e46
25,"In an armed robbery trial, a shop assistant who has served the accused every week for years is shown still images from CCTV and says, “Based on how he looks, that’s the same customer who comes into my store.” What type of identification evidence is this an example of?",1,CCTV images have been used to show the identity of the customer in a robbery case.,516b3f3365fba5cbf575839e509e2630ed5a864abfbe324e7ab4b60238cf2b2e,3924.887246079998,24be6c646a4ea264c39ae10db97e996e064882fdf0ad636638f2c6faa4a75e46
26,"One of the elements of aggravated carjacking is the use of a weapon or causing injury to another person (Crimes Act 1958 s 79A). Smith witnesses an aggravated carjacking late at night. He sees the offender wield a weapon but does not get a good look at their face. A year later, he positively identifies the accused, saying he “recognised him immediately from the daytime photo the police showed me last year.” What cognitive bias, about which the jury is educated, may be relevant in this case?",1,A person may not be aware of the danger of a weapon or causing injury to another person.,516b3f3365fba5cbf575839e509e2630ed5a864abfbe324e7ab4b60238cf2b2e,3924.887246079998,24be6c646a4ea264c39ae10db97e996e064882fdf0ad636638f2c6faa4a75e46
27,"You are the trial judge in a child stealing case. During the trial, the prosecutor briefly mentions that the image used for recognising the accused was taken before the accused was detained but gives no further explanation. What are judges instructed to do in this situation?",1,The prosecutor briefly mentions that the image used for recognising the accused was taken before the accused's detention but gives no further explanation.,516b3f3365fba5cbf575839e509e2630ed5a864abfbe324e7ab4b60238cf2b2e,3924.887246079998,24be6c646a4ea264c39ae10db97e996e064882fdf0ad636638f2c6faa4a75e46
28,"Harvey is on trial for dangerous driving causing serious injury. Priya, a mechanic with 15 years’ experience, inspects the damaged vehicles and wants to tell the jury that, in her opinion, the pattern of damage shows Harvey was travelling at “at least 110 km/h” before impact. Are Priya’s comments inadmissible because they are opinion evidence?",1,Priya’s comments are inadmissible because they are opinion evidence.,516b3f3365fba5cbf575839e509e2630ed5a864abfbe324e7ab4b60238cf2b2e,3924.887246079998,24be6c646a4ea264c39ae10db97e996e064882fdf0ad636638f2c6faa4a75e46
29,"Chris is on trial for intentionally or recklessly causing a bushfire. His counsel says he was carrying out a “cool burn.” Talia, a First Nations woman, is called to explain First Nations practices. Is Talia’s evidence admissible?",1,Talia’s evidence is to be used to help explain First Nations practices.,516b3f3365fba5cbf575839e509e2630ed5a864abfbe324e7ab4b60238cf2b2e,3924.887246079998,24be6c646a4ea264c39ae10db97e996e064882fdf0ad636638f2c6faa4a75e46
30,"Noah is on trial for killing his father, who had been violent towards Noah’s mother for decades. The defence calls an expert to describe how poverty, lack of access to services, and cultural stigma around separation can trap families in violent homes. Is this expert's evidence admissible?",1,"The expert’s evidence is a written, verbal description of the situation, and the expert’ll need to describe how Noah’s mother was abused by her father.",516b3f3365fba5cbf575839e509e2630ed5a864abfbe324e7ab4b60238cf2b2e,3924.887246079998,24be6c646a4ea264c39ae10db97e996e064882fdf0ad636638f2c6faa4a75e46
31,"Police have detained and taken DNA samples from three of four full siblings in a carjacking investigation: Chloe (female, 24), Sam (female, 23), and Joseph (male, 22). The fourth sibling, Kyle (male, 22), was not detained or sampled. Mitochondrial DNA testing of a crime scene sample links all three sampled siblings to the scene. Y-STR testing (which examines Y-chromosome DNA passed from father to son) links Joseph to the scene. Nuclear DNA testing also links Joseph to the scene. Is this information sufficient to reasonably link Joseph to the crime scene?",1,DNA testing of a crime scene sample links all three sampled siblings to the scene. Y-STR testing (which examines Y–chromosome DNA passed from father to son) links Joseph to the crime scene. Nuclear DNA testing also links Joseph with the scene,516b3f3365fba5cbf575839e509e2630ed5a864abfbe324e7ab4b60238cf2b2e,3924.887246079998,24be6c646a4ea264c39ae10db97e996e064882fdf0ad636638f2c6faa4a75e46
32,"Police have detained and taken DNA samples from three of four full siblings in a carjacking investigation: Chloe (female, 24), Sam (female, 23), and Joseph (male, 22). The fourth sibling, Kylie (female, 22), was not detained or sampled. Mitochondrial DNA testing of a crime scene sample links all three sampled siblings to the scene. Y-STR testing (which examines Y-chromosome DNA passed from father to son) links Joseph to the scene. Nuclear DNA testing also links Joseph to the scene. Is this information sufficient to reasonably link Joseph to the crime scene?",1,The Australian Court of Human Rights had ruled that DNA testing of a crime scene sample links Joseph to the scene.,516b3f3365fba5cbf575839e509e2630ed5a864abfbe324e7ab4b60238cf2b2e,3924.887246079998,24be6c646a4ea264c39ae10db97e996e064882fdf0ad636638f2c6faa4a75e46
33,Is the right to silence based solely on common law?,1,"The right to silence is based on common law, which is the principle of law.",516b3f3365fba5cbf575839e509e2630ed5a864abfbe324e7ab4b60238cf2b2e,3924.887246079998,24be6c646a4ea264c39ae10db97e996e064882fdf0ad636638f2c6faa4a75e46
34,"Daniel is questioned by police about an armed robbery. He gives his name and age but answers “no comment” when asked where he was at 1 am and who he was with. He is now on trial, and you are the prosecutor. Should you invite the jury to treat his selective silence as evidence of guilt?",1,Daniel has only just told the police that he was on trial.,516b3f3365fba5cbf575839e509e2630ed5a864abfbe324e7ab4b60238cf2b2e,3924.887246079998,24be6c646a4ea264c39ae10db97e996e064882fdf0ad636638f2c6faa4a75e46
35,"At dinner, Kim and Frank watch a news story about a drive-by shooting. Kim says the car looks like Frank’s and asks, “That’s not your car, is it, Frank?” Frank stays silent. Frank is now on trial. Why is it important for the prosecution that Kim is not a government authority?",1,"Kim is not a government authority, but an expert in a criminal law practice.",516b3f3365fba5cbf575839e509e2630ed5a864abfbe324e7ab4b60238cf2b2e,3924.887246079998,24be6c646a4ea264c39ae10db97e996e064882fdf0ad636638f2c6faa4a75e46
36,"Kim and Frank are at a Christmas party and are watching a news story about a recent drive-by shooting. Kim thinks the car looks like Frank’s and asks, “That’s not your car, is it?” Frank stays silent. A few minutes later, the police shut down the party due to noise complaints. Later, Frank is on trial for offences related to the same drive-by shooting. Why is it important to the defence that the party was loud?",1,A police officer would not have been able to prevent a traffic stop if the car was still in the vehicle.,516b3f3365fba5cbf575839e509e2630ed5a864abfbe324e7ab4b60238cf2b2e,3924.887246079998,24be6c646a4ea264c39ae10db97e996e064882fdf0ad636638f2c6faa4a75e46
37,"Rachel is on trial for poisoning her business partner with mushrooms. There is no direct proof Rachel possessed poisonous mushrooms, but the prosecution shows that: (1) two weeks before the death she searched for a specific species of poisonous mushroom; (2) she had a manual for dehydration equipment that can mask the taste of mushrooms; and (3) toxicology shows her partner was poisoned by that same species. The prosecution argues it is highly improbable all of this is coincidental, if the death were an accident. What kind of inferential reasoning or type of evidence is the prosecution asking the jury to use?",1,"The prosecution argues it is highly improbable all of this is coincidental, if the death were an accident.",516b3f3365fba5cbf575839e509e2630ed5a864abfbe324e7ab4b60238cf2b2e,3924.887246079998,24be6c646a4ea264c39ae10db97e996e064882fdf0ad636638f2c6faa4a75e46
38,Daisy witnessed a murder in her prison and is called by the prosecution to give evidence. Is she a “prison informer”?,1,"A criminal informer is a person who is not guilty of a crime or is involved in a criminal investigation. A criminal informant is merely a speculative agent who is likely to be present during a murder, and not a witness to a particular crime.",516b3f3365fba5cbf575839e509e2630ed5a864abfbe324e7ab4b60238cf2b2e,3924.887246079998,24be6c646a4ea264c39ae10db97e996e064882fdf0ad636638f2c6faa4a75e46
39,"Emma is committed for trial on 1 March. On 25 March, she first tells her lawyer she was at a movie with her sister at the time of the alleged offence and wants both to give evidence, but no notice has been filed. What procedural step is required before Emma, or her sister can give evidence that she was at the movie rather than at the scene of the offence?",1,Emma’s lawyer can decide on this in the court.,516b3f3365fba5cbf575839e509e2630ed5a864abfbe324e7ab4b60238cf2b2e,3924.887246079998,24be6c646a4ea264c39ae10db97e996e064882fdf0ad636638f2c6faa4a75e46
40,"Alex is charged with a robbery at a shopping centre at 8:15 pm. He leads evidence that he was having dinner with friends at a restaurant across town at that time, and the jury thinks there is a real chance this is true. Ignoring the standard elements of robbery, what more needs to be proven to establish Alex’s guilt?",1,Alex has a reasonable chance that he is having dinner with friends at a restaurant across town at that time.,516b3f3365fba5cbf575839e509e2630ed5a864abfbe324e7ab4b60238cf2b2e,3924.887246079998,24be6c646a4ea264c39ae10db97e996e064882fdf0ad636638f2c6faa4a75e46
41,"Liam and Noah plan to break into a warehouse to steal electronics. Liam agrees to act as the lookout while Noah goes inside; during the burglary, Noah violently assaults a security guard. Liam is later charged as a secondary party to the assault. Under Victorian law, on what basis could Liam be found “involved in the commission” of the assault, even though he only agreed to help with the burglary?",1,Liam is charged as a secondary party to the assault.,516b3f3365fba5cbf575839e509e2630ed5a864abfbe324e7ab4b60238cf2b2e,3924.887246079998,24be6c646a4ea264c39ae10db97e996e064882fdf0ad636638f2c6faa4a75e46
42,"Courtney and Tom agree to sell what they think is a harmless “party pill” to strangers at a music festival. The pills are in fact a controlled drug, and the conduct clearly amounts to a criminal offence. For Courtney to be liable on the basis of this agreement, must the prosecution prove that she knew the substance was illegal?",1,"Courtney and Tom agree to sell what they think is a harmless “party pill” to strangers at a music festival. The pills are in fact a controlled drug, and the conduct clearly amounts to a criminal offence. For Courtney to be liable on the basis of this agreement, must the prosecution prove that she knew the substance was illegal?",516b3f3365fba5cbf575839e509e2630ed5a864abfbe324e7ab4b60238cf2b2e,3924.887246079998,24be6c646a4ea264c39ae10db97e996e064882fdf0ad636638f2c6faa4a75e46
43,"Noah convinces his 12-year-old nephew to deliver a sealed package to an address, telling him it contains “books for a friend,” when in fact Noah has filled the package with prohibited drugs. The nephew has no idea what is inside and believes he’s doing a harmless favour. If police intercept the drugs, can Noah be liable as a principal offender for drug trafficking?",1,The statutory duty of care of a principal offender in the case of an offence is to be paid if the defendant has done nothing wrong or is a convicted offender.,516b3f3365fba5cbf575839e509e2630ed5a864abfbe324e7ab4b60238cf2b2e,3924.887246079998,24be6c646a4ea264c39ae10db97e996e064882fdf0ad636638f2c6faa4a75e46
44,"Jordan is a factory worker; Mia is his supervisor. They’re both charged with a Commonwealth conspiracy to commit an offence that requires an employer to ensure the safety of employees at a hazardous worksite. Two company directors, alleged to be the other parties to the agreement, have already been acquitted of the conspiracy. In these circumstances, can Jordan be found guilty of the conspiracy?",1,Jordan is a factory worker; Mia is his supervisor. They’re both charged with a Commonwealth conspiracy to commit an offence that requires an employer to ensure the safety of employees at a hazardous worksite.,516b3f3365fba5cbf575839e509e2630ed5a864abfbe324e7ab4b60238cf2b2e,3924.887246079998,24be6c646a4ea264c39ae10db97e996e064882fdf0ad636638f2c6faa4a75e46
45,"Clyde, who has schizophrenia, assaults a stranger while experiencing delusions. He knows he is hitting a person but believes they are a “demon.” Does his mental illness, or his failure to appreciate the wrongfulness of his conduct, necessarily make his act involuntary?",1,A delusion is a mental condition which occurs in the person’s mind. It is characterized by an unrelenting desire to be involved in a situation that would result in an unwelcome intrusion into his or her mind. Delusions are the result of mental illness or failure to appreciate the wrongfulness of his conduct. The act of hitting a stranger can be considered involuntary. Involuntament can also refer,516b3f3365fba5cbf575839e509e2630ed5a864abfbe324e7ab4b60238cf2b2e,3924.887246079998,24be6c646a4ea264c39ae10db97e996e064882fdf0ad636638f2c6faa4a75e46
46,"Jonah is driving when he suddenly suffers an unexpected convulsion, causing his leg to slam down on the accelerator and his car to mount the curb and hit a pedestrian. If the only cause of the collision was this sudden bodily movement during the convulsion, how should a court characterise his physical act for the purpose of criminal liability?",1,"Jonah is a car driver and has an emergency convulsion. If his leg slams down on the accelerator, the car will not be able to start. Jonah can only drive in a single carriageway. If the only cause of the collision was his physical act during the convulsation, then he should be considered a liability.",516b3f3365fba5cbf575839e509e2630ed5a864abfbe324e7ab4b60238cf2b2e,3924.887246079998,24be6c646a4ea264c39ae10db97e996e064882fdf0ad636638f2c6faa4a75e46
47,"At Andrew’s assault trial, there is no suggestion he was unconscious, seizing, or sleepwalking; all the evidence shows him standing, speaking, and then punching the complainant. Does the prosecution need specific evidence that the punch was voluntary, or can voluntariness be inferred from these circumstances?",1,Andrew was the victim of a fatal accident in which a punch was not voluntary.,516b3f3365fba5cbf575839e509e2630ed5a864abfbe324e7ab4b60238cf2b2e,3924.887246079998,24be6c646a4ea264c39ae10db97e996e064882fdf0ad636638f2c6faa4a75e46
48,"Jacob sets off powerful fireworks in a small, crowded backyard. He later admits he knew people could get hurt but did it anyway. In Victoria, what level of criminal culpability best describes his conduct?",1,A Victorian criminal-law guide describes the relevant rule and its conditions.,516b3f3365fba5cbf575839e509e2630ed5a864abfbe324e7ab4b60238cf2b2e,3924.887246079998,24be6c646a4ea264c39ae10db97e996e064882fdf0ad636638f2c6faa4a75e46
49,"Liam throws a heavy brick off a freeway overpass into peak-hour traffic. He later tells police, “I knew it might hit a car, but I didn’t really think much more about it.” At trial, the prosecution tells the jury that recklessness is established if Liam knew the brick “might” cause harm. Why is this an incorrect statement of the legal test for recklessness in Victoria?",1,Liam knew the brick “might” cause harm.,516b3f3365fba5cbf575839e509e2630ed5a864abfbe324e7ab4b60238cf2b2e,3924.887246079998,24be6c646a4ea264c39ae10db97e996e064882fdf0ad636638f2c6faa4a75e46
50,Abigail is on trial in Victoria for causing serious injury. She argues that the injury was “an accident” because she pushed a door open without looking and it unexpectedly hit someone on the other side. Can Abigail rely on a standalone defence of “accident” in Victoria?,1,Abigail argues that the injury was an accident because she pushed a door open without looking and it unexpectedly hit someone on the other side.,516b3f3365fba5cbf575839e509e2630ed5a864abfbe324e7ab4b60238cf2b2e,3924.887246079998,24be6c646a4ea264c39ae10db97e996e064882fdf0ad636638f2c6faa4a75e46
51,"Ethan punches Marcus once in the head during an argument. Marcus falls, hits his head on the gutter, and dies in hospital two days later. At trial, Ethan admits to killing Marcus by punching him. What elements must still be proved for Ethan to be convicted of murder?",1,"In Victorian criminal law, a felony charge of murder must be proved by evidence which proves that the defendant is guilty of the crime.",516b3f3365fba5cbf575839e509e2630ed5a864abfbe324e7ab4b60238cf2b2e,3924.887246079998,24be6c646a4ea264c39ae10db97e996e064882fdf0ad636638f2c6faa4a75e46
52,"Ethan admits he voluntarily and intentionally killed Marcus, a German Shepherd, without lawful justification. Name ONE element of murder that is missing here.",1,"Ethan confesses he voluntarily and intentionally killed Marcus, a German Shepherd, without lawful justification. Name ONE element of murder that is missing here.",516b3f3365fba5cbf575839e509e2630ed5a864abfbe324e7ab4b60238cf2b2e,3924.887246079998,24be6c646a4ea264c39ae10db97e996e064882fdf0ad636638f2c6faa4a75e46
53,"Ethan, a sane 24-year-old, intentionally killed Marcus, a child, without lawful justification, and the jury accepts this beyond reasonable doubt. Under Victorian law, how could this still not amount to manslaughter or murder?",1,The Victorian criminal law guide states that this was a criminal offence that is punishable by death.,516b3f3365fba5cbf575839e509e2630ed5a864abfbe324e7ab4b60238cf2b2e,3924.887246079998,24be6c646a4ea264c39ae10db97e996e064882fdf0ad636638f2c6faa4a75e46
54,"Harper, a New South Wales resident, shoots Riley in Sydney. Riley is stabilised in an NSW hospital, then transferred to a specialist trauma unit in Melbourne, where complications arise during surgery and he dies 10 days after the shooting. Can Harper be tried in a Victorian court?",1,Harper can be tried in a Victorian court for the murder of Riley.,516b3f3365fba5cbf575839e509e2630ed5a864abfbe324e7ab4b60238cf2b2e,3924.887246079998,24be6c646a4ea264c39ae10db97e996e064882fdf0ad636638f2c6faa4a75e46
55,"Mila fires a gun recklessly into a crowded apartment block corridor, committing the offence of reckless conduct endangering life. One of the bullets kills Jonah. The prosecution seeks to invoke statutory murder. On what basis could this reckless conduct offence be treated as a foundational offence?",1,"Mila fires a gun recklessly into a crowded apartment block corridor, committing the offence of reckless conduct endangering life.",516b3f3365fba5cbf575839e509e2630ed5a864abfbe324e7ab4b60238cf2b2e,3924.887246079998,24be6c646a4ea264c39ae10db97e996e064882fdf0ad636638f2c6faa4a75e46
56,"During an argument outside a bar in 2016, Taylor swings once at Jordan’s jaw; Jordan falls backwards, hits their head on the curb and dies from the head injury. For manslaughter by an unlawful and dangerous act, which element of the offence does Crimes Act 1958 s 4A(4) help the jury assess?",1,"In the Crimes Act 1958, the penalty for manslaughter by an unlawful and dangerous act is death by dangerous act, and that crime cannot be carried out if the offence is committed.",516b3f3365fba5cbf575839e509e2630ed5a864abfbe324e7ab4b60238cf2b2e,3924.887246079998,24be6c646a4ea264c39ae10db97e996e064882fdf0ad636638f2c6faa4a75e46
57,"The accused admits he did not actually think death or really serious injury was likely, but the jury is sure that any reasonable person in his position would have realised they were exposing the victim to an appreciable risk of serious injury. If both reckless murder and manslaughter are left, which verdict does this state of mind support?",1,The court must find that the victim has suffered a serious injury.,516b3f3365fba5cbf575839e509e2630ed5a864abfbe324e7ab4b60238cf2b2e,3924.887246079998,24be6c646a4ea264c39ae10db97e996e064882fdf0ad636638f2c6faa4a75e46
58,"In 2010, Amir and Bella agree to “rough up” a debtor by slapping him around and threatening him, but nothing more. During the confrontation, Bella unexpectedly pulls a knife and fatally stabs the debtor. Amir is charged with manslaughter as a secondary party. If the prosecution relies on the doctrine that extends liability beyond the agreed lesser assault, what must they prove about Amir’s foresight of Bella’s escalation?",1,"Amir and Bella agree to “rough up” a debtor by slapping him around and threatening him, but nothing more. During the confrontation, Bella unexpectedly pulls a knife and fatally stabs the debtor. Amir is charged with manslaughter as a secondary party. If the prosecution relies on the doctrine that extends liability beyond the agreed lesser assault, what must they prove about Amir",516b3f3365fba5cbf575839e509e2630ed5a864abfbe324e7ab4b60238cf2b2e,3924.887246079998,24be6c646a4ea264c39ae10db97e996e064882fdf0ad636638f2c6faa4a75e46
59,"A person is sitting in the back seat of a moving taxi when the taxi strikes a pedestrian at a crossing, killing them instantly. The prosecution later alleges that this rear-seat passenger is guilty of culpable driving causing death because he was driving a motor vehicle at the time of the collision. Is this a sound argument?",1,A driver cannot be guilty of culpable driving causing death if he was driving a motor vehicle at the time of the collision.,516b3f3365fba5cbf575839e509e2630ed5a864abfbe324e7ab4b60238cf2b2e,3924.887246079998,24be6c646a4ea264c39ae10db97e996e064882fdf0ad636638f2c6faa4a75e46
60,"In a culpable driving causing death trial, the prosecution tells the jury: “You cannot find the accused guilty unless you are sure he actually realised his driving fell well below that of an ordinary careful driver; if he was simply unaware of the danger, you must acquit.” Is this an accurate statement of the law?",1,The jury must be sure the accused knew that his driving fell well below that of an ordinary careful driver.,516b3f3365fba5cbf575839e509e2630ed5a864abfbe324e7ab4b60238cf2b2e,3924.887246079998,24be6c646a4ea264c39ae10db97e996e064882fdf0ad636638f2c6faa4a75e46
61,Two friends agree to race their cars along a suburban street. One driver loses control and fatally hits a cyclist; the other does not crash. On what general basis could the second driver still be held responsible for the death?,1,The second driver is liable for the death if the first driver does not crash.,516b3f3365fba5cbf575839e509e2630ed5a864abfbe324e7ab4b60238cf2b2e,3924.887246079998,24be6c646a4ea264c39ae10db97e996e064882fdf0ad636638f2c6faa4a75e46
62,"While driving late at night, Jerry fails to see a cyclist and runs him over, killing him instantly. Jerry was not drunk, reckless or negligent. Why does it matter to the prosecution that Jerry knew his headlights were broken before driving?",1,"Jerry was not drunk, reckless or negligent.",516b3f3365fba5cbf575839e509e2630ed5a864abfbe324e7ab4b60238cf2b2e,3924.887246079998,24be6c646a4ea264c39ae10db97e996e064882fdf0ad636638f2c6faa4a75e46
63,"Asha is Ben’s manager at work. One evening they both freely and voluntarily have sex. Two days after the act, Asha regrets her decision. Does this mean Asha's consent was violated?",1,The law states that Asha's consent was violated by having sex on two occasions.,516b3f3365fba5cbf575839e509e2630ed5a864abfbe324e7ab4b60238cf2b2e,3924.887246079998,24be6c646a4ea264c39ae10db97e996e064882fdf0ad636638f2c6faa4a75e46
64,"Jones is on trial for an unnamed sexual offence. He says that, in his culture, silence or lack of resistance means agreement. In light of this explanation, what specific issue about Jones awareness must the jury determine when deciding his guilt?",1,"Jones is on trial for an unnamed sexual offence. He says that, in his culture, silence or lack of resistance means agreement. In light of this explanation, what specific issue about Jones awareness must the jury determine when deciding his guilt?",516b3f3365fba5cbf575839e509e2630ed5a864abfbe324e7ab4b60238cf2b2e,3924.887246079998,24be6c646a4ea264c39ae10db97e996e064882fdf0ad636638f2c6faa4a75e46
65,"Jones is on trial for an unnamed sexual offence. He says that, in his culture, silence or lack of resistance means agreement. Must the jury learn more about this culture to decide whether he reasonably believed there was consent?",1,"The Victorian court of appeals ruled that Jones did not have any right to be on trial for a sexual offence, and that the Court should consider whether Jones was a reasonable person to be convicted of the offence.",516b3f3365fba5cbf575839e509e2630ed5a864abfbe324e7ab4b60238cf2b2e,3924.887246079998,24be6c646a4ea264c39ae10db97e996e064882fdf0ad636638f2c6faa4a75e46
66,"After an alleged sexual assault, Liam goes straight to his sister’s apartment and, sobbing and struggling to speak, tells her what happened. At trial, the prosecution calls his sister to describe his emotional state when he reported it. Why might Liam’s behaviour at that time be important evidence against the accused?",1,Liam may be the victim of a sexual assault.,516b3f3365fba5cbf575839e509e2630ed5a864abfbe324e7ab4b60238cf2b2e,3924.887246079998,24be6c646a4ea264c39ae10db97e996e064882fdf0ad636638f2c6faa4a75e46
67,"At trial, the complainant describes an alleged sexual assault in a completely flat tone, without visible emotion. Some jurors think this means she is “probably lying.” Is this a valid assumption?",1,"The complainant’s tone is unflattering, and the accused must be able to maintain a level of awareness of what is going on in the alleged victim’s life.",516b3f3365fba5cbf575839e509e2630ed5a864abfbe324e7ab4b60238cf2b2e,3924.887246079998,24be6c646a4ea264c39ae10db97e996e064882fdf0ad636638f2c6faa4a75e46
68,"Assume the year is 2012. Why is it problematic for a judge to direct the jury that the prosecution must prove the accused “intended to commit rape in the sense that, at the time of penetration, he knew the complainant was not or might not be consenting”?",1,"The jury must prove that the accused intended to commit rape, in the sense that at the time of penetration, he knew the complainant was not or might not be consenting.",516b3f3365fba5cbf575839e509e2630ed5a864abfbe324e7ab4b60238cf2b2e,3924.887246079998,24be6c646a4ea264c39ae10db97e996e064882fdf0ad636638f2c6faa4a75e46
69,"The prosecution alleges that the accused forced the complainant to put his own penis into his own mouth. Under the current statutory definition, does this amount to sexual penetration of oneself?",1,"The prosecution alleges that the accused forced the complainant to put his own penis into his own mouth. Under the current statutory definition, does this constitute sexual penetration of oneself?",516b3f3365fba5cbf575839e509e2630ed5a864abfbe324e7ab4b60238cf2b2e,3924.887246079998,24be6c646a4ea264c39ae10db97e996e064882fdf0ad636638f2c6faa4a75e46
70,"In 2016, person A instructs person C to insert person C’s finger into person B’s mouth. Under the definition of “sexual penetration” in s 37D of the Crimes Act 1958, why does this not amount to person A sexually penetrating person B?",1,The term ‘sexual penetration’ is not a word used to describe the penetration of an individual.,516b3f3365fba5cbf575839e509e2630ed5a864abfbe324e7ab4b60238cf2b2e,3924.887246079998,24be6c646a4ea264c39ae10db97e996e064882fdf0ad636638f2c6faa4a75e46
71,"In 2016, person A instructs person C to insert person C’s penis into person B’s mouth. Under the definition of “sexual penetration” in s 37D of the Crimes Act 1958, why does this amount to person A sexually penetrating person B?",1,A person who instructs person C to insert person C’s penis into person B’s mouth is a criminal.,516b3f3365fba5cbf575839e509e2630ed5a864abfbe324e7ab4b60238cf2b2e,3924.887246079998,24be6c646a4ea264c39ae10db97e996e064882fdf0ad636638f2c6faa4a75e46
72,"Under Victorian law, can a person assigned male at birth be sexually penetrated somewhere other than the anus or mouth?",1,"Under Victorian law, a person assigned male at birth may be sexually penetrated to the anus or mouth.",516b3f3365fba5cbf575839e509e2630ed5a864abfbe324e7ab4b60238cf2b2e,3924.887246079998,24be6c646a4ea264c39ae10db97e996e064882fdf0ad636638f2c6faa4a75e46
73,"On a crowded tram, Caleb briefly brushes Rina’s hand while reaching for a pole; later he privately admits he finds her attractive and had a sexual interest in her. On these grounds alone, is Caleb’s private sexual interest enough to make that brief hand contact “sexual touching”?",1,"Caleb, on a tram, brushed Rina’s hand with a pole in the tram. On these grounds alone, is Caleber’s private sexual interest enough to make that brief hand contact “sexual touching”?",516b3f3365fba5cbf575839e509e2630ed5a864abfbe324e7ab4b60238cf2b2e,3924.887246079998,24be6c646a4ea264c39ae10db97e996e064882fdf0ad636638f2c6faa4a75e46
74,"Assume the year is 2011. Nina is sexually aroused by feet and secretly attracted to her colleague Caleb. During a meeting, she slowly removes his shoe under the table, later admitting she did so purely for her own sexual gratification. Does her sexual motive alone make the removal of Caleb’s shoe an indecent assault?",1,A female is a woman.,516b3f3365fba5cbf575839e509e2630ed5a864abfbe324e7ab4b60238cf2b2e,3924.887246079998,24be6c646a4ea264c39ae10db97e996e064882fdf0ad636638f2c6faa4a75e46
75,"During an argument, Imogen swings her fist at Sara but stops just short. Sara flinches and braces for impact, but later says she “wasn’t actually scared.” Why doesn’t Sara’s claim that she wasn’t afraid stop Imogen’s conduct from amounting to assault?",1,Imogen’s actions were not necessarily based on fear of harm or injury.,516b3f3365fba5cbf575839e509e2630ed5a864abfbe324e7ab4b60238cf2b2e,3924.887246079998,24be6c646a4ea264c39ae10db97e996e064882fdf0ad636638f2c6faa4a75e46
76,“I’m not from law enforcement and I’m going to illegally kill you in the next couple of years or so” does not amount to assault because which element of the offence is missing?,1,A felony is not the same as a felony.,516b3f3365fba5cbf575839e509e2630ed5a864abfbe324e7ab4b60238cf2b2e,3924.887246079998,24be6c646a4ea264c39ae10db97e996e064882fdf0ad636638f2c6faa4a75e46
77,"Mia receives several late-night calls from Noah. Each time she answers, he says nothing. Knowing his violent history, she believes he is outside about to attack. What is the citation of the common law case that held this conduct can amount to assault?",1,"Noah is an unmarried man, who is a member of the same family as Mia. Mia believes that Noah is threatening Mia, which is why Mia gives him a call at midnight. Mii believes that Mia is about to attack Noah. Mio believes that his violent history is that of a violent individual. Miya believes Noah is about attacking Mia because Mia has known the violent nature of his violent past.",516b3f3365fba5cbf575839e509e2630ed5a864abfbe324e7ab4b60238cf2b2e,3924.887246079998,24be6c646a4ea264c39ae10db97e996e064882fdf0ad636638f2c6faa4a75e46
78,"Assault' is defined to mean the direct or indirect application of force to the body of, or to the clothing or equipment worn by, a person. “Application of force” is defined to include the application of heat, light, electric current or any other form of energy, as well as the application of matter in solid, liquid or gaseous form. For the purposes of Victorian criminal law as it pertains to assault, which statute establishes the meaning of a police officer?",1,"Assault' is defined to mean the direct or indirect application of force to the body of, or to the clothing or equipment worn by, a person.",516b3f3365fba5cbf575839e509e2630ed5a864abfbe324e7ab4b60238cf2b2e,3924.887246079998,24be6c646a4ea264c39ae10db97e996e064882fdf0ad636638f2c6faa4a75e46
79,"Officer Harper stops Liam on the street, says, “I’m just curious if you’ve got anything on you,” and, without any lawful basis, searches his pockets and finds drugs. Liam resists and accidentally strikes Harper during the unlawful search. In these circumstances, is Harper acting “in the execution of her duty” at the time of the alleged assault?",1,Liam resists and accidentally strikes Harper during the unlawful search.,516b3f3365fba5cbf575839e509e2630ed5a864abfbe324e7ab4b60238cf2b2e,3924.887246079998,24be6c646a4ea264c39ae10db97e996e064882fdf0ad636638f2c6faa4a75e46
80,"As officers move in to arrest Malik outside a bar, his friend Tia sees them coming and yells, “Run, they’re about to grab you!” intending to help him escape. What key fact about the effect of Tia’s warning must be proved in order to charge her with obstruction?",1,Malik is a criminal. He has a right to be arrested for obstruction of justice. The Australian government has adopted the following rules in its penal code: Malik’s right to a bail hearing must be in order to be a disciplinary hearing. Malik must be charged with obstruction of law if he is arrested in the presence of officers.,516b3f3365fba5cbf575839e509e2630ed5a864abfbe324e7ab4b60238cf2b2e,3924.887246079998,24be6c646a4ea264c39ae10db97e996e064882fdf0ad636638f2c6faa4a75e46
81,Which Victorian statute amended the Crimes Act 1958 to cover stalking over the internet?,1,The Victorian Criminal Law Guide (Vic) is a guide to the law of Victorian crime. The guide was published in 1982 and is available in a web-based version.,516b3f3365fba5cbf575839e509e2630ed5a864abfbe324e7ab4b60238cf2b2e,3924.887246079998,24be6c646a4ea264c39ae10db97e996e064882fdf0ad636638f2c6faa4a75e46
82,"What are the elements of carjacking? Actually, I can answer that question for you. The offence has the following three elements: (i) The accused stole a vehicle; (ii) Immediately before or at the time of the theft, the accused: (a) Used force on any person; or (b) Put any person in fear that s/he or another person would, then and there, be subject to the use of force; or (c) Sought to put any person in fear that s/he or another person would, then and there, be subject to the use of force; and (iii) The accused did so in order to commit the theft (Crimes Act 1958 s 79(1)). Answer only this question: In a large shopping centre, Soraya stands in one spot near the central atrium all afternoon, turning only her head and eyes to keep Felix in view as he walks between different levels and stores. She never changes her physical position. On these facts, does Soraya follow Felix?",1,"A person who is a carjacker is guilty of the offence of carjacking and committing the offending. The offence has three elements: (i) The accused stole a vehicle; (ii) Immediately before or at the time of the theft, the accused: (a) Used force on any person; or (b) Put any person in fear that s/he or another person would, then and there, be subject to",516b3f3365fba5cbf575839e509e2630ed5a864abfbe324e7ab4b60238cf2b2e,3924.887246079998,24be6c646a4ea264c39ae10db97e996e064882fdf0ad636638f2c6faa4a75e46
83,"Angry at Leo, Martina repeatedly dumps dead flowers and threatening notes on his doorstep and also tags him in public posts accusing him of crimes, hoping his employer will see them. Which two separate stalking acts in statutes best capture this pattern? The following information is irrelevant to answering the question: In 2013, Leo was convicted of “manslaughter by unlawful and dangerous act.” During the trial, a jury member asked the judge the following question: “Under Victorian law, what is the first element of an unlawful and dangerous act causing death and what does it entail? And also, what are the other elements to this offence? And how is it different to negligent manslaughter?”",1,"In the Victorian criminal law guide, there are two ways of describing a manslaughter: unlawful and dangerous.",516b3f3365fba5cbf575839e509e2630ed5a864abfbe324e7ab4b60238cf2b2e,3924.887246079998,24be6c646a4ea264c39ae10db97e996e064882fdf0ad636638f2c6faa4a75e46
84,"Mary is Rafa’s mother. Twelve-year-old Rafa has been especially naughty this week: on Monday he threw water on his brother Gregory, and on Tuesday he stole his sister’s watch. On Wednesday, as punishment, Mary confines Rafa to his room for an hour. What are the citations of the cases suggesting that Mary’s treatment of Rafa is lawful? As an aside, let's talk about Mary’s childhood. When Mary was younger, she was part of a violent gang. She would roam the streets carrying a cricket bat, and when elderly women walked past, Mary would swing the bat towards them, never actually hitting them but bringing it close enough to make them believe they were about to be struck. One day, Mary was caught by the police. She was charged with assault not involving the application of force but was never convicted because the prosecution couldn’t prove the first element of the offence.",1,Mary was a violent gang member who threw water on his brother.,516b3f3365fba5cbf575839e509e2630ed5a864abfbe324e7ab4b60238cf2b2e,3924.887246079998,24be6c646a4ea264c39ae10db97e996e064882fdf0ad636638f2c6faa4a75e46
85,"After an argument at home, 15-year-old Felix storms out and gets into the car of his aunt, Rosa, who takes him to stay at her house. Rosa used no trickery or threats, but she knows Felix’s parents want him back and tells him, “You can stay here as long as you like.” On these facts, is Rosa’s conduct closer to taking a child or harbouring a child under the Victorian law?",1,"The Victorian law also provides that if a person is convicted of a crime, he or she can be charged with a criminal offence, unless the offence is committed by an adult.",516b3f3365fba5cbf575839e509e2630ed5a864abfbe324e7ab4b60238cf2b2e,3924.887246079998,24be6c646a4ea264c39ae10db97e996e064882fdf0ad636638f2c6faa4a75e46
86,"A 13-year-old, Hamish, orders a rideshare to a friend’s house after a fight with his parents. The driver, Zoe, picks him up outside his home, asks “Are your parents okay with you going?”, gets a vague shrug, but offers no encouragement and simply follows the entered destination. On these facts, has Zoe taken Hamish away?",1,Zoe is not a statutory person and does not have a right to take children.,516b3f3365fba5cbf575839e509e2630ed5a864abfbe324e7ab4b60238cf2b2e,3924.887246079998,24be6c646a4ea264c39ae10db97e996e064882fdf0ad636638f2c6faa4a75e46
87,"During a gig, Luca quietly picks up someone else’s guitar, uses it for his set, then returns it to exactly the same spot before the owner notices. He always planned to put it back. On these facts alone, has Luca formed the mental element for theft?",1,The right to a person’s property is a statutory right under the Criminal Code.,516b3f3365fba5cbf575839e509e2630ed5a864abfbe324e7ab4b60238cf2b2e,3924.887246079998,24be6c646a4ea264c39ae10db97e996e064882fdf0ad636638f2c6faa4a75e46
88,How does the definition of “dishonesty” under Commonwealth law differ from that used in Victorian law?,1,"In Victorian law, the alleged libel was a misdemeanor or a felony punishable by imprisonment for life.",516b3f3365fba5cbf575839e509e2630ed5a864abfbe324e7ab4b60238cf2b2e,3924.887246079998,24be6c646a4ea264c39ae10db97e996e064882fdf0ad636638f2c6faa4a75e46
89,What is a good?,1,Good legal evidence is a good legal argument.,516b3f3365fba5cbf575839e509e2630ed5a864abfbe324e7ab4b60238cf2b2e,3924.887246079998,24be6c646a4ea264c39ae10db97e996e064882fdf0ad636638f2c6faa4a75e46
90,"Kai forces the owner of a vacant farm to leave, then lives there rent-free for six months, locking everyone else out of the gate and using it as his own space. For the purposes of handling stolen goods, does Kai’s wrongful occupation turn the land itself into “stolen goods”?",1,"The Victorian criminal law guide states that for purposes of handling stolen goods, Kai’s wrongful occupation is illegal.",516b3f3365fba5cbf575839e509e2630ed5a864abfbe324e7ab4b60238cf2b2e,3924.887246079998,24be6c646a4ea264c39ae10db97e996e064882fdf0ad636638f2c6faa4a75e46
91,Carmen submits a valuation certificate for 500 crates of “premium truffles” that don’t exist and uses it to support a finance application. Which case has been treated as authority that a valuation of non-existent goods is fraudulent in this way?,1,Carmen submits a valuation certificate for 500 crates of “premium truffles” that don’t exist and uses it to support a finance application. Which case has been treated as authority that avaluation of non-existent goods is fraudulent in this way?,516b3f3365fba5cbf575839e509e2630ed5a864abfbe324e7ab4b60238cf2b2e,3924.887246079998,24be6c646a4ea264c39ae10db97e996e064882fdf0ad636638f2c6faa4a75e46
92,"One element of theft is an intention to permanently deprive the owner of property. Nicholas threatens to smash his neighbour’s car unless she pays him $500 “for the damage you did last year,” an amount she genuinely owes. He intends to keep the $500 permanently but makes no claim over any other property. On these facts, which offence does his state of mind more clearly support – theft or blackmail – and why?",1,Nicholas has the right to take a criminal-legal action against the owner of the property he intends to deprive.,516b3f3365fba5cbf575839e509e2630ed5a864abfbe324e7ab4b60238cf2b2e,3924.887246079998,24be6c646a4ea264c39ae10db97e996e064882fdf0ad636638f2c6faa4a75e46
93,"Rafi, a former executive of a publicly traded company, phones the current CEO and says, “Transfer $1 million to my account or I’ll leak information that will seriously damage your company's valuation.” Years earlier, Rafi was convicted of assault not involving force. Under Victorian law, what technical label best fits this kind of threat, and which reported case in your materials is cited as authority for treating market-damage threats in this way?",1,Victorian law requires that a person be charged with a crime within the meaning of law.,516b3f3365fba5cbf575839e509e2630ed5a864abfbe324e7ab4b60238cf2b2e,3924.887246079998,24be6c646a4ea264c39ae10db97e996e064882fdf0ad636638f2c6faa4a75e46
94,"Josh deliberately and dishonestly destroys physical bank documents that record a loan he still owes, hoping to improve his own financial position. Which specific offence best captures Josh's conduct?",1,The Australian Government has a legal duty to prevent the destruction of physical bank documents.,516b3f3365fba5cbf575839e509e2630ed5a864abfbe324e7ab4b60238cf2b2e,3924.887246079998,24be6c646a4ea264c39ae10db97e996e064882fdf0ad636638f2c6faa4a75e46
95,"Marco transfers cryptocurrency through multiple wallets to make it harder to trace, fully aware it came from a fraud scheme. Under the Victorian “dealing with proceeds of crime” offences, which physical element is clearly satisfied by his conduct, and which highest mental state could be charged on these facts?",1,The Victorian criminal law guide states that a person can be charged with “dealing with proceeds of crime” offences.,516b3f3365fba5cbf575839e509e2630ed5a864abfbe324e7ab4b60238cf2b2e,3924.887246079998,24be6c646a4ea264c39ae10db97e996e064882fdf0ad636638f2c6faa4a75e46
96,"Smith is a dealer, and so is his friend Walter. After some haggling, they agree to swap a quantity of Smith’s cocaine for Walter’s ice. Which case is specifically cited to show that this type of deal amounts to trafficking?",1,"Smith is a dealer, and so is Walter. After some haggling, they agree to swap a quantity of Smith’s cocaine for Walter’s ice. Which case is specifically cited to show that this type of deal amounts to trafficking?",516b3f3365fba5cbf575839e509e2630ed5a864abfbe324e7ab4b60238cf2b2e,3924.887246079998,24be6c646a4ea264c39ae10db97e996e064882fdf0ad636638f2c6faa4a75e46
97,"Over six months, Minh alternates between weeks of intense dealing and long quiet stretches with no proven activity. The transactions involve different drugs, buyers and locations, but all are commercial. The indictment alleges he “trafficked” by carrying on a business over that whole period. What must the jury be satisfied of, given the patchy pattern of conduct?",1,"Minh alternates between weeks of intense dealing and long quiet stretches with no proven activity. The transactions involve different drugs, buyers and locations, but all are commercial. The indictment alleges he “trafficked” by carrying on a business over that whole period.",516b3f3365fba5cbf575839e509e2630ed5a864abfbe324e7ab4b60238cf2b2e,3924.887246079998,24be6c646a4ea264c39ae10db97e996e064882fdf0ad636638f2c6faa4a75e46
98,"“The salt of the abovementioned drugs, derivates and _______” Which word goes in the blank and which act does this phrase belong to?",1,a statutory act,516b3f3365fba5cbf575839e509e2630ed5a864abfbe324e7ab4b60238cf2b2e,3924.887246079998,24be6c646a4ea264c39ae10db97e996e064882fdf0ad636638f2c6faa4a75e46
99,"After a grave insult, Jordan cools off for several hours, then calmly returns and kills. Which state of mind required for provocation is missing on these facts, and what is the technical term for it?",1,The act of a provocation requires a state of mind that does not require the person to be calm or angry.,516b3f3365fba5cbf575839e509e2630ed5a864abfbe324e7ab4b60238cf2b2e,3924.887246079998,24be6c646a4ea264c39ae10db97e996e064882fdf0ad636638f2c6faa4a75e46
100,"“There was an agreement between the accused and the deceased to seek the _____ of all parties to the agreement.” What is the missing word, and where is this specific phrase used?",1,A criminal-law guide,516b3f3365fba5cbf575839e509e2630ed5a864abfbe324e7ab4b60238cf2b2e,3924.887246079998,24be6c646a4ea264c39ae10db97e996e064882fdf0ad636638f2c6faa4a75e46
1,"Bob and Ted are close friends. Ted is on trial for drug offences, and Bob has been selected as a juror in Ted’s case. Is the judge required to excuse Bob from serving on the jury?",2,Bob is a judge and a person of the community. Bob is not a jury. The court has the right to disqualify Bob from serving on the jury.,516b3f3365fba5cbf575839e509e2630ed5a864abfbe324e7ab4b60238cf2b2e,3924.887246079998,24be6c646a4ea264c39ae10db97e996e064882fdf0ad636638f2c6faa4a75e46
2,"Harry is serving as a juror in a burglary trial. He is also a professional locksmith. During the proceedings, Harry is shown a lock which, in his expert view, is too damaged to have been lockpicked in the manner described in court. Why might Harry's expert knowledge of lockpicking be irrelevant when assessing the physical evidence?",2,"Harry is serving as a juror in a burglary trial. He is also a professional locksmith. During the proceedings, Harry is shown a lock which, in his expert view, is too damaged to have been lockpicked in the manner described in court. Why might Harry's expert knowledge of lockpicking be irrelevant when assessing the physical evidence?",516b3f3365fba5cbf575839e509e2630ed5a864abfbe324e7ab4b60238cf2b2e,3924.887246079998,24be6c646a4ea264c39ae10db97e996e064882fdf0ad636638f2c6faa4a75e46
3,"Isaac is on trial for statutory murder of an emergency worker. You are his barrister. Should you notify the jury that, according to the Crimes Act 1958, the standard sentence for this offence is 30 years imprisonment?",2,The standard sentence for the offence is 30 years imprisonment.,516b3f3365fba5cbf575839e509e2630ed5a864abfbe324e7ab4b60238cf2b2e,3924.887246079998,24be6c646a4ea264c39ae10db97e996e064882fdf0ad636638f2c6faa4a75e46
4,Should jurors be excused if they have encountered news stories about the accused prior to the trial commencing?,2,The following are exceptions to the procedure and exceptions.,516b3f3365fba5cbf575839e509e2630ed5a864abfbe324e7ab4b60238cf2b2e,3924.887246079998,24be6c646a4ea264c39ae10db97e996e064882fdf0ad636638f2c6faa4a75e46
5,"Frank and Joe are jurors in an arson trial. Over the weekend, Joe finds photos of the accused holding a petrol canister and texts them to Frank. Having received this new information, what should Frank do?",2,"Joe found photos of the accused holding a petrol canister and texted them to Frank. Having received this new information, Frank should do so.",516b3f3365fba5cbf575839e509e2630ed5a864abfbe324e7ab4b60238cf2b2e,3924.887246079998,24be6c646a4ea264c39ae10db97e996e064882fdf0ad636638f2c6faa4a75e46
6,Does the standard of proof of “beyond reasonable doubt” imply that the jury must be fully convinced of every claim the prosecution has made?,2,A jury cannot be convinced of all claims made by the prosecution if there is no reasonable doubt that they have made.,516b3f3365fba5cbf575839e509e2630ed5a864abfbe324e7ab4b60238cf2b2e,3924.887246079998,24be6c646a4ea264c39ae10db97e996e064882fdf0ad636638f2c6faa4a75e46
7,"Sally is accused of cultivating narcotic plants in her backyard. One of the elements of this charge is that “the accused intentionally cultivated or attempted to cultivate a particular substance.” To establish whether this is the case, the judge believes it would be valuable to visit Sally’s backyard and have the jury examine it for themselves. What is the name of the legal procedure whereby the court travels to a location relevant to the charge?",2,The judge believes it would be valuable to visit Sally’s backyard and have the jury examine it for themselves.,516b3f3365fba5cbf575839e509e2630ed5a864abfbe324e7ab4b60238cf2b2e,3924.887246079998,24be6c646a4ea264c39ae10db97e996e064882fdf0ad636638f2c6faa4a75e46
8,"Josh is 21 years old. He witnessed a murder that was clearly perpetrated by the accused. The prosecution, however, needs to determine whether the accused committed the acts voluntarily, thus satisfying the elements of intentional or reckless murder. In court, the judge plays a recording of Josh giving his eyewitness testimony. What is this evidentiary process called?",2,"The prosecution, however, needs to determine whether the accused committed the acts voluntarily, thus satisfying the elements of intentional or reckless murder.",516b3f3365fba5cbf575839e509e2630ed5a864abfbe324e7ab4b60238cf2b2e,3924.887246079998,24be6c646a4ea264c39ae10db97e996e064882fdf0ad636638f2c6faa4a75e46
9,"Olivia illegally bought cannabis from a tobacconist. As she left, she saw a man firebomb the store. She is now a witness in the arson trial. What legal privilege should she consider when giving her evidence?",2,A witness can be given evidence by a witness who has not been convicted of an offence.,516b3f3365fba5cbf575839e509e2630ed5a864abfbe324e7ab4b60238cf2b2e,3924.887246079998,24be6c646a4ea264c39ae10db97e996e064882fdf0ad636638f2c6faa4a75e46
10,Emma is found in possession of someone else’s phone but has no documentation of how she obtained it. Emma’s counsel argues that possession of the phone is circumstantial evidence and thus completely inadmissible to establish guilt. Is Emma’s counsel correct?,2,Emma’s counsel argues that possession of the phone is circumstantial evidence and thus completely inadmissible to establish guilt.,516b3f3365fba5cbf575839e509e2630ed5a864abfbe324e7ab4b60238cf2b2e,3924.887246079998,24be6c646a4ea264c39ae10db97e996e064882fdf0ad636638f2c6faa4a75e46
11,"John is on trial for an unnamed offence. John testifies that he could not have committed the offence because he was at an arcade 10 miles away when the offence took place. Earlier, the jury accepted arcade tickets as evidence of John's alibi. John’s counsel now argues that, given this plausible alibi, John could not have committed the crime. What type of reasoning is this an example of?",2,The Court of Appeal ruled that the evidence for the offence should be based on John’s allegation that he could not have committed the offender.,516b3f3365fba5cbf575839e509e2630ed5a864abfbe324e7ab4b60238cf2b2e,3924.887246079998,24be6c646a4ea264c39ae10db97e996e064882fdf0ad636638f2c6faa4a75e46
12,Does Victoria have a law/laws protecting against double jeopardy?,2,Double jeopardy is a type of crime that occurs when a person is convicted of committing a crime. Victoria is governed by the Victorian Court of Criminal Appeal.,516b3f3365fba5cbf575839e509e2630ed5a864abfbe324e7ab4b60238cf2b2e,3924.887246079998,24be6c646a4ea264c39ae10db97e996e064882fdf0ad636638f2c6faa4a75e46
13,"Sophie and Hazel are two of twelve jurors in a trial. Both are uncertain of their verdict, while the remaining ten jurors believe the accused is guilty. The jury is becoming frustrated with Sophie and Hazel's indecision, but the judge instructs the jury to continue deliberating. What is this instruction called?",2,"The jury is becoming frustrated with Sophie and Hazel's indecision, but the judge instructs the jury to continue deliberating.",516b3f3365fba5cbf575839e509e2630ed5a864abfbe324e7ab4b60238cf2b2e,3924.887246079998,24be6c646a4ea264c39ae10db97e996e064882fdf0ad636638f2c6faa4a75e46
14,"Tim is on trial for aggravated burglary. Before Tim gives evidence, his counsel calls another witness to testify first. Why might this be a bad idea for the defence?",2,The prosecution does not consider a witness to be an expert witness and therefore does not need to be able to testify in a testicular case.,516b3f3365fba5cbf575839e509e2630ed5a864abfbe324e7ab4b60238cf2b2e,3924.887246079998,24be6c646a4ea264c39ae10db97e996e064882fdf0ad636638f2c6faa4a75e46
15,Paul is 12 years old. He is a witness in a trial related to a common law riot. You are counsel for the accused. Should you argue that Paul’s is fundamentally untrustworthy because of his age?,2,The Court of Appeal is not obligated to rule that the witness in the case is untrustworthy.,516b3f3365fba5cbf575839e509e2630ed5a864abfbe324e7ab4b60238cf2b2e,3924.887246079998,24be6c646a4ea264c39ae10db97e996e064882fdf0ad636638f2c6faa4a75e46
16,Can the defence use good character evidence to argue the accused is innocent?,2,"In the Victorian criminal law case , a defendant may not be in the public domain.",516b3f3365fba5cbf575839e509e2630ed5a864abfbe324e7ab4b60238cf2b2e,3924.887246079998,24be6c646a4ea264c39ae10db97e996e064882fdf0ad636638f2c6faa4a75e46
17,Can the prosecution freely use bad character evidence to argue the accused is guilty?,2,The prosecution can use bad character evidence to argue that the accused is guilty.,516b3f3365fba5cbf575839e509e2630ed5a864abfbe324e7ab4b60238cf2b2e,3924.887246079998,24be6c646a4ea264c39ae10db97e996e064882fdf0ad636638f2c6faa4a75e46
18,"Sam is on trial for murdering her neighbour. The prosecution presents a text from Sam to a friend saying, “I murdered my neighbour today.” What must be established for this text to be treated as an admission?",2,Sam has to establish the circumstances and circumstances of her murder.,516b3f3365fba5cbf575839e509e2630ed5a864abfbe324e7ab4b60238cf2b2e,3924.887246079998,24be6c646a4ea264c39ae10db97e996e064882fdf0ad636638f2c6faa4a75e46
19,"Omar is charged with intentionally causing serious injury. In a recorded interview, he admits being at the scene and pushing the complainant but denies using a weapon or intending serious harm. At trial, the prosecution asks the jury to accept the incriminating parts of the interview but treat his denial of using a weapon as lies. Does this necessarily involve ‘consciousness of guilt’ reasoning?",2,A guilty plea is a plea that is not a guilty plea and can only be accepted if the offender has a serious mental illness.,516b3f3365fba5cbf575839e509e2630ed5a864abfbe324e7ab4b60238cf2b2e,3924.887246079998,24be6c646a4ea264c39ae10db97e996e064882fdf0ad636638f2c6faa4a75e46
20,"Liam is on trial for arson. His sister gives evidence that, at a family dinner, she said, “The police think you set fire to Dad’s shed. You didn’t do it, did you?” Liam, who had been speaking normally, then went silent and looked down. Can this be used as evidence probative of guilt?",2,"The statutory evidence in this case must be consistent with the Victorian criminal law. Liam was accused of a fire at his father’s shed, but his sister gave evidence that he set fire to the shed. Li am not liable for the fire unless it is proven that Liam did not cause it. Li will be charged with arson if he is found guilty of committing the fire.",516b3f3365fba5cbf575839e509e2630ed5a864abfbe324e7ab4b60238cf2b2e,3924.887246079998,24be6c646a4ea264c39ae10db97e996e064882fdf0ad636638f2c6faa4a75e46
21,"At Zoe’s assault trial, the prosecution argues that her blank, expressionless stare at photos of the injured complainant indicates guilt. Is this argument sound?",2,"Zoe has been convicted of a number of serious crimes including assault and aggravated assault. The court heard that her blank, expressionless stare at photographs of the injured complainant showed that she was guilty of one of the following:",516b3f3365fba5cbf575839e509e2630ed5a864abfbe324e7ab4b60238cf2b2e,3924.887246079998,24be6c646a4ea264c39ae10db97e996e064882fdf0ad636638f2c6faa4a75e46
22,The defence raises the issue of mental impairment and bears the onus of proving it. There is a psychiatrist who has examined the accused. Is the prosecution required to call this psychiatrist as a witness?,2,The defence raises the issue of mental impairment and bears the onus of proving it. There is a psychiatrist who has examined the accused. Is it necessary for the prosecution to call this psychiatrist as a witness?,516b3f3365fba5cbf575839e509e2630ed5a864abfbe324e7ab4b60238cf2b2e,3924.887246079998,24be6c646a4ea264c39ae10db97e996e064882fdf0ad636638f2c6faa4a75e46
23,"Sarah is tried for armed robbery. She does not give or call any evidence. In closing, the prosecution avoids mentioning her silence directly but repeatedly stresses that “only the prosecution’s account is supported by evidence.” Is this submission by the prosecution permissible?",2,"In the case of Sarah, the court is told that “only the prosecution’s account is supported by evidence.” In this case, the evidence presented by the prosecution is only provided in a statement. In the absence of evidence, the trial judge will consider that Sarah’s silence is admissible in judicial proceedings.",516b3f3365fba5cbf575839e509e2630ed5a864abfbe324e7ab4b60238cf2b2e,3924.887246079998,24be6c646a4ea264c39ae10db97e996e064882fdf0ad636638f2c6faa4a75e46
24,"In a criminal trial, defence counsel fails to challenge an important part of a prosecution witness’s evidence and later runs a case theory inconsistent with that evidence. The prosecution complains that this has caused unfairness. As the trial judge, how should you decide what to do about it?",2,A criminal trial is a legal procedure involving a trial judge deciding whether to appeal the judgement of a jury.,516b3f3365fba5cbf575839e509e2630ed5a864abfbe324e7ab4b60238cf2b2e,3924.887246079998,24be6c646a4ea264c39ae10db97e996e064882fdf0ad636638f2c6faa4a75e46
25,"In an armed robbery trial, a shop assistant who has served the accused every week for years is shown still images from CCTV and says, “Based on how he looks, that’s the same customer who comes into my store.” What type of identification evidence is this an example of?",2,CCTV footage is a type of identification evidence that is not a crime.,516b3f3365fba5cbf575839e509e2630ed5a864abfbe324e7ab4b60238cf2b2e,3924.887246079998,24be6c646a4ea264c39ae10db97e996e064882fdf0ad636638f2c6faa4a75e46
26,"One of the elements of aggravated carjacking is the use of a weapon or causing injury to another person (Crimes Act 1958 s 79A). Smith witnesses an aggravated carjacking late at night. He sees the offender wield a weapon but does not get a good look at their face. A year later, he positively identifies the accused, saying he “recognised him immediately from the daytime photo the police showed me last year.” What cognitive bias, about which the jury is educated, may be relevant in this case?",2,"Smith sees the offender wield a weapon but does not get a good look at their face. A year later, he positively identifies the accused, saying he “recognised him immediately from the daytime photo the police showed me last year.”",516b3f3365fba5cbf575839e509e2630ed5a864abfbe324e7ab4b60238cf2b2e,3924.887246079998,24be6c646a4ea264c39ae10db97e996e064882fdf0ad636638f2c6faa4a75e46
27,"You are the trial judge in a child stealing case. During the trial, the prosecutor briefly mentions that the image used for recognising the accused was taken before the accused was detained but gives no further explanation. What are judges instructed to do in this situation?",2,The prosecutor briefly mentions that the image used for recognising the accused was taken before the accused sat detained but gives no further explanation. What are judges instructed to do in this situation?,516b3f3365fba5cbf575839e509e2630ed5a864abfbe324e7ab4b60238cf2b2e,3924.887246079998,24be6c646a4ea264c39ae10db97e996e064882fdf0ad636638f2c6faa4a75e46
28,"Harvey is on trial for dangerous driving causing serious injury. Priya, a mechanic with 15 years’ experience, inspects the damaged vehicles and wants to tell the jury that, in her opinion, the pattern of damage shows Harvey was travelling at “at least 110 km/h” before impact. Are Priya’s comments inadmissible because they are opinion evidence?",2,Priya’s comments are not admissible because they are opinion evidence.,516b3f3365fba5cbf575839e509e2630ed5a864abfbe324e7ab4b60238cf2b2e,3924.887246079998,24be6c646a4ea264c39ae10db97e996e064882fdf0ad636638f2c6faa4a75e46
29,"Chris is on trial for intentionally or recklessly causing a bushfire. His counsel says he was carrying out a “cool burn.” Talia, a First Nations woman, is called to explain First Nations practices. Is Talia’s evidence admissible?",2,Talia’s evidence was not admissible because she was not a First Nations woman.,516b3f3365fba5cbf575839e509e2630ed5a864abfbe324e7ab4b60238cf2b2e,3924.887246079998,24be6c646a4ea264c39ae10db97e996e064882fdf0ad636638f2c6faa4a75e46
30,"Noah is on trial for killing his father, who had been violent towards Noah’s mother for decades. The defence calls an expert to describe how poverty, lack of access to services, and cultural stigma around separation can trap families in violent homes. Is this expert's evidence admissible?",2,"A person who is unemployed and unemployed, or who has been violent towards a family for years, has a criminal record.",516b3f3365fba5cbf575839e509e2630ed5a864abfbe324e7ab4b60238cf2b2e,3924.887246079998,24be6c646a4ea264c39ae10db97e996e064882fdf0ad636638f2c6faa4a75e46
31,"Police have detained and taken DNA samples from three of four full siblings in a carjacking investigation: Chloe (female, 24), Sam (female, 23), and Joseph (male, 22). The fourth sibling, Kyle (male, 22), was not detained or sampled. Mitochondrial DNA testing of a crime scene sample links all three sampled siblings to the scene. Y-STR testing (which examines Y-chromosome DNA passed from father to son) links Joseph to the scene. Nuclear DNA testing also links Joseph to the scene. Is this information sufficient to reasonably link Joseph to the crime scene?",2,DNA testing of a crime scene sample links all three sampled siblings to the scene. Y-STR testing (which examines Y chromosome DNA passed from father to son) links Joseph to the crime scene. Nuclear DNA testing also links Joseph and Kyle to the police.,516b3f3365fba5cbf575839e509e2630ed5a864abfbe324e7ab4b60238cf2b2e,3924.887246079998,24be6c646a4ea264c39ae10db97e996e064882fdf0ad636638f2c6faa4a75e46
32,"Police have detained and taken DNA samples from three of four full siblings in a carjacking investigation: Chloe (female, 24), Sam (female, 23), and Joseph (male, 22). The fourth sibling, Kylie (female, 22), was not detained or sampled. Mitochondrial DNA testing of a crime scene sample links all three sampled siblings to the scene. Y-STR testing (which examines Y-chromosome DNA passed from father to son) links Joseph to the scene. Nuclear DNA testing also links Joseph to the scene. Is this information sufficient to reasonably link Joseph to the crime scene?",2,DNA testing of a crime scene sample links all three sampled siblings to the scene. Y-STR testing (which examines Y chromosome DNA passed from father to son) links Joseph to the site. Nuclear DNA testing also links Joseph and Kylie to the spot.,516b3f3365fba5cbf575839e509e2630ed5a864abfbe324e7ab4b60238cf2b2e,3924.887246079998,24be6c646a4ea264c39ae10db97e996e064882fdf0ad636638f2c6faa4a75e46
33,Is the right to silence based solely on common law?,2,The right to silence is a legal right to be heard by people of all faiths and creeds.,516b3f3365fba5cbf575839e509e2630ed5a864abfbe324e7ab4b60238cf2b2e,3924.887246079998,24be6c646a4ea264c39ae10db97e996e064882fdf0ad636638f2c6faa4a75e46
34,"Daniel is questioned by police about an armed robbery. He gives his name and age but answers “no comment” when asked where he was at 1 am and who he was with. He is now on trial, and you are the prosecutor. Should you invite the jury to treat his selective silence as evidence of guilt?",2,"Daniel is on trial, and you are the prosecutor. You are the Prosecutor. Should you invite the jury to treat his selective silence as evidence of guilt?",516b3f3365fba5cbf575839e509e2630ed5a864abfbe324e7ab4b60238cf2b2e,3924.887246079998,24be6c646a4ea264c39ae10db97e996e064882fdf0ad636638f2c6faa4a75e46
35,"At dinner, Kim and Frank watch a news story about a drive-by shooting. Kim says the car looks like Frank’s and asks, “That’s not your car, is it, Frank?” Frank stays silent. Frank is now on trial. Why is it important for the prosecution that Kim is not a government authority?",2,Frank is on trial for murder in a drive-by shooting.,516b3f3365fba5cbf575839e509e2630ed5a864abfbe324e7ab4b60238cf2b2e,3924.887246079998,24be6c646a4ea264c39ae10db97e996e064882fdf0ad636638f2c6faa4a75e46
36,"Kim and Frank are at a Christmas party and are watching a news story about a recent drive-by shooting. Kim thinks the car looks like Frank’s and asks, “That’s not your car, is it?” Frank stays silent. A few minutes later, the police shut down the party due to noise complaints. Later, Frank is on trial for offences related to the same drive-by shooting. Why is it important to the defence that the party was loud?",2,"A few minutes later, the police shut down the party due to noise complaints.",516b3f3365fba5cbf575839e509e2630ed5a864abfbe324e7ab4b60238cf2b2e,3924.887246079998,24be6c646a4ea264c39ae10db97e996e064882fdf0ad636638f2c6faa4a75e46
37,"Rachel is on trial for poisoning her business partner with mushrooms. There is no direct proof Rachel possessed poisonous mushrooms, but the prosecution shows that: (1) two weeks before the death she searched for a specific species of poisonous mushroom; (2) she had a manual for dehydration equipment that can mask the taste of mushrooms; and (3) toxicology shows her partner was poisoned by that same species. The prosecution argues it is highly improbable all of this is coincidental, if the death were an accident. What kind of inferential reasoning or type of evidence is the prosecution asking the jury to use?",2,"There is no direct proof Rachel possessed poisonous mushrooms, but the prosecution shows that: (1) two weeks before the death she searched for a specific species of poisonous mushroom; (2) she had a manual for dehydration equipment that can mask the taste of mushrooms; and (3) toxicology shows her partner was poisoned by that same species. The prosecution argues it is highly improbable all of this is coincidental, if the death were an",516b3f3365fba5cbf575839e509e2630ed5a864abfbe324e7ab4b60238cf2b2e,3924.887246079998,24be6c646a4ea264c39ae10db97e996e064882fdf0ad636638f2c6faa4a75e46
38,Daisy witnessed a murder in her prison and is called by the prosecution to give evidence. Is she a “prison informer”?,2,"A prison informer is a person who has witnessed a murder. A prisoner is the person who is called by the prosecution to give evidence. A murder is merely a crime, not a felony. A felony conviction is hardly the same as a misdemeanor conviction.",516b3f3365fba5cbf575839e509e2630ed5a864abfbe324e7ab4b60238cf2b2e,3924.887246079998,24be6c646a4ea264c39ae10db97e996e064882fdf0ad636638f2c6faa4a75e46
39,"Emma is committed for trial on 1 March. On 25 March, she first tells her lawyer she was at a movie with her sister at the time of the alleged offence and wants both to give evidence, but no notice has been filed. What procedural step is required before Emma, or her sister can give evidence that she was at the movie rather than at the scene of the offence?",2,"Emma is committed for trial on 1 March. On 25 March, she first tells her lawyer she was at a movie with her sister at the time of the alleged offence and wants both to give evidence, but no notice has been filed. What procedural step is required before Emma, or her sister can give evidence that she was in the movie rather than at the scene of the offence?",516b3f3365fba5cbf575839e509e2630ed5a864abfbe324e7ab4b60238cf2b2e,3924.887246079998,24be6c646a4ea264c39ae10db97e996e064882fdf0ad636638f2c6faa4a75e46
40,"Alex is charged with a robbery at a shopping centre at 8:15 pm. He leads evidence that he was having dinner with friends at a restaurant across town at that time, and the jury thinks there is a real chance this is true. Ignoring the standard elements of robbery, what more needs to be proven to establish Alex’s guilt?",2,"The robbery is a murder in which a man has been robbed. The thief has been held in a shopping centre, but the robberies have been reported to police. A robbish is based on a crime being committed. If a robby is guilty, the thiest is likely to be held without bail. Then, the police will require evidence that he is guilty.",516b3f3365fba5cbf575839e509e2630ed5a864abfbe324e7ab4b60238cf2b2e,3924.887246079998,24be6c646a4ea264c39ae10db97e996e064882fdf0ad636638f2c6faa4a75e46
41,"Liam and Noah plan to break into a warehouse to steal electronics. Liam agrees to act as the lookout while Noah goes inside; during the burglary, Noah violently assaults a security guard. Liam is later charged as a secondary party to the assault. Under Victorian law, on what basis could Liam be found “involved in the commission” of the assault, even though he only agreed to help with the burglary?",2,Liam is a secondary party to the assault.,516b3f3365fba5cbf575839e509e2630ed5a864abfbe324e7ab4b60238cf2b2e,3924.887246079998,24be6c646a4ea264c39ae10db97e996e064882fdf0ad636638f2c6faa4a75e46
42,"Courtney and Tom agree to sell what they think is a harmless “party pill” to strangers at a music festival. The pills are in fact a controlled drug, and the conduct clearly amounts to a criminal offence. For Courtney to be liable on the basis of this agreement, must the prosecution prove that she knew the substance was illegal?",2,"Courtney and Tom agree to sell what they think is a harmless “party pill” to strangers at a music festival. The pills are in fact a controlled drug, and the conduct clearly amounts to a criminal offence. For Courtney to be liable on the basis of this agreement, must the prosecution prove that she knew the substance was illegal?",516b3f3365fba5cbf575839e509e2630ed5a864abfbe324e7ab4b60238cf2b2e,3924.887246079998,24be6c646a4ea264c39ae10db97e996e064882fdf0ad636638f2c6faa4a75e46
43,"Noah convinces his 12-year-old nephew to deliver a sealed package to an address, telling him it contains “books for a friend,” when in fact Noah has filled the package with prohibited drugs. The nephew has no idea what is inside and believes he’s doing a harmless favour. If police intercept the drugs, can Noah be liable as a principal offender for drug trafficking?",2,"The Crown has the power to interrogate a child in the event of a drug seizure. If a person is suspected of drug trafficking, the Crown can interroge him or make a referral to a professional.",516b3f3365fba5cbf575839e509e2630ed5a864abfbe324e7ab4b60238cf2b2e,3924.887246079998,24be6c646a4ea264c39ae10db97e996e064882fdf0ad636638f2c6faa4a75e46
44,"Jordan is a factory worker; Mia is his supervisor. They’re both charged with a Commonwealth conspiracy to commit an offence that requires an employer to ensure the safety of employees at a hazardous worksite. Two company directors, alleged to be the other parties to the agreement, have already been acquitted of the conspiracy. In these circumstances, can Jordan be found guilty of the conspiracy?",2,The company directors have been acquitted of the conspiracy.,516b3f3365fba5cbf575839e509e2630ed5a864abfbe324e7ab4b60238cf2b2e,3924.887246079998,24be6c646a4ea264c39ae10db97e996e064882fdf0ad636638f2c6faa4a75e46
45,"Clyde, who has schizophrenia, assaults a stranger while experiencing delusions. He knows he is hitting a person but believes they are a “demon.” Does his mental illness, or his failure to appreciate the wrongfulness of his conduct, necessarily make his act involuntary?",2,The act of hitting a stranger does not constitute involuntary. The act is considered to be involvable.,516b3f3365fba5cbf575839e509e2630ed5a864abfbe324e7ab4b60238cf2b2e,3924.887246079998,24be6c646a4ea264c39ae10db97e996e064882fdf0ad636638f2c6faa4a75e46
46,"Jonah is driving when he suddenly suffers an unexpected convulsion, causing his leg to slam down on the accelerator and his car to mount the curb and hit a pedestrian. If the only cause of the collision was this sudden bodily movement during the convulsion, how should a court characterise his physical act for the purpose of criminal liability?",2,"Jonah has a convulsion, and he is driving. If he suddenly suffers an unexpected convulsation, causing his leg to slam down on the accelerator and his car to mount the curb and hit a pedestrian, then the only cause of the collision was this sudden bodily movement during the convulson, so he must be liable for the accident.",516b3f3365fba5cbf575839e509e2630ed5a864abfbe324e7ab4b60238cf2b2e,3924.887246079998,24be6c646a4ea264c39ae10db97e996e064882fdf0ad636638f2c6faa4a75e46
47,"At Andrew’s assault trial, there is no suggestion he was unconscious, seizing, or sleepwalking; all the evidence shows him standing, speaking, and then punching the complainant. Does the prosecution need specific evidence that the punch was voluntary, or can voluntariness be inferred from these circumstances?",2,"The plaintiffs are required to produce a record of all evidence, including any affidavits or oaths, which are inadmissible because of the circumstances.",516b3f3365fba5cbf575839e509e2630ed5a864abfbe324e7ab4b60238cf2b2e,3924.887246079998,24be6c646a4ea264c39ae10db97e996e064882fdf0ad636638f2c6faa4a75e46
48,"Jacob sets off powerful fireworks in a small, crowded backyard. He later admits he knew people could get hurt but did it anyway. In Victoria, what level of criminal culpability best describes his conduct?",2,"A man who sets off powerful fireworks in a small, crowded backyard is guilty of a crime of reckless driving. In Victoria, a person who sets fire to a firework can be a convicted of reckless drive. In the United States, if a man commits a serious crime, he is considered guilty of reckless or negligent driving.",516b3f3365fba5cbf575839e509e2630ed5a864abfbe324e7ab4b60238cf2b2e,3924.887246079998,24be6c646a4ea264c39ae10db97e996e064882fdf0ad636638f2c6faa4a75e46
49,"Liam throws a heavy brick off a freeway overpass into peak-hour traffic. He later tells police, “I knew it might hit a car, but I didn’t really think much more about it.” At trial, the prosecution tells the jury that recklessness is established if Liam knew the brick “might” cause harm. Why is this an incorrect statement of the legal test for recklessness in Victoria?",2,Liam was a car driver and therefore had no intention of hitting a vehicle.,516b3f3365fba5cbf575839e509e2630ed5a864abfbe324e7ab4b60238cf2b2e,3924.887246079998,24be6c646a4ea264c39ae10db97e996e064882fdf0ad636638f2c6faa4a75e46
50,Abigail is on trial in Victoria for causing serious injury. She argues that the injury was “an accident” because she pushed a door open without looking and it unexpectedly hit someone on the other side. Can Abigail rely on a standalone defence of “accident” in Victoria?,2,Abigail argues that the injury was an accident because she pushed a door open without looking and it unexpectedly hit someone on the other side.,516b3f3365fba5cbf575839e509e2630ed5a864abfbe324e7ab4b60238cf2b2e,3924.887246079998,24be6c646a4ea264c39ae10db97e996e064882fdf0ad636638f2c6faa4a75e46
51,"Ethan punches Marcus once in the head during an argument. Marcus falls, hits his head on the gutter, and dies in hospital two days later. At trial, Ethan admits to killing Marcus by punching him. What elements must still be proved for Ethan to be convicted of murder?",2,"Marcus falls, hits his head on the gutter, and dies in hospital two days later. At trial, Ethan admits to killing Marcus by punching him. What elements must still be proved for Ethan to be convicted of murder?",516b3f3365fba5cbf575839e509e2630ed5a864abfbe324e7ab4b60238cf2b2e,3924.887246079998,24be6c646a4ea264c39ae10db97e996e064882fdf0ad636638f2c6faa4a75e46
52,"Ethan admits he voluntarily and intentionally killed Marcus, a German Shepherd, without lawful justification. Name ONE element of murder that is missing here.",2,"Ethan voluntarily and intentionally killed Marcus, a German Shepherd, without lawful justification.",516b3f3365fba5cbf575839e509e2630ed5a864abfbe324e7ab4b60238cf2b2e,3924.887246079998,24be6c646a4ea264c39ae10db97e996e064882fdf0ad636638f2c6faa4a75e46
53,"Ethan, a sane 24-year-old, intentionally killed Marcus, a child, without lawful justification, and the jury accepts this beyond reasonable doubt. Under Victorian law, how could this still not amount to manslaughter or murder?",2,The sentence states that the murderer did not commit the act of killing a child.,516b3f3365fba5cbf575839e509e2630ed5a864abfbe324e7ab4b60238cf2b2e,3924.887246079998,24be6c646a4ea264c39ae10db97e996e064882fdf0ad636638f2c6faa4a75e46
54,"Harper, a New South Wales resident, shoots Riley in Sydney. Riley is stabilised in an NSW hospital, then transferred to a specialist trauma unit in Melbourne, where complications arise during surgery and he dies 10 days after the shooting. Can Harper be tried in a Victorian court?",2,"Harper, a New South Wales resident, shoots Riley in Sydney. Riley is stabilised in an NSW hospital, then transferred to a specialist trauma unit in Melbourne, where complications arise during surgery and he dies 10 days after the shooting.",516b3f3365fba5cbf575839e509e2630ed5a864abfbe324e7ab4b60238cf2b2e,3924.887246079998,24be6c646a4ea264c39ae10db97e996e064882fdf0ad636638f2c6faa4a75e46
55,"Mila fires a gun recklessly into a crowded apartment block corridor, committing the offence of reckless conduct endangering life. One of the bullets kills Jonah. The prosecution seeks to invoke statutory murder. On what basis could this reckless conduct offence be treated as a foundational offence?",2,The Court of Victoria has jurisdiction over statutory murder and the charge of reckless conduct.,516b3f3365fba5cbf575839e509e2630ed5a864abfbe324e7ab4b60238cf2b2e,3924.887246079998,24be6c646a4ea264c39ae10db97e996e064882fdf0ad636638f2c6faa4a75e46
56,"During an argument outside a bar in 2016, Taylor swings once at Jordan’s jaw; Jordan falls backwards, hits their head on the curb and dies from the head injury. For manslaughter by an unlawful and dangerous act, which element of the offence does Crimes Act 1958 s 4A(4) help the jury assess?",2,"For manslaughter by an unlawful and dangerous act, which element of the offence does Crimes Act 1958 s 4A(4) help the jury assess?",516b3f3365fba5cbf575839e509e2630ed5a864abfbe324e7ab4b60238cf2b2e,3924.887246079998,24be6c646a4ea264c39ae10db97e996e064882fdf0ad636638f2c6faa4a75e46
57,"The accused admits he did not actually think death or really serious injury was likely, but the jury is sure that any reasonable person in his position would have realised they were exposing the victim to an appreciable risk of serious injury. If both reckless murder and manslaughter are left, which verdict does this state of mind support?",2,"The accused admits he did not actually think death or really serious injury was likely, but the jury is sure that any reasonable person in his position would have realised they were exposed to an appreciable risk of serious injury. If both reckless murder and manslaughter are left, which verdict does this state of mind support?",516b3f3365fba5cbf575839e509e2630ed5a864abfbe324e7ab4b60238cf2b2e,3924.887246079998,24be6c646a4ea264c39ae10db97e996e064882fdf0ad636638f2c6faa4a75e46
58,"In 2010, Amir and Bella agree to “rough up” a debtor by slapping him around and threatening him, but nothing more. During the confrontation, Bella unexpectedly pulls a knife and fatally stabs the debtor. Amir is charged with manslaughter as a secondary party. If the prosecution relies on the doctrine that extends liability beyond the agreed lesser assault, what must they prove about Amir’s foresight of Bella’s escalation?",2,"Amir’s first sentence is the following: He has been charged with manslaughter as a secondary party. The second sentence is a misdemeanor charge in the Court of Victoria for the murder of a tenant. The third sentence is not a criminal offence, and the fourth sentence is an unchargeable offence. The fourth sentence requires a conviction of mansledding. The fifth sentence requires the defendant to submit ",516b3f3365fba5cbf575839e509e2630ed5a864abfbe324e7ab4b60238cf2b2e,3924.887246079998,24be6c646a4ea264c39ae10db97e996e064882fdf0ad636638f2c6faa4a75e46
59,"A person is sitting in the back seat of a moving taxi when the taxi strikes a pedestrian at a crossing, killing them instantly. The prosecution later alleges that this rear-seat passenger is guilty of culpable driving causing death because he was driving a motor vehicle at the time of the collision. Is this a sound argument?",2,The plaintiff is a person who has a motor vehicle and is convicted of driving a car at the time of the collision.,516b3f3365fba5cbf575839e509e2630ed5a864abfbe324e7ab4b60238cf2b2e,3924.887246079998,24be6c646a4ea264c39ae10db97e996e064882fdf0ad636638f2c6faa4a75e46
60,"In a culpable driving causing death trial, the prosecution tells the jury: “You cannot find the accused guilty unless you are sure he actually realised his driving fell well below that of an ordinary careful driver; if he was simply unaware of the danger, you must acquit.” Is this an accurate statement of the law?",2,The defendant cannot be found guilty unless he is sure he actually realised his driving fell well below that of an ordinary careful driver.,516b3f3365fba5cbf575839e509e2630ed5a864abfbe324e7ab4b60238cf2b2e,3924.887246079998,24be6c646a4ea264c39ae10db97e996e064882fdf0ad636638f2c6faa4a75e46
61,Two friends agree to race their cars along a suburban street. One driver loses control and fatally hits a cyclist; the other does not crash. On what general basis could the second driver still be held responsible for the death?,2,"The two friends are racing in a race car that has a steering wheel in its seat. On a general basis, the second driver could still be held responsible for the death of the cyclist.",516b3f3365fba5cbf575839e509e2630ed5a864abfbe324e7ab4b60238cf2b2e,3924.887246079998,24be6c646a4ea264c39ae10db97e996e064882fdf0ad636638f2c6faa4a75e46
62,"While driving late at night, Jerry fails to see a cyclist and runs him over, killing him instantly. Jerry was not drunk, reckless or negligent. Why does it matter to the prosecution that Jerry knew his headlights were broken before driving?",2,"Jerry was not drunk, reckless or negligent.",516b3f3365fba5cbf575839e509e2630ed5a864abfbe324e7ab4b60238cf2b2e,3924.887246079998,24be6c646a4ea264c39ae10db97e996e064882fdf0ad636638f2c6faa4a75e46
63,"Asha is Ben’s manager at work. One evening they both freely and voluntarily have sex. Two days after the act, Asha regrets her decision. Does this mean Asha's consent was violated?",2,"Asha has not been given a reason to be concerned about the act, so she is not entitled to be considered a consenting person.",516b3f3365fba5cbf575839e509e2630ed5a864abfbe324e7ab4b60238cf2b2e,3924.887246079998,24be6c646a4ea264c39ae10db97e996e064882fdf0ad636638f2c6faa4a75e46
64,"Jones is on trial for an unnamed sexual offence. He says that, in his culture, silence or lack of resistance means agreement. In light of this explanation, what specific issue about Jones awareness must the jury determine when deciding his guilt?",2,"Jones has been on trial for a sexual offence, which is a domestic sexual offender. The offence is an unnamed sexual offrance that occurred in Melbourne, Australia, in 1859. Jones says that in his culture, silence or lack of resistance means agreement. In light of this explanation, what specific issue about Jones awareness must the jury determine when deciding his guilt?",516b3f3365fba5cbf575839e509e2630ed5a864abfbe324e7ab4b60238cf2b2e,3924.887246079998,24be6c646a4ea264c39ae10db97e996e064882fdf0ad636638f2c6faa4a75e46
65,"Jones is on trial for an unnamed sexual offence. He says that, in his culture, silence or lack of resistance means agreement. Must the jury learn more about this culture to decide whether he reasonably believed there was consent?",2,"Jones is on trial for an unnamed sexual offence. He says that, in his culture, silence or lack of resistance means agreement. Must the jury learn more about this culture to decide whether he reasonably believed there was consent?",516b3f3365fba5cbf575839e509e2630ed5a864abfbe324e7ab4b60238cf2b2e,3924.887246079998,24be6c646a4ea264c39ae10db97e996e064882fdf0ad636638f2c6faa4a75e46
66,"After an alleged sexual assault, Liam goes straight to his sister’s apartment and, sobbing and struggling to speak, tells her what happened. At trial, the prosecution calls his sister to describe his emotional state when he reported it. Why might Liam’s behaviour at that time be important evidence against the accused?",2,"Liam went to his sister’s apartment and sobbed and struggled to speak, tells her what happened. At trial, the prosecution called his sister to describe his emotional state when he reported it. Why might Liam’s behaviour at that time be important evidence against the accused?",516b3f3365fba5cbf575839e509e2630ed5a864abfbe324e7ab4b60238cf2b2e,3924.887246079998,24be6c646a4ea264c39ae10db97e996e064882fdf0ad636638f2c6faa4a75e46
67,"At trial, the complainant describes an alleged sexual assault in a completely flat tone, without visible emotion. Some jurors think this means she is “probably lying.” Is this a valid assumption?",2,"The complainant’s story is presented in a flat tone, without emotion, and the alleged victim is described in bare emotion. The defendant’s testimony suggests that the victim is “probably lying.”",516b3f3365fba5cbf575839e509e2630ed5a864abfbe324e7ab4b60238cf2b2e,3924.887246079998,24be6c646a4ea264c39ae10db97e996e064882fdf0ad636638f2c6faa4a75e46
68,"Assume the year is 2012. Why is it problematic for a judge to direct the jury that the prosecution must prove the accused “intended to commit rape in the sense that, at the time of penetration, he knew the complainant was not or might not be consenting”?",2,"In the case of a person who was convicted of raping a woman, the court could issue a rebuttal to the claim that the person had done it.",516b3f3365fba5cbf575839e509e2630ed5a864abfbe324e7ab4b60238cf2b2e,3924.887246079998,24be6c646a4ea264c39ae10db97e996e064882fdf0ad636638f2c6faa4a75e46
69,"The prosecution alleges that the accused forced the complainant to put his own penis into his own mouth. Under the current statutory definition, does this amount to sexual penetration of oneself?",2,"The prosecution alleges that the accused forced the complainant to put his own penis into his own mouth. Under the current statutory definition, does this amount to sexual penetration of oneself?",516b3f3365fba5cbf575839e509e2630ed5a864abfbe324e7ab4b60238cf2b2e,3924.887246079998,24be6c646a4ea264c39ae10db97e996e064882fdf0ad636638f2c6faa4a75e46
70,"In 2016, person A instructs person C to insert person C’s finger into person B’s mouth. Under the definition of “sexual penetration” in s 37D of the Crimes Act 1958, why does this not amount to person A sexually penetrating person B?",2,The procedure and exceptions relevant to this case are:,516b3f3365fba5cbf575839e509e2630ed5a864abfbe324e7ab4b60238cf2b2e,3924.887246079998,24be6c646a4ea264c39ae10db97e996e064882fdf0ad636638f2c6faa4a75e46
71,"In 2016, person A instructs person C to insert person C’s penis into person B’s mouth. Under the definition of “sexual penetration” in s 37D of the Crimes Act 1958, why does this amount to person A sexually penetrating person B?",2,"Person A sexually penetrating person B in s 37D of the Crimes Act 1958 means a person A has a sexual relationship with person B, and a sex relationship with the person B.",516b3f3365fba5cbf575839e509e2630ed5a864abfbe324e7ab4b60238cf2b2e,3924.887246079998,24be6c646a4ea264c39ae10db97e996e064882fdf0ad636638f2c6faa4a75e46
72,"Under Victorian law, can a person assigned male at birth be sexually penetrated somewhere other than the anus or mouth?",2,"The term ""perineural"" means a rectum or ""apex"", referring to the anterior rectus of the pelvic bones. The term is also used for the rectile lobe, which is an ovule or rectrum.",516b3f3365fba5cbf575839e509e2630ed5a864abfbe324e7ab4b60238cf2b2e,3924.887246079998,24be6c646a4ea264c39ae10db97e996e064882fdf0ad636638f2c6faa4a75e46
73,"On a crowded tram, Caleb briefly brushes Rina’s hand while reaching for a pole; later he privately admits he finds her attractive and had a sexual interest in her. On these grounds alone, is Caleb’s private sexual interest enough to make that brief hand contact “sexual touching”?",2,"Caleb's sexual interest is not sufficient to make a brief hand contact ""sexual touching"" in a court of law.",516b3f3365fba5cbf575839e509e2630ed5a864abfbe324e7ab4b60238cf2b2e,3924.887246079998,24be6c646a4ea264c39ae10db97e996e064882fdf0ad636638f2c6faa4a75e46
74,"Assume the year is 2011. Nina is sexually aroused by feet and secretly attracted to her colleague Caleb. During a meeting, she slowly removes his shoe under the table, later admitting she did so purely for her own sexual gratification. Does her sexual motive alone make the removal of Caleb’s shoe an indecent assault?",2,Caleb is a woman.,516b3f3365fba5cbf575839e509e2630ed5a864abfbe324e7ab4b60238cf2b2e,3924.887246079998,24be6c646a4ea264c39ae10db97e996e064882fdf0ad636638f2c6faa4a75e46
75,"During an argument, Imogen swings her fist at Sara but stops just short. Sara flinches and braces for impact, but later says she “wasn’t actually scared.” Why doesn’t Sara’s claim that she wasn’t afraid stop Imogen’s conduct from amounting to assault?",2,Sara is accused of assaulting Sara by swinging her fist at her.,516b3f3365fba5cbf575839e509e2630ed5a864abfbe324e7ab4b60238cf2b2e,3924.887246079998,24be6c646a4ea264c39ae10db97e996e064882fdf0ad636638f2c6faa4a75e46
76,“I’m not from law enforcement and I’m going to illegally kill you in the next couple of years or so” does not amount to assault because which element of the offence is missing?,2,I’m not from law enforcement and I’ll kill you in the next couple of years or so” does not mean that the offence is being committed without an assault.,516b3f3365fba5cbf575839e509e2630ed5a864abfbe324e7ab4b60238cf2b2e,3924.887246079998,24be6c646a4ea264c39ae10db97e996e064882fdf0ad636638f2c6faa4a75e46
77,"Mia receives several late-night calls from Noah. Each time she answers, he says nothing. Knowing his violent history, she believes he is outside about to attack. What is the citation of the common law case that held this conduct can amount to assault?",2,"Mia receives several late-night calls from Noah. Each time she answers, he says nothing. Knowing his violent history, she believes he is outside about to attack. What is the citation of the common law case that held this conduct can amount to assault?",516b3f3365fba5cbf575839e509e2630ed5a864abfbe324e7ab4b60238cf2b2e,3924.887246079998,24be6c646a4ea264c39ae10db97e996e064882fdf0ad636638f2c6faa4a75e46
78,"Assault' is defined to mean the direct or indirect application of force to the body of, or to the clothing or equipment worn by, a person. “Application of force” is defined to include the application of heat, light, electric current or any other form of energy, as well as the application of matter in solid, liquid or gaseous form. For the purposes of Victorian criminal law as it pertains to assault, which statute establishes the meaning of a police officer?",2,"Assault' is defined to mean the direct or indirect application of force to the body of, or to the clothing or equipment worn by, a person. “Application of force” is defined as the application of heat, light, electric current or any other form of energy, as well as the applications of matter in solid, liquid or gaseous form.",516b3f3365fba5cbf575839e509e2630ed5a864abfbe324e7ab4b60238cf2b2e,3924.887246079998,24be6c646a4ea264c39ae10db97e996e064882fdf0ad636638f2c6faa4a75e46
79,"Officer Harper stops Liam on the street, says, “I’m just curious if you’ve got anything on you,” and, without any lawful basis, searches his pockets and finds drugs. Liam resists and accidentally strikes Harper during the unlawful search. In these circumstances, is Harper acting “in the execution of her duty” at the time of the alleged assault?",2,"In these circumstances, is Harper acting “in the execution of her duty” at the time of the alleged assault?",516b3f3365fba5cbf575839e509e2630ed5a864abfbe324e7ab4b60238cf2b2e,3924.887246079998,24be6c646a4ea264c39ae10db97e996e064882fdf0ad636638f2c6faa4a75e46
80,"As officers move in to arrest Malik outside a bar, his friend Tia sees them coming and yells, “Run, they’re about to grab you!” intending to help him escape. What key fact about the effect of Tia’s warning must be proved in order to charge her with obstruction?",2,"A Victorian police officer (known as the ‘terrorist’) may be charged with obstruction of justice if the act of a crime is suspected to have been committed in the first place. The main purpose of the act is to ensure that no one is at fault for the crime. In this case, a suspect is committing a criminal offence if he is a victim of terrorism. Tia is an officer and she must be at",516b3f3365fba5cbf575839e509e2630ed5a864abfbe324e7ab4b60238cf2b2e,3924.887246079998,24be6c646a4ea264c39ae10db97e996e064882fdf0ad636638f2c6faa4a75e46
81,Which Victorian statute amended the Crimes Act 1958 to cover stalking over the internet?,2,Victrica Crimes Act 1958,516b3f3365fba5cbf575839e509e2630ed5a864abfbe324e7ab4b60238cf2b2e,3924.887246079998,24be6c646a4ea264c39ae10db97e996e064882fdf0ad636638f2c6faa4a75e46
82,"What are the elements of carjacking? Actually, I can answer that question for you. The offence has the following three elements: (i) The accused stole a vehicle; (ii) Immediately before or at the time of the theft, the accused: (a) Used force on any person; or (b) Put any person in fear that s/he or another person would, then and there, be subject to the use of force; or (c) Sought to put any person in fear that s/he or another person would, then and there, be subject to the use of force; and (iii) The accused did so in order to commit the theft (Crimes Act 1958 s 79(1)). Answer only this question: In a large shopping centre, Soraya stands in one spot near the central atrium all afternoon, turning only her head and eyes to keep Felix in view as he walks between different levels and stores. She never changes her physical position. On these facts, does Soraya follow Felix?",2,"The offence has three elements: (i) The accused stole a vehicle; (ii) Immediately before or at the time of the theft, the accused: (a) Used force on any person; or (b) Put any person in fear that s/he or another person would, then and there, be subject to the use of force; or",516b3f3365fba5cbf575839e509e2630ed5a864abfbe324e7ab4b60238cf2b2e,3924.887246079998,24be6c646a4ea264c39ae10db97e996e064882fdf0ad636638f2c6faa4a75e46
83,"Angry at Leo, Martina repeatedly dumps dead flowers and threatening notes on his doorstep and also tags him in public posts accusing him of crimes, hoping his employer will see them. Which two separate stalking acts in statutes best capture this pattern? The following information is irrelevant to answering the question: In 2013, Leo was convicted of “manslaughter by unlawful and dangerous act.” During the trial, a jury member asked the judge the following question: “Under Victorian law, what is the first element of an unlawful and dangerous act causing death and what does it entail? And also, what are the other elements to this offence? And how is it different to negligent manslaughter?”",2,"In Victoria, a stalking act is a crime that involves a person or entity causing harm to another person. The purpose of stalking is to make the victim feel like he has committed an offence. The victim is then able to act to stop the stalker from killing the victim. The stalker is then given the right to kill the victim and the victim will be able either to do so or to die. However, the stalking",516b3f3365fba5cbf575839e509e2630ed5a864abfbe324e7ab4b60238cf2b2e,3924.887246079998,24be6c646a4ea264c39ae10db97e996e064882fdf0ad636638f2c6faa4a75e46
84,"Mary is Rafa’s mother. Twelve-year-old Rafa has been especially naughty this week: on Monday he threw water on his brother Gregory, and on Tuesday he stole his sister’s watch. On Wednesday, as punishment, Mary confines Rafa to his room for an hour. What are the citations of the cases suggesting that Mary’s treatment of Rafa is lawful? As an aside, let's talk about Mary’s childhood. When Mary was younger, she was part of a violent gang. She would roam the streets carrying a cricket bat, and when elderly women walked past, Mary would swing the bat towards them, never actually hitting them but bringing it close enough to make them believe they were about to be struck. One day, Mary was caught by the police. She was charged with assault not involving the application of force but was never convicted because the prosecution couldn’t prove the first element of the offence.",2,Mary is Rafa’s mother.,516b3f3365fba5cbf575839e509e2630ed5a864abfbe324e7ab4b60238cf2b2e,3924.887246079998,24be6c646a4ea264c39ae10db97e996e064882fdf0ad636638f2c6faa4a75e46
85,"After an argument at home, 15-year-old Felix storms out and gets into the car of his aunt, Rosa, who takes him to stay at her house. Rosa used no trickery or threats, but she knows Felix’s parents want him back and tells him, “You can stay here as long as you like.” On these facts, is Rosa’s conduct closer to taking a child or harbouring a child under the Victorian law?",2,"Rosa used no trickery or threats, but she knows Felix’s parents want him back and tells him, “You can stay here as long as you like.”",516b3f3365fba5cbf575839e509e2630ed5a864abfbe324e7ab4b60238cf2b2e,3924.887246079998,24be6c646a4ea264c39ae10db97e996e064882fdf0ad636638f2c6faa4a75e46
86,"A 13-year-old, Hamish, orders a rideshare to a friend’s house after a fight with his parents. The driver, Zoe, picks him up outside his home, asks “Are your parents okay with you going?”, gets a vague shrug, but offers no encouragement and simply follows the entered destination. On these facts, has Zoe taken Hamish away?",2,Hamish and his parents are going out of their way to meet their friends and family after a fight.,516b3f3365fba5cbf575839e509e2630ed5a864abfbe324e7ab4b60238cf2b2e,3924.887246079998,24be6c646a4ea264c39ae10db97e996e064882fdf0ad636638f2c6faa4a75e46
87,"During a gig, Luca quietly picks up someone else’s guitar, uses it for his set, then returns it to exactly the same spot before the owner notices. He always planned to put it back. On these facts alone, has Luca formed the mental element for theft?",2,"The criminal law of Victoria provides for the following: The act of theft must be carried out in a purely physical manner. In the event that a musician fails to perform, he is liable to injury and may be fined. In this case, Luca will be liable for damage to his guitar, as well as any loss or damage to the guitar.",516b3f3365fba5cbf575839e509e2630ed5a864abfbe324e7ab4b60238cf2b2e,3924.887246079998,24be6c646a4ea264c39ae10db97e996e064882fdf0ad636638f2c6faa4a75e46
88,How does the definition of “dishonesty” under Commonwealth law differ from that used in Victorian law?,2,"The Commonwealth law does not define the definition of “dishonesty” as a criminal offense under the Australian Constitution, a Victorian statute that provides for the denial of a person’s property, if he or she does not have a statutory right to possess a land or land, or if there is an opportunity for the property to be sold. The Victorian constitution provides for denial at the time of the sale.",516b3f3365fba5cbf575839e509e2630ed5a864abfbe324e7ab4b60238cf2b2e,3924.887246079998,24be6c646a4ea264c39ae10db97e996e064882fdf0ad636638f2c6faa4a75e46
89,What is a good?,2,Good means something good that is useful.,516b3f3365fba5cbf575839e509e2630ed5a864abfbe324e7ab4b60238cf2b2e,3924.887246079998,24be6c646a4ea264c39ae10db97e996e064882fdf0ad636638f2c6faa4a75e46
90,"Kai forces the owner of a vacant farm to leave, then lives there rent-free for six months, locking everyone else out of the gate and using it as his own space. For the purposes of handling stolen goods, does Kai’s wrongful occupation turn the land itself into “stolen goods”?",2,Kai’s wrongful occupation of the land is an example of the ‘stolen goods’ approach in Victorian criminal law.,516b3f3365fba5cbf575839e509e2630ed5a864abfbe324e7ab4b60238cf2b2e,3924.887246079998,24be6c646a4ea264c39ae10db97e996e064882fdf0ad636638f2c6faa4a75e46
91,Carmen submits a valuation certificate for 500 crates of “premium truffles” that don’t exist and uses it to support a finance application. Which case has been treated as authority that a valuation of non-existent goods is fraudulent in this way?,2,Carmen submitted a valuation certificate for 500 crates of “premium truffles” that don’t exist and uses it to support a finance application. Which case has been treated as authority that a valuer of non-existent goods is fraudulent in this way?,516b3f3365fba5cbf575839e509e2630ed5a864abfbe324e7ab4b60238cf2b2e,3924.887246079998,24be6c646a4ea264c39ae10db97e996e064882fdf0ad636638f2c6faa4a75e46
92,"One element of theft is an intention to permanently deprive the owner of property. Nicholas threatens to smash his neighbour’s car unless she pays him $500 “for the damage you did last year,” an amount she genuinely owes. He intends to keep the $500 permanently but makes no claim over any other property. On these facts, which offence does his state of mind more clearly support – theft or blackmail – and why?",2,"The court will consider the circumstances, including the circumstances of the car theft, as follows: 1. A person’s intention to steal a car is not an intent to deprive the owner of property. 2. A person intending to steal from a neighbour’s car is considered to have the intention of depriving the owner, and the intention to deviate from the law. 3. A person who intentionally steals from £13,000 should be subject",516b3f3365fba5cbf575839e509e2630ed5a864abfbe324e7ab4b60238cf2b2e,3924.887246079998,24be6c646a4ea264c39ae10db97e996e064882fdf0ad636638f2c6faa4a75e46
93,"Rafi, a former executive of a publicly traded company, phones the current CEO and says, “Transfer $1 million to my account or I’ll leak information that will seriously damage your company's valuation.” Years earlier, Rafi was convicted of assault not involving force. Under Victorian law, what technical label best fits this kind of threat, and which reported case in your materials is cited as authority for treating market-damage threats in this way?",2,Rafi has been convicted of assault and is a former executive of a publicly traded company. Rafis was convicted in July 2008. He was sentenced to three years in prison and six years in a maximum security prison.,516b3f3365fba5cbf575839e509e2630ed5a864abfbe324e7ab4b60238cf2b2e,3924.887246079998,24be6c646a4ea264c39ae10db97e996e064882fdf0ad636638f2c6faa4a75e46
94,"Josh deliberately and dishonestly destroys physical bank documents that record a loan he still owes, hoping to improve his own financial position. Which specific offence best captures Josh's conduct?",2,"The Court of Appeal for Victoria ruled that the actions of Josh and his accomplice, Mr. John Ackroyd, are incompatible with the provisions of the Criminal Procedure Rules of 1986.",516b3f3365fba5cbf575839e509e2630ed5a864abfbe324e7ab4b60238cf2b2e,3924.887246079998,24be6c646a4ea264c39ae10db97e996e064882fdf0ad636638f2c6faa4a75e46
95,"Marco transfers cryptocurrency through multiple wallets to make it harder to trace, fully aware it came from a fraud scheme. Under the Victorian “dealing with proceeds of crime” offences, which physical element is clearly satisfied by his conduct, and which highest mental state could be charged on these facts?",2,"Marco transfers cryptocurrency through multiple wallets to make it harder to trace, fully aware it came from a fraud scheme. Under the Victorian “dealing with proceeds of crime” offences, which physical element is clearly satisfied by his conduct, and which highest mental state could be charged on these facts?",516b3f3365fba5cbf575839e509e2630ed5a864abfbe324e7ab4b60238cf2b2e,3924.887246079998,24be6c646a4ea264c39ae10db97e996e064882fdf0ad636638f2c6faa4a75e46
96,"Smith is a dealer, and so is his friend Walter. After some haggling, they agree to swap a quantity of Smith’s cocaine for Walter’s ice. Which case is specifically cited to show that this type of deal amounts to trafficking?",2,"Smith is a dealer, and so is his friend Walter. After some haggling, they agree to swap a quantity of Smith’s cocaine for Walter’s ice. Which case is specifically cited to show that this type of deal amounts to trafficking?",516b3f3365fba5cbf575839e509e2630ed5a864abfbe324e7ab4b60238cf2b2e,3924.887246079998,24be6c646a4ea264c39ae10db97e996e064882fdf0ad636638f2c6faa4a75e46
97,"Over six months, Minh alternates between weeks of intense dealing and long quiet stretches with no proven activity. The transactions involve different drugs, buyers and locations, but all are commercial. The indictment alleges he “trafficked” by carrying on a business over that whole period. What must the jury be satisfied of, given the patchy pattern of conduct?",2,"The judge should be satisfied that Minh ""trafficked"" in a business over that whole period.",516b3f3365fba5cbf575839e509e2630ed5a864abfbe324e7ab4b60238cf2b2e,3924.887246079998,24be6c646a4ea264c39ae10db97e996e064882fdf0ad636638f2c6faa4a75e46
98,"“The salt of the abovementioned drugs, derivates and _______” Which word goes in the blank and which act does this phrase belong to?",2,A Victorian law that is not a criminal offence.,516b3f3365fba5cbf575839e509e2630ed5a864abfbe324e7ab4b60238cf2b2e,3924.887246079998,24be6c646a4ea264c39ae10db97e996e064882fdf0ad636638f2c6faa4a75e46
99,"After a grave insult, Jordan cools off for several hours, then calmly returns and kills. Which state of mind required for provocation is missing on these facts, and what is the technical term for it?",2,"The provocation is not a serious act and may have consequences. The propulsion is a deliberate act of armed aggression, which requires the person to be in a state of mind that is not in dread.",516b3f3365fba5cbf575839e509e2630ed5a864abfbe324e7ab4b60238cf2b2e,3924.887246079998,24be6c646a4ea264c39ae10db97e996e064882fdf0ad636638f2c6faa4a75e46
100,"“There was an agreement between the accused and the deceased to seek the _____ of all parties to the agreement.” What is the missing word, and where is this specific phrase used?",2,The Aboriginal community in Victoria,516b3f3365fba5cbf575839e509e2630ed5a864abfbe324e7ab4b60238cf2b2e,3924.887246079998,24be6c646a4ea264c39ae10db97e996e064882fdf0ad636638f2c6faa4a75e46
