config,query_id,hypothesis,word_count,embedding_tokens,truncated_by_minilm,empty,question_word_overlap
short_answer_len32_t0_seed20261006,1,0,1,3,False,False,0.0
short_answer_len32_t0_seed20261006,1,1,1,3,False,False,0.0
short_answer_len32_t0_seed20261006,1,2,18,21,False,False,0.3103448275862069
short_answer_len32_t0_seed20261006,2,0,5,8,False,False,0.09302325581395349
short_answer_len32_t0_seed20261006,2,1,5,8,False,False,0.09302325581395349
short_answer_len32_t0_seed20261006,2,2,5,9,False,False,0.11627906976744186
short_answer_len32_t0_seed20261006,3,0,1,3,False,False,0.0
short_answer_len32_t0_seed20261006,3,1,3,5,False,False,0.0625
short_answer_len32_t0_seed20261006,3,2,16,20,False,False,0.375
short_answer_len32_t0_seed20261006,4,0,1,3,False,False,0.0
short_answer_len32_t0_seed20261006,4,1,15,17,False,False,0.17647058823529413
short_answer_len32_t0_seed20261006,4,2,22,27,False,False,0.4117647058823529
short_answer_len32_t0_seed20261006,5,0,3,6,False,False,0.03125
short_answer_len32_t0_seed20261006,5,1,1,5,False,False,0.0
short_answer_len32_t0_seed20261006,5,2,8,11,False,False,0.125
short_answer_len32_t0_seed20261006,6,0,1,3,False,False,0.0
short_answer_len32_t0_seed20261006,6,1,1,3,False,False,0.0
short_answer_len32_t0_seed20261006,6,2,12,15,False,False,0.5
short_answer_len32_t0_seed20261006,7,0,1,3,False,False,0.018518518518518517
short_answer_len32_t0_seed20261006,7,1,1,3,False,False,0.018518518518518517
short_answer_len32_t0_seed20261006,7,2,1,3,False,False,0.018518518518518517
short_answer_len32_t0_seed20261006,8,0,2,4,False,False,0.0
short_answer_len32_t0_seed20261006,8,1,3,7,False,False,0.020833333333333332
short_answer_len32_t0_seed20261006,8,2,3,7,False,False,0.020833333333333332
short_answer_len32_t0_seed20261006,9,0,2,4,False,False,0.06666666666666667
short_answer_len32_t0_seed20261006,9,1,2,4,False,False,0.06666666666666667
short_answer_len32_t0_seed20261006,9,2,5,7,False,False,0.1
short_answer_len32_t0_seed20261006,10,0,1,3,False,False,0.03125
short_answer_len32_t0_seed20261006,10,1,1,3,False,False,0.03125
short_answer_len32_t0_seed20261006,10,2,18,30,False,False,0.5625
short_answer_len32_t0_seed20261006,11,0,1,3,False,False,0.0196078431372549
short_answer_len32_t0_seed20261006,11,1,2,4,False,False,0.0196078431372549
short_answer_len32_t0_seed20261006,11,2,10,16,False,False,0.19607843137254902
short_answer_len32_t0_seed20261006,12,0,1,3,False,False,0.0
short_answer_len32_t0_seed20261006,12,1,1,3,False,False,0.0
short_answer_len32_t0_seed20261006,12,2,3,5,False,False,0.0
short_answer_len32_t0_seed20261006,13,0,5,9,False,False,0.10256410256410256
short_answer_len32_t0_seed20261006,13,1,5,9,False,False,0.10256410256410256
short_answer_len32_t0_seed20261006,13,2,5,9,False,False,0.10256410256410256
short_answer_len32_t0_seed20261006,14,0,4,6,False,False,0.14814814814814814
short_answer_len32_t0_seed20261006,14,1,6,8,False,False,0.14814814814814814
short_answer_len32_t0_seed20261006,14,2,4,7,False,False,0.1111111111111111
short_answer_len32_t0_seed20261006,15,0,1,5,False,False,0.0
short_answer_len32_t0_seed20261006,15,1,11,13,False,False,0.16129032258064516
short_answer_len32_t0_seed20261006,15,2,10,13,False,False,0.22580645161290322
short_answer_len32_t0_seed20261006,16,0,1,3,False,False,0.0
short_answer_len32_t0_seed20261006,16,1,10,12,False,False,0.08333333333333333
short_answer_len32_t0_seed20261006,16,2,13,16,False,False,0.8333333333333334
short_answer_len32_t0_seed20261006,17,0,1,3,False,False,0.0
short_answer_len32_t0_seed20261006,17,1,9,11,False,False,0.07692307692307693
short_answer_len32_t0_seed20261006,17,2,12,15,False,False,0.3076923076923077
short_answer_len32_t0_seed20261006,18,0,4,6,False,False,0.03225806451612903
short_answer_len32_t0_seed20261006,18,1,3,5,False,False,0.03225806451612903
short_answer_len32_t0_seed20261006,18,2,8,10,False,False,0.22580645161290322
short_answer_len32_t0_seed20261006,19,0,1,3,False,False,0.0
short_answer_len32_t0_seed20261006,19,1,1,3,False,False,0.0
short_answer_len32_t0_seed20261006,19,2,1,3,False,False,0.0
short_answer_len32_t0_seed20261006,20,0,1,3,False,False,0.0
short_answer_len32_t0_seed20261006,20,1,1,3,False,False,0.0
short_answer_len32_t0_seed20261006,20,2,7,10,False,False,0.0392156862745098
short_answer_len32_t0_seed20261006,21,0,1,3,False,False,0.0
short_answer_len32_t0_seed20261006,21,1,1,3,False,False,0.0
short_answer_len32_t0_seed20261006,21,2,1,3,False,False,0.0
short_answer_len32_t0_seed20261006,22,0,1,3,False,False,0.0
short_answer_len32_t0_seed20261006,22,1,1,3,False,False,0.0
short_answer_len32_t0_seed20261006,22,2,15,19,False,False,0.4444444444444444
short_answer_len32_t0_seed20261006,23,0,1,3,False,False,0.0
short_answer_len32_t0_seed20261006,23,1,1,3,False,False,0.0
short_answer_len32_t0_seed20261006,23,2,1,3,False,False,0.0
short_answer_len32_t0_seed20261006,24,0,3,5,False,False,0.047619047619047616
short_answer_len32_t0_seed20261006,24,1,7,9,False,False,0.16666666666666666
short_answer_len32_t0_seed20261006,24,2,9,12,False,False,0.19047619047619047
short_answer_len32_t0_seed20261006,25,0,1,4,False,False,0.022222222222222223
short_answer_len32_t0_seed20261006,25,1,1,4,False,False,0.022222222222222223
short_answer_len32_t0_seed20261006,25,2,1,4,False,False,0.022222222222222223
short_answer_len32_t0_seed20261006,26,0,5,7,False,False,0.043478260869565216
short_answer_len32_t0_seed20261006,26,1,6,8,False,False,0.07246376811594203
short_answer_len32_t0_seed20261006,26,2,10,13,False,False,0.043478260869565216
short_answer_len32_t0_seed20261006,27,0,3,5,False,False,0.05405405405405406
short_answer_len32_t0_seed20261006,27,1,3,5,False,False,0.05405405405405406
short_answer_len32_t0_seed20261006,27,2,1,5,False,False,0.0
short_answer_len32_t0_seed20261006,28,0,1,3,False,False,0.0
short_answer_len32_t0_seed20261006,28,1,1,3,False,False,0.0
short_answer_len32_t0_seed20261006,28,2,1,3,False,False,0.0
short_answer_len32_t0_seed20261006,29,0,1,3,False,False,0.0
short_answer_len32_t0_seed20261006,29,1,1,3,False,False,0.0
short_answer_len32_t0_seed20261006,29,2,6,12,False,False,0.03225806451612903
short_answer_len32_t0_seed20261006,30,0,1,3,False,False,0.0
short_answer_len32_t0_seed20261006,30,1,1,3,False,False,0.0
short_answer_len32_t0_seed20261006,30,2,10,16,False,False,0.11627906976744186
short_answer_len32_t0_seed20261006,31,0,1,3,False,False,0.0
short_answer_len32_t0_seed20261006,31,1,1,3,False,False,0.0
short_answer_len32_t0_seed20261006,31,2,15,18,False,False,0.25
short_answer_len32_t0_seed20261006,32,0,1,3,False,False,0.0
short_answer_len32_t0_seed20261006,32,1,1,3,False,False,0.0
short_answer_len32_t0_seed20261006,32,2,15,18,False,False,0.25
short_answer_len32_t0_seed20261006,33,0,2,4,False,False,0.1
short_answer_len32_t0_seed20261006,33,1,4,6,False,False,0.4
short_answer_len32_t0_seed20261006,33,2,19,22,False,False,0.8
short_answer_len32_t0_seed20261006,34,0,2,4,False,False,0.0
short_answer_len32_t0_seed20261006,34,1,2,4,False,False,0.0
short_answer_len32_t0_seed20261006,34,2,4,7,False,False,0.08695652173913043
short_answer_len32_t0_seed20261006,35,0,5,7,False,False,0.07692307692307693
short_answer_len32_t0_seed20261006,35,1,5,7,False,False,0.07692307692307693
short_answer_len32_t0_seed20261006,35,2,5,8,False,False,0.07692307692307693
short_answer_len32_t0_seed20261006,36,0,10,12,False,False,0.1509433962264151
short_answer_len32_t0_seed20261006,36,1,10,12,False,False,0.1509433962264151
short_answer_len32_t0_seed20261006,36,2,10,13,False,False,0.16981132075471697
short_answer_len32_t0_seed20261006,37,0,7,9,False,False,0.08
short_answer_len32_t0_seed20261006,37,1,7,9,False,False,0.08
short_answer_len32_t0_seed20261006,37,2,7,9,False,False,0.08
short_answer_len32_t0_seed20261006,38,0,1,3,False,False,0.0
short_answer_len32_t0_seed20261006,38,1,1,3,False,False,0.0
short_answer_len32_t0_seed20261006,38,2,11,16,False,False,0.15789473684210525
short_answer_len32_t0_seed20261006,39,0,4,6,False,False,0.057692307692307696
short_answer_len32_t0_seed20261006,39,1,4,6,False,False,0.057692307692307696
short_answer_len32_t0_seed20261006,39,2,7,9,False,False,0.11538461538461539
short_answer_len32_t0_seed20261006,40,0,16,18,False,False,0.2826086956521739
short_answer_len32_t0_seed20261006,40,1,6,8,False,False,0.10869565217391304
short_answer_len32_t0_seed20261006,40,2,14,19,False,False,0.21739130434782608
short_answer_len32_t0_seed20261006,41,0,2,4,False,False,0.03773584905660377
short_answer_len32_t0_seed20261006,41,1,2,4,False,False,0.03773584905660377
short_answer_len32_t0_seed20261006,41,2,2,4,False,False,0.03773584905660377
short_answer_len32_t0_seed20261006,42,0,1,3,False,False,0.0
short_answer_len32_t0_seed20261006,42,1,1,3,False,False,0.0
short_answer_len32_t0_seed20261006,42,2,11,14,False,False,0.19148936170212766
short_answer_len32_t0_seed20261006,43,0,1,3,False,False,0.0196078431372549
short_answer_len32_t0_seed20261006,43,1,1,3,False,False,0.0196078431372549
short_answer_len32_t0_seed20261006,43,2,14,17,False,False,0.23529411764705882
short_answer_len32_t0_seed20261006,44,0,1,3,False,False,0.0
short_answer_len32_t0_seed20261006,44,1,1,3,False,False,0.0
short_answer_len32_t0_seed20261006,44,2,26,33,False,False,0.16326530612244897
short_answer_len32_t0_seed20261006,45,0,1,3,False,False,0.0
short_answer_len32_t0_seed20261006,45,1,1,3,False,False,0.0
short_answer_len32_t0_seed20261006,45,2,10,13,False,False,0.1388888888888889
short_answer_len32_t0_seed20261006,46,0,2,4,False,False,0.02127659574468085
short_answer_len32_t0_seed20261006,46,1,4,6,False,False,0.0851063829787234
short_answer_len32_t0_seed20261006,46,2,15,24,False,False,0.1702127659574468
short_answer_len32_t0_seed20261006,47,0,1,3,False,False,0.0
short_answer_len32_t0_seed20261006,47,1,1,6,False,False,0.02564102564102564
short_answer_len32_t0_seed20261006,47,2,11,14,False,False,0.1794871794871795
short_answer_len32_t0_seed20261006,48,0,2,7,False,False,0.03125
short_answer_len32_t0_seed20261006,48,1,3,5,False,False,0.0625
short_answer_len32_t0_seed20261006,48,2,1,5,False,False,0.0
short_answer_len32_t0_seed20261006,49,0,7,11,False,False,0.1111111111111111
short_answer_len32_t0_seed20261006,49,1,7,11,False,False,0.1111111111111111
short_answer_len32_t0_seed20261006,49,2,7,12,False,False,0.12962962962962962
short_answer_len32_t0_seed20261006,50,0,1,3,False,False,0.0
short_answer_len32_t0_seed20261006,50,1,1,3,False,False,0.0
short_answer_len32_t0_seed20261006,50,2,24,28,False,False,0.5897435897435898
short_answer_len32_t0_seed20261006,51,0,2,6,False,False,0.0
short_answer_len32_t0_seed20261006,51,1,3,5,False,False,0.0
short_answer_len32_t0_seed20261006,51,2,1,5,False,False,0.0
short_answer_len32_t0_seed20261006,52,0,2,4,False,False,0.043478260869565216
short_answer_len32_t0_seed20261006,52,1,5,7,False,False,0.08695652173913043
short_answer_len32_t0_seed20261006,52,2,3,5,False,False,0.043478260869565216
short_answer_len32_t0_seed20261006,53,0,2,4,False,False,0.03225806451612903
short_answer_len32_t0_seed20261006,53,1,3,5,False,False,0.06451612903225806
short_answer_len32_t0_seed20261006,53,2,14,17,False,False,0.06451612903225806
short_answer_len32_t0_seed20261006,54,0,1,3,False,False,0.0
short_answer_len32_t0_seed20261006,54,1,1,3,False,False,0.0
short_answer_len32_t0_seed20261006,54,2,15,18,False,False,0.0975609756097561
short_answer_len32_t0_seed20261006,55,0,2,4,False,False,0.02631578947368421
short_answer_len32_t0_seed20261006,55,1,2,4,False,False,0.02631578947368421
short_answer_len32_t0_seed20261006,55,2,7,12,False,False,0.18421052631578946
short_answer_len32_t0_seed20261006,56,0,2,4,False,False,0.021739130434782608
short_answer_len32_t0_seed20261006,56,1,2,4,False,False,0.021739130434782608
short_answer_len32_t0_seed20261006,56,2,7,10,False,False,0.043478260869565216
short_answer_len32_t0_seed20261006,57,0,1,6,False,False,0.018518518518518517
short_answer_len32_t0_seed20261006,57,1,18,23,False,False,0.3148148148148148
short_answer_len32_t0_seed20261006,57,2,26,32,False,False,0.46296296296296297
short_answer_len32_t0_seed20261006,58,0,1,6,False,False,0.017241379310344827
short_answer_len32_t0_seed20261006,58,1,10,12,False,False,0.13793103448275862
short_answer_len32_t0_seed20261006,58,2,23,29,False,False,0.3620689655172414
short_answer_len32_t0_seed20261006,59,0,1,3,False,False,0.0
short_answer_len32_t0_seed20261006,59,1,1,3,False,False,0.0
short_answer_len32_t0_seed20261006,59,2,27,32,False,False,0.5
short_answer_len32_t0_seed20261006,60,0,1,3,False,False,0.0
short_answer_len32_t0_seed20261006,60,1,1,3,False,False,0.0
short_answer_len32_t0_seed20261006,60,2,7,10,False,False,0.06666666666666667
short_answer_len32_t0_seed20261006,61,0,2,4,False,False,0.027777777777777776
short_answer_len32_t0_seed20261006,61,1,7,9,False,False,0.1388888888888889
short_answer_len32_t0_seed20261006,61,2,14,17,False,False,0.2777777777777778
short_answer_len32_t0_seed20261006,62,0,2,4,False,False,0.02702702702702703
short_answer_len32_t0_seed20261006,62,1,2,4,False,False,0.02702702702702703
short_answer_len32_t0_seed20261006,62,2,13,16,False,False,0.2702702702702703
short_answer_len32_t0_seed20261006,63,0,1,3,False,False,0.0
short_answer_len32_t0_seed20261006,63,1,1,3,False,False,0.0
short_answer_len32_t0_seed20261006,63,2,1,3,False,False,0.0
short_answer_len32_t0_seed20261006,64,0,1,3,False,False,0.02702702702702703
short_answer_len32_t0_seed20261006,64,1,1,3,False,False,0.02702702702702703
short_answer_len32_t0_seed20261006,64,2,16,19,False,False,0.16216216216216217
short_answer_len32_t0_seed20261006,65,0,1,3,False,False,0.02631578947368421
short_answer_len32_t0_seed20261006,65,1,7,9,False,False,0.15789473684210525
short_answer_len32_t0_seed20261006,65,2,14,17,False,False,0.15789473684210525
short_answer_len32_t0_seed20261006,66,0,2,4,False,False,0.044444444444444446
short_answer_len32_t0_seed20261006,66,1,4,6,False,False,0.022222222222222223
short_answer_len32_t0_seed20261006,66,2,14,17,False,False,0.28888888888888886
short_answer_len32_t0_seed20261006,67,0,1,3,False,False,0.0
short_answer_len32_t0_seed20261006,67,1,1,3,False,False,0.0
short_answer_len32_t0_seed20261006,67,2,14,17,False,False,0.14285714285714285
short_answer_len32_t0_seed20261006,68,0,12,16,False,False,0.21052631578947367
short_answer_len32_t0_seed20261006,68,1,11,15,False,False,0.18421052631578946
short_answer_len32_t0_seed20261006,68,2,17,22,False,False,0.2894736842105263
short_answer_len32_t0_seed20261006,69,0,1,3,False,False,0.0
short_answer_len32_t0_seed20261006,69,1,1,3,False,False,0.0
short_answer_len32_t0_seed20261006,69,2,1,3,False,False,0.0
short_answer_len32_t0_seed20261006,70,0,7,9,False,False,0.0625
short_answer_len32_t0_seed20261006,70,1,9,11,False,False,0.125
short_answer_len32_t0_seed20261006,70,2,17,20,False,False,0.125
short_answer_len32_t0_seed20261006,71,0,1,3,False,False,0.03225806451612903
short_answer_len32_t0_seed20261006,71,1,7,9,False,False,0.06451612903225806
short_answer_len32_t0_seed20261006,71,2,15,22,False,False,0.3225806451612903
short_answer_len32_t0_seed20261006,72,0,1,3,False,False,0.0
short_answer_len32_t0_seed20261006,72,1,6,8,False,False,0.1
short_answer_len32_t0_seed20261006,72,2,3,5,False,False,0.05
short_answer_len32_t0_seed20261006,73,0,1,3,False,False,0.0
short_answer_len32_t0_seed20261006,73,1,1,3,False,False,0.0
short_answer_len32_t0_seed20261006,73,2,1,3,False,False,0.0
short_answer_len32_t0_seed20261006,74,0,1,3,False,False,0.0
short_answer_len32_t0_seed20261006,74,1,1,3,False,False,0.0
short_answer_len32_t0_seed20261006,74,2,1,3,False,False,0.0
short_answer_len32_t0_seed20261006,75,0,5,7,False,False,0.05263157894736842
short_answer_len32_t0_seed20261006,75,1,1,5,False,False,0.0
short_answer_len32_t0_seed20261006,75,2,14,19,False,False,0.07894736842105263
short_answer_len32_t0_seed20261006,76,0,3,7,False,False,0.0
short_answer_len32_t0_seed20261006,76,1,7,9,False,False,0.06896551724137931
short_answer_len32_t0_seed20261006,76,2,5,7,False,False,0.034482758620689655
short_answer_len32_t0_seed20261006,77,0,2,4,False,False,0.0
short_answer_len32_t0_seed20261006,77,1,2,4,False,False,0.0
short_answer_len32_t0_seed20261006,77,2,4,6,False,False,0.07894736842105263
short_answer_len32_t0_seed20261006,78,0,4,6,False,False,0.03773584905660377
short_answer_len32_t0_seed20261006,78,1,3,5,False,False,0.018867924528301886
short_answer_len32_t0_seed20261006,78,2,3,5,False,False,0.05660377358490566
short_answer_len32_t0_seed20261006,79,0,1,3,False,False,0.0
short_answer_len32_t0_seed20261006,79,1,1,3,False,False,0.0
short_answer_len32_t0_seed20261006,79,2,1,3,False,False,0.0
short_answer_len32_t0_seed20261006,80,0,5,9,False,False,0.11627906976744186
short_answer_len32_t0_seed20261006,80,1,13,15,False,False,0.18604651162790697
short_answer_len32_t0_seed20261006,80,2,10,13,False,False,0.13953488372093023
short_answer_len32_t0_seed20261006,81,0,3,5,False,False,0.07692307692307693
short_answer_len32_t0_seed20261006,81,1,9,11,False,False,0.0
short_answer_len32_t0_seed20261006,81,2,3,5,False,False,0.07692307692307693
short_answer_len32_t0_seed20261006,82,0,1,3,False,False,0.0
short_answer_len32_t0_seed20261006,82,1,1,3,False,False,0.0
short_answer_len32_t0_seed20261006,82,2,1,3,False,False,0.0
short_answer_len32_t0_seed20261006,83,0,4,6,False,False,0.047619047619047616
short_answer_len32_t0_seed20261006,83,1,5,7,False,False,0.023809523809523808
short_answer_len32_t0_seed20261006,83,2,11,14,False,False,0.047619047619047616
short_answer_len32_t0_seed20261006,84,0,9,12,False,False,0.07476635514018691
short_answer_len32_t0_seed20261006,84,1,9,12,False,False,0.07476635514018691
short_answer_len32_t0_seed20261006,84,2,14,19,False,False,0.09345794392523364
short_answer_len32_t0_seed20261006,85,0,3,5,False,False,0.04918032786885246
short_answer_len32_t0_seed20261006,85,1,3,5,False,False,0.04918032786885246
short_answer_len32_t0_seed20261006,85,2,13,19,False,False,0.08196721311475409
short_answer_len32_t0_seed20261006,86,0,1,3,False,False,0.0
short_answer_len32_t0_seed20261006,86,1,1,3,False,False,0.020833333333333332
short_answer_len32_t0_seed20261006,86,2,11,14,False,False,0.041666666666666664
short_answer_len32_t0_seed20261006,87,0,1,3,False,False,0.0
short_answer_len32_t0_seed20261006,87,1,1,3,False,False,0.0
short_answer_len32_t0_seed20261006,87,2,26,30,False,False,0.20512820512820512
short_answer_len32_t0_seed20261006,88,0,21,29,False,False,0.375
short_answer_len32_t0_seed20261006,88,1,19,26,False,False,0.3125
short_answer_len32_t0_seed20261006,88,2,18,25,False,False,0.5
short_answer_len32_t0_seed20261006,89,0,1,3,False,False,0.0
short_answer_len32_t0_seed20261006,89,1,5,7,False,False,0.5
short_answer_len32_t0_seed20261006,89,2,19,24,False,False,0.25
short_answer_len32_t0_seed20261006,90,0,1,3,False,False,0.0
short_answer_len32_t0_seed20261006,90,1,1,3,False,False,0.0
short_answer_len32_t0_seed20261006,90,2,1,3,False,False,0.0
short_answer_len32_t0_seed20261006,91,0,2,5,False,False,0.02857142857142857
short_answer_len32_t0_seed20261006,91,1,2,5,False,False,0.02857142857142857
short_answer_len32_t0_seed20261006,91,2,8,11,False,False,0.08571428571428572
short_answer_len32_t0_seed20261006,92,0,1,3,False,False,0.01694915254237288
short_answer_len32_t0_seed20261006,92,1,1,3,False,False,0.01694915254237288
short_answer_len32_t0_seed20261006,92,2,1,3,False,False,0.01694915254237288
short_answer_len32_t0_seed20261006,93,0,2,4,False,False,0.015384615384615385
short_answer_len32_t0_seed20261006,93,1,3,7,False,False,0.015384615384615385
short_answer_len32_t0_seed20261006,93,2,3,5,False,False,0.0
short_answer_len32_t0_seed20261006,94,0,1,3,False,False,0.0
short_answer_len32_t0_seed20261006,94,1,1,3,False,False,0.0
short_answer_len32_t0_seed20261006,94,2,17,21,False,False,0.41379310344827586
short_answer_len32_t0_seed20261006,95,0,2,4,False,False,0.043478260869565216
short_answer_len32_t0_seed20261006,95,1,2,4,False,False,0.021739130434782608
short_answer_len32_t0_seed20261006,95,2,3,5,False,False,0.06521739130434782
short_answer_len32_t0_seed20261006,96,0,3,6,False,False,0.029411764705882353
short_answer_len32_t0_seed20261006,96,1,3,5,False,False,0.058823529411764705
short_answer_len32_t0_seed20261006,96,2,3,5,False,False,0.029411764705882353
short_answer_len32_t0_seed20261006,97,0,2,6,False,False,0.0196078431372549
short_answer_len32_t0_seed20261006,97,1,11,16,False,False,0.19607843137254902
short_answer_len32_t0_seed20261006,97,2,14,22,False,False,0.27450980392156865
short_answer_len32_t0_seed20261006,98,0,1,5,False,False,0.0
short_answer_len32_t0_seed20261006,98,1,1,5,False,False,0.0
short_answer_len32_t0_seed20261006,98,2,1,3,False,False,0.0
short_answer_len32_t0_seed20261006,99,0,1,3,False,False,0.0
short_answer_len32_t0_seed20261006,99,1,3,5,False,False,0.06451612903225806
short_answer_len32_t0_seed20261006,99,2,5,7,False,False,0.12903225806451613
short_answer_len32_t0_seed20261006,100,0,1,3,False,False,0.0
short_answer_len32_t0_seed20261006,100,1,1,5,False,False,0.0
short_answer_len32_t0_seed20261006,100,2,1,3,False,False,0.0
short_answer_len32_t0.7_seed20261006,1,0,1,3,False,False,0.0
short_answer_len32_t0.7_seed20261006,1,1,1,3,False,False,0.0
short_answer_len32_t0.7_seed20261006,1,2,9,12,False,False,0.10344827586206896
short_answer_len32_t0.7_seed20261006,2,0,5,8,False,False,0.09302325581395349
short_answer_len32_t0.7_seed20261006,2,1,4,7,False,False,0.06976744186046512
short_answer_len32_t0.7_seed20261006,2,2,5,7,False,False,0.09302325581395349
short_answer_len32_t0.7_seed20261006,3,0,3,5,False,False,0.0625
short_answer_len32_t0.7_seed20261006,3,1,22,26,False,False,0.3125
short_answer_len32_t0.7_seed20261006,3,2,28,33,False,False,0.1875
short_answer_len32_t0.7_seed20261006,4,0,13,15,False,False,0.17647058823529413
short_answer_len32_t0.7_seed20261006,4,1,13,15,False,False,0.35294117647058826
short_answer_len32_t0.7_seed20261006,4,2,10,13,False,False,0.11764705882352941
short_answer_len32_t0.7_seed20261006,5,0,5,7,False,False,0.0625
short_answer_len32_t0.7_seed20261006,5,1,3,5,False,False,0.03125
short_answer_len32_t0.7_seed20261006,5,2,3,5,False,False,0.03125
short_answer_len32_t0.7_seed20261006,6,0,1,3,False,False,0.0
short_answer_len32_t0.7_seed20261006,6,1,8,10,False,False,0.4
short_answer_len32_t0.7_seed20261006,6,2,25,30,False,False,0.95
short_answer_len32_t0.7_seed20261006,7,0,1,3,False,False,0.018518518518518517
short_answer_len32_t0.7_seed20261006,7,1,2,4,False,False,0.037037037037037035
short_answer_len32_t0.7_seed20261006,7,2,2,4,False,False,0.018518518518518517
short_answer_len32_t0.7_seed20261006,8,0,1,3,False,False,0.0
short_answer_len32_t0.7_seed20261006,8,1,2,5,False,False,0.041666666666666664
short_answer_len32_t0.7_seed20261006,8,2,1,3,False,False,0.0
short_answer_len32_t0.7_seed20261006,9,0,5,7,False,False,0.03333333333333333
short_answer_len32_t0.7_seed20261006,9,1,4,6,False,False,0.13333333333333333
short_answer_len32_t0.7_seed20261006,9,2,4,8,False,False,0.03333333333333333
short_answer_len32_t0.7_seed20261006,10,0,1,3,False,False,0.03125
short_answer_len32_t0.7_seed20261006,10,1,1,3,False,False,0.03125
short_answer_len32_t0.7_seed20261006,10,2,18,30,False,False,0.5625
short_answer_len32_t0.7_seed20261006,11,0,1,3,False,False,0.0196078431372549
short_answer_len32_t0.7_seed20261006,11,1,1,3,False,False,0.0
short_answer_len32_t0.7_seed20261006,11,2,8,12,False,False,0.058823529411764705
short_answer_len32_t0.7_seed20261006,12,0,1,3,False,False,0.0
short_answer_len32_t0.7_seed20261006,12,1,1,3,False,False,0.0
short_answer_len32_t0.7_seed20261006,12,2,19,26,False,False,0.2222222222222222
short_answer_len32_t0.7_seed20261006,13,0,5,9,False,False,0.10256410256410256
short_answer_len32_t0.7_seed20261006,13,1,2,6,False,False,0.02564102564102564
short_answer_len32_t0.7_seed20261006,13,2,5,9,False,False,0.10256410256410256
short_answer_len32_t0.7_seed20261006,14,0,8,10,False,False,0.1111111111111111
short_answer_len32_t0.7_seed20261006,14,1,7,10,False,False,0.1111111111111111
short_answer_len32_t0.7_seed20261006,14,2,7,10,False,False,0.14814814814814814
short_answer_len32_t0.7_seed20261006,15,0,6,8,False,False,0.12903225806451613
short_answer_len32_t0.7_seed20261006,15,1,1,6,False,False,0.0
short_answer_len32_t0.7_seed20261006,15,2,18,25,False,False,0.22580645161290322
short_answer_len32_t0.7_seed20261006,16,0,8,10,False,False,0.3333333333333333
short_answer_len32_t0.7_seed20261006,16,1,10,12,False,False,0.3333333333333333
short_answer_len32_t0.7_seed20261006,16,2,13,18,False,False,0.08333333333333333
short_answer_len32_t0.7_seed20261006,17,0,9,11,False,False,0.23076923076923078
short_answer_len32_t0.7_seed20261006,17,1,1,3,False,False,0.0
short_answer_len32_t0.7_seed20261006,17,2,11,14,False,False,0.3076923076923077
short_answer_len32_t0.7_seed20261006,18,0,5,7,False,False,0.03225806451612903
short_answer_len32_t0.7_seed20261006,18,1,2,4,False,False,0.0
short_answer_len32_t0.7_seed20261006,18,2,2,4,False,False,0.03225806451612903
short_answer_len32_t0.7_seed20261006,19,0,1,3,False,False,0.0
short_answer_len32_t0.7_seed20261006,19,1,1,3,False,False,0.0
short_answer_len32_t0.7_seed20261006,19,2,1,3,False,False,0.0
short_answer_len32_t0.7_seed20261006,20,0,1,3,False,False,0.0
short_answer_len32_t0.7_seed20261006,20,1,1,3,False,False,0.0
short_answer_len32_t0.7_seed20261006,20,2,9,14,False,False,0.058823529411764705
short_answer_len32_t0.7_seed20261006,21,0,1,3,False,False,0.0
short_answer_len32_t0.7_seed20261006,21,1,1,3,False,False,0.0
short_answer_len32_t0.7_seed20261006,21,2,1,3,False,False,0.0
short_answer_len32_t0.7_seed20261006,22,0,1,3,False,False,0.0
short_answer_len32_t0.7_seed20261006,22,1,7,9,False,False,0.07407407407407407
short_answer_len32_t0.7_seed20261006,22,2,25,30,False,False,0.7407407407407407
short_answer_len32_t0.7_seed20261006,23,0,1,3,False,False,0.0
short_answer_len32_t0.7_seed20261006,23,1,1,3,False,False,0.0
short_answer_len32_t0.7_seed20261006,23,2,1,3,False,False,0.0
short_answer_len32_t0.7_seed20261006,24,0,3,5,False,False,0.047619047619047616
short_answer_len32_t0.7_seed20261006,24,1,3,8,False,False,0.023809523809523808
short_answer_len32_t0.7_seed20261006,24,2,24,29,False,False,0.4523809523809524
short_answer_len32_t0.7_seed20261006,25,0,1,4,False,False,0.022222222222222223
short_answer_len32_t0.7_seed20261006,25,1,1,4,False,False,0.022222222222222223
short_answer_len32_t0.7_seed20261006,25,2,1,4,False,False,0.022222222222222223
short_answer_len32_t0.7_seed20261006,26,0,2,4,False,False,0.014492753623188406
short_answer_len32_t0.7_seed20261006,26,1,10,12,False,False,0.13043478260869565
short_answer_len32_t0.7_seed20261006,26,2,9,12,False,False,0.057971014492753624
short_answer_len32_t0.7_seed20261006,27,0,5,7,False,False,0.10810810810810811
short_answer_len32_t0.7_seed20261006,27,1,4,6,False,False,0.05405405405405406
short_answer_len32_t0.7_seed20261006,27,2,6,8,False,False,0.08108108108108109
short_answer_len32_t0.7_seed20261006,28,0,1,3,False,False,0.0
short_answer_len32_t0.7_seed20261006,28,1,1,3,False,False,0.0
short_answer_len32_t0.7_seed20261006,28,2,1,3,False,False,0.0
short_answer_len32_t0.7_seed20261006,29,0,1,3,False,False,0.0
short_answer_len32_t0.7_seed20261006,29,1,1,5,False,False,0.0
short_answer_len32_t0.7_seed20261006,29,2,16,24,False,False,0.12903225806451613
short_answer_len32_t0.7_seed20261006,30,0,1,3,False,False,0.0
short_answer_len32_t0.7_seed20261006,30,1,1,3,False,False,0.0
short_answer_len32_t0.7_seed20261006,30,2,25,30,False,False,0.5581395348837209
short_answer_len32_t0.7_seed20261006,31,0,1,3,False,False,0.0
short_answer_len32_t0.7_seed20261006,31,1,2,7,False,False,0.03333333333333333
short_answer_len32_t0.7_seed20261006,31,2,15,18,False,False,0.25
short_answer_len32_t0.7_seed20261006,32,0,1,3,False,False,0.0
short_answer_len32_t0.7_seed20261006,32,1,15,17,False,False,0.23333333333333334
short_answer_len32_t0.7_seed20261006,32,2,15,18,False,False,0.25
short_answer_len32_t0.7_seed20261006,33,0,4,6,False,False,0.4
short_answer_len32_t0.7_seed20261006,33,1,4,6,False,False,0.4
short_answer_len32_t0.7_seed20261006,33,2,27,32,False,False,0.6
short_answer_len32_t0.7_seed20261006,34,0,2,4,False,False,0.0
short_answer_len32_t0.7_seed20261006,34,1,2,4,False,False,0.0
short_answer_len32_t0.7_seed20261006,34,2,24,30,False,False,0.17391304347826086
short_answer_len32_t0.7_seed20261006,35,0,4,6,False,False,0.07692307692307693
short_answer_len32_t0.7_seed20261006,35,1,5,7,False,False,0.07692307692307693
short_answer_len32_t0.7_seed20261006,35,2,5,7,False,False,0.07692307692307693
short_answer_len32_t0.7_seed20261006,36,0,2,4,False,False,0.018867924528301886
short_answer_len32_t0.7_seed20261006,36,1,4,8,False,False,0.0
short_answer_len32_t0.7_seed20261006,36,2,10,12,False,False,0.1509433962264151
short_answer_len32_t0.7_seed20261006,37,0,3,5,False,False,0.04
short_answer_len32_t0.7_seed20261006,37,1,7,9,False,False,0.08
short_answer_len32_t0.7_seed20261006,37,2,7,9,False,False,0.08
short_answer_len32_t0.7_seed20261006,38,0,1,3,False,False,0.0
short_answer_len32_t0.7_seed20261006,38,1,1,3,False,False,0.0
short_answer_len32_t0.7_seed20261006,38,2,17,23,False,False,0.21052631578947367
short_answer_len32_t0.7_seed20261006,39,0,1,3,False,False,0.019230769230769232
short_answer_len32_t0.7_seed20261006,39,1,5,7,False,False,0.07692307692307693
short_answer_len32_t0.7_seed20261006,39,2,11,13,False,False,0.15384615384615385
short_answer_len32_t0.7_seed20261006,40,0,16,18,False,False,0.2826086956521739
short_answer_len32_t0.7_seed20261006,40,1,16,18,False,False,0.2826086956521739
short_answer_len32_t0.7_seed20261006,40,2,17,22,False,False,0.17391304347826086
short_answer_len32_t0.7_seed20261006,41,0,2,4,False,False,0.03773584905660377
short_answer_len32_t0.7_seed20261006,41,1,2,4,False,False,0.03773584905660377
short_answer_len32_t0.7_seed20261006,41,2,7,10,False,False,0.1320754716981132
short_answer_len32_t0.7_seed20261006,42,0,1,3,False,False,0.0
short_answer_len32_t0.7_seed20261006,42,1,8,10,False,False,0.0851063829787234
short_answer_len32_t0.7_seed20261006,42,2,27,36,False,False,0.23404255319148937
short_answer_len32_t0.7_seed20261006,43,0,1,3,False,False,0.0196078431372549
short_answer_len32_t0.7_seed20261006,43,1,1,3,False,False,0.0196078431372549
short_answer_len32_t0.7_seed20261006,43,2,25,29,False,False,0.17647058823529413
short_answer_len32_t0.7_seed20261006,44,0,1,3,False,False,0.0
short_answer_len32_t0.7_seed20261006,44,1,1,3,False,False,0.0
short_answer_len32_t0.7_seed20261006,44,2,3,6,False,False,0.0
short_answer_len32_t0.7_seed20261006,45,0,1,3,False,False,0.0
short_answer_len32_t0.7_seed20261006,45,1,1,3,False,False,0.0
short_answer_len32_t0.7_seed20261006,45,2,14,17,False,False,0.16666666666666666
short_answer_len32_t0.7_seed20261006,46,0,1,3,False,False,0.0
short_answer_len32_t0.7_seed20261006,46,1,1,6,False,False,0.0
short_answer_len32_t0.7_seed20261006,46,2,26,32,False,False,0.19148936170212766
short_answer_len32_t0.7_seed20261006,47,0,1,3,False,False,0.0
short_answer_len32_t0.7_seed20261006,47,1,1,3,False,False,0.0
short_answer_len32_t0.7_seed20261006,47,2,8,11,False,False,0.1282051282051282
short_answer_len32_t0.7_seed20261006,48,0,2,4,False,False,0.03125
short_answer_len32_t0.7_seed20261006,48,1,1,5,False,False,0.0
short_answer_len32_t0.7_seed20261006,48,2,4,8,False,False,0.0625
short_answer_len32_t0.7_seed20261006,49,0,8,12,False,False,0.1111111111111111
short_answer_len32_t0.7_seed20261006,49,1,5,7,False,False,0.07407407407407407
short_answer_len32_t0.7_seed20261006,49,2,7,11,False,False,0.1111111111111111
short_answer_len32_t0.7_seed20261006,50,0,1,3,False,False,0.0
short_answer_len32_t0.7_seed20261006,50,1,1,3,False,False,0.0
short_answer_len32_t0.7_seed20261006,50,2,11,14,False,False,0.1282051282051282
short_answer_len32_t0.7_seed20261006,51,0,15,20,False,False,0.358974358974359
short_answer_len32_t0.7_seed20261006,51,1,8,10,False,False,0.05128205128205128
short_answer_len32_t0.7_seed20261006,51,2,3,5,False,False,0.0
short_answer_len32_t0.7_seed20261006,52,0,1,3,False,False,0.0
short_answer_len32_t0.7_seed20261006,52,1,15,17,False,False,0.21739130434782608
short_answer_len32_t0.7_seed20261006,52,2,6,10,False,False,0.13043478260869565
short_answer_len32_t0.7_seed20261006,53,0,2,4,False,False,0.03225806451612903
short_answer_len32_t0.7_seed20261006,53,1,8,11,False,False,0.0967741935483871
short_answer_len32_t0.7_seed20261006,53,2,11,13,False,False,0.06451612903225806
short_answer_len32_t0.7_seed20261006,54,0,1,3,False,False,0.0
short_answer_len32_t0.7_seed20261006,54,1,1,3,False,False,0.0
short_answer_len32_t0.7_seed20261006,54,2,18,22,False,False,0.12195121951219512
short_answer_len32_t0.7_seed20261006,55,0,2,4,False,False,0.02631578947368421
short_answer_len32_t0.7_seed20261006,55,1,2,4,False,False,0.02631578947368421
short_answer_len32_t0.7_seed20261006,55,2,7,12,False,False,0.18421052631578946
short_answer_len32_t0.7_seed20261006,56,0,1,3,False,False,0.021739130434782608
short_answer_len32_t0.7_seed20261006,56,1,5,7,False,False,0.06521739130434782
short_answer_len32_t0.7_seed20261006,56,2,9,12,False,False,0.043478260869565216
short_answer_len32_t0.7_seed20261006,57,0,1,6,False,False,0.018518518518518517
short_answer_len32_t0.7_seed20261006,57,1,1,5,False,False,0.0
short_answer_len32_t0.7_seed20261006,57,2,26,32,False,False,0.46296296296296297
short_answer_len32_t0.7_seed20261006,58,0,1,6,False,False,0.017241379310344827
short_answer_len32_t0.7_seed20261006,58,1,8,10,False,False,0.034482758620689655
short_answer_len32_t0.7_seed20261006,58,2,22,27,False,False,0.13793103448275862
short_answer_len32_t0.7_seed20261006,59,0,1,3,False,False,0.0
short_answer_len32_t0.7_seed20261006,59,1,1,3,False,False,0.0
short_answer_len32_t0.7_seed20261006,59,2,7,10,False,False,0.05
short_answer_len32_t0.7_seed20261006,60,0,1,3,False,False,0.0
short_answer_len32_t0.7_seed20261006,60,1,1,3,False,False,0.0
short_answer_len32_t0.7_seed20261006,60,2,9,12,False,False,0.044444444444444446
short_answer_len32_t0.7_seed20261006,61,0,4,6,False,False,0.027777777777777776
short_answer_len32_t0.7_seed20261006,61,1,1,6,False,False,0.0
short_answer_len32_t0.7_seed20261006,61,2,13,16,False,False,0.19444444444444445
short_answer_len32_t0.7_seed20261006,62,0,6,8,False,False,0.10810810810810811
short_answer_len32_t0.7_seed20261006,62,1,5,9,False,False,0.05405405405405406
short_answer_len32_t0.7_seed20261006,62,2,15,18,False,False,0.32432432432432434
short_answer_len32_t0.7_seed20261006,63,0,1,3,False,False,0.0
short_answer_len32_t0.7_seed20261006,63,1,1,3,False,False,0.0
short_answer_len32_t0.7_seed20261006,63,2,1,3,False,False,0.0
short_answer_len32_t0.7_seed20261006,64,0,5,7,False,False,0.13513513513513514
short_answer_len32_t0.7_seed20261006,64,1,1,3,False,False,0.02702702702702703
short_answer_len32_t0.7_seed20261006,64,2,5,8,False,False,0.05405405405405406
short_answer_len32_t0.7_seed20261006,65,0,1,3,False,False,0.02631578947368421
short_answer_len32_t0.7_seed20261006,65,1,6,8,False,False,0.07894736842105263
short_answer_len32_t0.7_seed20261006,65,2,18,21,False,False,0.18421052631578946
short_answer_len32_t0.7_seed20261006,66,0,2,4,False,False,0.044444444444444446
short_answer_len32_t0.7_seed20261006,66,1,16,20,False,False,0.08888888888888889
short_answer_len32_t0.7_seed20261006,66,2,11,13,False,False,0.022222222222222223
short_answer_len32_t0.7_seed20261006,67,0,1,3,False,False,0.0
short_answer_len32_t0.7_seed20261006,67,1,1,5,False,False,0.0
short_answer_len32_t0.7_seed20261006,67,2,18,22,False,False,0.14285714285714285
short_answer_len32_t0.7_seed20261006,68,0,5,8,False,False,0.07894736842105263
short_answer_len32_t0.7_seed20261006,68,1,9,12,False,False,0.05263157894736842
short_answer_len32_t0.7_seed20261006,68,2,21,26,False,False,0.42105263157894735
short_answer_len32_t0.7_seed20261006,69,0,1,3,False,False,0.0
short_answer_len32_t0.7_seed20261006,69,1,1,3,False,False,0.0
short_answer_len32_t0.7_seed20261006,69,2,1,3,False,False,0.0
short_answer_len32_t0.7_seed20261006,70,0,13,15,False,False,0.125
short_answer_len32_t0.7_seed20261006,70,1,6,9,False,False,0.0625
short_answer_len32_t0.7_seed20261006,70,2,13,16,False,False,0.125
short_answer_len32_t0.7_seed20261006,71,0,1,4,False,False,0.0
short_answer_len32_t0.7_seed20261006,71,1,7,11,False,False,0.06451612903225806
short_answer_len32_t0.7_seed20261006,71,2,14,16,False,False,0.06451612903225806
short_answer_len32_t0.7_seed20261006,72,0,2,4,False,False,0.05
short_answer_len32_t0.7_seed20261006,72,1,1,3,False,False,0.0
short_answer_len32_t0.7_seed20261006,72,2,19,24,False,False,0.85
short_answer_len32_t0.7_seed20261006,73,0,1,3,False,False,0.0
short_answer_len32_t0.7_seed20261006,73,1,1,3,False,False,0.0
short_answer_len32_t0.7_seed20261006,73,2,1,3,False,False,0.0
short_answer_len32_t0.7_seed20261006,74,0,1,3,False,False,0.0
short_answer_len32_t0.7_seed20261006,74,1,1,3,False,False,0.0
short_answer_len32_t0.7_seed20261006,74,2,20,28,False,False,0.08695652173913043
short_answer_len32_t0.7_seed20261006,75,0,5,7,False,False,0.05263157894736842
short_answer_len32_t0.7_seed20261006,75,1,4,6,False,False,0.02631578947368421
short_answer_len32_t0.7_seed20261006,75,2,6,11,False,False,0.0
short_answer_len32_t0.7_seed20261006,76,0,5,7,False,False,0.0
short_answer_len32_t0.7_seed20261006,76,1,2,4,False,False,0.0
short_answer_len32_t0.7_seed20261006,76,2,9,11,False,False,0.034482758620689655
short_answer_len32_t0.7_seed20261006,77,0,4,6,False,False,0.07894736842105263
short_answer_len32_t0.7_seed20261006,77,1,4,6,False,False,0.07894736842105263
short_answer_len32_t0.7_seed20261006,77,2,12,14,False,False,0.2631578947368421
short_answer_len32_t0.7_seed20261006,78,0,3,5,False,False,0.03773584905660377
short_answer_len32_t0.7_seed20261006,78,1,3,5,False,False,0.03773584905660377
short_answer_len32_t0.7_seed20261006,78,2,3,5,False,False,0.018867924528301886
short_answer_len32_t0.7_seed20261006,79,0,1,3,False,False,0.0
short_answer_len32_t0.7_seed20261006,79,1,1,3,False,False,0.0
short_answer_len32_t0.7_seed20261006,79,2,26,33,False,False,0.3191489361702128
short_answer_len32_t0.7_seed20261006,80,0,10,14,False,False,0.023255813953488372
short_answer_len32_t0.7_seed20261006,80,1,9,11,False,False,0.11627906976744186
short_answer_len32_t0.7_seed20261006,80,2,14,17,False,False,0.16279069767441862
short_answer_len32_t0.7_seed20261006,81,0,3,5,False,False,0.07692307692307693
short_answer_len32_t0.7_seed20261006,81,1,4,6,False,False,0.07692307692307693
short_answer_len32_t0.7_seed20261006,81,2,5,13,False,False,0.0
short_answer_len32_t0.7_seed20261006,82,0,1,3,False,False,0.0
short_answer_len32_t0.7_seed20261006,82,1,1,3,False,False,0.0
short_answer_len32_t0.7_seed20261006,82,2,1,3,False,False,0.0
short_answer_len32_t0.7_seed20261006,83,0,1,6,False,False,0.0
short_answer_len32_t0.7_seed20261006,83,1,2,4,False,False,0.011904761904761904
short_answer_len32_t0.7_seed20261006,83,2,7,10,False,False,0.047619047619047616
short_answer_len32_t0.7_seed20261006,84,0,9,12,False,False,0.07476635514018691
short_answer_len32_t0.7_seed20261006,84,1,9,12,False,False,0.07476635514018691
short_answer_len32_t0.7_seed20261006,84,2,26,32,False,False,0.09345794392523364
short_answer_len32_t0.7_seed20261006,85,0,3,6,False,False,0.04918032786885246
short_answer_len32_t0.7_seed20261006,85,1,3,5,False,False,0.04918032786885246
short_answer_len32_t0.7_seed20261006,85,2,8,11,False,False,0.08196721311475409
short_answer_len32_t0.7_seed20261006,86,0,1,3,False,False,0.020833333333333332
short_answer_len32_t0.7_seed20261006,86,1,1,3,False,False,0.020833333333333332
short_answer_len32_t0.7_seed20261006,86,2,9,12,False,False,0.10416666666666667
short_answer_len32_t0.7_seed20261006,87,0,1,3,False,False,0.0
short_answer_len32_t0.7_seed20261006,87,1,1,3,False,False,0.0
short_answer_len32_t0.7_seed20261006,87,2,20,25,False,False,0.20512820512820512
short_answer_len32_t0.7_seed20261006,88,0,9,12,False,False,0.1875
short_answer_len32_t0.7_seed20261006,88,1,16,24,False,False,0.25
short_answer_len32_t0.7_seed20261006,88,2,9,16,False,False,0.3125
short_answer_len32_t0.7_seed20261006,89,0,2,4,False,False,0.25
short_answer_len32_t0.7_seed20261006,89,1,1,3,False,False,0.0
short_answer_len32_t0.7_seed20261006,89,2,4,7,False,False,0.5
short_answer_len32_t0.7_seed20261006,90,0,1,3,False,False,0.0
short_answer_len32_t0.7_seed20261006,90,1,1,3,False,False,0.0
short_answer_len32_t0.7_seed20261006,90,2,1,3,False,False,0.0
short_answer_len32_t0.7_seed20261006,91,0,4,6,False,False,0.0
short_answer_len32_t0.7_seed20261006,91,1,3,6,False,False,0.02857142857142857
short_answer_len32_t0.7_seed20261006,91,2,5,8,False,False,0.05714285714285714
short_answer_len32_t0.7_seed20261006,92,0,1,3,False,False,0.01694915254237288
short_answer_len32_t0.7_seed20261006,92,1,1,3,False,False,0.01694915254237288
short_answer_len32_t0.7_seed20261006,92,2,1,3,False,False,0.01694915254237288
short_answer_len32_t0.7_seed20261006,93,0,4,6,False,False,0.015384615384615385
short_answer_len32_t0.7_seed20261006,93,1,1,4,False,False,0.0
short_answer_len32_t0.7_seed20261006,93,2,15,18,False,False,0.06153846153846154
short_answer_len32_t0.7_seed20261006,94,0,2,5,False,False,0.0
short_answer_len32_t0.7_seed20261006,94,1,3,5,False,False,0.0
short_answer_len32_t0.7_seed20261006,94,2,1,3,False,False,0.0
short_answer_len32_t0.7_seed20261006,95,0,5,7,False,False,0.043478260869565216
short_answer_len32_t0.7_seed20261006,95,1,5,7,False,False,0.08695652173913043
short_answer_len32_t0.7_seed20261006,95,2,1,3,False,False,0.0
short_answer_len32_t0.7_seed20261006,96,0,3,5,False,False,0.029411764705882353
short_answer_len32_t0.7_seed20261006,96,1,3,5,False,False,0.0
short_answer_len32_t0.7_seed20261006,96,2,3,5,False,False,0.029411764705882353
short_answer_len32_t0.7_seed20261006,97,0,3,7,False,False,0.0196078431372549
short_answer_len32_t0.7_seed20261006,97,1,11,13,False,False,0.0784313725490196
short_answer_len32_t0.7_seed20261006,97,2,14,21,False,False,0.2549019607843137
short_answer_len32_t0.7_seed20261006,98,0,1,4,False,False,0.0
short_answer_len32_t0.7_seed20261006,98,1,1,3,False,False,0.0
short_answer_len32_t0.7_seed20261006,98,2,1,3,False,False,0.0
short_answer_len32_t0.7_seed20261006,99,0,1,5,False,False,0.0
short_answer_len32_t0.7_seed20261006,99,1,3,5,False,False,0.06451612903225806
short_answer_len32_t0.7_seed20261006,99,2,4,6,False,False,0.12903225806451613
short_answer_len32_t0.7_seed20261006,100,0,1,3,False,False,0.0
short_answer_len32_t0.7_seed20261006,100,1,2,4,False,False,0.0
short_answer_len32_t0.7_seed20261006,100,2,3,5,False,False,0.0
short_answer_len96_t0_seed20261006,1,0,1,3,False,False,0.0
short_answer_len96_t0_seed20261006,1,1,1,3,False,False,0.0
short_answer_len96_t0_seed20261006,1,2,18,21,False,False,0.3103448275862069
short_answer_len96_t0_seed20261006,2,0,5,8,False,False,0.09302325581395349
short_answer_len96_t0_seed20261006,2,1,5,8,False,False,0.09302325581395349
short_answer_len96_t0_seed20261006,2,2,5,9,False,False,0.11627906976744186
short_answer_len96_t0_seed20261006,3,0,1,3,False,False,0.0
short_answer_len96_t0_seed20261006,3,1,3,5,False,False,0.0625
short_answer_len96_t0_seed20261006,3,2,16,20,False,False,0.375
short_answer_len96_t0_seed20261006,4,0,1,3,False,False,0.0
short_answer_len96_t0_seed20261006,4,1,15,17,False,False,0.17647058823529413
short_answer_len96_t0_seed20261006,4,2,22,27,False,False,0.4117647058823529
short_answer_len96_t0_seed20261006,5,0,3,6,False,False,0.03125
short_answer_len96_t0_seed20261006,5,1,1,5,False,False,0.0
short_answer_len96_t0_seed20261006,5,2,8,11,False,False,0.125
short_answer_len96_t0_seed20261006,6,0,1,3,False,False,0.0
short_answer_len96_t0_seed20261006,6,1,1,3,False,False,0.0
short_answer_len96_t0_seed20261006,6,2,12,15,False,False,0.5
short_answer_len96_t0_seed20261006,7,0,1,3,False,False,0.018518518518518517
short_answer_len96_t0_seed20261006,7,1,1,3,False,False,0.018518518518518517
short_answer_len96_t0_seed20261006,7,2,1,3,False,False,0.018518518518518517
short_answer_len96_t0_seed20261006,8,0,2,4,False,False,0.0
short_answer_len96_t0_seed20261006,8,1,3,7,False,False,0.020833333333333332
short_answer_len96_t0_seed20261006,8,2,3,7,False,False,0.020833333333333332
short_answer_len96_t0_seed20261006,9,0,2,4,False,False,0.06666666666666667
short_answer_len96_t0_seed20261006,9,1,2,4,False,False,0.06666666666666667
short_answer_len96_t0_seed20261006,9,2,5,7,False,False,0.1
short_answer_len96_t0_seed20261006,10,0,1,3,False,False,0.03125
short_answer_len96_t0_seed20261006,10,1,1,3,False,False,0.03125
short_answer_len96_t0_seed20261006,10,2,18,30,False,False,0.5625
short_answer_len96_t0_seed20261006,11,0,1,3,False,False,0.0196078431372549
short_answer_len96_t0_seed20261006,11,1,2,4,False,False,0.0196078431372549
short_answer_len96_t0_seed20261006,11,2,10,16,False,False,0.19607843137254902
short_answer_len96_t0_seed20261006,12,0,1,3,False,False,0.0
short_answer_len96_t0_seed20261006,12,1,1,3,False,False,0.0
short_answer_len96_t0_seed20261006,12,2,3,5,False,False,0.0
short_answer_len96_t0_seed20261006,13,0,5,9,False,False,0.10256410256410256
short_answer_len96_t0_seed20261006,13,1,5,9,False,False,0.10256410256410256
short_answer_len96_t0_seed20261006,13,2,5,9,False,False,0.10256410256410256
short_answer_len96_t0_seed20261006,14,0,4,6,False,False,0.14814814814814814
short_answer_len96_t0_seed20261006,14,1,6,8,False,False,0.14814814814814814
short_answer_len96_t0_seed20261006,14,2,4,7,False,False,0.1111111111111111
short_answer_len96_t0_seed20261006,15,0,1,5,False,False,0.0
short_answer_len96_t0_seed20261006,15,1,11,13,False,False,0.16129032258064516
short_answer_len96_t0_seed20261006,15,2,10,13,False,False,0.22580645161290322
short_answer_len96_t0_seed20261006,16,0,1,3,False,False,0.0
short_answer_len96_t0_seed20261006,16,1,10,12,False,False,0.08333333333333333
short_answer_len96_t0_seed20261006,16,2,13,16,False,False,0.8333333333333334
short_answer_len96_t0_seed20261006,17,0,1,3,False,False,0.0
short_answer_len96_t0_seed20261006,17,1,9,11,False,False,0.07692307692307693
short_answer_len96_t0_seed20261006,17,2,12,15,False,False,0.3076923076923077
short_answer_len96_t0_seed20261006,18,0,4,6,False,False,0.03225806451612903
short_answer_len96_t0_seed20261006,18,1,3,5,False,False,0.03225806451612903
short_answer_len96_t0_seed20261006,18,2,8,10,False,False,0.22580645161290322
short_answer_len96_t0_seed20261006,19,0,1,3,False,False,0.0
short_answer_len96_t0_seed20261006,19,1,1,3,False,False,0.0
short_answer_len96_t0_seed20261006,19,2,1,3,False,False,0.0
short_answer_len96_t0_seed20261006,20,0,1,3,False,False,0.0
short_answer_len96_t0_seed20261006,20,1,1,3,False,False,0.0
short_answer_len96_t0_seed20261006,20,2,7,10,False,False,0.0392156862745098
short_answer_len96_t0_seed20261006,21,0,1,3,False,False,0.0
short_answer_len96_t0_seed20261006,21,1,1,3,False,False,0.0
short_answer_len96_t0_seed20261006,21,2,1,3,False,False,0.0
short_answer_len96_t0_seed20261006,22,0,1,3,False,False,0.0
short_answer_len96_t0_seed20261006,22,1,1,3,False,False,0.0
short_answer_len96_t0_seed20261006,22,2,15,19,False,False,0.4444444444444444
short_answer_len96_t0_seed20261006,23,0,1,3,False,False,0.0
short_answer_len96_t0_seed20261006,23,1,1,3,False,False,0.0
short_answer_len96_t0_seed20261006,23,2,1,3,False,False,0.0
short_answer_len96_t0_seed20261006,24,0,3,5,False,False,0.047619047619047616
short_answer_len96_t0_seed20261006,24,1,7,9,False,False,0.16666666666666666
short_answer_len96_t0_seed20261006,24,2,9,12,False,False,0.19047619047619047
short_answer_len96_t0_seed20261006,25,0,1,4,False,False,0.022222222222222223
short_answer_len96_t0_seed20261006,25,1,1,4,False,False,0.022222222222222223
short_answer_len96_t0_seed20261006,25,2,1,4,False,False,0.022222222222222223
short_answer_len96_t0_seed20261006,26,0,5,7,False,False,0.043478260869565216
short_answer_len96_t0_seed20261006,26,1,6,8,False,False,0.07246376811594203
short_answer_len96_t0_seed20261006,26,2,10,13,False,False,0.043478260869565216
short_answer_len96_t0_seed20261006,27,0,3,5,False,False,0.05405405405405406
short_answer_len96_t0_seed20261006,27,1,3,5,False,False,0.05405405405405406
short_answer_len96_t0_seed20261006,27,2,1,5,False,False,0.0
short_answer_len96_t0_seed20261006,28,0,1,3,False,False,0.0
short_answer_len96_t0_seed20261006,28,1,1,3,False,False,0.0
short_answer_len96_t0_seed20261006,28,2,1,3,False,False,0.0
short_answer_len96_t0_seed20261006,29,0,1,3,False,False,0.0
short_answer_len96_t0_seed20261006,29,1,1,3,False,False,0.0
short_answer_len96_t0_seed20261006,29,2,6,12,False,False,0.03225806451612903
short_answer_len96_t0_seed20261006,30,0,1,3,False,False,0.0
short_answer_len96_t0_seed20261006,30,1,1,3,False,False,0.0
short_answer_len96_t0_seed20261006,30,2,10,16,False,False,0.11627906976744186
short_answer_len96_t0_seed20261006,31,0,1,3,False,False,0.0
short_answer_len96_t0_seed20261006,31,1,1,3,False,False,0.0
short_answer_len96_t0_seed20261006,31,2,15,18,False,False,0.25
short_answer_len96_t0_seed20261006,32,0,1,3,False,False,0.0
short_answer_len96_t0_seed20261006,32,1,1,3,False,False,0.0
short_answer_len96_t0_seed20261006,32,2,15,18,False,False,0.25
short_answer_len96_t0_seed20261006,33,0,2,4,False,False,0.1
short_answer_len96_t0_seed20261006,33,1,4,6,False,False,0.4
short_answer_len96_t0_seed20261006,33,2,19,22,False,False,0.8
short_answer_len96_t0_seed20261006,34,0,2,4,False,False,0.0
short_answer_len96_t0_seed20261006,34,1,2,4,False,False,0.0
short_answer_len96_t0_seed20261006,34,2,4,7,False,False,0.08695652173913043
short_answer_len96_t0_seed20261006,35,0,5,7,False,False,0.07692307692307693
short_answer_len96_t0_seed20261006,35,1,5,7,False,False,0.07692307692307693
short_answer_len96_t0_seed20261006,35,2,5,8,False,False,0.07692307692307693
short_answer_len96_t0_seed20261006,36,0,10,12,False,False,0.1509433962264151
short_answer_len96_t0_seed20261006,36,1,10,12,False,False,0.1509433962264151
short_answer_len96_t0_seed20261006,36,2,10,13,False,False,0.16981132075471697
short_answer_len96_t0_seed20261006,37,0,7,9,False,False,0.08
short_answer_len96_t0_seed20261006,37,1,7,9,False,False,0.08
short_answer_len96_t0_seed20261006,37,2,7,9,False,False,0.08
short_answer_len96_t0_seed20261006,38,0,1,3,False,False,0.0
short_answer_len96_t0_seed20261006,38,1,1,3,False,False,0.0
short_answer_len96_t0_seed20261006,38,2,11,16,False,False,0.15789473684210525
short_answer_len96_t0_seed20261006,39,0,4,6,False,False,0.057692307692307696
short_answer_len96_t0_seed20261006,39,1,4,6,False,False,0.057692307692307696
short_answer_len96_t0_seed20261006,39,2,7,9,False,False,0.11538461538461539
short_answer_len96_t0_seed20261006,40,0,16,18,False,False,0.2826086956521739
short_answer_len96_t0_seed20261006,40,1,6,8,False,False,0.10869565217391304
short_answer_len96_t0_seed20261006,40,2,14,19,False,False,0.21739130434782608
short_answer_len96_t0_seed20261006,41,0,2,4,False,False,0.03773584905660377
short_answer_len96_t0_seed20261006,41,1,2,4,False,False,0.03773584905660377
short_answer_len96_t0_seed20261006,41,2,2,4,False,False,0.03773584905660377
short_answer_len96_t0_seed20261006,42,0,1,3,False,False,0.0
short_answer_len96_t0_seed20261006,42,1,1,3,False,False,0.0
short_answer_len96_t0_seed20261006,42,2,11,14,False,False,0.19148936170212766
short_answer_len96_t0_seed20261006,43,0,1,3,False,False,0.0196078431372549
short_answer_len96_t0_seed20261006,43,1,1,3,False,False,0.0196078431372549
short_answer_len96_t0_seed20261006,43,2,14,17,False,False,0.23529411764705882
short_answer_len96_t0_seed20261006,44,0,1,3,False,False,0.0
short_answer_len96_t0_seed20261006,44,1,1,3,False,False,0.0
short_answer_len96_t0_seed20261006,44,2,79,94,False,False,0.46938775510204084
short_answer_len96_t0_seed20261006,45,0,1,3,False,False,0.0
short_answer_len96_t0_seed20261006,45,1,1,3,False,False,0.0
short_answer_len96_t0_seed20261006,45,2,10,13,False,False,0.1388888888888889
short_answer_len96_t0_seed20261006,46,0,2,4,False,False,0.02127659574468085
short_answer_len96_t0_seed20261006,46,1,4,6,False,False,0.0851063829787234
short_answer_len96_t0_seed20261006,46,2,15,24,False,False,0.1702127659574468
short_answer_len96_t0_seed20261006,47,0,1,3,False,False,0.0
short_answer_len96_t0_seed20261006,47,1,1,6,False,False,0.02564102564102564
short_answer_len96_t0_seed20261006,47,2,11,14,False,False,0.1794871794871795
short_answer_len96_t0_seed20261006,48,0,2,7,False,False,0.03125
short_answer_len96_t0_seed20261006,48,1,3,5,False,False,0.0625
short_answer_len96_t0_seed20261006,48,2,1,5,False,False,0.0
short_answer_len96_t0_seed20261006,49,0,7,11,False,False,0.1111111111111111
short_answer_len96_t0_seed20261006,49,1,7,11,False,False,0.1111111111111111
short_answer_len96_t0_seed20261006,49,2,7,12,False,False,0.12962962962962962
short_answer_len96_t0_seed20261006,50,0,1,3,False,False,0.0
short_answer_len96_t0_seed20261006,50,1,1,3,False,False,0.0
short_answer_len96_t0_seed20261006,50,2,25,30,False,False,0.6153846153846154
short_answer_len96_t0_seed20261006,51,0,2,6,False,False,0.0
short_answer_len96_t0_seed20261006,51,1,3,5,False,False,0.0
short_answer_len96_t0_seed20261006,51,2,1,5,False,False,0.0
short_answer_len96_t0_seed20261006,52,0,2,4,False,False,0.043478260869565216
short_answer_len96_t0_seed20261006,52,1,5,7,False,False,0.08695652173913043
short_answer_len96_t0_seed20261006,52,2,3,5,False,False,0.043478260869565216
short_answer_len96_t0_seed20261006,53,0,2,4,False,False,0.03225806451612903
short_answer_len96_t0_seed20261006,53,1,3,5,False,False,0.06451612903225806
short_answer_len96_t0_seed20261006,53,2,14,17,False,False,0.06451612903225806
short_answer_len96_t0_seed20261006,54,0,1,3,False,False,0.0
short_answer_len96_t0_seed20261006,54,1,1,3,False,False,0.0
short_answer_len96_t0_seed20261006,54,2,15,18,False,False,0.0975609756097561
short_answer_len96_t0_seed20261006,55,0,2,4,False,False,0.02631578947368421
short_answer_len96_t0_seed20261006,55,1,2,4,False,False,0.02631578947368421
short_answer_len96_t0_seed20261006,55,2,7,12,False,False,0.18421052631578946
short_answer_len96_t0_seed20261006,56,0,2,4,False,False,0.021739130434782608
short_answer_len96_t0_seed20261006,56,1,2,4,False,False,0.021739130434782608
short_answer_len96_t0_seed20261006,56,2,7,10,False,False,0.043478260869565216
short_answer_len96_t0_seed20261006,57,0,1,6,False,False,0.018518518518518517
short_answer_len96_t0_seed20261006,57,1,18,23,False,False,0.3148148148148148
short_answer_len96_t0_seed20261006,57,2,26,32,False,False,0.46296296296296297
short_answer_len96_t0_seed20261006,58,0,1,6,False,False,0.017241379310344827
short_answer_len96_t0_seed20261006,58,1,10,12,False,False,0.13793103448275862
short_answer_len96_t0_seed20261006,58,2,37,52,False,False,0.5
short_answer_len96_t0_seed20261006,59,0,1,3,False,False,0.0
short_answer_len96_t0_seed20261006,59,1,1,3,False,False,0.0
short_answer_len96_t0_seed20261006,59,2,51,62,False,False,0.95
short_answer_len96_t0_seed20261006,60,0,1,3,False,False,0.0
short_answer_len96_t0_seed20261006,60,1,1,3,False,False,0.0
short_answer_len96_t0_seed20261006,60,2,7,10,False,False,0.06666666666666667
short_answer_len96_t0_seed20261006,61,0,2,4,False,False,0.027777777777777776
short_answer_len96_t0_seed20261006,61,1,7,9,False,False,0.1388888888888889
short_answer_len96_t0_seed20261006,61,2,14,17,False,False,0.2777777777777778
short_answer_len96_t0_seed20261006,62,0,2,4,False,False,0.02702702702702703
short_answer_len96_t0_seed20261006,62,1,2,4,False,False,0.02702702702702703
short_answer_len96_t0_seed20261006,62,2,13,16,False,False,0.2702702702702703
short_answer_len96_t0_seed20261006,63,0,1,3,False,False,0.0
short_answer_len96_t0_seed20261006,63,1,1,3,False,False,0.0
short_answer_len96_t0_seed20261006,63,2,1,3,False,False,0.0
short_answer_len96_t0_seed20261006,64,0,1,3,False,False,0.02702702702702703
short_answer_len96_t0_seed20261006,64,1,1,3,False,False,0.02702702702702703
short_answer_len96_t0_seed20261006,64,2,16,19,False,False,0.16216216216216217
short_answer_len96_t0_seed20261006,65,0,1,3,False,False,0.02631578947368421
short_answer_len96_t0_seed20261006,65,1,7,9,False,False,0.15789473684210525
short_answer_len96_t0_seed20261006,65,2,14,17,False,False,0.15789473684210525
short_answer_len96_t0_seed20261006,66,0,2,4,False,False,0.044444444444444446
short_answer_len96_t0_seed20261006,66,1,4,6,False,False,0.022222222222222223
short_answer_len96_t0_seed20261006,66,2,14,17,False,False,0.28888888888888886
short_answer_len96_t0_seed20261006,67,0,1,3,False,False,0.0
short_answer_len96_t0_seed20261006,67,1,1,3,False,False,0.0
short_answer_len96_t0_seed20261006,67,2,14,17,False,False,0.14285714285714285
short_answer_len96_t0_seed20261006,68,0,12,16,False,False,0.21052631578947367
short_answer_len96_t0_seed20261006,68,1,11,15,False,False,0.18421052631578946
short_answer_len96_t0_seed20261006,68,2,17,22,False,False,0.2894736842105263
short_answer_len96_t0_seed20261006,69,0,1,3,False,False,0.0
short_answer_len96_t0_seed20261006,69,1,1,3,False,False,0.0
short_answer_len96_t0_seed20261006,69,2,1,3,False,False,0.0
short_answer_len96_t0_seed20261006,70,0,7,9,False,False,0.0625
short_answer_len96_t0_seed20261006,70,1,9,11,False,False,0.125
short_answer_len96_t0_seed20261006,70,2,17,20,False,False,0.125
short_answer_len96_t0_seed20261006,71,0,1,3,False,False,0.03225806451612903
short_answer_len96_t0_seed20261006,71,1,7,9,False,False,0.06451612903225806
short_answer_len96_t0_seed20261006,71,2,15,22,False,False,0.3225806451612903
short_answer_len96_t0_seed20261006,72,0,1,3,False,False,0.0
short_answer_len96_t0_seed20261006,72,1,6,8,False,False,0.1
short_answer_len96_t0_seed20261006,72,2,3,5,False,False,0.05
short_answer_len96_t0_seed20261006,73,0,1,3,False,False,0.0
short_answer_len96_t0_seed20261006,73,1,1,3,False,False,0.0
short_answer_len96_t0_seed20261006,73,2,1,3,False,False,0.0
short_answer_len96_t0_seed20261006,74,0,1,3,False,False,0.0
short_answer_len96_t0_seed20261006,74,1,1,3,False,False,0.0
short_answer_len96_t0_seed20261006,74,2,1,3,False,False,0.0
short_answer_len96_t0_seed20261006,75,0,5,7,False,False,0.05263157894736842
short_answer_len96_t0_seed20261006,75,1,1,5,False,False,0.0
short_answer_len96_t0_seed20261006,75,2,14,19,False,False,0.07894736842105263
short_answer_len96_t0_seed20261006,76,0,3,7,False,False,0.0
short_answer_len96_t0_seed20261006,76,1,7,9,False,False,0.06896551724137931
short_answer_len96_t0_seed20261006,76,2,5,7,False,False,0.034482758620689655
short_answer_len96_t0_seed20261006,77,0,2,4,False,False,0.0
short_answer_len96_t0_seed20261006,77,1,2,4,False,False,0.0
short_answer_len96_t0_seed20261006,77,2,4,6,False,False,0.07894736842105263
short_answer_len96_t0_seed20261006,78,0,4,6,False,False,0.03773584905660377
short_answer_len96_t0_seed20261006,78,1,3,5,False,False,0.018867924528301886
short_answer_len96_t0_seed20261006,78,2,3,5,False,False,0.05660377358490566
short_answer_len96_t0_seed20261006,79,0,1,3,False,False,0.0
short_answer_len96_t0_seed20261006,79,1,1,3,False,False,0.0
short_answer_len96_t0_seed20261006,79,2,1,3,False,False,0.0
short_answer_len96_t0_seed20261006,80,0,5,9,False,False,0.11627906976744186
short_answer_len96_t0_seed20261006,80,1,13,15,False,False,0.18604651162790697
short_answer_len96_t0_seed20261006,80,2,10,13,False,False,0.13953488372093023
short_answer_len96_t0_seed20261006,81,0,3,5,False,False,0.07692307692307693
short_answer_len96_t0_seed20261006,81,1,9,11,False,False,0.0
short_answer_len96_t0_seed20261006,81,2,3,5,False,False,0.07692307692307693
short_answer_len96_t0_seed20261006,82,0,1,3,False,False,0.0
short_answer_len96_t0_seed20261006,82,1,1,3,False,False,0.0
short_answer_len96_t0_seed20261006,82,2,1,3,False,False,0.0
short_answer_len96_t0_seed20261006,83,0,4,6,False,False,0.047619047619047616
short_answer_len96_t0_seed20261006,83,1,5,7,False,False,0.023809523809523808
short_answer_len96_t0_seed20261006,83,2,11,14,False,False,0.047619047619047616
short_answer_len96_t0_seed20261006,84,0,9,12,False,False,0.07476635514018691
short_answer_len96_t0_seed20261006,84,1,9,12,False,False,0.07476635514018691
short_answer_len96_t0_seed20261006,84,2,14,19,False,False,0.09345794392523364
short_answer_len96_t0_seed20261006,85,0,3,5,False,False,0.04918032786885246
short_answer_len96_t0_seed20261006,85,1,3,5,False,False,0.04918032786885246
short_answer_len96_t0_seed20261006,85,2,13,19,False,False,0.08196721311475409
short_answer_len96_t0_seed20261006,86,0,1,3,False,False,0.0
short_answer_len96_t0_seed20261006,86,1,1,3,False,False,0.020833333333333332
short_answer_len96_t0_seed20261006,86,2,11,14,False,False,0.041666666666666664
short_answer_len96_t0_seed20261006,87,0,1,3,False,False,0.0
short_answer_len96_t0_seed20261006,87,1,1,3,False,False,0.0
short_answer_len96_t0_seed20261006,87,2,57,65,False,False,0.23076923076923078
short_answer_len96_t0_seed20261006,88,0,21,30,False,False,0.3125
short_answer_len96_t0_seed20261006,88,1,19,26,False,False,0.3125
short_answer_len96_t0_seed20261006,88,2,29,38,False,False,0.5
short_answer_len96_t0_seed20261006,89,0,1,3,False,False,0.0
short_answer_len96_t0_seed20261006,89,1,5,7,False,False,0.5
short_answer_len96_t0_seed20261006,89,2,19,24,False,False,0.25
short_answer_len96_t0_seed20261006,90,0,1,3,False,False,0.0
short_answer_len96_t0_seed20261006,90,1,1,3,False,False,0.0
short_answer_len96_t0_seed20261006,90,2,1,3,False,False,0.0
short_answer_len96_t0_seed20261006,91,0,2,5,False,False,0.02857142857142857
short_answer_len96_t0_seed20261006,91,1,2,5,False,False,0.02857142857142857
short_answer_len96_t0_seed20261006,91,2,8,11,False,False,0.08571428571428572
short_answer_len96_t0_seed20261006,92,0,1,3,False,False,0.01694915254237288
short_answer_len96_t0_seed20261006,92,1,1,3,False,False,0.01694915254237288
short_answer_len96_t0_seed20261006,92,2,1,3,False,False,0.01694915254237288
short_answer_len96_t0_seed20261006,93,0,2,4,False,False,0.015384615384615385
short_answer_len96_t0_seed20261006,93,1,3,7,False,False,0.015384615384615385
short_answer_len96_t0_seed20261006,93,2,3,5,False,False,0.0
short_answer_len96_t0_seed20261006,94,0,1,3,False,False,0.0
short_answer_len96_t0_seed20261006,94,1,1,3,False,False,0.0
short_answer_len96_t0_seed20261006,94,2,17,21,False,False,0.41379310344827586
short_answer_len96_t0_seed20261006,95,0,2,4,False,False,0.043478260869565216
short_answer_len96_t0_seed20261006,95,1,2,4,False,False,0.021739130434782608
short_answer_len96_t0_seed20261006,95,2,3,5,False,False,0.06521739130434782
short_answer_len96_t0_seed20261006,96,0,3,6,False,False,0.029411764705882353
short_answer_len96_t0_seed20261006,96,1,3,5,False,False,0.058823529411764705
short_answer_len96_t0_seed20261006,96,2,3,5,False,False,0.029411764705882353
short_answer_len96_t0_seed20261006,97,0,2,6,False,False,0.0196078431372549
short_answer_len96_t0_seed20261006,97,1,11,16,False,False,0.19607843137254902
short_answer_len96_t0_seed20261006,97,2,14,22,False,False,0.27450980392156865
short_answer_len96_t0_seed20261006,98,0,1,5,False,False,0.0
short_answer_len96_t0_seed20261006,98,1,1,5,False,False,0.0
short_answer_len96_t0_seed20261006,98,2,1,3,False,False,0.0
short_answer_len96_t0_seed20261006,99,0,1,3,False,False,0.0
short_answer_len96_t0_seed20261006,99,1,3,5,False,False,0.06451612903225806
short_answer_len96_t0_seed20261006,99,2,5,7,False,False,0.12903225806451613
short_answer_len96_t0_seed20261006,100,0,1,3,False,False,0.0
short_answer_len96_t0_seed20261006,100,1,1,5,False,False,0.0
short_answer_len96_t0_seed20261006,100,2,1,3,False,False,0.0
short_answer_len96_t0.7_seed20261006,1,0,1,3,False,False,0.0
short_answer_len96_t0.7_seed20261006,1,1,1,3,False,False,0.0
short_answer_len96_t0.7_seed20261006,1,2,9,12,False,False,0.10344827586206896
short_answer_len96_t0.7_seed20261006,2,0,5,8,False,False,0.09302325581395349
short_answer_len96_t0.7_seed20261006,2,1,4,7,False,False,0.06976744186046512
short_answer_len96_t0.7_seed20261006,2,2,5,7,False,False,0.09302325581395349
short_answer_len96_t0.7_seed20261006,3,0,3,5,False,False,0.0625
short_answer_len96_t0.7_seed20261006,3,1,22,26,False,False,0.3125
short_answer_len96_t0.7_seed20261006,3,2,35,41,False,False,0.28125
short_answer_len96_t0.7_seed20261006,4,0,13,15,False,False,0.17647058823529413
short_answer_len96_t0.7_seed20261006,4,1,13,15,False,False,0.35294117647058826
short_answer_len96_t0.7_seed20261006,4,2,10,13,False,False,0.11764705882352941
short_answer_len96_t0.7_seed20261006,5,0,5,7,False,False,0.0625
short_answer_len96_t0.7_seed20261006,5,1,3,5,False,False,0.03125
short_answer_len96_t0.7_seed20261006,5,2,3,5,False,False,0.03125
short_answer_len96_t0.7_seed20261006,6,0,1,3,False,False,0.0
short_answer_len96_t0.7_seed20261006,6,1,8,10,False,False,0.4
short_answer_len96_t0.7_seed20261006,6,2,25,30,False,False,0.95
short_answer_len96_t0.7_seed20261006,7,0,1,3,False,False,0.018518518518518517
short_answer_len96_t0.7_seed20261006,7,1,2,4,False,False,0.037037037037037035
short_answer_len96_t0.7_seed20261006,7,2,2,4,False,False,0.018518518518518517
short_answer_len96_t0.7_seed20261006,8,0,1,3,False,False,0.0
short_answer_len96_t0.7_seed20261006,8,1,2,5,False,False,0.041666666666666664
short_answer_len96_t0.7_seed20261006,8,2,1,3,False,False,0.0
short_answer_len96_t0.7_seed20261006,9,0,5,7,False,False,0.03333333333333333
short_answer_len96_t0.7_seed20261006,9,1,4,6,False,False,0.13333333333333333
short_answer_len96_t0.7_seed20261006,9,2,14,17,False,False,0.13333333333333333
short_answer_len96_t0.7_seed20261006,10,0,1,3,False,False,0.03125
short_answer_len96_t0.7_seed20261006,10,1,1,3,False,False,0.03125
short_answer_len96_t0.7_seed20261006,10,2,18,30,False,False,0.5625
short_answer_len96_t0.7_seed20261006,11,0,1,3,False,False,0.0196078431372549
short_answer_len96_t0.7_seed20261006,11,1,1,3,False,False,0.0
short_answer_len96_t0.7_seed20261006,11,2,1,5,False,False,0.0
short_answer_len96_t0.7_seed20261006,12,0,1,3,False,False,0.0
short_answer_len96_t0.7_seed20261006,12,1,1,3,False,False,0.0
short_answer_len96_t0.7_seed20261006,12,2,1,3,False,False,0.0
short_answer_len96_t0.7_seed20261006,13,0,5,9,False,False,0.10256410256410256
short_answer_len96_t0.7_seed20261006,13,1,2,6,False,False,0.02564102564102564
short_answer_len96_t0.7_seed20261006,13,2,5,9,False,False,0.10256410256410256
short_answer_len96_t0.7_seed20261006,14,0,8,10,False,False,0.1111111111111111
short_answer_len96_t0.7_seed20261006,14,1,7,10,False,False,0.1111111111111111
short_answer_len96_t0.7_seed20261006,14,2,7,10,False,False,0.07407407407407407
short_answer_len96_t0.7_seed20261006,15,0,6,8,False,False,0.12903225806451613
short_answer_len96_t0.7_seed20261006,15,1,1,6,False,False,0.0
short_answer_len96_t0.7_seed20261006,15,2,10,13,False,False,0.12903225806451613
short_answer_len96_t0.7_seed20261006,16,0,8,10,False,False,0.3333333333333333
short_answer_len96_t0.7_seed20261006,16,1,10,12,False,False,0.3333333333333333
short_answer_len96_t0.7_seed20261006,16,2,13,19,False,False,0.3333333333333333
short_answer_len96_t0.7_seed20261006,17,0,9,11,False,False,0.23076923076923078
short_answer_len96_t0.7_seed20261006,17,1,1,3,False,False,0.0
short_answer_len96_t0.7_seed20261006,17,2,11,14,False,False,0.3076923076923077
short_answer_len96_t0.7_seed20261006,18,0,5,7,False,False,0.03225806451612903
short_answer_len96_t0.7_seed20261006,18,1,2,4,False,False,0.0
short_answer_len96_t0.7_seed20261006,18,2,8,10,False,False,0.22580645161290322
short_answer_len96_t0.7_seed20261006,19,0,1,3,False,False,0.0
short_answer_len96_t0.7_seed20261006,19,1,1,3,False,False,0.0
short_answer_len96_t0.7_seed20261006,19,2,1,3,False,False,0.0
short_answer_len96_t0.7_seed20261006,20,0,1,3,False,False,0.0
short_answer_len96_t0.7_seed20261006,20,1,1,3,False,False,0.0
short_answer_len96_t0.7_seed20261006,20,2,7,10,False,False,0.058823529411764705
short_answer_len96_t0.7_seed20261006,21,0,1,3,False,False,0.0
short_answer_len96_t0.7_seed20261006,21,1,1,3,False,False,0.0
short_answer_len96_t0.7_seed20261006,21,2,1,3,False,False,0.0
short_answer_len96_t0.7_seed20261006,22,0,1,3,False,False,0.0
short_answer_len96_t0.7_seed20261006,22,1,7,9,False,False,0.07407407407407407
short_answer_len96_t0.7_seed20261006,22,2,15,19,False,False,0.4444444444444444
short_answer_len96_t0.7_seed20261006,23,0,1,3,False,False,0.0
short_answer_len96_t0.7_seed20261006,23,1,1,3,False,False,0.0
short_answer_len96_t0.7_seed20261006,23,2,1,3,False,False,0.0
short_answer_len96_t0.7_seed20261006,24,0,3,5,False,False,0.047619047619047616
short_answer_len96_t0.7_seed20261006,24,1,3,8,False,False,0.023809523809523808
short_answer_len96_t0.7_seed20261006,24,2,12,14,False,False,0.21428571428571427
short_answer_len96_t0.7_seed20261006,25,0,1,4,False,False,0.022222222222222223
short_answer_len96_t0.7_seed20261006,25,1,1,4,False,False,0.022222222222222223
short_answer_len96_t0.7_seed20261006,25,2,1,4,False,False,0.022222222222222223
short_answer_len96_t0.7_seed20261006,26,0,2,4,False,False,0.014492753623188406
short_answer_len96_t0.7_seed20261006,26,1,10,12,False,False,0.13043478260869565
short_answer_len96_t0.7_seed20261006,26,2,14,17,False,False,0.08695652173913043
short_answer_len96_t0.7_seed20261006,27,0,5,7,False,False,0.10810810810810811
short_answer_len96_t0.7_seed20261006,27,1,4,6,False,False,0.05405405405405406
short_answer_len96_t0.7_seed20261006,27,2,1,5,False,False,0.0
short_answer_len96_t0.7_seed20261006,28,0,1,3,False,False,0.0
short_answer_len96_t0.7_seed20261006,28,1,1,3,False,False,0.0
short_answer_len96_t0.7_seed20261006,28,2,1,3,False,False,0.0
short_answer_len96_t0.7_seed20261006,29,0,1,3,False,False,0.0
short_answer_len96_t0.7_seed20261006,29,1,1,5,False,False,0.0
short_answer_len96_t0.7_seed20261006,29,2,13,21,False,False,0.0967741935483871
short_answer_len96_t0.7_seed20261006,30,0,1,3,False,False,0.0
short_answer_len96_t0.7_seed20261006,30,1,1,3,False,False,0.0
short_answer_len96_t0.7_seed20261006,30,2,10,16,False,False,0.06976744186046512
short_answer_len96_t0.7_seed20261006,31,0,1,3,False,False,0.0
short_answer_len96_t0.7_seed20261006,31,1,2,7,False,False,0.03333333333333333
short_answer_len96_t0.7_seed20261006,31,2,15,18,False,False,0.25
short_answer_len96_t0.7_seed20261006,32,0,1,3,False,False,0.0
short_answer_len96_t0.7_seed20261006,32,1,15,17,False,False,0.23333333333333334
short_answer_len96_t0.7_seed20261006,32,2,15,18,False,False,0.25
short_answer_len96_t0.7_seed20261006,33,0,4,6,False,False,0.4
short_answer_len96_t0.7_seed20261006,33,1,4,6,False,False,0.4
short_answer_len96_t0.7_seed20261006,33,2,25,30,False,False,0.5
short_answer_len96_t0.7_seed20261006,34,0,2,4,False,False,0.0
short_answer_len96_t0.7_seed20261006,34,1,2,4,False,False,0.0
short_answer_len96_t0.7_seed20261006,34,2,16,21,False,False,0.17391304347826086
short_answer_len96_t0.7_seed20261006,35,0,4,6,False,False,0.07692307692307693
short_answer_len96_t0.7_seed20261006,35,1,5,7,False,False,0.07692307692307693
short_answer_len96_t0.7_seed20261006,35,2,6,8,False,False,0.1282051282051282
short_answer_len96_t0.7_seed20261006,36,0,2,4,False,False,0.018867924528301886
short_answer_len96_t0.7_seed20261006,36,1,4,8,False,False,0.0
short_answer_len96_t0.7_seed20261006,36,2,15,18,False,False,0.1320754716981132
short_answer_len96_t0.7_seed20261006,37,0,3,5,False,False,0.04
short_answer_len96_t0.7_seed20261006,37,1,7,9,False,False,0.08
short_answer_len96_t0.7_seed20261006,37,2,7,9,False,False,0.08
short_answer_len96_t0.7_seed20261006,38,0,1,3,False,False,0.0
short_answer_len96_t0.7_seed20261006,38,1,1,3,False,False,0.0
short_answer_len96_t0.7_seed20261006,38,2,15,20,False,False,0.10526315789473684
short_answer_len96_t0.7_seed20261006,39,0,1,3,False,False,0.019230769230769232
short_answer_len96_t0.7_seed20261006,39,1,5,7,False,False,0.07692307692307693
short_answer_len96_t0.7_seed20261006,39,2,11,14,False,False,0.09615384615384616
short_answer_len96_t0.7_seed20261006,40,0,16,18,False,False,0.2826086956521739
short_answer_len96_t0.7_seed20261006,40,1,16,18,False,False,0.2826086956521739
short_answer_len96_t0.7_seed20261006,40,2,15,20,False,False,0.15217391304347827
short_answer_len96_t0.7_seed20261006,41,0,2,4,False,False,0.03773584905660377
short_answer_len96_t0.7_seed20261006,41,1,2,4,False,False,0.03773584905660377
short_answer_len96_t0.7_seed20261006,41,2,2,4,False,False,0.03773584905660377
short_answer_len96_t0.7_seed20261006,42,0,1,3,False,False,0.0
short_answer_len96_t0.7_seed20261006,42,1,8,10,False,False,0.0851063829787234
short_answer_len96_t0.7_seed20261006,42,2,59,68,False,False,0.9787234042553191
short_answer_len96_t0.7_seed20261006,43,0,1,3,False,False,0.0196078431372549
short_answer_len96_t0.7_seed20261006,43,1,1,3,False,False,0.0196078431372549
short_answer_len96_t0.7_seed20261006,43,2,14,18,False,False,0.21568627450980393
short_answer_len96_t0.7_seed20261006,44,0,1,3,False,False,0.0
short_answer_len96_t0.7_seed20261006,44,1,1,3,False,False,0.0
short_answer_len96_t0.7_seed20261006,44,2,17,20,False,False,0.12244897959183673
short_answer_len96_t0.7_seed20261006,45,0,1,3,False,False,0.0
short_answer_len96_t0.7_seed20261006,45,1,1,3,False,False,0.0
short_answer_len96_t0.7_seed20261006,45,2,73,84,False,False,0.2222222222222222
short_answer_len96_t0.7_seed20261006,46,0,1,3,False,False,0.0
short_answer_len96_t0.7_seed20261006,46,1,1,6,False,False,0.0
short_answer_len96_t0.7_seed20261006,46,2,11,17,False,False,0.0851063829787234
short_answer_len96_t0.7_seed20261006,47,0,1,3,False,False,0.0
short_answer_len96_t0.7_seed20261006,47,1,1,3,False,False,0.0
short_answer_len96_t0.7_seed20261006,47,2,20,24,False,False,0.10256410256410256
short_answer_len96_t0.7_seed20261006,48,0,2,4,False,False,0.03125
short_answer_len96_t0.7_seed20261006,48,1,1,5,False,False,0.0
short_answer_len96_t0.7_seed20261006,48,2,1,3,False,False,0.0
short_answer_len96_t0.7_seed20261006,49,0,8,12,False,False,0.1111111111111111
short_answer_len96_t0.7_seed20261006,49,1,5,7,False,False,0.07407407407407407
short_answer_len96_t0.7_seed20261006,49,2,7,12,False,False,0.12962962962962962
short_answer_len96_t0.7_seed20261006,50,0,1,3,False,False,0.0
short_answer_len96_t0.7_seed20261006,50,1,1,3,False,False,0.0
short_answer_len96_t0.7_seed20261006,50,2,18,21,False,False,0.23076923076923078
short_answer_len96_t0.7_seed20261006,51,0,15,20,False,False,0.358974358974359
short_answer_len96_t0.7_seed20261006,51,1,8,10,False,False,0.05128205128205128
short_answer_len96_t0.7_seed20261006,51,2,5,7,False,False,0.02564102564102564
short_answer_len96_t0.7_seed20261006,52,0,1,3,False,False,0.0
short_answer_len96_t0.7_seed20261006,52,1,15,17,False,False,0.21739130434782608
short_answer_len96_t0.7_seed20261006,52,2,3,5,False,False,0.043478260869565216
short_answer_len96_t0.7_seed20261006,53,0,2,4,False,False,0.03225806451612903
short_answer_len96_t0.7_seed20261006,53,1,8,11,False,False,0.0967741935483871
short_answer_len96_t0.7_seed20261006,53,2,76,86,False,False,0.1935483870967742
short_answer_len96_t0.7_seed20261006,54,0,1,3,False,False,0.0
short_answer_len96_t0.7_seed20261006,54,1,1,3,False,False,0.0
short_answer_len96_t0.7_seed20261006,54,2,12,15,False,False,0.0975609756097561
short_answer_len96_t0.7_seed20261006,55,0,2,4,False,False,0.02631578947368421
short_answer_len96_t0.7_seed20261006,55,1,2,4,False,False,0.02631578947368421
short_answer_len96_t0.7_seed20261006,55,2,2,4,False,False,0.02631578947368421
short_answer_len96_t0.7_seed20261006,56,0,1,3,False,False,0.021739130434782608
short_answer_len96_t0.7_seed20261006,56,1,5,7,False,False,0.06521739130434782
short_answer_len96_t0.7_seed20261006,56,2,16,20,False,False,0.08695652173913043
short_answer_len96_t0.7_seed20261006,57,0,1,6,False,False,0.018518518518518517
short_answer_len96_t0.7_seed20261006,57,1,1,5,False,False,0.0
short_answer_len96_t0.7_seed20261006,57,2,40,46,False,False,0.6666666666666666
short_answer_len96_t0.7_seed20261006,58,0,1,6,False,False,0.017241379310344827
short_answer_len96_t0.7_seed20261006,58,1,8,10,False,False,0.034482758620689655
short_answer_len96_t0.7_seed20261006,58,2,11,17,False,False,0.13793103448275862
short_answer_len96_t0.7_seed20261006,59,0,1,3,False,False,0.0
short_answer_len96_t0.7_seed20261006,59,1,1,3,False,False,0.0
short_answer_len96_t0.7_seed20261006,59,2,1,3,False,False,0.0
short_answer_len96_t0.7_seed20261006,60,0,1,3,False,False,0.0
short_answer_len96_t0.7_seed20261006,60,1,1,3,False,False,0.0
short_answer_len96_t0.7_seed20261006,60,2,46,55,False,False,0.24444444444444444
short_answer_len96_t0.7_seed20261006,61,0,4,6,False,False,0.027777777777777776
short_answer_len96_t0.7_seed20261006,61,1,1,6,False,False,0.0
short_answer_len96_t0.7_seed20261006,61,2,18,23,False,False,0.2777777777777778
short_answer_len96_t0.7_seed20261006,62,0,6,8,False,False,0.10810810810810811
short_answer_len96_t0.7_seed20261006,62,1,5,9,False,False,0.05405405405405406
short_answer_len96_t0.7_seed20261006,62,2,27,35,False,False,0.16216216216216217
short_answer_len96_t0.7_seed20261006,63,0,1,3,False,False,0.0
short_answer_len96_t0.7_seed20261006,63,1,1,3,False,False,0.0
short_answer_len96_t0.7_seed20261006,63,2,1,3,False,False,0.0
short_answer_len96_t0.7_seed20261006,64,0,5,7,False,False,0.13513513513513514
short_answer_len96_t0.7_seed20261006,64,1,1,3,False,False,0.02702702702702703
short_answer_len96_t0.7_seed20261006,64,2,23,27,False,False,0.21621621621621623
short_answer_len96_t0.7_seed20261006,65,0,1,3,False,False,0.02631578947368421
short_answer_len96_t0.7_seed20261006,65,1,6,8,False,False,0.07894736842105263
short_answer_len96_t0.7_seed20261006,65,2,11,14,False,False,0.13157894736842105
short_answer_len96_t0.7_seed20261006,66,0,2,4,False,False,0.044444444444444446
short_answer_len96_t0.7_seed20261006,66,1,16,20,False,False,0.08888888888888889
short_answer_len96_t0.7_seed20261006,66,2,14,17,False,False,0.28888888888888886
short_answer_len96_t0.7_seed20261006,67,0,1,3,False,False,0.0
short_answer_len96_t0.7_seed20261006,67,1,1,5,False,False,0.0
short_answer_len96_t0.7_seed20261006,67,2,79,90,False,False,0.21428571428571427
short_answer_len96_t0.7_seed20261006,68,0,5,8,False,False,0.07894736842105263
short_answer_len96_t0.7_seed20261006,68,1,9,12,False,False,0.05263157894736842
short_answer_len96_t0.7_seed20261006,68,2,15,18,False,False,0.13157894736842105
short_answer_len96_t0.7_seed20261006,69,0,1,3,False,False,0.0
short_answer_len96_t0.7_seed20261006,69,1,1,3,False,False,0.0
short_answer_len96_t0.7_seed20261006,69,2,1,5,False,False,0.0
short_answer_len96_t0.7_seed20261006,70,0,13,15,False,False,0.125
short_answer_len96_t0.7_seed20261006,70,1,6,9,False,False,0.0625
short_answer_len96_t0.7_seed20261006,70,2,15,20,False,False,0.125
short_answer_len96_t0.7_seed20261006,71,0,1,4,False,False,0.0
short_answer_len96_t0.7_seed20261006,71,1,7,11,False,False,0.06451612903225806
short_answer_len96_t0.7_seed20261006,71,2,16,19,False,False,0.12903225806451613
short_answer_len96_t0.7_seed20261006,72,0,2,4,False,False,0.05
short_answer_len96_t0.7_seed20261006,72,1,1,3,False,False,0.0
short_answer_len96_t0.7_seed20261006,72,2,10,13,False,False,0.1
short_answer_len96_t0.7_seed20261006,73,0,1,3,False,False,0.0
short_answer_len96_t0.7_seed20261006,73,1,1,3,False,False,0.0
short_answer_len96_t0.7_seed20261006,73,2,1,3,False,False,0.0
short_answer_len96_t0.7_seed20261006,74,0,1,3,False,False,0.0
short_answer_len96_t0.7_seed20261006,74,1,1,3,False,False,0.0
short_answer_len96_t0.7_seed20261006,74,2,1,3,False,False,0.0
short_answer_len96_t0.7_seed20261006,75,0,5,7,False,False,0.05263157894736842
short_answer_len96_t0.7_seed20261006,75,1,4,6,False,False,0.02631578947368421
short_answer_len96_t0.7_seed20261006,75,2,12,21,False,False,0.21052631578947367
short_answer_len96_t0.7_seed20261006,76,0,5,7,False,False,0.0
short_answer_len96_t0.7_seed20261006,76,1,2,4,False,False,0.0
short_answer_len96_t0.7_seed20261006,76,2,5,7,False,False,0.034482758620689655
short_answer_len96_t0.7_seed20261006,77,0,4,6,False,False,0.07894736842105263
short_answer_len96_t0.7_seed20261006,77,1,4,6,False,False,0.07894736842105263
short_answer_len96_t0.7_seed20261006,77,2,12,14,False,False,0.2631578947368421
short_answer_len96_t0.7_seed20261006,78,0,3,5,False,False,0.03773584905660377
short_answer_len96_t0.7_seed20261006,78,1,3,5,False,False,0.03773584905660377
short_answer_len96_t0.7_seed20261006,78,2,3,5,False,False,0.05660377358490566
short_answer_len96_t0.7_seed20261006,79,0,1,3,False,False,0.0
short_answer_len96_t0.7_seed20261006,79,1,1,3,False,False,0.0
short_answer_len96_t0.7_seed20261006,79,2,1,3,False,False,0.0
short_answer_len96_t0.7_seed20261006,80,0,10,14,False,False,0.023255813953488372
short_answer_len96_t0.7_seed20261006,80,1,9,11,False,False,0.11627906976744186
short_answer_len96_t0.7_seed20261006,80,2,18,25,False,False,0.16279069767441862
short_answer_len96_t0.7_seed20261006,81,0,3,5,False,False,0.07692307692307693
short_answer_len96_t0.7_seed20261006,81,1,4,6,False,False,0.07692307692307693
short_answer_len96_t0.7_seed20261006,81,2,9,11,False,False,0.23076923076923078
short_answer_len96_t0.7_seed20261006,82,0,1,3,False,False,0.0
short_answer_len96_t0.7_seed20261006,82,1,1,3,False,False,0.0
short_answer_len96_t0.7_seed20261006,82,2,1,3,False,False,0.0
short_answer_len96_t0.7_seed20261006,83,0,1,6,False,False,0.0
short_answer_len96_t0.7_seed20261006,83,1,2,4,False,False,0.011904761904761904
short_answer_len96_t0.7_seed20261006,83,2,9,12,False,False,0.03571428571428571
short_answer_len96_t0.7_seed20261006,84,0,9,12,False,False,0.07476635514018691
short_answer_len96_t0.7_seed20261006,84,1,9,12,False,False,0.07476635514018691
short_answer_len96_t0.7_seed20261006,84,2,10,14,False,False,0.06542056074766354
short_answer_len96_t0.7_seed20261006,85,0,3,6,False,False,0.04918032786885246
short_answer_len96_t0.7_seed20261006,85,1,3,5,False,False,0.04918032786885246
short_answer_len96_t0.7_seed20261006,85,2,50,73,False,False,0.47540983606557374
short_answer_len96_t0.7_seed20261006,86,0,1,3,False,False,0.020833333333333332
short_answer_len96_t0.7_seed20261006,86,1,1,3,False,False,0.020833333333333332
short_answer_len96_t0.7_seed20261006,86,2,1,3,False,False,0.020833333333333332
short_answer_len96_t0.7_seed20261006,87,0,1,3,False,False,0.0
short_answer_len96_t0.7_seed20261006,87,1,1,3,False,False,0.0
short_answer_len96_t0.7_seed20261006,87,2,18,21,False,False,0.07692307692307693
short_answer_len96_t0.7_seed20261006,88,0,9,12,False,False,0.1875
short_answer_len96_t0.7_seed20261006,88,1,16,24,False,False,0.25
short_answer_len96_t0.7_seed20261006,88,2,29,38,False,False,0.4375
short_answer_len96_t0.7_seed20261006,89,0,2,4,False,False,0.25
short_answer_len96_t0.7_seed20261006,89,1,1,3,False,False,0.0
short_answer_len96_t0.7_seed20261006,89,2,10,13,False,False,0.25
short_answer_len96_t0.7_seed20261006,90,0,1,3,False,False,0.0
short_answer_len96_t0.7_seed20261006,90,1,1,3,False,False,0.0
short_answer_len96_t0.7_seed20261006,90,2,60,72,False,False,0.18604651162790697
short_answer_len96_t0.7_seed20261006,91,0,4,6,False,False,0.0
short_answer_len96_t0.7_seed20261006,91,1,3,6,False,False,0.02857142857142857
short_answer_len96_t0.7_seed20261006,91,2,9,13,False,False,0.17142857142857143
short_answer_len96_t0.7_seed20261006,92,0,1,3,False,False,0.01694915254237288
short_answer_len96_t0.7_seed20261006,92,1,1,3,False,False,0.01694915254237288
short_answer_len96_t0.7_seed20261006,92,2,1,3,False,False,0.01694915254237288
short_answer_len96_t0.7_seed20261006,93,0,4,6,False,False,0.015384615384615385
short_answer_len96_t0.7_seed20261006,93,1,1,4,False,False,0.0
short_answer_len96_t0.7_seed20261006,93,2,19,27,False,False,0.12307692307692308
short_answer_len96_t0.7_seed20261006,94,0,2,5,False,False,0.0
short_answer_len96_t0.7_seed20261006,94,1,3,5,False,False,0.0
short_answer_len96_t0.7_seed20261006,94,2,5,8,False,False,0.06896551724137931
short_answer_len96_t0.7_seed20261006,95,0,5,7,False,False,0.043478260869565216
short_answer_len96_t0.7_seed20261006,95,1,5,7,False,False,0.08695652173913043
short_answer_len96_t0.7_seed20261006,95,2,7,9,False,False,0.06521739130434782
short_answer_len96_t0.7_seed20261006,96,0,3,5,False,False,0.029411764705882353
short_answer_len96_t0.7_seed20261006,96,1,3,5,False,False,0.0
short_answer_len96_t0.7_seed20261006,96,2,2,4,False,False,0.029411764705882353
short_answer_len96_t0.7_seed20261006,97,0,3,7,False,False,0.0196078431372549
short_answer_len96_t0.7_seed20261006,97,1,11,13,False,False,0.0784313725490196
short_answer_len96_t0.7_seed20261006,97,2,20,28,False,False,0.37254901960784315
short_answer_len96_t0.7_seed20261006,98,0,1,4,False,False,0.0
short_answer_len96_t0.7_seed20261006,98,1,1,3,False,False,0.0
short_answer_len96_t0.7_seed20261006,98,2,1,3,False,False,0.0
short_answer_len96_t0.7_seed20261006,99,0,1,5,False,False,0.0
short_answer_len96_t0.7_seed20261006,99,1,3,5,False,False,0.06451612903225806
short_answer_len96_t0.7_seed20261006,99,2,1,3,False,False,0.0
short_answer_len96_t0.7_seed20261006,100,0,1,3,False,False,0.0
short_answer_len96_t0.7_seed20261006,100,1,2,4,False,False,0.0
short_answer_len96_t0.7_seed20261006,100,2,2,4,False,False,0.0
evidence_passage_len32_t0_seed20261006,1,0,24,31,False,False,0.6206896551724138
evidence_passage_len32_t0_seed20261006,1,1,17,20,False,False,0.3103448275862069
evidence_passage_len32_t0_seed20261006,1,2,20,27,False,False,0.5517241379310345
evidence_passage_len32_t0_seed20261006,2,0,3,7,False,False,0.046511627906976744
evidence_passage_len32_t0_seed20261006,2,1,15,19,False,False,0.13953488372093023
evidence_passage_len32_t0_seed20261006,2,2,22,31,False,False,0.3953488372093023
evidence_passage_len32_t0_seed20261006,3,0,16,20,False,False,0.21875
evidence_passage_len32_t0_seed20261006,3,1,16,20,False,False,0.21875
evidence_passage_len32_t0_seed20261006,3,2,10,13,False,False,0.28125
evidence_passage_len32_t0_seed20261006,4,0,25,31,False,False,0.11764705882352941
evidence_passage_len32_t0_seed20261006,4,1,27,30,False,False,0.35294117647058826
evidence_passage_len32_t0_seed20261006,4,2,14,19,False,False,0.11764705882352941
evidence_passage_len32_t0_seed20261006,5,0,24,32,False,False,0.09375
evidence_passage_len32_t0_seed20261006,5,1,25,31,False,False,0.65625
evidence_passage_len32_t0_seed20261006,5,2,24,30,False,False,0.6875
evidence_passage_len32_t0_seed20261006,6,0,23,28,False,False,0.9
evidence_passage_len32_t0_seed20261006,6,1,25,30,False,False,0.85
evidence_passage_len32_t0_seed20261006,6,2,23,28,False,False,0.9
evidence_passage_len32_t0_seed20261006,7,0,21,25,False,False,0.18518518518518517
evidence_passage_len32_t0_seed20261006,7,1,19,24,False,False,0.3148148148148148
evidence_passage_len32_t0_seed20261006,7,2,19,24,False,False,0.3148148148148148
evidence_passage_len32_t0_seed20261006,8,0,12,14,False,False,0.020833333333333332
evidence_passage_len32_t0_seed20261006,8,1,22,28,False,False,0.3958333333333333
evidence_passage_len32_t0_seed20261006,8,2,22,28,False,False,0.3958333333333333
evidence_passage_len32_t0_seed20261006,9,0,3,5,False,False,0.0
evidence_passage_len32_t0_seed20261006,9,1,16,20,False,False,0.3
evidence_passage_len32_t0_seed20261006,9,2,12,16,False,False,0.2
evidence_passage_len32_t0_seed20261006,10,0,26,33,False,False,0.6875
evidence_passage_len32_t0_seed20261006,10,1,18,30,False,False,0.5625
evidence_passage_len32_t0_seed20261006,10,2,18,30,False,False,0.5625
evidence_passage_len32_t0_seed20261006,11,0,24,28,False,False,0.4117647058823529
evidence_passage_len32_t0_seed20261006,11,1,24,28,False,False,0.4117647058823529
evidence_passage_len32_t0_seed20261006,11,2,25,29,False,False,0.4117647058823529
evidence_passage_len32_t0_seed20261006,12,0,8,13,False,False,0.6666666666666666
evidence_passage_len32_t0_seed20261006,12,1,18,21,False,False,0.3333333333333333
evidence_passage_len32_t0_seed20261006,12,2,8,13,False,False,0.6666666666666666
evidence_passage_len32_t0_seed20261006,13,0,17,22,False,False,0.2564102564102564
evidence_passage_len32_t0_seed20261006,13,1,19,31,False,False,0.41025641025641024
evidence_passage_len32_t0_seed20261006,13,2,19,31,False,False,0.41025641025641024
evidence_passage_len32_t0_seed20261006,14,0,19,26,False,False,0.6666666666666666
evidence_passage_len32_t0_seed20261006,14,1,10,17,False,False,0.14814814814814814
evidence_passage_len32_t0_seed20261006,14,2,24,31,False,False,0.8518518518518519
evidence_passage_len32_t0_seed20261006,15,0,24,30,False,False,0.22580645161290322
evidence_passage_len32_t0_seed20261006,15,1,12,17,False,False,0.25806451612903225
evidence_passage_len32_t0_seed20261006,15,2,24,30,False,False,0.6774193548387096
evidence_passage_len32_t0_seed20261006,16,0,27,30,False,False,0.16666666666666666
evidence_passage_len32_t0_seed20261006,16,1,15,18,False,False,0.3333333333333333
evidence_passage_len32_t0_seed20261006,16,2,13,16,False,False,0.9166666666666666
evidence_passage_len32_t0_seed20261006,17,0,28,31,False,False,0.15384615384615385
evidence_passage_len32_t0_seed20261006,17,1,22,25,False,False,0.6923076923076923
evidence_passage_len32_t0_seed20261006,17,2,13,16,False,False,0.8461538461538461
evidence_passage_len32_t0_seed20261006,18,0,25,32,False,False,0.7419354838709677
evidence_passage_len32_t0_seed20261006,18,1,10,13,False,False,0.22580645161290322
evidence_passage_len32_t0_seed20261006,18,2,25,32,False,False,0.7419354838709677
evidence_passage_len32_t0_seed20261006,19,0,27,31,False,False,0.18
evidence_passage_len32_t0_seed20261006,19,1,16,19,False,False,0.08
evidence_passage_len32_t0_seed20261006,19,2,14,17,False,False,0.12
evidence_passage_len32_t0_seed20261006,20,0,24,31,False,False,0.47058823529411764
evidence_passage_len32_t0_seed20261006,20,1,24,31,False,False,0.47058823529411764
evidence_passage_len32_t0_seed20261006,20,2,24,31,False,False,0.47058823529411764
evidence_passage_len32_t0_seed20261006,21,0,12,18,False,False,0.5
evidence_passage_len32_t0_seed20261006,21,1,11,14,False,False,0.09090909090909091
evidence_passage_len32_t0_seed20261006,21,2,12,20,False,False,0.5454545454545454
evidence_passage_len32_t0_seed20261006,22,0,25,30,False,False,0.7407407407407407
evidence_passage_len32_t0_seed20261006,22,1,25,30,False,False,0.6666666666666666
evidence_passage_len32_t0_seed20261006,22,2,25,30,False,False,0.7407407407407407
evidence_passage_len32_t0_seed20261006,23,0,9,12,False,False,0.25
evidence_passage_len32_t0_seed20261006,23,1,13,17,False,False,0.1111111111111111
evidence_passage_len32_t0_seed20261006,23,2,22,26,False,False,0.2777777777777778
evidence_passage_len32_t0_seed20261006,24,0,24,28,False,False,0.14285714285714285
evidence_passage_len32_t0_seed20261006,24,1,11,17,False,False,0.047619047619047616
evidence_passage_len32_t0_seed20261006,24,2,26,31,False,False,0.5714285714285714
evidence_passage_len32_t0_seed20261006,25,0,2,5,False,False,0.022222222222222223
evidence_passage_len32_t0_seed20261006,25,1,15,19,False,False,0.15555555555555556
evidence_passage_len32_t0_seed20261006,25,2,7,11,False,False,0.13333333333333333
evidence_passage_len32_t0_seed20261006,26,0,21,26,False,False,0.2608695652173913
evidence_passage_len32_t0_seed20261006,26,1,23,28,False,False,0.18840579710144928
evidence_passage_len32_t0_seed20261006,26,2,21,26,False,False,0.2608695652173913
evidence_passage_len32_t0_seed20261006,27,0,19,25,False,False,0.40540540540540543
evidence_passage_len32_t0_seed20261006,27,1,13,18,False,False,0.10810810810810811
evidence_passage_len32_t0_seed20261006,27,2,16,19,False,False,0.1891891891891892
evidence_passage_len32_t0_seed20261006,28,0,5,11,False,False,0.0784313725490196
evidence_passage_len32_t0_seed20261006,28,1,9,18,False,False,0.13725490196078433
evidence_passage_len32_t0_seed20261006,28,2,13,20,False,False,0.13725490196078433
evidence_passage_len32_t0_seed20261006,29,0,17,23,False,False,0.3870967741935484
evidence_passage_len32_t0_seed20261006,29,1,16,23,False,False,0.22580645161290322
evidence_passage_len32_t0_seed20261006,29,2,18,26,False,False,0.22580645161290322
evidence_passage_len32_t0_seed20261006,30,0,12,15,False,False,0.09302325581395349
evidence_passage_len32_t0_seed20261006,30,1,11,18,False,False,0.11627906976744186
evidence_passage_len32_t0_seed20261006,30,2,25,30,False,False,0.5581395348837209
evidence_passage_len32_t0_seed20261006,31,0,20,27,False,False,0.31666666666666665
evidence_passage_len32_t0_seed20261006,31,1,20,27,False,False,0.31666666666666665
evidence_passage_len32_t0_seed20261006,31,2,20,27,False,False,0.31666666666666665
evidence_passage_len32_t0_seed20261006,32,0,20,27,False,False,0.31666666666666665
evidence_passage_len32_t0_seed20261006,32,1,20,27,False,False,0.31666666666666665
evidence_passage_len32_t0_seed20261006,32,2,20,27,False,False,0.31666666666666665
evidence_passage_len32_t0_seed20261006,33,0,24,28,False,False,0.5
evidence_passage_len32_t0_seed20261006,33,1,17,20,False,False,0.8
evidence_passage_len32_t0_seed20261006,33,2,16,19,False,False,0.8
evidence_passage_len32_t0_seed20261006,34,0,24,27,False,False,0.1956521739130435
evidence_passage_len32_t0_seed20261006,34,1,20,24,False,False,0.08695652173913043
evidence_passage_len32_t0_seed20261006,34,2,22,27,False,False,0.4782608695652174
evidence_passage_len32_t0_seed20261006,35,0,5,8,False,False,0.10256410256410256
evidence_passage_len32_t0_seed20261006,35,1,11,14,False,False,0.15384615384615385
evidence_passage_len32_t0_seed20261006,35,2,6,9,False,False,0.1282051282051282
evidence_passage_len32_t0_seed20261006,36,0,10,13,False,False,0.16981132075471697
evidence_passage_len32_t0_seed20261006,36,1,10,13,False,False,0.16981132075471697
evidence_passage_len32_t0_seed20261006,36,2,25,30,False,False,0.37735849056603776
evidence_passage_len32_t0_seed20261006,37,0,18,26,False,False,0.21333333333333335
evidence_passage_len32_t0_seed20261006,37,1,27,33,False,False,0.3466666666666667
evidence_passage_len32_t0_seed20261006,37,2,18,26,False,False,0.21333333333333335
evidence_passage_len32_t0_seed20261006,38,0,26,30,False,False,0.2631578947368421
evidence_passage_len32_t0_seed20261006,38,1,5,9,False,False,0.21052631578947367
evidence_passage_len32_t0_seed20261006,38,2,21,28,False,False,1.0
evidence_passage_len32_t0_seed20261006,39,0,28,32,False,False,0.46153846153846156
evidence_passage_len32_t0_seed20261006,39,1,28,32,False,False,0.46153846153846156
evidence_passage_len32_t0_seed20261006,39,2,28,32,False,False,0.46153846153846156
evidence_passage_len32_t0_seed20261006,40,0,23,28,False,False,0.41304347826086957
evidence_passage_len32_t0_seed20261006,40,1,23,28,False,False,0.41304347826086957
evidence_passage_len32_t0_seed20261006,40,2,23,28,False,False,0.41304347826086957
evidence_passage_len32_t0_seed20261006,41,0,25,29,False,False,0.37735849056603776
evidence_passage_len32_t0_seed20261006,41,1,10,13,False,False,0.18867924528301888
evidence_passage_len32_t0_seed20261006,41,2,10,13,False,False,0.18867924528301888
evidence_passage_len32_t0_seed20261006,42,0,25,30,False,False,0.48936170212765956
evidence_passage_len32_t0_seed20261006,42,1,25,30,False,False,0.48936170212765956
evidence_passage_len32_t0_seed20261006,42,2,25,30,False,False,0.48936170212765956
evidence_passage_len32_t0_seed20261006,43,0,13,16,False,False,0.0784313725490196
evidence_passage_len32_t0_seed20261006,43,1,22,27,False,False,0.1568627450980392
evidence_passage_len32_t0_seed20261006,43,2,20,31,False,False,0.13725490196078433
evidence_passage_len32_t0_seed20261006,44,0,24,30,False,False,0.42857142857142855
evidence_passage_len32_t0_seed20261006,44,1,24,30,False,False,0.42857142857142855
evidence_passage_len32_t0_seed20261006,44,2,24,30,False,False,0.42857142857142855
evidence_passage_len32_t0_seed20261006,45,0,21,27,False,False,0.5277777777777778
evidence_passage_len32_t0_seed20261006,45,1,24,29,False,False,0.2222222222222222
evidence_passage_len32_t0_seed20261006,45,2,21,27,False,False,0.5277777777777778
evidence_passage_len32_t0_seed20261006,46,0,17,29,False,False,0.1276595744680851
evidence_passage_len32_t0_seed20261006,46,1,22,28,False,False,0.44680851063829785
evidence_passage_len32_t0_seed20261006,46,2,22,28,False,False,0.44680851063829785
evidence_passage_len32_t0_seed20261006,47,0,20,32,False,False,0.5128205128205128
evidence_passage_len32_t0_seed20261006,47,1,21,32,False,False,0.48717948717948717
evidence_passage_len32_t0_seed20261006,47,2,20,32,False,False,0.5128205128205128
evidence_passage_len32_t0_seed20261006,48,0,10,14,False,False,0.3125
evidence_passage_len32_t0_seed20261006,48,1,25,30,False,False,0.6875
evidence_passage_len32_t0_seed20261006,48,2,25,30,False,False,0.6875
evidence_passage_len32_t0_seed20261006,49,0,12,18,False,False,0.2037037037037037
evidence_passage_len32_t0_seed20261006,49,1,7,12,False,False,0.12962962962962962
evidence_passage_len32_t0_seed20261006,49,2,20,28,False,False,0.35185185185185186
evidence_passage_len32_t0_seed20261006,50,0,23,28,False,False,0.5641025641025641
evidence_passage_len32_t0_seed20261006,50,1,23,28,False,False,0.5641025641025641
evidence_passage_len32_t0_seed20261006,50,2,23,28,False,False,0.5641025641025641
evidence_passage_len32_t0_seed20261006,51,0,25,31,False,False,0.5128205128205128
evidence_passage_len32_t0_seed20261006,51,1,12,15,False,False,0.07692307692307693
evidence_passage_len32_t0_seed20261006,51,2,24,31,False,False,0.5897435897435898
evidence_passage_len32_t0_seed20261006,52,0,14,19,False,False,0.6086956521739131
evidence_passage_len32_t0_seed20261006,52,1,14,19,False,False,0.6086956521739131
evidence_passage_len32_t0_seed20261006,52,2,5,8,False,False,0.08695652173913043
evidence_passage_len32_t0_seed20261006,53,0,24,30,False,False,0.12903225806451613
evidence_passage_len32_t0_seed20261006,53,1,17,25,False,False,0.12903225806451613
evidence_passage_len32_t0_seed20261006,53,2,25,29,False,False,0.16129032258064516
evidence_passage_len32_t0_seed20261006,54,0,24,27,False,False,0.0975609756097561
evidence_passage_len32_t0_seed20261006,54,1,26,30,False,False,0.2926829268292683
evidence_passage_len32_t0_seed20261006,54,2,27,30,False,False,0.3170731707317073
evidence_passage_len32_t0_seed20261006,55,0,27,31,False,False,0.13157894736842105
evidence_passage_len32_t0_seed20261006,55,1,14,21,False,False,0.10526315789473684
evidence_passage_len32_t0_seed20261006,55,2,7,12,False,False,0.18421052631578946
evidence_passage_len32_t0_seed20261006,56,0,24,27,False,False,0.13043478260869565
evidence_passage_len32_t0_seed20261006,56,1,16,23,False,False,0.21739130434782608
evidence_passage_len32_t0_seed20261006,56,2,24,30,False,False,0.21739130434782608
evidence_passage_len32_t0_seed20261006,57,0,29,32,False,False,0.5185185185185185
evidence_passage_len32_t0_seed20261006,57,1,26,32,False,False,0.4444444444444444
evidence_passage_len32_t0_seed20261006,57,2,29,32,False,False,0.5185185185185185
evidence_passage_len32_t0_seed20261006,58,0,19,26,False,False,0.3103448275862069
evidence_passage_len32_t0_seed20261006,58,1,9,15,False,False,0.15517241379310345
evidence_passage_len32_t0_seed20261006,58,2,19,26,False,False,0.3103448275862069
evidence_passage_len32_t0_seed20261006,59,0,27,31,False,False,0.525
evidence_passage_len32_t0_seed20261006,59,1,27,32,False,False,0.5
evidence_passage_len32_t0_seed20261006,59,2,25,29,False,False,0.425
evidence_passage_len32_t0_seed20261006,60,0,22,27,False,False,0.2222222222222222
evidence_passage_len32_t0_seed20261006,60,1,20,24,False,False,0.2222222222222222
evidence_passage_len32_t0_seed20261006,60,2,19,22,False,False,0.13333333333333333
evidence_passage_len32_t0_seed20261006,61,0,21,24,False,False,0.25
evidence_passage_len32_t0_seed20261006,61,1,20,23,False,False,0.3055555555555556
evidence_passage_len32_t0_seed20261006,61,2,19,22,False,False,0.3055555555555556
evidence_passage_len32_t0_seed20261006,62,0,7,13,False,False,0.1891891891891892
evidence_passage_len32_t0_seed20261006,62,1,7,13,False,False,0.1891891891891892
evidence_passage_len32_t0_seed20261006,62,2,7,13,False,False,0.1891891891891892
evidence_passage_len32_t0_seed20261006,63,0,22,29,False,False,0.6666666666666666
evidence_passage_len32_t0_seed20261006,63,1,9,14,False,False,0.1
evidence_passage_len32_t0_seed20261006,63,2,10,13,False,False,0.1
evidence_passage_len32_t0_seed20261006,64,0,25,31,False,False,0.6216216216216216
evidence_passage_len32_t0_seed20261006,64,1,25,31,False,False,0.6216216216216216
evidence_passage_len32_t0_seed20261006,64,2,25,31,False,False,0.6216216216216216
evidence_passage_len32_t0_seed20261006,65,0,23,29,False,False,0.42105263157894735
evidence_passage_len32_t0_seed20261006,65,1,25,31,False,False,0.6578947368421053
evidence_passage_len32_t0_seed20261006,65,2,25,31,False,False,0.6578947368421053
evidence_passage_len32_t0_seed20261006,66,0,23,31,False,False,0.4666666666666667
evidence_passage_len32_t0_seed20261006,66,1,17,22,False,False,0.26666666666666666
evidence_passage_len32_t0_seed20261006,66,2,23,31,False,False,0.4666666666666667
evidence_passage_len32_t0_seed20261006,67,0,24,27,False,False,0.17857142857142858
evidence_passage_len32_t0_seed20261006,67,1,21,28,False,False,0.5714285714285714
evidence_passage_len32_t0_seed20261006,67,2,24,32,False,False,0.8214285714285714
evidence_passage_len32_t0_seed20261006,68,0,26,29,False,False,0.18421052631578946
evidence_passage_len32_t0_seed20261006,68,1,27,30,False,False,0.4473684210526316
evidence_passage_len32_t0_seed20261006,68,2,26,31,False,False,0.4473684210526316
evidence_passage_len32_t0_seed20261006,69,0,26,33,False,False,0.84
evidence_passage_len32_t0_seed20261006,69,1,26,33,False,False,0.84
evidence_passage_len32_t0_seed20261006,69,2,26,33,False,False,0.84
evidence_passage_len32_t0_seed20261006,70,0,23,35,False,False,0.59375
evidence_passage_len32_t0_seed20261006,70,1,19,24,False,False,0.15625
evidence_passage_len32_t0_seed20261006,70,2,17,20,False,False,0.25
evidence_passage_len32_t0_seed20261006,71,0,23,35,False,False,0.6129032258064516
evidence_passage_len32_t0_seed20261006,71,1,16,23,False,False,0.2903225806451613
evidence_passage_len32_t0_seed20261006,71,2,14,17,False,False,0.1935483870967742
evidence_passage_len32_t0_seed20261006,72,0,20,25,False,False,0.95
evidence_passage_len32_t0_seed20261006,72,1,23,29,False,False,0.85
evidence_passage_len32_t0_seed20261006,72,2,21,25,False,False,0.5
evidence_passage_len32_t0_seed20261006,73,0,21,27,False,False,0.475
evidence_passage_len32_t0_seed20261006,73,1,11,15,False,False,0.15
evidence_passage_len32_t0_seed20261006,73,2,19,26,False,False,0.2
evidence_passage_len32_t0_seed20261006,74,0,19,23,False,False,0.41304347826086957
evidence_passage_len32_t0_seed20261006,74,1,20,23,False,False,0.32608695652173914
evidence_passage_len32_t0_seed20261006,74,2,20,23,False,False,0.32608695652173914
evidence_passage_len32_t0_seed20261006,75,0,9,13,False,False,0.02631578947368421
evidence_passage_len32_t0_seed20261006,75,1,6,12,False,False,0.02631578947368421
evidence_passage_len32_t0_seed20261006,75,2,13,20,False,False,0.21052631578947367
evidence_passage_len32_t0_seed20261006,76,0,11,14,False,False,0.06896551724137931
evidence_passage_len32_t0_seed20261006,76,1,8,11,False,False,0.1724137931034483
evidence_passage_len32_t0_seed20261006,76,2,8,11,False,False,0.1724137931034483
evidence_passage_len32_t0_seed20261006,77,0,13,16,False,False,0.23684210526315788
evidence_passage_len32_t0_seed20261006,77,1,8,11,False,False,0.18421052631578946
evidence_passage_len32_t0_seed20261006,77,2,22,30,False,False,0.5263157894736842
evidence_passage_len32_t0_seed20261006,78,0,26,31,False,False,0.3584905660377358
evidence_passage_len32_t0_seed20261006,78,1,26,31,False,False,0.3584905660377358
evidence_passage_len32_t0_seed20261006,78,2,23,26,False,False,0.16981132075471697
evidence_passage_len32_t0_seed20261006,79,0,10,14,False,False,0.2127659574468085
evidence_passage_len32_t0_seed20261006,79,1,10,14,False,False,0.2127659574468085
evidence_passage_len32_t0_seed20261006,79,2,26,33,False,False,0.46808510638297873
evidence_passage_len32_t0_seed20261006,80,0,18,28,False,False,0.3953488372093023
evidence_passage_len32_t0_seed20261006,80,1,12,17,False,False,0.2558139534883721
evidence_passage_len32_t0_seed20261006,80,2,23,26,False,False,0.11627906976744186
evidence_passage_len32_t0_seed20261006,81,0,13,16,False,False,0.6923076923076923
evidence_passage_len32_t0_seed20261006,81,1,10,13,False,False,0.38461538461538464
evidence_passage_len32_t0_seed20261006,81,2,21,26,False,False,0.15384615384615385
evidence_passage_len32_t0_seed20261006,82,0,23,28,False,False,0.08490566037735849
evidence_passage_len32_t0_seed20261006,82,1,22,30,False,False,0.16981132075471697
evidence_passage_len32_t0_seed20261006,82,2,22,30,False,False,0.16981132075471697
evidence_passage_len32_t0_seed20261006,83,0,19,22,False,False,0.047619047619047616
evidence_passage_len32_t0_seed20261006,83,1,28,31,False,False,0.17857142857142858
evidence_passage_len32_t0_seed20261006,83,2,27,31,False,False,0.2857142857142857
evidence_passage_len32_t0_seed20261006,84,0,15,18,False,False,0.09345794392523364
evidence_passage_len32_t0_seed20261006,84,1,4,10,False,False,0.037383177570093455
evidence_passage_len32_t0_seed20261006,84,2,26,30,False,False,0.16822429906542055
evidence_passage_len32_t0_seed20261006,85,0,25,33,False,False,0.39344262295081966
evidence_passage_len32_t0_seed20261006,85,1,9,14,False,False,0.08196721311475409
evidence_passage_len32_t0_seed20261006,85,2,6,11,False,False,0.06557377049180328
evidence_passage_len32_t0_seed20261006,86,0,18,31,False,False,0.2708333333333333
evidence_passage_len32_t0_seed20261006,86,1,19,22,False,False,0.0625
evidence_passage_len32_t0_seed20261006,86,2,9,12,False,False,0.041666666666666664
evidence_passage_len32_t0_seed20261006,87,0,22,29,False,False,0.5384615384615384
evidence_passage_len32_t0_seed20261006,87,1,19,23,False,False,0.1282051282051282
evidence_passage_len32_t0_seed20261006,87,2,17,20,False,False,0.07692307692307693
evidence_passage_len32_t0_seed20261006,88,0,15,22,False,False,0.625
evidence_passage_len32_t0_seed20261006,88,1,14,23,False,False,0.3125
evidence_passage_len32_t0_seed20261006,88,2,22,29,False,False,0.5
evidence_passage_len32_t0_seed20261006,89,0,9,12,False,False,0.5
evidence_passage_len32_t0_seed20261006,89,1,13,16,False,False,0.5
evidence_passage_len32_t0_seed20261006,89,2,5,8,False,False,0.5
evidence_passage_len32_t0_seed20261006,90,0,27,33,False,False,0.5813953488372093
evidence_passage_len32_t0_seed20261006,90,1,12,15,False,False,0.16279069767441862
evidence_passage_len32_t0_seed20261006,90,2,17,25,False,False,0.20930232558139536
evidence_passage_len32_t0_seed20261006,91,0,20,29,False,False,0.5428571428571428
evidence_passage_len32_t0_seed20261006,91,1,20,29,False,False,0.5428571428571428
evidence_passage_len32_t0_seed20261006,91,2,20,29,False,False,0.5428571428571428
evidence_passage_len32_t0_seed20261006,92,0,14,18,False,False,0.06779661016949153
evidence_passage_len32_t0_seed20261006,92,1,18,23,False,False,0.05084745762711865
evidence_passage_len32_t0_seed20261006,92,2,16,19,False,False,0.03389830508474576
evidence_passage_len32_t0_seed20261006,93,0,14,19,False,False,0.09230769230769231
evidence_passage_len32_t0_seed20261006,93,1,8,12,False,False,0.12307692307692308
evidence_passage_len32_t0_seed20261006,93,2,23,31,False,False,0.3230769230769231
evidence_passage_len32_t0_seed20261006,94,0,22,27,False,False,0.7241379310344828
evidence_passage_len32_t0_seed20261006,94,1,22,27,False,False,0.7241379310344828
evidence_passage_len32_t0_seed20261006,94,2,22,27,False,False,0.7241379310344828
evidence_passage_len32_t0_seed20261006,95,0,26,36,False,False,0.5217391304347826
evidence_passage_len32_t0_seed20261006,95,1,26,36,False,False,0.5217391304347826
evidence_passage_len32_t0_seed20261006,95,2,26,36,False,False,0.5217391304347826
evidence_passage_len32_t0_seed20261006,96,0,24,33,False,False,0.6176470588235294
evidence_passage_len32_t0_seed20261006,96,1,24,33,False,False,0.6176470588235294
evidence_passage_len32_t0_seed20261006,96,2,24,33,False,False,0.6176470588235294
evidence_passage_len32_t0_seed20261006,97,0,20,30,False,False,0.37254901960784315
evidence_passage_len32_t0_seed20261006,97,1,12,15,False,False,0.09803921568627451
evidence_passage_len32_t0_seed20261006,97,2,14,22,False,False,0.27450980392156865
evidence_passage_len32_t0_seed20261006,98,0,9,16,False,False,0.35
evidence_passage_len32_t0_seed20261006,98,1,9,16,False,False,0.35
evidence_passage_len32_t0_seed20261006,98,2,9,16,False,False,0.35
evidence_passage_len32_t0_seed20261006,99,0,16,20,False,False,0.25806451612903225
evidence_passage_len32_t0_seed20261006,99,1,13,17,False,False,0.2903225806451613
evidence_passage_len32_t0_seed20261006,99,2,13,17,False,False,0.25806451612903225
evidence_passage_len32_t0_seed20261006,100,0,13,16,False,False,0.12
evidence_passage_len32_t0_seed20261006,100,1,16,23,False,False,0.32
evidence_passage_len32_t0_seed20261006,100,2,15,18,False,False,0.2
evidence_passage_len32_t0.7_seed20261006,1,0,26,32,False,False,0.1724137931034483
evidence_passage_len32_t0.7_seed20261006,1,1,12,16,False,False,0.2413793103448276
evidence_passage_len32_t0.7_seed20261006,1,2,20,25,False,False,0.1724137931034483
evidence_passage_len32_t0.7_seed20261006,2,0,14,22,False,False,0.2558139534883721
evidence_passage_len32_t0.7_seed20261006,2,1,19,25,False,False,0.20930232558139536
evidence_passage_len32_t0.7_seed20261006,2,2,8,11,False,False,0.09302325581395349
evidence_passage_len32_t0.7_seed20261006,3,0,18,21,False,False,0.1875
evidence_passage_len32_t0.7_seed20261006,3,1,16,19,False,False,0.25
evidence_passage_len32_t0.7_seed20261006,3,2,26,29,False,False,0.1875
evidence_passage_len32_t0.7_seed20261006,4,0,24,29,False,False,0.058823529411764705
evidence_passage_len32_t0.7_seed20261006,4,1,25,31,False,False,0.17647058823529413
evidence_passage_len32_t0.7_seed20261006,4,2,26,33,False,False,0.4117647058823529
evidence_passage_len32_t0.7_seed20261006,5,0,24,28,False,False,0.25
evidence_passage_len32_t0.7_seed20261006,5,1,28,32,False,False,0.3125
evidence_passage_len32_t0.7_seed20261006,5,2,9,12,False,False,0.15625
evidence_passage_len32_t0.7_seed20261006,6,0,23,28,False,False,0.9
evidence_passage_len32_t0.7_seed20261006,6,1,24,29,False,False,0.8
evidence_passage_len32_t0.7_seed20261006,6,2,28,33,False,False,0.3
evidence_passage_len32_t0.7_seed20261006,7,0,22,27,False,False,0.14814814814814814
evidence_passage_len32_t0.7_seed20261006,7,1,19,24,False,False,0.3148148148148148
evidence_passage_len32_t0.7_seed20261006,7,2,27,32,False,False,0.2777777777777778
evidence_passage_len32_t0.7_seed20261006,8,0,25,30,False,False,0.2708333333333333
evidence_passage_len32_t0.7_seed20261006,8,1,14,17,False,False,0.125
evidence_passage_len32_t0.7_seed20261006,8,2,13,19,False,False,0.2708333333333333
evidence_passage_len32_t0.7_seed20261006,9,0,5,8,False,False,0.03333333333333333
evidence_passage_len32_t0.7_seed20261006,9,1,15,19,False,False,0.16666666666666666
evidence_passage_len32_t0.7_seed20261006,9,2,25,29,False,False,0.16666666666666666
evidence_passage_len32_t0.7_seed20261006,10,0,26,33,False,False,0.6875
evidence_passage_len32_t0.7_seed20261006,10,1,18,30,False,False,0.5625
evidence_passage_len32_t0.7_seed20261006,10,2,18,30,False,False,0.5625
evidence_passage_len32_t0.7_seed20261006,11,0,24,28,False,False,0.4117647058823529
evidence_passage_len32_t0.7_seed20261006,11,1,16,19,False,False,0.23529411764705882
evidence_passage_len32_t0.7_seed20261006,11,2,25,29,False,False,0.4117647058823529
evidence_passage_len32_t0.7_seed20261006,12,0,7,10,False,False,0.4444444444444444
evidence_passage_len32_t0.7_seed20261006,12,1,9,14,False,False,0.5555555555555556
evidence_passage_len32_t0.7_seed20261006,12,2,10,13,False,False,0.3333333333333333
evidence_passage_len32_t0.7_seed20261006,13,0,9,14,False,False,0.15384615384615385
evidence_passage_len32_t0.7_seed20261006,13,1,11,16,False,False,0.07692307692307693
evidence_passage_len32_t0.7_seed20261006,13,2,8,15,False,False,0.1794871794871795
evidence_passage_len32_t0.7_seed20261006,14,0,19,26,False,False,0.6666666666666666
evidence_passage_len32_t0.7_seed20261006,14,1,5,10,False,False,0.07407407407407407
evidence_passage_len32_t0.7_seed20261006,14,2,19,26,False,False,0.6666666666666666
evidence_passage_len32_t0.7_seed20261006,15,0,13,16,False,False,0.3548387096774194
evidence_passage_len32_t0.7_seed20261006,15,1,28,32,False,False,0.2903225806451613
evidence_passage_len32_t0.7_seed20261006,15,2,24,29,False,False,0.0967741935483871
evidence_passage_len32_t0.7_seed20261006,16,0,11,17,False,False,0.08333333333333333
evidence_passage_len32_t0.7_seed20261006,16,1,21,24,False,False,0.25
evidence_passage_len32_t0.7_seed20261006,16,2,9,12,False,False,0.4166666666666667
evidence_passage_len32_t0.7_seed20261006,17,0,19,25,False,False,0.15384615384615385
evidence_passage_len32_t0.7_seed20261006,17,1,27,31,False,False,0.7692307692307693
evidence_passage_len32_t0.7_seed20261006,17,2,16,19,False,False,0.6153846153846154
evidence_passage_len32_t0.7_seed20261006,18,0,9,12,False,False,0.12903225806451613
evidence_passage_len32_t0.7_seed20261006,18,1,9,12,False,False,0.1935483870967742
evidence_passage_len32_t0.7_seed20261006,18,2,28,31,False,False,0.1935483870967742
evidence_passage_len32_t0.7_seed20261006,19,0,23,28,False,False,0.42
evidence_passage_len32_t0.7_seed20261006,19,1,14,17,False,False,0.04
evidence_passage_len32_t0.7_seed20261006,19,2,12,15,False,False,0.2
evidence_passage_len32_t0.7_seed20261006,20,0,24,31,False,False,0.47058823529411764
evidence_passage_len32_t0.7_seed20261006,20,1,21,32,False,False,0.37254901960784315
evidence_passage_len32_t0.7_seed20261006,20,2,19,30,False,False,0.27450980392156865
evidence_passage_len32_t0.7_seed20261006,21,0,28,34,False,False,0.09090909090909091
evidence_passage_len32_t0.7_seed20261006,21,1,20,26,False,False,0.5
evidence_passage_len32_t0.7_seed20261006,21,2,12,19,False,False,0.13636363636363635
evidence_passage_len32_t0.7_seed20261006,22,0,26,31,False,False,0.1111111111111111
evidence_passage_len32_t0.7_seed20261006,22,1,28,31,False,False,0.3333333333333333
evidence_passage_len32_t0.7_seed20261006,22,2,25,30,False,False,0.7407407407407407
evidence_passage_len32_t0.7_seed20261006,23,0,16,19,False,False,0.1111111111111111
evidence_passage_len32_t0.7_seed20261006,23,1,20,25,False,False,0.19444444444444445
evidence_passage_len32_t0.7_seed20261006,23,2,20,25,False,False,0.1388888888888889
evidence_passage_len32_t0.7_seed20261006,24,0,26,32,False,False,0.4523809523809524
evidence_passage_len32_t0.7_seed20261006,24,1,26,31,False,False,0.21428571428571427
evidence_passage_len32_t0.7_seed20261006,24,2,24,29,False,False,0.5
evidence_passage_len32_t0.7_seed20261006,25,0,1,4,False,False,0.022222222222222223
evidence_passage_len32_t0.7_seed20261006,25,1,8,12,False,False,0.1111111111111111
evidence_passage_len32_t0.7_seed20261006,25,2,24,30,False,False,0.26666666666666666
evidence_passage_len32_t0.7_seed20261006,26,0,14,17,False,False,0.07246376811594203
evidence_passage_len32_t0.7_seed20261006,26,1,12,19,False,False,0.057971014492753624
evidence_passage_len32_t0.7_seed20261006,26,2,21,26,False,False,0.2608695652173913
evidence_passage_len32_t0.7_seed20261006,27,0,17,20,False,False,0.10810810810810811
evidence_passage_len32_t0.7_seed20261006,27,1,10,13,False,False,0.2702702702702703
evidence_passage_len32_t0.7_seed20261006,27,2,29,32,False,False,0.1891891891891892
evidence_passage_len32_t0.7_seed20261006,28,0,5,11,False,False,0.0784313725490196
evidence_passage_len32_t0.7_seed20261006,28,1,9,18,False,False,0.13725490196078433
evidence_passage_len32_t0.7_seed20261006,28,2,24,32,False,False,0.47058823529411764
evidence_passage_len32_t0.7_seed20261006,29,0,13,18,False,False,0.22580645161290322
evidence_passage_len32_t0.7_seed20261006,29,1,10,14,False,False,0.12903225806451613
evidence_passage_len32_t0.7_seed20261006,29,2,11,15,False,False,0.12903225806451613
evidence_passage_len32_t0.7_seed20261006,30,0,20,26,False,False,0.09302325581395349
evidence_passage_len32_t0.7_seed20261006,30,1,21,28,False,False,0.06976744186046512
evidence_passage_len32_t0.7_seed20261006,30,2,18,23,False,False,0.13953488372093023
evidence_passage_len32_t0.7_seed20261006,31,0,21,30,False,False,0.3
evidence_passage_len32_t0.7_seed20261006,31,1,20,27,False,False,0.31666666666666665
evidence_passage_len32_t0.7_seed20261006,31,2,20,27,False,False,0.31666666666666665
evidence_passage_len32_t0.7_seed20261006,32,0,20,27,False,False,0.31666666666666665
evidence_passage_len32_t0.7_seed20261006,32,1,20,27,False,False,0.31666666666666665
evidence_passage_len32_t0.7_seed20261006,32,2,25,32,False,False,0.16666666666666666
evidence_passage_len32_t0.7_seed20261006,33,0,8,11,False,False,0.5
evidence_passage_len32_t0.7_seed20261006,33,1,23,30,False,False,0.2
evidence_passage_len32_t0.7_seed20261006,33,2,27,31,False,False,0.6
evidence_passage_len32_t0.7_seed20261006,34,0,17,22,False,False,0.08695652173913043
evidence_passage_len32_t0.7_seed20261006,34,1,26,30,False,False,0.13043478260869565
evidence_passage_len32_t0.7_seed20261006,34,2,13,16,False,False,0.1956521739130435
evidence_passage_len32_t0.7_seed20261006,35,0,28,31,False,False,0.15384615384615385
evidence_passage_len32_t0.7_seed20261006,35,1,25,29,False,False,0.15384615384615385
evidence_passage_len32_t0.7_seed20261006,35,2,22,25,False,False,0.1794871794871795
evidence_passage_len32_t0.7_seed20261006,36,0,8,11,False,False,0.1320754716981132
evidence_passage_len32_t0.7_seed20261006,36,1,10,13,False,False,0.16981132075471697
evidence_passage_len32_t0.7_seed20261006,36,2,14,18,False,False,0.24528301886792453
evidence_passage_len32_t0.7_seed20261006,37,0,27,33,False,False,0.3466666666666667
evidence_passage_len32_t0.7_seed20261006,37,1,10,15,False,False,0.09333333333333334
evidence_passage_len32_t0.7_seed20261006,37,2,27,33,False,False,0.32
evidence_passage_len32_t0.7_seed20261006,38,0,25,30,False,False,0.3157894736842105
evidence_passage_len32_t0.7_seed20261006,38,1,24,28,False,False,0.3157894736842105
evidence_passage_len32_t0.7_seed20261006,38,2,28,32,False,False,0.2631578947368421
evidence_passage_len32_t0.7_seed20261006,39,0,28,32,False,False,0.46153846153846156
evidence_passage_len32_t0.7_seed20261006,39,1,28,32,False,False,0.46153846153846156
evidence_passage_len32_t0.7_seed20261006,39,2,28,32,False,False,0.46153846153846156
evidence_passage_len32_t0.7_seed20261006,40,0,19,24,False,False,0.10869565217391304
evidence_passage_len32_t0.7_seed20261006,40,1,23,28,False,False,0.3695652173913043
evidence_passage_len32_t0.7_seed20261006,40,2,22,27,False,False,0.30434782608695654
evidence_passage_len32_t0.7_seed20261006,41,0,19,22,False,False,0.18867924528301888
evidence_passage_len32_t0.7_seed20261006,41,1,24,29,False,False,0.18867924528301888
evidence_passage_len32_t0.7_seed20261006,41,2,22,29,False,False,0.33962264150943394
evidence_passage_len32_t0.7_seed20261006,42,0,25,30,False,False,0.48936170212765956
evidence_passage_len32_t0.7_seed20261006,42,1,25,30,False,False,0.48936170212765956
evidence_passage_len32_t0.7_seed20261006,42,2,27,30,False,False,0.19148936170212766
evidence_passage_len32_t0.7_seed20261006,43,0,25,30,False,False,0.19607843137254902
evidence_passage_len32_t0.7_seed20261006,43,1,18,24,False,False,0.058823529411764705
evidence_passage_len32_t0.7_seed20261006,43,2,23,30,False,False,0.23529411764705882
evidence_passage_len32_t0.7_seed20261006,44,0,24,30,False,False,0.42857142857142855
evidence_passage_len32_t0.7_seed20261006,44,1,15,18,False,False,0.1836734693877551
evidence_passage_len32_t0.7_seed20261006,44,2,24,30,False,False,0.42857142857142855
evidence_passage_len32_t0.7_seed20261006,45,0,24,29,False,False,0.08333333333333333
evidence_passage_len32_t0.7_seed20261006,45,1,23,27,False,False,0.16666666666666666
evidence_passage_len32_t0.7_seed20261006,45,2,23,29,False,False,0.1388888888888889
evidence_passage_len32_t0.7_seed20261006,46,0,23,33,False,False,0.2127659574468085
evidence_passage_len32_t0.7_seed20261006,46,1,23,29,False,False,0.425531914893617
evidence_passage_len32_t0.7_seed20261006,46,2,23,31,False,False,0.19148936170212766
evidence_passage_len32_t0.7_seed20261006,47,0,9,15,False,False,0.1794871794871795
evidence_passage_len32_t0.7_seed20261006,47,1,16,21,False,False,0.05128205128205128
evidence_passage_len32_t0.7_seed20261006,47,2,23,29,False,False,0.23076923076923078
evidence_passage_len32_t0.7_seed20261006,48,0,20,24,False,False,0.09375
evidence_passage_len32_t0.7_seed20261006,48,1,19,25,False,False,0.125
evidence_passage_len32_t0.7_seed20261006,48,2,25,30,False,False,0.6875
evidence_passage_len32_t0.7_seed20261006,49,0,12,18,False,False,0.2037037037037037
evidence_passage_len32_t0.7_seed20261006,49,1,7,12,False,False,0.12962962962962962
evidence_passage_len32_t0.7_seed20261006,49,2,20,28,False,False,0.35185185185185186
evidence_passage_len32_t0.7_seed20261006,50,0,23,28,False,False,0.5641025641025641
evidence_passage_len32_t0.7_seed20261006,50,1,12,17,False,False,0.23076923076923078
evidence_passage_len32_t0.7_seed20261006,50,2,24,28,False,False,0.5897435897435898
evidence_passage_len32_t0.7_seed20261006,51,0,25,31,False,False,0.5128205128205128
evidence_passage_len32_t0.7_seed20261006,51,1,14,17,False,False,0.15384615384615385
evidence_passage_len32_t0.7_seed20261006,51,2,9,12,False,False,0.20512820512820512
evidence_passage_len32_t0.7_seed20261006,52,0,14,19,False,False,0.6086956521739131
evidence_passage_len32_t0.7_seed20261006,52,1,14,19,False,False,0.6086956521739131
evidence_passage_len32_t0.7_seed20261006,52,2,5,8,False,False,0.08695652173913043
evidence_passage_len32_t0.7_seed20261006,53,0,29,33,False,False,0.1935483870967742
evidence_passage_len32_t0.7_seed20261006,53,1,25,31,False,False,0.22580645161290322
evidence_passage_len32_t0.7_seed20261006,53,2,25,30,False,False,0.0967741935483871
evidence_passage_len32_t0.7_seed20261006,54,0,16,22,False,False,0.12195121951219512
evidence_passage_len32_t0.7_seed20261006,54,1,17,20,False,False,0.07317073170731707
evidence_passage_len32_t0.7_seed20261006,54,2,13,16,False,False,0.1951219512195122
evidence_passage_len32_t0.7_seed20261006,55,0,22,28,False,False,0.13157894736842105
evidence_passage_len32_t0.7_seed20261006,55,1,16,19,False,False,0.10526315789473684
evidence_passage_len32_t0.7_seed20261006,55,2,1,4,False,False,0.0
evidence_passage_len32_t0.7_seed20261006,56,0,18,27,False,False,0.21739130434782608
evidence_passage_len32_t0.7_seed20261006,56,1,26,32,False,False,0.1956521739130435
evidence_passage_len32_t0.7_seed20261006,56,2,19,22,False,False,0.08695652173913043
evidence_passage_len32_t0.7_seed20261006,57,0,29,32,False,False,0.5185185185185185
evidence_passage_len32_t0.7_seed20261006,57,1,29,32,False,False,0.5185185185185185
evidence_passage_len32_t0.7_seed20261006,57,2,30,33,False,False,0.18518518518518517
evidence_passage_len32_t0.7_seed20261006,58,0,19,26,False,False,0.3103448275862069
evidence_passage_len32_t0.7_seed20261006,58,1,9,15,False,False,0.13793103448275862
evidence_passage_len32_t0.7_seed20261006,58,2,19,26,False,False,0.3103448275862069
evidence_passage_len32_t0.7_seed20261006,59,0,27,31,False,False,0.525
evidence_passage_len32_t0.7_seed20261006,59,1,27,32,False,False,0.5
evidence_passage_len32_t0.7_seed20261006,59,2,27,30,False,False,0.25
evidence_passage_len32_t0.7_seed20261006,60,0,22,26,False,False,0.17777777777777778
evidence_passage_len32_t0.7_seed20261006,60,1,17,20,False,False,0.15555555555555556
evidence_passage_len32_t0.7_seed20261006,60,2,26,29,False,False,0.13333333333333333
evidence_passage_len32_t0.7_seed20261006,61,0,24,27,False,False,0.3333333333333333
evidence_passage_len32_t0.7_seed20261006,61,1,20,23,False,False,0.2777777777777778
evidence_passage_len32_t0.7_seed20261006,61,2,28,31,False,False,0.2777777777777778
evidence_passage_len32_t0.7_seed20261006,62,0,27,35,False,False,0.16216216216216217
evidence_passage_len32_t0.7_seed20261006,62,1,8,11,False,False,0.16216216216216217
evidence_passage_len32_t0.7_seed20261006,62,2,10,13,False,False,0.1891891891891892
evidence_passage_len32_t0.7_seed20261006,63,0,24,29,False,False,0.1
evidence_passage_len32_t0.7_seed20261006,63,1,11,16,False,False,0.1
evidence_passage_len32_t0.7_seed20261006,63,2,10,15,False,False,0.1
evidence_passage_len32_t0.7_seed20261006,64,0,11,15,False,False,0.21621621621621623
evidence_passage_len32_t0.7_seed20261006,64,1,25,29,False,False,0.10810810810810811
evidence_passage_len32_t0.7_seed20261006,64,2,25,31,False,False,0.6216216216216216
evidence_passage_len32_t0.7_seed20261006,65,0,25,31,False,False,0.631578947368421
evidence_passage_len32_t0.7_seed20261006,65,1,27,29,False,False,0.18421052631578946
evidence_passage_len32_t0.7_seed20261006,65,2,25,31,False,False,0.6578947368421053
evidence_passage_len32_t0.7_seed20261006,66,0,23,31,False,False,0.4666666666666667
evidence_passage_len32_t0.7_seed20261006,66,1,16,22,False,False,0.26666666666666666
evidence_passage_len32_t0.7_seed20261006,66,2,23,31,False,False,0.4666666666666667
evidence_passage_len32_t0.7_seed20261006,67,0,25,27,False,False,0.10714285714285714
evidence_passage_len32_t0.7_seed20261006,67,1,23,28,False,False,0.5
evidence_passage_len32_t0.7_seed20261006,67,2,26,33,False,False,0.5714285714285714
evidence_passage_len32_t0.7_seed20261006,68,0,25,30,False,False,0.2631578947368421
evidence_passage_len32_t0.7_seed20261006,68,1,26,32,False,False,0.3684210526315789
evidence_passage_len32_t0.7_seed20261006,68,2,27,31,False,False,0.2631578947368421
evidence_passage_len32_t0.7_seed20261006,69,0,26,33,False,False,0.84
evidence_passage_len32_t0.7_seed20261006,69,1,22,28,False,False,0.28
evidence_passage_len32_t0.7_seed20261006,69,2,18,24,False,False,0.52
evidence_passage_len32_t0.7_seed20261006,70,0,24,26,False,False,0.21875
evidence_passage_len32_t0.7_seed20261006,70,1,6,9,False,False,0.09375
evidence_passage_len32_t0.7_seed20261006,70,2,25,30,False,False,0.21875
evidence_passage_len32_t0.7_seed20261006,71,0,24,28,False,False,0.22580645161290322
evidence_passage_len32_t0.7_seed20261006,71,1,14,23,False,False,0.3548387096774194
evidence_passage_len32_t0.7_seed20261006,71,2,23,35,False,False,0.6129032258064516
evidence_passage_len32_t0.7_seed20261006,72,0,21,25,False,False,0.8
evidence_passage_len32_t0.7_seed20261006,72,1,14,17,False,False,0.2
evidence_passage_len32_t0.7_seed20261006,72,2,24,30,False,False,0.4
evidence_passage_len32_t0.7_seed20261006,73,0,21,27,False,False,0.475
evidence_passage_len32_t0.7_seed20261006,73,1,16,20,False,False,0.1
evidence_passage_len32_t0.7_seed20261006,73,2,20,27,False,False,0.2
evidence_passage_len32_t0.7_seed20261006,74,0,15,18,False,False,0.2391304347826087
evidence_passage_len32_t0.7_seed20261006,74,1,12,15,False,False,0.08695652173913043
evidence_passage_len32_t0.7_seed20261006,74,2,25,28,False,False,0.13043478260869565
evidence_passage_len32_t0.7_seed20261006,75,0,14,17,False,False,0.0
evidence_passage_len32_t0.7_seed20261006,75,1,10,19,False,False,0.07894736842105263
evidence_passage_len32_t0.7_seed20261006,75,2,16,22,False,False,0.07894736842105263
evidence_passage_len32_t0.7_seed20261006,76,0,8,11,False,False,0.034482758620689655
evidence_passage_len32_t0.7_seed20261006,76,1,14,17,False,False,0.20689655172413793
evidence_passage_len32_t0.7_seed20261006,76,2,17,25,False,False,0.20689655172413793
evidence_passage_len32_t0.7_seed20261006,77,0,27,30,False,False,0.15789473684210525
evidence_passage_len32_t0.7_seed20261006,77,1,8,11,False,False,0.18421052631578946
evidence_passage_len32_t0.7_seed20261006,77,2,23,31,False,False,0.5263157894736842
evidence_passage_len32_t0.7_seed20261006,78,0,26,31,False,False,0.3584905660377358
evidence_passage_len32_t0.7_seed20261006,78,1,26,31,False,False,0.3584905660377358
evidence_passage_len32_t0.7_seed20261006,78,2,23,29,False,False,0.11320754716981132
evidence_passage_len32_t0.7_seed20261006,79,0,10,14,False,False,0.2127659574468085
evidence_passage_len32_t0.7_seed20261006,79,1,10,14,False,False,0.2127659574468085
evidence_passage_len32_t0.7_seed20261006,79,2,26,33,False,False,0.46808510638297873
evidence_passage_len32_t0.7_seed20261006,80,0,16,27,False,False,0.32558139534883723
evidence_passage_len32_t0.7_seed20261006,80,1,12,17,False,False,0.2558139534883721
evidence_passage_len32_t0.7_seed20261006,80,2,16,27,False,False,0.32558139534883723
evidence_passage_len32_t0.7_seed20261006,81,0,25,28,False,False,0.46153846153846156
evidence_passage_len32_t0.7_seed20261006,81,1,23,28,False,False,0.6923076923076923
evidence_passage_len32_t0.7_seed20261006,81,2,22,27,False,False,0.6923076923076923
evidence_passage_len32_t0.7_seed20261006,82,0,21,31,False,False,0.14150943396226415
evidence_passage_len32_t0.7_seed20261006,82,1,22,30,False,False,0.16981132075471697
evidence_passage_len32_t0.7_seed20261006,82,2,11,15,False,False,0.09433962264150944
evidence_passage_len32_t0.7_seed20261006,83,0,16,19,False,False,0.09523809523809523
evidence_passage_len32_t0.7_seed20261006,83,1,19,25,False,False,0.08333333333333333
evidence_passage_len32_t0.7_seed20261006,83,2,23,29,False,False,0.10714285714285714
evidence_passage_len32_t0.7_seed20261006,84,0,6,10,False,False,0.037383177570093455
evidence_passage_len32_t0.7_seed20261006,84,1,7,10,False,False,0.037383177570093455
evidence_passage_len32_t0.7_seed20261006,84,2,26,31,False,False,0.19626168224299065
evidence_passage_len32_t0.7_seed20261006,85,0,6,9,False,False,0.06557377049180328
evidence_passage_len32_t0.7_seed20261006,85,1,25,34,False,False,0.29508196721311475
evidence_passage_len32_t0.7_seed20261006,85,2,28,33,False,False,0.14754098360655737
evidence_passage_len32_t0.7_seed20261006,86,0,20,27,False,False,0.125
evidence_passage_len32_t0.7_seed20261006,86,1,17,20,False,False,0.125
evidence_passage_len32_t0.7_seed20261006,86,2,13,19,False,False,0.08333333333333333
evidence_passage_len32_t0.7_seed20261006,87,0,22,29,False,False,0.5384615384615384
evidence_passage_len32_t0.7_seed20261006,87,1,19,29,False,False,0.15384615384615385
evidence_passage_len32_t0.7_seed20261006,87,2,25,30,False,False,0.20512820512820512
evidence_passage_len32_t0.7_seed20261006,88,0,20,29,False,False,0.375
evidence_passage_len32_t0.7_seed20261006,88,1,20,30,False,False,0.25
evidence_passage_len32_t0.7_seed20261006,88,2,26,30,False,False,0.3125
evidence_passage_len32_t0.7_seed20261006,89,0,18,21,False,False,0.5
evidence_passage_len32_t0.7_seed20261006,89,1,10,15,False,False,0.0
evidence_passage_len32_t0.7_seed20261006,89,2,14,17,False,False,0.25
evidence_passage_len32_t0.7_seed20261006,90,0,18,27,False,False,0.3953488372093023
evidence_passage_len32_t0.7_seed20261006,90,1,27,32,False,False,0.16279069767441862
evidence_passage_len32_t0.7_seed20261006,90,2,24,30,False,False,0.13953488372093023
evidence_passage_len32_t0.7_seed20261006,91,0,11,14,False,False,0.08571428571428572
evidence_passage_len32_t0.7_seed20261006,91,1,21,29,False,False,0.5428571428571428
evidence_passage_len32_t0.7_seed20261006,91,2,21,29,False,False,0.5428571428571428
evidence_passage_len32_t0.7_seed20261006,92,0,26,31,False,False,0.11864406779661017
evidence_passage_len32_t0.7_seed20261006,92,1,24,28,False,False,0.15254237288135594
evidence_passage_len32_t0.7_seed20261006,92,2,17,21,False,False,0.23728813559322035
evidence_passage_len32_t0.7_seed20261006,93,0,12,17,False,False,0.046153846153846156
evidence_passage_len32_t0.7_seed20261006,93,1,12,26,False,False,0.06153846153846154
evidence_passage_len32_t0.7_seed20261006,93,2,20,26,False,False,0.1076923076923077
evidence_passage_len32_t0.7_seed20261006,94,0,21,25,False,False,0.13793103448275862
evidence_passage_len32_t0.7_seed20261006,94,1,16,20,False,False,0.13793103448275862
evidence_passage_len32_t0.7_seed20261006,94,2,22,27,False,False,0.7241379310344828
evidence_passage_len32_t0.7_seed20261006,95,0,26,32,False,False,0.5434782608695652
evidence_passage_len32_t0.7_seed20261006,95,1,26,36,False,False,0.5217391304347826
evidence_passage_len32_t0.7_seed20261006,95,2,26,36,False,False,0.5217391304347826
evidence_passage_len32_t0.7_seed20261006,96,0,12,17,False,False,0.23529411764705882
evidence_passage_len32_t0.7_seed20261006,96,1,10,15,False,False,0.14705882352941177
evidence_passage_len32_t0.7_seed20261006,96,2,14,17,False,False,0.29411764705882354
evidence_passage_len32_t0.7_seed20261006,97,0,14,22,False,False,0.27450980392156865
evidence_passage_len32_t0.7_seed20261006,97,1,21,26,False,False,0.11764705882352941
evidence_passage_len32_t0.7_seed20261006,97,2,20,25,False,False,0.13725490196078433
evidence_passage_len32_t0.7_seed20261006,98,0,10,16,False,False,0.2
evidence_passage_len32_t0.7_seed20261006,98,1,3,5,False,False,0.05
evidence_passage_len32_t0.7_seed20261006,98,2,9,22,False,False,0.35
evidence_passage_len32_t0.7_seed20261006,99,0,22,26,False,False,0.12903225806451613
evidence_passage_len32_t0.7_seed20261006,99,1,26,30,False,False,0.22580645161290322
evidence_passage_len32_t0.7_seed20261006,99,2,26,29,False,False,0.16129032258064516
evidence_passage_len32_t0.7_seed20261006,100,0,7,10,False,False,0.04
evidence_passage_len32_t0.7_seed20261006,100,1,6,9,False,False,0.16
evidence_passage_len32_t0.7_seed20261006,100,2,26,31,False,False,0.24
evidence_passage_len96_t0_seed20261006,1,0,36,45,False,False,0.8620689655172413
evidence_passage_len96_t0_seed20261006,1,1,17,20,False,False,0.3103448275862069
evidence_passage_len96_t0_seed20261006,1,2,20,27,False,False,0.5517241379310345
evidence_passage_len96_t0_seed20261006,2,0,3,7,False,False,0.046511627906976744
evidence_passage_len96_t0_seed20261006,2,1,15,19,False,False,0.13953488372093023
evidence_passage_len96_t0_seed20261006,2,2,56,75,False,False,1.0
evidence_passage_len96_t0_seed20261006,3,0,16,20,False,False,0.21875
evidence_passage_len96_t0_seed20261006,3,1,16,20,False,False,0.21875
evidence_passage_len96_t0_seed20261006,3,2,10,13,False,False,0.28125
evidence_passage_len96_t0_seed20261006,4,0,46,54,False,False,0.11764705882352941
evidence_passage_len96_t0_seed20261006,4,1,28,32,False,False,0.35294117647058826
evidence_passage_len96_t0_seed20261006,4,2,14,19,False,False,0.11764705882352941
evidence_passage_len96_t0_seed20261006,5,0,52,72,False,False,0.125
evidence_passage_len96_t0_seed20261006,5,1,31,38,False,False,0.65625
evidence_passage_len96_t0_seed20261006,5,2,24,30,False,False,0.6875
evidence_passage_len96_t0_seed20261006,6,0,23,28,False,False,0.9
evidence_passage_len96_t0_seed20261006,6,1,25,30,False,False,0.85
evidence_passage_len96_t0_seed20261006,6,2,23,28,False,False,0.9
evidence_passage_len96_t0_seed20261006,7,0,21,25,False,False,0.18518518518518517
evidence_passage_len96_t0_seed20261006,7,1,19,24,False,False,0.3148148148148148
evidence_passage_len96_t0_seed20261006,7,2,19,24,False,False,0.3148148148148148
evidence_passage_len96_t0_seed20261006,8,0,33,35,False,False,0.041666666666666664
evidence_passage_len96_t0_seed20261006,8,1,22,28,False,False,0.3958333333333333
evidence_passage_len96_t0_seed20261006,8,2,22,28,False,False,0.3958333333333333
evidence_passage_len96_t0_seed20261006,9,0,3,5,False,False,0.0
evidence_passage_len96_t0_seed20261006,9,1,16,20,False,False,0.3
evidence_passage_len96_t0_seed20261006,9,2,12,16,False,False,0.2
evidence_passage_len96_t0_seed20261006,10,0,36,51,False,False,0.96875
evidence_passage_len96_t0_seed20261006,10,1,18,30,False,False,0.5625
evidence_passage_len96_t0_seed20261006,10,2,18,30,False,False,0.5625
evidence_passage_len96_t0_seed20261006,11,0,44,56,False,False,0.7058823529411765
evidence_passage_len96_t0_seed20261006,11,1,24,28,False,False,0.4117647058823529
evidence_passage_len96_t0_seed20261006,11,2,51,66,False,False,0.7647058823529411
evidence_passage_len96_t0_seed20261006,12,0,8,13,False,False,0.6666666666666666
evidence_passage_len96_t0_seed20261006,12,1,18,21,False,False,0.3333333333333333
evidence_passage_len96_t0_seed20261006,12,2,8,13,False,False,0.6666666666666666
evidence_passage_len96_t0_seed20261006,13,0,17,22,False,False,0.2564102564102564
evidence_passage_len96_t0_seed20261006,13,1,19,31,False,False,0.41025641025641024
evidence_passage_len96_t0_seed20261006,13,2,19,31,False,False,0.41025641025641024
evidence_passage_len96_t0_seed20261006,14,0,19,26,False,False,0.6666666666666666
evidence_passage_len96_t0_seed20261006,14,1,10,17,False,False,0.14814814814814814
evidence_passage_len96_t0_seed20261006,14,2,29,37,False,False,1.0
evidence_passage_len96_t0_seed20261006,15,0,36,47,False,False,0.25806451612903225
evidence_passage_len96_t0_seed20261006,15,1,12,17,False,False,0.25806451612903225
evidence_passage_len96_t0_seed20261006,15,2,31,40,False,False,0.8709677419354839
evidence_passage_len96_t0_seed20261006,16,0,30,34,False,False,0.16666666666666666
evidence_passage_len96_t0_seed20261006,16,1,15,18,False,False,0.3333333333333333
evidence_passage_len96_t0_seed20261006,16,2,13,16,False,False,0.9166666666666666
evidence_passage_len96_t0_seed20261006,17,0,33,37,False,False,0.15384615384615385
evidence_passage_len96_t0_seed20261006,17,1,22,25,False,False,0.6923076923076923
evidence_passage_len96_t0_seed20261006,17,2,13,16,False,False,0.8461538461538461
evidence_passage_len96_t0_seed20261006,18,0,37,45,False,False,1.0
evidence_passage_len96_t0_seed20261006,18,1,10,13,False,False,0.22580645161290322
evidence_passage_len96_t0_seed20261006,18,2,37,45,False,False,1.0
evidence_passage_len96_t0_seed20261006,19,0,38,43,False,False,0.2
evidence_passage_len96_t0_seed20261006,19,1,16,19,False,False,0.08
evidence_passage_len96_t0_seed20261006,19,2,14,17,False,False,0.12
evidence_passage_len96_t0_seed20261006,20,0,44,62,False,False,0.8431372549019608
evidence_passage_len96_t0_seed20261006,20,1,44,62,False,False,0.8431372549019608
evidence_passage_len96_t0_seed20261006,20,2,53,74,False,False,1.0
evidence_passage_len96_t0_seed20261006,21,0,12,18,False,False,0.5
evidence_passage_len96_t0_seed20261006,21,1,11,14,False,False,0.09090909090909091
evidence_passage_len96_t0_seed20261006,21,2,12,20,False,False,0.5454545454545454
evidence_passage_len96_t0_seed20261006,22,0,33,39,False,False,0.7777777777777778
evidence_passage_len96_t0_seed20261006,22,1,36,42,False,False,0.7037037037037037
evidence_passage_len96_t0_seed20261006,22,2,34,40,False,False,0.7777777777777778
evidence_passage_len96_t0_seed20261006,23,0,9,12,False,False,0.25
evidence_passage_len96_t0_seed20261006,23,1,13,17,False,False,0.1111111111111111
evidence_passage_len96_t0_seed20261006,23,2,22,26,False,False,0.2777777777777778
evidence_passage_len96_t0_seed20261006,24,0,32,39,False,False,0.23809523809523808
evidence_passage_len96_t0_seed20261006,24,1,11,17,False,False,0.047619047619047616
evidence_passage_len96_t0_seed20261006,24,2,48,59,False,False,1.0
evidence_passage_len96_t0_seed20261006,25,0,2,5,False,False,0.022222222222222223
evidence_passage_len96_t0_seed20261006,25,1,15,19,False,False,0.15555555555555556
evidence_passage_len96_t0_seed20261006,25,2,7,11,False,False,0.13333333333333333
evidence_passage_len96_t0_seed20261006,26,0,23,30,False,False,0.2898550724637681
evidence_passage_len96_t0_seed20261006,26,1,23,28,False,False,0.18840579710144928
evidence_passage_len96_t0_seed20261006,26,2,23,30,False,False,0.2898550724637681
evidence_passage_len96_t0_seed20261006,27,0,19,25,False,False,0.40540540540540543
evidence_passage_len96_t0_seed20261006,27,1,13,18,False,False,0.10810810810810811
evidence_passage_len96_t0_seed20261006,27,2,16,19,False,False,0.1891891891891892
evidence_passage_len96_t0_seed20261006,28,0,5,11,False,False,0.0784313725490196
evidence_passage_len96_t0_seed20261006,28,1,9,18,False,False,0.13725490196078433
evidence_passage_len96_t0_seed20261006,28,2,13,20,False,False,0.13725490196078433
evidence_passage_len96_t0_seed20261006,29,0,17,23,False,False,0.3870967741935484
evidence_passage_len96_t0_seed20261006,29,1,16,23,False,False,0.22580645161290322
evidence_passage_len96_t0_seed20261006,29,2,18,26,False,False,0.22580645161290322
evidence_passage_len96_t0_seed20261006,30,0,12,15,False,False,0.09302325581395349
evidence_passage_len96_t0_seed20261006,30,1,11,18,False,False,0.11627906976744186
evidence_passage_len96_t0_seed20261006,30,2,25,30,False,False,0.5581395348837209
evidence_passage_len96_t0_seed20261006,31,0,39,48,False,False,0.43333333333333335
evidence_passage_len96_t0_seed20261006,31,1,43,55,False,False,0.4666666666666667
evidence_passage_len96_t0_seed20261006,31,2,44,55,False,False,0.4666666666666667
evidence_passage_len96_t0_seed20261006,32,0,39,48,False,False,0.43333333333333335
evidence_passage_len96_t0_seed20261006,32,1,43,55,False,False,0.4666666666666667
evidence_passage_len96_t0_seed20261006,32,2,44,55,False,False,0.4666666666666667
evidence_passage_len96_t0_seed20261006,33,0,24,28,False,False,0.5
evidence_passage_len96_t0_seed20261006,33,1,17,20,False,False,0.8
evidence_passage_len96_t0_seed20261006,33,2,16,19,False,False,0.8
evidence_passage_len96_t0_seed20261006,34,0,65,72,False,False,0.6304347826086957
evidence_passage_len96_t0_seed20261006,34,1,20,24,False,False,0.08695652173913043
evidence_passage_len96_t0_seed20261006,34,2,56,65,False,False,1.0
evidence_passage_len96_t0_seed20261006,35,0,5,8,False,False,0.10256410256410256
evidence_passage_len96_t0_seed20261006,35,1,11,14,False,False,0.15384615384615385
evidence_passage_len96_t0_seed20261006,35,2,6,9,False,False,0.1282051282051282
evidence_passage_len96_t0_seed20261006,36,0,10,13,False,False,0.16981132075471697
evidence_passage_len96_t0_seed20261006,36,1,10,13,False,False,0.16981132075471697
evidence_passage_len96_t0_seed20261006,36,2,65,85,False,False,0.8679245283018868
evidence_passage_len96_t0_seed20261006,37,0,18,26,False,False,0.21333333333333335
evidence_passage_len96_t0_seed20261006,37,1,73,95,False,False,0.76
evidence_passage_len96_t0_seed20261006,37,2,18,26,False,False,0.21333333333333335
evidence_passage_len96_t0_seed20261006,38,0,40,49,False,False,0.42105263157894735
evidence_passage_len96_t0_seed20261006,38,1,5,9,False,False,0.21052631578947367
evidence_passage_len96_t0_seed20261006,38,2,21,28,False,False,1.0
evidence_passage_len96_t0_seed20261006,39,0,68,76,False,False,1.0
evidence_passage_len96_t0_seed20261006,39,1,68,76,False,False,1.0
evidence_passage_len96_t0_seed20261006,39,2,68,76,False,False,1.0
evidence_passage_len96_t0_seed20261006,40,0,59,70,False,False,1.0
evidence_passage_len96_t0_seed20261006,40,1,59,71,False,False,0.9782608695652174
evidence_passage_len96_t0_seed20261006,40,2,59,70,False,False,1.0
evidence_passage_len96_t0_seed20261006,41,0,70,86,False,False,0.9811320754716981
evidence_passage_len96_t0_seed20261006,41,1,10,13,False,False,0.18867924528301888
evidence_passage_len96_t0_seed20261006,41,2,10,13,False,False,0.18867924528301888
evidence_passage_len96_t0_seed20261006,42,0,59,68,False,False,1.0
evidence_passage_len96_t0_seed20261006,42,1,59,68,False,False,1.0
evidence_passage_len96_t0_seed20261006,42,2,59,68,False,False,1.0
evidence_passage_len96_t0_seed20261006,43,0,13,16,False,False,0.0784313725490196
evidence_passage_len96_t0_seed20261006,43,1,22,27,False,False,0.1568627450980392
evidence_passage_len96_t0_seed20261006,43,2,63,83,False,False,0.3333333333333333
evidence_passage_len96_t0_seed20261006,44,0,53,64,False,False,0.8571428571428571
evidence_passage_len96_t0_seed20261006,44,1,53,64,False,False,0.8571428571428571
evidence_passage_len96_t0_seed20261006,44,2,64,80,False,False,0.9795918367346939
evidence_passage_len96_t0_seed20261006,45,0,42,55,False,False,1.0
evidence_passage_len96_t0_seed20261006,45,1,71,86,False,False,0.5
evidence_passage_len96_t0_seed20261006,45,2,42,55,False,False,1.0
evidence_passage_len96_t0_seed20261006,46,0,59,77,False,False,0.3829787234042553
evidence_passage_len96_t0_seed20261006,46,1,59,72,False,False,1.0
evidence_passage_len96_t0_seed20261006,46,2,59,72,False,False,1.0
evidence_passage_len96_t0_seed20261006,47,0,44,65,False,False,0.9743589743589743
evidence_passage_len96_t0_seed20261006,47,1,25,38,False,False,0.5641025641025641
evidence_passage_len96_t0_seed20261006,47,2,44,65,False,False,0.9743589743589743
evidence_passage_len96_t0_seed20261006,48,0,10,14,False,False,0.3125
evidence_passage_len96_t0_seed20261006,48,1,34,43,False,False,1.0
evidence_passage_len96_t0_seed20261006,48,2,34,43,False,False,1.0
evidence_passage_len96_t0_seed20261006,49,0,12,18,False,False,0.2037037037037037
evidence_passage_len96_t0_seed20261006,49,1,7,12,False,False,0.12962962962962962
evidence_passage_len96_t0_seed20261006,49,2,65,85,False,False,1.0
evidence_passage_len96_t0_seed20261006,50,0,35,41,False,False,0.8205128205128205
evidence_passage_len96_t0_seed20261006,50,1,35,41,False,False,0.8205128205128205
evidence_passage_len96_t0_seed20261006,50,2,35,41,False,False,0.8205128205128205
evidence_passage_len96_t0_seed20261006,51,0,48,58,False,False,1.0
evidence_passage_len96_t0_seed20261006,51,1,12,15,False,False,0.07692307692307693
evidence_passage_len96_t0_seed20261006,51,2,38,47,False,False,0.8717948717948718
evidence_passage_len96_t0_seed20261006,52,0,14,19,False,False,0.6086956521739131
evidence_passage_len96_t0_seed20261006,52,1,14,19,False,False,0.6086956521739131
evidence_passage_len96_t0_seed20261006,52,2,5,8,False,False,0.08695652173913043
evidence_passage_len96_t0_seed20261006,53,0,42,51,False,False,0.25806451612903225
evidence_passage_len96_t0_seed20261006,53,1,17,25,False,False,0.12903225806451613
evidence_passage_len96_t0_seed20261006,53,2,25,29,False,False,0.16129032258064516
evidence_passage_len96_t0_seed20261006,54,0,72,82,False,False,0.24390243902439024
evidence_passage_len96_t0_seed20261006,54,1,26,30,False,False,0.2926829268292683
evidence_passage_len96_t0_seed20261006,54,2,29,33,False,False,0.3170731707317073
evidence_passage_len96_t0_seed20261006,55,0,37,43,False,False,0.18421052631578946
evidence_passage_len96_t0_seed20261006,55,1,14,21,False,False,0.10526315789473684
evidence_passage_len96_t0_seed20261006,55,2,7,12,False,False,0.18421052631578946
evidence_passage_len96_t0_seed20261006,56,0,24,27,False,False,0.13043478260869565
evidence_passage_len96_t0_seed20261006,56,1,16,23,False,False,0.21739130434782608
evidence_passage_len96_t0_seed20261006,56,2,24,30,False,False,0.21739130434782608
evidence_passage_len96_t0_seed20261006,57,0,58,70,False,False,1.0
evidence_passage_len96_t0_seed20261006,57,1,26,32,False,False,0.4444444444444444
evidence_passage_len96_t0_seed20261006,57,2,58,70,False,False,1.0
evidence_passage_len96_t0_seed20261006,58,0,62,78,False,False,0.8793103448275862
evidence_passage_len96_t0_seed20261006,58,1,9,15,False,False,0.15517241379310345
evidence_passage_len96_t0_seed20261006,58,2,62,78,False,False,0.8793103448275862
evidence_passage_len96_t0_seed20261006,59,0,52,63,False,False,0.95
evidence_passage_len96_t0_seed20261006,59,1,51,62,False,False,0.95
evidence_passage_len96_t0_seed20261006,59,2,30,35,False,False,0.475
evidence_passage_len96_t0_seed20261006,60,0,22,27,False,False,0.2222222222222222
evidence_passage_len96_t0_seed20261006,60,1,20,24,False,False,0.2222222222222222
evidence_passage_len96_t0_seed20261006,60,2,19,22,False,False,0.13333333333333333
evidence_passage_len96_t0_seed20261006,61,0,21,24,False,False,0.25
evidence_passage_len96_t0_seed20261006,61,1,20,23,False,False,0.3055555555555556
evidence_passage_len96_t0_seed20261006,61,2,19,22,False,False,0.3055555555555556
evidence_passage_len96_t0_seed20261006,62,0,7,13,False,False,0.1891891891891892
evidence_passage_len96_t0_seed20261006,62,1,7,13,False,False,0.1891891891891892
evidence_passage_len96_t0_seed20261006,62,2,7,13,False,False,0.1891891891891892
evidence_passage_len96_t0_seed20261006,63,0,31,42,False,False,1.0
evidence_passage_len96_t0_seed20261006,63,1,9,14,False,False,0.1
evidence_passage_len96_t0_seed20261006,63,2,10,13,False,False,0.1
evidence_passage_len96_t0_seed20261006,64,0,41,49,False,False,1.0
evidence_passage_len96_t0_seed20261006,64,1,41,49,False,False,1.0
evidence_passage_len96_t0_seed20261006,64,2,41,49,False,False,1.0
evidence_passage_len96_t0_seed20261006,65,0,47,55,False,False,1.0
evidence_passage_len96_t0_seed20261006,65,1,39,46,False,False,1.0
evidence_passage_len96_t0_seed20261006,65,2,39,46,False,False,1.0
evidence_passage_len96_t0_seed20261006,66,0,46,58,False,False,0.8888888888888888
evidence_passage_len96_t0_seed20261006,66,1,17,22,False,False,0.26666666666666666
evidence_passage_len96_t0_seed20261006,66,2,46,58,False,False,0.8888888888888888
evidence_passage_len96_t0_seed20261006,67,0,42,48,False,False,0.21428571428571427
evidence_passage_len96_t0_seed20261006,67,1,21,28,False,False,0.5714285714285714
evidence_passage_len96_t0_seed20261006,67,2,24,34,False,False,0.8571428571428571
evidence_passage_len96_t0_seed20261006,68,0,46,53,False,False,0.3684210526315789
evidence_passage_len96_t0_seed20261006,68,1,29,34,False,False,0.4473684210526316
evidence_passage_len96_t0_seed20261006,68,2,26,31,False,False,0.4473684210526316
evidence_passage_len96_t0_seed20261006,69,0,31,39,False,False,1.0
evidence_passage_len96_t0_seed20261006,69,1,31,39,False,False,1.0
evidence_passage_len96_t0_seed20261006,69,2,31,39,False,False,1.0
evidence_passage_len96_t0_seed20261006,70,0,42,57,False,False,1.0
evidence_passage_len96_t0_seed20261006,70,1,19,24,False,False,0.15625
evidence_passage_len96_t0_seed20261006,70,2,17,20,False,False,0.25
evidence_passage_len96_t0_seed20261006,71,0,41,56,False,False,0.8387096774193549
evidence_passage_len96_t0_seed20261006,71,1,16,23,False,False,0.2903225806451613
evidence_passage_len96_t0_seed20261006,71,2,14,17,False,False,0.1935483870967742
evidence_passage_len96_t0_seed20261006,72,0,20,25,False,False,0.95
evidence_passage_len96_t0_seed20261006,72,1,23,29,False,False,0.85
evidence_passage_len96_t0_seed20261006,72,2,21,25,False,False,0.5
evidence_passage_len96_t0_seed20261006,73,0,43,56,False,False,0.95
evidence_passage_len96_t0_seed20261006,73,1,11,15,False,False,0.15
evidence_passage_len96_t0_seed20261006,73,2,23,31,False,False,0.2
evidence_passage_len96_t0_seed20261006,74,0,35,43,False,False,0.717391304347826
evidence_passage_len96_t0_seed20261006,74,1,35,44,False,False,0.6521739130434783
evidence_passage_len96_t0_seed20261006,74,2,35,44,False,False,0.6521739130434783
evidence_passage_len96_t0_seed20261006,75,0,9,13,False,False,0.02631578947368421
evidence_passage_len96_t0_seed20261006,75,1,6,12,False,False,0.02631578947368421
evidence_passage_len96_t0_seed20261006,75,2,13,20,False,False,0.21052631578947367
evidence_passage_len96_t0_seed20261006,76,0,11,14,False,False,0.06896551724137931
evidence_passage_len96_t0_seed20261006,76,1,8,11,False,False,0.1724137931034483
evidence_passage_len96_t0_seed20261006,76,2,8,11,False,False,0.1724137931034483
evidence_passage_len96_t0_seed20261006,77,0,13,16,False,False,0.23684210526315788
evidence_passage_len96_t0_seed20261006,77,1,8,11,False,False,0.18421052631578946
evidence_passage_len96_t0_seed20261006,77,2,43,53,False,False,1.0
evidence_passage_len96_t0_seed20261006,78,0,26,32,False,False,0.37735849056603776
evidence_passage_len96_t0_seed20261006,78,1,26,32,False,False,0.37735849056603776
evidence_passage_len96_t0_seed20261006,78,2,23,26,False,False,0.16981132075471697
evidence_passage_len96_t0_seed20261006,79,0,10,14,False,False,0.2127659574468085
evidence_passage_len96_t0_seed20261006,79,1,10,14,False,False,0.2127659574468085
evidence_passage_len96_t0_seed20261006,79,2,29,37,False,False,0.5106382978723404
evidence_passage_len96_t0_seed20261006,80,0,36,49,False,False,0.7674418604651163
evidence_passage_len96_t0_seed20261006,80,1,12,17,False,False,0.2558139534883721
evidence_passage_len96_t0_seed20261006,80,2,63,71,False,False,0.16279069767441862
evidence_passage_len96_t0_seed20261006,81,0,13,16,False,False,0.6923076923076923
evidence_passage_len96_t0_seed20261006,81,1,10,13,False,False,0.38461538461538464
evidence_passage_len96_t0_seed20261006,81,2,22,28,False,False,0.15384615384615385
evidence_passage_len96_t0_seed20261006,82,0,25,31,False,False,0.08490566037735849
evidence_passage_len96_t0_seed20261006,82,1,55,75,False,False,0.4056603773584906
evidence_passage_len96_t0_seed20261006,82,2,55,75,False,False,0.4056603773584906
evidence_passage_len96_t0_seed20261006,83,0,19,22,False,False,0.047619047619047616
evidence_passage_len96_t0_seed20261006,83,1,67,80,False,False,0.17857142857142858
evidence_passage_len96_t0_seed20261006,83,2,69,89,False,False,0.5833333333333334
evidence_passage_len96_t0_seed20261006,84,0,15,18,False,False,0.09345794392523364
evidence_passage_len96_t0_seed20261006,84,1,4,10,False,False,0.037383177570093455
evidence_passage_len96_t0_seed20261006,84,2,26,31,False,False,0.17757009345794392
evidence_passage_len96_t0_seed20261006,85,0,26,36,False,False,0.4098360655737705
evidence_passage_len96_t0_seed20261006,85,1,9,14,False,False,0.08196721311475409
evidence_passage_len96_t0_seed20261006,85,2,6,11,False,False,0.06557377049180328
evidence_passage_len96_t0_seed20261006,86,0,56,80,False,False,0.9791666666666666
evidence_passage_len96_t0_seed20261006,86,1,19,22,False,False,0.0625
evidence_passage_len96_t0_seed20261006,86,2,9,12,False,False,0.041666666666666664
evidence_passage_len96_t0_seed20261006,87,0,46,57,False,False,1.0
evidence_passage_len96_t0_seed20261006,87,1,19,23,False,False,0.1282051282051282
evidence_passage_len96_t0_seed20261006,87,2,17,20,False,False,0.07692307692307693
evidence_passage_len96_t0_seed20261006,88,0,15,22,False,False,0.625
evidence_passage_len96_t0_seed20261006,88,1,14,23,False,False,0.3125
evidence_passage_len96_t0_seed20261006,88,2,27,35,False,False,0.5
evidence_passage_len96_t0_seed20261006,89,0,9,12,False,False,0.5
evidence_passage_len96_t0_seed20261006,89,1,13,16,False,False,0.5
evidence_passage_len96_t0_seed20261006,89,2,5,8,False,False,0.5
evidence_passage_len96_t0_seed20261006,90,0,49,63,False,False,1.0
evidence_passage_len96_t0_seed20261006,90,1,12,15,False,False,0.16279069767441862
evidence_passage_len96_t0_seed20261006,90,2,17,25,False,False,0.20930232558139536
evidence_passage_len96_t0_seed20261006,91,0,39,54,False,False,1.0
evidence_passage_len96_t0_seed20261006,91,1,39,54,False,False,1.0
evidence_passage_len96_t0_seed20261006,91,2,39,54,False,False,1.0
evidence_passage_len96_t0_seed20261006,92,0,14,18,False,False,0.06779661016949153
evidence_passage_len96_t0_seed20261006,92,1,18,23,False,False,0.05084745762711865
evidence_passage_len96_t0_seed20261006,92,2,16,19,False,False,0.03389830508474576
evidence_passage_len96_t0_seed20261006,93,0,14,19,False,False,0.09230769230769231
evidence_passage_len96_t0_seed20261006,93,1,8,12,False,False,0.12307692307692308
evidence_passage_len96_t0_seed20261006,93,2,70,91,False,False,0.9538461538461539
evidence_passage_len96_t0_seed20261006,94,0,22,28,False,False,0.7586206896551724
evidence_passage_len96_t0_seed20261006,94,1,22,28,False,False,0.7586206896551724
evidence_passage_len96_t0_seed20261006,94,2,22,28,False,False,0.7586206896551724
evidence_passage_len96_t0_seed20261006,95,0,49,63,False,False,1.0
evidence_passage_len96_t0_seed20261006,95,1,49,63,False,False,1.0
evidence_passage_len96_t0_seed20261006,95,2,49,63,False,False,1.0
evidence_passage_len96_t0_seed20261006,96,0,40,53,False,False,1.0
evidence_passage_len96_t0_seed20261006,96,1,40,53,False,False,1.0
evidence_passage_len96_t0_seed20261006,96,2,40,53,False,False,1.0
evidence_passage_len96_t0_seed20261006,97,0,39,53,False,False,0.7058823529411765
evidence_passage_len96_t0_seed20261006,97,1,12,15,False,False,0.09803921568627451
evidence_passage_len96_t0_seed20261006,97,2,14,22,False,False,0.27450980392156865
evidence_passage_len96_t0_seed20261006,98,0,9,16,False,False,0.35
evidence_passage_len96_t0_seed20261006,98,1,9,16,False,False,0.35
evidence_passage_len96_t0_seed20261006,98,2,9,16,False,False,0.35
evidence_passage_len96_t0_seed20261006,99,0,16,20,False,False,0.25806451612903225
evidence_passage_len96_t0_seed20261006,99,1,13,17,False,False,0.2903225806451613
evidence_passage_len96_t0_seed20261006,99,2,13,17,False,False,0.25806451612903225
evidence_passage_len96_t0_seed20261006,100,0,13,16,False,False,0.12
evidence_passage_len96_t0_seed20261006,100,1,16,23,False,False,0.32
evidence_passage_len96_t0_seed20261006,100,2,15,18,False,False,0.2
evidence_passage_len96_t0.7_seed20261006,1,0,59,69,False,False,0.20689655172413793
evidence_passage_len96_t0.7_seed20261006,1,1,23,30,False,False,0.4827586206896552
evidence_passage_len96_t0.7_seed20261006,1,2,28,36,False,False,0.3793103448275862
evidence_passage_len96_t0.7_seed20261006,2,0,14,22,False,False,0.2558139534883721
evidence_passage_len96_t0.7_seed20261006,2,1,15,19,False,False,0.09302325581395349
evidence_passage_len96_t0.7_seed20261006,2,2,56,75,False,False,1.0
evidence_passage_len96_t0.7_seed20261006,3,0,18,21,False,False,0.1875
evidence_passage_len96_t0.7_seed20261006,3,1,14,17,False,False,0.375
evidence_passage_len96_t0.7_seed20261006,3,2,10,13,False,False,0.25
evidence_passage_len96_t0.7_seed20261006,4,0,24,29,False,False,0.058823529411764705
evidence_passage_len96_t0.7_seed20261006,4,1,14,19,False,False,0.058823529411764705
evidence_passage_len96_t0.7_seed20261006,4,2,9,12,False,False,0.11764705882352941
evidence_passage_len96_t0.7_seed20261006,5,0,43,51,False,False,0.625
evidence_passage_len96_t0.7_seed20261006,5,1,10,14,False,False,0.125
evidence_passage_len96_t0.7_seed20261006,5,2,24,30,False,False,0.625
evidence_passage_len96_t0.7_seed20261006,6,0,23,28,False,False,0.9
evidence_passage_len96_t0.7_seed20261006,6,1,17,22,False,False,0.6
evidence_passage_len96_t0.7_seed20261006,6,2,22,25,False,False,0.4
evidence_passage_len96_t0.7_seed20261006,7,0,41,51,False,False,0.25925925925925924
evidence_passage_len96_t0.7_seed20261006,7,1,6,11,False,False,0.018518518518518517
evidence_passage_len96_t0.7_seed20261006,7,2,19,24,False,False,0.3148148148148148
evidence_passage_len96_t0.7_seed20261006,8,0,25,30,False,False,0.2708333333333333
evidence_passage_len96_t0.7_seed20261006,8,1,35,45,False,False,0.625
evidence_passage_len96_t0.7_seed20261006,8,2,22,28,False,False,0.3958333333333333
evidence_passage_len96_t0.7_seed20261006,9,0,2,4,False,False,0.0
evidence_passage_len96_t0.7_seed20261006,9,1,13,16,False,False,0.13333333333333333
evidence_passage_len96_t0.7_seed20261006,9,2,17,20,False,False,0.06666666666666667
evidence_passage_len96_t0.7_seed20261006,10,0,36,51,False,False,0.96875
evidence_passage_len96_t0.7_seed20261006,10,1,18,30,False,False,0.5625
evidence_passage_len96_t0.7_seed20261006,10,2,18,30,False,False,0.5625
evidence_passage_len96_t0.7_seed20261006,11,0,59,75,False,False,0.8823529411764706
evidence_passage_len96_t0.7_seed20261006,11,1,26,30,False,False,0.09803921568627451
evidence_passage_len96_t0.7_seed20261006,11,2,25,32,False,False,0.2549019607843137
evidence_passage_len96_t0.7_seed20261006,12,0,8,13,False,False,0.6666666666666666
evidence_passage_len96_t0.7_seed20261006,12,1,26,29,False,False,0.2222222222222222
evidence_passage_len96_t0.7_seed20261006,12,2,28,32,False,False,0.3333333333333333
evidence_passage_len96_t0.7_seed20261006,13,0,9,12,False,False,0.05128205128205128
evidence_passage_len96_t0.7_seed20261006,13,1,8,15,False,False,0.1794871794871795
evidence_passage_len96_t0.7_seed20261006,13,2,19,31,False,False,0.41025641025641024
evidence_passage_len96_t0.7_seed20261006,14,0,16,21,False,False,0.18518518518518517
evidence_passage_len96_t0.7_seed20261006,14,1,16,19,False,False,0.14814814814814814
evidence_passage_len96_t0.7_seed20261006,14,2,26,30,False,False,0.2222222222222222
evidence_passage_len96_t0.7_seed20261006,15,0,14,17,False,False,0.3225806451612903
evidence_passage_len96_t0.7_seed20261006,15,1,13,20,False,False,0.3225806451612903
evidence_passage_len96_t0.7_seed20261006,15,2,17,24,False,False,0.22580645161290322
evidence_passage_len96_t0.7_seed20261006,16,0,13,16,False,False,0.5833333333333334
evidence_passage_len96_t0.7_seed20261006,16,1,22,26,False,False,0.5
evidence_passage_len96_t0.7_seed20261006,16,2,16,19,False,False,0.08333333333333333
evidence_passage_len96_t0.7_seed20261006,17,0,36,41,False,False,0.38461538461538464
evidence_passage_len96_t0.7_seed20261006,17,1,15,20,False,False,0.3076923076923077
evidence_passage_len96_t0.7_seed20261006,17,2,14,17,False,False,0.8461538461538461
evidence_passage_len96_t0.7_seed20261006,18,0,10,13,False,False,0.25806451612903225
evidence_passage_len96_t0.7_seed20261006,18,1,17,22,False,False,0.1935483870967742
evidence_passage_len96_t0.7_seed20261006,18,2,11,14,False,False,0.12903225806451613
evidence_passage_len96_t0.7_seed20261006,19,0,30,35,False,False,0.12
evidence_passage_len96_t0.7_seed20261006,19,1,21,24,False,False,0.12
evidence_passage_len96_t0.7_seed20261006,19,2,25,28,False,False,0.1
evidence_passage_len96_t0.7_seed20261006,20,0,44,62,False,False,0.8431372549019608
evidence_passage_len96_t0.7_seed20261006,20,1,13,16,False,False,0.09803921568627451
evidence_passage_len96_t0.7_seed20261006,20,2,68,77,False,False,0.3137254901960784
evidence_passage_len96_t0.7_seed20261006,21,0,20,26,False,False,0.45454545454545453
evidence_passage_len96_t0.7_seed20261006,21,1,14,17,False,False,0.045454545454545456
evidence_passage_len96_t0.7_seed20261006,21,2,39,46,False,False,0.5
evidence_passage_len96_t0.7_seed20261006,22,0,61,67,False,False,0.37037037037037035
evidence_passage_len96_t0.7_seed20261006,22,1,27,32,False,False,0.6666666666666666
evidence_passage_len96_t0.7_seed20261006,22,2,37,43,False,False,0.9629629629629629
evidence_passage_len96_t0.7_seed20261006,23,0,39,47,False,False,0.2222222222222222
evidence_passage_len96_t0.7_seed20261006,23,1,18,21,False,False,0.08333333333333333
evidence_passage_len96_t0.7_seed20261006,23,2,51,66,False,False,0.3611111111111111
evidence_passage_len96_t0.7_seed20261006,24,0,13,16,False,False,0.14285714285714285
evidence_passage_len96_t0.7_seed20261006,24,1,31,39,False,False,0.19047619047619047
evidence_passage_len96_t0.7_seed20261006,24,2,20,23,False,False,0.14285714285714285
evidence_passage_len96_t0.7_seed20261006,25,0,8,11,False,False,0.1111111111111111
evidence_passage_len96_t0.7_seed20261006,25,1,16,20,False,False,0.17777777777777778
evidence_passage_len96_t0.7_seed20261006,25,2,13,17,False,False,0.15555555555555556
evidence_passage_len96_t0.7_seed20261006,26,0,8,12,False,False,0.043478260869565216
evidence_passage_len96_t0.7_seed20261006,26,1,18,21,False,False,0.18840579710144928
evidence_passage_len96_t0.7_seed20261006,26,2,40,49,False,False,0.4927536231884058
evidence_passage_len96_t0.7_seed20261006,27,0,56,69,False,False,0.16216216216216217
evidence_passage_len96_t0.7_seed20261006,27,1,23,31,False,False,0.4864864864864865
evidence_passage_len96_t0.7_seed20261006,27,2,33,40,False,False,0.7567567567567568
evidence_passage_len96_t0.7_seed20261006,28,0,5,11,False,False,0.0784313725490196
evidence_passage_len96_t0.7_seed20261006,28,1,9,18,False,False,0.13725490196078433
evidence_passage_len96_t0.7_seed20261006,28,2,10,17,False,False,0.11764705882352941
evidence_passage_len96_t0.7_seed20261006,29,0,11,17,False,False,0.3225806451612903
evidence_passage_len96_t0.7_seed20261006,29,1,12,18,False,False,0.25806451612903225
evidence_passage_len96_t0.7_seed20261006,29,2,13,20,False,False,0.1935483870967742
evidence_passage_len96_t0.7_seed20261006,30,0,16,19,False,False,0.046511627906976744
evidence_passage_len96_t0.7_seed20261006,30,1,25,36,False,False,0.23255813953488372
evidence_passage_len96_t0.7_seed20261006,30,2,21,26,False,False,0.16279069767441862
evidence_passage_len96_t0.7_seed20261006,31,0,16,19,False,False,0.26666666666666666
evidence_passage_len96_t0.7_seed20261006,31,1,41,52,False,False,0.4166666666666667
evidence_passage_len96_t0.7_seed20261006,31,2,44,54,False,False,0.45
evidence_passage_len96_t0.7_seed20261006,32,0,44,54,False,False,0.4666666666666667
evidence_passage_len96_t0.7_seed20261006,32,1,21,24,False,False,0.2
evidence_passage_len96_t0.7_seed20261006,32,2,43,53,False,False,0.45
evidence_passage_len96_t0.7_seed20261006,33,0,52,58,False,False,0.8
evidence_passage_len96_t0.7_seed20261006,33,1,15,19,False,False,0.8
evidence_passage_len96_t0.7_seed20261006,33,2,18,23,False,False,0.5
evidence_passage_len96_t0.7_seed20261006,34,0,69,76,False,False,0.32608695652173914
evidence_passage_len96_t0.7_seed20261006,34,1,12,15,False,False,0.13043478260869565
evidence_passage_len96_t0.7_seed20261006,34,2,27,33,False,False,0.45652173913043476
evidence_passage_len96_t0.7_seed20261006,35,0,15,18,False,False,0.05128205128205128
evidence_passage_len96_t0.7_seed20261006,35,1,14,18,False,False,0.1282051282051282
evidence_passage_len96_t0.7_seed20261006,35,2,10,15,False,False,0.1794871794871795
evidence_passage_len96_t0.7_seed20261006,36,0,14,18,False,False,0.24528301886792453
evidence_passage_len96_t0.7_seed20261006,36,1,21,24,False,False,0.1320754716981132
evidence_passage_len96_t0.7_seed20261006,36,2,14,18,False,False,0.24528301886792453
evidence_passage_len96_t0.7_seed20261006,37,0,54,67,False,False,0.4666666666666667
evidence_passage_len96_t0.7_seed20261006,37,1,18,26,False,False,0.21333333333333335
evidence_passage_len96_t0.7_seed20261006,37,2,73,95,False,False,0.76
evidence_passage_len96_t0.7_seed20261006,38,0,13,17,False,False,0.15789473684210525
evidence_passage_len96_t0.7_seed20261006,38,1,45,51,False,False,0.2631578947368421
evidence_passage_len96_t0.7_seed20261006,38,2,45,56,False,False,0.631578947368421
evidence_passage_len96_t0.7_seed20261006,39,0,70,78,False,False,1.0
evidence_passage_len96_t0.7_seed20261006,39,1,9,14,False,False,0.07692307692307693
evidence_passage_len96_t0.7_seed20261006,39,2,70,78,False,False,1.0
evidence_passage_len96_t0.7_seed20261006,40,0,25,32,False,False,0.41304347826086957
evidence_passage_len96_t0.7_seed20261006,40,1,20,23,False,False,0.30434782608695654
evidence_passage_len96_t0.7_seed20261006,40,2,62,76,False,False,0.21739130434782608
evidence_passage_len96_t0.7_seed20261006,41,0,14,20,False,False,0.09433962264150944
evidence_passage_len96_t0.7_seed20261006,41,1,10,13,False,False,0.18867924528301888
evidence_passage_len96_t0.7_seed20261006,41,2,8,11,False,False,0.1509433962264151
evidence_passage_len96_t0.7_seed20261006,42,0,59,68,False,False,1.0
evidence_passage_len96_t0.7_seed20261006,42,1,59,68,False,False,1.0
evidence_passage_len96_t0.7_seed20261006,42,2,59,68,False,False,1.0
evidence_passage_len96_t0.7_seed20261006,43,0,27,31,False,False,0.29411764705882354
evidence_passage_len96_t0.7_seed20261006,43,1,31,34,False,False,0.21568627450980393
evidence_passage_len96_t0.7_seed20261006,43,2,36,45,False,False,0.19607843137254902
evidence_passage_len96_t0.7_seed20261006,44,0,53,64,False,False,0.8571428571428571
evidence_passage_len96_t0.7_seed20261006,44,1,34,42,False,False,0.5918367346938775
evidence_passage_len96_t0.7_seed20261006,44,2,9,12,False,False,0.14285714285714285
evidence_passage_len96_t0.7_seed20261006,45,0,39,50,False,False,0.8888888888888888
evidence_passage_len96_t0.7_seed20261006,45,1,67,87,False,False,0.4166666666666667
evidence_passage_len96_t0.7_seed20261006,45,2,17,24,False,False,0.25
evidence_passage_len96_t0.7_seed20261006,46,0,49,54,False,False,0.2127659574468085
evidence_passage_len96_t0.7_seed20261006,46,1,55,70,False,False,0.48936170212765956
evidence_passage_len96_t0.7_seed20261006,46,2,58,74,False,False,0.7446808510638298
evidence_passage_len96_t0.7_seed20261006,47,0,9,12,False,False,0.02564102564102564
evidence_passage_len96_t0.7_seed20261006,47,1,15,18,False,False,0.07692307692307693
evidence_passage_len96_t0.7_seed20261006,47,2,23,35,False,False,0.07692307692307693
evidence_passage_len96_t0.7_seed20261006,48,0,10,14,False,False,0.28125
evidence_passage_len96_t0.7_seed20261006,48,1,11,16,False,False,0.0625
evidence_passage_len96_t0.7_seed20261006,48,2,57,69,False,False,0.34375
evidence_passage_len96_t0.7_seed20261006,49,0,31,38,False,False,0.25925925925925924
evidence_passage_len96_t0.7_seed20261006,49,1,7,12,False,False,0.12962962962962962
evidence_passage_len96_t0.7_seed20261006,49,2,14,17,False,False,0.05555555555555555
evidence_passage_len96_t0.7_seed20261006,50,0,35,41,False,False,0.8205128205128205
evidence_passage_len96_t0.7_seed20261006,50,1,25,28,False,False,0.5641025641025641
evidence_passage_len96_t0.7_seed20261006,50,2,25,28,False,False,0.5641025641025641
evidence_passage_len96_t0.7_seed20261006,51,0,13,15,False,False,0.1282051282051282
evidence_passage_len96_t0.7_seed20261006,51,1,24,28,False,False,0.1794871794871795
evidence_passage_len96_t0.7_seed20261006,51,2,38,47,False,False,0.8717948717948718
evidence_passage_len96_t0.7_seed20261006,52,0,15,19,False,False,0.08695652173913043
evidence_passage_len96_t0.7_seed20261006,52,1,23,29,False,False,0.9565217391304348
evidence_passage_len96_t0.7_seed20261006,52,2,12,17,False,False,0.5217391304347826
evidence_passage_len96_t0.7_seed20261006,53,0,12,17,False,False,0.06451612903225806
evidence_passage_len96_t0.7_seed20261006,53,1,17,21,False,False,0.12903225806451613
evidence_passage_len96_t0.7_seed20261006,53,2,15,18,False,False,0.0967741935483871
evidence_passage_len96_t0.7_seed20261006,54,0,30,38,False,False,0.1951219512195122
evidence_passage_len96_t0.7_seed20261006,54,1,13,16,False,False,0.1951219512195122
evidence_passage_len96_t0.7_seed20261006,54,2,39,48,False,False,0.8536585365853658
evidence_passage_len96_t0.7_seed20261006,55,0,18,21,False,False,0.07894736842105263
evidence_passage_len96_t0.7_seed20261006,55,1,19,27,False,False,0.47368421052631576
evidence_passage_len96_t0.7_seed20261006,55,2,15,18,False,False,0.10526315789473684
evidence_passage_len96_t0.7_seed20261006,56,0,31,46,False,False,0.08695652173913043
evidence_passage_len96_t0.7_seed20261006,56,1,32,40,False,False,0.2826086956521739
evidence_passage_len96_t0.7_seed20261006,56,2,23,33,False,False,0.4782608695652174
evidence_passage_len96_t0.7_seed20261006,57,0,30,36,False,False,0.16666666666666666
evidence_passage_len96_t0.7_seed20261006,57,1,12,15,False,False,0.09259259259259259
evidence_passage_len96_t0.7_seed20261006,57,2,56,68,False,False,0.9629629629629629
evidence_passage_len96_t0.7_seed20261006,58,0,62,78,False,False,0.8793103448275862
evidence_passage_len96_t0.7_seed20261006,58,1,62,78,False,False,0.8793103448275862
evidence_passage_len96_t0.7_seed20261006,58,2,66,87,False,False,0.2413793103448276
evidence_passage_len96_t0.7_seed20261006,59,0,51,62,False,False,0.95
evidence_passage_len96_t0.7_seed20261006,59,1,23,28,False,False,0.375
evidence_passage_len96_t0.7_seed20261006,59,2,23,26,False,False,0.275
evidence_passage_len96_t0.7_seed20261006,60,0,53,69,False,False,0.3111111111111111
evidence_passage_len96_t0.7_seed20261006,60,1,20,23,False,False,0.3111111111111111
evidence_passage_len96_t0.7_seed20261006,60,2,24,27,False,False,0.4222222222222222
evidence_passage_len96_t0.7_seed20261006,61,0,22,25,False,False,0.25
evidence_passage_len96_t0.7_seed20261006,61,1,15,18,False,False,0.19444444444444445
evidence_passage_len96_t0.7_seed20261006,61,2,35,40,False,False,0.4166666666666667
evidence_passage_len96_t0.7_seed20261006,62,0,52,59,False,False,0.2702702702702703
evidence_passage_len96_t0.7_seed20261006,62,1,7,13,False,False,0.1891891891891892
evidence_passage_len96_t0.7_seed20261006,62,2,7,13,False,False,0.1891891891891892
evidence_passage_len96_t0.7_seed20261006,63,0,31,42,False,False,0.9666666666666667
evidence_passage_len96_t0.7_seed20261006,63,1,14,19,False,False,0.16666666666666666
evidence_passage_len96_t0.7_seed20261006,63,2,24,29,False,False,0.13333333333333333
evidence_passage_len96_t0.7_seed20261006,64,0,41,49,False,False,0.972972972972973
evidence_passage_len96_t0.7_seed20261006,64,1,41,49,False,False,1.0
evidence_passage_len96_t0.7_seed20261006,64,2,61,73,False,False,0.918918918918919
evidence_passage_len96_t0.7_seed20261006,65,0,48,54,False,False,0.21052631578947367
evidence_passage_len96_t0.7_seed20261006,65,1,39,43,False,False,0.2894736842105263
evidence_passage_len96_t0.7_seed20261006,65,2,39,46,False,False,1.0
evidence_passage_len96_t0.7_seed20261006,66,0,13,16,False,False,0.044444444444444446
evidence_passage_len96_t0.7_seed20261006,66,1,9,12,False,False,0.08888888888888889
evidence_passage_len96_t0.7_seed20261006,66,2,45,56,False,False,0.7555555555555555
evidence_passage_len96_t0.7_seed20261006,67,0,30,36,False,False,0.25
evidence_passage_len96_t0.7_seed20261006,67,1,27,39,False,False,0.17857142857142858
evidence_passage_len96_t0.7_seed20261006,67,2,30,43,False,False,0.39285714285714285
evidence_passage_len96_t0.7_seed20261006,68,0,31,39,False,False,0.39473684210526316
evidence_passage_len96_t0.7_seed20261006,68,1,31,38,False,False,0.5789473684210527
evidence_passage_len96_t0.7_seed20261006,68,2,28,35,False,False,0.18421052631578946
evidence_passage_len96_t0.7_seed20261006,69,0,10,15,False,False,0.12
evidence_passage_len96_t0.7_seed20261006,69,1,30,38,False,False,0.96
evidence_passage_len96_t0.7_seed20261006,69,2,31,39,False,False,1.0
evidence_passage_len96_t0.7_seed20261006,70,0,42,57,False,False,0.96875
evidence_passage_len96_t0.7_seed20261006,70,1,16,21,False,False,0.15625
evidence_passage_len96_t0.7_seed20261006,70,2,9,12,False,False,0.09375
evidence_passage_len96_t0.7_seed20261006,71,0,16,24,False,False,0.22580645161290322
evidence_passage_len96_t0.7_seed20261006,71,1,18,27,False,False,0.3225806451612903
evidence_passage_len96_t0.7_seed20261006,71,2,33,38,False,False,0.3548387096774194
evidence_passage_len96_t0.7_seed20261006,72,0,14,17,False,False,0.25
evidence_passage_len96_t0.7_seed20261006,72,1,18,23,False,False,0.75
evidence_passage_len96_t0.7_seed20261006,72,2,32,52,False,False,0.15
evidence_passage_len96_t0.7_seed20261006,73,0,16,20,False,False,0.225
evidence_passage_len96_t0.7_seed20261006,73,1,31,46,False,False,0.525
evidence_passage_len96_t0.7_seed20261006,73,2,19,26,False,False,0.25
evidence_passage_len96_t0.7_seed20261006,74,0,51,61,False,False,0.2608695652173913
evidence_passage_len96_t0.7_seed20261006,74,1,5,8,False,False,0.043478260869565216
evidence_passage_len96_t0.7_seed20261006,74,2,4,7,False,False,0.043478260869565216
evidence_passage_len96_t0.7_seed20261006,75,0,18,23,False,False,0.13157894736842105
evidence_passage_len96_t0.7_seed20261006,75,1,12,18,False,False,0.02631578947368421
evidence_passage_len96_t0.7_seed20261006,75,2,12,16,False,False,0.10526315789473684
evidence_passage_len96_t0.7_seed20261006,76,0,8,10,False,False,0.10344827586206896
evidence_passage_len96_t0.7_seed20261006,76,1,9,12,False,False,0.10344827586206896
evidence_passage_len96_t0.7_seed20261006,76,2,29,37,False,False,0.6551724137931034
evidence_passage_len96_t0.7_seed20261006,77,0,43,53,False,False,1.0
evidence_passage_len96_t0.7_seed20261006,77,1,71,83,False,False,0.2894736842105263
evidence_passage_len96_t0.7_seed20261006,77,2,43,53,False,False,1.0
evidence_passage_len96_t0.7_seed20261006,78,0,26,32,False,False,0.37735849056603776
evidence_passage_len96_t0.7_seed20261006,78,1,26,32,False,False,0.37735849056603776
evidence_passage_len96_t0.7_seed20261006,78,2,58,72,False,False,0.7169811320754716
evidence_passage_len96_t0.7_seed20261006,79,0,19,24,False,False,0.0851063829787234
evidence_passage_len96_t0.7_seed20261006,79,1,10,14,False,False,0.2127659574468085
evidence_passage_len96_t0.7_seed20261006,79,2,19,25,False,False,0.3404255319148936
evidence_passage_len96_t0.7_seed20261006,80,0,74,82,False,False,0.18604651162790697
evidence_passage_len96_t0.7_seed20261006,80,1,59,68,False,False,0.23255813953488372
evidence_passage_len96_t0.7_seed20261006,80,2,75,85,False,False,0.2558139534883721
evidence_passage_len96_t0.7_seed20261006,81,0,21,26,False,False,0.3076923076923077
evidence_passage_len96_t0.7_seed20261006,81,1,28,36,False,False,0.23076923076923078
evidence_passage_len96_t0.7_seed20261006,81,2,4,8,False,False,0.23076923076923078
evidence_passage_len96_t0.7_seed20261006,82,0,32,39,False,False,0.10377358490566038
evidence_passage_len96_t0.7_seed20261006,82,1,65,90,False,False,0.37735849056603776
evidence_passage_len96_t0.7_seed20261006,82,2,53,73,False,False,0.39622641509433965
evidence_passage_len96_t0.7_seed20261006,83,0,23,29,False,False,0.05952380952380952
evidence_passage_len96_t0.7_seed20261006,83,1,17,25,False,False,0.10714285714285714
evidence_passage_len96_t0.7_seed20261006,83,2,77,85,False,False,0.14285714285714285
evidence_passage_len96_t0.7_seed20261006,84,0,43,49,False,False,0.3364485981308411
evidence_passage_len96_t0.7_seed20261006,84,1,12,15,False,False,0.07476635514018691
evidence_passage_len96_t0.7_seed20261006,84,2,4,10,False,False,0.037383177570093455
evidence_passage_len96_t0.7_seed20261006,85,0,26,36,False,False,0.4098360655737705
evidence_passage_len96_t0.7_seed20261006,85,1,32,37,False,False,0.14754098360655737
evidence_passage_len96_t0.7_seed20261006,85,2,26,36,False,False,0.4098360655737705
evidence_passage_len96_t0.7_seed20261006,86,0,56,80,False,False,0.9791666666666666
evidence_passage_len96_t0.7_seed20261006,86,1,15,18,False,False,0.08333333333333333
evidence_passage_len96_t0.7_seed20261006,86,2,19,22,False,False,0.14583333333333334
evidence_passage_len96_t0.7_seed20261006,87,0,46,58,False,False,1.0
evidence_passage_len96_t0.7_seed20261006,87,1,14,19,False,False,0.07692307692307693
evidence_passage_len96_t0.7_seed20261006,87,2,62,71,False,False,0.20512820512820512
evidence_passage_len96_t0.7_seed20261006,88,0,30,39,False,False,0.4375
evidence_passage_len96_t0.7_seed20261006,88,1,17,25,False,False,0.1875
evidence_passage_len96_t0.7_seed20261006,88,2,70,83,False,False,0.625
evidence_passage_len96_t0.7_seed20261006,89,0,17,20,False,False,0.5
evidence_passage_len96_t0.7_seed20261006,89,1,8,11,False,False,0.5
evidence_passage_len96_t0.7_seed20261006,89,2,7,10,False,False,0.25
evidence_passage_len96_t0.7_seed20261006,90,0,21,30,False,False,0.18604651162790697
evidence_passage_len96_t0.7_seed20261006,90,1,18,25,False,False,0.23255813953488372
evidence_passage_len96_t0.7_seed20261006,90,2,18,26,False,False,0.13953488372093023
evidence_passage_len96_t0.7_seed20261006,91,0,40,53,False,False,1.0
evidence_passage_len96_t0.7_seed20261006,91,1,39,54,False,False,1.0
evidence_passage_len96_t0.7_seed20261006,91,2,40,53,False,False,0.9714285714285714
evidence_passage_len96_t0.7_seed20261006,92,0,24,28,False,False,0.1016949152542373
evidence_passage_len96_t0.7_seed20261006,92,1,19,26,False,False,0.11864406779661017
evidence_passage_len96_t0.7_seed20261006,92,2,72,95,False,False,0.2033898305084746
evidence_passage_len96_t0.7_seed20261006,93,0,37,45,False,False,0.12307692307692308
evidence_passage_len96_t0.7_seed20261006,93,1,16,19,False,False,0.07692307692307693
evidence_passage_len96_t0.7_seed20261006,93,2,38,45,False,False,0.23076923076923078
evidence_passage_len96_t0.7_seed20261006,94,0,20,23,False,False,0.1724137931034483
evidence_passage_len96_t0.7_seed20261006,94,1,15,18,False,False,0.13793103448275862
evidence_passage_len96_t0.7_seed20261006,94,2,30,41,False,False,0.13793103448275862
evidence_passage_len96_t0.7_seed20261006,95,0,27,33,False,False,0.5434782608695652
evidence_passage_len96_t0.7_seed20261006,95,1,19,24,False,False,0.21739130434782608
evidence_passage_len96_t0.7_seed20261006,95,2,49,63,False,False,1.0
evidence_passage_len96_t0.7_seed20261006,96,0,80,87,False,False,0.3235294117647059
evidence_passage_len96_t0.7_seed20261006,96,1,38,51,False,False,0.9411764705882353
evidence_passage_len96_t0.7_seed20261006,96,2,40,53,False,False,1.0
evidence_passage_len96_t0.7_seed20261006,97,0,6,8,False,False,0.0196078431372549
evidence_passage_len96_t0.7_seed20261006,97,1,41,54,False,False,0.7647058823529411
evidence_passage_len96_t0.7_seed20261006,97,2,15,21,False,False,0.19607843137254902
evidence_passage_len96_t0.7_seed20261006,98,0,3,6,False,False,0.0
evidence_passage_len96_t0.7_seed20261006,98,1,3,5,False,False,0.05
evidence_passage_len96_t0.7_seed20261006,98,2,9,12,False,False,0.0
evidence_passage_len96_t0.7_seed20261006,99,0,8,12,False,False,0.12903225806451613
evidence_passage_len96_t0.7_seed20261006,99,1,21,25,False,False,0.1935483870967742
evidence_passage_len96_t0.7_seed20261006,99,2,36,42,False,False,0.2903225806451613
evidence_passage_len96_t0.7_seed20261006,100,0,44,53,False,False,0.56
evidence_passage_len96_t0.7_seed20261006,100,1,3,7,False,False,0.0
evidence_passage_len96_t0.7_seed20261006,100,2,5,7,False,False,0.04
evidence_passage_len96_t0.7_seed20261007,1,0,42,48,False,False,0.4482758620689655
evidence_passage_len96_t0.7_seed20261007,1,1,11,14,False,False,0.3103448275862069
evidence_passage_len96_t0.7_seed20261007,1,2,18,22,False,False,0.27586206896551724
evidence_passage_len96_t0.7_seed20261007,2,0,3,7,False,False,0.046511627906976744
evidence_passage_len96_t0.7_seed20261007,2,1,11,16,False,False,0.09302325581395349
evidence_passage_len96_t0.7_seed20261007,2,2,56,75,False,False,1.0
evidence_passage_len96_t0.7_seed20261007,3,0,20,23,False,False,0.4375
evidence_passage_len96_t0.7_seed20261007,3,1,15,20,False,False,0.0625
evidence_passage_len96_t0.7_seed20261007,3,2,37,45,False,False,1.0
evidence_passage_len96_t0.7_seed20261007,4,0,27,31,False,False,0.23529411764705882
evidence_passage_len96_t0.7_seed20261007,4,1,21,25,False,False,0.17647058823529413
evidence_passage_len96_t0.7_seed20261007,4,2,58,65,False,False,0.23529411764705882
evidence_passage_len96_t0.7_seed20261007,5,0,17,20,False,False,0.125
evidence_passage_len96_t0.7_seed20261007,5,1,14,17,False,False,0.21875
evidence_passage_len96_t0.7_seed20261007,5,2,16,21,False,False,0.28125
evidence_passage_len96_t0.7_seed20261007,6,0,23,28,False,False,0.9
evidence_passage_len96_t0.7_seed20261007,6,1,31,38,False,False,0.25
evidence_passage_len96_t0.7_seed20261007,6,2,10,16,False,False,0.2
evidence_passage_len96_t0.7_seed20261007,7,0,59,76,False,False,0.14814814814814814
evidence_passage_len96_t0.7_seed20261007,7,1,10,13,False,False,0.12962962962962962
evidence_passage_len96_t0.7_seed20261007,7,2,19,24,False,False,0.2962962962962963
evidence_passage_len96_t0.7_seed20261007,8,0,17,21,False,False,0.1875
evidence_passage_len96_t0.7_seed20261007,8,1,12,17,False,False,0.125
evidence_passage_len96_t0.7_seed20261007,8,2,22,28,False,False,0.3958333333333333
evidence_passage_len96_t0.7_seed20261007,9,0,16,19,False,False,0.06666666666666667
evidence_passage_len96_t0.7_seed20261007,9,1,11,14,False,False,0.06666666666666667
evidence_passage_len96_t0.7_seed20261007,9,2,59,64,False,False,0.2
evidence_passage_len96_t0.7_seed20261007,10,0,36,51,False,False,0.96875
evidence_passage_len96_t0.7_seed20261007,10,1,18,30,False,False,0.5625
evidence_passage_len96_t0.7_seed20261007,10,2,18,30,False,False,0.5625
evidence_passage_len96_t0.7_seed20261007,11,0,59,75,False,False,0.8823529411764706
evidence_passage_len96_t0.7_seed20261007,11,1,24,28,False,False,0.4117647058823529
evidence_passage_len96_t0.7_seed20261007,11,2,52,67,False,False,0.7647058823529411
evidence_passage_len96_t0.7_seed20261007,12,0,33,39,False,False,0.2222222222222222
evidence_passage_len96_t0.7_seed20261007,12,1,22,25,False,False,0.1111111111111111
evidence_passage_len96_t0.7_seed20261007,12,2,8,11,False,False,0.3333333333333333
evidence_passage_len96_t0.7_seed20261007,13,0,17,20,False,False,0.1282051282051282
evidence_passage_len96_t0.7_seed20261007,13,1,19,31,False,False,0.41025641025641024
evidence_passage_len96_t0.7_seed20261007,13,2,8,15,False,False,0.1794871794871795
evidence_passage_len96_t0.7_seed20261007,14,0,19,26,False,False,0.6666666666666666
evidence_passage_len96_t0.7_seed20261007,14,1,11,14,False,False,0.14814814814814814
evidence_passage_len96_t0.7_seed20261007,14,2,9,12,False,False,0.2222222222222222
evidence_passage_len96_t0.7_seed20261007,15,0,68,77,False,False,0.3870967741935484
evidence_passage_len96_t0.7_seed20261007,15,1,15,19,False,False,0.1935483870967742
evidence_passage_len96_t0.7_seed20261007,15,2,27,36,False,False,0.7741935483870968
evidence_passage_len96_t0.7_seed20261007,16,0,15,18,False,False,0.5833333333333334
evidence_passage_len96_t0.7_seed20261007,16,1,11,14,False,False,0.5
evidence_passage_len96_t0.7_seed20261007,16,2,49,60,False,False,0.5
evidence_passage_len96_t0.7_seed20261007,17,0,57,69,False,False,0.23076923076923078
evidence_passage_len96_t0.7_seed20261007,17,1,25,31,False,False,0.38461538461538464
evidence_passage_len96_t0.7_seed20261007,17,2,72,84,False,False,0.6923076923076923
evidence_passage_len96_t0.7_seed20261007,18,0,8,10,False,False,0.25806451612903225
evidence_passage_len96_t0.7_seed20261007,18,1,13,16,False,False,0.22580645161290322
evidence_passage_len96_t0.7_seed20261007,18,2,37,45,False,False,1.0
evidence_passage_len96_t0.7_seed20261007,19,0,25,29,False,False,0.4
evidence_passage_len96_t0.7_seed20261007,19,1,25,34,False,False,0.14
evidence_passage_len96_t0.7_seed20261007,19,2,41,46,False,False,0.34
evidence_passage_len96_t0.7_seed20261007,20,0,60,80,False,False,0.8627450980392157
evidence_passage_len96_t0.7_seed20261007,20,1,38,57,False,False,0.7058823529411765
evidence_passage_len96_t0.7_seed20261007,20,2,53,74,False,False,1.0
evidence_passage_len96_t0.7_seed20261007,21,0,19,22,False,False,0.045454545454545456
evidence_passage_len96_t0.7_seed20261007,21,1,9,14,False,False,0.09090909090909091
evidence_passage_len96_t0.7_seed20261007,21,2,14,25,False,False,0.18181818181818182
evidence_passage_len96_t0.7_seed20261007,22,0,28,34,False,False,0.7777777777777778
evidence_passage_len96_t0.7_seed20261007,22,1,14,17,False,False,0.3333333333333333
evidence_passage_len96_t0.7_seed20261007,22,2,31,37,False,False,0.7777777777777778
evidence_passage_len96_t0.7_seed20261007,23,0,27,30,False,False,0.25
evidence_passage_len96_t0.7_seed20261007,23,1,20,28,False,False,0.1388888888888889
evidence_passage_len96_t0.7_seed20261007,23,2,37,45,False,False,0.3333333333333333
evidence_passage_len96_t0.7_seed20261007,24,0,10,13,False,False,0.11904761904761904
evidence_passage_len96_t0.7_seed20261007,24,1,38,45,False,False,0.30952380952380953
evidence_passage_len96_t0.7_seed20261007,24,2,48,59,False,False,1.0
evidence_passage_len96_t0.7_seed20261007,25,0,14,18,False,False,0.15555555555555556
evidence_passage_len96_t0.7_seed20261007,25,1,10,14,False,False,0.13333333333333333
evidence_passage_len96_t0.7_seed20261007,25,2,13,18,False,False,0.06666666666666667
evidence_passage_len96_t0.7_seed20261007,26,0,32,68,False,False,0.0
evidence_passage_len96_t0.7_seed20261007,26,1,48,60,False,False,0.5797101449275363
evidence_passage_len96_t0.7_seed20261007,26,2,23,30,False,False,0.2898550724637681
evidence_passage_len96_t0.7_seed20261007,27,0,54,59,False,False,0.13513513513513514
evidence_passage_len96_t0.7_seed20261007,27,1,36,42,False,False,0.1891891891891892
evidence_passage_len96_t0.7_seed20261007,27,2,47,56,False,False,0.24324324324324326
evidence_passage_len96_t0.7_seed20261007,28,0,33,44,False,False,0.5882352941176471
evidence_passage_len96_t0.7_seed20261007,28,1,9,18,False,False,0.13725490196078433
evidence_passage_len96_t0.7_seed20261007,28,2,13,20,False,False,0.1568627450980392
evidence_passage_len96_t0.7_seed20261007,29,0,17,23,False,False,0.12903225806451613
evidence_passage_len96_t0.7_seed20261007,29,1,7,10,False,False,0.12903225806451613
evidence_passage_len96_t0.7_seed20261007,29,2,12,19,False,False,0.12903225806451613
evidence_passage_len96_t0.7_seed20261007,30,0,9,12,False,False,0.09302325581395349
evidence_passage_len96_t0.7_seed20261007,30,1,23,28,False,False,0.11627906976744186
evidence_passage_len96_t0.7_seed20261007,30,2,25,30,False,False,0.5581395348837209
evidence_passage_len96_t0.7_seed20261007,31,0,17,25,False,False,0.23333333333333334
evidence_passage_len96_t0.7_seed20261007,31,1,43,55,False,False,0.4666666666666667
evidence_passage_len96_t0.7_seed20261007,31,2,17,23,False,False,0.21666666666666667
evidence_passage_len96_t0.7_seed20261007,32,0,39,49,False,False,0.43333333333333335
evidence_passage_len96_t0.7_seed20261007,32,1,26,30,False,False,0.31666666666666665
evidence_passage_len96_t0.7_seed20261007,32,2,12,28,False,False,0.15
evidence_passage_len96_t0.7_seed20261007,33,0,12,15,False,False,0.5
evidence_passage_len96_t0.7_seed20261007,33,1,37,42,False,False,0.5
evidence_passage_len96_t0.7_seed20261007,33,2,77,83,False,False,0.3
evidence_passage_len96_t0.7_seed20261007,34,0,12,15,False,False,0.10869565217391304
evidence_passage_len96_t0.7_seed20261007,34,1,26,29,False,False,0.08695652173913043
evidence_passage_len96_t0.7_seed20261007,34,2,72,84,False,False,0.30434782608695654
evidence_passage_len96_t0.7_seed20261007,35,0,16,22,False,False,0.20512820512820512
evidence_passage_len96_t0.7_seed20261007,35,1,19,22,False,False,0.1794871794871795
evidence_passage_len96_t0.7_seed20261007,35,2,14,17,False,False,0.07692307692307693
evidence_passage_len96_t0.7_seed20261007,36,0,12,15,False,False,0.1509433962264151
evidence_passage_len96_t0.7_seed20261007,36,1,19,22,False,False,0.16981132075471697
evidence_passage_len96_t0.7_seed20261007,36,2,9,12,False,False,0.07547169811320754
evidence_passage_len96_t0.7_seed20261007,37,0,9,12,False,False,0.06666666666666667
evidence_passage_len96_t0.7_seed20261007,37,1,18,26,False,False,0.21333333333333335
evidence_passage_len96_t0.7_seed20261007,37,2,15,20,False,False,0.09333333333333334
evidence_passage_len96_t0.7_seed20261007,38,0,49,56,False,False,0.47368421052631576
evidence_passage_len96_t0.7_seed20261007,38,1,69,78,False,False,0.3157894736842105
evidence_passage_len96_t0.7_seed20261007,38,2,30,33,False,False,0.21052631578947367
evidence_passage_len96_t0.7_seed20261007,39,0,70,78,False,False,1.0
evidence_passage_len96_t0.7_seed20261007,39,1,68,76,False,False,1.0
evidence_passage_len96_t0.7_seed20261007,39,2,70,78,False,False,1.0
evidence_passage_len96_t0.7_seed20261007,40,0,32,43,False,False,0.3695652173913043
evidence_passage_len96_t0.7_seed20261007,40,1,59,72,False,False,0.9782608695652174
evidence_passage_len96_t0.7_seed20261007,40,2,59,70,False,False,1.0
evidence_passage_len96_t0.7_seed20261007,41,0,11,16,False,False,0.07547169811320754
evidence_passage_len96_t0.7_seed20261007,41,1,31,39,False,False,0.4528301886792453
evidence_passage_len96_t0.7_seed20261007,41,2,31,39,False,False,0.4528301886792453
evidence_passage_len96_t0.7_seed20261007,42,0,59,68,False,False,1.0
evidence_passage_len96_t0.7_seed20261007,42,1,59,68,False,False,1.0
evidence_passage_len96_t0.7_seed20261007,42,2,18,21,False,False,0.14893617021276595
evidence_passage_len96_t0.7_seed20261007,43,0,20,23,False,False,0.058823529411764705
evidence_passage_len96_t0.7_seed20261007,43,1,17,25,False,False,0.1568627450980392
evidence_passage_len96_t0.7_seed20261007,43,2,59,73,False,False,0.9215686274509803
evidence_passage_len96_t0.7_seed20261007,44,0,64,76,False,False,0.5102040816326531
evidence_passage_len96_t0.7_seed20261007,44,1,22,28,False,False,0.1836734693877551
evidence_passage_len96_t0.7_seed20261007,44,2,53,64,False,False,0.8571428571428571
evidence_passage_len96_t0.7_seed20261007,45,0,16,19,False,False,0.1111111111111111
evidence_passage_len96_t0.7_seed20261007,45,1,69,83,False,False,0.3055555555555556
evidence_passage_len96_t0.7_seed20261007,45,2,62,76,False,False,0.5555555555555556
evidence_passage_len96_t0.7_seed20261007,46,0,23,26,False,False,0.3191489361702128
evidence_passage_len96_t0.7_seed20261007,46,1,59,72,False,False,1.0
evidence_passage_len96_t0.7_seed20261007,46,2,59,72,False,False,1.0
evidence_passage_len96_t0.7_seed20261007,47,0,18,21,False,False,0.10256410256410256
evidence_passage_len96_t0.7_seed20261007,47,1,33,47,False,False,0.20512820512820512
evidence_passage_len96_t0.7_seed20261007,47,2,55,73,False,False,0.5641025641025641
evidence_passage_len96_t0.7_seed20261007,48,0,10,14,False,False,0.3125
evidence_passage_len96_t0.7_seed20261007,48,1,10,14,False,False,0.3125
evidence_passage_len96_t0.7_seed20261007,48,2,23,30,False,False,0.21875
evidence_passage_len96_t0.7_seed20261007,49,0,22,27,False,False,0.07407407407407407
evidence_passage_len96_t0.7_seed20261007,49,1,11,14,False,False,0.1111111111111111
evidence_passage_len96_t0.7_seed20261007,49,2,11,14,False,False,0.09259259259259259
evidence_passage_len96_t0.7_seed20261007,50,0,35,41,False,False,0.8205128205128205
evidence_passage_len96_t0.7_seed20261007,50,1,25,28,False,False,0.5384615384615384
evidence_passage_len96_t0.7_seed20261007,50,2,81,90,False,False,0.8461538461538461
evidence_passage_len96_t0.7_seed20261007,51,0,7,9,False,False,0.10256410256410256
evidence_passage_len96_t0.7_seed20261007,51,1,66,93,False,False,0.28205128205128205
evidence_passage_len96_t0.7_seed20261007,51,2,38,47,False,False,0.8717948717948718
evidence_passage_len96_t0.7_seed20261007,52,0,14,19,False,False,0.6086956521739131
evidence_passage_len96_t0.7_seed20261007,52,1,43,55,False,False,0.21739130434782608
evidence_passage_len96_t0.7_seed20261007,52,2,5,8,False,False,0.08695652173913043
evidence_passage_len96_t0.7_seed20261007,53,0,58,68,False,False,0.22580645161290322
evidence_passage_len96_t0.7_seed20261007,53,1,12,22,False,False,0.22580645161290322
evidence_passage_len96_t0.7_seed20261007,53,2,10,14,False,False,0.06451612903225806
evidence_passage_len96_t0.7_seed20261007,54,0,52,58,False,False,0.1951219512195122
evidence_passage_len96_t0.7_seed20261007,54,1,20,23,False,False,0.2926829268292683
evidence_passage_len96_t0.7_seed20261007,54,2,41,48,False,False,0.8292682926829268
evidence_passage_len96_t0.7_seed20261007,55,0,20,24,False,False,0.15789473684210525
evidence_passage_len96_t0.7_seed20261007,55,1,20,23,False,False,0.10526315789473684
evidence_passage_len96_t0.7_seed20261007,55,2,18,23,False,False,0.13157894736842105
evidence_passage_len96_t0.7_seed20261007,56,0,11,16,False,False,0.021739130434782608
evidence_passage_len96_t0.7_seed20261007,56,1,31,37,False,False,0.10869565217391304
evidence_passage_len96_t0.7_seed20261007,56,2,27,37,False,False,0.2826086956521739
evidence_passage_len96_t0.7_seed20261007,57,0,21,24,False,False,0.18518518518518517
evidence_passage_len96_t0.7_seed20261007,57,1,26,32,False,False,0.46296296296296297
evidence_passage_len96_t0.7_seed20261007,57,2,42,49,False,False,0.7222222222222222
evidence_passage_len96_t0.7_seed20261007,58,0,62,78,False,False,0.8793103448275862
evidence_passage_len96_t0.7_seed20261007,58,1,20,26,False,False,0.15517241379310345
evidence_passage_len96_t0.7_seed20261007,58,2,25,30,False,False,0.10344827586206896
evidence_passage_len96_t0.7_seed20261007,59,0,52,63,False,False,0.95
evidence_passage_len96_t0.7_seed20261007,59,1,51,62,False,False,0.95
evidence_passage_len96_t0.7_seed20261007,59,2,19,25,False,False,0.175
evidence_passage_len96_t0.7_seed20261007,60,0,10,13,False,False,0.06666666666666667
evidence_passage_len96_t0.7_seed20261007,60,1,40,50,False,False,0.7555555555555555
evidence_passage_len96_t0.7_seed20261007,60,2,65,78,False,False,0.7555555555555555
evidence_passage_len96_t0.7_seed20261007,61,0,9,12,False,False,0.05555555555555555
evidence_passage_len96_t0.7_seed20261007,61,1,11,14,False,False,0.25
evidence_passage_len96_t0.7_seed20261007,61,2,12,15,False,False,0.16666666666666666
evidence_passage_len96_t0.7_seed20261007,62,0,11,14,False,False,0.1891891891891892
evidence_passage_len96_t0.7_seed20261007,62,1,25,30,False,False,0.3783783783783784
evidence_passage_len96_t0.7_seed20261007,62,2,8,11,False,False,0.1891891891891892
evidence_passage_len96_t0.7_seed20261007,63,0,6,9,False,False,0.06666666666666667
evidence_passage_len96_t0.7_seed20261007,63,1,21,26,False,False,0.16666666666666666
evidence_passage_len96_t0.7_seed20261007,63,2,30,40,False,False,0.3
evidence_passage_len96_t0.7_seed20261007,64,0,41,49,False,False,1.0
evidence_passage_len96_t0.7_seed20261007,64,1,41,48,False,False,0.972972972972973
evidence_passage_len96_t0.7_seed20261007,64,2,8,11,False,False,0.08108108108108109
evidence_passage_len96_t0.7_seed20261007,65,0,24,27,False,False,0.15789473684210525
evidence_passage_len96_t0.7_seed20261007,65,1,7,10,False,False,0.07894736842105263
evidence_passage_len96_t0.7_seed20261007,65,2,39,46,False,False,1.0
evidence_passage_len96_t0.7_seed20261007,66,0,15,18,False,False,0.044444444444444446
evidence_passage_len96_t0.7_seed20261007,66,1,34,38,False,False,0.08888888888888889
evidence_passage_len96_t0.7_seed20261007,66,2,40,47,False,False,0.15555555555555556
evidence_passage_len96_t0.7_seed20261007,67,0,15,18,False,False,0.25
evidence_passage_len96_t0.7_seed20261007,67,1,15,20,False,False,0.10714285714285714
evidence_passage_len96_t0.7_seed20261007,67,2,72,82,False,False,0.25
evidence_passage_len96_t0.7_seed20261007,68,0,28,33,False,False,0.13157894736842105
evidence_passage_len96_t0.7_seed20261007,68,1,33,39,False,False,0.21052631578947367
evidence_passage_len96_t0.7_seed20261007,68,2,33,39,False,False,0.3157894736842105
evidence_passage_len96_t0.7_seed20261007,69,0,31,39,False,False,1.0
evidence_passage_len96_t0.7_seed20261007,69,1,54,65,False,False,0.64
evidence_passage_len96_t0.7_seed20261007,69,2,22,30,False,False,0.36
evidence_passage_len96_t0.7_seed20261007,70,0,40,54,False,False,0.84375
evidence_passage_len96_t0.7_seed20261007,70,1,36,43,False,False,0.28125
evidence_passage_len96_t0.7_seed20261007,70,2,15,18,False,False,0.21875
evidence_passage_len96_t0.7_seed20261007,71,0,21,28,False,False,0.3870967741935484
evidence_passage_len96_t0.7_seed20261007,71,1,22,31,False,False,0.16129032258064516
evidence_passage_len96_t0.7_seed20261007,71,2,23,27,False,False,0.3225806451612903
evidence_passage_len96_t0.7_seed20261007,72,0,19,23,False,False,0.2
evidence_passage_len96_t0.7_seed20261007,72,1,20,25,False,False,0.85
evidence_passage_len96_t0.7_seed20261007,72,2,13,17,False,False,0.15
evidence_passage_len96_t0.7_seed20261007,73,0,43,56,False,False,0.95
evidence_passage_len96_t0.7_seed20261007,73,1,34,39,False,False,0.15
evidence_passage_len96_t0.7_seed20261007,73,2,62,76,False,False,0.3
evidence_passage_len96_t0.7_seed20261007,74,0,50,63,False,False,0.1956521739130435
evidence_passage_len96_t0.7_seed20261007,74,1,12,17,False,False,0.08695652173913043
evidence_passage_len96_t0.7_seed20261007,74,2,13,22,False,False,0.21739130434782608
evidence_passage_len96_t0.7_seed20261007,75,0,14,21,False,False,0.18421052631578946
evidence_passage_len96_t0.7_seed20261007,75,1,12,17,False,False,0.07894736842105263
evidence_passage_len96_t0.7_seed20261007,75,2,18,25,False,False,0.07894736842105263
evidence_passage_len96_t0.7_seed20261007,76,0,18,21,False,False,0.13793103448275862
evidence_passage_len96_t0.7_seed20261007,76,1,12,15,False,False,0.10344827586206896
evidence_passage_len96_t0.7_seed20261007,76,2,31,39,False,False,0.6896551724137931
evidence_passage_len96_t0.7_seed20261007,77,0,64,71,False,False,0.21052631578947367
evidence_passage_len96_t0.7_seed20261007,77,1,8,11,False,False,0.18421052631578946
evidence_passage_len96_t0.7_seed20261007,77,2,7,10,False,False,0.02631578947368421
evidence_passage_len96_t0.7_seed20261007,78,0,63,79,False,False,0.7735849056603774
evidence_passage_len96_t0.7_seed20261007,78,1,75,83,False,False,0.20754716981132076
evidence_passage_len96_t0.7_seed20261007,78,2,52,64,False,False,0.6792452830188679
evidence_passage_len96_t0.7_seed20261007,79,0,10,14,False,False,0.2127659574468085
evidence_passage_len96_t0.7_seed20261007,79,1,29,33,False,False,0.0851063829787234
evidence_passage_len96_t0.7_seed20261007,79,2,16,19,False,False,0.0425531914893617
evidence_passage_len96_t0.7_seed20261007,80,0,36,49,False,False,0.7674418604651163
evidence_passage_len96_t0.7_seed20261007,80,1,12,15,False,False,0.09302325581395349
evidence_passage_len96_t0.7_seed20261007,80,2,36,49,False,False,0.7674418604651163
evidence_passage_len96_t0.7_seed20261007,81,0,39,46,False,False,0.15384615384615385
evidence_passage_len96_t0.7_seed20261007,81,1,27,33,False,False,0.8461538461538461
evidence_passage_len96_t0.7_seed20261007,81,2,5,8,False,False,0.15384615384615385
evidence_passage_len96_t0.7_seed20261007,82,0,15,24,False,False,0.0660377358490566
evidence_passage_len96_t0.7_seed20261007,82,1,55,75,False,False,0.4056603773584906
evidence_passage_len96_t0.7_seed20261007,82,2,16,20,False,False,0.11320754716981132
evidence_passage_len96_t0.7_seed20261007,83,0,12,15,False,False,0.047619047619047616
evidence_passage_len96_t0.7_seed20261007,83,1,68,73,False,False,0.19047619047619047
evidence_passage_len96_t0.7_seed20261007,83,2,25,31,False,False,0.07142857142857142
evidence_passage_len96_t0.7_seed20261007,84,0,15,18,False,False,0.09345794392523364
evidence_passage_len96_t0.7_seed20261007,84,1,4,10,False,False,0.037383177570093455
evidence_passage_len96_t0.7_seed20261007,84,2,78,91,False,False,0.5514018691588785
evidence_passage_len96_t0.7_seed20261007,85,0,15,21,False,False,0.21311475409836064
evidence_passage_len96_t0.7_seed20261007,85,1,12,15,False,False,0.18032786885245902
evidence_passage_len96_t0.7_seed20261007,85,2,28,33,False,False,0.14754098360655737
evidence_passage_len96_t0.7_seed20261007,86,0,74,81,False,False,0.125
evidence_passage_len96_t0.7_seed20261007,86,1,22,27,False,False,0.10416666666666667
evidence_passage_len96_t0.7_seed20261007,86,2,10,13,False,False,0.0625
evidence_passage_len96_t0.7_seed20261007,87,0,46,58,False,False,1.0
evidence_passage_len96_t0.7_seed20261007,87,1,30,33,False,False,0.1794871794871795
evidence_passage_len96_t0.7_seed20261007,87,2,11,14,False,False,0.10256410256410256
evidence_passage_len96_t0.7_seed20261007,88,0,52,61,False,False,0.375
evidence_passage_len96_t0.7_seed20261007,88,1,54,71,False,False,0.1875
evidence_passage_len96_t0.7_seed20261007,88,2,25,33,False,False,0.3125
evidence_passage_len96_t0.7_seed20261007,89,0,10,13,False,False,0.0
evidence_passage_len96_t0.7_seed20261007,89,1,21,24,False,False,0.5
evidence_passage_len96_t0.7_seed20261007,89,2,14,19,False,False,0.5
evidence_passage_len96_t0.7_seed20261007,90,0,32,39,False,False,0.20930232558139536
evidence_passage_len96_t0.7_seed20261007,90,1,30,36,False,False,0.27906976744186046
evidence_passage_len96_t0.7_seed20261007,90,2,25,34,False,False,0.20930232558139536
evidence_passage_len96_t0.7_seed20261007,91,0,22,32,False,False,0.6
evidence_passage_len96_t0.7_seed20261007,91,1,22,28,False,False,0.2857142857142857
evidence_passage_len96_t0.7_seed20261007,91,2,40,53,False,False,1.0
evidence_passage_len96_t0.7_seed20261007,92,0,60,66,False,False,0.1864406779661017
evidence_passage_len96_t0.7_seed20261007,92,1,23,31,False,False,0.1694915254237288
evidence_passage_len96_t0.7_seed20261007,92,2,59,72,False,False,0.864406779661017
evidence_passage_len96_t0.7_seed20261007,93,0,23,30,False,False,0.1076923076923077
evidence_passage_len96_t0.7_seed20261007,93,1,70,91,False,False,0.9538461538461539
evidence_passage_len96_t0.7_seed20261007,93,2,70,91,False,False,0.9538461538461539
evidence_passage_len96_t0.7_seed20261007,94,0,16,19,False,False,0.3103448275862069
evidence_passage_len96_t0.7_seed20261007,94,1,22,28,False,False,0.7241379310344828
evidence_passage_len96_t0.7_seed20261007,94,2,22,28,False,False,0.7241379310344828
evidence_passage_len96_t0.7_seed20261007,95,0,49,63,False,False,1.0
evidence_passage_len96_t0.7_seed20261007,95,1,70,88,False,False,0.15217391304347827
evidence_passage_len96_t0.7_seed20261007,95,2,49,63,False,False,1.0
evidence_passage_len96_t0.7_seed20261007,96,0,40,53,False,False,1.0
evidence_passage_len96_t0.7_seed20261007,96,1,40,52,False,False,0.9705882352941176
evidence_passage_len96_t0.7_seed20261007,96,2,15,19,False,False,0.08823529411764706
evidence_passage_len96_t0.7_seed20261007,97,0,14,22,False,False,0.27450980392156865
evidence_passage_len96_t0.7_seed20261007,97,1,6,13,False,False,0.0392156862745098
evidence_passage_len96_t0.7_seed20261007,97,2,14,22,False,False,0.27450980392156865
evidence_passage_len96_t0.7_seed20261007,98,0,3,5,False,False,0.0
evidence_passage_len96_t0.7_seed20261007,98,1,1,3,False,False,0.0
evidence_passage_len96_t0.7_seed20261007,98,2,9,16,False,False,0.35
evidence_passage_len96_t0.7_seed20261007,99,0,46,56,False,False,0.22580645161290322
evidence_passage_len96_t0.7_seed20261007,99,1,9,12,False,False,0.0967741935483871
evidence_passage_len96_t0.7_seed20261007,99,2,64,85,False,False,0.1935483870967742
evidence_passage_len96_t0.7_seed20261007,100,0,9,12,False,False,0.08
evidence_passage_len96_t0.7_seed20261007,100,1,11,18,False,False,0.04
evidence_passage_len96_t0.7_seed20261007,100,2,24,31,False,False,0.12
evidence_passage_len96_t0.7_seed20261008,1,0,54,62,False,False,0.41379310344827586
evidence_passage_len96_t0.7_seed20261008,1,1,21,25,False,False,0.41379310344827586
evidence_passage_len96_t0.7_seed20261008,1,2,31,38,False,False,0.5172413793103449
evidence_passage_len96_t0.7_seed20261008,2,0,3,5,False,False,0.023255813953488372
evidence_passage_len96_t0.7_seed20261008,2,1,17,22,False,False,0.18604651162790697
evidence_passage_len96_t0.7_seed20261008,2,2,19,24,False,False,0.3023255813953488
evidence_passage_len96_t0.7_seed20261008,3,0,14,17,False,False,0.1875
evidence_passage_len96_t0.7_seed20261008,3,1,10,13,False,False,0.25
evidence_passage_len96_t0.7_seed20261008,3,2,79,91,False,False,0.21875
evidence_passage_len96_t0.7_seed20261008,4,0,14,17,False,False,0.17647058823529413
evidence_passage_len96_t0.7_seed20261008,4,1,13,20,False,False,0.29411764705882354
evidence_passage_len96_t0.7_seed20261008,4,2,84,90,False,False,0.35294117647058826
evidence_passage_len96_t0.7_seed20261008,5,0,43,53,False,False,0.96875
evidence_passage_len96_t0.7_seed20261008,5,1,11,14,False,False,0.03125
evidence_passage_len96_t0.7_seed20261008,5,2,35,45,False,False,0.9375
evidence_passage_len96_t0.7_seed20261008,6,0,54,62,False,False,0.7
evidence_passage_len96_t0.7_seed20261008,6,1,9,12,False,False,0.35
evidence_passage_len96_t0.7_seed20261008,6,2,18,23,False,False,0.55
evidence_passage_len96_t0.7_seed20261008,7,0,13,16,False,False,0.12962962962962962
evidence_passage_len96_t0.7_seed20261008,7,1,15,20,False,False,0.2037037037037037
evidence_passage_len96_t0.7_seed20261008,7,2,28,33,False,False,0.1111111111111111
evidence_passage_len96_t0.7_seed20261008,8,0,11,14,False,False,0.08333333333333333
evidence_passage_len96_t0.7_seed20261008,8,1,20,24,False,False,0.3125
evidence_passage_len96_t0.7_seed20261008,8,2,12,17,False,False,0.22916666666666666
evidence_passage_len96_t0.7_seed20261008,9,0,3,7,False,False,0.0
evidence_passage_len96_t0.7_seed20261008,9,1,34,41,False,False,0.13333333333333333
evidence_passage_len96_t0.7_seed20261008,9,2,46,55,False,False,0.36666666666666664
evidence_passage_len96_t0.7_seed20261008,10,0,36,51,False,False,0.96875
evidence_passage_len96_t0.7_seed20261008,10,1,18,30,False,False,0.5625
evidence_passage_len96_t0.7_seed20261008,10,2,18,30,False,False,0.5625
evidence_passage_len96_t0.7_seed20261008,11,0,71,85,False,False,0.7647058823529411
evidence_passage_len96_t0.7_seed20261008,11,1,16,24,False,False,0.3137254901960784
evidence_passage_len96_t0.7_seed20261008,11,2,41,51,False,False,0.6274509803921569
evidence_passage_len96_t0.7_seed20261008,12,0,8,13,False,False,0.6666666666666666
evidence_passage_len96_t0.7_seed20261008,12,1,43,47,False,False,0.2222222222222222
evidence_passage_len96_t0.7_seed20261008,12,2,15,18,False,False,0.2222222222222222
evidence_passage_len96_t0.7_seed20261008,13,0,8,13,False,False,0.1282051282051282
evidence_passage_len96_t0.7_seed20261008,13,1,46,66,False,False,0.8717948717948718
evidence_passage_len96_t0.7_seed20261008,13,2,8,15,False,False,0.1794871794871795
evidence_passage_len96_t0.7_seed20261008,14,0,7,12,False,False,0.25925925925925924
evidence_passage_len96_t0.7_seed20261008,14,1,13,16,False,False,0.18518518518518517
evidence_passage_len96_t0.7_seed20261008,14,2,12,17,False,False,0.07407407407407407
evidence_passage_len96_t0.7_seed20261008,15,0,36,40,False,False,0.3225806451612903
evidence_passage_len96_t0.7_seed20261008,15,1,13,18,False,False,0.25806451612903225
evidence_passage_len96_t0.7_seed20261008,15,2,35,43,False,False,0.3870967741935484
evidence_passage_len96_t0.7_seed20261008,16,0,30,35,False,False,0.5833333333333334
evidence_passage_len96_t0.7_seed20261008,16,1,14,19,False,False,0.16666666666666666
evidence_passage_len96_t0.7_seed20261008,16,2,46,56,False,False,0.3333333333333333
evidence_passage_len96_t0.7_seed20261008,17,0,34,38,False,False,0.3076923076923077
evidence_passage_len96_t0.7_seed20261008,17,1,51,72,False,False,0.15384615384615385
evidence_passage_len96_t0.7_seed20261008,17,2,23,29,False,False,0.6923076923076923
evidence_passage_len96_t0.7_seed20261008,18,0,37,45,False,False,1.0
evidence_passage_len96_t0.7_seed20261008,18,1,10,13,False,False,0.16129032258064516
evidence_passage_len96_t0.7_seed20261008,18,2,10,13,False,False,0.12903225806451613
evidence_passage_len96_t0.7_seed20261008,19,0,10,13,False,False,0.12
evidence_passage_len96_t0.7_seed20261008,19,1,16,19,False,False,0.12
evidence_passage_len96_t0.7_seed20261008,19,2,15,18,False,False,0.08
evidence_passage_len96_t0.7_seed20261008,20,0,44,62,False,False,0.8431372549019608
evidence_passage_len96_t0.7_seed20261008,20,1,44,62,False,False,0.8431372549019608
evidence_passage_len96_t0.7_seed20261008,20,2,48,60,False,False,0.29411764705882354
evidence_passage_len96_t0.7_seed20261008,21,0,15,19,False,False,0.13636363636363635
evidence_passage_len96_t0.7_seed20261008,21,1,13,19,False,False,0.09090909090909091
evidence_passage_len96_t0.7_seed20261008,21,2,16,22,False,False,0.6818181818181818
evidence_passage_len96_t0.7_seed20261008,22,0,76,87,False,False,0.2962962962962963
evidence_passage_len96_t0.7_seed20261008,22,1,17,21,False,False,0.25925925925925924
evidence_passage_len96_t0.7_seed20261008,22,2,32,38,False,False,0.7407407407407407
evidence_passage_len96_t0.7_seed20261008,23,0,12,16,False,False,0.05555555555555555
evidence_passage_len96_t0.7_seed20261008,23,1,20,24,False,False,0.1111111111111111
evidence_passage_len96_t0.7_seed20261008,23,2,13,16,False,False,0.1111111111111111
evidence_passage_len96_t0.7_seed20261008,24,0,17,21,False,False,0.11904761904761904
evidence_passage_len96_t0.7_seed20261008,24,1,48,59,False,False,1.0
evidence_passage_len96_t0.7_seed20261008,24,2,35,41,False,False,0.40476190476190477
evidence_passage_len96_t0.7_seed20261008,25,0,21,29,False,False,0.15555555555555556
evidence_passage_len96_t0.7_seed20261008,25,1,24,33,False,False,0.2
evidence_passage_len96_t0.7_seed20261008,25,2,67,81,False,False,0.8
evidence_passage_len96_t0.7_seed20261008,26,0,48,60,False,False,0.5797101449275363
evidence_passage_len96_t0.7_seed20261008,26,1,28,32,False,False,0.11594202898550725
evidence_passage_len96_t0.7_seed20261008,26,2,23,30,False,False,0.2898550724637681
evidence_passage_len96_t0.7_seed20261008,27,0,24,30,False,False,0.5135135135135135
evidence_passage_len96_t0.7_seed20261008,27,1,29,33,False,False,0.16216216216216217
evidence_passage_len96_t0.7_seed20261008,27,2,24,32,False,False,0.13513513513513514
evidence_passage_len96_t0.7_seed20261008,28,0,10,14,False,False,0.0784313725490196
evidence_passage_len96_t0.7_seed20261008,28,1,33,38,False,False,0.1568627450980392
evidence_passage_len96_t0.7_seed20261008,28,2,13,19,False,False,0.13725490196078433
evidence_passage_len96_t0.7_seed20261008,29,0,8,14,False,False,0.0967741935483871
evidence_passage_len96_t0.7_seed20261008,29,1,10,17,False,False,0.12903225806451613
evidence_passage_len96_t0.7_seed20261008,29,2,11,19,False,False,0.0967741935483871
evidence_passage_len96_t0.7_seed20261008,30,0,10,13,False,False,0.06976744186046512
evidence_passage_len96_t0.7_seed20261008,30,1,16,22,False,False,0.3023255813953488
evidence_passage_len96_t0.7_seed20261008,30,2,25,30,False,False,0.5348837209302325
evidence_passage_len96_t0.7_seed20261008,31,0,17,25,False,False,0.23333333333333334
evidence_passage_len96_t0.7_seed20261008,31,1,16,19,False,False,0.26666666666666666
evidence_passage_len96_t0.7_seed20261008,31,2,16,19,False,False,0.26666666666666666
evidence_passage_len96_t0.7_seed20261008,32,0,15,18,False,False,0.25
evidence_passage_len96_t0.7_seed20261008,32,1,12,15,False,False,0.05
evidence_passage_len96_t0.7_seed20261008,32,2,42,54,False,False,0.45
evidence_passage_len96_t0.7_seed20261008,33,0,21,24,False,False,0.4
evidence_passage_len96_t0.7_seed20261008,33,1,13,16,False,False,0.5
evidence_passage_len96_t0.7_seed20261008,33,2,74,90,False,False,0.8
evidence_passage_len96_t0.7_seed20261008,34,0,57,66,False,False,1.0
evidence_passage_len96_t0.7_seed20261008,34,1,23,28,False,False,0.15217391304347827
evidence_passage_len96_t0.7_seed20261008,34,2,24,34,False,False,0.15217391304347827
evidence_passage_len96_t0.7_seed20261008,35,0,6,9,False,False,0.07692307692307693
evidence_passage_len96_t0.7_seed20261008,35,1,4,7,False,False,0.10256410256410256
evidence_passage_len96_t0.7_seed20261008,35,2,6,9,False,False,0.1282051282051282
evidence_passage_len96_t0.7_seed20261008,36,0,10,13,False,False,0.16981132075471697
evidence_passage_len96_t0.7_seed20261008,36,1,15,18,False,False,0.1320754716981132
evidence_passage_len96_t0.7_seed20261008,36,2,12,17,False,False,0.22641509433962265
evidence_passage_len96_t0.7_seed20261008,37,0,20,23,False,False,0.12
evidence_passage_len96_t0.7_seed20261008,37,1,18,26,False,False,0.21333333333333335
evidence_passage_len96_t0.7_seed20261008,37,2,73,95,False,False,0.76
evidence_passage_len96_t0.7_seed20261008,38,0,23,27,False,False,0.2631578947368421
evidence_passage_len96_t0.7_seed20261008,38,1,8,11,False,False,0.15789473684210525
evidence_passage_len96_t0.7_seed20261008,38,2,17,20,False,False,0.5789473684210527
evidence_passage_len96_t0.7_seed20261008,39,0,68,76,False,False,1.0
evidence_passage_len96_t0.7_seed20261008,39,1,70,78,False,False,1.0
evidence_passage_len96_t0.7_seed20261008,39,2,68,76,False,False,0.9615384615384616
evidence_passage_len96_t0.7_seed20261008,40,0,52,60,False,False,0.6956521739130435
evidence_passage_len96_t0.7_seed20261008,40,1,60,73,False,False,0.9782608695652174
evidence_passage_len96_t0.7_seed20261008,40,2,21,24,False,False,0.2608695652173913
evidence_passage_len96_t0.7_seed20261008,41,0,8,13,False,False,0.03773584905660377
evidence_passage_len96_t0.7_seed20261008,41,1,19,25,False,False,0.2641509433962264
evidence_passage_len96_t0.7_seed20261008,41,2,58,74,False,False,0.8490566037735849
evidence_passage_len96_t0.7_seed20261008,42,0,52,59,False,False,0.7872340425531915
evidence_passage_len96_t0.7_seed20261008,42,1,59,68,False,False,1.0
evidence_passage_len96_t0.7_seed20261008,42,2,59,68,False,False,0.9787234042553191
evidence_passage_len96_t0.7_seed20261008,43,0,65,79,False,False,0.13725490196078433
evidence_passage_len96_t0.7_seed20261008,43,1,24,28,False,False,0.21568627450980393
evidence_passage_len96_t0.7_seed20261008,43,2,8,11,False,False,0.13725490196078433
evidence_passage_len96_t0.7_seed20261008,44,0,34,38,False,False,0.3673469387755102
evidence_passage_len96_t0.7_seed20261008,44,1,4,7,False,False,0.08163265306122448
evidence_passage_len96_t0.7_seed20261008,44,2,53,64,False,False,0.8571428571428571
evidence_passage_len96_t0.7_seed20261008,45,0,42,55,False,False,1.0
evidence_passage_len96_t0.7_seed20261008,45,1,24,43,False,False,0.16666666666666666
evidence_passage_len96_t0.7_seed20261008,45,2,17,21,False,False,0.05555555555555555
evidence_passage_len96_t0.7_seed20261008,46,0,68,94,False,False,0.6170212765957447
evidence_passage_len96_t0.7_seed20261008,46,1,19,25,False,False,0.1702127659574468
evidence_passage_len96_t0.7_seed20261008,46,2,39,44,False,False,0.14893617021276595
evidence_passage_len96_t0.7_seed20261008,47,0,18,21,False,False,0.10256410256410256
evidence_passage_len96_t0.7_seed20261008,47,1,34,45,False,False,0.1794871794871795
evidence_passage_len96_t0.7_seed20261008,47,2,44,65,False,False,0.9743589743589743
evidence_passage_len96_t0.7_seed20261008,48,0,13,19,False,False,0.25
evidence_passage_len96_t0.7_seed20261008,48,1,34,43,False,False,1.0
evidence_passage_len96_t0.7_seed20261008,48,2,5,8,False,False,0.0625
evidence_passage_len96_t0.7_seed20261008,49,0,8,12,False,False,0.09259259259259259
evidence_passage_len96_t0.7_seed20261008,49,1,7,12,False,False,0.12962962962962962
evidence_passage_len96_t0.7_seed20261008,49,2,51,69,False,False,0.7962962962962963
evidence_passage_len96_t0.7_seed20261008,50,0,35,41,False,False,0.8205128205128205
evidence_passage_len96_t0.7_seed20261008,50,1,35,41,False,False,0.8205128205128205
evidence_passage_len96_t0.7_seed20261008,50,2,35,41,False,False,0.8205128205128205
evidence_passage_len96_t0.7_seed20261008,51,0,13,15,False,False,0.23076923076923078
evidence_passage_len96_t0.7_seed20261008,51,1,12,15,False,False,0.10256410256410256
evidence_passage_len96_t0.7_seed20261008,51,2,11,17,False,False,0.1282051282051282
evidence_passage_len96_t0.7_seed20261008,52,0,14,19,False,False,0.6086956521739131
evidence_passage_len96_t0.7_seed20261008,52,1,11,14,False,False,0.13043478260869565
evidence_passage_len96_t0.7_seed20261008,52,2,14,19,False,False,0.13043478260869565
evidence_passage_len96_t0.7_seed20261008,53,0,65,80,False,False,0.22580645161290322
evidence_passage_len96_t0.7_seed20261008,53,1,23,38,False,False,0.16129032258064516
evidence_passage_len96_t0.7_seed20261008,53,2,31,37,False,False,0.25806451612903225
evidence_passage_len96_t0.7_seed20261008,54,0,66,73,False,False,0.7317073170731707
evidence_passage_len96_t0.7_seed20261008,54,1,20,28,False,False,0.1951219512195122
evidence_passage_len96_t0.7_seed20261008,54,2,76,93,False,False,0.14634146341463414
evidence_passage_len96_t0.7_seed20261008,55,0,34,39,False,False,0.07894736842105263
evidence_passage_len96_t0.7_seed20261008,55,1,12,17,False,False,0.07894736842105263
evidence_passage_len96_t0.7_seed20261008,55,2,29,36,False,False,0.21052631578947367
evidence_passage_len96_t0.7_seed20261008,56,0,10,12,False,False,0.06521739130434782
evidence_passage_len96_t0.7_seed20261008,56,1,29,38,False,False,0.2608695652173913
evidence_passage_len96_t0.7_seed20261008,56,2,69,85,False,False,0.32608695652173914
evidence_passage_len96_t0.7_seed20261008,57,0,14,19,False,False,0.05555555555555555
evidence_passage_len96_t0.7_seed20261008,57,1,26,32,False,False,0.4444444444444444
evidence_passage_len96_t0.7_seed20261008,57,2,26,30,False,False,0.16666666666666666
evidence_passage_len96_t0.7_seed20261008,58,0,62,78,False,False,0.8793103448275862
evidence_passage_len96_t0.7_seed20261008,58,1,12,19,False,False,0.05172413793103448
evidence_passage_len96_t0.7_seed20261008,58,2,34,49,False,False,0.5517241379310345
evidence_passage_len96_t0.7_seed20261008,59,0,20,25,False,False,0.3
evidence_passage_len96_t0.7_seed20261008,59,1,51,62,False,False,0.95
evidence_passage_len96_t0.7_seed20261008,59,2,52,63,False,False,0.95
evidence_passage_len96_t0.7_seed20261008,60,0,29,37,False,False,0.13333333333333333
evidence_passage_len96_t0.7_seed20261008,60,1,16,21,False,False,0.1111111111111111
evidence_passage_len96_t0.7_seed20261008,60,2,29,34,False,False,0.4444444444444444
evidence_passage_len96_t0.7_seed20261008,61,0,14,17,False,False,0.25
evidence_passage_len96_t0.7_seed20261008,61,1,12,15,False,False,0.16666666666666666
evidence_passage_len96_t0.7_seed20261008,61,2,12,15,False,False,0.19444444444444445
evidence_passage_len96_t0.7_seed20261008,62,0,8,13,False,False,0.16216216216216217
evidence_passage_len96_t0.7_seed20261008,62,1,9,12,False,False,0.13513513513513514
evidence_passage_len96_t0.7_seed20261008,62,2,13,17,False,False,0.2702702702702703
evidence_passage_len96_t0.7_seed20261008,63,0,24,32,False,False,0.7666666666666667
evidence_passage_len96_t0.7_seed20261008,63,1,31,40,False,False,0.13333333333333333
evidence_passage_len96_t0.7_seed20261008,63,2,13,16,False,False,0.2
evidence_passage_len96_t0.7_seed20261008,64,0,41,49,False,False,1.0
evidence_passage_len96_t0.7_seed20261008,64,1,14,17,False,False,0.16216216216216217
evidence_passage_len96_t0.7_seed20261008,64,2,41,49,False,False,1.0
evidence_passage_len96_t0.7_seed20261008,65,0,39,46,False,False,1.0
evidence_passage_len96_t0.7_seed20261008,65,1,10,14,False,False,0.2631578947368421
evidence_passage_len96_t0.7_seed20261008,65,2,55,62,False,False,0.2894736842105263
evidence_passage_len96_t0.7_seed20261008,66,0,62,75,False,False,0.17777777777777778
evidence_passage_len96_t0.7_seed20261008,66,1,14,17,False,False,0.044444444444444446
evidence_passage_len96_t0.7_seed20261008,66,2,20,28,False,False,0.15555555555555556
evidence_passage_len96_t0.7_seed20261008,67,0,48,53,False,False,0.25
evidence_passage_len96_t0.7_seed20261008,67,1,22,26,False,False,0.10714285714285714
evidence_passage_len96_t0.7_seed20261008,67,2,26,37,False,False,0.9285714285714286
evidence_passage_len96_t0.7_seed20261008,68,0,18,21,False,False,0.13157894736842105
evidence_passage_len96_t0.7_seed20261008,68,1,15,18,False,False,0.23684210526315788
evidence_passage_len96_t0.7_seed20261008,68,2,30,38,False,False,0.631578947368421
evidence_passage_len96_t0.7_seed20261008,69,0,31,39,False,False,1.0
evidence_passage_len96_t0.7_seed20261008,69,1,14,18,False,False,0.12
evidence_passage_len96_t0.7_seed20261008,69,2,31,39,False,False,1.0
evidence_passage_len96_t0.7_seed20261008,70,0,47,62,False,False,0.84375
evidence_passage_len96_t0.7_seed20261008,70,1,17,22,False,False,0.125
evidence_passage_len96_t0.7_seed20261008,70,2,45,54,False,False,0.4375
evidence_passage_len96_t0.7_seed20261008,71,0,43,60,False,False,0.8064516129032258
evidence_passage_len96_t0.7_seed20261008,71,1,18,21,False,False,0.12903225806451613
evidence_passage_len96_t0.7_seed20261008,71,2,39,53,False,False,0.967741935483871
evidence_passage_len96_t0.7_seed20261008,72,0,27,36,False,False,0.2
evidence_passage_len96_t0.7_seed20261008,72,1,11,16,False,False,0.1
evidence_passage_len96_t0.7_seed20261008,72,2,31,36,False,False,0.35
evidence_passage_len96_t0.7_seed20261008,73,0,38,45,False,False,0.15
evidence_passage_len96_t0.7_seed20261008,73,1,22,27,False,False,0.35
evidence_passage_len96_t0.7_seed20261008,73,2,9,14,False,False,0.025
evidence_passage_len96_t0.7_seed20261008,74,0,38,53,False,False,0.21739130434782608
evidence_passage_len96_t0.7_seed20261008,74,1,21,28,False,False,0.21739130434782608
evidence_passage_len96_t0.7_seed20261008,74,2,11,17,False,False,0.15217391304347827
evidence_passage_len96_t0.7_seed20261008,75,0,8,12,False,False,0.02631578947368421
evidence_passage_len96_t0.7_seed20261008,75,1,16,20,False,False,0.18421052631578946
evidence_passage_len96_t0.7_seed20261008,75,2,27,40,False,False,0.4473684210526316
evidence_passage_len96_t0.7_seed20261008,76,0,12,15,False,False,0.10344827586206896
evidence_passage_len96_t0.7_seed20261008,76,1,15,19,False,False,0.2413793103448276
evidence_passage_len96_t0.7_seed20261008,76,2,18,22,False,False,0.1724137931034483
evidence_passage_len96_t0.7_seed20261008,77,0,17,20,False,False,0.3157894736842105
evidence_passage_len96_t0.7_seed20261008,77,1,18,24,False,False,0.15789473684210525
evidence_passage_len96_t0.7_seed20261008,77,2,62,75,False,False,0.8421052631578947
evidence_passage_len96_t0.7_seed20261008,78,0,40,48,False,False,0.37735849056603776
evidence_passage_len96_t0.7_seed20261008,78,1,26,32,False,False,0.37735849056603776
evidence_passage_len96_t0.7_seed20261008,78,2,38,42,False,False,0.1320754716981132
evidence_passage_len96_t0.7_seed20261008,79,0,82,92,False,False,0.1276595744680851
evidence_passage_len96_t0.7_seed20261008,79,1,18,22,False,False,0.1276595744680851
evidence_passage_len96_t0.7_seed20261008,79,2,29,37,False,False,0.5106382978723404
evidence_passage_len96_t0.7_seed20261008,80,0,48,62,False,False,1.0
evidence_passage_len96_t0.7_seed20261008,80,1,24,27,False,False,0.20930232558139536
evidence_passage_len96_t0.7_seed20261008,80,2,21,26,False,False,0.13953488372093023
evidence_passage_len96_t0.7_seed20261008,81,0,14,17,False,False,0.38461538461538464
evidence_passage_len96_t0.7_seed20261008,81,1,20,23,False,False,0.46153846153846156
evidence_passage_len96_t0.7_seed20261008,81,2,13,16,False,False,0.7692307692307693
evidence_passage_len96_t0.7_seed20261008,82,0,73,88,False,False,0.11320754716981132
evidence_passage_len96_t0.7_seed20261008,82,1,23,29,False,False,0.08490566037735849
evidence_passage_len96_t0.7_seed20261008,82,2,68,91,False,False,0.3584905660377358
evidence_passage_len96_t0.7_seed20261008,83,0,6,9,False,False,0.023809523809523808
evidence_passage_len96_t0.7_seed20261008,83,1,67,73,False,False,0.13095238095238096
evidence_passage_len96_t0.7_seed20261008,83,2,31,37,False,False,0.15476190476190477
evidence_passage_len96_t0.7_seed20261008,84,0,4,10,False,False,0.037383177570093455
evidence_passage_len96_t0.7_seed20261008,84,1,26,31,False,False,0.19626168224299065
evidence_passage_len96_t0.7_seed20261008,84,2,4,10,False,False,0.037383177570093455
evidence_passage_len96_t0.7_seed20261008,85,0,10,15,False,False,0.08196721311475409
evidence_passage_len96_t0.7_seed20261008,85,1,16,23,False,False,0.06557377049180328
evidence_passage_len96_t0.7_seed20261008,85,2,34,40,False,False,0.16393442622950818
evidence_passage_len96_t0.7_seed20261008,86,0,31,36,False,False,0.125
evidence_passage_len96_t0.7_seed20261008,86,1,21,33,False,False,0.10416666666666667
evidence_passage_len96_t0.7_seed20261008,86,2,23,28,False,False,0.14583333333333334
evidence_passage_len96_t0.7_seed20261008,87,0,17,20,False,False,0.1794871794871795
evidence_passage_len96_t0.7_seed20261008,87,1,11,16,False,False,0.02564102564102564
evidence_passage_len96_t0.7_seed20261008,87,2,62,71,False,False,0.15384615384615385
evidence_passage_len96_t0.7_seed20261008,88,0,18,25,False,False,0.375
evidence_passage_len96_t0.7_seed20261008,88,1,12,19,False,False,0.4375
evidence_passage_len96_t0.7_seed20261008,88,2,34,41,False,False,0.3125
evidence_passage_len96_t0.7_seed20261008,89,0,10,13,False,False,0.5
evidence_passage_len96_t0.7_seed20261008,89,1,10,13,False,False,0.25
evidence_passage_len96_t0.7_seed20261008,89,2,2,4,False,False,0.0
evidence_passage_len96_t0.7_seed20261008,90,0,49,63,False,False,1.0
evidence_passage_len96_t0.7_seed20261008,90,1,62,76,False,False,0.46511627906976744
evidence_passage_len96_t0.7_seed20261008,90,2,26,35,False,False,0.20930232558139536
evidence_passage_len96_t0.7_seed20261008,91,0,43,55,False,False,0.9714285714285714
evidence_passage_len96_t0.7_seed20261008,91,1,15,20,False,False,0.2
evidence_passage_len96_t0.7_seed20261008,91,2,40,53,False,False,1.0
evidence_passage_len96_t0.7_seed20261008,92,0,10,13,False,False,0.05084745762711865
evidence_passage_len96_t0.7_seed20261008,92,1,17,20,False,False,0.06779661016949153
evidence_passage_len96_t0.7_seed20261008,92,2,22,28,False,False,0.11864406779661017
evidence_passage_len96_t0.7_seed20261008,93,0,18,21,False,False,0.07692307692307693
evidence_passage_len96_t0.7_seed20261008,93,1,60,76,False,False,0.2
evidence_passage_len96_t0.7_seed20261008,93,2,70,91,False,False,0.9538461538461539
evidence_passage_len96_t0.7_seed20261008,94,0,34,40,False,False,0.20689655172413793
evidence_passage_len96_t0.7_seed20261008,94,1,22,28,False,False,0.7241379310344828
evidence_passage_len96_t0.7_seed20261008,94,2,13,16,False,False,0.06896551724137931
evidence_passage_len96_t0.7_seed20261008,95,0,37,55,False,False,0.15217391304347827
evidence_passage_len96_t0.7_seed20261008,95,1,17,24,False,False,0.21739130434782608
evidence_passage_len96_t0.7_seed20261008,95,2,49,63,False,False,1.0
evidence_passage_len96_t0.7_seed20261008,96,0,16,19,False,False,0.14705882352941177
evidence_passage_len96_t0.7_seed20261008,96,1,40,53,False,False,1.0
evidence_passage_len96_t0.7_seed20261008,96,2,10,17,False,False,0.17647058823529413
evidence_passage_len96_t0.7_seed20261008,97,0,39,53,False,False,0.7058823529411765
evidence_passage_len96_t0.7_seed20261008,97,1,7,11,False,False,0.0392156862745098
evidence_passage_len96_t0.7_seed20261008,97,2,8,13,False,False,0.0784313725490196
evidence_passage_len96_t0.7_seed20261008,98,0,9,16,False,False,0.35
evidence_passage_len96_t0.7_seed20261008,98,1,9,16,False,False,0.35
evidence_passage_len96_t0.7_seed20261008,98,2,9,16,False,False,0.35
evidence_passage_len96_t0.7_seed20261008,99,0,16,20,False,False,0.25806451612903225
evidence_passage_len96_t0.7_seed20261008,99,1,9,13,False,False,0.25806451612903225
evidence_passage_len96_t0.7_seed20261008,99,2,14,18,False,False,0.0967741935483871
evidence_passage_len96_t0.7_seed20261008,100,0,11,14,False,False,0.12
evidence_passage_len96_t0.7_seed20261008,100,1,4,9,False,False,0.0
evidence_passage_len96_t0.7_seed20261008,100,2,14,20,False,False,0.12
