query_id,question,hypothesis,hyde_text,signature,generation_ms_per_query,signature_v1
1,"Bob and Ted are close friends. Ted is on trial for drug offences, and Bob has been selected as a juror in Ted’s case. Is the judge required to excuse Bob from serving on the jury?",0,no,56843f6873c27aa8753dd01b652efab989b3ee599ebbb26391da253834dfaee5,1001.0608007199994,057ed761cfba8157515d0e741b165ac2faad228e5e731350484299f22a90b9bf
2,"Harry is serving as a juror in a burglary trial. He is also a professional locksmith. During the proceedings, Harry is shown a lock which, in his expert view, is too damaged to have been lockpicked in the manner described in court. Why might Harry's expert knowledge of lockpicking be irrelevant when assessing the physical evidence?",0,Harry is a professional locksmith,56843f6873c27aa8753dd01b652efab989b3ee599ebbb26391da253834dfaee5,1001.0608007199994,057ed761cfba8157515d0e741b165ac2faad228e5e731350484299f22a90b9bf
3,"Isaac is on trial for statutory murder of an emergency worker. You are his barrister. Should you notify the jury that, according to the Crimes Act 1958, the standard sentence for this offence is 30 years imprisonment?",0,no,56843f6873c27aa8753dd01b652efab989b3ee599ebbb26391da253834dfaee5,1001.0608007199994,057ed761cfba8157515d0e741b165ac2faad228e5e731350484299f22a90b9bf
4,Should jurors be excused if they have encountered news stories about the accused prior to the trial commencing?,0,no,56843f6873c27aa8753dd01b652efab989b3ee599ebbb26391da253834dfaee5,1001.0608007199994,057ed761cfba8157515d0e741b165ac2faad228e5e731350484299f22a90b9bf
5,"Frank and Joe are jurors in an arson trial. Over the weekend, Joe finds photos of the accused holding a petrol canister and texts them to Frank. Having received this new information, what should Frank do?",0,reopen the case,56843f6873c27aa8753dd01b652efab989b3ee599ebbb26391da253834dfaee5,1001.0608007199994,057ed761cfba8157515d0e741b165ac2faad228e5e731350484299f22a90b9bf
6,Does the standard of proof of “beyond reasonable doubt” imply that the jury must be fully convinced of every claim the prosecution has made?,0,no,56843f6873c27aa8753dd01b652efab989b3ee599ebbb26391da253834dfaee5,1001.0608007199994,057ed761cfba8157515d0e741b165ac2faad228e5e731350484299f22a90b9bf
7,"Sally is accused of cultivating narcotic plants in her backyard. One of the elements of this charge is that “the accused intentionally cultivated or attempted to cultivate a particular substance.” To establish whether this is the case, the judge believes it would be valuable to visit Sally’s backyard and have the jury examine it for themselves. What is the name of the legal procedure whereby the court travels to a location relevant to the charge?",0,visit,56843f6873c27aa8753dd01b652efab989b3ee599ebbb26391da253834dfaee5,1001.0608007199994,057ed761cfba8157515d0e741b165ac2faad228e5e731350484299f22a90b9bf
8,"Josh is 21 years old. He witnessed a murder that was clearly perpetrated by the accused. The prosecution, however, needs to determine whether the accused committed the acts voluntarily, thus satisfying the elements of intentional or reckless murder. In court, the judge plays a recording of Josh giving his eyewitness testimony. What is this evidentiary process called?",0,forensic evidence,56843f6873c27aa8753dd01b652efab989b3ee599ebbb26391da253834dfaee5,1001.0608007199994,057ed761cfba8157515d0e741b165ac2faad228e5e731350484299f22a90b9bf
9,"Olivia illegally bought cannabis from a tobacconist. As she left, she saw a man firebomb the store. She is now a witness in the arson trial. What legal privilege should she consider when giving her evidence?",0,a witness,56843f6873c27aa8753dd01b652efab989b3ee599ebbb26391da253834dfaee5,1001.0608007199994,057ed761cfba8157515d0e741b165ac2faad228e5e731350484299f22a90b9bf
10,Emma is found in possession of someone else’s phone but has no documentation of how she obtained it. Emma’s counsel argues that possession of the phone is circumstantial evidence and thus completely inadmissible to establish guilt. Is Emma’s counsel correct?,0,no,56843f6873c27aa8753dd01b652efab989b3ee599ebbb26391da253834dfaee5,1001.0608007199994,057ed761cfba8157515d0e741b165ac2faad228e5e731350484299f22a90b9bf
11,"John is on trial for an unnamed offence. John testifies that he could not have committed the offence because he was at an arcade 10 miles away when the offence took place. Earlier, the jury accepted arcade tickets as evidence of John's alibi. John’s counsel now argues that, given this plausible alibi, John could not have committed the crime. What type of reasoning is this an example of?",0,plausible,56843f6873c27aa8753dd01b652efab989b3ee599ebbb26391da253834dfaee5,1001.0608007199994,057ed761cfba8157515d0e741b165ac2faad228e5e731350484299f22a90b9bf
12,Does Victoria have a law/laws protecting against double jeopardy?,0,no,56843f6873c27aa8753dd01b652efab989b3ee599ebbb26391da253834dfaee5,1001.0608007199994,057ed761cfba8157515d0e741b165ac2faad228e5e731350484299f22a90b9bf
13,"Sophie and Hazel are two of twelve jurors in a trial. Both are uncertain of their verdict, while the remaining ten jurors believe the accused is guilty. The jury is becoming frustrated with Sophie and Hazel's indecision, but the judge instructs the jury to continue deliberating. What is this instruction called?",0,the jury to continue deliberating,56843f6873c27aa8753dd01b652efab989b3ee599ebbb26391da253834dfaee5,1001.0608007199994,057ed761cfba8157515d0e741b165ac2faad228e5e731350484299f22a90b9bf
14,"Tim is on trial for aggravated burglary. Before Tim gives evidence, his counsel calls another witness to testify first. Why might this be a bad idea for the defence?",0,Tim is a witness,56843f6873c27aa8753dd01b652efab989b3ee599ebbb26391da253834dfaee5,1001.0608007199994,057ed761cfba8157515d0e741b165ac2faad228e5e731350484299f22a90b9bf
15,Paul is 12 years old. He is a witness in a trial related to a common law riot. You are counsel for the accused. Should you argue that Paul’s is fundamentally untrustworthy because of his age?,0,a).,56843f6873c27aa8753dd01b652efab989b3ee599ebbb26391da253834dfaee5,1001.0608007199994,057ed761cfba8157515d0e741b165ac2faad228e5e731350484299f22a90b9bf
16,Can the defence use good character evidence to argue the accused is innocent?,0,no,56843f6873c27aa8753dd01b652efab989b3ee599ebbb26391da253834dfaee5,1001.0608007199994,057ed761cfba8157515d0e741b165ac2faad228e5e731350484299f22a90b9bf
17,Can the prosecution freely use bad character evidence to argue the accused is guilty?,0,no,56843f6873c27aa8753dd01b652efab989b3ee599ebbb26391da253834dfaee5,1001.0608007199994,057ed761cfba8157515d0e741b165ac2faad228e5e731350484299f22a90b9bf
18,"Sam is on trial for murdering her neighbour. The prosecution presents a text from Sam to a friend saying, “I murdered my neighbour today.” What must be established for this text to be treated as an admission?",0,a date of death,56843f6873c27aa8753dd01b652efab989b3ee599ebbb26391da253834dfaee5,1001.0608007199994,057ed761cfba8157515d0e741b165ac2faad228e5e731350484299f22a90b9bf
19,"Omar is charged with intentionally causing serious injury. In a recorded interview, he admits being at the scene and pushing the complainant but denies using a weapon or intending serious harm. At trial, the prosecution asks the jury to accept the incriminating parts of the interview but treat his denial of using a weapon as lies. Does this necessarily involve ‘consciousness of guilt’ reasoning?",0,no,56843f6873c27aa8753dd01b652efab989b3ee599ebbb26391da253834dfaee5,1001.0608007199994,057ed761cfba8157515d0e741b165ac2faad228e5e731350484299f22a90b9bf
20,"Liam is on trial for arson. His sister gives evidence that, at a family dinner, she said, “The police think you set fire to Dad’s shed. You didn’t do it, did you?” Liam, who had been speaking normally, then went silent and looked down. Can this be used as evidence probative of guilt?",0,no,56843f6873c27aa8753dd01b652efab989b3ee599ebbb26391da253834dfaee5,1001.0608007199994,057ed761cfba8157515d0e741b165ac2faad228e5e731350484299f22a90b9bf
21,"At Zoe’s assault trial, the prosecution argues that her blank, expressionless stare at photos of the injured complainant indicates guilt. Is this argument sound?",0,no,56843f6873c27aa8753dd01b652efab989b3ee599ebbb26391da253834dfaee5,1001.0608007199994,057ed761cfba8157515d0e741b165ac2faad228e5e731350484299f22a90b9bf
22,The defence raises the issue of mental impairment and bears the onus of proving it. There is a psychiatrist who has examined the accused. Is the prosecution required to call this psychiatrist as a witness?,0,no,56843f6873c27aa8753dd01b652efab989b3ee599ebbb26391da253834dfaee5,1001.0608007199994,057ed761cfba8157515d0e741b165ac2faad228e5e731350484299f22a90b9bf
23,"Sarah is tried for armed robbery. She does not give or call any evidence. In closing, the prosecution avoids mentioning her silence directly but repeatedly stresses that “only the prosecution’s account is supported by evidence.” Is this submission by the prosecution permissible?",0,no,56843f6873c27aa8753dd01b652efab989b3ee599ebbb26391da253834dfaee5,1001.0608007199994,057ed761cfba8157515d0e741b165ac2faad228e5e731350484299f22a90b9bf
24,"In a criminal trial, defence counsel fails to challenge an important part of a prosecution witness’s evidence and later runs a case theory inconsistent with that evidence. The prosecution complains that this has caused unfairness. As the trial judge, how should you decide what to do about it?",0,a fair trial,56843f6873c27aa8753dd01b652efab989b3ee599ebbb26391da253834dfaee5,1001.0608007199994,057ed761cfba8157515d0e741b165ac2faad228e5e731350484299f22a90b9bf
25,"In an armed robbery trial, a shop assistant who has served the accused every week for years is shown still images from CCTV and says, “Based on how he looks, that’s the same customer who comes into my store.” What type of identification evidence is this an example of?",0,CCTV,56843f6873c27aa8753dd01b652efab989b3ee599ebbb26391da253834dfaee5,1001.0608007199994,057ed761cfba8157515d0e741b165ac2faad228e5e731350484299f22a90b9bf
26,"One of the elements of aggravated carjacking is the use of a weapon or causing injury to another person (Crimes Act 1958 s 79A). Smith witnesses an aggravated carjacking late at night. He sees the offender wield a weapon but does not get a good look at their face. A year later, he positively identifies the accused, saying he “recognised him immediately from the daytime photo the police showed me last year.” What cognitive bias, about which the jury is educated, may be relevant in this case?",0,a positive identifies the accused,56843f6873c27aa8753dd01b652efab989b3ee599ebbb26391da253834dfaee5,1001.0608007199994,057ed761cfba8157515d0e741b165ac2faad228e5e731350484299f22a90b9bf
27,"You are the trial judge in a child stealing case. During the trial, the prosecutor briefly mentions that the image used for recognising the accused was taken before the accused was detained but gives no further explanation. What are judges instructed to do in this situation?",0,take the image,56843f6873c27aa8753dd01b652efab989b3ee599ebbb26391da253834dfaee5,1001.0608007199994,057ed761cfba8157515d0e741b165ac2faad228e5e731350484299f22a90b9bf
28,"Harvey is on trial for dangerous driving causing serious injury. Priya, a mechanic with 15 years’ experience, inspects the damaged vehicles and wants to tell the jury that, in her opinion, the pattern of damage shows Harvey was travelling at “at least 110 km/h” before impact. Are Priya’s comments inadmissible because they are opinion evidence?",0,no,56843f6873c27aa8753dd01b652efab989b3ee599ebbb26391da253834dfaee5,1001.0608007199994,057ed761cfba8157515d0e741b165ac2faad228e5e731350484299f22a90b9bf
29,"Chris is on trial for intentionally or recklessly causing a bushfire. His counsel says he was carrying out a “cool burn.” Talia, a First Nations woman, is called to explain First Nations practices. Is Talia’s evidence admissible?",0,no,56843f6873c27aa8753dd01b652efab989b3ee599ebbb26391da253834dfaee5,1001.0608007199994,057ed761cfba8157515d0e741b165ac2faad228e5e731350484299f22a90b9bf
30,"Noah is on trial for killing his father, who had been violent towards Noah’s mother for decades. The defence calls an expert to describe how poverty, lack of access to services, and cultural stigma around separation can trap families in violent homes. Is this expert's evidence admissible?",0,no,56843f6873c27aa8753dd01b652efab989b3ee599ebbb26391da253834dfaee5,1001.0608007199994,057ed761cfba8157515d0e741b165ac2faad228e5e731350484299f22a90b9bf
31,"Police have detained and taken DNA samples from three of four full siblings in a carjacking investigation: Chloe (female, 24), Sam (female, 23), and Joseph (male, 22). The fourth sibling, Kyle (male, 22), was not detained or sampled. Mitochondrial DNA testing of a crime scene sample links all three sampled siblings to the scene. Y-STR testing (which examines Y-chromosome DNA passed from father to son) links Joseph to the scene. Nuclear DNA testing also links Joseph to the scene. Is this information sufficient to reasonably link Joseph to the crime scene?",0,yes,56843f6873c27aa8753dd01b652efab989b3ee599ebbb26391da253834dfaee5,1001.0608007199994,057ed761cfba8157515d0e741b165ac2faad228e5e731350484299f22a90b9bf
32,"Police have detained and taken DNA samples from three of four full siblings in a carjacking investigation: Chloe (female, 24), Sam (female, 23), and Joseph (male, 22). The fourth sibling, Kylie (female, 22), was not detained or sampled. Mitochondrial DNA testing of a crime scene sample links all three sampled siblings to the scene. Y-STR testing (which examines Y-chromosome DNA passed from father to son) links Joseph to the scene. Nuclear DNA testing also links Joseph to the scene. Is this information sufficient to reasonably link Joseph to the crime scene?",0,yes,56843f6873c27aa8753dd01b652efab989b3ee599ebbb26391da253834dfaee5,1001.0608007199994,057ed761cfba8157515d0e741b165ac2faad228e5e731350484299f22a90b9bf
33,Is the right to silence based solely on common law?,0,common law,56843f6873c27aa8753dd01b652efab989b3ee599ebbb26391da253834dfaee5,1001.0608007199994,057ed761cfba8157515d0e741b165ac2faad228e5e731350484299f22a90b9bf
34,"Daniel is questioned by police about an armed robbery. He gives his name and age but answers “no comment” when asked where he was at 1 am and who he was with. He is now on trial, and you are the prosecutor. Should you invite the jury to treat his selective silence as evidence of guilt?",0,no comment,56843f6873c27aa8753dd01b652efab989b3ee599ebbb26391da253834dfaee5,1001.0608007199994,057ed761cfba8157515d0e741b165ac2faad228e5e731350484299f22a90b9bf
35,"At dinner, Kim and Frank watch a news story about a drive-by shooting. Kim says the car looks like Frank’s and asks, “That’s not your car, is it, Frank?” Frank stays silent. Frank is now on trial. Why is it important for the prosecution that Kim is not a government authority?",0,Kim is a private citizen,56843f6873c27aa8753dd01b652efab989b3ee599ebbb26391da253834dfaee5,1001.0608007199994,057ed761cfba8157515d0e741b165ac2faad228e5e731350484299f22a90b9bf
36,"Kim and Frank are at a Christmas party and are watching a news story about a recent drive-by shooting. Kim thinks the car looks like Frank’s and asks, “That’s not your car, is it?” Frank stays silent. A few minutes later, the police shut down the party due to noise complaints. Later, Frank is on trial for offences related to the same drive-by shooting. Why is it important to the defence that the party was loud?",0,the police shut down the party due to noise complaints,56843f6873c27aa8753dd01b652efab989b3ee599ebbb26391da253834dfaee5,1001.0608007199994,057ed761cfba8157515d0e741b165ac2faad228e5e731350484299f22a90b9bf
37,"Rachel is on trial for poisoning her business partner with mushrooms. There is no direct proof Rachel possessed poisonous mushrooms, but the prosecution shows that: (1) two weeks before the death she searched for a specific species of poisonous mushroom; (2) she had a manual for dehydration equipment that can mask the taste of mushrooms; and (3) toxicology shows her partner was poisoned by that same species. The prosecution argues it is highly improbable all of this is coincidental, if the death were an accident. What kind of inferential reasoning or type of evidence is the prosecution asking the jury to use?",0,no direct proof Rachel possessed poisonous mushrooms,56843f6873c27aa8753dd01b652efab989b3ee599ebbb26391da253834dfaee5,1001.0608007199994,057ed761cfba8157515d0e741b165ac2faad228e5e731350484299f22a90b9bf
38,Daisy witnessed a murder in her prison and is called by the prosecution to give evidence. Is she a “prison informer”?,0,yes,56843f6873c27aa8753dd01b652efab989b3ee599ebbb26391da253834dfaee5,1001.0608007199994,057ed761cfba8157515d0e741b165ac2faad228e5e731350484299f22a90b9bf
39,"Emma is committed for trial on 1 March. On 25 March, she first tells her lawyer she was at a movie with her sister at the time of the alleged offence and wants both to give evidence, but no notice has been filed. What procedural step is required before Emma, or her sister can give evidence that she was at the movie rather than at the scene of the offence?",0,notice has been filed,56843f6873c27aa8753dd01b652efab989b3ee599ebbb26391da253834dfaee5,1001.0608007199994,057ed761cfba8157515d0e741b165ac2faad228e5e731350484299f22a90b9bf
40,"Alex is charged with a robbery at a shopping centre at 8:15 pm. He leads evidence that he was having dinner with friends at a restaurant across town at that time, and the jury thinks there is a real chance this is true. Ignoring the standard elements of robbery, what more needs to be proven to establish Alex’s guilt?",0,evidence that he was having dinner with friends at a restaurant across town at that time,56843f6873c27aa8753dd01b652efab989b3ee599ebbb26391da253834dfaee5,1001.0608007199994,057ed761cfba8157515d0e741b165ac2faad228e5e731350484299f22a90b9bf
41,"Liam and Noah plan to break into a warehouse to steal electronics. Liam agrees to act as the lookout while Noah goes inside; during the burglary, Noah violently assaults a security guard. Liam is later charged as a secondary party to the assault. Under Victorian law, on what basis could Liam be found “involved in the commission” of the assault, even though he only agreed to help with the burglary?",0,secondary party,56843f6873c27aa8753dd01b652efab989b3ee599ebbb26391da253834dfaee5,1001.0608007199994,057ed761cfba8157515d0e741b165ac2faad228e5e731350484299f22a90b9bf
42,"Courtney and Tom agree to sell what they think is a harmless “party pill” to strangers at a music festival. The pills are in fact a controlled drug, and the conduct clearly amounts to a criminal offence. For Courtney to be liable on the basis of this agreement, must the prosecution prove that she knew the substance was illegal?",0,no,56843f6873c27aa8753dd01b652efab989b3ee599ebbb26391da253834dfaee5,1001.0608007199994,057ed761cfba8157515d0e741b165ac2faad228e5e731350484299f22a90b9bf
43,"Noah convinces his 12-year-old nephew to deliver a sealed package to an address, telling him it contains “books for a friend,” when in fact Noah has filled the package with prohibited drugs. The nephew has no idea what is inside and believes he’s doing a harmless favour. If police intercept the drugs, can Noah be liable as a principal offender for drug trafficking?",0,no,56843f6873c27aa8753dd01b652efab989b3ee599ebbb26391da253834dfaee5,1001.0608007199994,057ed761cfba8157515d0e741b165ac2faad228e5e731350484299f22a90b9bf
44,"Jordan is a factory worker; Mia is his supervisor. They’re both charged with a Commonwealth conspiracy to commit an offence that requires an employer to ensure the safety of employees at a hazardous worksite. Two company directors, alleged to be the other parties to the agreement, have already been acquitted of the conspiracy. In these circumstances, can Jordan be found guilty of the conspiracy?",0,yes,56843f6873c27aa8753dd01b652efab989b3ee599ebbb26391da253834dfaee5,1001.0608007199994,057ed761cfba8157515d0e741b165ac2faad228e5e731350484299f22a90b9bf
45,"Clyde, who has schizophrenia, assaults a stranger while experiencing delusions. He knows he is hitting a person but believes they are a “demon.” Does his mental illness, or his failure to appreciate the wrongfulness of his conduct, necessarily make his act involuntary?",0,no,56843f6873c27aa8753dd01b652efab989b3ee599ebbb26391da253834dfaee5,1001.0608007199994,057ed761cfba8157515d0e741b165ac2faad228e5e731350484299f22a90b9bf
46,"Jonah is driving when he suddenly suffers an unexpected convulsion, causing his leg to slam down on the accelerator and his car to mount the curb and hit a pedestrian. If the only cause of the collision was this sudden bodily movement during the convulsion, how should a court characterise his physical act for the purpose of criminal liability?",0,a reversal,56843f6873c27aa8753dd01b652efab989b3ee599ebbb26391da253834dfaee5,1001.0608007199994,057ed761cfba8157515d0e741b165ac2faad228e5e731350484299f22a90b9bf
47,"At Andrew’s assault trial, there is no suggestion he was unconscious, seizing, or sleepwalking; all the evidence shows him standing, speaking, and then punching the complainant. Does the prosecution need specific evidence that the punch was voluntary, or can voluntariness be inferred from these circumstances?",0,voluntary,56843f6873c27aa8753dd01b652efab989b3ee599ebbb26391da253834dfaee5,1001.0608007199994,057ed761cfba8157515d0e741b165ac2faad228e5e731350484299f22a90b9bf
48,"Jacob sets off powerful fireworks in a small, crowded backyard. He later admits he knew people could get hurt but did it anyway. In Victoria, what level of criminal culpability best describes his conduct?",0,a misdemeanor,56843f6873c27aa8753dd01b652efab989b3ee599ebbb26391da253834dfaee5,1001.0608007199994,057ed761cfba8157515d0e741b165ac2faad228e5e731350484299f22a90b9bf
49,"Liam throws a heavy brick off a freeway overpass into peak-hour traffic. He later tells police, “I knew it might hit a car, but I didn’t really think much more about it.” At trial, the prosecution tells the jury that recklessness is established if Liam knew the brick “might” cause harm. Why is this an incorrect statement of the legal test for recklessness in Victoria?",0,Liam knew the brick “might” cause harm,56843f6873c27aa8753dd01b652efab989b3ee599ebbb26391da253834dfaee5,1001.0608007199994,057ed761cfba8157515d0e741b165ac2faad228e5e731350484299f22a90b9bf
50,Abigail is on trial in Victoria for causing serious injury. She argues that the injury was “an accident” because she pushed a door open without looking and it unexpectedly hit someone on the other side. Can Abigail rely on a standalone defence of “accident” in Victoria?,0,yes,56843f6873c27aa8753dd01b652efab989b3ee599ebbb26391da253834dfaee5,1001.0608007199994,057ed761cfba8157515d0e741b165ac2faad228e5e731350484299f22a90b9bf
51,"Ethan punches Marcus once in the head during an argument. Marcus falls, hits his head on the gutter, and dies in hospital two days later. At trial, Ethan admits to killing Marcus by punching him. What elements must still be proved for Ethan to be convicted of murder?",0,a retrial,56843f6873c27aa8753dd01b652efab989b3ee599ebbb26391da253834dfaee5,1001.0608007199994,057ed761cfba8157515d0e741b165ac2faad228e5e731350484299f22a90b9bf
52,"Ethan admits he voluntarily and intentionally killed Marcus, a German Shepherd, without lawful justification. Name ONE element of murder that is missing here.",0,a dog,56843f6873c27aa8753dd01b652efab989b3ee599ebbb26391da253834dfaee5,1001.0608007199994,057ed761cfba8157515d0e741b165ac2faad228e5e731350484299f22a90b9bf
53,"Ethan, a sane 24-year-old, intentionally killed Marcus, a child, without lawful justification, and the jury accepts this beyond reasonable doubt. Under Victorian law, how could this still not amount to manslaughter or murder?",0,a murder,56843f6873c27aa8753dd01b652efab989b3ee599ebbb26391da253834dfaee5,1001.0608007199994,057ed761cfba8157515d0e741b165ac2faad228e5e731350484299f22a90b9bf
54,"Harper, a New South Wales resident, shoots Riley in Sydney. Riley is stabilised in an NSW hospital, then transferred to a specialist trauma unit in Melbourne, where complications arise during surgery and he dies 10 days after the shooting. Can Harper be tried in a Victorian court?",0,no,56843f6873c27aa8753dd01b652efab989b3ee599ebbb26391da253834dfaee5,1001.0608007199994,057ed761cfba8157515d0e741b165ac2faad228e5e731350484299f22a90b9bf
55,"Mila fires a gun recklessly into a crowded apartment block corridor, committing the offence of reckless conduct endangering life. One of the bullets kills Jonah. The prosecution seeks to invoke statutory murder. On what basis could this reckless conduct offence be treated as a foundational offence?",0,statutory murder,56843f6873c27aa8753dd01b652efab989b3ee599ebbb26391da253834dfaee5,1001.0608007199994,057ed761cfba8157515d0e741b165ac2faad228e5e731350484299f22a90b9bf
56,"During an argument outside a bar in 2016, Taylor swings once at Jordan’s jaw; Jordan falls backwards, hits their head on the curb and dies from the head injury. For manslaughter by an unlawful and dangerous act, which element of the offence does Crimes Act 1958 s 4A(4) help the jury assess?",0,a felony,56843f6873c27aa8753dd01b652efab989b3ee599ebbb26391da253834dfaee5,1001.0608007199994,057ed761cfba8157515d0e741b165ac2faad228e5e731350484299f22a90b9bf
57,"The accused admits he did not actually think death or really serious injury was likely, but the jury is sure that any reasonable person in his position would have realised they were exposing the victim to an appreciable risk of serious injury. If both reckless murder and manslaughter are left, which verdict does this state of mind support?",0,Manslaughter,56843f6873c27aa8753dd01b652efab989b3ee599ebbb26391da253834dfaee5,1001.0608007199994,057ed761cfba8157515d0e741b165ac2faad228e5e731350484299f22a90b9bf
58,"In 2010, Amir and Bella agree to “rough up” a debtor by slapping him around and threatening him, but nothing more. During the confrontation, Bella unexpectedly pulls a knife and fatally stabs the debtor. Amir is charged with manslaughter as a secondary party. If the prosecution relies on the doctrine that extends liability beyond the agreed lesser assault, what must they prove about Amir’s foresight of Bella’s escalation?",0,manslaughter,56843f6873c27aa8753dd01b652efab989b3ee599ebbb26391da253834dfaee5,1001.0608007199994,057ed761cfba8157515d0e741b165ac2faad228e5e731350484299f22a90b9bf
59,"A person is sitting in the back seat of a moving taxi when the taxi strikes a pedestrian at a crossing, killing them instantly. The prosecution later alleges that this rear-seat passenger is guilty of culpable driving causing death because he was driving a motor vehicle at the time of the collision. Is this a sound argument?",0,no,56843f6873c27aa8753dd01b652efab989b3ee599ebbb26391da253834dfaee5,1001.0608007199994,057ed761cfba8157515d0e741b165ac2faad228e5e731350484299f22a90b9bf
60,"In a culpable driving causing death trial, the prosecution tells the jury: “You cannot find the accused guilty unless you are sure he actually realised his driving fell well below that of an ordinary careful driver; if he was simply unaware of the danger, you must acquit.” Is this an accurate statement of the law?",0,no,56843f6873c27aa8753dd01b652efab989b3ee599ebbb26391da253834dfaee5,1001.0608007199994,057ed761cfba8157515d0e741b165ac2faad228e5e731350484299f22a90b9bf
61,Two friends agree to race their cars along a suburban street. One driver loses control and fatally hits a cyclist; the other does not crash. On what general basis could the second driver still be held responsible for the death?,0,a minor,56843f6873c27aa8753dd01b652efab989b3ee599ebbb26391da253834dfaee5,1001.0608007199994,057ed761cfba8157515d0e741b165ac2faad228e5e731350484299f22a90b9bf
62,"While driving late at night, Jerry fails to see a cyclist and runs him over, killing him instantly. Jerry was not drunk, reckless or negligent. Why does it matter to the prosecution that Jerry knew his headlights were broken before driving?",0,not drunk,56843f6873c27aa8753dd01b652efab989b3ee599ebbb26391da253834dfaee5,1001.0608007199994,057ed761cfba8157515d0e741b165ac2faad228e5e731350484299f22a90b9bf
63,"Asha is Ben’s manager at work. One evening they both freely and voluntarily have sex. Two days after the act, Asha regrets her decision. Does this mean Asha's consent was violated?",0,yes,56843f6873c27aa8753dd01b652efab989b3ee599ebbb26391da253834dfaee5,1001.0608007199994,057ed761cfba8157515d0e741b165ac2faad228e5e731350484299f22a90b9bf
64,"Jones is on trial for an unnamed sexual offence. He says that, in his culture, silence or lack of resistance means agreement. In light of this explanation, what specific issue about Jones awareness must the jury determine when deciding his guilt?",0,silence,56843f6873c27aa8753dd01b652efab989b3ee599ebbb26391da253834dfaee5,1001.0608007199994,057ed761cfba8157515d0e741b165ac2faad228e5e731350484299f22a90b9bf
65,"Jones is on trial for an unnamed sexual offence. He says that, in his culture, silence or lack of resistance means agreement. Must the jury learn more about this culture to decide whether he reasonably believed there was consent?",0,silence,56843f6873c27aa8753dd01b652efab989b3ee599ebbb26391da253834dfaee5,1001.0608007199994,057ed761cfba8157515d0e741b165ac2faad228e5e731350484299f22a90b9bf
66,"After an alleged sexual assault, Liam goes straight to his sister’s apartment and, sobbing and struggling to speak, tells her what happened. At trial, the prosecution calls his sister to describe his emotional state when he reported it. Why might Liam’s behaviour at that time be important evidence against the accused?",0,his sister,56843f6873c27aa8753dd01b652efab989b3ee599ebbb26391da253834dfaee5,1001.0608007199994,057ed761cfba8157515d0e741b165ac2faad228e5e731350484299f22a90b9bf
67,"At trial, the complainant describes an alleged sexual assault in a completely flat tone, without visible emotion. Some jurors think this means she is “probably lying.” Is this a valid assumption?",0,no,56843f6873c27aa8753dd01b652efab989b3ee599ebbb26391da253834dfaee5,1001.0608007199994,057ed761cfba8157515d0e741b165ac2faad228e5e731350484299f22a90b9bf
68,"Assume the year is 2012. Why is it problematic for a judge to direct the jury that the prosecution must prove the accused “intended to commit rape in the sense that, at the time of penetration, he knew the complainant was not or might not be consenting”?",0,it is not a reasonable expectation that the complainant would be consenting,56843f6873c27aa8753dd01b652efab989b3ee599ebbb26391da253834dfaee5,1001.0608007199994,057ed761cfba8157515d0e741b165ac2faad228e5e731350484299f22a90b9bf
69,"The prosecution alleges that the accused forced the complainant to put his own penis into his own mouth. Under the current statutory definition, does this amount to sexual penetration of oneself?",0,yes,56843f6873c27aa8753dd01b652efab989b3ee599ebbb26391da253834dfaee5,1001.0608007199994,057ed761cfba8157515d0e741b165ac2faad228e5e731350484299f22a90b9bf
70,"In 2016, person A instructs person C to insert person C’s finger into person B’s mouth. Under the definition of “sexual penetration” in s 37D of the Crimes Act 1958, why does this not amount to person A sexually penetrating person B?",0,a person who is a sex offender,56843f6873c27aa8753dd01b652efab989b3ee599ebbb26391da253834dfaee5,1001.0608007199994,057ed761cfba8157515d0e741b165ac2faad228e5e731350484299f22a90b9bf
71,"In 2016, person A instructs person C to insert person C’s penis into person B’s mouth. Under the definition of “sexual penetration” in s 37D of the Crimes Act 1958, why does this amount to person A sexually penetrating person B?",0,sexually,56843f6873c27aa8753dd01b652efab989b3ee599ebbb26391da253834dfaee5,1001.0608007199994,057ed761cfba8157515d0e741b165ac2faad228e5e731350484299f22a90b9bf
72,"Under Victorian law, can a person assigned male at birth be sexually penetrated somewhere other than the anus or mouth?",0,no,56843f6873c27aa8753dd01b652efab989b3ee599ebbb26391da253834dfaee5,1001.0608007199994,057ed761cfba8157515d0e741b165ac2faad228e5e731350484299f22a90b9bf
73,"On a crowded tram, Caleb briefly brushes Rina’s hand while reaching for a pole; later he privately admits he finds her attractive and had a sexual interest in her. On these grounds alone, is Caleb’s private sexual interest enough to make that brief hand contact “sexual touching”?",0,yes,56843f6873c27aa8753dd01b652efab989b3ee599ebbb26391da253834dfaee5,1001.0608007199994,057ed761cfba8157515d0e741b165ac2faad228e5e731350484299f22a90b9bf
74,"Assume the year is 2011. Nina is sexually aroused by feet and secretly attracted to her colleague Caleb. During a meeting, she slowly removes his shoe under the table, later admitting she did so purely for her own sexual gratification. Does her sexual motive alone make the removal of Caleb’s shoe an indecent assault?",0,yes,56843f6873c27aa8753dd01b652efab989b3ee599ebbb26391da253834dfaee5,1001.0608007199994,057ed761cfba8157515d0e741b165ac2faad228e5e731350484299f22a90b9bf
75,"During an argument, Imogen swings her fist at Sara but stops just short. Sara flinches and braces for impact, but later says she “wasn’t actually scared.” Why doesn’t Sara’s claim that she wasn’t afraid stop Imogen’s conduct from amounting to assault?",0,she was not actually scared,56843f6873c27aa8753dd01b652efab989b3ee599ebbb26391da253834dfaee5,1001.0608007199994,057ed761cfba8157515d0e741b165ac2faad228e5e731350484299f22a90b9bf
76,“I’m not from law enforcement and I’m going to illegally kill you in the next couple of years or so” does not amount to assault because which element of the offence is missing?,0,a person’s body,56843f6873c27aa8753dd01b652efab989b3ee599ebbb26391da253834dfaee5,1001.0608007199994,057ed761cfba8157515d0e741b165ac2faad228e5e731350484299f22a90b9bf
77,"Mia receives several late-night calls from Noah. Each time she answers, he says nothing. Knowing his violent history, she believes he is outside about to attack. What is the citation of the common law case that held this conduct can amount to assault?",0,a felony,56843f6873c27aa8753dd01b652efab989b3ee599ebbb26391da253834dfaee5,1001.0608007199994,057ed761cfba8157515d0e741b165ac2faad228e5e731350484299f22a90b9bf
78,"Assault' is defined to mean the direct or indirect application of force to the body of, or to the clothing or equipment worn by, a person. “Application of force” is defined to include the application of heat, light, electric current or any other form of energy, as well as the application of matter in solid, liquid or gaseous form. For the purposes of Victorian criminal law as it pertains to assault, which statute establishes the meaning of a police officer?",0,Victorian Police Act 1894,56843f6873c27aa8753dd01b652efab989b3ee599ebbb26391da253834dfaee5,1001.0608007199994,057ed761cfba8157515d0e741b165ac2faad228e5e731350484299f22a90b9bf
79,"Officer Harper stops Liam on the street, says, “I’m just curious if you’ve got anything on you,” and, without any lawful basis, searches his pockets and finds drugs. Liam resists and accidentally strikes Harper during the unlawful search. In these circumstances, is Harper acting “in the execution of her duty” at the time of the alleged assault?",0,yes,56843f6873c27aa8753dd01b652efab989b3ee599ebbb26391da253834dfaee5,1001.0608007199994,057ed761cfba8157515d0e741b165ac2faad228e5e731350484299f22a90b9bf
80,"As officers move in to arrest Malik outside a bar, his friend Tia sees them coming and yells, “Run, they’re about to grab you!” intending to help him escape. What key fact about the effect of Tia’s warning must be proved in order to charge her with obstruction?",0,Tia’s warning must be proved,56843f6873c27aa8753dd01b652efab989b3ee599ebbb26391da253834dfaee5,1001.0608007199994,057ed761cfba8157515d0e741b165ac2faad228e5e731350484299f22a90b9bf
81,Which Victorian statute amended the Crimes Act 1958 to cover stalking over the internet?,0,Victorian Criminal Code,56843f6873c27aa8753dd01b652efab989b3ee599ebbb26391da253834dfaee5,1001.0608007199994,057ed761cfba8157515d0e741b165ac2faad228e5e731350484299f22a90b9bf
82,"What are the elements of carjacking? Actually, I can answer that question for you. The offence has the following three elements: (i) The accused stole a vehicle; (ii) Immediately before or at the time of the theft, the accused: (a) Used force on any person; or (b) Put any person in fear that s/he or another person would, then and there, be subject to the use of force; or (c) Sought to put any person in fear that s/he or another person would, then and there, be subject to the use of force; and (iii) The accused did so in order to commit the theft (Crimes Act 1958 s 79(1)). Answer only this question: In a large shopping centre, Soraya stands in one spot near the central atrium all afternoon, turning only her head and eyes to keep Felix in view as he walks between different levels and stores. She never changes her physical position. On these facts, does Soraya follow Felix?",0,yes,56843f6873c27aa8753dd01b652efab989b3ee599ebbb26391da253834dfaee5,1001.0608007199994,057ed761cfba8157515d0e741b165ac2faad228e5e731350484299f22a90b9bf
83,"Angry at Leo, Martina repeatedly dumps dead flowers and threatening notes on his doorstep and also tags him in public posts accusing him of crimes, hoping his employer will see them. Which two separate stalking acts in statutes best capture this pattern? The following information is irrelevant to answering the question: In 2013, Leo was convicted of “manslaughter by unlawful and dangerous act.” During the trial, a jury member asked the judge the following question: “Under Victorian law, what is the first element of an unlawful and dangerous act causing death and what does it entail? And also, what are the other elements to this offence? And how is it different to negligent manslaughter?”",0,unlawful and dangerous act,56843f6873c27aa8753dd01b652efab989b3ee599ebbb26391da253834dfaee5,1001.0608007199994,057ed761cfba8157515d0e741b165ac2faad228e5e731350484299f22a90b9bf
84,"Mary is Rafa’s mother. Twelve-year-old Rafa has been especially naughty this week: on Monday he threw water on his brother Gregory, and on Tuesday he stole his sister’s watch. On Wednesday, as punishment, Mary confines Rafa to his room for an hour. What are the citations of the cases suggesting that Mary’s treatment of Rafa is lawful? As an aside, let's talk about Mary’s childhood. When Mary was younger, she was part of a violent gang. She would roam the streets carrying a cricket bat, and when elderly women walked past, Mary would swing the bat towards them, never actually hitting them but bringing it close enough to make them believe they were about to be struck. One day, Mary was caught by the police. She was charged with assault not involving the application of force but was never convicted because the prosecution couldn’t prove the first element of the offence.",0,Mary confines Rafa to his room for an hour,56843f6873c27aa8753dd01b652efab989b3ee599ebbb26391da253834dfaee5,1001.0608007199994,057ed761cfba8157515d0e741b165ac2faad228e5e731350484299f22a90b9bf
85,"After an argument at home, 15-year-old Felix storms out and gets into the car of his aunt, Rosa, who takes him to stay at her house. Rosa used no trickery or threats, but she knows Felix’s parents want him back and tells him, “You can stay here as long as you like.” On these facts, is Rosa’s conduct closer to taking a child or harbouring a child under the Victorian law?",0,taking a child,56843f6873c27aa8753dd01b652efab989b3ee599ebbb26391da253834dfaee5,1001.0608007199994,057ed761cfba8157515d0e741b165ac2faad228e5e731350484299f22a90b9bf
86,"A 13-year-old, Hamish, orders a rideshare to a friend’s house after a fight with his parents. The driver, Zoe, picks him up outside his home, asks “Are your parents okay with you going?”, gets a vague shrug, but offers no encouragement and simply follows the entered destination. On these facts, has Zoe taken Hamish away?",0,yes,56843f6873c27aa8753dd01b652efab989b3ee599ebbb26391da253834dfaee5,1001.0608007199994,057ed761cfba8157515d0e741b165ac2faad228e5e731350484299f22a90b9bf
87,"During a gig, Luca quietly picks up someone else’s guitar, uses it for his set, then returns it to exactly the same spot before the owner notices. He always planned to put it back. On these facts alone, has Luca formed the mental element for theft?",0,yes,56843f6873c27aa8753dd01b652efab989b3ee599ebbb26391da253834dfaee5,1001.0608007199994,057ed761cfba8157515d0e741b165ac2faad228e5e731350484299f22a90b9bf
88,How does the definition of “dishonesty” under Commonwealth law differ from that used in Victorian law?,0,The definition of “dishonesty” is a term that refers to a person’s behaviour or behaviour that is contrary to the law,56843f6873c27aa8753dd01b652efab989b3ee599ebbb26391da253834dfaee5,1001.0608007199994,057ed761cfba8157515d0e741b165ac2faad228e5e731350484299f22a90b9bf
89,What is a good?,0,good,56843f6873c27aa8753dd01b652efab989b3ee599ebbb26391da253834dfaee5,1001.0608007199994,057ed761cfba8157515d0e741b165ac2faad228e5e731350484299f22a90b9bf
90,"Kai forces the owner of a vacant farm to leave, then lives there rent-free for six months, locking everyone else out of the gate and using it as his own space. For the purposes of handling stolen goods, does Kai’s wrongful occupation turn the land itself into “stolen goods”?",0,no,56843f6873c27aa8753dd01b652efab989b3ee599ebbb26391da253834dfaee5,1001.0608007199994,057ed761cfba8157515d0e741b165ac2faad228e5e731350484299f22a90b9bf
91,Carmen submits a valuation certificate for 500 crates of “premium truffles” that don’t exist and uses it to support a finance application. Which case has been treated as authority that a valuation of non-existent goods is fraudulent in this way?,0,Carmen v.,56843f6873c27aa8753dd01b652efab989b3ee599ebbb26391da253834dfaee5,1001.0608007199994,057ed761cfba8157515d0e741b165ac2faad228e5e731350484299f22a90b9bf
92,"One element of theft is an intention to permanently deprive the owner of property. Nicholas threatens to smash his neighbour’s car unless she pays him $500 “for the damage you did last year,” an amount she genuinely owes. He intends to keep the $500 permanently but makes no claim over any other property. On these facts, which offence does his state of mind more clearly support – theft or blackmail – and why?",0,blackmail,56843f6873c27aa8753dd01b652efab989b3ee599ebbb26391da253834dfaee5,1001.0608007199994,057ed761cfba8157515d0e741b165ac2faad228e5e731350484299f22a90b9bf
93,"Rafi, a former executive of a publicly traded company, phones the current CEO and says, “Transfer $1 million to my account or I’ll leak information that will seriously damage your company's valuation.” Years earlier, Rafi was convicted of assault not involving force. Under Victorian law, what technical label best fits this kind of threat, and which reported case in your materials is cited as authority for treating market-damage threats in this way?",0,a felony,56843f6873c27aa8753dd01b652efab989b3ee599ebbb26391da253834dfaee5,1001.0608007199994,057ed761cfba8157515d0e741b165ac2faad228e5e731350484299f22a90b9bf
94,"Josh deliberately and dishonestly destroys physical bank documents that record a loan he still owes, hoping to improve his own financial position. Which specific offence best captures Josh's conduct?",0,stealing,56843f6873c27aa8753dd01b652efab989b3ee599ebbb26391da253834dfaee5,1001.0608007199994,057ed761cfba8157515d0e741b165ac2faad228e5e731350484299f22a90b9bf
95,"Marco transfers cryptocurrency through multiple wallets to make it harder to trace, fully aware it came from a fraud scheme. Under the Victorian “dealing with proceeds of crime” offences, which physical element is clearly satisfied by his conduct, and which highest mental state could be charged on these facts?",0,mental state,56843f6873c27aa8753dd01b652efab989b3ee599ebbb26391da253834dfaee5,1001.0608007199994,057ed761cfba8157515d0e741b165ac2faad228e5e731350484299f22a90b9bf
96,"Smith is a dealer, and so is his friend Walter. After some haggling, they agree to swap a quantity of Smith’s cocaine for Walter’s ice. Which case is specifically cited to show that this type of deal amounts to trafficking?",0,Smith v. Smith,56843f6873c27aa8753dd01b652efab989b3ee599ebbb26391da253834dfaee5,1001.0608007199994,057ed761cfba8157515d0e741b165ac2faad228e5e731350484299f22a90b9bf
97,"Over six months, Minh alternates between weeks of intense dealing and long quiet stretches with no proven activity. The transactions involve different drugs, buyers and locations, but all are commercial. The indictment alleges he “trafficked” by carrying on a business over that whole period. What must the jury be satisfied of, given the patchy pattern of conduct?",0,Minh’s business,56843f6873c27aa8753dd01b652efab989b3ee599ebbb26391da253834dfaee5,1001.0608007199994,057ed761cfba8157515d0e741b165ac2faad228e5e731350484299f22a90b9bf
98,"“The salt of the abovementioned drugs, derivates and _______” Which word goes in the blank and which act does this phrase belong to?",0,sulphur,56843f6873c27aa8753dd01b652efab989b3ee599ebbb26391da253834dfaee5,1001.0608007199994,057ed761cfba8157515d0e741b165ac2faad228e5e731350484299f22a90b9bf
99,"After a grave insult, Jordan cools off for several hours, then calmly returns and kills. Which state of mind required for provocation is missing on these facts, and what is the technical term for it?",0,calm,56843f6873c27aa8753dd01b652efab989b3ee599ebbb26391da253834dfaee5,1001.0608007199994,057ed761cfba8157515d0e741b165ac2faad228e5e731350484299f22a90b9bf
100,"“There was an agreement between the accused and the deceased to seek the _____ of all parties to the agreement.” What is the missing word, and where is this specific phrase used?",0,a,56843f6873c27aa8753dd01b652efab989b3ee599ebbb26391da253834dfaee5,1001.0608007199994,057ed761cfba8157515d0e741b165ac2faad228e5e731350484299f22a90b9bf
1,"Bob and Ted are close friends. Ted is on trial for drug offences, and Bob has been selected as a juror in Ted’s case. Is the judge required to excuse Bob from serving on the jury?",1,no,56843f6873c27aa8753dd01b652efab989b3ee599ebbb26391da253834dfaee5,1001.0608007199994,057ed761cfba8157515d0e741b165ac2faad228e5e731350484299f22a90b9bf
2,"Harry is serving as a juror in a burglary trial. He is also a professional locksmith. During the proceedings, Harry is shown a lock which, in his expert view, is too damaged to have been lockpicked in the manner described in court. Why might Harry's expert knowledge of lockpicking be irrelevant when assessing the physical evidence?",1,Harry is a professional locksmith,56843f6873c27aa8753dd01b652efab989b3ee599ebbb26391da253834dfaee5,1001.0608007199994,057ed761cfba8157515d0e741b165ac2faad228e5e731350484299f22a90b9bf
3,"Isaac is on trial for statutory murder of an emergency worker. You are his barrister. Should you notify the jury that, according to the Crimes Act 1958, the standard sentence for this offence is 30 years imprisonment?",1,30 years imprisonment,56843f6873c27aa8753dd01b652efab989b3ee599ebbb26391da253834dfaee5,1001.0608007199994,057ed761cfba8157515d0e741b165ac2faad228e5e731350484299f22a90b9bf
4,Should jurors be excused if they have encountered news stories about the accused prior to the trial commencing?,1,a jury must be given a fair opportunity to consider the facts of the case,56843f6873c27aa8753dd01b652efab989b3ee599ebbb26391da253834dfaee5,1001.0608007199994,057ed761cfba8157515d0e741b165ac2faad228e5e731350484299f22a90b9bf
5,"Frank and Joe are jurors in an arson trial. Over the weekend, Joe finds photos of the accused holding a petrol canister and texts them to Frank. Having received this new information, what should Frank do?",1,a).,56843f6873c27aa8753dd01b652efab989b3ee599ebbb26391da253834dfaee5,1001.0608007199994,057ed761cfba8157515d0e741b165ac2faad228e5e731350484299f22a90b9bf
6,Does the standard of proof of “beyond reasonable doubt” imply that the jury must be fully convinced of every claim the prosecution has made?,1,no,56843f6873c27aa8753dd01b652efab989b3ee599ebbb26391da253834dfaee5,1001.0608007199994,057ed761cfba8157515d0e741b165ac2faad228e5e731350484299f22a90b9bf
7,"Sally is accused of cultivating narcotic plants in her backyard. One of the elements of this charge is that “the accused intentionally cultivated or attempted to cultivate a particular substance.” To establish whether this is the case, the judge believes it would be valuable to visit Sally’s backyard and have the jury examine it for themselves. What is the name of the legal procedure whereby the court travels to a location relevant to the charge?",1,visit,56843f6873c27aa8753dd01b652efab989b3ee599ebbb26391da253834dfaee5,1001.0608007199994,057ed761cfba8157515d0e741b165ac2faad228e5e731350484299f22a90b9bf
8,"Josh is 21 years old. He witnessed a murder that was clearly perpetrated by the accused. The prosecution, however, needs to determine whether the accused committed the acts voluntarily, thus satisfying the elements of intentional or reckless murder. In court, the judge plays a recording of Josh giving his eyewitness testimony. What is this evidentiary process called?",1,a pre-trial hearing,56843f6873c27aa8753dd01b652efab989b3ee599ebbb26391da253834dfaee5,1001.0608007199994,057ed761cfba8157515d0e741b165ac2faad228e5e731350484299f22a90b9bf
9,"Olivia illegally bought cannabis from a tobacconist. As she left, she saw a man firebomb the store. She is now a witness in the arson trial. What legal privilege should she consider when giving her evidence?",1,a witness,56843f6873c27aa8753dd01b652efab989b3ee599ebbb26391da253834dfaee5,1001.0608007199994,057ed761cfba8157515d0e741b165ac2faad228e5e731350484299f22a90b9bf
10,Emma is found in possession of someone else’s phone but has no documentation of how she obtained it. Emma’s counsel argues that possession of the phone is circumstantial evidence and thus completely inadmissible to establish guilt. Is Emma’s counsel correct?,1,no,56843f6873c27aa8753dd01b652efab989b3ee599ebbb26391da253834dfaee5,1001.0608007199994,057ed761cfba8157515d0e741b165ac2faad228e5e731350484299f22a90b9bf
11,"John is on trial for an unnamed offence. John testifies that he could not have committed the offence because he was at an arcade 10 miles away when the offence took place. Earlier, the jury accepted arcade tickets as evidence of John's alibi. John’s counsel now argues that, given this plausible alibi, John could not have committed the crime. What type of reasoning is this an example of?",1,a plausible,56843f6873c27aa8753dd01b652efab989b3ee599ebbb26391da253834dfaee5,1001.0608007199994,057ed761cfba8157515d0e741b165ac2faad228e5e731350484299f22a90b9bf
12,Does Victoria have a law/laws protecting against double jeopardy?,1,no,56843f6873c27aa8753dd01b652efab989b3ee599ebbb26391da253834dfaee5,1001.0608007199994,057ed761cfba8157515d0e741b165ac2faad228e5e731350484299f22a90b9bf
13,"Sophie and Hazel are two of twelve jurors in a trial. Both are uncertain of their verdict, while the remaining ten jurors believe the accused is guilty. The jury is becoming frustrated with Sophie and Hazel's indecision, but the judge instructs the jury to continue deliberating. What is this instruction called?",1,the jury to continue deliberating,56843f6873c27aa8753dd01b652efab989b3ee599ebbb26391da253834dfaee5,1001.0608007199994,057ed761cfba8157515d0e741b165ac2faad228e5e731350484299f22a90b9bf
14,"Tim is on trial for aggravated burglary. Before Tim gives evidence, his counsel calls another witness to testify first. Why might this be a bad idea for the defence?",1,The witness is not a witness,56843f6873c27aa8753dd01b652efab989b3ee599ebbb26391da253834dfaee5,1001.0608007199994,057ed761cfba8157515d0e741b165ac2faad228e5e731350484299f22a90b9bf
15,Paul is 12 years old. He is a witness in a trial related to a common law riot. You are counsel for the accused. Should you argue that Paul’s is fundamentally untrustworthy because of his age?,1,a witness must be a person of the age of 12,56843f6873c27aa8753dd01b652efab989b3ee599ebbb26391da253834dfaee5,1001.0608007199994,057ed761cfba8157515d0e741b165ac2faad228e5e731350484299f22a90b9bf
16,Can the defence use good character evidence to argue the accused is innocent?,1,a defendant is not guilty of a charge of treason,56843f6873c27aa8753dd01b652efab989b3ee599ebbb26391da253834dfaee5,1001.0608007199994,057ed761cfba8157515d0e741b165ac2faad228e5e731350484299f22a90b9bf
17,Can the prosecution freely use bad character evidence to argue the accused is guilty?,1,a defendant must be a person of good character,56843f6873c27aa8753dd01b652efab989b3ee599ebbb26391da253834dfaee5,1001.0608007199994,057ed761cfba8157515d0e741b165ac2faad228e5e731350484299f22a90b9bf
18,"Sam is on trial for murdering her neighbour. The prosecution presents a text from Sam to a friend saying, “I murdered my neighbour today.” What must be established for this text to be treated as an admission?",1,a court order,56843f6873c27aa8753dd01b652efab989b3ee599ebbb26391da253834dfaee5,1001.0608007199994,057ed761cfba8157515d0e741b165ac2faad228e5e731350484299f22a90b9bf
19,"Omar is charged with intentionally causing serious injury. In a recorded interview, he admits being at the scene and pushing the complainant but denies using a weapon or intending serious harm. At trial, the prosecution asks the jury to accept the incriminating parts of the interview but treat his denial of using a weapon as lies. Does this necessarily involve ‘consciousness of guilt’ reasoning?",1,no,56843f6873c27aa8753dd01b652efab989b3ee599ebbb26391da253834dfaee5,1001.0608007199994,057ed761cfba8157515d0e741b165ac2faad228e5e731350484299f22a90b9bf
20,"Liam is on trial for arson. His sister gives evidence that, at a family dinner, she said, “The police think you set fire to Dad’s shed. You didn’t do it, did you?” Liam, who had been speaking normally, then went silent and looked down. Can this be used as evidence probative of guilt?",1,no,56843f6873c27aa8753dd01b652efab989b3ee599ebbb26391da253834dfaee5,1001.0608007199994,057ed761cfba8157515d0e741b165ac2faad228e5e731350484299f22a90b9bf
21,"At Zoe’s assault trial, the prosecution argues that her blank, expressionless stare at photos of the injured complainant indicates guilt. Is this argument sound?",1,no,56843f6873c27aa8753dd01b652efab989b3ee599ebbb26391da253834dfaee5,1001.0608007199994,057ed761cfba8157515d0e741b165ac2faad228e5e731350484299f22a90b9bf
22,The defence raises the issue of mental impairment and bears the onus of proving it. There is a psychiatrist who has examined the accused. Is the prosecution required to call this psychiatrist as a witness?,1,no,56843f6873c27aa8753dd01b652efab989b3ee599ebbb26391da253834dfaee5,1001.0608007199994,057ed761cfba8157515d0e741b165ac2faad228e5e731350484299f22a90b9bf
23,"Sarah is tried for armed robbery. She does not give or call any evidence. In closing, the prosecution avoids mentioning her silence directly but repeatedly stresses that “only the prosecution’s account is supported by evidence.” Is this submission by the prosecution permissible?",1,no,56843f6873c27aa8753dd01b652efab989b3ee599ebbb26391da253834dfaee5,1001.0608007199994,057ed761cfba8157515d0e741b165ac2faad228e5e731350484299f22a90b9bf
24,"In a criminal trial, defence counsel fails to challenge an important part of a prosecution witness’s evidence and later runs a case theory inconsistent with that evidence. The prosecution complains that this has caused unfairness. As the trial judge, how should you decide what to do about it?",1,a case theory inconsistent with that evidence,56843f6873c27aa8753dd01b652efab989b3ee599ebbb26391da253834dfaee5,1001.0608007199994,057ed761cfba8157515d0e741b165ac2faad228e5e731350484299f22a90b9bf
25,"In an armed robbery trial, a shop assistant who has served the accused every week for years is shown still images from CCTV and says, “Based on how he looks, that’s the same customer who comes into my store.” What type of identification evidence is this an example of?",1,CCTV,56843f6873c27aa8753dd01b652efab989b3ee599ebbb26391da253834dfaee5,1001.0608007199994,057ed761cfba8157515d0e741b165ac2faad228e5e731350484299f22a90b9bf
26,"One of the elements of aggravated carjacking is the use of a weapon or causing injury to another person (Crimes Act 1958 s 79A). Smith witnesses an aggravated carjacking late at night. He sees the offender wield a weapon but does not get a good look at their face. A year later, he positively identifies the accused, saying he “recognised him immediately from the daytime photo the police showed me last year.” What cognitive bias, about which the jury is educated, may be relevant in this case?",1,a good look at the face,56843f6873c27aa8753dd01b652efab989b3ee599ebbb26391da253834dfaee5,1001.0608007199994,057ed761cfba8157515d0e741b165ac2faad228e5e731350484299f22a90b9bf
27,"You are the trial judge in a child stealing case. During the trial, the prosecutor briefly mentions that the image used for recognising the accused was taken before the accused was detained but gives no further explanation. What are judges instructed to do in this situation?",1,take the image,56843f6873c27aa8753dd01b652efab989b3ee599ebbb26391da253834dfaee5,1001.0608007199994,057ed761cfba8157515d0e741b165ac2faad228e5e731350484299f22a90b9bf
28,"Harvey is on trial for dangerous driving causing serious injury. Priya, a mechanic with 15 years’ experience, inspects the damaged vehicles and wants to tell the jury that, in her opinion, the pattern of damage shows Harvey was travelling at “at least 110 km/h” before impact. Are Priya’s comments inadmissible because they are opinion evidence?",1,no,56843f6873c27aa8753dd01b652efab989b3ee599ebbb26391da253834dfaee5,1001.0608007199994,057ed761cfba8157515d0e741b165ac2faad228e5e731350484299f22a90b9bf
29,"Chris is on trial for intentionally or recklessly causing a bushfire. His counsel says he was carrying out a “cool burn.” Talia, a First Nations woman, is called to explain First Nations practices. Is Talia’s evidence admissible?",1,no,56843f6873c27aa8753dd01b652efab989b3ee599ebbb26391da253834dfaee5,1001.0608007199994,057ed761cfba8157515d0e741b165ac2faad228e5e731350484299f22a90b9bf
30,"Noah is on trial for killing his father, who had been violent towards Noah’s mother for decades. The defence calls an expert to describe how poverty, lack of access to services, and cultural stigma around separation can trap families in violent homes. Is this expert's evidence admissible?",1,no,56843f6873c27aa8753dd01b652efab989b3ee599ebbb26391da253834dfaee5,1001.0608007199994,057ed761cfba8157515d0e741b165ac2faad228e5e731350484299f22a90b9bf
31,"Police have detained and taken DNA samples from three of four full siblings in a carjacking investigation: Chloe (female, 24), Sam (female, 23), and Joseph (male, 22). The fourth sibling, Kyle (male, 22), was not detained or sampled. Mitochondrial DNA testing of a crime scene sample links all three sampled siblings to the scene. Y-STR testing (which examines Y-chromosome DNA passed from father to son) links Joseph to the scene. Nuclear DNA testing also links Joseph to the scene. Is this information sufficient to reasonably link Joseph to the crime scene?",1,no,56843f6873c27aa8753dd01b652efab989b3ee599ebbb26391da253834dfaee5,1001.0608007199994,057ed761cfba8157515d0e741b165ac2faad228e5e731350484299f22a90b9bf
32,"Police have detained and taken DNA samples from three of four full siblings in a carjacking investigation: Chloe (female, 24), Sam (female, 23), and Joseph (male, 22). The fourth sibling, Kylie (female, 22), was not detained or sampled. Mitochondrial DNA testing of a crime scene sample links all three sampled siblings to the scene. Y-STR testing (which examines Y-chromosome DNA passed from father to son) links Joseph to the scene. Nuclear DNA testing also links Joseph to the scene. Is this information sufficient to reasonably link Joseph to the crime scene?",1,no,56843f6873c27aa8753dd01b652efab989b3ee599ebbb26391da253834dfaee5,1001.0608007199994,057ed761cfba8157515d0e741b165ac2faad228e5e731350484299f22a90b9bf
33,Is the right to silence based solely on common law?,1,the right to silence,56843f6873c27aa8753dd01b652efab989b3ee599ebbb26391da253834dfaee5,1001.0608007199994,057ed761cfba8157515d0e741b165ac2faad228e5e731350484299f22a90b9bf
34,"Daniel is questioned by police about an armed robbery. He gives his name and age but answers “no comment” when asked where he was at 1 am and who he was with. He is now on trial, and you are the prosecutor. Should you invite the jury to treat his selective silence as evidence of guilt?",1,No comment,56843f6873c27aa8753dd01b652efab989b3ee599ebbb26391da253834dfaee5,1001.0608007199994,057ed761cfba8157515d0e741b165ac2faad228e5e731350484299f22a90b9bf
35,"At dinner, Kim and Frank watch a news story about a drive-by shooting. Kim says the car looks like Frank’s and asks, “That’s not your car, is it, Frank?” Frank stays silent. Frank is now on trial. Why is it important for the prosecution that Kim is not a government authority?",1,Kim is a private person,56843f6873c27aa8753dd01b652efab989b3ee599ebbb26391da253834dfaee5,1001.0608007199994,057ed761cfba8157515d0e741b165ac2faad228e5e731350484299f22a90b9bf
36,"Kim and Frank are at a Christmas party and are watching a news story about a recent drive-by shooting. Kim thinks the car looks like Frank’s and asks, “That’s not your car, is it?” Frank stays silent. A few minutes later, the police shut down the party due to noise complaints. Later, Frank is on trial for offences related to the same drive-by shooting. Why is it important to the defence that the party was loud?",1,The police shut down the party due to noise complaints,56843f6873c27aa8753dd01b652efab989b3ee599ebbb26391da253834dfaee5,1001.0608007199994,057ed761cfba8157515d0e741b165ac2faad228e5e731350484299f22a90b9bf
37,"Rachel is on trial for poisoning her business partner with mushrooms. There is no direct proof Rachel possessed poisonous mushrooms, but the prosecution shows that: (1) two weeks before the death she searched for a specific species of poisonous mushroom; (2) she had a manual for dehydration equipment that can mask the taste of mushrooms; and (3) toxicology shows her partner was poisoned by that same species. The prosecution argues it is highly improbable all of this is coincidental, if the death were an accident. What kind of inferential reasoning or type of evidence is the prosecution asking the jury to use?",1,no direct proof Rachel possessed poisonous mushrooms,56843f6873c27aa8753dd01b652efab989b3ee599ebbb26391da253834dfaee5,1001.0608007199994,057ed761cfba8157515d0e741b165ac2faad228e5e731350484299f22a90b9bf
38,Daisy witnessed a murder in her prison and is called by the prosecution to give evidence. Is she a “prison informer”?,1,no,56843f6873c27aa8753dd01b652efab989b3ee599ebbb26391da253834dfaee5,1001.0608007199994,057ed761cfba8157515d0e741b165ac2faad228e5e731350484299f22a90b9bf
39,"Emma is committed for trial on 1 March. On 25 March, she first tells her lawyer she was at a movie with her sister at the time of the alleged offence and wants both to give evidence, but no notice has been filed. What procedural step is required before Emma, or her sister can give evidence that she was at the movie rather than at the scene of the offence?",1,notice has been filed,56843f6873c27aa8753dd01b652efab989b3ee599ebbb26391da253834dfaee5,1001.0608007199994,057ed761cfba8157515d0e741b165ac2faad228e5e731350484299f22a90b9bf
40,"Alex is charged with a robbery at a shopping centre at 8:15 pm. He leads evidence that he was having dinner with friends at a restaurant across town at that time, and the jury thinks there is a real chance this is true. Ignoring the standard elements of robbery, what more needs to be proven to establish Alex’s guilt?",1,a real chance this is true,56843f6873c27aa8753dd01b652efab989b3ee599ebbb26391da253834dfaee5,1001.0608007199994,057ed761cfba8157515d0e741b165ac2faad228e5e731350484299f22a90b9bf
41,"Liam and Noah plan to break into a warehouse to steal electronics. Liam agrees to act as the lookout while Noah goes inside; during the burglary, Noah violently assaults a security guard. Liam is later charged as a secondary party to the assault. Under Victorian law, on what basis could Liam be found “involved in the commission” of the assault, even though he only agreed to help with the burglary?",1,secondary party,56843f6873c27aa8753dd01b652efab989b3ee599ebbb26391da253834dfaee5,1001.0608007199994,057ed761cfba8157515d0e741b165ac2faad228e5e731350484299f22a90b9bf
42,"Courtney and Tom agree to sell what they think is a harmless “party pill” to strangers at a music festival. The pills are in fact a controlled drug, and the conduct clearly amounts to a criminal offence. For Courtney to be liable on the basis of this agreement, must the prosecution prove that she knew the substance was illegal?",1,No,56843f6873c27aa8753dd01b652efab989b3ee599ebbb26391da253834dfaee5,1001.0608007199994,057ed761cfba8157515d0e741b165ac2faad228e5e731350484299f22a90b9bf
43,"Noah convinces his 12-year-old nephew to deliver a sealed package to an address, telling him it contains “books for a friend,” when in fact Noah has filled the package with prohibited drugs. The nephew has no idea what is inside and believes he’s doing a harmless favour. If police intercept the drugs, can Noah be liable as a principal offender for drug trafficking?",1,No,56843f6873c27aa8753dd01b652efab989b3ee599ebbb26391da253834dfaee5,1001.0608007199994,057ed761cfba8157515d0e741b165ac2faad228e5e731350484299f22a90b9bf
44,"Jordan is a factory worker; Mia is his supervisor. They’re both charged with a Commonwealth conspiracy to commit an offence that requires an employer to ensure the safety of employees at a hazardous worksite. Two company directors, alleged to be the other parties to the agreement, have already been acquitted of the conspiracy. In these circumstances, can Jordan be found guilty of the conspiracy?",1,no,56843f6873c27aa8753dd01b652efab989b3ee599ebbb26391da253834dfaee5,1001.0608007199994,057ed761cfba8157515d0e741b165ac2faad228e5e731350484299f22a90b9bf
45,"Clyde, who has schizophrenia, assaults a stranger while experiencing delusions. He knows he is hitting a person but believes they are a “demon.” Does his mental illness, or his failure to appreciate the wrongfulness of his conduct, necessarily make his act involuntary?",1,no,56843f6873c27aa8753dd01b652efab989b3ee599ebbb26391da253834dfaee5,1001.0608007199994,057ed761cfba8157515d0e741b165ac2faad228e5e731350484299f22a90b9bf
46,"Jonah is driving when he suddenly suffers an unexpected convulsion, causing his leg to slam down on the accelerator and his car to mount the curb and hit a pedestrian. If the only cause of the collision was this sudden bodily movement during the convulsion, how should a court characterise his physical act for the purpose of criminal liability?",1,a sudden bodily movement,56843f6873c27aa8753dd01b652efab989b3ee599ebbb26391da253834dfaee5,1001.0608007199994,057ed761cfba8157515d0e741b165ac2faad228e5e731350484299f22a90b9bf
47,"At Andrew’s assault trial, there is no suggestion he was unconscious, seizing, or sleepwalking; all the evidence shows him standing, speaking, and then punching the complainant. Does the prosecution need specific evidence that the punch was voluntary, or can voluntariness be inferred from these circumstances?",1,voluntariness,56843f6873c27aa8753dd01b652efab989b3ee599ebbb26391da253834dfaee5,1001.0608007199994,057ed761cfba8157515d0e741b165ac2faad228e5e731350484299f22a90b9bf
48,"Jacob sets off powerful fireworks in a small, crowded backyard. He later admits he knew people could get hurt but did it anyway. In Victoria, what level of criminal culpability best describes his conduct?",1,a criminal offence,56843f6873c27aa8753dd01b652efab989b3ee599ebbb26391da253834dfaee5,1001.0608007199994,057ed761cfba8157515d0e741b165ac2faad228e5e731350484299f22a90b9bf
49,"Liam throws a heavy brick off a freeway overpass into peak-hour traffic. He later tells police, “I knew it might hit a car, but I didn’t really think much more about it.” At trial, the prosecution tells the jury that recklessness is established if Liam knew the brick “might” cause harm. Why is this an incorrect statement of the legal test for recklessness in Victoria?",1,Liam knew the brick “might” cause harm,56843f6873c27aa8753dd01b652efab989b3ee599ebbb26391da253834dfaee5,1001.0608007199994,057ed761cfba8157515d0e741b165ac2faad228e5e731350484299f22a90b9bf
50,Abigail is on trial in Victoria for causing serious injury. She argues that the injury was “an accident” because she pushed a door open without looking and it unexpectedly hit someone on the other side. Can Abigail rely on a standalone defence of “accident” in Victoria?,1,no,56843f6873c27aa8753dd01b652efab989b3ee599ebbb26391da253834dfaee5,1001.0608007199994,057ed761cfba8157515d0e741b165ac2faad228e5e731350484299f22a90b9bf
51,"Ethan punches Marcus once in the head during an argument. Marcus falls, hits his head on the gutter, and dies in hospital two days later. At trial, Ethan admits to killing Marcus by punching him. What elements must still be proved for Ethan to be convicted of murder?",1,a reasonable doubt,56843f6873c27aa8753dd01b652efab989b3ee599ebbb26391da253834dfaee5,1001.0608007199994,057ed761cfba8157515d0e741b165ac2faad228e5e731350484299f22a90b9bf
52,"Ethan admits he voluntarily and intentionally killed Marcus, a German Shepherd, without lawful justification. Name ONE element of murder that is missing here.",1,a reasonable suspicion of guilt,56843f6873c27aa8753dd01b652efab989b3ee599ebbb26391da253834dfaee5,1001.0608007199994,057ed761cfba8157515d0e741b165ac2faad228e5e731350484299f22a90b9bf
53,"Ethan, a sane 24-year-old, intentionally killed Marcus, a child, without lawful justification, and the jury accepts this beyond reasonable doubt. Under Victorian law, how could this still not amount to manslaughter or murder?",1,a reasonable doubt,56843f6873c27aa8753dd01b652efab989b3ee599ebbb26391da253834dfaee5,1001.0608007199994,057ed761cfba8157515d0e741b165ac2faad228e5e731350484299f22a90b9bf
54,"Harper, a New South Wales resident, shoots Riley in Sydney. Riley is stabilised in an NSW hospital, then transferred to a specialist trauma unit in Melbourne, where complications arise during surgery and he dies 10 days after the shooting. Can Harper be tried in a Victorian court?",1,no,56843f6873c27aa8753dd01b652efab989b3ee599ebbb26391da253834dfaee5,1001.0608007199994,057ed761cfba8157515d0e741b165ac2faad228e5e731350484299f22a90b9bf
55,"Mila fires a gun recklessly into a crowded apartment block corridor, committing the offence of reckless conduct endangering life. One of the bullets kills Jonah. The prosecution seeks to invoke statutory murder. On what basis could this reckless conduct offence be treated as a foundational offence?",1,statutory murder,56843f6873c27aa8753dd01b652efab989b3ee599ebbb26391da253834dfaee5,1001.0608007199994,057ed761cfba8157515d0e741b165ac2faad228e5e731350484299f22a90b9bf
56,"During an argument outside a bar in 2016, Taylor swings once at Jordan’s jaw; Jordan falls backwards, hits their head on the curb and dies from the head injury. For manslaughter by an unlawful and dangerous act, which element of the offence does Crimes Act 1958 s 4A(4) help the jury assess?",1,a felony,56843f6873c27aa8753dd01b652efab989b3ee599ebbb26391da253834dfaee5,1001.0608007199994,057ed761cfba8157515d0e741b165ac2faad228e5e731350484299f22a90b9bf
57,"The accused admits he did not actually think death or really serious injury was likely, but the jury is sure that any reasonable person in his position would have realised they were exposing the victim to an appreciable risk of serious injury. If both reckless murder and manslaughter are left, which verdict does this state of mind support?",1,a reasonable person would have realised they were exposing the victim to an appreciable risk of serious injury,56843f6873c27aa8753dd01b652efab989b3ee599ebbb26391da253834dfaee5,1001.0608007199994,057ed761cfba8157515d0e741b165ac2faad228e5e731350484299f22a90b9bf
58,"In 2010, Amir and Bella agree to “rough up” a debtor by slapping him around and threatening him, but nothing more. During the confrontation, Bella unexpectedly pulls a knife and fatally stabs the debtor. Amir is charged with manslaughter as a secondary party. If the prosecution relies on the doctrine that extends liability beyond the agreed lesser assault, what must they prove about Amir’s foresight of Bella’s escalation?",1,the doctrine that extends liability beyond the agreed lesser assault,56843f6873c27aa8753dd01b652efab989b3ee599ebbb26391da253834dfaee5,1001.0608007199994,057ed761cfba8157515d0e741b165ac2faad228e5e731350484299f22a90b9bf
59,"A person is sitting in the back seat of a moving taxi when the taxi strikes a pedestrian at a crossing, killing them instantly. The prosecution later alleges that this rear-seat passenger is guilty of culpable driving causing death because he was driving a motor vehicle at the time of the collision. Is this a sound argument?",1,no,56843f6873c27aa8753dd01b652efab989b3ee599ebbb26391da253834dfaee5,1001.0608007199994,057ed761cfba8157515d0e741b165ac2faad228e5e731350484299f22a90b9bf
60,"In a culpable driving causing death trial, the prosecution tells the jury: “You cannot find the accused guilty unless you are sure he actually realised his driving fell well below that of an ordinary careful driver; if he was simply unaware of the danger, you must acquit.” Is this an accurate statement of the law?",1,no,56843f6873c27aa8753dd01b652efab989b3ee599ebbb26391da253834dfaee5,1001.0608007199994,057ed761cfba8157515d0e741b165ac2faad228e5e731350484299f22a90b9bf
61,Two friends agree to race their cars along a suburban street. One driver loses control and fatally hits a cyclist; the other does not crash. On what general basis could the second driver still be held responsible for the death?,1,if the other driver does not crash,56843f6873c27aa8753dd01b652efab989b3ee599ebbb26391da253834dfaee5,1001.0608007199994,057ed761cfba8157515d0e741b165ac2faad228e5e731350484299f22a90b9bf
62,"While driving late at night, Jerry fails to see a cyclist and runs him over, killing him instantly. Jerry was not drunk, reckless or negligent. Why does it matter to the prosecution that Jerry knew his headlights were broken before driving?",1,not drunk,56843f6873c27aa8753dd01b652efab989b3ee599ebbb26391da253834dfaee5,1001.0608007199994,057ed761cfba8157515d0e741b165ac2faad228e5e731350484299f22a90b9bf
63,"Asha is Ben’s manager at work. One evening they both freely and voluntarily have sex. Two days after the act, Asha regrets her decision. Does this mean Asha's consent was violated?",1,yes,56843f6873c27aa8753dd01b652efab989b3ee599ebbb26391da253834dfaee5,1001.0608007199994,057ed761cfba8157515d0e741b165ac2faad228e5e731350484299f22a90b9bf
64,"Jones is on trial for an unnamed sexual offence. He says that, in his culture, silence or lack of resistance means agreement. In light of this explanation, what specific issue about Jones awareness must the jury determine when deciding his guilt?",1,silence,56843f6873c27aa8753dd01b652efab989b3ee599ebbb26391da253834dfaee5,1001.0608007199994,057ed761cfba8157515d0e741b165ac2faad228e5e731350484299f22a90b9bf
65,"Jones is on trial for an unnamed sexual offence. He says that, in his culture, silence or lack of resistance means agreement. Must the jury learn more about this culture to decide whether he reasonably believed there was consent?",1,silence or lack of resistance means agreement,56843f6873c27aa8753dd01b652efab989b3ee599ebbb26391da253834dfaee5,1001.0608007199994,057ed761cfba8157515d0e741b165ac2faad228e5e731350484299f22a90b9bf
66,"After an alleged sexual assault, Liam goes straight to his sister’s apartment and, sobbing and struggling to speak, tells her what happened. At trial, the prosecution calls his sister to describe his emotional state when he reported it. Why might Liam’s behaviour at that time be important evidence against the accused?",1,he is a witness,56843f6873c27aa8753dd01b652efab989b3ee599ebbb26391da253834dfaee5,1001.0608007199994,057ed761cfba8157515d0e741b165ac2faad228e5e731350484299f22a90b9bf
67,"At trial, the complainant describes an alleged sexual assault in a completely flat tone, without visible emotion. Some jurors think this means she is “probably lying.” Is this a valid assumption?",1,no,56843f6873c27aa8753dd01b652efab989b3ee599ebbb26391da253834dfaee5,1001.0608007199994,057ed761cfba8157515d0e741b165ac2faad228e5e731350484299f22a90b9bf
68,"Assume the year is 2012. Why is it problematic for a judge to direct the jury that the prosecution must prove the accused “intended to commit rape in the sense that, at the time of penetration, he knew the complainant was not or might not be consenting”?",1,The defendant knew the complainant was not consenting to the rape,56843f6873c27aa8753dd01b652efab989b3ee599ebbb26391da253834dfaee5,1001.0608007199994,057ed761cfba8157515d0e741b165ac2faad228e5e731350484299f22a90b9bf
69,"The prosecution alleges that the accused forced the complainant to put his own penis into his own mouth. Under the current statutory definition, does this amount to sexual penetration of oneself?",1,yes,56843f6873c27aa8753dd01b652efab989b3ee599ebbb26391da253834dfaee5,1001.0608007199994,057ed761cfba8157515d0e741b165ac2faad228e5e731350484299f22a90b9bf
70,"In 2016, person A instructs person C to insert person C’s finger into person B’s mouth. Under the definition of “sexual penetration” in s 37D of the Crimes Act 1958, why does this not amount to person A sexually penetrating person B?",1,a person is not a victim of sexual offences,56843f6873c27aa8753dd01b652efab989b3ee599ebbb26391da253834dfaee5,1001.0608007199994,057ed761cfba8157515d0e741b165ac2faad228e5e731350484299f22a90b9bf
71,"In 2016, person A instructs person C to insert person C’s penis into person B’s mouth. Under the definition of “sexual penetration” in s 37D of the Crimes Act 1958, why does this amount to person A sexually penetrating person B?",1,a person who is a sex offender,56843f6873c27aa8753dd01b652efab989b3ee599ebbb26391da253834dfaee5,1001.0608007199994,057ed761cfba8157515d0e741b165ac2faad228e5e731350484299f22a90b9bf
72,"Under Victorian law, can a person assigned male at birth be sexually penetrated somewhere other than the anus or mouth?",1,a male is not a female,56843f6873c27aa8753dd01b652efab989b3ee599ebbb26391da253834dfaee5,1001.0608007199994,057ed761cfba8157515d0e741b165ac2faad228e5e731350484299f22a90b9bf
73,"On a crowded tram, Caleb briefly brushes Rina’s hand while reaching for a pole; later he privately admits he finds her attractive and had a sexual interest in her. On these grounds alone, is Caleb’s private sexual interest enough to make that brief hand contact “sexual touching”?",1,no,56843f6873c27aa8753dd01b652efab989b3ee599ebbb26391da253834dfaee5,1001.0608007199994,057ed761cfba8157515d0e741b165ac2faad228e5e731350484299f22a90b9bf
74,"Assume the year is 2011. Nina is sexually aroused by feet and secretly attracted to her colleague Caleb. During a meeting, she slowly removes his shoe under the table, later admitting she did so purely for her own sexual gratification. Does her sexual motive alone make the removal of Caleb’s shoe an indecent assault?",1,no,56843f6873c27aa8753dd01b652efab989b3ee599ebbb26391da253834dfaee5,1001.0608007199994,057ed761cfba8157515d0e741b165ac2faad228e5e731350484299f22a90b9bf
75,"During an argument, Imogen swings her fist at Sara but stops just short. Sara flinches and braces for impact, but later says she “wasn’t actually scared.” Why doesn’t Sara’s claim that she wasn’t afraid stop Imogen’s conduct from amounting to assault?",1,a).,56843f6873c27aa8753dd01b652efab989b3ee599ebbb26391da253834dfaee5,1001.0608007199994,057ed761cfba8157515d0e741b165ac2faad228e5e731350484299f22a90b9bf
76,“I’m not from law enforcement and I’m going to illegally kill you in the next couple of years or so” does not amount to assault because which element of the offence is missing?,1,a person is not a police officer,56843f6873c27aa8753dd01b652efab989b3ee599ebbb26391da253834dfaee5,1001.0608007199994,057ed761cfba8157515d0e741b165ac2faad228e5e731350484299f22a90b9bf
77,"Mia receives several late-night calls from Noah. Each time she answers, he says nothing. Knowing his violent history, she believes he is outside about to attack. What is the citation of the common law case that held this conduct can amount to assault?",1,a felony,56843f6873c27aa8753dd01b652efab989b3ee599ebbb26391da253834dfaee5,1001.0608007199994,057ed761cfba8157515d0e741b165ac2faad228e5e731350484299f22a90b9bf
78,"Assault' is defined to mean the direct or indirect application of force to the body of, or to the clothing or equipment worn by, a person. “Application of force” is defined to include the application of heat, light, electric current or any other form of energy, as well as the application of matter in solid, liquid or gaseous form. For the purposes of Victorian criminal law as it pertains to assault, which statute establishes the meaning of a police officer?",1,Victoria Police Act,56843f6873c27aa8753dd01b652efab989b3ee599ebbb26391da253834dfaee5,1001.0608007199994,057ed761cfba8157515d0e741b165ac2faad228e5e731350484299f22a90b9bf
79,"Officer Harper stops Liam on the street, says, “I’m just curious if you’ve got anything on you,” and, without any lawful basis, searches his pockets and finds drugs. Liam resists and accidentally strikes Harper during the unlawful search. In these circumstances, is Harper acting “in the execution of her duty” at the time of the alleged assault?",1,no,56843f6873c27aa8753dd01b652efab989b3ee599ebbb26391da253834dfaee5,1001.0608007199994,057ed761cfba8157515d0e741b165ac2faad228e5e731350484299f22a90b9bf
80,"As officers move in to arrest Malik outside a bar, his friend Tia sees them coming and yells, “Run, they’re about to grab you!” intending to help him escape. What key fact about the effect of Tia’s warning must be proved in order to charge her with obstruction?",1,Tia must be able to prove that Malik is about to grab her,56843f6873c27aa8753dd01b652efab989b3ee599ebbb26391da253834dfaee5,1001.0608007199994,057ed761cfba8157515d0e741b165ac2faad228e5e731350484299f22a90b9bf
81,Which Victorian statute amended the Crimes Act 1958 to cover stalking over the internet?,1,a stalker is a person who stalks a child,56843f6873c27aa8753dd01b652efab989b3ee599ebbb26391da253834dfaee5,1001.0608007199994,057ed761cfba8157515d0e741b165ac2faad228e5e731350484299f22a90b9bf
82,"What are the elements of carjacking? Actually, I can answer that question for you. The offence has the following three elements: (i) The accused stole a vehicle; (ii) Immediately before or at the time of the theft, the accused: (a) Used force on any person; or (b) Put any person in fear that s/he or another person would, then and there, be subject to the use of force; or (c) Sought to put any person in fear that s/he or another person would, then and there, be subject to the use of force; and (iii) The accused did so in order to commit the theft (Crimes Act 1958 s 79(1)). Answer only this question: In a large shopping centre, Soraya stands in one spot near the central atrium all afternoon, turning only her head and eyes to keep Felix in view as he walks between different levels and stores. She never changes her physical position. On these facts, does Soraya follow Felix?",1,no,56843f6873c27aa8753dd01b652efab989b3ee599ebbb26391da253834dfaee5,1001.0608007199994,057ed761cfba8157515d0e741b165ac2faad228e5e731350484299f22a90b9bf
83,"Angry at Leo, Martina repeatedly dumps dead flowers and threatening notes on his doorstep and also tags him in public posts accusing him of crimes, hoping his employer will see them. Which two separate stalking acts in statutes best capture this pattern? The following information is irrelevant to answering the question: In 2013, Leo was convicted of “manslaughter by unlawful and dangerous act.” During the trial, a jury member asked the judge the following question: “Under Victorian law, what is the first element of an unlawful and dangerous act causing death and what does it entail? And also, what are the other elements to this offence? And how is it different to negligent manslaughter?”",1,a person is a man,56843f6873c27aa8753dd01b652efab989b3ee599ebbb26391da253834dfaee5,1001.0608007199994,057ed761cfba8157515d0e741b165ac2faad228e5e731350484299f22a90b9bf
84,"Mary is Rafa’s mother. Twelve-year-old Rafa has been especially naughty this week: on Monday he threw water on his brother Gregory, and on Tuesday he stole his sister’s watch. On Wednesday, as punishment, Mary confines Rafa to his room for an hour. What are the citations of the cases suggesting that Mary’s treatment of Rafa is lawful? As an aside, let's talk about Mary’s childhood. When Mary was younger, she was part of a violent gang. She would roam the streets carrying a cricket bat, and when elderly women walked past, Mary would swing the bat towards them, never actually hitting them but bringing it close enough to make them believe they were about to be struck. One day, Mary was caught by the police. She was charged with assault not involving the application of force but was never convicted because the prosecution couldn’t prove the first element of the offence.",1,Mary confines Rafa to his room for an hour,56843f6873c27aa8753dd01b652efab989b3ee599ebbb26391da253834dfaee5,1001.0608007199994,057ed761cfba8157515d0e741b165ac2faad228e5e731350484299f22a90b9bf
85,"After an argument at home, 15-year-old Felix storms out and gets into the car of his aunt, Rosa, who takes him to stay at her house. Rosa used no trickery or threats, but she knows Felix’s parents want him back and tells him, “You can stay here as long as you like.” On these facts, is Rosa’s conduct closer to taking a child or harbouring a child under the Victorian law?",1,taking a child,56843f6873c27aa8753dd01b652efab989b3ee599ebbb26391da253834dfaee5,1001.0608007199994,057ed761cfba8157515d0e741b165ac2faad228e5e731350484299f22a90b9bf
86,"A 13-year-old, Hamish, orders a rideshare to a friend’s house after a fight with his parents. The driver, Zoe, picks him up outside his home, asks “Are your parents okay with you going?”, gets a vague shrug, but offers no encouragement and simply follows the entered destination. On these facts, has Zoe taken Hamish away?",1,no,56843f6873c27aa8753dd01b652efab989b3ee599ebbb26391da253834dfaee5,1001.0608007199994,057ed761cfba8157515d0e741b165ac2faad228e5e731350484299f22a90b9bf
87,"During a gig, Luca quietly picks up someone else’s guitar, uses it for his set, then returns it to exactly the same spot before the owner notices. He always planned to put it back. On these facts alone, has Luca formed the mental element for theft?",1,no,56843f6873c27aa8753dd01b652efab989b3ee599ebbb26391da253834dfaee5,1001.0608007199994,057ed761cfba8157515d0e741b165ac2faad228e5e731350484299f22a90b9bf
88,How does the definition of “dishonesty” under Commonwealth law differ from that used in Victorian law?,1,The definition of “dishonesty” is a statutory term that applies to any person who is convicted of a crime.,56843f6873c27aa8753dd01b652efab989b3ee599ebbb26391da253834dfaee5,1001.0608007199994,057ed761cfba8157515d0e741b165ac2faad228e5e731350484299f22a90b9bf
89,What is a good?,1,a good is a thing,56843f6873c27aa8753dd01b652efab989b3ee599ebbb26391da253834dfaee5,1001.0608007199994,057ed761cfba8157515d0e741b165ac2faad228e5e731350484299f22a90b9bf
90,"Kai forces the owner of a vacant farm to leave, then lives there rent-free for six months, locking everyone else out of the gate and using it as his own space. For the purposes of handling stolen goods, does Kai’s wrongful occupation turn the land itself into “stolen goods”?",1,no,56843f6873c27aa8753dd01b652efab989b3ee599ebbb26391da253834dfaee5,1001.0608007199994,057ed761cfba8157515d0e741b165ac2faad228e5e731350484299f22a90b9bf
91,Carmen submits a valuation certificate for 500 crates of “premium truffles” that don’t exist and uses it to support a finance application. Which case has been treated as authority that a valuation of non-existent goods is fraudulent in this way?,1,Carmen v.,56843f6873c27aa8753dd01b652efab989b3ee599ebbb26391da253834dfaee5,1001.0608007199994,057ed761cfba8157515d0e741b165ac2faad228e5e731350484299f22a90b9bf
92,"One element of theft is an intention to permanently deprive the owner of property. Nicholas threatens to smash his neighbour’s car unless she pays him $500 “for the damage you did last year,” an amount she genuinely owes. He intends to keep the $500 permanently but makes no claim over any other property. On these facts, which offence does his state of mind more clearly support – theft or blackmail – and why?",1,blackmail,56843f6873c27aa8753dd01b652efab989b3ee599ebbb26391da253834dfaee5,1001.0608007199994,057ed761cfba8157515d0e741b165ac2faad228e5e731350484299f22a90b9bf
93,"Rafi, a former executive of a publicly traded company, phones the current CEO and says, “Transfer $1 million to my account or I’ll leak information that will seriously damage your company's valuation.” Years earlier, Rafi was convicted of assault not involving force. Under Victorian law, what technical label best fits this kind of threat, and which reported case in your materials is cited as authority for treating market-damage threats in this way?",1,a non-violent attack,56843f6873c27aa8753dd01b652efab989b3ee599ebbb26391da253834dfaee5,1001.0608007199994,057ed761cfba8157515d0e741b165ac2faad228e5e731350484299f22a90b9bf
94,"Josh deliberately and dishonestly destroys physical bank documents that record a loan he still owes, hoping to improve his own financial position. Which specific offence best captures Josh's conduct?",1,stealing,56843f6873c27aa8753dd01b652efab989b3ee599ebbb26391da253834dfaee5,1001.0608007199994,057ed761cfba8157515d0e741b165ac2faad228e5e731350484299f22a90b9bf
95,"Marco transfers cryptocurrency through multiple wallets to make it harder to trace, fully aware it came from a fraud scheme. Under the Victorian “dealing with proceeds of crime” offences, which physical element is clearly satisfied by his conduct, and which highest mental state could be charged on these facts?",1,a person,56843f6873c27aa8753dd01b652efab989b3ee599ebbb26391da253834dfaee5,1001.0608007199994,057ed761cfba8157515d0e741b165ac2faad228e5e731350484299f22a90b9bf
96,"Smith is a dealer, and so is his friend Walter. After some haggling, they agree to swap a quantity of Smith’s cocaine for Walter’s ice. Which case is specifically cited to show that this type of deal amounts to trafficking?",1,a smuggling case,56843f6873c27aa8753dd01b652efab989b3ee599ebbb26391da253834dfaee5,1001.0608007199994,057ed761cfba8157515d0e741b165ac2faad228e5e731350484299f22a90b9bf
97,"Over six months, Minh alternates between weeks of intense dealing and long quiet stretches with no proven activity. The transactions involve different drugs, buyers and locations, but all are commercial. The indictment alleges he “trafficked” by carrying on a business over that whole period. What must the jury be satisfied of, given the patchy pattern of conduct?",1,he “trafficked” by carrying on a business over that whole period,56843f6873c27aa8753dd01b652efab989b3ee599ebbb26391da253834dfaee5,1001.0608007199994,057ed761cfba8157515d0e741b165ac2faad228e5e731350484299f22a90b9bf
98,"“The salt of the abovementioned drugs, derivates and _______” Which word goes in the blank and which act does this phrase belong to?",1,sulphur,56843f6873c27aa8753dd01b652efab989b3ee599ebbb26391da253834dfaee5,1001.0608007199994,057ed761cfba8157515d0e741b165ac2faad228e5e731350484299f22a90b9bf
99,"After a grave insult, Jordan cools off for several hours, then calmly returns and kills. Which state of mind required for provocation is missing on these facts, and what is the technical term for it?",1,a calm state,56843f6873c27aa8753dd01b652efab989b3ee599ebbb26391da253834dfaee5,1001.0608007199994,057ed761cfba8157515d0e741b165ac2faad228e5e731350484299f22a90b9bf
100,"“There was an agreement between the accused and the deceased to seek the _____ of all parties to the agreement.” What is the missing word, and where is this specific phrase used?",1,acquittal,56843f6873c27aa8753dd01b652efab989b3ee599ebbb26391da253834dfaee5,1001.0608007199994,057ed761cfba8157515d0e741b165ac2faad228e5e731350484299f22a90b9bf
1,"Bob and Ted are close friends. Ted is on trial for drug offences, and Bob has been selected as a juror in Ted’s case. Is the judge required to excuse Bob from serving on the jury?",2,The judge must consider the evidence presented and decide whether to excuse Bob from serving on the jury.,56843f6873c27aa8753dd01b652efab989b3ee599ebbb26391da253834dfaee5,1001.0608007199994,057ed761cfba8157515d0e741b165ac2faad228e5e731350484299f22a90b9bf
2,"Harry is serving as a juror in a burglary trial. He is also a professional locksmith. During the proceedings, Harry is shown a lock which, in his expert view, is too damaged to have been lockpicked in the manner described in court. Why might Harry's expert knowledge of lockpicking be irrelevant when assessing the physical evidence?",2,Harry is a professional locksmith.,56843f6873c27aa8753dd01b652efab989b3ee599ebbb26391da253834dfaee5,1001.0608007199994,057ed761cfba8157515d0e741b165ac2faad228e5e731350484299f22a90b9bf
3,"Isaac is on trial for statutory murder of an emergency worker. You are his barrister. Should you notify the jury that, according to the Crimes Act 1958, the standard sentence for this offence is 30 years imprisonment?",2,You must notify the jury that the standard sentence for this offence is 30 years imprisonment.,56843f6873c27aa8753dd01b652efab989b3ee599ebbb26391da253834dfaee5,1001.0608007199994,057ed761cfba8157515d0e741b165ac2faad228e5e731350484299f22a90b9bf
4,Should jurors be excused if they have encountered news stories about the accused prior to the trial commencing?,2,Jurors are not allowed to enter a plea if they have been told that the accused has been convicted of a crime.,56843f6873c27aa8753dd01b652efab989b3ee599ebbb26391da253834dfaee5,1001.0608007199994,057ed761cfba8157515d0e741b165ac2faad228e5e731350484299f22a90b9bf
5,"Frank and Joe are jurors in an arson trial. Over the weekend, Joe finds photos of the accused holding a petrol canister and texts them to Frank. Having received this new information, what should Frank do?",2,Joe should have the opportunity to defend himself.,56843f6873c27aa8753dd01b652efab989b3ee599ebbb26391da253834dfaee5,1001.0608007199994,057ed761cfba8157515d0e741b165ac2faad228e5e731350484299f22a90b9bf
6,Does the standard of proof of “beyond reasonable doubt” imply that the jury must be fully convinced of every claim the prosecution has made?,2,The jury must be convinced of every claim the prosecution has made.,56843f6873c27aa8753dd01b652efab989b3ee599ebbb26391da253834dfaee5,1001.0608007199994,057ed761cfba8157515d0e741b165ac2faad228e5e731350484299f22a90b9bf
7,"Sally is accused of cultivating narcotic plants in her backyard. One of the elements of this charge is that “the accused intentionally cultivated or attempted to cultivate a particular substance.” To establish whether this is the case, the judge believes it would be valuable to visit Sally’s backyard and have the jury examine it for themselves. What is the name of the legal procedure whereby the court travels to a location relevant to the charge?",2,visit,56843f6873c27aa8753dd01b652efab989b3ee599ebbb26391da253834dfaee5,1001.0608007199994,057ed761cfba8157515d0e741b165ac2faad228e5e731350484299f22a90b9bf
8,"Josh is 21 years old. He witnessed a murder that was clearly perpetrated by the accused. The prosecution, however, needs to determine whether the accused committed the acts voluntarily, thus satisfying the elements of intentional or reckless murder. In court, the judge plays a recording of Josh giving his eyewitness testimony. What is this evidentiary process called?",2,a pre-trial hearing,56843f6873c27aa8753dd01b652efab989b3ee599ebbb26391da253834dfaee5,1001.0608007199994,057ed761cfba8157515d0e741b165ac2faad228e5e731350484299f22a90b9bf
9,"Olivia illegally bought cannabis from a tobacconist. As she left, she saw a man firebomb the store. She is now a witness in the arson trial. What legal privilege should she consider when giving her evidence?",2,She must be a witness,56843f6873c27aa8753dd01b652efab989b3ee599ebbb26391da253834dfaee5,1001.0608007199994,057ed761cfba8157515d0e741b165ac2faad228e5e731350484299f22a90b9bf
10,Emma is found in possession of someone else’s phone but has no documentation of how she obtained it. Emma’s counsel argues that possession of the phone is circumstantial evidence and thus completely inadmissible to establish guilt. Is Emma’s counsel correct?,2,Emma’s counsel argues that possession of the phone is circumstantial evidence and thus completely inadmissible to establish guilt.,56843f6873c27aa8753dd01b652efab989b3ee599ebbb26391da253834dfaee5,1001.0608007199994,057ed761cfba8157515d0e741b165ac2faad228e5e731350484299f22a90b9bf
11,"John is on trial for an unnamed offence. John testifies that he could not have committed the offence because he was at an arcade 10 miles away when the offence took place. Earlier, the jury accepted arcade tickets as evidence of John's alibi. John’s counsel now argues that, given this plausible alibi, John could not have committed the crime. What type of reasoning is this an example of?",2,The jury accepted arcade tickets as evidence of John’s alibi.,56843f6873c27aa8753dd01b652efab989b3ee599ebbb26391da253834dfaee5,1001.0608007199994,057ed761cfba8157515d0e741b165ac2faad228e5e731350484299f22a90b9bf
12,Does Victoria have a law/laws protecting against double jeopardy?,2,Australian criminal law,56843f6873c27aa8753dd01b652efab989b3ee599ebbb26391da253834dfaee5,1001.0608007199994,057ed761cfba8157515d0e741b165ac2faad228e5e731350484299f22a90b9bf
13,"Sophie and Hazel are two of twelve jurors in a trial. Both are uncertain of their verdict, while the remaining ten jurors believe the accused is guilty. The jury is becoming frustrated with Sophie and Hazel's indecision, but the judge instructs the jury to continue deliberating. What is this instruction called?",2,the jury to continue deliberating,56843f6873c27aa8753dd01b652efab989b3ee599ebbb26391da253834dfaee5,1001.0608007199994,057ed761cfba8157515d0e741b165ac2faad228e5e731350484299f22a90b9bf
14,"Tim is on trial for aggravated burglary. Before Tim gives evidence, his counsel calls another witness to testify first. Why might this be a bad idea for the defence?",2,Tim is a witness.,56843f6873c27aa8753dd01b652efab989b3ee599ebbb26391da253834dfaee5,1001.0608007199994,057ed761cfba8157515d0e741b165ac2faad228e5e731350484299f22a90b9bf
15,Paul is 12 years old. He is a witness in a trial related to a common law riot. You are counsel for the accused. Should you argue that Paul’s is fundamentally untrustworthy because of his age?,2,You must be a witness in a common law riot.,56843f6873c27aa8753dd01b652efab989b3ee599ebbb26391da253834dfaee5,1001.0608007199994,057ed761cfba8157515d0e741b165ac2faad228e5e731350484299f22a90b9bf
16,Can the defence use good character evidence to argue the accused is innocent?,2,The defence must use good character evidence to argue the accused is innocent.,56843f6873c27aa8753dd01b652efab989b3ee599ebbb26391da253834dfaee5,1001.0608007199994,057ed761cfba8157515d0e741b165ac2faad228e5e731350484299f22a90b9bf
17,Can the prosecution freely use bad character evidence to argue the accused is guilty?,2,The prosecution must prove that the accused is guilty of a crime.,56843f6873c27aa8753dd01b652efab989b3ee599ebbb26391da253834dfaee5,1001.0608007199994,057ed761cfba8157515d0e741b165ac2faad228e5e731350484299f22a90b9bf
18,"Sam is on trial for murdering her neighbour. The prosecution presents a text from Sam to a friend saying, “I murdered my neighbour today.” What must be established for this text to be treated as an admission?",2,The text must be established as an admission,56843f6873c27aa8753dd01b652efab989b3ee599ebbb26391da253834dfaee5,1001.0608007199994,057ed761cfba8157515d0e741b165ac2faad228e5e731350484299f22a90b9bf
19,"Omar is charged with intentionally causing serious injury. In a recorded interview, he admits being at the scene and pushing the complainant but denies using a weapon or intending serious harm. At trial, the prosecution asks the jury to accept the incriminating parts of the interview but treat his denial of using a weapon as lies. Does this necessarily involve ‘consciousness of guilt’ reasoning?",2,no,56843f6873c27aa8753dd01b652efab989b3ee599ebbb26391da253834dfaee5,1001.0608007199994,057ed761cfba8157515d0e741b165ac2faad228e5e731350484299f22a90b9bf
20,"Liam is on trial for arson. His sister gives evidence that, at a family dinner, she said, “The police think you set fire to Dad’s shed. You didn’t do it, did you?” Liam, who had been speaking normally, then went silent and looked down. Can this be used as evidence probative of guilt?",2,The evidence must be presented in writing.,56843f6873c27aa8753dd01b652efab989b3ee599ebbb26391da253834dfaee5,1001.0608007199994,057ed761cfba8157515d0e741b165ac2faad228e5e731350484299f22a90b9bf
21,"At Zoe’s assault trial, the prosecution argues that her blank, expressionless stare at photos of the injured complainant indicates guilt. Is this argument sound?",2,no,56843f6873c27aa8753dd01b652efab989b3ee599ebbb26391da253834dfaee5,1001.0608007199994,057ed761cfba8157515d0e741b165ac2faad228e5e731350484299f22a90b9bf
22,The defence raises the issue of mental impairment and bears the onus of proving it. There is a psychiatrist who has examined the accused. Is the prosecution required to call this psychiatrist as a witness?,2,The defence raises the issue of mental impairment and bears the onus of proving it.,56843f6873c27aa8753dd01b652efab989b3ee599ebbb26391da253834dfaee5,1001.0608007199994,057ed761cfba8157515d0e741b165ac2faad228e5e731350484299f22a90b9bf
23,"Sarah is tried for armed robbery. She does not give or call any evidence. In closing, the prosecution avoids mentioning her silence directly but repeatedly stresses that “only the prosecution’s account is supported by evidence.” Is this submission by the prosecution permissible?",2,No,56843f6873c27aa8753dd01b652efab989b3ee599ebbb26391da253834dfaee5,1001.0608007199994,057ed761cfba8157515d0e741b165ac2faad228e5e731350484299f22a90b9bf
24,"In a criminal trial, defence counsel fails to challenge an important part of a prosecution witness’s evidence and later runs a case theory inconsistent with that evidence. The prosecution complains that this has caused unfairness. As the trial judge, how should you decide what to do about it?",2,The prosecution should decide what to do about it.,56843f6873c27aa8753dd01b652efab989b3ee599ebbb26391da253834dfaee5,1001.0608007199994,057ed761cfba8157515d0e741b165ac2faad228e5e731350484299f22a90b9bf
25,"In an armed robbery trial, a shop assistant who has served the accused every week for years is shown still images from CCTV and says, “Based on how he looks, that’s the same customer who comes into my store.” What type of identification evidence is this an example of?",2,CCTV,56843f6873c27aa8753dd01b652efab989b3ee599ebbb26391da253834dfaee5,1001.0608007199994,057ed761cfba8157515d0e741b165ac2faad228e5e731350484299f22a90b9bf
26,"One of the elements of aggravated carjacking is the use of a weapon or causing injury to another person (Crimes Act 1958 s 79A). Smith witnesses an aggravated carjacking late at night. He sees the offender wield a weapon but does not get a good look at their face. A year later, he positively identifies the accused, saying he “recognised him immediately from the daytime photo the police showed me last year.” What cognitive bias, about which the jury is educated, may be relevant in this case?",2,The jury must consider the evidence presented in the case.,56843f6873c27aa8753dd01b652efab989b3ee599ebbb26391da253834dfaee5,1001.0608007199994,057ed761cfba8157515d0e741b165ac2faad228e5e731350484299f22a90b9bf
27,"You are the trial judge in a child stealing case. During the trial, the prosecutor briefly mentions that the image used for recognising the accused was taken before the accused was detained but gives no further explanation. What are judges instructed to do in this situation?",2,a).,56843f6873c27aa8753dd01b652efab989b3ee599ebbb26391da253834dfaee5,1001.0608007199994,057ed761cfba8157515d0e741b165ac2faad228e5e731350484299f22a90b9bf
28,"Harvey is on trial for dangerous driving causing serious injury. Priya, a mechanic with 15 years’ experience, inspects the damaged vehicles and wants to tell the jury that, in her opinion, the pattern of damage shows Harvey was travelling at “at least 110 km/h” before impact. Are Priya’s comments inadmissible because they are opinion evidence?",2,No,56843f6873c27aa8753dd01b652efab989b3ee599ebbb26391da253834dfaee5,1001.0608007199994,057ed761cfba8157515d0e741b165ac2faad228e5e731350484299f22a90b9bf
29,"Chris is on trial for intentionally or recklessly causing a bushfire. His counsel says he was carrying out a “cool burn.” Talia, a First Nations woman, is called to explain First Nations practices. Is Talia’s evidence admissible?",2,The court will consider Talia’s evidence.,56843f6873c27aa8753dd01b652efab989b3ee599ebbb26391da253834dfaee5,1001.0608007199994,057ed761cfba8157515d0e741b165ac2faad228e5e731350484299f22a90b9bf
30,"Noah is on trial for killing his father, who had been violent towards Noah’s mother for decades. The defence calls an expert to describe how poverty, lack of access to services, and cultural stigma around separation can trap families in violent homes. Is this expert's evidence admissible?",2,The defence will consider the expert's evidence to be admissible.,56843f6873c27aa8753dd01b652efab989b3ee599ebbb26391da253834dfaee5,1001.0608007199994,057ed761cfba8157515d0e741b165ac2faad228e5e731350484299f22a90b9bf
31,"Police have detained and taken DNA samples from three of four full siblings in a carjacking investigation: Chloe (female, 24), Sam (female, 23), and Joseph (male, 22). The fourth sibling, Kyle (male, 22), was not detained or sampled. Mitochondrial DNA testing of a crime scene sample links all three sampled siblings to the scene. Y-STR testing (which examines Y-chromosome DNA passed from father to son) links Joseph to the scene. Nuclear DNA testing also links Joseph to the scene. Is this information sufficient to reasonably link Joseph to the crime scene?",2,DNA testing of a crime scene sample links all three sampled siblings to the scene.,56843f6873c27aa8753dd01b652efab989b3ee599ebbb26391da253834dfaee5,1001.0608007199994,057ed761cfba8157515d0e741b165ac2faad228e5e731350484299f22a90b9bf
32,"Police have detained and taken DNA samples from three of four full siblings in a carjacking investigation: Chloe (female, 24), Sam (female, 23), and Joseph (male, 22). The fourth sibling, Kylie (female, 22), was not detained or sampled. Mitochondrial DNA testing of a crime scene sample links all three sampled siblings to the scene. Y-STR testing (which examines Y-chromosome DNA passed from father to son) links Joseph to the scene. Nuclear DNA testing also links Joseph to the scene. Is this information sufficient to reasonably link Joseph to the crime scene?",2,DNA testing of a crime scene sample links all three sampled siblings to the scene.,56843f6873c27aa8753dd01b652efab989b3ee599ebbb26391da253834dfaee5,1001.0608007199994,057ed761cfba8157515d0e741b165ac2faad228e5e731350484299f22a90b9bf
33,Is the right to silence based solely on common law?,2,The right to silence is based on the common law principle of the law of the state of Victoria.,56843f6873c27aa8753dd01b652efab989b3ee599ebbb26391da253834dfaee5,1001.0608007199994,057ed761cfba8157515d0e741b165ac2faad228e5e731350484299f22a90b9bf
34,"Daniel is questioned by police about an armed robbery. He gives his name and age but answers “no comment” when asked where he was at 1 am and who he was with. He is now on trial, and you are the prosecutor. Should you invite the jury to treat his selective silence as evidence of guilt?",2,You are the prosecutor.,56843f6873c27aa8753dd01b652efab989b3ee599ebbb26391da253834dfaee5,1001.0608007199994,057ed761cfba8157515d0e741b165ac2faad228e5e731350484299f22a90b9bf
35,"At dinner, Kim and Frank watch a news story about a drive-by shooting. Kim says the car looks like Frank’s and asks, “That’s not your car, is it, Frank?” Frank stays silent. Frank is now on trial. Why is it important for the prosecution that Kim is not a government authority?",2,Kim is a private person.,56843f6873c27aa8753dd01b652efab989b3ee599ebbb26391da253834dfaee5,1001.0608007199994,057ed761cfba8157515d0e741b165ac2faad228e5e731350484299f22a90b9bf
36,"Kim and Frank are at a Christmas party and are watching a news story about a recent drive-by shooting. Kim thinks the car looks like Frank’s and asks, “That’s not your car, is it?” Frank stays silent. A few minutes later, the police shut down the party due to noise complaints. Later, Frank is on trial for offences related to the same drive-by shooting. Why is it important to the defence that the party was loud?",2,The police shut down the party due to noise complaints.,56843f6873c27aa8753dd01b652efab989b3ee599ebbb26391da253834dfaee5,1001.0608007199994,057ed761cfba8157515d0e741b165ac2faad228e5e731350484299f22a90b9bf
37,"Rachel is on trial for poisoning her business partner with mushrooms. There is no direct proof Rachel possessed poisonous mushrooms, but the prosecution shows that: (1) two weeks before the death she searched for a specific species of poisonous mushroom; (2) she had a manual for dehydration equipment that can mask the taste of mushrooms; and (3) toxicology shows her partner was poisoned by that same species. The prosecution argues it is highly improbable all of this is coincidental, if the death were an accident. What kind of inferential reasoning or type of evidence is the prosecution asking the jury to use?",2,no direct proof Rachel possessed poisonous mushrooms,56843f6873c27aa8753dd01b652efab989b3ee599ebbb26391da253834dfaee5,1001.0608007199994,057ed761cfba8157515d0e741b165ac2faad228e5e731350484299f22a90b9bf
38,Daisy witnessed a murder in her prison and is called by the prosecution to give evidence. Is she a “prison informer”?,2,The court may order that a person be a “prison informer”,56843f6873c27aa8753dd01b652efab989b3ee599ebbb26391da253834dfaee5,1001.0608007199994,057ed761cfba8157515d0e741b165ac2faad228e5e731350484299f22a90b9bf
39,"Emma is committed for trial on 1 March. On 25 March, she first tells her lawyer she was at a movie with her sister at the time of the alleged offence and wants both to give evidence, but no notice has been filed. What procedural step is required before Emma, or her sister can give evidence that she was at the movie rather than at the scene of the offence?",2,Emma must give evidence to her sister,56843f6873c27aa8753dd01b652efab989b3ee599ebbb26391da253834dfaee5,1001.0608007199994,057ed761cfba8157515d0e741b165ac2faad228e5e731350484299f22a90b9bf
40,"Alex is charged with a robbery at a shopping centre at 8:15 pm. He leads evidence that he was having dinner with friends at a restaurant across town at that time, and the jury thinks there is a real chance this is true. Ignoring the standard elements of robbery, what more needs to be proven to establish Alex’s guilt?",2,The jury considers that there is a real chance that Alex’s guilt is true.,56843f6873c27aa8753dd01b652efab989b3ee599ebbb26391da253834dfaee5,1001.0608007199994,057ed761cfba8157515d0e741b165ac2faad228e5e731350484299f22a90b9bf
41,"Liam and Noah plan to break into a warehouse to steal electronics. Liam agrees to act as the lookout while Noah goes inside; during the burglary, Noah violently assaults a security guard. Liam is later charged as a secondary party to the assault. Under Victorian law, on what basis could Liam be found “involved in the commission” of the assault, even though he only agreed to help with the burglary?",2,secondary party,56843f6873c27aa8753dd01b652efab989b3ee599ebbb26391da253834dfaee5,1001.0608007199994,057ed761cfba8157515d0e741b165ac2faad228e5e731350484299f22a90b9bf
42,"Courtney and Tom agree to sell what they think is a harmless “party pill” to strangers at a music festival. The pills are in fact a controlled drug, and the conduct clearly amounts to a criminal offence. For Courtney to be liable on the basis of this agreement, must the prosecution prove that she knew the substance was illegal?",2,The prosecution must prove that Courtney knew the substance was illegal.,56843f6873c27aa8753dd01b652efab989b3ee599ebbb26391da253834dfaee5,1001.0608007199994,057ed761cfba8157515d0e741b165ac2faad228e5e731350484299f22a90b9bf
43,"Noah convinces his 12-year-old nephew to deliver a sealed package to an address, telling him it contains “books for a friend,” when in fact Noah has filled the package with prohibited drugs. The nephew has no idea what is inside and believes he’s doing a harmless favour. If police intercept the drugs, can Noah be liable as a principal offender for drug trafficking?",2,The principal offender is liable for drug trafficking if the package contains prohibited drugs.,56843f6873c27aa8753dd01b652efab989b3ee599ebbb26391da253834dfaee5,1001.0608007199994,057ed761cfba8157515d0e741b165ac2faad228e5e731350484299f22a90b9bf
44,"Jordan is a factory worker; Mia is his supervisor. They’re both charged with a Commonwealth conspiracy to commit an offence that requires an employer to ensure the safety of employees at a hazardous worksite. Two company directors, alleged to be the other parties to the agreement, have already been acquitted of the conspiracy. In these circumstances, can Jordan be found guilty of the conspiracy?",2,"The relevant information to answer the above question is: In this case, the relevant information is: The relevant circumstances are: Jordan is a factory worker; Mi",56843f6873c27aa8753dd01b652efab989b3ee599ebbb26391da253834dfaee5,1001.0608007199994,057ed761cfba8157515d0e741b165ac2faad228e5e731350484299f22a90b9bf
45,"Clyde, who has schizophrenia, assaults a stranger while experiencing delusions. He knows he is hitting a person but believes they are a “demon.” Does his mental illness, or his failure to appreciate the wrongfulness of his conduct, necessarily make his act involuntary?",2,A person with mental illness is considered to be involuntary.,56843f6873c27aa8753dd01b652efab989b3ee599ebbb26391da253834dfaee5,1001.0608007199994,057ed761cfba8157515d0e741b165ac2faad228e5e731350484299f22a90b9bf
46,"Jonah is driving when he suddenly suffers an unexpected convulsion, causing his leg to slam down on the accelerator and his car to mount the curb and hit a pedestrian. If the only cause of the collision was this sudden bodily movement during the convulsion, how should a court characterise his physical act for the purpose of criminal liability?",2,"A court may impose a fine of up to $2,500 on Jonah for the convulsion.",56843f6873c27aa8753dd01b652efab989b3ee599ebbb26391da253834dfaee5,1001.0608007199994,057ed761cfba8157515d0e741b165ac2faad228e5e731350484299f22a90b9bf
47,"At Andrew’s assault trial, there is no suggestion he was unconscious, seizing, or sleepwalking; all the evidence shows him standing, speaking, and then punching the complainant. Does the prosecution need specific evidence that the punch was voluntary, or can voluntariness be inferred from these circumstances?",2,The prosecution must obtain specific evidence that the punch was voluntary.,56843f6873c27aa8753dd01b652efab989b3ee599ebbb26391da253834dfaee5,1001.0608007199994,057ed761cfba8157515d0e741b165ac2faad228e5e731350484299f22a90b9bf
48,"Jacob sets off powerful fireworks in a small, crowded backyard. He later admits he knew people could get hurt but did it anyway. In Victoria, what level of criminal culpability best describes his conduct?",2,a).,56843f6873c27aa8753dd01b652efab989b3ee599ebbb26391da253834dfaee5,1001.0608007199994,057ed761cfba8157515d0e741b165ac2faad228e5e731350484299f22a90b9bf
49,"Liam throws a heavy brick off a freeway overpass into peak-hour traffic. He later tells police, “I knew it might hit a car, but I didn’t really think much more about it.” At trial, the prosecution tells the jury that recklessness is established if Liam knew the brick “might” cause harm. Why is this an incorrect statement of the legal test for recklessness in Victoria?",2,Liam knew the brick “might” cause harm.,56843f6873c27aa8753dd01b652efab989b3ee599ebbb26391da253834dfaee5,1001.0608007199994,057ed761cfba8157515d0e741b165ac2faad228e5e731350484299f22a90b9bf
50,Abigail is on trial in Victoria for causing serious injury. She argues that the injury was “an accident” because she pushed a door open without looking and it unexpectedly hit someone on the other side. Can Abigail rely on a standalone defence of “accident” in Victoria?,2,Abigail argues that the injury was “an accident” because she pushed a door open without looking and it unexpectedly hit someone on the other,56843f6873c27aa8753dd01b652efab989b3ee599ebbb26391da253834dfaee5,1001.0608007199994,057ed761cfba8157515d0e741b165ac2faad228e5e731350484299f22a90b9bf
51,"Ethan punches Marcus once in the head during an argument. Marcus falls, hits his head on the gutter, and dies in hospital two days later. At trial, Ethan admits to killing Marcus by punching him. What elements must still be proved for Ethan to be convicted of murder?",2,a).,56843f6873c27aa8753dd01b652efab989b3ee599ebbb26391da253834dfaee5,1001.0608007199994,057ed761cfba8157515d0e741b165ac2faad228e5e731350484299f22a90b9bf
52,"Ethan admits he voluntarily and intentionally killed Marcus, a German Shepherd, without lawful justification. Name ONE element of murder that is missing here.",2,a restraining order,56843f6873c27aa8753dd01b652efab989b3ee599ebbb26391da253834dfaee5,1001.0608007199994,057ed761cfba8157515d0e741b165ac2faad228e5e731350484299f22a90b9bf
53,"Ethan, a sane 24-year-old, intentionally killed Marcus, a child, without lawful justification, and the jury accepts this beyond reasonable doubt. Under Victorian law, how could this still not amount to manslaughter or murder?",2,The court will consider the circumstances of the murder and the circumstances surrounding it.,56843f6873c27aa8753dd01b652efab989b3ee599ebbb26391da253834dfaee5,1001.0608007199994,057ed761cfba8157515d0e741b165ac2faad228e5e731350484299f22a90b9bf
54,"Harper, a New South Wales resident, shoots Riley in Sydney. Riley is stabilised in an NSW hospital, then transferred to a specialist trauma unit in Melbourne, where complications arise during surgery and he dies 10 days after the shooting. Can Harper be tried in a Victorian court?",2,A court in Victoria can hear a criminal case if it is a murder case.,56843f6873c27aa8753dd01b652efab989b3ee599ebbb26391da253834dfaee5,1001.0608007199994,057ed761cfba8157515d0e741b165ac2faad228e5e731350484299f22a90b9bf
55,"Mila fires a gun recklessly into a crowded apartment block corridor, committing the offence of reckless conduct endangering life. One of the bullets kills Jonah. The prosecution seeks to invoke statutory murder. On what basis could this reckless conduct offence be treated as a foundational offence?",2,The prosecution seeks to invoke statutory murder.,56843f6873c27aa8753dd01b652efab989b3ee599ebbb26391da253834dfaee5,1001.0608007199994,057ed761cfba8157515d0e741b165ac2faad228e5e731350484299f22a90b9bf
56,"During an argument outside a bar in 2016, Taylor swings once at Jordan’s jaw; Jordan falls backwards, hits their head on the curb and dies from the head injury. For manslaughter by an unlawful and dangerous act, which element of the offence does Crimes Act 1958 s 4A(4) help the jury assess?",2,The jury must consider the following factors:,56843f6873c27aa8753dd01b652efab989b3ee599ebbb26391da253834dfaee5,1001.0608007199994,057ed761cfba8157515d0e741b165ac2faad228e5e731350484299f22a90b9bf
57,"The accused admits he did not actually think death or really serious injury was likely, but the jury is sure that any reasonable person in his position would have realised they were exposing the victim to an appreciable risk of serious injury. If both reckless murder and manslaughter are left, which verdict does this state of mind support?",2,The jury is sure that any reasonable person in his position would have realised they were exposing the victim to an appreciable risk of serious injury.,56843f6873c27aa8753dd01b652efab989b3ee599ebbb26391da253834dfaee5,1001.0608007199994,057ed761cfba8157515d0e741b165ac2faad228e5e731350484299f22a90b9bf
58,"In 2010, Amir and Bella agree to “rough up” a debtor by slapping him around and threatening him, but nothing more. During the confrontation, Bella unexpectedly pulls a knife and fatally stabs the debtor. Amir is charged with manslaughter as a secondary party. If the prosecution relies on the doctrine that extends liability beyond the agreed lesser assault, what must they prove about Amir’s foresight of Bella’s escalation?",2,Amir is charged with manslaughter as a secondary party. If the prosecution relies on the doctrine that extends liability beyond the agreed lesser,56843f6873c27aa8753dd01b652efab989b3ee599ebbb26391da253834dfaee5,1001.0608007199994,057ed761cfba8157515d0e741b165ac2faad228e5e731350484299f22a90b9bf
59,"A person is sitting in the back seat of a moving taxi when the taxi strikes a pedestrian at a crossing, killing them instantly. The prosecution later alleges that this rear-seat passenger is guilty of culpable driving causing death because he was driving a motor vehicle at the time of the collision. Is this a sound argument?",2,"A person sitting in the back seat of a moving taxi when the taxi strikes a pedestrian at a crossing, killing them instantly. The prosecution later alle",56843f6873c27aa8753dd01b652efab989b3ee599ebbb26391da253834dfaee5,1001.0608007199994,057ed761cfba8157515d0e741b165ac2faad228e5e731350484299f22a90b9bf
60,"In a culpable driving causing death trial, the prosecution tells the jury: “You cannot find the accused guilty unless you are sure he actually realised his driving fell well below that of an ordinary careful driver; if he was simply unaware of the danger, you must acquit.” Is this an accurate statement of the law?",2,A guilty verdict is a fair trial.,56843f6873c27aa8753dd01b652efab989b3ee599ebbb26391da253834dfaee5,1001.0608007199994,057ed761cfba8157515d0e741b165ac2faad228e5e731350484299f22a90b9bf
61,Two friends agree to race their cars along a suburban street. One driver loses control and fatally hits a cyclist; the other does not crash. On what general basis could the second driver still be held responsible for the death?,2,The second driver may be held responsible for the death on a general basis.,56843f6873c27aa8753dd01b652efab989b3ee599ebbb26391da253834dfaee5,1001.0608007199994,057ed761cfba8157515d0e741b165ac2faad228e5e731350484299f22a90b9bf
62,"While driving late at night, Jerry fails to see a cyclist and runs him over, killing him instantly. Jerry was not drunk, reckless or negligent. Why does it matter to the prosecution that Jerry knew his headlights were broken before driving?",2,The prosecution must prove that Jerry knew his headlights were broken before driving.,56843f6873c27aa8753dd01b652efab989b3ee599ebbb26391da253834dfaee5,1001.0608007199994,057ed761cfba8157515d0e741b165ac2faad228e5e731350484299f22a90b9bf
63,"Asha is Ben’s manager at work. One evening they both freely and voluntarily have sex. Two days after the act, Asha regrets her decision. Does this mean Asha's consent was violated?",2,No,56843f6873c27aa8753dd01b652efab989b3ee599ebbb26391da253834dfaee5,1001.0608007199994,057ed761cfba8157515d0e741b165ac2faad228e5e731350484299f22a90b9bf
64,"Jones is on trial for an unnamed sexual offence. He says that, in his culture, silence or lack of resistance means agreement. In light of this explanation, what specific issue about Jones awareness must the jury determine when deciding his guilt?",2,The jury must decide whether Jones has a reasonable chance of being guilty of the offence.,56843f6873c27aa8753dd01b652efab989b3ee599ebbb26391da253834dfaee5,1001.0608007199994,057ed761cfba8157515d0e741b165ac2faad228e5e731350484299f22a90b9bf
65,"Jones is on trial for an unnamed sexual offence. He says that, in his culture, silence or lack of resistance means agreement. Must the jury learn more about this culture to decide whether he reasonably believed there was consent?",2,The jury must consider whether the defendant has reasonable belief that there is consent.,56843f6873c27aa8753dd01b652efab989b3ee599ebbb26391da253834dfaee5,1001.0608007199994,057ed761cfba8157515d0e741b165ac2faad228e5e731350484299f22a90b9bf
66,"After an alleged sexual assault, Liam goes straight to his sister’s apartment and, sobbing and struggling to speak, tells her what happened. At trial, the prosecution calls his sister to describe his emotional state when he reported it. Why might Liam’s behaviour at that time be important evidence against the accused?",2,The prosecution calls his sister to describe his emotional state when he reported it.,56843f6873c27aa8753dd01b652efab989b3ee599ebbb26391da253834dfaee5,1001.0608007199994,057ed761cfba8157515d0e741b165ac2faad228e5e731350484299f22a90b9bf
67,"At trial, the complainant describes an alleged sexual assault in a completely flat tone, without visible emotion. Some jurors think this means she is “probably lying.” Is this a valid assumption?",2,A defendant is a person who is alleged to have committed a sexual offence.,56843f6873c27aa8753dd01b652efab989b3ee599ebbb26391da253834dfaee5,1001.0608007199994,057ed761cfba8157515d0e741b165ac2faad228e5e731350484299f22a90b9bf
68,"Assume the year is 2012. Why is it problematic for a judge to direct the jury that the prosecution must prove the accused “intended to commit rape in the sense that, at the time of penetration, he knew the complainant was not or might not be consenting”?",2,The judge must consider whether the accused knew the complainant was not or might not be consenting.,56843f6873c27aa8753dd01b652efab989b3ee599ebbb26391da253834dfaee5,1001.0608007199994,057ed761cfba8157515d0e741b165ac2faad228e5e731350484299f22a90b9bf
69,"The prosecution alleges that the accused forced the complainant to put his own penis into his own mouth. Under the current statutory definition, does this amount to sexual penetration of oneself?",2,No,56843f6873c27aa8753dd01b652efab989b3ee599ebbb26391da253834dfaee5,1001.0608007199994,057ed761cfba8157515d0e741b165ac2faad228e5e731350484299f22a90b9bf
70,"In 2016, person A instructs person C to insert person C’s finger into person B’s mouth. Under the definition of “sexual penetration” in s 37D of the Crimes Act 1958, why does this not amount to person A sexually penetrating person B?",2,The person A is a person who is able to do so without having a criminal record.,56843f6873c27aa8753dd01b652efab989b3ee599ebbb26391da253834dfaee5,1001.0608007199994,057ed761cfba8157515d0e741b165ac2faad228e5e731350484299f22a90b9bf
71,"In 2016, person A instructs person C to insert person C’s penis into person B’s mouth. Under the definition of “sexual penetration” in s 37D of the Crimes Act 1958, why does this amount to person A sexually penetrating person B?",2,A person who is sexually induced to insert person C’s penis into person B’s mouth.,56843f6873c27aa8753dd01b652efab989b3ee599ebbb26391da253834dfaee5,1001.0608007199994,057ed761cfba8157515d0e741b165ac2faad228e5e731350484299f22a90b9bf
72,"Under Victorian law, can a person assigned male at birth be sexually penetrated somewhere other than the anus or mouth?",2,Sexually transmitted diseases,56843f6873c27aa8753dd01b652efab989b3ee599ebbb26391da253834dfaee5,1001.0608007199994,057ed761cfba8157515d0e741b165ac2faad228e5e731350484299f22a90b9bf
73,"On a crowded tram, Caleb briefly brushes Rina’s hand while reaching for a pole; later he privately admits he finds her attractive and had a sexual interest in her. On these grounds alone, is Caleb’s private sexual interest enough to make that brief hand contact “sexual touching”?",2,No,56843f6873c27aa8753dd01b652efab989b3ee599ebbb26391da253834dfaee5,1001.0608007199994,057ed761cfba8157515d0e741b165ac2faad228e5e731350484299f22a90b9bf
74,"Assume the year is 2011. Nina is sexually aroused by feet and secretly attracted to her colleague Caleb. During a meeting, she slowly removes his shoe under the table, later admitting she did so purely for her own sexual gratification. Does her sexual motive alone make the removal of Caleb’s shoe an indecent assault?",2,No,56843f6873c27aa8753dd01b652efab989b3ee599ebbb26391da253834dfaee5,1001.0608007199994,057ed761cfba8157515d0e741b165ac2faad228e5e731350484299f22a90b9bf
75,"During an argument, Imogen swings her fist at Sara but stops just short. Sara flinches and braces for impact, but later says she “wasn’t actually scared.” Why doesn’t Sara’s claim that she wasn’t afraid stop Imogen’s conduct from amounting to assault?",2,The court can rule that Sara’s claim is not a breach of the law.,56843f6873c27aa8753dd01b652efab989b3ee599ebbb26391da253834dfaee5,1001.0608007199994,057ed761cfba8157515d0e741b165ac2faad228e5e731350484299f22a90b9bf
76,“I’m not from law enforcement and I’m going to illegally kill you in the next couple of years or so” does not amount to assault because which element of the offence is missing?,2,A person is a person,56843f6873c27aa8753dd01b652efab989b3ee599ebbb26391da253834dfaee5,1001.0608007199994,057ed761cfba8157515d0e741b165ac2faad228e5e731350484299f22a90b9bf
77,"Mia receives several late-night calls from Noah. Each time she answers, he says nothing. Knowing his violent history, she believes he is outside about to attack. What is the citation of the common law case that held this conduct can amount to assault?",2,a common law case,56843f6873c27aa8753dd01b652efab989b3ee599ebbb26391da253834dfaee5,1001.0608007199994,057ed761cfba8157515d0e741b165ac2faad228e5e731350484299f22a90b9bf
78,"Assault' is defined to mean the direct or indirect application of force to the body of, or to the clothing or equipment worn by, a person. “Application of force” is defined to include the application of heat, light, electric current or any other form of energy, as well as the application of matter in solid, liquid or gaseous form. For the purposes of Victorian criminal law as it pertains to assault, which statute establishes the meaning of a police officer?",2,Victorian Criminal Law,56843f6873c27aa8753dd01b652efab989b3ee599ebbb26391da253834dfaee5,1001.0608007199994,057ed761cfba8157515d0e741b165ac2faad228e5e731350484299f22a90b9bf
79,"Officer Harper stops Liam on the street, says, “I’m just curious if you’ve got anything on you,” and, without any lawful basis, searches his pockets and finds drugs. Liam resists and accidentally strikes Harper during the unlawful search. In these circumstances, is Harper acting “in the execution of her duty” at the time of the alleged assault?",2,No,56843f6873c27aa8753dd01b652efab989b3ee599ebbb26391da253834dfaee5,1001.0608007199994,057ed761cfba8157515d0e741b165ac2faad228e5e731350484299f22a90b9bf
80,"As officers move in to arrest Malik outside a bar, his friend Tia sees them coming and yells, “Run, they’re about to grab you!” intending to help him escape. What key fact about the effect of Tia’s warning must be proved in order to charge her with obstruction?",2,Tia must prove that Malik is about to grab Malik.,56843f6873c27aa8753dd01b652efab989b3ee599ebbb26391da253834dfaee5,1001.0608007199994,057ed761cfba8157515d0e741b165ac2faad228e5e731350484299f22a90b9bf
81,Which Victorian statute amended the Crimes Act 1958 to cover stalking over the internet?,2,Victorian Criminal Code,56843f6873c27aa8753dd01b652efab989b3ee599ebbb26391da253834dfaee5,1001.0608007199994,057ed761cfba8157515d0e741b165ac2faad228e5e731350484299f22a90b9bf
82,"What are the elements of carjacking? Actually, I can answer that question for you. The offence has the following three elements: (i) The accused stole a vehicle; (ii) Immediately before or at the time of the theft, the accused: (a) Used force on any person; or (b) Put any person in fear that s/he or another person would, then and there, be subject to the use of force; or (c) Sought to put any person in fear that s/he or another person would, then and there, be subject to the use of force; and (iii) The accused did so in order to commit the theft (Crimes Act 1958 s 79(1)). Answer only this question: In a large shopping centre, Soraya stands in one spot near the central atrium all afternoon, turning only her head and eyes to keep Felix in view as he walks between different levels and stores. She never changes her physical position. On these facts, does Soraya follow Felix?",2,Yes,56843f6873c27aa8753dd01b652efab989b3ee599ebbb26391da253834dfaee5,1001.0608007199994,057ed761cfba8157515d0e741b165ac2faad228e5e731350484299f22a90b9bf
83,"Angry at Leo, Martina repeatedly dumps dead flowers and threatening notes on his doorstep and also tags him in public posts accusing him of crimes, hoping his employer will see them. Which two separate stalking acts in statutes best capture this pattern? The following information is irrelevant to answering the question: In 2013, Leo was convicted of “manslaughter by unlawful and dangerous act.” During the trial, a jury member asked the judge the following question: “Under Victorian law, what is the first element of an unlawful and dangerous act causing death and what does it entail? And also, what are the other elements to this offence? And how is it different to negligent manslaughter?”",2,The judge shall consider the evidence presented and submit a verdict.,56843f6873c27aa8753dd01b652efab989b3ee599ebbb26391da253834dfaee5,1001.0608007199994,057ed761cfba8157515d0e741b165ac2faad228e5e731350484299f22a90b9bf
84,"Mary is Rafa’s mother. Twelve-year-old Rafa has been especially naughty this week: on Monday he threw water on his brother Gregory, and on Tuesday he stole his sister’s watch. On Wednesday, as punishment, Mary confines Rafa to his room for an hour. What are the citations of the cases suggesting that Mary’s treatment of Rafa is lawful? As an aside, let's talk about Mary’s childhood. When Mary was younger, she was part of a violent gang. She would roam the streets carrying a cricket bat, and when elderly women walked past, Mary would swing the bat towards them, never actually hitting them but bringing it close enough to make them believe they were about to be struck. One day, Mary was caught by the police. She was charged with assault not involving the application of force but was never convicted because the prosecution couldn’t prove the first element of the offence.",2,The court may order that Mary confine Rafa to his room for an hour.,56843f6873c27aa8753dd01b652efab989b3ee599ebbb26391da253834dfaee5,1001.0608007199994,057ed761cfba8157515d0e741b165ac2faad228e5e731350484299f22a90b9bf
85,"After an argument at home, 15-year-old Felix storms out and gets into the car of his aunt, Rosa, who takes him to stay at her house. Rosa used no trickery or threats, but she knows Felix’s parents want him back and tells him, “You can stay here as long as you like.” On these facts, is Rosa’s conduct closer to taking a child or harbouring a child under the Victorian law?",2,"The court may order Rosa to pay a fine of up to $2,500.",56843f6873c27aa8753dd01b652efab989b3ee599ebbb26391da253834dfaee5,1001.0608007199994,057ed761cfba8157515d0e741b165ac2faad228e5e731350484299f22a90b9bf
86,"A 13-year-old, Hamish, orders a rideshare to a friend’s house after a fight with his parents. The driver, Zoe, picks him up outside his home, asks “Are your parents okay with you going?”, gets a vague shrug, but offers no encouragement and simply follows the entered destination. On these facts, has Zoe taken Hamish away?",2,The driver must be a person of the state of Victoria.,56843f6873c27aa8753dd01b652efab989b3ee599ebbb26391da253834dfaee5,1001.0608007199994,057ed761cfba8157515d0e741b165ac2faad228e5e731350484299f22a90b9bf
87,"During a gig, Luca quietly picks up someone else’s guitar, uses it for his set, then returns it to exactly the same spot before the owner notices. He always planned to put it back. On these facts alone, has Luca formed the mental element for theft?",2,The relevant sentence in the passage is: Luca is a person who has a mental element for theft. The relevant information to answer the above question,56843f6873c27aa8753dd01b652efab989b3ee599ebbb26391da253834dfaee5,1001.0608007199994,057ed761cfba8157515d0e741b165ac2faad228e5e731350484299f22a90b9bf
88,How does the definition of “dishonesty” under Commonwealth law differ from that used in Victorian law?,2,The definition of “dishonesty” under Commonwealth law is that a person has knowingly or inadvertently committed a crime,56843f6873c27aa8753dd01b652efab989b3ee599ebbb26391da253834dfaee5,1001.0608007199994,057ed761cfba8157515d0e741b165ac2faad228e5e731350484299f22a90b9bf
89,What is a good?,2,Goods are goods that are not goods. Goods can be a good or bad thing. Good goods are goods.,56843f6873c27aa8753dd01b652efab989b3ee599ebbb26391da253834dfaee5,1001.0608007199994,057ed761cfba8157515d0e741b165ac2faad228e5e731350484299f22a90b9bf
90,"Kai forces the owner of a vacant farm to leave, then lives there rent-free for six months, locking everyone else out of the gate and using it as his own space. For the purposes of handling stolen goods, does Kai’s wrongful occupation turn the land itself into “stolen goods”?",2,No,56843f6873c27aa8753dd01b652efab989b3ee599ebbb26391da253834dfaee5,1001.0608007199994,057ed761cfba8157515d0e741b165ac2faad228e5e731350484299f22a90b9bf
91,Carmen submits a valuation certificate for 500 crates of “premium truffles” that don’t exist and uses it to support a finance application. Which case has been treated as authority that a valuation of non-existent goods is fraudulent in this way?,2,Carmen v. The Australian Securities and Investments Authority,56843f6873c27aa8753dd01b652efab989b3ee599ebbb26391da253834dfaee5,1001.0608007199994,057ed761cfba8157515d0e741b165ac2faad228e5e731350484299f22a90b9bf
92,"One element of theft is an intention to permanently deprive the owner of property. Nicholas threatens to smash his neighbour’s car unless she pays him $500 “for the damage you did last year,” an amount she genuinely owes. He intends to keep the $500 permanently but makes no claim over any other property. On these facts, which offence does his state of mind more clearly support – theft or blackmail – and why?",2,Blackmail,56843f6873c27aa8753dd01b652efab989b3ee599ebbb26391da253834dfaee5,1001.0608007199994,057ed761cfba8157515d0e741b165ac2faad228e5e731350484299f22a90b9bf
93,"Rafi, a former executive of a publicly traded company, phones the current CEO and says, “Transfer $1 million to my account or I’ll leak information that will seriously damage your company's valuation.” Years earlier, Rafi was convicted of assault not involving force. Under Victorian law, what technical label best fits this kind of threat, and which reported case in your materials is cited as authority for treating market-damage threats in this way?",2,Australian criminal law,56843f6873c27aa8753dd01b652efab989b3ee599ebbb26391da253834dfaee5,1001.0608007199994,057ed761cfba8157515d0e741b165ac2faad228e5e731350484299f22a90b9bf
94,"Josh deliberately and dishonestly destroys physical bank documents that record a loan he still owes, hoping to improve his own financial position. Which specific offence best captures Josh's conduct?",2,A person who intentionally and dishonestly destroys physical bank documents that record a loan he still owes,56843f6873c27aa8753dd01b652efab989b3ee599ebbb26391da253834dfaee5,1001.0608007199994,057ed761cfba8157515d0e741b165ac2faad228e5e731350484299f22a90b9bf
95,"Marco transfers cryptocurrency through multiple wallets to make it harder to trace, fully aware it came from a fraud scheme. Under the Victorian “dealing with proceeds of crime” offences, which physical element is clearly satisfied by his conduct, and which highest mental state could be charged on these facts?",2,a mental state,56843f6873c27aa8753dd01b652efab989b3ee599ebbb26391da253834dfaee5,1001.0608007199994,057ed761cfba8157515d0e741b165ac2faad228e5e731350484299f22a90b9bf
96,"Smith is a dealer, and so is his friend Walter. After some haggling, they agree to swap a quantity of Smith’s cocaine for Walter’s ice. Which case is specifically cited to show that this type of deal amounts to trafficking?",2,Smith v Walter,56843f6873c27aa8753dd01b652efab989b3ee599ebbb26391da253834dfaee5,1001.0608007199994,057ed761cfba8157515d0e741b165ac2faad228e5e731350484299f22a90b9bf
97,"Over six months, Minh alternates between weeks of intense dealing and long quiet stretches with no proven activity. The transactions involve different drugs, buyers and locations, but all are commercial. The indictment alleges he “trafficked” by carrying on a business over that whole period. What must the jury be satisfied of, given the patchy pattern of conduct?",2,The indictment alleges he “trafficked” by carrying on a business over that whole period.,56843f6873c27aa8753dd01b652efab989b3ee599ebbb26391da253834dfaee5,1001.0608007199994,057ed761cfba8157515d0e741b165ac2faad228e5e731350484299f22a90b9bf
98,"“The salt of the abovementioned drugs, derivates and _______” Which word goes in the blank and which act does this phrase belong to?",2,abuse,56843f6873c27aa8753dd01b652efab989b3ee599ebbb26391da253834dfaee5,1001.0608007199994,057ed761cfba8157515d0e741b165ac2faad228e5e731350484299f22a90b9bf
99,"After a grave insult, Jordan cools off for several hours, then calmly returns and kills. Which state of mind required for provocation is missing on these facts, and what is the technical term for it?",2,a calm state of mind,56843f6873c27aa8753dd01b652efab989b3ee599ebbb26391da253834dfaee5,1001.0608007199994,057ed761cfba8157515d0e741b165ac2faad228e5e731350484299f22a90b9bf
100,"“There was an agreement between the accused and the deceased to seek the _____ of all parties to the agreement.” What is the missing word, and where is this specific phrase used?",2,a,56843f6873c27aa8753dd01b652efab989b3ee599ebbb26391da253834dfaee5,1001.0608007199994,057ed761cfba8157515d0e741b165ac2faad228e5e731350484299f22a90b9bf
