query_id,question,hypothesis,hyde_text,signature,generation_ms_per_query,signature_v1
1,"Bob and Ted are close friends. Ted is on trial for drug offences, and Bob has been selected as a juror in Ted’s case. Is the judge required to excuse Bob from serving on the jury?",0,A jury in a case is a judge who takes a decision on whether to convict someone or not. A jury is made up of members of the public who are either in court or have been appointed by the judge. Bob is the judge’s closest friend and he is chosen as a juror.,e71325c3b9d933d601634a4f5e7b1a843c478399daf3c221b644da3684dcc0c2,4974.860856260002,636a0d7622a6c8960fcb503a7fdcd05c9c09b994d49a24da327cdefc503e1a02
2,"Harry is serving as a juror in a burglary trial. He is also a professional locksmith. During the proceedings, Harry is shown a lock which, in his expert view, is too damaged to have been lockpicked in the manner described in court. Why might Harry's expert knowledge of lockpicking be irrelevant when assessing the physical evidence?",0,a legal document,e71325c3b9d933d601634a4f5e7b1a843c478399daf3c221b644da3684dcc0c2,4974.860856260002,636a0d7622a6c8960fcb503a7fdcd05c9c09b994d49a24da327cdefc503e1a02
3,"Isaac is on trial for statutory murder of an emergency worker. You are his barrister. Should you notify the jury that, according to the Crimes Act 1958, the standard sentence for this offence is 30 years imprisonment?",0,statutory murder of an emergency worker is considered a crime in Victorian criminal law.,e71325c3b9d933d601634a4f5e7b1a843c478399daf3c221b644da3684dcc0c2,4974.860856260002,636a0d7622a6c8960fcb503a7fdcd05c9c09b994d49a24da327cdefc503e1a02
4,Should jurors be excused if they have encountered news stories about the accused prior to the trial commencing?,0,A jury must be given sufficient time to examine the evidence presented at trial.,e71325c3b9d933d601634a4f5e7b1a843c478399daf3c221b644da3684dcc0c2,4974.860856260002,636a0d7622a6c8960fcb503a7fdcd05c9c09b994d49a24da327cdefc503e1a02
5,"Frank and Joe are jurors in an arson trial. Over the weekend, Joe finds photos of the accused holding a petrol canister and texts them to Frank. Having received this new information, what should Frank do?",0,"Joe and Frank are jurors in an arson trial. Over the weekend, Joe finds photos of the accused holding a petrol canister and texts them to Frank. Having received this new information, Frank should do what would be the best course of action.",e71325c3b9d933d601634a4f5e7b1a843c478399daf3c221b644da3684dcc0c2,4974.860856260002,636a0d7622a6c8960fcb503a7fdcd05c9c09b994d49a24da327cdefc503e1a02
6,Does the standard of proof of “beyond reasonable doubt” imply that the jury must be fully convinced of every claim the prosecution has made?,0,The Victorian criminal law stipulates that a jury must be fully convinced of every claim the prosecution has made. The standard of proof is that the defendant has not been made aware of the claim and has not done so to avoid a conviction. The trial must therefore not be considered to be conclusive.,e71325c3b9d933d601634a4f5e7b1a843c478399daf3c221b644da3684dcc0c2,4974.860856260002,636a0d7622a6c8960fcb503a7fdcd05c9c09b994d49a24da327cdefc503e1a02
7,"Sally is accused of cultivating narcotic plants in her backyard. One of the elements of this charge is that “the accused intentionally cultivated or attempted to cultivate a particular substance.” To establish whether this is the case, the judge believes it would be valuable to visit Sally’s backyard and have the jury examine it for themselves. What is the name of the legal procedure whereby the court travels to a location relevant to the charge?",0,A Victorian criminal law court travels to a location relevant to the charge.,e71325c3b9d933d601634a4f5e7b1a843c478399daf3c221b644da3684dcc0c2,4974.860856260002,636a0d7622a6c8960fcb503a7fdcd05c9c09b994d49a24da327cdefc503e1a02
8,"Josh is 21 years old. He witnessed a murder that was clearly perpetrated by the accused. The prosecution, however, needs to determine whether the accused committed the acts voluntarily, thus satisfying the elements of intentional or reckless murder. In court, the judge plays a recording of Josh giving his eyewitness testimony. What is this evidentiary process called?",0,The Victorian criminal law governing the prosecution of a murder is:,e71325c3b9d933d601634a4f5e7b1a843c478399daf3c221b644da3684dcc0c2,4974.860856260002,636a0d7622a6c8960fcb503a7fdcd05c9c09b994d49a24da327cdefc503e1a02
9,"Olivia illegally bought cannabis from a tobacconist. As she left, she saw a man firebomb the store. She is now a witness in the arson trial. What legal privilege should she consider when giving her evidence?",0,Victoria's Criminal Code,e71325c3b9d933d601634a4f5e7b1a843c478399daf3c221b644da3684dcc0c2,4974.860856260002,636a0d7622a6c8960fcb503a7fdcd05c9c09b994d49a24da327cdefc503e1a02
10,Emma is found in possession of someone else’s phone but has no documentation of how she obtained it. Emma’s counsel argues that possession of the phone is circumstantial evidence and thus completely inadmissible to establish guilt. Is Emma’s counsel correct?,0,Emma is found in possession of someone else’s phone but has no documentation of how she obtained it. Emma’s counsel argues that possession of the phone is circumstantial evidence and thus completely inadmissible to establish guilt.,e71325c3b9d933d601634a4f5e7b1a843c478399daf3c221b644da3684dcc0c2,4974.860856260002,636a0d7622a6c8960fcb503a7fdcd05c9c09b994d49a24da327cdefc503e1a02
11,"John is on trial for an unnamed offence. John testifies that he could not have committed the offence because he was at an arcade 10 miles away when the offence took place. Earlier, the jury accepted arcade tickets as evidence of John's alibi. John’s counsel now argues that, given this plausible alibi, John could not have committed the crime. What type of reasoning is this an example of?",0,"A criminal trial is the trial of a person for a crime. A crime is usually committed when the person is a victim of rape. John is on trial for an unnamed offence. John testifies that he could not have committed the offence because he was at an arcade 10 miles away when the offender took place. Earlier, the jury accepted arcade tickets as evidence of John’s alibi. John’r counsel now",e71325c3b9d933d601634a4f5e7b1a843c478399daf3c221b644da3684dcc0c2,4974.860856260002,636a0d7622a6c8960fcb503a7fdcd05c9c09b994d49a24da327cdefc503e1a02
12,Does Victoria have a law/laws protecting against double jeopardy?,0,Victoria has a law/laws protecting against double jeopardy.,e71325c3b9d933d601634a4f5e7b1a843c478399daf3c221b644da3684dcc0c2,4974.860856260002,636a0d7622a6c8960fcb503a7fdcd05c9c09b994d49a24da327cdefc503e1a02
13,"Sophie and Hazel are two of twelve jurors in a trial. Both are uncertain of their verdict, while the remaining ten jurors believe the accused is guilty. The jury is becoming frustrated with Sophie and Hazel's indecision, but the judge instructs the jury to continue deliberating. What is this instruction called?",0,A trial in which twelve jurors are involved.,e71325c3b9d933d601634a4f5e7b1a843c478399daf3c221b644da3684dcc0c2,4974.860856260002,636a0d7622a6c8960fcb503a7fdcd05c9c09b994d49a24da327cdefc503e1a02
14,"Tim is on trial for aggravated burglary. Before Tim gives evidence, his counsel calls another witness to testify first. Why might this be a bad idea for the defence?",0,Tim is on trial for aggravated burglary.,e71325c3b9d933d601634a4f5e7b1a843c478399daf3c221b644da3684dcc0c2,4974.860856260002,636a0d7622a6c8960fcb503a7fdcd05c9c09b994d49a24da327cdefc503e1a02
15,Paul is 12 years old. He is a witness in a trial related to a common law riot. You are counsel for the accused. Should you argue that Paul’s is fundamentally untrustworthy because of his age?,0,The Victorian Criminal Code is a law that states that an accused person must be a witness in a common law riot. The court of appeal is based on evidence from the court of first instance.,e71325c3b9d933d601634a4f5e7b1a843c478399daf3c221b644da3684dcc0c2,4974.860856260002,636a0d7622a6c8960fcb503a7fdcd05c9c09b994d49a24da327cdefc503e1a02
16,Can the defence use good character evidence to argue the accused is innocent?,0,A felony crime is punishable by up to six years in prison. Good character evidence is a type of evidence used by the defence to prove a person is innocent.,e71325c3b9d933d601634a4f5e7b1a843c478399daf3c221b644da3684dcc0c2,4974.860856260002,636a0d7622a6c8960fcb503a7fdcd05c9c09b994d49a24da327cdefc503e1a02
17,Can the prosecution freely use bad character evidence to argue the accused is guilty?,0,Victorian criminal law requires that all prosecution evidence be presented in a public way. The prosecution must also prove that the defendant was guilty of a crime and that the accused was not guilty.,e71325c3b9d933d601634a4f5e7b1a843c478399daf3c221b644da3684dcc0c2,4974.860856260002,636a0d7622a6c8960fcb503a7fdcd05c9c09b994d49a24da327cdefc503e1a02
18,"Sam is on trial for murdering her neighbour. The prosecution presents a text from Sam to a friend saying, “I murdered my neighbour today.” What must be established for this text to be treated as an admission?",0,"Sam is on trial for murdering her neighbour. The prosecution presents a text from Sam to a friend saying, “I murdered my neighbour today.” What must be established for this text to be treated as an admission?",e71325c3b9d933d601634a4f5e7b1a843c478399daf3c221b644da3684dcc0c2,4974.860856260002,636a0d7622a6c8960fcb503a7fdcd05c9c09b994d49a24da327cdefc503e1a02
19,"Omar is charged with intentionally causing serious injury. In a recorded interview, he admits being at the scene and pushing the complainant but denies using a weapon or intending serious harm. At trial, the prosecution asks the jury to accept the incriminating parts of the interview but treat his denial of using a weapon as lies. Does this necessarily involve ‘consciousness of guilt’ reasoning?",0,A recorded interview involving Omar is recorded in a courtroom.,e71325c3b9d933d601634a4f5e7b1a843c478399daf3c221b644da3684dcc0c2,4974.860856260002,636a0d7622a6c8960fcb503a7fdcd05c9c09b994d49a24da327cdefc503e1a02
20,"Liam is on trial for arson. His sister gives evidence that, at a family dinner, she said, “The police think you set fire to Dad’s shed. You didn’t do it, did you?” Liam, who had been speaking normally, then went silent and looked down. Can this be used as evidence probative of guilt?",0,"Liam is on trial for arson. His sister gives evidence that, at a family dinner, she said, “The police think you set fire to Dad’s shed. You didn’t do it, did you?” Liam, who had been speaking normally, then went silent and looked down.",e71325c3b9d933d601634a4f5e7b1a843c478399daf3c221b644da3684dcc0c2,4974.860856260002,636a0d7622a6c8960fcb503a7fdcd05c9c09b994d49a24da327cdefc503e1a02
21,"At Zoe’s assault trial, the prosecution argues that her blank, expressionless stare at photos of the injured complainant indicates guilt. Is this argument sound?",0,"In Victorian criminal law, the defendant must prove that they are guilty of a crime.",e71325c3b9d933d601634a4f5e7b1a843c478399daf3c221b644da3684dcc0c2,4974.860856260002,636a0d7622a6c8960fcb503a7fdcd05c9c09b994d49a24da327cdefc503e1a02
22,The defence raises the issue of mental impairment and bears the onus of proving it. There is a psychiatrist who has examined the accused. Is the prosecution required to call this psychiatrist as a witness?,0,"A person is considered mentally impaired when he is charged with a crime. A mental impairment is defined as the person's mental or physical condition. Mental impairment is considered to be an underlying condition, so if he or she is charged in a criminal matter, it can be regarded as an offence. A person charged in an offending is deemed mentally impaired if his or her condition is severe enough to warrant a charge. A psychiatrist",e71325c3b9d933d601634a4f5e7b1a843c478399daf3c221b644da3684dcc0c2,4974.860856260002,636a0d7622a6c8960fcb503a7fdcd05c9c09b994d49a24da327cdefc503e1a02
23,"Sarah is tried for armed robbery. She does not give or call any evidence. In closing, the prosecution avoids mentioning her silence directly but repeatedly stresses that “only the prosecution’s account is supported by evidence.” Is this submission by the prosecution permissible?",0,Evidence must be presented in the court in order to be admissible.,e71325c3b9d933d601634a4f5e7b1a843c478399daf3c221b644da3684dcc0c2,4974.860856260002,636a0d7622a6c8960fcb503a7fdcd05c9c09b994d49a24da327cdefc503e1a02
24,"In a criminal trial, defence counsel fails to challenge an important part of a prosecution witness’s evidence and later runs a case theory inconsistent with that evidence. The prosecution complains that this has caused unfairness. As the trial judge, how should you decide what to do about it?",0,"In Victorian criminal law, the Court of Appeal determines whether a defendant is guilty of a crime.",e71325c3b9d933d601634a4f5e7b1a843c478399daf3c221b644da3684dcc0c2,4974.860856260002,636a0d7622a6c8960fcb503a7fdcd05c9c09b994d49a24da327cdefc503e1a02
25,"In an armed robbery trial, a shop assistant who has served the accused every week for years is shown still images from CCTV and says, “Based on how he looks, that’s the same customer who comes into my store.” What type of identification evidence is this an example of?",0,CCTV is a recording device that can be used to record a person's behaviour and/or behavior in an armed robbery case.,e71325c3b9d933d601634a4f5e7b1a843c478399daf3c221b644da3684dcc0c2,4974.860856260002,636a0d7622a6c8960fcb503a7fdcd05c9c09b994d49a24da327cdefc503e1a02
26,"One of the elements of aggravated carjacking is the use of a weapon or causing injury to another person (Crimes Act 1958 s 79A). Smith witnesses an aggravated carjacking late at night. He sees the offender wield a weapon but does not get a good look at their face. A year later, he positively identifies the accused, saying he “recognised him immediately from the daytime photo the police showed me last year.” What cognitive bias, about which the jury is educated, may be relevant in this case?",0,"Smith witnesses an aggravated carjacking late at night. He sees the offender wield a weapon but does not get a good look at their face. A year later, he positively identifies the accused, saying he “recognised him immediately from the daytime photo the police showed me last year.”",e71325c3b9d933d601634a4f5e7b1a843c478399daf3c221b644da3684dcc0c2,4974.860856260002,636a0d7622a6c8960fcb503a7fdcd05c9c09b994d49a24da327cdefc503e1a02
27,"You are the trial judge in a child stealing case. During the trial, the prosecutor briefly mentions that the image used for recognising the accused was taken before the accused was detained but gives no further explanation. What are judges instructed to do in this situation?",0,The prosecutor briefly mentions that the image used for recognising the accused was taken before the accused is detained but gives no further explanation.,e71325c3b9d933d601634a4f5e7b1a843c478399daf3c221b644da3684dcc0c2,4974.860856260002,636a0d7622a6c8960fcb503a7fdcd05c9c09b994d49a24da327cdefc503e1a02
28,"Harvey is on trial for dangerous driving causing serious injury. Priya, a mechanic with 15 years’ experience, inspects the damaged vehicles and wants to tell the jury that, in her opinion, the pattern of damage shows Harvey was travelling at “at least 110 km/h” before impact. Are Priya’s comments inadmissible because they are opinion evidence?",0,Priya is an expert in the field of motor vehicles.,e71325c3b9d933d601634a4f5e7b1a843c478399daf3c221b644da3684dcc0c2,4974.860856260002,636a0d7622a6c8960fcb503a7fdcd05c9c09b994d49a24da327cdefc503e1a02
29,"Chris is on trial for intentionally or recklessly causing a bushfire. His counsel says he was carrying out a “cool burn.” Talia, a First Nations woman, is called to explain First Nations practices. Is Talia’s evidence admissible?",0,Talia’s evidence is an incomplete and incomplete document.,e71325c3b9d933d601634a4f5e7b1a843c478399daf3c221b644da3684dcc0c2,4974.860856260002,636a0d7622a6c8960fcb503a7fdcd05c9c09b994d49a24da327cdefc503e1a02
30,"Noah is on trial for killing his father, who had been violent towards Noah’s mother for decades. The defence calls an expert to describe how poverty, lack of access to services, and cultural stigma around separation can trap families in violent homes. Is this expert's evidence admissible?",0,A violent home environment can cause children to be violent.,e71325c3b9d933d601634a4f5e7b1a843c478399daf3c221b644da3684dcc0c2,4974.860856260002,636a0d7622a6c8960fcb503a7fdcd05c9c09b994d49a24da327cdefc503e1a02
31,"Police have detained and taken DNA samples from three of four full siblings in a carjacking investigation: Chloe (female, 24), Sam (female, 23), and Joseph (male, 22). The fourth sibling, Kyle (male, 22), was not detained or sampled. Mitochondrial DNA testing of a crime scene sample links all three sampled siblings to the scene. Y-STR testing (which examines Y-chromosome DNA passed from father to son) links Joseph to the scene. Nuclear DNA testing also links Joseph to the scene. Is this information sufficient to reasonably link Joseph to the crime scene?",0,Y-STR testing (which examines Y chromosome DNA passed from father to son) links Joseph to the scene.,e71325c3b9d933d601634a4f5e7b1a843c478399daf3c221b644da3684dcc0c2,4974.860856260002,636a0d7622a6c8960fcb503a7fdcd05c9c09b994d49a24da327cdefc503e1a02
32,"Police have detained and taken DNA samples from three of four full siblings in a carjacking investigation: Chloe (female, 24), Sam (female, 23), and Joseph (male, 22). The fourth sibling, Kylie (female, 22), was not detained or sampled. Mitochondrial DNA testing of a crime scene sample links all three sampled siblings to the scene. Y-STR testing (which examines Y-chromosome DNA passed from father to son) links Joseph to the scene. Nuclear DNA testing also links Joseph to the scene. Is this information sufficient to reasonably link Joseph to the crime scene?",0,DNA testing of a crime scene sample links all three sampled siblings to the scene.,e71325c3b9d933d601634a4f5e7b1a843c478399daf3c221b644da3684dcc0c2,4974.860856260002,636a0d7622a6c8960fcb503a7fdcd05c9c09b994d49a24da327cdefc503e1a02
33,Is the right to silence based solely on common law?,0,Victorian criminal law is based on the principle that a person cannot be silenced without the consent of the other person.,e71325c3b9d933d601634a4f5e7b1a843c478399daf3c221b644da3684dcc0c2,4974.860856260002,636a0d7622a6c8960fcb503a7fdcd05c9c09b994d49a24da327cdefc503e1a02
34,"Daniel is questioned by police about an armed robbery. He gives his name and age but answers “no comment” when asked where he was at 1 am and who he was with. He is now on trial, and you are the prosecutor. Should you invite the jury to treat his selective silence as evidence of guilt?",0,"A robber is questioned by police about an armed robbery. Daniel gives his name and age but answers “no comment” when asked where he was at 1 am and who he is with. He is now on trial, and you are the prosecutor. Should you invite the jury to treat his selective silence as evidence of guilt?",e71325c3b9d933d601634a4f5e7b1a843c478399daf3c221b644da3684dcc0c2,4974.860856260002,636a0d7622a6c8960fcb503a7fdcd05c9c09b994d49a24da327cdefc503e1a02
35,"At dinner, Kim and Frank watch a news story about a drive-by shooting. Kim says the car looks like Frank’s and asks, “That’s not your car, is it, Frank?” Frank stays silent. Frank is now on trial. Why is it important for the prosecution that Kim is not a government authority?",0,Kim is a citizen of Victoria.,e71325c3b9d933d601634a4f5e7b1a843c478399daf3c221b644da3684dcc0c2,4974.860856260002,636a0d7622a6c8960fcb503a7fdcd05c9c09b994d49a24da327cdefc503e1a02
36,"Kim and Frank are at a Christmas party and are watching a news story about a recent drive-by shooting. Kim thinks the car looks like Frank’s and asks, “That’s not your car, is it?” Frank stays silent. A few minutes later, the police shut down the party due to noise complaints. Later, Frank is on trial for offences related to the same drive-by shooting. Why is it important to the defence that the party was loud?",0,The police shut down the party due to noise complaints.,e71325c3b9d933d601634a4f5e7b1a843c478399daf3c221b644da3684dcc0c2,4974.860856260002,636a0d7622a6c8960fcb503a7fdcd05c9c09b994d49a24da327cdefc503e1a02
37,"Rachel is on trial for poisoning her business partner with mushrooms. There is no direct proof Rachel possessed poisonous mushrooms, but the prosecution shows that: (1) two weeks before the death she searched for a specific species of poisonous mushroom; (2) she had a manual for dehydration equipment that can mask the taste of mushrooms; and (3) toxicology shows her partner was poisoned by that same species. The prosecution argues it is highly improbable all of this is coincidental, if the death were an accident. What kind of inferential reasoning or type of evidence is the prosecution asking the jury to use?",0,The prosecution is asking the jury to use a forensic analysis of the mushroom to determine what happened to Rachel.,e71325c3b9d933d601634a4f5e7b1a843c478399daf3c221b644da3684dcc0c2,4974.860856260002,636a0d7622a6c8960fcb503a7fdcd05c9c09b994d49a24da327cdefc503e1a02
38,Daisy witnessed a murder in her prison and is called by the prosecution to give evidence. Is she a “prison informer”?,0,The Victorian prison system provides a framework for criminal prosecutions to establish the circumstances that led to the murder of a young woman.,e71325c3b9d933d601634a4f5e7b1a843c478399daf3c221b644da3684dcc0c2,4974.860856260002,636a0d7622a6c8960fcb503a7fdcd05c9c09b994d49a24da327cdefc503e1a02
39,"Emma is committed for trial on 1 March. On 25 March, she first tells her lawyer she was at a movie with her sister at the time of the alleged offence and wants both to give evidence, but no notice has been filed. What procedural step is required before Emma, or her sister can give evidence that she was at the movie rather than at the scene of the offence?",0,"Emma is committed for trial on 1 March. On 25 March, she first tells her lawyer she was at a movie with her sister at the time of the alleged offence and wants both to give evidence, but no notice has been filed. What procedural step is required before Emma, or her sister can give evidence that she was there rather than at the scene of the offence?",e71325c3b9d933d601634a4f5e7b1a843c478399daf3c221b644da3684dcc0c2,4974.860856260002,636a0d7622a6c8960fcb503a7fdcd05c9c09b994d49a24da327cdefc503e1a02
40,"Alex is charged with a robbery at a shopping centre at 8:15 pm. He leads evidence that he was having dinner with friends at a restaurant across town at that time, and the jury thinks there is a real chance this is true. Ignoring the standard elements of robbery, what more needs to be proven to establish Alex’s guilt?",0,"The robbery happened in Victorian Parliament in 1894. Alex is charged with a robbery at a shopping centre at 8:15 pm. He leads evidence that he was having dinner with friends at t he restaurant across town at that time, and the jury thinks there is a real chance this is true.",e71325c3b9d933d601634a4f5e7b1a843c478399daf3c221b644da3684dcc0c2,4974.860856260002,636a0d7622a6c8960fcb503a7fdcd05c9c09b994d49a24da327cdefc503e1a02
41,"Liam and Noah plan to break into a warehouse to steal electronics. Liam agrees to act as the lookout while Noah goes inside; during the burglary, Noah violently assaults a security guard. Liam is later charged as a secondary party to the assault. Under Victorian law, on what basis could Liam be found “involved in the commission” of the assault, even though he only agreed to help with the burglary?",0,The Victorian Criminal Code embodies the following laws:,e71325c3b9d933d601634a4f5e7b1a843c478399daf3c221b644da3684dcc0c2,4974.860856260002,636a0d7622a6c8960fcb503a7fdcd05c9c09b994d49a24da327cdefc503e1a02
42,"Courtney and Tom agree to sell what they think is a harmless “party pill” to strangers at a music festival. The pills are in fact a controlled drug, and the conduct clearly amounts to a criminal offence. For Courtney to be liable on the basis of this agreement, must the prosecution prove that she knew the substance was illegal?",0,"The court agreed to sell the pill to strangers at a music festival. The pill is in fact a controlled drug, and the conduct clearly amounts to a criminal offence. For Courtney to be liable on the basis of this agreement, must the prosecution prove that she knew the substance was illegal?",e71325c3b9d933d601634a4f5e7b1a843c478399daf3c221b644da3684dcc0c2,4974.860856260002,636a0d7622a6c8960fcb503a7fdcd05c9c09b994d49a24da327cdefc503e1a02
43,"Noah convinces his 12-year-old nephew to deliver a sealed package to an address, telling him it contains “books for a friend,” when in fact Noah has filled the package with prohibited drugs. The nephew has no idea what is inside and believes he’s doing a harmless favour. If police intercept the drugs, can Noah be liable as a principal offender for drug trafficking?",0,"A written declaration of intent is a legal document that establishes that the person is guilty of one or more of the following: a) The person has the right to a fair trial in a court of law, b) The possession of a firearm, and c) The infraction of another person’s right to life, in the event of the infringement of statutory or other laws.",e71325c3b9d933d601634a4f5e7b1a843c478399daf3c221b644da3684dcc0c2,4974.860856260002,636a0d7622a6c8960fcb503a7fdcd05c9c09b994d49a24da327cdefc503e1a02
44,"Jordan is a factory worker; Mia is his supervisor. They’re both charged with a Commonwealth conspiracy to commit an offence that requires an employer to ensure the safety of employees at a hazardous worksite. Two company directors, alleged to be the other parties to the agreement, have already been acquitted of the conspiracy. In these circumstances, can Jordan be found guilty of the conspiracy?",0,The Court of Appeal of Victoria ruled that a factory worker was guilty of a conspiracy to commit an offence that required an employer to ensure the safety of employees at a hazardous worksite.,e71325c3b9d933d601634a4f5e7b1a843c478399daf3c221b644da3684dcc0c2,4974.860856260002,636a0d7622a6c8960fcb503a7fdcd05c9c09b994d49a24da327cdefc503e1a02
45,"Clyde, who has schizophrenia, assaults a stranger while experiencing delusions. He knows he is hitting a person but believes they are a “demon.” Does his mental illness, or his failure to appreciate the wrongfulness of his conduct, necessarily make his act involuntary?",0,"Clyde, who has schizophrenia, assaults a stranger while experiencing delusions. He knows he is hitting a person but believes they are a “demon.” Does his mental illness, or his failure to appreciate the wrongfulness of his conduct, necessarily make his act involuntary?",e71325c3b9d933d601634a4f5e7b1a843c478399daf3c221b644da3684dcc0c2,4974.860856260002,636a0d7622a6c8960fcb503a7fdcd05c9c09b994d49a24da327cdefc503e1a02
46,"Jonah is driving when he suddenly suffers an unexpected convulsion, causing his leg to slam down on the accelerator and his car to mount the curb and hit a pedestrian. If the only cause of the collision was this sudden bodily movement during the convulsion, how should a court characterise his physical act for the purpose of criminal liability?",0,"An unexpected convulsion causes a driver to suddenly suffer an unexpected convolution. A convulsing can cause a car to mount the curb and hit a pedestrian. A sudden convulsed leg can cause the car to hit , or slam down on the accelerator, and a foot can cause an induced convulsie. If the only cause of the collision was this sudden bodily movement during the convulsession, how should ",e71325c3b9d933d601634a4f5e7b1a843c478399daf3c221b644da3684dcc0c2,4974.860856260002,636a0d7622a6c8960fcb503a7fdcd05c9c09b994d49a24da327cdefc503e1a02
47,"At Andrew’s assault trial, there is no suggestion he was unconscious, seizing, or sleepwalking; all the evidence shows him standing, speaking, and then punching the complainant. Does the prosecution need specific evidence that the punch was voluntary, or can voluntariness be inferred from these circumstances?",0,The Court of Appeal ruled that a punch must be voluntary in the event of a serious injury.,e71325c3b9d933d601634a4f5e7b1a843c478399daf3c221b644da3684dcc0c2,4974.860856260002,636a0d7622a6c8960fcb503a7fdcd05c9c09b994d49a24da327cdefc503e1a02
48,"Jacob sets off powerful fireworks in a small, crowded backyard. He later admits he knew people could get hurt but did it anyway. In Victoria, what level of criminal culpability best describes his conduct?",0,"In Victorian criminal law, the level of criminal culpability best describes his conduct.",e71325c3b9d933d601634a4f5e7b1a843c478399daf3c221b644da3684dcc0c2,4974.860856260002,636a0d7622a6c8960fcb503a7fdcd05c9c09b994d49a24da327cdefc503e1a02
49,"Liam throws a heavy brick off a freeway overpass into peak-hour traffic. He later tells police, “I knew it might hit a car, but I didn’t really think much more about it.” At trial, the prosecution tells the jury that recklessness is established if Liam knew the brick “might” cause harm. Why is this an incorrect statement of the legal test for recklessness in Victoria?",0,A brick is thrown in a freeway overpass.,e71325c3b9d933d601634a4f5e7b1a843c478399daf3c221b644da3684dcc0c2,4974.860856260002,636a0d7622a6c8960fcb503a7fdcd05c9c09b994d49a24da327cdefc503e1a02
50,Abigail is on trial in Victoria for causing serious injury. She argues that the injury was “an accident” because she pushed a door open without looking and it unexpectedly hit someone on the other side. Can Abigail rely on a standalone defence of “accident” in Victoria?,0,Abigail is on trial in Victoria for causing serious injury. She argues that the injury was “an accident” because she pushed a door open without looking and it unexpectedly hit someone on the other side.,e71325c3b9d933d601634a4f5e7b1a843c478399daf3c221b644da3684dcc0c2,4974.860856260002,636a0d7622a6c8960fcb503a7fdcd05c9c09b994d49a24da327cdefc503e1a02
51,"Ethan punches Marcus once in the head during an argument. Marcus falls, hits his head on the gutter, and dies in hospital two days later. At trial, Ethan admits to killing Marcus by punching him. What elements must still be proved for Ethan to be convicted of murder?",0,The evidence must still be proved to Ethan to be convicted of murder,e71325c3b9d933d601634a4f5e7b1a843c478399daf3c221b644da3684dcc0c2,4974.860856260002,636a0d7622a6c8960fcb503a7fdcd05c9c09b994d49a24da327cdefc503e1a02
52,"Ethan admits he voluntarily and intentionally killed Marcus, a German Shepherd, without lawful justification. Name ONE element of murder that is missing here.",0,"Ethan admits he voluntarily and intentionally killed Marcus, a German Shepherd, without lawful justification.",e71325c3b9d933d601634a4f5e7b1a843c478399daf3c221b644da3684dcc0c2,4974.860856260002,636a0d7622a6c8960fcb503a7fdcd05c9c09b994d49a24da327cdefc503e1a02
53,"Ethan, a sane 24-year-old, intentionally killed Marcus, a child, without lawful justification, and the jury accepts this beyond reasonable doubt. Under Victorian law, how could this still not amount to manslaughter or murder?",0,"The Victorian criminal code states that a man may be guilty of murder if he intentionally kills a child. The sentence is based on a conviction in the trial of Ethan and his friend Marcus, a 24-year-old boy who was found guilty of a murder. Ethan's case against Marcus was a felony, but he was convicted of murder after he pleaded guilty to a misdemean",e71325c3b9d933d601634a4f5e7b1a843c478399daf3c221b644da3684dcc0c2,4974.860856260002,636a0d7622a6c8960fcb503a7fdcd05c9c09b994d49a24da327cdefc503e1a02
54,"Harper, a New South Wales resident, shoots Riley in Sydney. Riley is stabilised in an NSW hospital, then transferred to a specialist trauma unit in Melbourne, where complications arise during surgery and he dies 10 days after the shooting. Can Harper be tried in a Victorian court?",0,"Harper is a New South Wales resident who lives in Sydney and is an Australian citizen. He shoots Riley in Sydney when he is not wearing a uniform. Riley is then transferred to a specialist trauma unit in Melbourne, where complications arise during surgery and he dies 10 days after the shooting. Harper is in the same state as Riley and is referred to as Harper.",e71325c3b9d933d601634a4f5e7b1a843c478399daf3c221b644da3684dcc0c2,4974.860856260002,636a0d7622a6c8960fcb503a7fdcd05c9c09b994d49a24da327cdefc503e1a02
55,"Mila fires a gun recklessly into a crowded apartment block corridor, committing the offence of reckless conduct endangering life. One of the bullets kills Jonah. The prosecution seeks to invoke statutory murder. On what basis could this reckless conduct offence be treated as a foundational offence?",0,"Victorian criminal law covers a number of types of criminal offences, including violent offences. Victoria Criminal Law has been a pioneer in the field of criminal law since Victorian law was introduced in 1874.",e71325c3b9d933d601634a4f5e7b1a843c478399daf3c221b644da3684dcc0c2,4974.860856260002,636a0d7622a6c8960fcb503a7fdcd05c9c09b994d49a24da327cdefc503e1a02
56,"During an argument outside a bar in 2016, Taylor swings once at Jordan’s jaw; Jordan falls backwards, hits their head on the curb and dies from the head injury. For manslaughter by an unlawful and dangerous act, which element of the offence does Crimes Act 1958 s 4A(4) help the jury assess?",0,Criminal law involves the investigation and prosecution of criminal offences,e71325c3b9d933d601634a4f5e7b1a843c478399daf3c221b644da3684dcc0c2,4974.860856260002,636a0d7622a6c8960fcb503a7fdcd05c9c09b994d49a24da327cdefc503e1a02
57,"The accused admits he did not actually think death or really serious injury was likely, but the jury is sure that any reasonable person in his position would have realised they were exposing the victim to an appreciable risk of serious injury. If both reckless murder and manslaughter are left, which verdict does this state of mind support?",0,Victims of violent crime will be able to take legal action against the perpetrator.,e71325c3b9d933d601634a4f5e7b1a843c478399daf3c221b644da3684dcc0c2,4974.860856260002,636a0d7622a6c8960fcb503a7fdcd05c9c09b994d49a24da327cdefc503e1a02
58,"In 2010, Amir and Bella agree to “rough up” a debtor by slapping him around and threatening him, but nothing more. During the confrontation, Bella unexpectedly pulls a knife and fatally stabs the debtor. Amir is charged with manslaughter as a secondary party. If the prosecution relies on the doctrine that extends liability beyond the agreed lesser assault, what must they prove about Amir’s foresight of Bella’s escalation?",0,"Amir and Bella agree to “rough up” a debtor by slapping him around and threatening him, but nothing more. During the confrontation, Bella unexpectedly pulls a knife and fatally stabs the debtor. Amir is charged with manslaughter as a secondary party. If the prosecution relies on the doctrine that extends liability beyond the agreed lesser assault, what must they prove about Amir",e71325c3b9d933d601634a4f5e7b1a843c478399daf3c221b644da3684dcc0c2,4974.860856260002,636a0d7622a6c8960fcb503a7fdcd05c9c09b994d49a24da327cdefc503e1a02
59,"A person is sitting in the back seat of a moving taxi when the taxi strikes a pedestrian at a crossing, killing them instantly. The prosecution later alleges that this rear-seat passenger is guilty of culpable driving causing death because he was driving a motor vehicle at the time of the collision. Is this a sound argument?",0,A taxi driver who is driving a motor vehicle at the time of a collision is culpable for causing death.,e71325c3b9d933d601634a4f5e7b1a843c478399daf3c221b644da3684dcc0c2,4974.860856260002,636a0d7622a6c8960fcb503a7fdcd05c9c09b994d49a24da327cdefc503e1a02
60,"In a culpable driving causing death trial, the prosecution tells the jury: “You cannot find the accused guilty unless you are sure he actually realised his driving fell well below that of an ordinary careful driver; if he was simply unaware of the danger, you must acquit.” Is this an accurate statement of the law?",0,"The law of Victoria states that a person can be charged with a charge of driving while intoxicated, but not for the reason that the person was not intoxicating.",e71325c3b9d933d601634a4f5e7b1a843c478399daf3c221b644da3684dcc0c2,4974.860856260002,636a0d7622a6c8960fcb503a7fdcd05c9c09b994d49a24da327cdefc503e1a02
61,Two friends agree to race their cars along a suburban street. One driver loses control and fatally hits a cyclist; the other does not crash. On what general basis could the second driver still be held responsible for the death?,0,The first driver of the second car loses control and fatally hits a cyclist.,e71325c3b9d933d601634a4f5e7b1a843c478399daf3c221b644da3684dcc0c2,4974.860856260002,636a0d7622a6c8960fcb503a7fdcd05c9c09b994d49a24da327cdefc503e1a02
62,"While driving late at night, Jerry fails to see a cyclist and runs him over, killing him instantly. Jerry was not drunk, reckless or negligent. Why does it matter to the prosecution that Jerry knew his headlights were broken before driving?",0,Jerry was not drunk or reckless or negligent.,e71325c3b9d933d601634a4f5e7b1a843c478399daf3c221b644da3684dcc0c2,4974.860856260002,636a0d7622a6c8960fcb503a7fdcd05c9c09b994d49a24da327cdefc503e1a02
63,"Asha is Ben’s manager at work. One evening they both freely and voluntarily have sex. Two days after the act, Asha regrets her decision. Does this mean Asha's consent was violated?",0,"Asha is Ben’s manager at work. One evening they both freely and voluntarily have sex. Two days after the act, Asha regrets her decision.",e71325c3b9d933d601634a4f5e7b1a843c478399daf3c221b644da3684dcc0c2,4974.860856260002,636a0d7622a6c8960fcb503a7fdcd05c9c09b994d49a24da327cdefc503e1a02
64,"Jones is on trial for an unnamed sexual offence. He says that, in his culture, silence or lack of resistance means agreement. In light of this explanation, what specific issue about Jones awareness must the jury determine when deciding his guilt?",0,"Jones is on trial for an unnamed sexual offence. He says that, in his culture, silence or lack of resistance means agreement. In light of this explanation, what specific issue about Jones awareness must the jury determine when deciding his guilt?",e71325c3b9d933d601634a4f5e7b1a843c478399daf3c221b644da3684dcc0c2,4974.860856260002,636a0d7622a6c8960fcb503a7fdcd05c9c09b994d49a24da327cdefc503e1a02
65,"Jones is on trial for an unnamed sexual offence. He says that, in his culture, silence or lack of resistance means agreement. Must the jury learn more about this culture to decide whether he reasonably believed there was consent?",0,"Jones is on trial for an unnamed sexual offence. He says that, in his culture, silence or lack of resistance means agreement. Must the jury learn more about this culture to decide whether he reasonably believed there was consent?",e71325c3b9d933d601634a4f5e7b1a843c478399daf3c221b644da3684dcc0c2,4974.860856260002,636a0d7622a6c8960fcb503a7fdcd05c9c09b994d49a24da327cdefc503e1a02
66,"After an alleged sexual assault, Liam goes straight to his sister’s apartment and, sobbing and struggling to speak, tells her what happened. At trial, the prosecution calls his sister to describe his emotional state when he reported it. Why might Liam’s behaviour at that time be important evidence against the accused?",0,"An alleged sexual assault occurs when a man, often known as a sex offender, is sexually assaulted. The alleged sexting is usually carried out with a sharp object, such as bare skin or an earring, or a knife, or both. If a person is sexual, the alleged offender is usually considered a victim and the sexual offender should be held to account.",e71325c3b9d933d601634a4f5e7b1a843c478399daf3c221b644da3684dcc0c2,4974.860856260002,636a0d7622a6c8960fcb503a7fdcd05c9c09b994d49a24da327cdefc503e1a02
67,"At trial, the complainant describes an alleged sexual assault in a completely flat tone, without visible emotion. Some jurors think this means she is “probably lying.” Is this a valid assumption?",0,"A sexual assault is a sexual assault committed by someone who is alleged to have committed an act of sexual exploitation. Sexual assault is defined as the act of intentionally causing or causing bodily harm to another person or persons, and is considered a form of sexual conduct.",e71325c3b9d933d601634a4f5e7b1a843c478399daf3c221b644da3684dcc0c2,4974.860856260002,636a0d7622a6c8960fcb503a7fdcd05c9c09b994d49a24da327cdefc503e1a02
68,"Assume the year is 2012. Why is it problematic for a judge to direct the jury that the prosecution must prove the accused “intended to commit rape in the sense that, at the time of penetration, he knew the complainant was not or might not be consenting”?",0,A criminal conviction should be based on the evidence presented and it should be in the public domain.,e71325c3b9d933d601634a4f5e7b1a843c478399daf3c221b644da3684dcc0c2,4974.860856260002,636a0d7622a6c8960fcb503a7fdcd05c9c09b994d49a24da327cdefc503e1a02
69,"The prosecution alleges that the accused forced the complainant to put his own penis into his own mouth. Under the current statutory definition, does this amount to sexual penetration of oneself?",0,"The prosecution alleges that the accused forced the complainant to put his own penis into his own mouth. Under the current statutory definition, does this amount to sexual penetration of oneself?",e71325c3b9d933d601634a4f5e7b1a843c478399daf3c221b644da3684dcc0c2,4974.860856260002,636a0d7622a6c8960fcb503a7fdcd05c9c09b994d49a24da327cdefc503e1a02
70,"In 2016, person A instructs person C to insert person C’s finger into person B’s mouth. Under the definition of “sexual penetration” in s 37D of the Crimes Act 1958, why does this not amount to person A sexually penetrating person B?",0,"In the Crimes Act 1958, person A instructs person C to insert person C’s finger into person B’s mouth. Under the definition of “sexual penetration” in s 37D of the Crime Law 1958, because person A sexually penetrating person B does not constitute a sexually transmitted disease.",e71325c3b9d933d601634a4f5e7b1a843c478399daf3c221b644da3684dcc0c2,4974.860856260002,636a0d7622a6c8960fcb503a7fdcd05c9c09b994d49a24da327cdefc503e1a02
71,"In 2016, person A instructs person C to insert person C’s penis into person B’s mouth. Under the definition of “sexual penetration” in s 37D of the Crimes Act 1958, why does this amount to person A sexually penetrating person B?",0,"In the Crimes Act 1958, person A instructs person C to insert person C’s penis into person B’s mouth. Under the definition of “sexual penetration” in s 37D of the Crime's Act 1959, person C sexually penetrating person B is considered a felony.",e71325c3b9d933d601634a4f5e7b1a843c478399daf3c221b644da3684dcc0c2,4974.860856260002,636a0d7622a6c8960fcb503a7fdcd05c9c09b994d49a24da327cdefc503e1a02
72,"Under Victorian law, can a person assigned male at birth be sexually penetrated somewhere other than the anus or mouth?",0,A sexually transmitted disease (STI) is a severe sexual infection that develops from the infected man's fetus and causes him or her to become aggressive or violent.,e71325c3b9d933d601634a4f5e7b1a843c478399daf3c221b644da3684dcc0c2,4974.860856260002,636a0d7622a6c8960fcb503a7fdcd05c9c09b994d49a24da327cdefc503e1a02
73,"On a crowded tram, Caleb briefly brushes Rina’s hand while reaching for a pole; later he privately admits he finds her attractive and had a sexual interest in her. On these grounds alone, is Caleb’s private sexual interest enough to make that brief hand contact “sexual touching”?",0,"In Victorian criminal law, sexual contact is a form of sex and is not sexual. Sexual contact is usually done through bodily contact with an object. However, in Victoria sexual contact can also be done through the mouth.",e71325c3b9d933d601634a4f5e7b1a843c478399daf3c221b644da3684dcc0c2,4974.860856260002,636a0d7622a6c8960fcb503a7fdcd05c9c09b994d49a24da327cdefc503e1a02
74,"Assume the year is 2011. Nina is sexually aroused by feet and secretly attracted to her colleague Caleb. During a meeting, she slowly removes his shoe under the table, later admitting she did so purely for her own sexual gratification. Does her sexual motive alone make the removal of Caleb’s shoe an indecent assault?",0,"The sentence of removal of Caleb’s shoe by the Court of Victoria is a crime punishable by a maximum sentence of 10 years in prison and a fine of up to $25,000 (£1,500) and restitution of the victim.",e71325c3b9d933d601634a4f5e7b1a843c478399daf3c221b644da3684dcc0c2,4974.860856260002,636a0d7622a6c8960fcb503a7fdcd05c9c09b994d49a24da327cdefc503e1a02
75,"During an argument, Imogen swings her fist at Sara but stops just short. Sara flinches and braces for impact, but later says she “wasn’t actually scared.” Why doesn’t Sara’s claim that she wasn’t afraid stop Imogen’s conduct from amounting to assault?",0,Imogen is a convicted criminal under Victorian law.,e71325c3b9d933d601634a4f5e7b1a843c478399daf3c221b644da3684dcc0c2,4974.860856260002,636a0d7622a6c8960fcb503a7fdcd05c9c09b994d49a24da327cdefc503e1a02
76,“I’m not from law enforcement and I’m going to illegally kill you in the next couple of years or so” does not amount to assault because which element of the offence is missing?,0,Victorian criminal law focuses on the use of force by police officers.,e71325c3b9d933d601634a4f5e7b1a843c478399daf3c221b644da3684dcc0c2,4974.860856260002,636a0d7622a6c8960fcb503a7fdcd05c9c09b994d49a24da327cdefc503e1a02
77,"Mia receives several late-night calls from Noah. Each time she answers, he says nothing. Knowing his violent history, she believes he is outside about to attack. What is the citation of the common law case that held this conduct can amount to assault?",0,The common law case that held this conduct can amount to assault is an Australian court case.,e71325c3b9d933d601634a4f5e7b1a843c478399daf3c221b644da3684dcc0c2,4974.860856260002,636a0d7622a6c8960fcb503a7fdcd05c9c09b994d49a24da327cdefc503e1a02
78,"Assault' is defined to mean the direct or indirect application of force to the body of, or to the clothing or equipment worn by, a person. “Application of force” is defined to include the application of heat, light, electric current or any other form of energy, as well as the application of matter in solid, liquid or gaseous form. For the purposes of Victorian criminal law as it pertains to assault, which statute establishes the meaning of a police officer?",0,"Assault' is defined to mean the direct or indirect application of force to the body of, or to the clothing or equipment worn by, a person. Assisting means the direct application of a force to a body or to ...",e71325c3b9d933d601634a4f5e7b1a843c478399daf3c221b644da3684dcc0c2,4974.860856260002,636a0d7622a6c8960fcb503a7fdcd05c9c09b994d49a24da327cdefc503e1a02
79,"Officer Harper stops Liam on the street, says, “I’m just curious if you’ve got anything on you,” and, without any lawful basis, searches his pockets and finds drugs. Liam resists and accidentally strikes Harper during the unlawful search. In these circumstances, is Harper acting “in the execution of her duty” at the time of the alleged assault?",0,"In Victorian criminal law, it is considered to be the duty of a police officer to investigate a crime and to investigate the circumstances surrounding the crime. The duty of the officer is to ensure that the crime is not committed in a derogatory manner. In the event that a criminal is involved in an incident that causes the death of 'a witness or a witness,' then the duty is not to interfere with the investigation and must be done as required",e71325c3b9d933d601634a4f5e7b1a843c478399daf3c221b644da3684dcc0c2,4974.860856260002,636a0d7622a6c8960fcb503a7fdcd05c9c09b994d49a24da327cdefc503e1a02
80,"As officers move in to arrest Malik outside a bar, his friend Tia sees them coming and yells, “Run, they’re about to grab you!” intending to help him escape. What key fact about the effect of Tia’s warning must be proved in order to charge her with obstruction?",0,"As officers move in to arrest Malik outside a bar, his friend Tia sees them coming and yells, “Run, they’re about to grab you!” intending to help him escape. What key fact about the effect of Tia’s warning must be proved in order to charge her with obstruction?",e71325c3b9d933d601634a4f5e7b1a843c478399daf3c221b644da3684dcc0c2,4974.860856260002,636a0d7622a6c8960fcb503a7fdcd05c9c09b994d49a24da327cdefc503e1a02
81,Which Victorian statute amended the Crimes Act 1958 to cover stalking over the internet?,0,Victorian criminal law was a law which was enacted in 1958 to cover stalking.,e71325c3b9d933d601634a4f5e7b1a843c478399daf3c221b644da3684dcc0c2,4974.860856260002,636a0d7622a6c8960fcb503a7fdcd05c9c09b994d49a24da327cdefc503e1a02
82,"What are the elements of carjacking? Actually, I can answer that question for you. The offence has the following three elements: (i) The accused stole a vehicle; (ii) Immediately before or at the time of the theft, the accused: (a) Used force on any person; or (b) Put any person in fear that s/he or another person would, then and there, be subject to the use of force; or (c) Sought to put any person in fear that s/he or another person would, then and there, be subject to the use of force; and (iii) The accused did so in order to commit the theft (Crimes Act 1958 s 79(1)). Answer only this question: In a large shopping centre, Soraya stands in one spot near the central atrium all afternoon, turning only her head and eyes to keep Felix in view as he walks between different levels and stores. She never changes her physical position. On these facts, does Soraya follow Felix?",0,"A carjacking crime in Victorian law is a criminal offence involving a vehicle being driven by a third party and causing it to crash. The crime is punishable by imprisonment for life or death, and may also carry a fine of up to 5000 V.V. The carjacker is also subject to the same type of criminal offender as the third party, but the carjackers do not have to be a member of the",e71325c3b9d933d601634a4f5e7b1a843c478399daf3c221b644da3684dcc0c2,4974.860856260002,636a0d7622a6c8960fcb503a7fdcd05c9c09b994d49a24da327cdefc503e1a02
83,"Angry at Leo, Martina repeatedly dumps dead flowers and threatening notes on his doorstep and also tags him in public posts accusing him of crimes, hoping his employer will see them. Which two separate stalking acts in statutes best capture this pattern? The following information is irrelevant to answering the question: In 2013, Leo was convicted of “manslaughter by unlawful and dangerous act.” During the trial, a jury member asked the judge the following question: “Under Victorian law, what is the first element of an unlawful and dangerous act causing death and what does it entail? And also, what are the other elements to this offence? And how is it different to negligent manslaughter?”",0,Victorian law provides for the following:,e71325c3b9d933d601634a4f5e7b1a843c478399daf3c221b644da3684dcc0c2,4974.860856260002,636a0d7622a6c8960fcb503a7fdcd05c9c09b994d49a24da327cdefc503e1a02
84,"Mary is Rafa’s mother. Twelve-year-old Rafa has been especially naughty this week: on Monday he threw water on his brother Gregory, and on Tuesday he stole his sister’s watch. On Wednesday, as punishment, Mary confines Rafa to his room for an hour. What are the citations of the cases suggesting that Mary’s treatment of Rafa is lawful? As an aside, let's talk about Mary’s childhood. When Mary was younger, she was part of a violent gang. She would roam the streets carrying a cricket bat, and when elderly women walked past, Mary would swing the bat towards them, never actually hitting them but bringing it close enough to make them believe they were about to be struck. One day, Mary was caught by the police. She was charged with assault not involving the application of force but was never convicted because the prosecution couldn’t prove the first element of the offence.",0,Mary is Rafa’s mother.,e71325c3b9d933d601634a4f5e7b1a843c478399daf3c221b644da3684dcc0c2,4974.860856260002,636a0d7622a6c8960fcb503a7fdcd05c9c09b994d49a24da327cdefc503e1a02
85,"After an argument at home, 15-year-old Felix storms out and gets into the car of his aunt, Rosa, who takes him to stay at her house. Rosa used no trickery or threats, but she knows Felix’s parents want him back and tells him, “You can stay here as long as you like.” On these facts, is Rosa’s conduct closer to taking a child or harbouring a child under the Victorian law?",0,Rosa’s behaviour is not considered to be taking a child.,e71325c3b9d933d601634a4f5e7b1a843c478399daf3c221b644da3684dcc0c2,4974.860856260002,636a0d7622a6c8960fcb503a7fdcd05c9c09b994d49a24da327cdefc503e1a02
86,"A 13-year-old, Hamish, orders a rideshare to a friend’s house after a fight with his parents. The driver, Zoe, picks him up outside his home, asks “Are your parents okay with you going?”, gets a vague shrug, but offers no encouragement and simply follows the entered destination. On these facts, has Zoe taken Hamish away?",0,"Victorian Criminal Law provides that a person may be taken away from a home by a driver who, after an argument, is unable to take the vehicle and is a minor.",e71325c3b9d933d601634a4f5e7b1a843c478399daf3c221b644da3684dcc0c2,4974.860856260002,636a0d7622a6c8960fcb503a7fdcd05c9c09b994d49a24da327cdefc503e1a02
87,"During a gig, Luca quietly picks up someone else’s guitar, uses it for his set, then returns it to exactly the same spot before the owner notices. He always planned to put it back. On these facts alone, has Luca formed the mental element for theft?",0,The following sentences describe the mental condition in which Luca has formed the mental element for theft.,e71325c3b9d933d601634a4f5e7b1a843c478399daf3c221b644da3684dcc0c2,4974.860856260002,636a0d7622a6c8960fcb503a7fdcd05c9c09b994d49a24da327cdefc503e1a02
88,How does the definition of “dishonesty” under Commonwealth law differ from that used in Victorian law?,0,The Victorian Act 1994 provides for the definition of “dishonesty” under the terms of the Victorian criminal code.,e71325c3b9d933d601634a4f5e7b1a843c478399daf3c221b644da3684dcc0c2,4974.860856260002,636a0d7622a6c8960fcb503a7fdcd05c9c09b994d49a24da327cdefc503e1a02
89,What is a good?,0,Good legal evidence is evidence that a law is good.,e71325c3b9d933d601634a4f5e7b1a843c478399daf3c221b644da3684dcc0c2,4974.860856260002,636a0d7622a6c8960fcb503a7fdcd05c9c09b994d49a24da327cdefc503e1a02
90,"Kai forces the owner of a vacant farm to leave, then lives there rent-free for six months, locking everyone else out of the gate and using it as his own space. For the purposes of handling stolen goods, does Kai’s wrongful occupation turn the land itself into “stolen goods”?",0,"Kai forces the owner of a vacant farm to leave, then lives there rent-free for six months, locking everyone else out of the gate and using it as his own space. For the purposes of handling stolen goods, does Kai’s wrongful occupation turn the land itself into “stolen goods”?",e71325c3b9d933d601634a4f5e7b1a843c478399daf3c221b644da3684dcc0c2,4974.860856260002,636a0d7622a6c8960fcb503a7fdcd05c9c09b994d49a24da327cdefc503e1a02
91,Carmen submits a valuation certificate for 500 crates of “premium truffles” that don’t exist and uses it to support a finance application. Which case has been treated as authority that a valuation of non-existent goods is fraudulent in this way?,0,The case of Carmen submitted a valuation certificate for 500 crates of “premium truffles” that don’t exist and uses it to support a finance application. Which case has been treated as authority that a value of non-existent goods is fraudulent in this way?,e71325c3b9d933d601634a4f5e7b1a843c478399daf3c221b644da3684dcc0c2,4974.860856260002,636a0d7622a6c8960fcb503a7fdcd05c9c09b994d49a24da327cdefc503e1a02
92,"One element of theft is an intention to permanently deprive the owner of property. Nicholas threatens to smash his neighbour’s car unless she pays him $500 “for the damage you did last year,” an amount she genuinely owes. He intends to keep the $500 permanently but makes no claim over any other property. On these facts, which offence does his state of mind more clearly support – theft or blackmail – and why?",0,The following is a list of crime in Victorian society:,e71325c3b9d933d601634a4f5e7b1a843c478399daf3c221b644da3684dcc0c2,4974.860856260002,636a0d7622a6c8960fcb503a7fdcd05c9c09b994d49a24da327cdefc503e1a02
93,"Rafi, a former executive of a publicly traded company, phones the current CEO and says, “Transfer $1 million to my account or I’ll leak information that will seriously damage your company's valuation.” Years earlier, Rafi was convicted of assault not involving force. Under Victorian law, what technical label best fits this kind of threat, and which reported case in your materials is cited as authority for treating market-damage threats in this way?",0,Victorian law focuses on determining what type of threat a company poses and how it can be handled.,e71325c3b9d933d601634a4f5e7b1a843c478399daf3c221b644da3684dcc0c2,4974.860856260002,636a0d7622a6c8960fcb503a7fdcd05c9c09b994d49a24da327cdefc503e1a02
94,"Josh deliberately and dishonestly destroys physical bank documents that record a loan he still owes, hoping to improve his own financial position. Which specific offence best captures Josh's conduct?",0,"In Victorian criminal law, a bank is a body which holds financial information. Banks have been the subject of a number of legal proceedings. Bank documents are considered documents that are kept for records.",e71325c3b9d933d601634a4f5e7b1a843c478399daf3c221b644da3684dcc0c2,4974.860856260002,636a0d7622a6c8960fcb503a7fdcd05c9c09b994d49a24da327cdefc503e1a02
95,"Marco transfers cryptocurrency through multiple wallets to make it harder to trace, fully aware it came from a fraud scheme. Under the Victorian “dealing with proceeds of crime” offences, which physical element is clearly satisfied by his conduct, and which highest mental state could be charged on these facts?",0,"The Victorian statutory statutory offences are  s. v. o. c. , . st. n. m. p. a. , i.e., a criminal offence punishable by up to 15 years in prison and a fine of up to $750.",e71325c3b9d933d601634a4f5e7b1a843c478399daf3c221b644da3684dcc0c2,4974.860856260002,636a0d7622a6c8960fcb503a7fdcd05c9c09b994d49a24da327cdefc503e1a02
96,"Smith is a dealer, and so is his friend Walter. After some haggling, they agree to swap a quantity of Smith’s cocaine for Walter’s ice. Which case is specifically cited to show that this type of deal amounts to trafficking?",0,A criminal case involving a drug dealer and Walter is cited in the Victorian Criminal Code.,e71325c3b9d933d601634a4f5e7b1a843c478399daf3c221b644da3684dcc0c2,4974.860856260002,636a0d7622a6c8960fcb503a7fdcd05c9c09b994d49a24da327cdefc503e1a02
97,"Over six months, Minh alternates between weeks of intense dealing and long quiet stretches with no proven activity. The transactions involve different drugs, buyers and locations, but all are commercial. The indictment alleges he “trafficked” by carrying on a business over that whole period. What must the jury be satisfied of, given the patchy pattern of conduct?",0,"The transactions involve different drugs, buyers and locations, but all are commercial. The indictment alleges he “trafficked” by carrying on a business over that whole period. What must the jury be satisfied of, given the patchy pattern of conduct?",e71325c3b9d933d601634a4f5e7b1a843c478399daf3c221b644da3684dcc0c2,4974.860856260002,636a0d7622a6c8960fcb503a7fdcd05c9c09b994d49a24da327cdefc503e1a02
98,"“The salt of the abovementioned drugs, derivates and _______” Which word goes in the blank and which act does this phrase belong to?",0,"The Salt of the abovementioned drugs, derivates and _",e71325c3b9d933d601634a4f5e7b1a843c478399daf3c221b644da3684dcc0c2,4974.860856260002,636a0d7622a6c8960fcb503a7fdcd05c9c09b994d49a24da327cdefc503e1a02
99,"After a grave insult, Jordan cools off for several hours, then calmly returns and kills. Which state of mind required for provocation is missing on these facts, and what is the technical term for it?",0,The psyche of an unarmed person is a state of mind that is required for provocation.,e71325c3b9d933d601634a4f5e7b1a843c478399daf3c221b644da3684dcc0c2,4974.860856260002,636a0d7622a6c8960fcb503a7fdcd05c9c09b994d49a24da327cdefc503e1a02
100,"“There was an agreement between the accused and the deceased to seek the _____ of all parties to the agreement.” What is the missing word, and where is this specific phrase used?",0,The statute of limitations for a criminal offence is 31 days.,e71325c3b9d933d601634a4f5e7b1a843c478399daf3c221b644da3684dcc0c2,4974.860856260002,636a0d7622a6c8960fcb503a7fdcd05c9c09b994d49a24da327cdefc503e1a02
1,"Bob and Ted are close friends. Ted is on trial for drug offences, and Bob has been selected as a juror in Ted’s case. Is the judge required to excuse Bob from serving on the jury?",1,A judge can not be excused from the jury if he has been selected as a juror in a drug case.,e71325c3b9d933d601634a4f5e7b1a843c478399daf3c221b644da3684dcc0c2,4974.860856260002,636a0d7622a6c8960fcb503a7fdcd05c9c09b994d49a24da327cdefc503e1a02
2,"Harry is serving as a juror in a burglary trial. He is also a professional locksmith. During the proceedings, Harry is shown a lock which, in his expert view, is too damaged to have been lockpicked in the manner described in court. Why might Harry's expert knowledge of lockpicking be irrelevant when assessing the physical evidence?",1,A legal expert is not legally bound to know a lockpicking technique or have knowledge of it.,e71325c3b9d933d601634a4f5e7b1a843c478399daf3c221b644da3684dcc0c2,4974.860856260002,636a0d7622a6c8960fcb503a7fdcd05c9c09b994d49a24da327cdefc503e1a02
3,"Isaac is on trial for statutory murder of an emergency worker. You are his barrister. Should you notify the jury that, according to the Crimes Act 1958, the standard sentence for this offence is 30 years imprisonment?",1,The minimum sentence for statutory murder is 30 years imprisonment.,e71325c3b9d933d601634a4f5e7b1a843c478399daf3c221b644da3684dcc0c2,4974.860856260002,636a0d7622a6c8960fcb503a7fdcd05c9c09b994d49a24da327cdefc503e1a02
4,Should jurors be excused if they have encountered news stories about the accused prior to the trial commencing?,1,The prevailing practice is that jurors should be excused for a public-relations situation.,e71325c3b9d933d601634a4f5e7b1a843c478399daf3c221b644da3684dcc0c2,4974.860856260002,636a0d7622a6c8960fcb503a7fdcd05c9c09b994d49a24da327cdefc503e1a02
5,"Frank and Joe are jurors in an arson trial. Over the weekend, Joe finds photos of the accused holding a petrol canister and texts them to Frank. Having received this new information, what should Frank do?",1,The defendant must inform the jury that he is the accused.,e71325c3b9d933d601634a4f5e7b1a843c478399daf3c221b644da3684dcc0c2,4974.860856260002,636a0d7622a6c8960fcb503a7fdcd05c9c09b994d49a24da327cdefc503e1a02
6,Does the standard of proof of “beyond reasonable doubt” imply that the jury must be fully convinced of every claim the prosecution has made?,1,The standard of proof must be beyond reasonable doubt.,e71325c3b9d933d601634a4f5e7b1a843c478399daf3c221b644da3684dcc0c2,4974.860856260002,636a0d7622a6c8960fcb503a7fdcd05c9c09b994d49a24da327cdefc503e1a02
7,"Sally is accused of cultivating narcotic plants in her backyard. One of the elements of this charge is that “the accused intentionally cultivated or attempted to cultivate a particular substance.” To establish whether this is the case, the judge believes it would be valuable to visit Sally’s backyard and have the jury examine it for themselves. What is the name of the legal procedure whereby the court travels to a location relevant to the charge?",1,The judge must visit the defendant’s backyard and have the jury examine it for themselves.,e71325c3b9d933d601634a4f5e7b1a843c478399daf3c221b644da3684dcc0c2,4974.860856260002,636a0d7622a6c8960fcb503a7fdcd05c9c09b994d49a24da327cdefc503e1a02
8,"Josh is 21 years old. He witnessed a murder that was clearly perpetrated by the accused. The prosecution, however, needs to determine whether the accused committed the acts voluntarily, thus satisfying the elements of intentional or reckless murder. In court, the judge plays a recording of Josh giving his eyewitness testimony. What is this evidentiary process called?",1,"The court must determine whether the accused committed the acts voluntarily, thus satisfying the elements of intentional or reckless murder.",e71325c3b9d933d601634a4f5e7b1a843c478399daf3c221b644da3684dcc0c2,4974.860856260002,636a0d7622a6c8960fcb503a7fdcd05c9c09b994d49a24da327cdefc503e1a02
9,"Olivia illegally bought cannabis from a tobacconist. As she left, she saw a man firebomb the store. She is now a witness in the arson trial. What legal privilege should she consider when giving her evidence?",1,"In Victorian criminal law, you can buy cannabis from a tobacconist if you are a smoker or legally licensed. You can buy marijuana from smoked tobacco for up to a year after you smoke.",e71325c3b9d933d601634a4f5e7b1a843c478399daf3c221b644da3684dcc0c2,4974.860856260002,636a0d7622a6c8960fcb503a7fdcd05c9c09b994d49a24da327cdefc503e1a02
10,Emma is found in possession of someone else’s phone but has no documentation of how she obtained it. Emma’s counsel argues that possession of the phone is circumstantial evidence and thus completely inadmissible to establish guilt. Is Emma’s counsel correct?,1,Emma’s counsel argues that possession of the phone is circumstantial evidence and thus completely inadmissible to establish guilt.,e71325c3b9d933d601634a4f5e7b1a843c478399daf3c221b644da3684dcc0c2,4974.860856260002,636a0d7622a6c8960fcb503a7fdcd05c9c09b994d49a24da327cdefc503e1a02
11,"John is on trial for an unnamed offence. John testifies that he could not have committed the offence because he was at an arcade 10 miles away when the offence took place. Earlier, the jury accepted arcade tickets as evidence of John's alibi. John’s counsel now argues that, given this plausible alibi, John could not have committed the crime. What type of reasoning is this an example of?",1,"John's counsel now argues that, given this plausible alibi, John could not have committed the crime.",e71325c3b9d933d601634a4f5e7b1a843c478399daf3c221b644da3684dcc0c2,4974.860856260002,636a0d7622a6c8960fcb503a7fdcd05c9c09b994d49a24da327cdefc503e1a02
12,Does Victoria have a law/laws protecting against double jeopardy?,1,"Double jeopardy is a courtroom game that involves two players being asked to perform a number of different actions on a set of targets, in which the opponent must be able to pass multiple times before being awarded the same number of points.",e71325c3b9d933d601634a4f5e7b1a843c478399daf3c221b644da3684dcc0c2,4974.860856260002,636a0d7622a6c8960fcb503a7fdcd05c9c09b994d49a24da327cdefc503e1a02
13,"Sophie and Hazel are two of twelve jurors in a trial. Both are uncertain of their verdict, while the remaining ten jurors believe the accused is guilty. The jury is becoming frustrated with Sophie and Hazel's indecision, but the judge instructs the jury to continue deliberating. What is this instruction called?",1,"Sophie and Hazel are two of twelve jurors in a trial. Both are uncertain of their verdict, while the remaining ten jurords believe the accused is guilty. The jury is becoming frustrated with Sophie and Hacie's indecision, but the judge instructs the jury to continue deliberating.",e71325c3b9d933d601634a4f5e7b1a843c478399daf3c221b644da3684dcc0c2,4974.860856260002,636a0d7622a6c8960fcb503a7fdcd05c9c09b994d49a24da327cdefc503e1a02
14,"Tim is on trial for aggravated burglary. Before Tim gives evidence, his counsel calls another witness to testify first. Why might this be a bad idea for the defence?",1,The defence will be able to use the evidence before the trial begins.,e71325c3b9d933d601634a4f5e7b1a843c478399daf3c221b644da3684dcc0c2,4974.860856260002,636a0d7622a6c8960fcb503a7fdcd05c9c09b994d49a24da327cdefc503e1a02
15,Paul is 12 years old. He is a witness in a trial related to a common law riot. You are counsel for the accused. Should you argue that Paul’s is fundamentally untrustworthy because of his age?,1,The Court may decide that the witness is untrustworthy because of his age.,e71325c3b9d933d601634a4f5e7b1a843c478399daf3c221b644da3684dcc0c2,4974.860856260002,636a0d7622a6c8960fcb503a7fdcd05c9c09b994d49a24da327cdefc503e1a02
16,Can the defence use good character evidence to argue the accused is innocent?,1,A lawyer should have evidence of innocence in the case of an indecent assault.,e71325c3b9d933d601634a4f5e7b1a843c478399daf3c221b644da3684dcc0c2,4974.860856260002,636a0d7622a6c8960fcb503a7fdcd05c9c09b994d49a24da327cdefc503e1a02
17,Can the prosecution freely use bad character evidence to argue the accused is guilty?,1,"A court may impose a fine or imprisonment for violating its order, which may be of a variety of reasons, such as: a) a reasonable accommodation for the infringing party (and/or a breach of the order), b) the defendant's willingness to accept a plea, or c) the circumstances surrounding the infraction.",e71325c3b9d933d601634a4f5e7b1a843c478399daf3c221b644da3684dcc0c2,4974.860856260002,636a0d7622a6c8960fcb503a7fdcd05c9c09b994d49a24da327cdefc503e1a02
18,"Sam is on trial for murdering her neighbour. The prosecution presents a text from Sam to a friend saying, “I murdered my neighbour today.” What must be established for this text to be treated as an admission?",1,The text must be a statement of a specific crime.,e71325c3b9d933d601634a4f5e7b1a843c478399daf3c221b644da3684dcc0c2,4974.860856260002,636a0d7622a6c8960fcb503a7fdcd05c9c09b994d49a24da327cdefc503e1a02
19,"Omar is charged with intentionally causing serious injury. In a recorded interview, he admits being at the scene and pushing the complainant but denies using a weapon or intending serious harm. At trial, the prosecution asks the jury to accept the incriminating parts of the interview but treat his denial of using a weapon as lies. Does this necessarily involve ‘consciousness of guilt’ reasoning?",1,The purpose of the court is to determine whether the defendant intends to cause serious injury.,e71325c3b9d933d601634a4f5e7b1a843c478399daf3c221b644da3684dcc0c2,4974.860856260002,636a0d7622a6c8960fcb503a7fdcd05c9c09b994d49a24da327cdefc503e1a02
20,"Liam is on trial for arson. His sister gives evidence that, at a family dinner, she said, “The police think you set fire to Dad’s shed. You didn’t do it, did you?” Liam, who had been speaking normally, then went silent and looked down. Can this be used as evidence probative of guilt?",1,"Liam is on trial for arson. His sister gives evidence that, at a family dinner, she said, “The police think you set fire to Dad’s shed. You didn’t do it, did you?” Liam, who had been speaking normally, then went silent and looked down.",e71325c3b9d933d601634a4f5e7b1a843c478399daf3c221b644da3684dcc0c2,4974.860856260002,636a0d7622a6c8960fcb503a7fdcd05c9c09b994d49a24da327cdefc503e1a02
21,"At Zoe’s assault trial, the prosecution argues that her blank, expressionless stare at photos of the injured complainant indicates guilt. Is this argument sound?",1,"The prosecution does not have to be a court-appointed lawyer, but a solicitor.",e71325c3b9d933d601634a4f5e7b1a843c478399daf3c221b644da3684dcc0c2,4974.860856260002,636a0d7622a6c8960fcb503a7fdcd05c9c09b994d49a24da327cdefc503e1a02
22,The defence raises the issue of mental impairment and bears the onus of proving it. There is a psychiatrist who has examined the accused. Is the prosecution required to call this psychiatrist as a witness?,1,The defendant has to be a mental impairment sufferer and must be able to demonstrate the impairment.,e71325c3b9d933d601634a4f5e7b1a843c478399daf3c221b644da3684dcc0c2,4974.860856260002,636a0d7622a6c8960fcb503a7fdcd05c9c09b994d49a24da327cdefc503e1a02
23,"Sarah is tried for armed robbery. She does not give or call any evidence. In closing, the prosecution avoids mentioning her silence directly but repeatedly stresses that “only the prosecution’s account is supported by evidence.” Is this submission by the prosecution permissible?",1,"In this case, a defendant may be considered to be the victim of a criminal offence without having provided evidence.",e71325c3b9d933d601634a4f5e7b1a843c478399daf3c221b644da3684dcc0c2,4974.860856260002,636a0d7622a6c8960fcb503a7fdcd05c9c09b994d49a24da327cdefc503e1a02
24,"In a criminal trial, defence counsel fails to challenge an important part of a prosecution witness’s evidence and later runs a case theory inconsistent with that evidence. The prosecution complains that this has caused unfairness. As the trial judge, how should you decide what to do about it?",1,"In a criminal trial, defence counsel fails to challenge an important part of a prosecution witness’s evidence and later runs a case theory inconsistent with that evidence. The prosecution complains that this has caused unfairness. As the trial judge, how should you decide what to do about it?",e71325c3b9d933d601634a4f5e7b1a843c478399daf3c221b644da3684dcc0c2,4974.860856260002,636a0d7622a6c8960fcb503a7fdcd05c9c09b994d49a24da327cdefc503e1a02
25,"In an armed robbery trial, a shop assistant who has served the accused every week for years is shown still images from CCTV and says, “Based on how he looks, that’s the same customer who comes into my store.” What type of identification evidence is this an example of?",1,"CCTV shows the criminal armed robbery victim as a ‘self-respecting’ person, a person who has been a victim of armed crime for many years.",e71325c3b9d933d601634a4f5e7b1a843c478399daf3c221b644da3684dcc0c2,4974.860856260002,636a0d7622a6c8960fcb503a7fdcd05c9c09b994d49a24da327cdefc503e1a02
26,"One of the elements of aggravated carjacking is the use of a weapon or causing injury to another person (Crimes Act 1958 s 79A). Smith witnesses an aggravated carjacking late at night. He sees the offender wield a weapon but does not get a good look at their face. A year later, he positively identifies the accused, saying he “recognised him immediately from the daytime photo the police showed me last year.” What cognitive bias, about which the jury is educated, may be relevant in this case?",1,"The statutory duty to identify someone by their face or face is a common requirement for the criminal justice system to report a crime, which can be dangerous.",e71325c3b9d933d601634a4f5e7b1a843c478399daf3c221b644da3684dcc0c2,4974.860856260002,636a0d7622a6c8960fcb503a7fdcd05c9c09b994d49a24da327cdefc503e1a02
27,"You are the trial judge in a child stealing case. During the trial, the prosecutor briefly mentions that the image used for recognising the accused was taken before the accused was detained but gives no further explanation. What are judges instructed to do in this situation?",1,The judge has to make sure that the child is not being stolen. The judge can make an exception to this rule if the child steals something of value.,e71325c3b9d933d601634a4f5e7b1a843c478399daf3c221b644da3684dcc0c2,4974.860856260002,636a0d7622a6c8960fcb503a7fdcd05c9c09b994d49a24da327cdefc503e1a02
28,"Harvey is on trial for dangerous driving causing serious injury. Priya, a mechanic with 15 years’ experience, inspects the damaged vehicles and wants to tell the jury that, in her opinion, the pattern of damage shows Harvey was travelling at “at least 110 km/h” before impact. Are Priya’s comments inadmissible because they are opinion evidence?",1,The Australian Court of Justice concluded that a motor vehicle crash is not considered dangerous unless it has been caused by a driver who is at least 110 km/h above the legal limit.,e71325c3b9d933d601634a4f5e7b1a843c478399daf3c221b644da3684dcc0c2,4974.860856260002,636a0d7622a6c8960fcb503a7fdcd05c9c09b994d49a24da327cdefc503e1a02
29,"Chris is on trial for intentionally or recklessly causing a bushfire. His counsel says he was carrying out a “cool burn.” Talia, a First Nations woman, is called to explain First Nations practices. Is Talia’s evidence admissible?",1,Talia’s evidence is a case of lawfully misleading the public.,e71325c3b9d933d601634a4f5e7b1a843c478399daf3c221b644da3684dcc0c2,4974.860856260002,636a0d7622a6c8960fcb503a7fdcd05c9c09b994d49a24da327cdefc503e1a02
30,"Noah is on trial for killing his father, who had been violent towards Noah’s mother for decades. The defence calls an expert to describe how poverty, lack of access to services, and cultural stigma around separation can trap families in violent homes. Is this expert's evidence admissible?",1,"Noah was convicted of murdering his father, who had been violent towards Noah’s mother for decades.",e71325c3b9d933d601634a4f5e7b1a843c478399daf3c221b644da3684dcc0c2,4974.860856260002,636a0d7622a6c8960fcb503a7fdcd05c9c09b994d49a24da327cdefc503e1a02
31,"Police have detained and taken DNA samples from three of four full siblings in a carjacking investigation: Chloe (female, 24), Sam (female, 23), and Joseph (male, 22). The fourth sibling, Kyle (male, 22), was not detained or sampled. Mitochondrial DNA testing of a crime scene sample links all three sampled siblings to the scene. Y-STR testing (which examines Y-chromosome DNA passed from father to son) links Joseph to the scene. Nuclear DNA testing also links Joseph to the scene. Is this information sufficient to reasonably link Joseph to the crime scene?",1,Mitochondrial DNA testing of a crime scene sample links all three sampled siblings to the scene.,e71325c3b9d933d601634a4f5e7b1a843c478399daf3c221b644da3684dcc0c2,4974.860856260002,636a0d7622a6c8960fcb503a7fdcd05c9c09b994d49a24da327cdefc503e1a02
32,"Police have detained and taken DNA samples from three of four full siblings in a carjacking investigation: Chloe (female, 24), Sam (female, 23), and Joseph (male, 22). The fourth sibling, Kylie (female, 22), was not detained or sampled. Mitochondrial DNA testing of a crime scene sample links all three sampled siblings to the scene. Y-STR testing (which examines Y-chromosome DNA passed from father to son) links Joseph to the scene. Nuclear DNA testing also links Joseph to the scene. Is this information sufficient to reasonably link Joseph to the crime scene?",1,A person convicted of a crime can be found guilty of murder.,e71325c3b9d933d601634a4f5e7b1a843c478399daf3c221b644da3684dcc0c2,4974.860856260002,636a0d7622a6c8960fcb503a7fdcd05c9c09b994d49a24da327cdefc503e1a02
33,Is the right to silence based solely on common law?,1,The right to silence is a fundamental principle of the Victorian penal law.,e71325c3b9d933d601634a4f5e7b1a843c478399daf3c221b644da3684dcc0c2,4974.860856260002,636a0d7622a6c8960fcb503a7fdcd05c9c09b994d49a24da327cdefc503e1a02
34,"Daniel is questioned by police about an armed robbery. He gives his name and age but answers “no comment” when asked where he was at 1 am and who he was with. He is now on trial, and you are the prosecutor. Should you invite the jury to treat his selective silence as evidence of guilt?",1,A jury would be asked to question a person's sex or sexual behaviour if he is not the subject of a criminal investigation.,e71325c3b9d933d601634a4f5e7b1a843c478399daf3c221b644da3684dcc0c2,4974.860856260002,636a0d7622a6c8960fcb503a7fdcd05c9c09b994d49a24da327cdefc503e1a02
35,"At dinner, Kim and Frank watch a news story about a drive-by shooting. Kim says the car looks like Frank’s and asks, “That’s not your car, is it, Frank?” Frank stays silent. Frank is now on trial. Why is it important for the prosecution that Kim is not a government authority?",1,Frank is on trial.,e71325c3b9d933d601634a4f5e7b1a843c478399daf3c221b644da3684dcc0c2,4974.860856260002,636a0d7622a6c8960fcb503a7fdcd05c9c09b994d49a24da327cdefc503e1a02
36,"Kim and Frank are at a Christmas party and are watching a news story about a recent drive-by shooting. Kim thinks the car looks like Frank’s and asks, “That’s not your car, is it?” Frank stays silent. A few minutes later, the police shut down the party due to noise complaints. Later, Frank is on trial for offences related to the same drive-by shooting. Why is it important to the defence that the party was loud?",1,The party was in a noisy area and it was a safe place to drink.,e71325c3b9d933d601634a4f5e7b1a843c478399daf3c221b644da3684dcc0c2,4974.860856260002,636a0d7622a6c8960fcb503a7fdcd05c9c09b994d49a24da327cdefc503e1a02
37,"Rachel is on trial for poisoning her business partner with mushrooms. There is no direct proof Rachel possessed poisonous mushrooms, but the prosecution shows that: (1) two weeks before the death she searched for a specific species of poisonous mushroom; (2) she had a manual for dehydration equipment that can mask the taste of mushrooms; and (3) toxicology shows her partner was poisoned by that same species. The prosecution argues it is highly improbable all of this is coincidental, if the death were an accident. What kind of inferential reasoning or type of evidence is the prosecution asking the jury to use?",1,"The prosecution argues it is highly improbable all of this is coincidental, if the death were an accident.",e71325c3b9d933d601634a4f5e7b1a843c478399daf3c221b644da3684dcc0c2,4974.860856260002,636a0d7622a6c8960fcb503a7fdcd05c9c09b994d49a24da327cdefc503e1a02
38,Daisy witnessed a murder in her prison and is called by the prosecution to give evidence. Is she a “prison informer”?,1,Daisy is a prisoner who has been incarcerated.,e71325c3b9d933d601634a4f5e7b1a843c478399daf3c221b644da3684dcc0c2,4974.860856260002,636a0d7622a6c8960fcb503a7fdcd05c9c09b994d49a24da327cdefc503e1a02
39,"Emma is committed for trial on 1 March. On 25 March, she first tells her lawyer she was at a movie with her sister at the time of the alleged offence and wants both to give evidence, but no notice has been filed. What procedural step is required before Emma, or her sister can give evidence that she was at the movie rather than at the scene of the offence?",1,"Emma is committed for trial on 1 March. On 25 March, she first tells her lawyer she was at a movie with her sister at the time of the alleged offence and wants both to give evidence, but no notice has been filed. What procedural step is required before Emma, or her sister can give evidence that she was in the movie rather than at the scene of the offence?",e71325c3b9d933d601634a4f5e7b1a843c478399daf3c221b644da3684dcc0c2,4974.860856260002,636a0d7622a6c8960fcb503a7fdcd05c9c09b994d49a24da327cdefc503e1a02
40,"Alex is charged with a robbery at a shopping centre at 8:15 pm. He leads evidence that he was having dinner with friends at a restaurant across town at that time, and the jury thinks there is a real chance this is true. Ignoring the standard elements of robbery, what more needs to be proven to establish Alex’s guilt?",1,"Alex is charged with a robbery at a shopping centre at 8:15 pm. He leads evidence that he was having dinner with friends at b the restaurant across town at that time, and the jury thinks there is a real chance this is true. Ignoring the standard elements of robbyy, what more needs to be proven to establish Alex’s guilt?",e71325c3b9d933d601634a4f5e7b1a843c478399daf3c221b644da3684dcc0c2,4974.860856260002,636a0d7622a6c8960fcb503a7fdcd05c9c09b994d49a24da327cdefc503e1a02
41,"Liam and Noah plan to break into a warehouse to steal electronics. Liam agrees to act as the lookout while Noah goes inside; during the burglary, Noah violently assaults a security guard. Liam is later charged as a secondary party to the assault. Under Victorian law, on what basis could Liam be found “involved in the commission” of the assault, even though he only agreed to help with the burglary?",1,"Liam was charged as a secondary party to the assault, because he only agreed to help with the burglary.",e71325c3b9d933d601634a4f5e7b1a843c478399daf3c221b644da3684dcc0c2,4974.860856260002,636a0d7622a6c8960fcb503a7fdcd05c9c09b994d49a24da327cdefc503e1a02
42,"Courtney and Tom agree to sell what they think is a harmless “party pill” to strangers at a music festival. The pills are in fact a controlled drug, and the conduct clearly amounts to a criminal offence. For Courtney to be liable on the basis of this agreement, must the prosecution prove that she knew the substance was illegal?",1,"Courtney and Tom agree to sell what they think is a harmless “party pill” to strangers at a music festival. The pills are in fact a controlled drug, and the conduct clearly amounts to a criminal offence. For Courtney to be liable on the basis of this agreement, must the prosecution prove that she knew the substance was illegal?",e71325c3b9d933d601634a4f5e7b1a843c478399daf3c221b644da3684dcc0c2,4974.860856260002,636a0d7622a6c8960fcb503a7fdcd05c9c09b994d49a24da327cdefc503e1a02
43,"Noah convinces his 12-year-old nephew to deliver a sealed package to an address, telling him it contains “books for a friend,” when in fact Noah has filled the package with prohibited drugs. The nephew has no idea what is inside and believes he’s doing a harmless favour. If police intercept the drugs, can Noah be liable as a principal offender for drug trafficking?",1,"The Victorian Criminal Law Guide states that if a person is accused of possessing drugs, they are liable as principal offender for drug trafficking.",e71325c3b9d933d601634a4f5e7b1a843c478399daf3c221b644da3684dcc0c2,4974.860856260002,636a0d7622a6c8960fcb503a7fdcd05c9c09b994d49a24da327cdefc503e1a02
44,"Jordan is a factory worker; Mia is his supervisor. They’re both charged with a Commonwealth conspiracy to commit an offence that requires an employer to ensure the safety of employees at a hazardous worksite. Two company directors, alleged to be the other parties to the agreement, have already been acquitted of the conspiracy. In these circumstances, can Jordan be found guilty of the conspiracy?",1,Mia is his supervisor.,e71325c3b9d933d601634a4f5e7b1a843c478399daf3c221b644da3684dcc0c2,4974.860856260002,636a0d7622a6c8960fcb503a7fdcd05c9c09b994d49a24da327cdefc503e1a02
45,"Clyde, who has schizophrenia, assaults a stranger while experiencing delusions. He knows he is hitting a person but believes they are a “demon.” Does his mental illness, or his failure to appreciate the wrongfulness of his conduct, necessarily make his act involuntary?",1,"A mental illness can be an 'involuntary' act, a 'suspected' act. The act cannot be 'delusionary' or 'non-consequenced', but can be a criminal offence.",e71325c3b9d933d601634a4f5e7b1a843c478399daf3c221b644da3684dcc0c2,4974.860856260002,636a0d7622a6c8960fcb503a7fdcd05c9c09b994d49a24da327cdefc503e1a02
46,"Jonah is driving when he suddenly suffers an unexpected convulsion, causing his leg to slam down on the accelerator and his car to mount the curb and hit a pedestrian. If the only cause of the collision was this sudden bodily movement during the convulsion, how should a court characterise his physical act for the purpose of criminal liability?",1,The convulsion is a sudden bodily movement that occurs when the brain and nervous system are not working properly.,e71325c3b9d933d601634a4f5e7b1a843c478399daf3c221b644da3684dcc0c2,4974.860856260002,636a0d7622a6c8960fcb503a7fdcd05c9c09b994d49a24da327cdefc503e1a02
47,"At Andrew’s assault trial, there is no suggestion he was unconscious, seizing, or sleepwalking; all the evidence shows him standing, speaking, and then punching the complainant. Does the prosecution need specific evidence that the punch was voluntary, or can voluntariness be inferred from these circumstances?",1,"The defendant must have been conscious, conscious, or sleepwalking before the attack and must not be unconscious or unconscious, seizing, or sleeping. The defendant can have been awake, conscious or unconscious after the punch.",e71325c3b9d933d601634a4f5e7b1a843c478399daf3c221b644da3684dcc0c2,4974.860856260002,636a0d7622a6c8960fcb503a7fdcd05c9c09b994d49a24da327cdefc503e1a02
48,"Jacob sets off powerful fireworks in a small, crowded backyard. He later admits he knew people could get hurt but did it anyway. In Victoria, what level of criminal culpability best describes his conduct?",1,"Jacob sets off powerful fireworks in a small, crowded backyard. He later admits he knew people could get hurt but did it anyway. In Victoria, what level of criminal culpability best describes his conduct?",e71325c3b9d933d601634a4f5e7b1a843c478399daf3c221b644da3684dcc0c2,4974.860856260002,636a0d7622a6c8960fcb503a7fdcd05c9c09b994d49a24da327cdefc503e1a02
49,"Liam throws a heavy brick off a freeway overpass into peak-hour traffic. He later tells police, “I knew it might hit a car, but I didn’t really think much more about it.” At trial, the prosecution tells the jury that recklessness is established if Liam knew the brick “might” cause harm. Why is this an incorrect statement of the legal test for recklessness in Victoria?",1,Liam knew the brick “might” cause harm.,e71325c3b9d933d601634a4f5e7b1a843c478399daf3c221b644da3684dcc0c2,4974.860856260002,636a0d7622a6c8960fcb503a7fdcd05c9c09b994d49a24da327cdefc503e1a02
50,Abigail is on trial in Victoria for causing serious injury. She argues that the injury was “an accident” because she pushed a door open without looking and it unexpectedly hit someone on the other side. Can Abigail rely on a standalone defence of “accident” in Victoria?,1,Abigail is on trial in Victoria for causing serious injury. She argues that the injury was “an accident” because she pushed a door open without looking and it unexpectedly hit someone on the other side.,e71325c3b9d933d601634a4f5e7b1a843c478399daf3c221b644da3684dcc0c2,4974.860856260002,636a0d7622a6c8960fcb503a7fdcd05c9c09b994d49a24da327cdefc503e1a02
51,"Ethan punches Marcus once in the head during an argument. Marcus falls, hits his head on the gutter, and dies in hospital two days later. At trial, Ethan admits to killing Marcus by punching him. What elements must still be proved for Ethan to be convicted of murder?",1,The resulting conviction will be based on a strong and convincing case.,e71325c3b9d933d601634a4f5e7b1a843c478399daf3c221b644da3684dcc0c2,4974.860856260002,636a0d7622a6c8960fcb503a7fdcd05c9c09b994d49a24da327cdefc503e1a02
52,"Ethan admits he voluntarily and intentionally killed Marcus, a German Shepherd, without lawful justification. Name ONE element of murder that is missing here.",1,Ethan is a defendant in the statutory death penalty for murder.,e71325c3b9d933d601634a4f5e7b1a843c478399daf3c221b644da3684dcc0c2,4974.860856260002,636a0d7622a6c8960fcb503a7fdcd05c9c09b994d49a24da327cdefc503e1a02
53,"Ethan, a sane 24-year-old, intentionally killed Marcus, a child, without lawful justification, and the jury accepts this beyond reasonable doubt. Under Victorian law, how could this still not amount to manslaughter or murder?",1,"The defendant's intent is to commit a crime, and the person's intention is to kill. In this case, the defendant'll be the aggressor.",e71325c3b9d933d601634a4f5e7b1a843c478399daf3c221b644da3684dcc0c2,4974.860856260002,636a0d7622a6c8960fcb503a7fdcd05c9c09b994d49a24da327cdefc503e1a02
54,"Harper, a New South Wales resident, shoots Riley in Sydney. Riley is stabilised in an NSW hospital, then transferred to a specialist trauma unit in Melbourne, where complications arise during surgery and he dies 10 days after the shooting. Can Harper be tried in a Victorian court?",1,"Harper's death was recorded in the NSW criminal-law guide in March 2014, a week after he shot Riley in Sydney.",e71325c3b9d933d601634a4f5e7b1a843c478399daf3c221b644da3684dcc0c2,4974.860856260002,636a0d7622a6c8960fcb503a7fdcd05c9c09b994d49a24da327cdefc503e1a02
55,"Mila fires a gun recklessly into a crowded apartment block corridor, committing the offence of reckless conduct endangering life. One of the bullets kills Jonah. The prosecution seeks to invoke statutory murder. On what basis could this reckless conduct offence be treated as a foundational offence?",1,The criminal-law guide is a legal guide to the criminal justice system.,e71325c3b9d933d601634a4f5e7b1a843c478399daf3c221b644da3684dcc0c2,4974.860856260002,636a0d7622a6c8960fcb503a7fdcd05c9c09b994d49a24da327cdefc503e1a02
56,"During an argument outside a bar in 2016, Taylor swings once at Jordan’s jaw; Jordan falls backwards, hits their head on the curb and dies from the head injury. For manslaughter by an unlawful and dangerous act, which element of the offence does Crimes Act 1958 s 4A(4) help the jury assess?",1,"The crime of manslaughter by an unlawful and dangerous act is a criminal offence punishable by imprisonment, a fine, fine or imprisonment for a term not exceeding five years.",e71325c3b9d933d601634a4f5e7b1a843c478399daf3c221b644da3684dcc0c2,4974.860856260002,636a0d7622a6c8960fcb503a7fdcd05c9c09b994d49a24da327cdefc503e1a02
57,"The accused admits he did not actually think death or really serious injury was likely, but the jury is sure that any reasonable person in his position would have realised they were exposing the victim to an appreciable risk of serious injury. If both reckless murder and manslaughter are left, which verdict does this state of mind support?",1,The jury is sure that any reasonable person in his position would have realized they were exposing the victim to an appreciable risk of serious injury.,e71325c3b9d933d601634a4f5e7b1a843c478399daf3c221b644da3684dcc0c2,4974.860856260002,636a0d7622a6c8960fcb503a7fdcd05c9c09b994d49a24da327cdefc503e1a02
58,"In 2010, Amir and Bella agree to “rough up” a debtor by slapping him around and threatening him, but nothing more. During the confrontation, Bella unexpectedly pulls a knife and fatally stabs the debtor. Amir is charged with manslaughter as a secondary party. If the prosecution relies on the doctrine that extends liability beyond the agreed lesser assault, what must they prove about Amir’s foresight of Bella’s escalation?",1,The following conditions are a precondition for the guillotine to be unconstitutional:,e71325c3b9d933d601634a4f5e7b1a843c478399daf3c221b644da3684dcc0c2,4974.860856260002,636a0d7622a6c8960fcb503a7fdcd05c9c09b994d49a24da327cdefc503e1a02
59,"A person is sitting in the back seat of a moving taxi when the taxi strikes a pedestrian at a crossing, killing them instantly. The prosecution later alleges that this rear-seat passenger is guilty of culpable driving causing death because he was driving a motor vehicle at the time of the collision. Is this a sound argument?",1,"A person sitting in the back seat of a moving taxi when the taxi strikes a pedestrian at a crossing, killing them instantly. The prosecution later alleges that this rear-seat passenger is guilty of culpable driving causing death because he was driving a motor vehicle at the time of the collision.",e71325c3b9d933d601634a4f5e7b1a843c478399daf3c221b644da3684dcc0c2,4974.860856260002,636a0d7622a6c8960fcb503a7fdcd05c9c09b994d49a24da327cdefc503e1a02
60,"In a culpable driving causing death trial, the prosecution tells the jury: “You cannot find the accused guilty unless you are sure he actually realised his driving fell well below that of an ordinary careful driver; if he was simply unaware of the danger, you must acquit.” Is this an accurate statement of the law?",1,A conviction must be found in the absence of a reasonable doubt or doubt of culpability.,e71325c3b9d933d601634a4f5e7b1a843c478399daf3c221b644da3684dcc0c2,4974.860856260002,636a0d7622a6c8960fcb503a7fdcd05c9c09b994d49a24da327cdefc503e1a02
61,Two friends agree to race their cars along a suburban street. One driver loses control and fatally hits a cyclist; the other does not crash. On what general basis could the second driver still be held responsible for the death?,1,The second driver must be responsible for the death of the cyclist.,e71325c3b9d933d601634a4f5e7b1a843c478399daf3c221b644da3684dcc0c2,4974.860856260002,636a0d7622a6c8960fcb503a7fdcd05c9c09b994d49a24da327cdefc503e1a02
62,"While driving late at night, Jerry fails to see a cyclist and runs him over, killing him instantly. Jerry was not drunk, reckless or negligent. Why does it matter to the prosecution that Jerry knew his headlights were broken before driving?",1,The cyclist was not at fault for causing death.,e71325c3b9d933d601634a4f5e7b1a843c478399daf3c221b644da3684dcc0c2,4974.860856260002,636a0d7622a6c8960fcb503a7fdcd05c9c09b994d49a24da327cdefc503e1a02
63,"Asha is Ben’s manager at work. One evening they both freely and voluntarily have sex. Two days after the act, Asha regrets her decision. Does this mean Asha's consent was violated?",1,Asha is an employee and Ben is a manager. Asha had sex with Ben. Ash has been convicted of possessing a sexting device. Ash is convicted in the Victorian Criminal-Law Guide.,e71325c3b9d933d601634a4f5e7b1a843c478399daf3c221b644da3684dcc0c2,4974.860856260002,636a0d7622a6c8960fcb503a7fdcd05c9c09b994d49a24da327cdefc503e1a02
64,"Jones is on trial for an unnamed sexual offence. He says that, in his culture, silence or lack of resistance means agreement. In light of this explanation, what specific issue about Jones awareness must the jury determine when deciding his guilt?",1,Jones must have no knowledge of the nature of the sexual offences he committed.,e71325c3b9d933d601634a4f5e7b1a843c478399daf3c221b644da3684dcc0c2,4974.860856260002,636a0d7622a6c8960fcb503a7fdcd05c9c09b994d49a24da327cdefc503e1a02
65,"Jones is on trial for an unnamed sexual offence. He says that, in his culture, silence or lack of resistance means agreement. Must the jury learn more about this culture to decide whether he reasonably believed there was consent?",1,"In the culture, silence or lack of resistance means agreement.",e71325c3b9d933d601634a4f5e7b1a843c478399daf3c221b644da3684dcc0c2,4974.860856260002,636a0d7622a6c8960fcb503a7fdcd05c9c09b994d49a24da327cdefc503e1a02
66,"After an alleged sexual assault, Liam goes straight to his sister’s apartment and, sobbing and struggling to speak, tells her what happened. At trial, the prosecution calls his sister to describe his emotional state when he reported it. Why might Liam’s behaviour at that time be important evidence against the accused?",1,The law is intended to encourage the use of force in a criminal trial.,e71325c3b9d933d601634a4f5e7b1a843c478399daf3c221b644da3684dcc0c2,4974.860856260002,636a0d7622a6c8960fcb503a7fdcd05c9c09b994d49a24da327cdefc503e1a02
67,"At trial, the complainant describes an alleged sexual assault in a completely flat tone, without visible emotion. Some jurors think this means she is “probably lying.” Is this a valid assumption?",1,"It is a good idea to keep your testimony short and sweet, and to avoid making the claim that you are lying.",e71325c3b9d933d601634a4f5e7b1a843c478399daf3c221b644da3684dcc0c2,4974.860856260002,636a0d7622a6c8960fcb503a7fdcd05c9c09b994d49a24da327cdefc503e1a02
68,"Assume the year is 2012. Why is it problematic for a judge to direct the jury that the prosecution must prove the accused “intended to commit rape in the sense that, at the time of penetration, he knew the complainant was not or might not be consenting”?",1,It is not a sufficient evidence to establish that the accused intended to commit rape.,e71325c3b9d933d601634a4f5e7b1a843c478399daf3c221b644da3684dcc0c2,4974.860856260002,636a0d7622a6c8960fcb503a7fdcd05c9c09b994d49a24da327cdefc503e1a02
69,"The prosecution alleges that the accused forced the complainant to put his own penis into his own mouth. Under the current statutory definition, does this amount to sexual penetration of oneself?",1,A felony conviction of sexual penetration of oneself is punishable by imprisonment for life.,e71325c3b9d933d601634a4f5e7b1a843c478399daf3c221b644da3684dcc0c2,4974.860856260002,636a0d7622a6c8960fcb503a7fdcd05c9c09b994d49a24da327cdefc503e1a02
70,"In 2016, person A instructs person C to insert person C’s finger into person B’s mouth. Under the definition of “sexual penetration” in s 37D of the Crimes Act 1958, why does this not amount to person A sexually penetrating person B?",1,The text of the crime act was published in the Victorian Criminal-Law Guide on 18 September 2008.,e71325c3b9d933d601634a4f5e7b1a843c478399daf3c221b644da3684dcc0c2,4974.860856260002,636a0d7622a6c8960fcb503a7fdcd05c9c09b994d49a24da327cdefc503e1a02
71,"In 2016, person A instructs person C to insert person C’s penis into person B’s mouth. Under the definition of “sexual penetration” in s 37D of the Crimes Act 1958, why does this amount to person A sexually penetrating person B?",1,The act was based on the principle that a person is an adult who has a sexual orientation.,e71325c3b9d933d601634a4f5e7b1a843c478399daf3c221b644da3684dcc0c2,4974.860856260002,636a0d7622a6c8960fcb503a7fdcd05c9c09b994d49a24da327cdefc503e1a02
72,"Under Victorian law, can a person assigned male at birth be sexually penetrated somewhere other than the anus or mouth?",1,The Victorian criminal-law guide describes the relevant rule and its conditions.,e71325c3b9d933d601634a4f5e7b1a843c478399daf3c221b644da3684dcc0c2,4974.860856260002,636a0d7622a6c8960fcb503a7fdcd05c9c09b994d49a24da327cdefc503e1a02
73,"On a crowded tram, Caleb briefly brushes Rina’s hand while reaching for a pole; later he privately admits he finds her attractive and had a sexual interest in her. On these grounds alone, is Caleb’s private sexual interest enough to make that brief hand contact “sexual touching”?",1,"Caleb has a sexual interest in Rina, and he has argued that he wants to make a brief hand contact with her.",e71325c3b9d933d601634a4f5e7b1a843c478399daf3c221b644da3684dcc0c2,4974.860856260002,636a0d7622a6c8960fcb503a7fdcd05c9c09b994d49a24da327cdefc503e1a02
74,"Assume the year is 2011. Nina is sexually aroused by feet and secretly attracted to her colleague Caleb. During a meeting, she slowly removes his shoe under the table, later admitting she did so purely for her own sexual gratification. Does her sexual motive alone make the removal of Caleb’s shoe an indecent assault?",1,The Victorian Criminal Law Guide states that the removal of Caleb’s shoe must be carried out for her own sexual gratification.,e71325c3b9d933d601634a4f5e7b1a843c478399daf3c221b644da3684dcc0c2,4974.860856260002,636a0d7622a6c8960fcb503a7fdcd05c9c09b994d49a24da327cdefc503e1a02
75,"During an argument, Imogen swings her fist at Sara but stops just short. Sara flinches and braces for impact, but later says she “wasn’t actually scared.” Why doesn’t Sara’s claim that she wasn’t afraid stop Imogen’s conduct from amounting to assault?",1,"Sara had a fear that her fist would hurt, and she was afraid of the impact.",e71325c3b9d933d601634a4f5e7b1a843c478399daf3c221b644da3684dcc0c2,4974.860856260002,636a0d7622a6c8960fcb503a7fdcd05c9c09b994d49a24da327cdefc503e1a02
76,“I’m not from law enforcement and I’m going to illegally kill you in the next couple of years or so” does not amount to assault because which element of the offence is missing?,1,"In Australia, assault is the act of causing bodily harm or injury to an offender.",e71325c3b9d933d601634a4f5e7b1a843c478399daf3c221b644da3684dcc0c2,4974.860856260002,636a0d7622a6c8960fcb503a7fdcd05c9c09b994d49a24da327cdefc503e1a02
77,"Mia receives several late-night calls from Noah. Each time she answers, he says nothing. Knowing his violent history, she believes he is outside about to attack. What is the citation of the common law case that held this conduct can amount to assault?",1,"Mia is the victim of a violent crime, and therefore is obligated to defend herself against such crime.",e71325c3b9d933d601634a4f5e7b1a843c478399daf3c221b644da3684dcc0c2,4974.860856260002,636a0d7622a6c8960fcb503a7fdcd05c9c09b994d49a24da327cdefc503e1a02
78,"Assault' is defined to mean the direct or indirect application of force to the body of, or to the clothing or equipment worn by, a person. “Application of force” is defined to include the application of heat, light, electric current or any other form of energy, as well as the application of matter in solid, liquid or gaseous form. For the purposes of Victorian criminal law as it pertains to assault, which statute establishes the meaning of a police officer?",1,"Assault' is defined to mean the direct or indirect application of force to the body of, or to the clothing or equipment worn by, a person.",e71325c3b9d933d601634a4f5e7b1a843c478399daf3c221b644da3684dcc0c2,4974.860856260002,636a0d7622a6c8960fcb503a7fdcd05c9c09b994d49a24da327cdefc503e1a02
79,"Officer Harper stops Liam on the street, says, “I’m just curious if you’ve got anything on you,” and, without any lawful basis, searches his pockets and finds drugs. Liam resists and accidentally strikes Harper during the unlawful search. In these circumstances, is Harper acting “in the execution of her duty” at the time of the alleged assault?",1,Liam knowingly tries to bribe the police into allowing the officers to search his pockets and find drugs.,e71325c3b9d933d601634a4f5e7b1a843c478399daf3c221b644da3684dcc0c2,4974.860856260002,636a0d7622a6c8960fcb503a7fdcd05c9c09b994d49a24da327cdefc503e1a02
80,"As officers move in to arrest Malik outside a bar, his friend Tia sees them coming and yells, “Run, they’re about to grab you!” intending to help him escape. What key fact about the effect of Tia’s warning must be proved in order to charge her with obstruction?",1,The law requires a warning that a person is likely to be a threat and must be made in order to commit the act.,e71325c3b9d933d601634a4f5e7b1a843c478399daf3c221b644da3684dcc0c2,4974.860856260002,636a0d7622a6c8960fcb503a7fdcd05c9c09b994d49a24da327cdefc503e1a02
81,Which Victorian statute amended the Crimes Act 1958 to cover stalking over the internet?,1,Victorian legislation relating to stalking in relation to the internet has been amended to cover the use of the Internet.,e71325c3b9d933d601634a4f5e7b1a843c478399daf3c221b644da3684dcc0c2,4974.860856260002,636a0d7622a6c8960fcb503a7fdcd05c9c09b994d49a24da327cdefc503e1a02
82,"What are the elements of carjacking? Actually, I can answer that question for you. The offence has the following three elements: (i) The accused stole a vehicle; (ii) Immediately before or at the time of the theft, the accused: (a) Used force on any person; or (b) Put any person in fear that s/he or another person would, then and there, be subject to the use of force; or (c) Sought to put any person in fear that s/he or another person would, then and there, be subject to the use of force; and (iii) The accused did so in order to commit the theft (Crimes Act 1958 s 79(1)). Answer only this question: In a large shopping centre, Soraya stands in one spot near the central atrium all afternoon, turning only her head and eyes to keep Felix in view as he walks between different levels and stores. She never changes her physical position. On these facts, does Soraya follow Felix?",1,The offence is called carjacking and the accused is considered to be a criminal. The offender was the one who stole a vehicle.,e71325c3b9d933d601634a4f5e7b1a843c478399daf3c221b644da3684dcc0c2,4974.860856260002,636a0d7622a6c8960fcb503a7fdcd05c9c09b994d49a24da327cdefc503e1a02
83,"Angry at Leo, Martina repeatedly dumps dead flowers and threatening notes on his doorstep and also tags him in public posts accusing him of crimes, hoping his employer will see them. Which two separate stalking acts in statutes best capture this pattern? The following information is irrelevant to answering the question: In 2013, Leo was convicted of “manslaughter by unlawful and dangerous act.” During the trial, a jury member asked the judge the following question: “Under Victorian law, what is the first element of an unlawful and dangerous act causing death and what does it entail? And also, what are the other elements to this offence? And how is it different to negligent manslaughter?”",1,"Victoria has a number of laws that regulate the use of firearms. The laws are generally in conflict with the laws of the United Kingdom and the United States. The following law states that if a firearm is used in the hands of a person who is not a member of the Armed Forces, then it must be properly licensed and approved by the Australian Armed forces.",e71325c3b9d933d601634a4f5e7b1a843c478399daf3c221b644da3684dcc0c2,4974.860856260002,636a0d7622a6c8960fcb503a7fdcd05c9c09b994d49a24da327cdefc503e1a02
84,"Mary is Rafa’s mother. Twelve-year-old Rafa has been especially naughty this week: on Monday he threw water on his brother Gregory, and on Tuesday he stole his sister’s watch. On Wednesday, as punishment, Mary confines Rafa to his room for an hour. What are the citations of the cases suggesting that Mary’s treatment of Rafa is lawful? As an aside, let's talk about Mary’s childhood. When Mary was younger, she was part of a violent gang. She would roam the streets carrying a cricket bat, and when elderly women walked past, Mary would swing the bat towards them, never actually hitting them but bringing it close enough to make them believe they were about to be struck. One day, Mary was caught by the police. She was charged with assault not involving the application of force but was never convicted because the prosecution couldn’t prove the first element of the offence.",1,Mary was charged with assault not involving the application of force but was never convicted because the prosecution couldn’t prove the first element of the offence.,e71325c3b9d933d601634a4f5e7b1a843c478399daf3c221b644da3684dcc0c2,4974.860856260002,636a0d7622a6c8960fcb503a7fdcd05c9c09b994d49a24da327cdefc503e1a02
85,"After an argument at home, 15-year-old Felix storms out and gets into the car of his aunt, Rosa, who takes him to stay at her house. Rosa used no trickery or threats, but she knows Felix’s parents want him back and tells him, “You can stay here as long as you like.” On these facts, is Rosa’s conduct closer to taking a child or harbouring a child under the Victorian law?",1,The Victorian criminal-law guide has a section on “taking a child” which provides for the following:,e71325c3b9d933d601634a4f5e7b1a843c478399daf3c221b644da3684dcc0c2,4974.860856260002,636a0d7622a6c8960fcb503a7fdcd05c9c09b994d49a24da327cdefc503e1a02
86,"A 13-year-old, Hamish, orders a rideshare to a friend’s house after a fight with his parents. The driver, Zoe, picks him up outside his home, asks “Are your parents okay with you going?”, gets a vague shrug, but offers no encouragement and simply follows the entered destination. On these facts, has Zoe taken Hamish away?",1,A 13-year-old boy is required to enter into a contract with a reputable driver for a rideshare to a friend’s house.,e71325c3b9d933d601634a4f5e7b1a843c478399daf3c221b644da3684dcc0c2,4974.860856260002,636a0d7622a6c8960fcb503a7fdcd05c9c09b994d49a24da327cdefc503e1a02
87,"During a gig, Luca quietly picks up someone else’s guitar, uses it for his set, then returns it to exactly the same spot before the owner notices. He always planned to put it back. On these facts alone, has Luca formed the mental element for theft?",1,The Victorian criminal-law guide explains the relevant rule and its conditions.,e71325c3b9d933d601634a4f5e7b1a843c478399daf3c221b644da3684dcc0c2,4974.860856260002,636a0d7622a6c8960fcb503a7fdcd05c9c09b994d49a24da327cdefc503e1a02
88,How does the definition of “dishonesty” under Commonwealth law differ from that used in Victorian law?,1,"The definition of ""dishonesty"" is similar to that used in Victorian law.",e71325c3b9d933d601634a4f5e7b1a843c478399daf3c221b644da3684dcc0c2,4974.860856260002,636a0d7622a6c8960fcb503a7fdcd05c9c09b994d49a24da327cdefc503e1a02
89,What is a good?,1,A good legal document must be a good legal record.,e71325c3b9d933d601634a4f5e7b1a843c478399daf3c221b644da3684dcc0c2,4974.860856260002,636a0d7622a6c8960fcb503a7fdcd05c9c09b994d49a24da327cdefc503e1a02
90,"Kai forces the owner of a vacant farm to leave, then lives there rent-free for six months, locking everyone else out of the gate and using it as his own space. For the purposes of handling stolen goods, does Kai’s wrongful occupation turn the land itself into “stolen goods”?",1,"The owner of a vacant farm, and Kai’s wrongful occupation of the farm, are required to pay rent. The rent-free period is the same as a lease. In Victorian law, a landlord must pay rent to the property owner. The land must be rented to Kai for six months and his own space is used for the purpose of handling stolen goods.",e71325c3b9d933d601634a4f5e7b1a843c478399daf3c221b644da3684dcc0c2,4974.860856260002,636a0d7622a6c8960fcb503a7fdcd05c9c09b994d49a24da327cdefc503e1a02
91,Carmen submits a valuation certificate for 500 crates of “premium truffles” that don’t exist and uses it to support a finance application. Which case has been treated as authority that a valuation of non-existent goods is fraudulent in this way?,1,The Victorian Court of Appeal found that a valuation of non-existent goods is not fraud.,e71325c3b9d933d601634a4f5e7b1a843c478399daf3c221b644da3684dcc0c2,4974.860856260002,636a0d7622a6c8960fcb503a7fdcd05c9c09b994d49a24da327cdefc503e1a02
92,"One element of theft is an intention to permanently deprive the owner of property. Nicholas threatens to smash his neighbour’s car unless she pays him $500 “for the damage you did last year,” an amount she genuinely owes. He intends to keep the $500 permanently but makes no claim over any other property. On these facts, which offence does his state of mind more clearly support – theft or blackmail – and why?",1,The police and courts in Victoria are required to take account of the nature of the crime.,e71325c3b9d933d601634a4f5e7b1a843c478399daf3c221b644da3684dcc0c2,4974.860856260002,636a0d7622a6c8960fcb503a7fdcd05c9c09b994d49a24da327cdefc503e1a02
93,"Rafi, a former executive of a publicly traded company, phones the current CEO and says, “Transfer $1 million to my account or I’ll leak information that will seriously damage your company's valuation.” Years earlier, Rafi was convicted of assault not involving force. Under Victorian law, what technical label best fits this kind of threat, and which reported case in your materials is cited as authority for treating market-damage threats in this way?",1,"The term ‘contribution’ means that the assets in the public company are a direct result of the act of bringing them into the public domain. Under Victorian law, a 'contributive' means the use of a public domain in the common law to produce public information about the public, or a corporation's activities, such as the sale of goods and services.",e71325c3b9d933d601634a4f5e7b1a843c478399daf3c221b644da3684dcc0c2,4974.860856260002,636a0d7622a6c8960fcb503a7fdcd05c9c09b994d49a24da327cdefc503e1a02
94,"Josh deliberately and dishonestly destroys physical bank documents that record a loan he still owes, hoping to improve his own financial position. Which specific offence best captures Josh's conduct?",1,"Josh deliberately and dishonestly destroyed physical bank documents that record a loan he still owes, hoping to improve his own financial position.",e71325c3b9d933d601634a4f5e7b1a843c478399daf3c221b644da3684dcc0c2,4974.860856260002,636a0d7622a6c8960fcb503a7fdcd05c9c09b994d49a24da327cdefc503e1a02
95,"Marco transfers cryptocurrency through multiple wallets to make it harder to trace, fully aware it came from a fraud scheme. Under the Victorian “dealing with proceeds of crime” offences, which physical element is clearly satisfied by his conduct, and which highest mental state could be charged on these facts?",1,The Victorian “dealing with proceeds of crime” offences are a criminal-law guide to the state of Victoria.,e71325c3b9d933d601634a4f5e7b1a843c478399daf3c221b644da3684dcc0c2,4974.860856260002,636a0d7622a6c8960fcb503a7fdcd05c9c09b994d49a24da327cdefc503e1a02
96,"Smith is a dealer, and so is his friend Walter. After some haggling, they agree to swap a quantity of Smith’s cocaine for Walter’s ice. Which case is specifically cited to show that this type of deal amounts to trafficking?",1,"Smith is a dealer, and so is his friend Walter. After some haggling, they agree to swap a quantity of Smith’s cocaine for Walter’s ice. Which case is specifically cited to show that this type of deal amounts to trafficking?",e71325c3b9d933d601634a4f5e7b1a843c478399daf3c221b644da3684dcc0c2,4974.860856260002,636a0d7622a6c8960fcb503a7fdcd05c9c09b994d49a24da327cdefc503e1a02
97,"Over six months, Minh alternates between weeks of intense dealing and long quiet stretches with no proven activity. The transactions involve different drugs, buyers and locations, but all are commercial. The indictment alleges he “trafficked” by carrying on a business over that whole period. What must the jury be satisfied of, given the patchy pattern of conduct?",1,Minh 's trade is a commercial trade.,e71325c3b9d933d601634a4f5e7b1a843c478399daf3c221b644da3684dcc0c2,4974.860856260002,636a0d7622a6c8960fcb503a7fdcd05c9c09b994d49a24da327cdefc503e1a02
98,"“The salt of the abovementioned drugs, derivates and _______” Which word goes in the blank and which act does this phrase belong to?",1,"The salt of the abovementioned drugs, derivates and _",e71325c3b9d933d601634a4f5e7b1a843c478399daf3c221b644da3684dcc0c2,4974.860856260002,636a0d7622a6c8960fcb503a7fdcd05c9c09b994d49a24da327cdefc503e1a02
99,"After a grave insult, Jordan cools off for several hours, then calmly returns and kills. Which state of mind required for provocation is missing on these facts, and what is the technical term for it?",1,The state of mind required for provocation is lacking.,e71325c3b9d933d601634a4f5e7b1a843c478399daf3c221b644da3684dcc0c2,4974.860856260002,636a0d7622a6c8960fcb503a7fdcd05c9c09b994d49a24da327cdefc503e1a02
100,"“There was an agreement between the accused and the deceased to seek the _____ of all parties to the agreement.” What is the missing word, and where is this specific phrase used?",1,A Victorian criminal-law guide.,e71325c3b9d933d601634a4f5e7b1a843c478399daf3c221b644da3684dcc0c2,4974.860856260002,636a0d7622a6c8960fcb503a7fdcd05c9c09b994d49a24da327cdefc503e1a02
1,"Bob and Ted are close friends. Ted is on trial for drug offences, and Bob has been selected as a juror in Ted’s case. Is the judge required to excuse Bob from serving on the jury?",2,Bob has been selected as a juror in Ted’s case. The judge cannot have Bob serve on the jury if he is unable to make a reasonable request to do so.,e71325c3b9d933d601634a4f5e7b1a843c478399daf3c221b644da3684dcc0c2,4974.860856260002,636a0d7622a6c8960fcb503a7fdcd05c9c09b994d49a24da327cdefc503e1a02
2,"Harry is serving as a juror in a burglary trial. He is also a professional locksmith. During the proceedings, Harry is shown a lock which, in his expert view, is too damaged to have been lockpicked in the manner described in court. Why might Harry's expert knowledge of lockpicking be irrelevant when assessing the physical evidence?",2,Harry is not a criminal lawyer and his expert knowledge of lockpicking is irrelevant when assessing the physical evidence.,e71325c3b9d933d601634a4f5e7b1a843c478399daf3c221b644da3684dcc0c2,4974.860856260002,636a0d7622a6c8960fcb503a7fdcd05c9c09b994d49a24da327cdefc503e1a02
3,"Isaac is on trial for statutory murder of an emergency worker. You are his barrister. Should you notify the jury that, according to the Crimes Act 1958, the standard sentence for this offence is 30 years imprisonment?",2,"The defendant must be a resident of the state in which the crime occurred. A resident of an area with a population of about 400,000 can apply for statutory murder convictions. A victim must be of European descent, and must be resident in Australia. In order to qualify for a statutory killer's case, the defendant must have been living in the same area as the victim and be living in a separate state. The defendant shall be convicted of",e71325c3b9d933d601634a4f5e7b1a843c478399daf3c221b644da3684dcc0c2,4974.860856260002,636a0d7622a6c8960fcb503a7fdcd05c9c09b994d49a24da327cdefc503e1a02
4,Should jurors be excused if they have encountered news stories about the accused prior to the trial commencing?,2,"The jury is not required to consider the case in light of the fact that it has been reported to them that the accused has committed a crime. This is because if the accused was convicted of the crime, the jury may have been allowed to take a breath test and if they were not able to provide a proper response, the court may have ruled that the person was guilty of the same crime. The court may also rule that the defendant was",e71325c3b9d933d601634a4f5e7b1a843c478399daf3c221b644da3684dcc0c2,4974.860856260002,636a0d7622a6c8960fcb503a7fdcd05c9c09b994d49a24da327cdefc503e1a02
5,"Frank and Joe are jurors in an arson trial. Over the weekend, Joe finds photos of the accused holding a petrol canister and texts them to Frank. Having received this new information, what should Frank do?",2,"Frank and Joe are jurors in an arson trial. Over the weekend, Joe finds photos of the accused holding a petrol canister and texts them to Frank. Having received this new information, Frank should do:",e71325c3b9d933d601634a4f5e7b1a843c478399daf3c221b644da3684dcc0c2,4974.860856260002,636a0d7622a6c8960fcb503a7fdcd05c9c09b994d49a24da327cdefc503e1a02
6,Does the standard of proof of “beyond reasonable doubt” imply that the jury must be fully convinced of every claim the prosecution has made?,2,Evidence of “beyond reasonable doubt” does not require a jury to be fully convinced of every claim made.,e71325c3b9d933d601634a4f5e7b1a843c478399daf3c221b644da3684dcc0c2,4974.860856260002,636a0d7622a6c8960fcb503a7fdcd05c9c09b994d49a24da327cdefc503e1a02
7,"Sally is accused of cultivating narcotic plants in her backyard. One of the elements of this charge is that “the accused intentionally cultivated or attempted to cultivate a particular substance.” To establish whether this is the case, the judge believes it would be valuable to visit Sally’s backyard and have the jury examine it for themselves. What is the name of the legal procedure whereby the court travels to a location relevant to the charge?",2,A court is called a jury. A jury is a set of people who are the subject of criminal proceedings. The court is also known as a magistrate.,e71325c3b9d933d601634a4f5e7b1a843c478399daf3c221b644da3684dcc0c2,4974.860856260002,636a0d7622a6c8960fcb503a7fdcd05c9c09b994d49a24da327cdefc503e1a02
8,"Josh is 21 years old. He witnessed a murder that was clearly perpetrated by the accused. The prosecution, however, needs to determine whether the accused committed the acts voluntarily, thus satisfying the elements of intentional or reckless murder. In court, the judge plays a recording of Josh giving his eyewitness testimony. What is this evidentiary process called?",2,The court judge plays a recording of Josh giving his eyewitness testimony.,e71325c3b9d933d601634a4f5e7b1a843c478399daf3c221b644da3684dcc0c2,4974.860856260002,636a0d7622a6c8960fcb503a7fdcd05c9c09b994d49a24da327cdefc503e1a02
9,"Olivia illegally bought cannabis from a tobacconist. As she left, she saw a man firebomb the store. She is now a witness in the arson trial. What legal privilege should she consider when giving her evidence?",2,The person is a witness in the arson trial. The person can not give evidence for the arsons because he has a criminal record and is considered a suspect. The witness must also be a person who has knowingly and recklessly bought cannabis from a tobacconist.,e71325c3b9d933d601634a4f5e7b1a843c478399daf3c221b644da3684dcc0c2,4974.860856260002,636a0d7622a6c8960fcb503a7fdcd05c9c09b994d49a24da327cdefc503e1a02
10,Emma is found in possession of someone else’s phone but has no documentation of how she obtained it. Emma’s counsel argues that possession of the phone is circumstantial evidence and thus completely inadmissible to establish guilt. Is Emma’s counsel correct?,2,Emma’s counsel argues that possession of the phone is circumstantial evidence and thus completely inadmissible to establish guilt.,e71325c3b9d933d601634a4f5e7b1a843c478399daf3c221b644da3684dcc0c2,4974.860856260002,636a0d7622a6c8960fcb503a7fdcd05c9c09b994d49a24da327cdefc503e1a02
11,"John is on trial for an unnamed offence. John testifies that he could not have committed the offence because he was at an arcade 10 miles away when the offence took place. Earlier, the jury accepted arcade tickets as evidence of John's alibi. John’s counsel now argues that, given this plausible alibi, John could not have committed the crime. What type of reasoning is this an example of?",2,"John testifies that he could not have committed the offence because he was at an arcade 10 miles away when the offENCE took place. John’s counsel now argues that, given this plausible alibi, John could not be guilty of the crime.",e71325c3b9d933d601634a4f5e7b1a843c478399daf3c221b644da3684dcc0c2,4974.860856260002,636a0d7622a6c8960fcb503a7fdcd05c9c09b994d49a24da327cdefc503e1a02
12,Does Victoria have a law/laws protecting against double jeopardy?,2,Victoria is a state in Australia that is responsible for regulating alcohol and drug trafficking.,e71325c3b9d933d601634a4f5e7b1a843c478399daf3c221b644da3684dcc0c2,4974.860856260002,636a0d7622a6c8960fcb503a7fdcd05c9c09b994d49a24da327cdefc503e1a02
13,"Sophie and Hazel are two of twelve jurors in a trial. Both are uncertain of their verdict, while the remaining ten jurors believe the accused is guilty. The jury is becoming frustrated with Sophie and Hazel's indecision, but the judge instructs the jury to continue deliberating. What is this instruction called?",2,The judge instructs the jury to continue deliberating.,e71325c3b9d933d601634a4f5e7b1a843c478399daf3c221b644da3684dcc0c2,4974.860856260002,636a0d7622a6c8960fcb503a7fdcd05c9c09b994d49a24da327cdefc503e1a02
14,"Tim is on trial for aggravated burglary. Before Tim gives evidence, his counsel calls another witness to testify first. Why might this be a bad idea for the defence?",2,A burglar is a person that has a high risk of injury.,e71325c3b9d933d601634a4f5e7b1a843c478399daf3c221b644da3684dcc0c2,4974.860856260002,636a0d7622a6c8960fcb503a7fdcd05c9c09b994d49a24da327cdefc503e1a02
15,Paul is 12 years old. He is a witness in a trial related to a common law riot. You are counsel for the accused. Should you argue that Paul’s is fundamentally untrustworthy because of his age?,2,"The Court of First Instance considers that if Paul is the witness in a common law riot trial, he is not a competent witness. Therefore, the Court cannot be held liable for the witness’s conduct.",e71325c3b9d933d601634a4f5e7b1a843c478399daf3c221b644da3684dcc0c2,4974.860856260002,636a0d7622a6c8960fcb503a7fdcd05c9c09b994d49a24da327cdefc503e1a02
16,Can the defence use good character evidence to argue the accused is innocent?,2,"The court may order a person to rescind an order of dismissal for failing to commit a crime, or if the person does not commit felony offences, to acquit him of the crime. The court will not rule on the premise that the accused is innocent.",e71325c3b9d933d601634a4f5e7b1a843c478399daf3c221b644da3684dcc0c2,4974.860856260002,636a0d7622a6c8960fcb503a7fdcd05c9c09b994d49a24da327cdefc503e1a02
17,Can the prosecution freely use bad character evidence to argue the accused is guilty?,2,"In Victorian criminal law, a prosecution can use evidence of a crime, such as a murder, to argue that the accused is guilty.",e71325c3b9d933d601634a4f5e7b1a843c478399daf3c221b644da3684dcc0c2,4974.860856260002,636a0d7622a6c8960fcb503a7fdcd05c9c09b994d49a24da327cdefc503e1a02
18,"Sam is on trial for murdering her neighbour. The prosecution presents a text from Sam to a friend saying, “I murdered my neighbour today.” What must be established for this text to be treated as an admission?",2,Sam was convicted of murdering her neighbour in February 2015.,e71325c3b9d933d601634a4f5e7b1a843c478399daf3c221b644da3684dcc0c2,4974.860856260002,636a0d7622a6c8960fcb503a7fdcd05c9c09b994d49a24da327cdefc503e1a02
19,"Omar is charged with intentionally causing serious injury. In a recorded interview, he admits being at the scene and pushing the complainant but denies using a weapon or intending serious harm. At trial, the prosecution asks the jury to accept the incriminating parts of the interview but treat his denial of using a weapon as lies. Does this necessarily involve ‘consciousness of guilt’ reasoning?",2,A person who does not commit suicide does not have the right to life imprisonment.,e71325c3b9d933d601634a4f5e7b1a843c478399daf3c221b644da3684dcc0c2,4974.860856260002,636a0d7622a6c8960fcb503a7fdcd05c9c09b994d49a24da327cdefc503e1a02
20,"Liam is on trial for arson. His sister gives evidence that, at a family dinner, she said, “The police think you set fire to Dad’s shed. You didn’t do it, did you?” Liam, who had been speaking normally, then went silent and looked down. Can this be used as evidence probative of guilt?",2,"A family dinner is a formal occasion to celebrate the ancestors of the deceased. The ancestor of the dead can be identified only from a person’s name. Liam, who was speaking normally, then looked down. It is possible that Liam’s sister may have told him about the blaze.",e71325c3b9d933d601634a4f5e7b1a843c478399daf3c221b644da3684dcc0c2,4974.860856260002,636a0d7622a6c8960fcb503a7fdcd05c9c09b994d49a24da327cdefc503e1a02
21,"At Zoe’s assault trial, the prosecution argues that her blank, expressionless stare at photos of the injured complainant indicates guilt. Is this argument sound?",2,"The prosecution argues that her blank, expressionless stare at photos of the injured complainant indicates guilt.",e71325c3b9d933d601634a4f5e7b1a843c478399daf3c221b644da3684dcc0c2,4974.860856260002,636a0d7622a6c8960fcb503a7fdcd05c9c09b994d49a24da327cdefc503e1a02
22,The defence raises the issue of mental impairment and bears the onus of proving it. There is a psychiatrist who has examined the accused. Is the prosecution required to call this psychiatrist as a witness?,2,The defence raised the issue of mental impairment and bears the onus of proving it. There is a psychiatrist who has examined the accused. Is it not a question of a witness?,e71325c3b9d933d601634a4f5e7b1a843c478399daf3c221b644da3684dcc0c2,4974.860856260002,636a0d7622a6c8960fcb503a7fdcd05c9c09b994d49a24da327cdefc503e1a02
23,"Sarah is tried for armed robbery. She does not give or call any evidence. In closing, the prosecution avoids mentioning her silence directly but repeatedly stresses that “only the prosecution’s account is supported by evidence.” Is this submission by the prosecution permissible?",2,The prosecution does not need to be a witness to make a submission.,e71325c3b9d933d601634a4f5e7b1a843c478399daf3c221b644da3684dcc0c2,4974.860856260002,636a0d7622a6c8960fcb503a7fdcd05c9c09b994d49a24da327cdefc503e1a02
24,"In a criminal trial, defence counsel fails to challenge an important part of a prosecution witness’s evidence and later runs a case theory inconsistent with that evidence. The prosecution complains that this has caused unfairness. As the trial judge, how should you decide what to do about it?",2,"The Court of Appeal of Victoria has the discretion to rule that a trial judge should not challenge a prosecution witness’s evidence, and that it should not run a case theory inconsistent with that evidence.",e71325c3b9d933d601634a4f5e7b1a843c478399daf3c221b644da3684dcc0c2,4974.860856260002,636a0d7622a6c8960fcb503a7fdcd05c9c09b994d49a24da327cdefc503e1a02
25,"In an armed robbery trial, a shop assistant who has served the accused every week for years is shown still images from CCTV and says, “Based on how he looks, that’s the same customer who comes into my store.” What type of identification evidence is this an example of?",2,"CCTV footage shows a person who appears to be armed and armed in the store. The armed robbery trial is a case where a shop assistant who has served the accused every week for years is shown still images from CCTV and says, “Based on how he looks, that’s the same customer who comes into my store.” The evidence is not the same as a CCTV video.",e71325c3b9d933d601634a4f5e7b1a843c478399daf3c221b644da3684dcc0c2,4974.860856260002,636a0d7622a6c8960fcb503a7fdcd05c9c09b994d49a24da327cdefc503e1a02
26,"One of the elements of aggravated carjacking is the use of a weapon or causing injury to another person (Crimes Act 1958 s 79A). Smith witnesses an aggravated carjacking late at night. He sees the offender wield a weapon but does not get a good look at their face. A year later, he positively identifies the accused, saying he “recognised him immediately from the daytime photo the police showed me last year.” What cognitive bias, about which the jury is educated, may be relevant in this case?",2,"A year later, he positively identifies the accused, saying he “recognised him immediately from the daytime photo the police showed me last year.”",e71325c3b9d933d601634a4f5e7b1a843c478399daf3c221b644da3684dcc0c2,4974.860856260002,636a0d7622a6c8960fcb503a7fdcd05c9c09b994d49a24da327cdefc503e1a02
27,"You are the trial judge in a child stealing case. During the trial, the prosecutor briefly mentions that the image used for recognising the accused was taken before the accused was detained but gives no further explanation. What are judges instructed to do in this situation?",2,"If a judge does not intend to impose an unreasonable order, the judge may order that the judge, or the judge's officer, take action.",e71325c3b9d933d601634a4f5e7b1a843c478399daf3c221b644da3684dcc0c2,4974.860856260002,636a0d7622a6c8960fcb503a7fdcd05c9c09b994d49a24da327cdefc503e1a02
28,"Harvey is on trial for dangerous driving causing serious injury. Priya, a mechanic with 15 years’ experience, inspects the damaged vehicles and wants to tell the jury that, in her opinion, the pattern of damage shows Harvey was travelling at “at least 110 km/h” before impact. Are Priya’s comments inadmissible because they are opinion evidence?",2,Priya’s comments are opinion evidence and can be used to guide a jury.,e71325c3b9d933d601634a4f5e7b1a843c478399daf3c221b644da3684dcc0c2,4974.860856260002,636a0d7622a6c8960fcb503a7fdcd05c9c09b994d49a24da327cdefc503e1a02
29,"Chris is on trial for intentionally or recklessly causing a bushfire. His counsel says he was carrying out a “cool burn.” Talia, a First Nations woman, is called to explain First Nations practices. Is Talia’s evidence admissible?",2,Talia’s testimony is admissible because Talia has a very strong case.,e71325c3b9d933d601634a4f5e7b1a843c478399daf3c221b644da3684dcc0c2,4974.860856260002,636a0d7622a6c8960fcb503a7fdcd05c9c09b994d49a24da327cdefc503e1a02
30,"Noah is on trial for killing his father, who had been violent towards Noah’s mother for decades. The defence calls an expert to describe how poverty, lack of access to services, and cultural stigma around separation can trap families in violent homes. Is this expert's evidence admissible?",2,"The defence called an expert to describe how poverty, lack of access to services, and cultural stigma around separation can trap families in violent homes.",e71325c3b9d933d601634a4f5e7b1a843c478399daf3c221b644da3684dcc0c2,4974.860856260002,636a0d7622a6c8960fcb503a7fdcd05c9c09b994d49a24da327cdefc503e1a02
31,"Police have detained and taken DNA samples from three of four full siblings in a carjacking investigation: Chloe (female, 24), Sam (female, 23), and Joseph (male, 22). The fourth sibling, Kyle (male, 22), was not detained or sampled. Mitochondrial DNA testing of a crime scene sample links all three sampled siblings to the scene. Y-STR testing (which examines Y-chromosome DNA passed from father to son) links Joseph to the scene. Nuclear DNA testing also links Joseph to the scene. Is this information sufficient to reasonably link Joseph to the crime scene?",2,Mitochondrial DNA testing of a crime scene sample links all three sampled siblings to the scene.,e71325c3b9d933d601634a4f5e7b1a843c478399daf3c221b644da3684dcc0c2,4974.860856260002,636a0d7622a6c8960fcb503a7fdcd05c9c09b994d49a24da327cdefc503e1a02
32,"Police have detained and taken DNA samples from three of four full siblings in a carjacking investigation: Chloe (female, 24), Sam (female, 23), and Joseph (male, 22). The fourth sibling, Kylie (female, 22), was not detained or sampled. Mitochondrial DNA testing of a crime scene sample links all three sampled siblings to the scene. Y-STR testing (which examines Y-chromosome DNA passed from father to son) links Joseph to the scene. Nuclear DNA testing also links Joseph to the scene. Is this information sufficient to reasonably link Joseph to the crime scene?",2,DNA testing of a crime scene sample links all three sampled siblings to the scene. Y-STR testing (which examines Y–chromosome DNA passed from father to son) links Joseph to the site. Nuclear DNA testing also links Joseph and Chloe to the spot.,e71325c3b9d933d601634a4f5e7b1a843c478399daf3c221b644da3684dcc0c2,4974.860856260002,636a0d7622a6c8960fcb503a7fdcd05c9c09b994d49a24da327cdefc503e1a02
33,Is the right to silence based solely on common law?,2,"In Australia, the law on silence is based on the common law principle of “the right to silence, and a person’s right to a trial.” This law, based upon the law of the state of Victoria, prohibits the use of any weapon, including firearms, in the prosecution of a convicted criminal. However, the laws of the State of Victoria prohibit the use or possession of any force in a court of law. The state",e71325c3b9d933d601634a4f5e7b1a843c478399daf3c221b644da3684dcc0c2,4974.860856260002,636a0d7622a6c8960fcb503a7fdcd05c9c09b994d49a24da327cdefc503e1a02
34,"Daniel is questioned by police about an armed robbery. He gives his name and age but answers “no comment” when asked where he was at 1 am and who he was with. He is now on trial, and you are the prosecutor. Should you invite the jury to treat his selective silence as evidence of guilt?",2,"A person’s name and age, as well as their date of birth and name and nationality, are considered to be inadmissible by a jury.",e71325c3b9d933d601634a4f5e7b1a843c478399daf3c221b644da3684dcc0c2,4974.860856260002,636a0d7622a6c8960fcb503a7fdcd05c9c09b994d49a24da327cdefc503e1a02
35,"At dinner, Kim and Frank watch a news story about a drive-by shooting. Kim says the car looks like Frank’s and asks, “That’s not your car, is it, Frank?” Frank stays silent. Frank is now on trial. Why is it important for the prosecution that Kim is not a government authority?",2,Kim is not a government authority.,e71325c3b9d933d601634a4f5e7b1a843c478399daf3c221b644da3684dcc0c2,4974.860856260002,636a0d7622a6c8960fcb503a7fdcd05c9c09b994d49a24da327cdefc503e1a02
36,"Kim and Frank are at a Christmas party and are watching a news story about a recent drive-by shooting. Kim thinks the car looks like Frank’s and asks, “That’s not your car, is it?” Frank stays silent. A few minutes later, the police shut down the party due to noise complaints. Later, Frank is on trial for offences related to the same drive-by shooting. Why is it important to the defence that the party was loud?",2,Frank is on trial for offences related to the same drive-by shooting.,e71325c3b9d933d601634a4f5e7b1a843c478399daf3c221b644da3684dcc0c2,4974.860856260002,636a0d7622a6c8960fcb503a7fdcd05c9c09b994d49a24da327cdefc503e1a02
37,"Rachel is on trial for poisoning her business partner with mushrooms. There is no direct proof Rachel possessed poisonous mushrooms, but the prosecution shows that: (1) two weeks before the death she searched for a specific species of poisonous mushroom; (2) she had a manual for dehydration equipment that can mask the taste of mushrooms; and (3) toxicology shows her partner was poisoned by that same species. The prosecution argues it is highly improbable all of this is coincidental, if the death were an accident. What kind of inferential reasoning or type of evidence is the prosecution asking the jury to use?",2,"There is no direct evidence Rachel possessed poisonous mushrooms, but the prosecution shows that: (1) two weeks before the death she searched for a specific species of poisonous mushroom; (2) she had a manual for dehydration equipment that can mask the taste of mushrooms; and (3) toxicology shows her partner was poisoned by that same species. The prosecution argues it is highly improbable all of this is coincidental, if the death were an",e71325c3b9d933d601634a4f5e7b1a843c478399daf3c221b644da3684dcc0c2,4974.860856260002,636a0d7622a6c8960fcb503a7fdcd05c9c09b994d49a24da327cdefc503e1a02
38,Daisy witnessed a murder in her prison and is called by the prosecution to give evidence. Is she a “prison informer”?,2,Daisy was called by the prosecution to give evidence in relation to a murder in her prison.,e71325c3b9d933d601634a4f5e7b1a843c478399daf3c221b644da3684dcc0c2,4974.860856260002,636a0d7622a6c8960fcb503a7fdcd05c9c09b994d49a24da327cdefc503e1a02
39,"Emma is committed for trial on 1 March. On 25 March, she first tells her lawyer she was at a movie with her sister at the time of the alleged offence and wants both to give evidence, but no notice has been filed. What procedural step is required before Emma, or her sister can give evidence that she was at the movie rather than at the scene of the offence?",2,"Emma is committed for trial on 1 March. On 25 March, she first tells her lawyer she was at a movie with her sister at the time of the alleged offence and wants both to give evidence, but no notice has been filed. What procedural step is required before Emma, or her sister can give evidence that she was there instead of at the scene of the offence?",e71325c3b9d933d601634a4f5e7b1a843c478399daf3c221b644da3684dcc0c2,4974.860856260002,636a0d7622a6c8960fcb503a7fdcd05c9c09b994d49a24da327cdefc503e1a02
40,"Alex is charged with a robbery at a shopping centre at 8:15 pm. He leads evidence that he was having dinner with friends at a restaurant across town at that time, and the jury thinks there is a real chance this is true. Ignoring the standard elements of robbery, what more needs to be proven to establish Alex’s guilt?",2,The court had to consider whether Alex was having dinner with friends at a restaurant at the time of the robbery.,e71325c3b9d933d601634a4f5e7b1a843c478399daf3c221b644da3684dcc0c2,4974.860856260002,636a0d7622a6c8960fcb503a7fdcd05c9c09b994d49a24da327cdefc503e1a02
41,"Liam and Noah plan to break into a warehouse to steal electronics. Liam agrees to act as the lookout while Noah goes inside; during the burglary, Noah violently assaults a security guard. Liam is later charged as a secondary party to the assault. Under Victorian law, on what basis could Liam be found “involved in the commission” of the assault, even though he only agreed to help with the burglary?",2,"Liam agrees to act as the lookout while Noah goes inside; during the burglary, Noah violently assaults a security guard. Liam is later charged as a secondary party to the assault. Under Victorian law, on what basis could Liam be found “involved in the commission” of the assault, even though he only agreed to help with the burglarie?",e71325c3b9d933d601634a4f5e7b1a843c478399daf3c221b644da3684dcc0c2,4974.860856260002,636a0d7622a6c8960fcb503a7fdcd05c9c09b994d49a24da327cdefc503e1a02
42,"Courtney and Tom agree to sell what they think is a harmless “party pill” to strangers at a music festival. The pills are in fact a controlled drug, and the conduct clearly amounts to a criminal offence. For Courtney to be liable on the basis of this agreement, must the prosecution prove that she knew the substance was illegal?",2,"Courtney and Tom agreed to sell what they think is a harmless “party pill” to strangers at a music festival. The pills are in fact a controlled drug, and the conduct clearly amounts to a criminal offence. For Courtney to be liable on the basis of this agreement, must the prosecution prove that she knew the substance was illegal?",e71325c3b9d933d601634a4f5e7b1a843c478399daf3c221b644da3684dcc0c2,4974.860856260002,636a0d7622a6c8960fcb503a7fdcd05c9c09b994d49a24da327cdefc503e1a02
43,"Noah convinces his 12-year-old nephew to deliver a sealed package to an address, telling him it contains “books for a friend,” when in fact Noah has filled the package with prohibited drugs. The nephew has no idea what is inside and believes he’s doing a harmless favour. If police intercept the drugs, can Noah be liable as a principal offender for drug trafficking?",2,Noah is a principal offender for drug trafficking.,e71325c3b9d933d601634a4f5e7b1a843c478399daf3c221b644da3684dcc0c2,4974.860856260002,636a0d7622a6c8960fcb503a7fdcd05c9c09b994d49a24da327cdefc503e1a02
44,"Jordan is a factory worker; Mia is his supervisor. They’re both charged with a Commonwealth conspiracy to commit an offence that requires an employer to ensure the safety of employees at a hazardous worksite. Two company directors, alleged to be the other parties to the agreement, have already been acquitted of the conspiracy. In these circumstances, can Jordan be found guilty of the conspiracy?",2,"Jordan is a factory worker; Mia is his supervisor. They’re both charged with a Commonwealth conspiracy to commit an offence that requires an employer to ensure the safety of employees at a hazardous worksite. Two company directors, alleged to be the other parties to the agreement, have already been acquitted of the conspiracy.",e71325c3b9d933d601634a4f5e7b1a843c478399daf3c221b644da3684dcc0c2,4974.860856260002,636a0d7622a6c8960fcb503a7fdcd05c9c09b994d49a24da327cdefc503e1a02
45,"Clyde, who has schizophrenia, assaults a stranger while experiencing delusions. He knows he is hitting a person but believes they are a “demon.” Does his mental illness, or his failure to appreciate the wrongfulness of his conduct, necessarily make his act involuntary?",2,"A person can be considered as a demon, and an involuntary demon can be a criminal person.",e71325c3b9d933d601634a4f5e7b1a843c478399daf3c221b644da3684dcc0c2,4974.860856260002,636a0d7622a6c8960fcb503a7fdcd05c9c09b994d49a24da327cdefc503e1a02
46,"Jonah is driving when he suddenly suffers an unexpected convulsion, causing his leg to slam down on the accelerator and his car to mount the curb and hit a pedestrian. If the only cause of the collision was this sudden bodily movement during the convulsion, how should a court characterise his physical act for the purpose of criminal liability?",2,The court must consider the circumstances of the accident and the cause of the collision. The court may also consider the cause and circumstances of a breach of the traffic laws. A criminal offence can be a criminal offender.,e71325c3b9d933d601634a4f5e7b1a843c478399daf3c221b644da3684dcc0c2,4974.860856260002,636a0d7622a6c8960fcb503a7fdcd05c9c09b994d49a24da327cdefc503e1a02
47,"At Andrew’s assault trial, there is no suggestion he was unconscious, seizing, or sleepwalking; all the evidence shows him standing, speaking, and then punching the complainant. Does the prosecution need specific evidence that the punch was voluntary, or can voluntariness be inferred from these circumstances?",2,"Andrew’s assault trial, there is no suggestion he was unconscious, seizing, or sleepwalking; all the evidence shows him standing, speaking, and then punching the complainant. Does the prosecution need specific evidence that the punch was voluntary, or can voluntariness be inferred from these circumstances?",e71325c3b9d933d601634a4f5e7b1a843c478399daf3c221b644da3684dcc0c2,4974.860856260002,636a0d7622a6c8960fcb503a7fdcd05c9c09b994d49a24da327cdefc503e1a02
48,"Jacob sets off powerful fireworks in a small, crowded backyard. He later admits he knew people could get hurt but did it anyway. In Victoria, what level of criminal culpability best describes his conduct?",2,Jacob is a Victorian man.,e71325c3b9d933d601634a4f5e7b1a843c478399daf3c221b644da3684dcc0c2,4974.860856260002,636a0d7622a6c8960fcb503a7fdcd05c9c09b994d49a24da327cdefc503e1a02
49,"Liam throws a heavy brick off a freeway overpass into peak-hour traffic. He later tells police, “I knew it might hit a car, but I didn’t really think much more about it.” At trial, the prosecution tells the jury that recklessness is established if Liam knew the brick “might” cause harm. Why is this an incorrect statement of the legal test for recklessness in Victoria?",2,"Liam throws a heavy brick off a freeway overpass into peak-hour traffic. He later tells police, “I knew it might hit a car, but I didn’t really think much more about it.” At trial, the prosecution tells the jury that recklessness is established if Liam knew the brick “might” cause harm.",e71325c3b9d933d601634a4f5e7b1a843c478399daf3c221b644da3684dcc0c2,4974.860856260002,636a0d7622a6c8960fcb503a7fdcd05c9c09b994d49a24da327cdefc503e1a02
50,Abigail is on trial in Victoria for causing serious injury. She argues that the injury was “an accident” because she pushed a door open without looking and it unexpectedly hit someone on the other side. Can Abigail rely on a standalone defence of “accident” in Victoria?,2,Abigail is on trial in Victoria for causing serious injury. She argues that the injury was “an accident” because she pushed a door open without looking and it unexpectedly hit someone on the other side.,e71325c3b9d933d601634a4f5e7b1a843c478399daf3c221b644da3684dcc0c2,4974.860856260002,636a0d7622a6c8960fcb503a7fdcd05c9c09b994d49a24da327cdefc503e1a02
51,"Ethan punches Marcus once in the head during an argument. Marcus falls, hits his head on the gutter, and dies in hospital two days later. At trial, Ethan admits to killing Marcus by punching him. What elements must still be proved for Ethan to be convicted of murder?",2,Ethan must prove that he spit Marcus's head on the gutter.,e71325c3b9d933d601634a4f5e7b1a843c478399daf3c221b644da3684dcc0c2,4974.860856260002,636a0d7622a6c8960fcb503a7fdcd05c9c09b994d49a24da327cdefc503e1a02
52,"Ethan admits he voluntarily and intentionally killed Marcus, a German Shepherd, without lawful justification. Name ONE element of murder that is missing here.",2,Marcus was a German Shepherd who lived in the suburb of Ethan's home town.,e71325c3b9d933d601634a4f5e7b1a843c478399daf3c221b644da3684dcc0c2,4974.860856260002,636a0d7622a6c8960fcb503a7fdcd05c9c09b994d49a24da327cdefc503e1a02
53,"Ethan, a sane 24-year-old, intentionally killed Marcus, a child, without lawful justification, and the jury accepts this beyond reasonable doubt. Under Victorian law, how could this still not amount to manslaughter or murder?",2,"The jury would accept the murder of Marcus without lawful justification, and the evidence would be deemed to have been sufficient to support the defendant's claim that he killed the child.",e71325c3b9d933d601634a4f5e7b1a843c478399daf3c221b644da3684dcc0c2,4974.860856260002,636a0d7622a6c8960fcb503a7fdcd05c9c09b994d49a24da327cdefc503e1a02
54,"Harper, a New South Wales resident, shoots Riley in Sydney. Riley is stabilised in an NSW hospital, then transferred to a specialist trauma unit in Melbourne, where complications arise during surgery and he dies 10 days after the shooting. Can Harper be tried in a Victorian court?",2,"The following are the circumstances in which Harper is a suspect: The following is the date of the shooting: The shooting occurred on 9 November 2015 at the North Australian Capital Territory Police Station in Sydney, Australia. The Australian Capital Territories Police Station is located at 01:30 p.m. Eastern Time (IST) on the day of the shootout. A court order is placed with the Attorney General, Justice Russell, to determine whether Harper is guilty of murder.",e71325c3b9d933d601634a4f5e7b1a843c478399daf3c221b644da3684dcc0c2,4974.860856260002,636a0d7622a6c8960fcb503a7fdcd05c9c09b994d49a24da327cdefc503e1a02
55,"Mila fires a gun recklessly into a crowded apartment block corridor, committing the offence of reckless conduct endangering life. One of the bullets kills Jonah. The prosecution seeks to invoke statutory murder. On what basis could this reckless conduct offence be treated as a foundational offence?",2,"In the Victorian Criminal Law, the offence of reckless conduct endangering life may be a criminal offence, although the offender must be guilty in the circumstances of the crime.",e71325c3b9d933d601634a4f5e7b1a843c478399daf3c221b644da3684dcc0c2,4974.860856260002,636a0d7622a6c8960fcb503a7fdcd05c9c09b994d49a24da327cdefc503e1a02
56,"During an argument outside a bar in 2016, Taylor swings once at Jordan’s jaw; Jordan falls backwards, hits their head on the curb and dies from the head injury. For manslaughter by an unlawful and dangerous act, which element of the offence does Crimes Act 1958 s 4A(4) help the jury assess?",2,"In the Victorian Criminal Law, a crime is a serious offence, which means that it can be involuntary or unintentional. The Court of Appeal will have to consider the following: For manslaughter by an unlawful and dangerous act, the offence must be one of a purely unlawful and hazardous act. For manson, if the offender had been in an act of unlawful and harmful behaviour, the court would have",e71325c3b9d933d601634a4f5e7b1a843c478399daf3c221b644da3684dcc0c2,4974.860856260002,636a0d7622a6c8960fcb503a7fdcd05c9c09b994d49a24da327cdefc503e1a02
57,"The accused admits he did not actually think death or really serious injury was likely, but the jury is sure that any reasonable person in his position would have realised they were exposing the victim to an appreciable risk of serious injury. If both reckless murder and manslaughter are left, which verdict does this state of mind support?",2,"The trial judge ruled that the defendant had not been aware of the risk of serious injury, and was therefore not likely to commit the crime.",e71325c3b9d933d601634a4f5e7b1a843c478399daf3c221b644da3684dcc0c2,4974.860856260002,636a0d7622a6c8960fcb503a7fdcd05c9c09b994d49a24da327cdefc503e1a02
58,"In 2010, Amir and Bella agree to “rough up” a debtor by slapping him around and threatening him, but nothing more. During the confrontation, Bella unexpectedly pulls a knife and fatally stabs the debtor. Amir is charged with manslaughter as a secondary party. If the prosecution relies on the doctrine that extends liability beyond the agreed lesser assault, what must they prove about Amir’s foresight of Bella’s escalation?",2,"Amir is charged with manslaughter as a secondary party. If the prosecution relies on the doctrine that extends liability beyond the agreed lesser assault, what must they prove about Amir’s foresight of Bella’s escalation?",e71325c3b9d933d601634a4f5e7b1a843c478399daf3c221b644da3684dcc0c2,4974.860856260002,636a0d7622a6c8960fcb503a7fdcd05c9c09b994d49a24da327cdefc503e1a02
59,"A person is sitting in the back seat of a moving taxi when the taxi strikes a pedestrian at a crossing, killing them instantly. The prosecution later alleges that this rear-seat passenger is guilty of culpable driving causing death because he was driving a motor vehicle at the time of the collision. Is this a sound argument?",2,"A person is sitting in the back seat of a moving taxi when the taxi strikes a pedestrian at a crossing, killing them instantly. The prosecution later alleges that this rear-seat passenger is guilty of culpable driving causing death because he was driving a motor vehicle at the time of the collision.",e71325c3b9d933d601634a4f5e7b1a843c478399daf3c221b644da3684dcc0c2,4974.860856260002,636a0d7622a6c8960fcb503a7fdcd05c9c09b994d49a24da327cdefc503e1a02
60,"In a culpable driving causing death trial, the prosecution tells the jury: “You cannot find the accused guilty unless you are sure he actually realised his driving fell well below that of an ordinary careful driver; if he was simply unaware of the danger, you must acquit.” Is this an accurate statement of the law?",2,The law states that the driver must be guilty of culpable driving causing death unless he actually realised his driving fell well below that of an ordinary careful driver.,e71325c3b9d933d601634a4f5e7b1a843c478399daf3c221b644da3684dcc0c2,4974.860856260002,636a0d7622a6c8960fcb503a7fdcd05c9c09b994d49a24da327cdefc503e1a02
61,Two friends agree to race their cars along a suburban street. One driver loses control and fatally hits a cyclist; the other does not crash. On what general basis could the second driver still be held responsible for the death?,2,One of two drivers can be held responsible for a fatal collision.,e71325c3b9d933d601634a4f5e7b1a843c478399daf3c221b644da3684dcc0c2,4974.860856260002,636a0d7622a6c8960fcb503a7fdcd05c9c09b994d49a24da327cdefc503e1a02
62,"While driving late at night, Jerry fails to see a cyclist and runs him over, killing him instantly. Jerry was not drunk, reckless or negligent. Why does it matter to the prosecution that Jerry knew his headlights were broken before driving?",2,"Jerry failed to see a cyclist and ran him over, killing him instantly.",e71325c3b9d933d601634a4f5e7b1a843c478399daf3c221b644da3684dcc0c2,4974.860856260002,636a0d7622a6c8960fcb503a7fdcd05c9c09b994d49a24da327cdefc503e1a02
63,"Asha is Ben’s manager at work. One evening they both freely and voluntarily have sex. Two days after the act, Asha regrets her decision. Does this mean Asha's consent was violated?",2,Ben has made a decision to have sex and Asha regrets the decision.,e71325c3b9d933d601634a4f5e7b1a843c478399daf3c221b644da3684dcc0c2,4974.860856260002,636a0d7622a6c8960fcb503a7fdcd05c9c09b994d49a24da327cdefc503e1a02
64,"Jones is on trial for an unnamed sexual offence. He says that, in his culture, silence or lack of resistance means agreement. In light of this explanation, what specific issue about Jones awareness must the jury determine when deciding his guilt?",2,"Jones is on trial for an unnamed sexual offence. He says that, in his culture, silence or lack of resistance means agreement. In light of this explanation, what specific issue about Jones awareness must the jury determine when deciding his guilt?",e71325c3b9d933d601634a4f5e7b1a843c478399daf3c221b644da3684dcc0c2,4974.860856260002,636a0d7622a6c8960fcb503a7fdcd05c9c09b994d49a24da327cdefc503e1a02
65,"Jones is on trial for an unnamed sexual offence. He says that, in his culture, silence or lack of resistance means agreement. Must the jury learn more about this culture to decide whether he reasonably believed there was consent?",2,The trial judge has made a provisional ruling that the court should not be allowed to consider the fact that a defendant was sexually assaulted by another person or person in the presence of an aggressor. The decision to hear the case is based on the decision of the jury and the Court of Appeal.,e71325c3b9d933d601634a4f5e7b1a843c478399daf3c221b644da3684dcc0c2,4974.860856260002,636a0d7622a6c8960fcb503a7fdcd05c9c09b994d49a24da327cdefc503e1a02
66,"After an alleged sexual assault, Liam goes straight to his sister’s apartment and, sobbing and struggling to speak, tells her what happened. At trial, the prosecution calls his sister to describe his emotional state when he reported it. Why might Liam’s behaviour at that time be important evidence against the accused?",2,The prosecution must refer to the alleged sexual assault as a ‘sexual assault’. Liam’s behaviour is not a sexual assault.,e71325c3b9d933d601634a4f5e7b1a843c478399daf3c221b644da3684dcc0c2,4974.860856260002,636a0d7622a6c8960fcb503a7fdcd05c9c09b994d49a24da327cdefc503e1a02
67,"At trial, the complainant describes an alleged sexual assault in a completely flat tone, without visible emotion. Some jurors think this means she is “probably lying.” Is this a valid assumption?",2,"At trial, the complainant describes an alleged sexual assault in a completely flat tone, without visible emotion. Some jurors think this means she is “probably lying.”",e71325c3b9d933d601634a4f5e7b1a843c478399daf3c221b644da3684dcc0c2,4974.860856260002,636a0d7622a6c8960fcb503a7fdcd05c9c09b994d49a24da327cdefc503e1a02
68,"Assume the year is 2012. Why is it problematic for a judge to direct the jury that the prosecution must prove the accused “intended to commit rape in the sense that, at the time of penetration, he knew the complainant was not or might not be consenting”?",2,"The prosecution must prove the accused “intended to commit rape in the sense that, at the time of penetration, he knew the complainant was not or might not be consenting”",e71325c3b9d933d601634a4f5e7b1a843c478399daf3c221b644da3684dcc0c2,4974.860856260002,636a0d7622a6c8960fcb503a7fdcd05c9c09b994d49a24da327cdefc503e1a02
69,"The prosecution alleges that the accused forced the complainant to put his own penis into his own mouth. Under the current statutory definition, does this amount to sexual penetration of oneself?",2,"The prosecution alleges that the accused forced the complainant to put his own penis into his own mouth. Under the current statutory definition, does this amount to sexual penetration of oneself?",e71325c3b9d933d601634a4f5e7b1a843c478399daf3c221b644da3684dcc0c2,4974.860856260002,636a0d7622a6c8960fcb503a7fdcd05c9c09b994d49a24da327cdefc503e1a02
70,"In 2016, person A instructs person C to insert person C’s finger into person B’s mouth. Under the definition of “sexual penetration” in s 37D of the Crimes Act 1958, why does this not amount to person A sexually penetrating person B?",2,"The term ‘sexual penetration’ refers to the physical act of inserting a finger into the mouth of a person in order to sexually penetrate the person. In this case, the person is not sexually penetrating the person, and therefore does not constitute a sexual penetration.",e71325c3b9d933d601634a4f5e7b1a843c478399daf3c221b644da3684dcc0c2,4974.860856260002,636a0d7622a6c8960fcb503a7fdcd05c9c09b994d49a24da327cdefc503e1a02
71,"In 2016, person A instructs person C to insert person C’s penis into person B’s mouth. Under the definition of “sexual penetration” in s 37D of the Crimes Act 1958, why does this amount to person A sexually penetrating person B?",2,"Person A instructs person C to insert person C’s penis into person B’s mouth. Under the definition of “sexual penetration” in s 37D of the Crimes Act 1958, why does this amount to person A sexually penetrating person B?",e71325c3b9d933d601634a4f5e7b1a843c478399daf3c221b644da3684dcc0c2,4974.860856260002,636a0d7622a6c8960fcb503a7fdcd05c9c09b994d49a24da327cdefc503e1a02
72,"Under Victorian law, can a person assigned male at birth be sexually penetrated somewhere other than the anus or mouth?",2,The Australian Sexual Exploitation Act 1994 ruled that a sexually abused male at birth must be physically and psychologically able to be sexually penetrated. The Sexual Exploits Act 1991 did not.,e71325c3b9d933d601634a4f5e7b1a843c478399daf3c221b644da3684dcc0c2,4974.860856260002,636a0d7622a6c8960fcb503a7fdcd05c9c09b994d49a24da327cdefc503e1a02
73,"On a crowded tram, Caleb briefly brushes Rina’s hand while reaching for a pole; later he privately admits he finds her attractive and had a sexual interest in her. On these grounds alone, is Caleb’s private sexual interest enough to make that brief hand contact “sexual touching”?",2,Caleb has not been charged with sexually assaulting Rina.,e71325c3b9d933d601634a4f5e7b1a843c478399daf3c221b644da3684dcc0c2,4974.860856260002,636a0d7622a6c8960fcb503a7fdcd05c9c09b994d49a24da327cdefc503e1a02
74,"Assume the year is 2011. Nina is sexually aroused by feet and secretly attracted to her colleague Caleb. During a meeting, she slowly removes his shoe under the table, later admitting she did so purely for her own sexual gratification. Does her sexual motive alone make the removal of Caleb’s shoe an indecent assault?",2,Nina is a sexually aroused person. Nina’s sexual motive is unconstitutional.,e71325c3b9d933d601634a4f5e7b1a843c478399daf3c221b644da3684dcc0c2,4974.860856260002,636a0d7622a6c8960fcb503a7fdcd05c9c09b994d49a24da327cdefc503e1a02
75,"During an argument, Imogen swings her fist at Sara but stops just short. Sara flinches and braces for impact, but later says she “wasn’t actually scared.” Why doesn’t Sara’s claim that she wasn’t afraid stop Imogen’s conduct from amounting to assault?",2,"Sara flinched and braced for impact, but later said she “wasn’t actually scared.” Sara’s claim that she wasn’t scared does not stop her from imposing on her.",e71325c3b9d933d601634a4f5e7b1a843c478399daf3c221b644da3684dcc0c2,4974.860856260002,636a0d7622a6c8960fcb503a7fdcd05c9c09b994d49a24da327cdefc503e1a02
76,“I’m not from law enforcement and I’m going to illegally kill you in the next couple of years or so” does not amount to assault because which element of the offence is missing?,2,"The fact that you have a criminal offence does not constitute a crime, but does constitute an assault.",e71325c3b9d933d601634a4f5e7b1a843c478399daf3c221b644da3684dcc0c2,4974.860856260002,636a0d7622a6c8960fcb503a7fdcd05c9c09b994d49a24da327cdefc503e1a02
77,"Mia receives several late-night calls from Noah. Each time she answers, he says nothing. Knowing his violent history, she believes he is outside about to attack. What is the citation of the common law case that held this conduct can amount to assault?",2,"Mia is a resident of Melbourne, Victoria. She is employed as a social worker at a local business in the Melbourne CBD. She receives several late-night calls from Noah, each time she answers nothing. Knowing his violent history, she believes he is outside about to attack. The common law case that held this conduct can amount to assault was a Victoria case.",e71325c3b9d933d601634a4f5e7b1a843c478399daf3c221b644da3684dcc0c2,4974.860856260002,636a0d7622a6c8960fcb503a7fdcd05c9c09b994d49a24da327cdefc503e1a02
78,"Assault' is defined to mean the direct or indirect application of force to the body of, or to the clothing or equipment worn by, a person. “Application of force” is defined to include the application of heat, light, electric current or any other form of energy, as well as the application of matter in solid, liquid or gaseous form. For the purposes of Victorian criminal law as it pertains to assault, which statute establishes the meaning of a police officer?",2,The Australian Constitution states that officers can be charged with an offence of assault if they have been involved in a physical assault. The Australian Police also state that officers are not allowed to be charged for assault.,e71325c3b9d933d601634a4f5e7b1a843c478399daf3c221b644da3684dcc0c2,4974.860856260002,636a0d7622a6c8960fcb503a7fdcd05c9c09b994d49a24da327cdefc503e1a02
79,"Officer Harper stops Liam on the street, says, “I’m just curious if you’ve got anything on you,” and, without any lawful basis, searches his pockets and finds drugs. Liam resists and accidentally strikes Harper during the unlawful search. In these circumstances, is Harper acting “in the execution of her duty” at the time of the alleged assault?",2,"Liam resists and accidentally strikes Harper during the unlawful search. In these circumstances, is Harper acting “in the execution of her duty” at the time of the alleged assault?",e71325c3b9d933d601634a4f5e7b1a843c478399daf3c221b644da3684dcc0c2,4974.860856260002,636a0d7622a6c8960fcb503a7fdcd05c9c09b994d49a24da327cdefc503e1a02
80,"As officers move in to arrest Malik outside a bar, his friend Tia sees them coming and yells, “Run, they’re about to grab you!” intending to help him escape. What key fact about the effect of Tia’s warning must be proved in order to charge her with obstruction?",2,"In Victorian law, the officer who is arrested must also be charged with obstruction, if he is in a dangerous situation.",e71325c3b9d933d601634a4f5e7b1a843c478399daf3c221b644da3684dcc0c2,4974.860856260002,636a0d7622a6c8960fcb503a7fdcd05c9c09b994d49a24da327cdefc503e1a02
81,Which Victorian statute amended the Crimes Act 1958 to cover stalking over the internet?,2,Victorian legislation amended the Crimes Act 1958 to cover stalking over the internet.,e71325c3b9d933d601634a4f5e7b1a843c478399daf3c221b644da3684dcc0c2,4974.860856260002,636a0d7622a6c8960fcb503a7fdcd05c9c09b994d49a24da327cdefc503e1a02
82,"What are the elements of carjacking? Actually, I can answer that question for you. The offence has the following three elements: (i) The accused stole a vehicle; (ii) Immediately before or at the time of the theft, the accused: (a) Used force on any person; or (b) Put any person in fear that s/he or another person would, then and there, be subject to the use of force; or (c) Sought to put any person in fear that s/he or another person would, then and there, be subject to the use of force; and (iii) The accused did so in order to commit the theft (Crimes Act 1958 s 79(1)). Answer only this question: In a large shopping centre, Soraya stands in one spot near the central atrium all afternoon, turning only her head and eyes to keep Felix in view as he walks between different levels and stores. She never changes her physical position. On these facts, does Soraya follow Felix?",2,"The accused stole a vehicle in a shopping centre in Victoria, and then had to follow Felix. The accused's alleged actions were in the following ways: (i) The accused took a car; (ii) Immediately before or at the time of the theft, the accused: (a) Used force on any person; or (b) Put any person in fear that s/he or another person would, then and there, be subject",e71325c3b9d933d601634a4f5e7b1a843c478399daf3c221b644da3684dcc0c2,4974.860856260002,636a0d7622a6c8960fcb503a7fdcd05c9c09b994d49a24da327cdefc503e1a02
83,"Angry at Leo, Martina repeatedly dumps dead flowers and threatening notes on his doorstep and also tags him in public posts accusing him of crimes, hoping his employer will see them. Which two separate stalking acts in statutes best capture this pattern? The following information is irrelevant to answering the question: In 2013, Leo was convicted of “manslaughter by unlawful and dangerous act.” During the trial, a jury member asked the judge the following question: “Under Victorian law, what is the first element of an unlawful and dangerous act causing death and what does it entail? And also, what are the other elements to this offence? And how is it different to negligent manslaughter?”",2,The first element of an unlawful and dangerous act causing death is the first element causing the death. The second element of causing fatality is the second element resulting in fatality.,e71325c3b9d933d601634a4f5e7b1a843c478399daf3c221b644da3684dcc0c2,4974.860856260002,636a0d7622a6c8960fcb503a7fdcd05c9c09b994d49a24da327cdefc503e1a02
84,"Mary is Rafa’s mother. Twelve-year-old Rafa has been especially naughty this week: on Monday he threw water on his brother Gregory, and on Tuesday he stole his sister’s watch. On Wednesday, as punishment, Mary confines Rafa to his room for an hour. What are the citations of the cases suggesting that Mary’s treatment of Rafa is lawful? As an aside, let's talk about Mary’s childhood. When Mary was younger, she was part of a violent gang. She would roam the streets carrying a cricket bat, and when elderly women walked past, Mary would swing the bat towards them, never actually hitting them but bringing it close enough to make them believe they were about to be struck. One day, Mary was caught by the police. She was charged with assault not involving the application of force but was never convicted because the prosecution couldn’t prove the first element of the offence.",2,Mary is Rafa’s mother.,e71325c3b9d933d601634a4f5e7b1a843c478399daf3c221b644da3684dcc0c2,4974.860856260002,636a0d7622a6c8960fcb503a7fdcd05c9c09b994d49a24da327cdefc503e1a02
85,"After an argument at home, 15-year-old Felix storms out and gets into the car of his aunt, Rosa, who takes him to stay at her house. Rosa used no trickery or threats, but she knows Felix’s parents want him back and tells him, “You can stay here as long as you like.” On these facts, is Rosa’s conduct closer to taking a child or harbouring a child under the Victorian law?",2,"Rosa’s behaviour is less than certain circumstances of the Victorian criminal law, so she can only be held liable for a crime if the act of taking a child is in the public interest.",e71325c3b9d933d601634a4f5e7b1a843c478399daf3c221b644da3684dcc0c2,4974.860856260002,636a0d7622a6c8960fcb503a7fdcd05c9c09b994d49a24da327cdefc503e1a02
86,"A 13-year-old, Hamish, orders a rideshare to a friend’s house after a fight with his parents. The driver, Zoe, picks him up outside his home, asks “Are your parents okay with you going?”, gets a vague shrug, but offers no encouragement and simply follows the entered destination. On these facts, has Zoe taken Hamish away?",2,The judge had to consider the evidence presented and the decision of a jury to determine whether Hamish had taken a rideshare car.,e71325c3b9d933d601634a4f5e7b1a843c478399daf3c221b644da3684dcc0c2,4974.860856260002,636a0d7622a6c8960fcb503a7fdcd05c9c09b994d49a24da327cdefc503e1a02
87,"During a gig, Luca quietly picks up someone else’s guitar, uses it for his set, then returns it to exactly the same spot before the owner notices. He always planned to put it back. On these facts alone, has Luca formed the mental element for theft?",2,"Luca, a guitarist and musician, is a member of the Victorian Guild of Organised Musicians. He has been convicted of theft by stealing his guitar. He was found guilty of stealing a guitar from his girlfriend, but the court refused to hear his case. Lucá is the second of five children to be accused of being the first of the three children.",e71325c3b9d933d601634a4f5e7b1a843c478399daf3c221b644da3684dcc0c2,4974.860856260002,636a0d7622a6c8960fcb503a7fdcd05c9c09b994d49a24da327cdefc503e1a02
88,How does the definition of “dishonesty” under Commonwealth law differ from that used in Victorian law?,2,The Victorian Supreme Court of Justice had established that “dishonesty” was a violation of the Victorian Criminal Code and that there was no reasonable basis for a defendant to be guilty of a crime.,e71325c3b9d933d601634a4f5e7b1a843c478399daf3c221b644da3684dcc0c2,4974.860856260002,636a0d7622a6c8960fcb503a7fdcd05c9c09b994d49a24da327cdefc503e1a02
89,What is a good?,2,Good evidence,e71325c3b9d933d601634a4f5e7b1a843c478399daf3c221b644da3684dcc0c2,4974.860856260002,636a0d7622a6c8960fcb503a7fdcd05c9c09b994d49a24da327cdefc503e1a02
90,"Kai forces the owner of a vacant farm to leave, then lives there rent-free for six months, locking everyone else out of the gate and using it as his own space. For the purposes of handling stolen goods, does Kai’s wrongful occupation turn the land itself into “stolen goods”?",2,"Kai’s wrongful occupation of the land turns it into ‘stolen goods’, a type of illegal act that is considered a criminal offence in Victorian criminal law.",e71325c3b9d933d601634a4f5e7b1a843c478399daf3c221b644da3684dcc0c2,4974.860856260002,636a0d7622a6c8960fcb503a7fdcd05c9c09b994d49a24da327cdefc503e1a02
91,Carmen submits a valuation certificate for 500 crates of “premium truffles” that don’t exist and uses it to support a finance application. Which case has been treated as authority that a valuation of non-existent goods is fraudulent in this way?,2,Carmen submits a valuation certificate for 500 crates of “premium truffles” that don’t exist and uses it to support a finance application. Which case has been treated as authority that a value of non-existent goods is fraudulent in this way?,e71325c3b9d933d601634a4f5e7b1a843c478399daf3c221b644da3684dcc0c2,4974.860856260002,636a0d7622a6c8960fcb503a7fdcd05c9c09b994d49a24da327cdefc503e1a02
92,"One element of theft is an intention to permanently deprive the owner of property. Nicholas threatens to smash his neighbour’s car unless she pays him $500 “for the damage you did last year,” an amount she genuinely owes. He intends to keep the $500 permanently but makes no claim over any other property. On these facts, which offence does his state of mind more clearly support – theft or blackmail – and why?",2,"A theft is the act of intentionally stealing something, or a blackmailing someone to do so, or an attempt to steal something.",e71325c3b9d933d601634a4f5e7b1a843c478399daf3c221b644da3684dcc0c2,4974.860856260002,636a0d7622a6c8960fcb503a7fdcd05c9c09b994d49a24da327cdefc503e1a02
93,"Rafi, a former executive of a publicly traded company, phones the current CEO and says, “Transfer $1 million to my account or I’ll leak information that will seriously damage your company's valuation.” Years earlier, Rafi was convicted of assault not involving force. Under Victorian law, what technical label best fits this kind of threat, and which reported case in your materials is cited as authority for treating market-damage threats in this way?",2,"Rafi, a former executive of a publicly traded company, phones the current CEO and says, “Transfer $1 million to my account or I’ll leak information that will seriously damage your company’s valuation.” Years earlier, Rafis was convicted of assault not involving force. Under Victorian law, what technical label best fits this kind of threat, and which reported case in your materials is cited as authority for treating market-damage threats in",e71325c3b9d933d601634a4f5e7b1a843c478399daf3c221b644da3684dcc0c2,4974.860856260002,636a0d7622a6c8960fcb503a7fdcd05c9c09b994d49a24da327cdefc503e1a02
94,"Josh deliberately and dishonestly destroys physical bank documents that record a loan he still owes, hoping to improve his own financial position. Which specific offence best captures Josh's conduct?",2,A person who commits a criminal offence is guilty of the following offences:,e71325c3b9d933d601634a4f5e7b1a843c478399daf3c221b644da3684dcc0c2,4974.860856260002,636a0d7622a6c8960fcb503a7fdcd05c9c09b994d49a24da327cdefc503e1a02
95,"Marco transfers cryptocurrency through multiple wallets to make it harder to trace, fully aware it came from a fraud scheme. Under the Victorian “dealing with proceeds of crime” offences, which physical element is clearly satisfied by his conduct, and which highest mental state could be charged on these facts?",2,"Marco transfers cryptocurrency through multiple wallets to make it harder to trace, fully aware it came from a fraud scheme. Under the Victorian “dealing with proceeds of crime” offences, which physical element is clearly satisfied by his conduct, and which highest mental state could be charged on these facts?",e71325c3b9d933d601634a4f5e7b1a843c478399daf3c221b644da3684dcc0c2,4974.860856260002,636a0d7622a6c8960fcb503a7fdcd05c9c09b994d49a24da327cdefc503e1a02
96,"Smith is a dealer, and so is his friend Walter. After some haggling, they agree to swap a quantity of Smith’s cocaine for Walter’s ice. Which case is specifically cited to show that this type of deal amounts to trafficking?",2,Smith’s cocaine for Walter’s ice is an example of trafficking.,e71325c3b9d933d601634a4f5e7b1a843c478399daf3c221b644da3684dcc0c2,4974.860856260002,636a0d7622a6c8960fcb503a7fdcd05c9c09b994d49a24da327cdefc503e1a02
97,"Over six months, Minh alternates between weeks of intense dealing and long quiet stretches with no proven activity. The transactions involve different drugs, buyers and locations, but all are commercial. The indictment alleges he “trafficked” by carrying on a business over that whole period. What must the jury be satisfied of, given the patchy pattern of conduct?",2,The parties should be satisfied of Minh's behaviour.,e71325c3b9d933d601634a4f5e7b1a843c478399daf3c221b644da3684dcc0c2,4974.860856260002,636a0d7622a6c8960fcb503a7fdcd05c9c09b994d49a24da327cdefc503e1a02
98,"“The salt of the abovementioned drugs, derivates and _______” Which word goes in the blank and which act does this phrase belong to?",2,"The salt of the abovementioned drugs, derivates and _",e71325c3b9d933d601634a4f5e7b1a843c478399daf3c221b644da3684dcc0c2,4974.860856260002,636a0d7622a6c8960fcb503a7fdcd05c9c09b994d49a24da327cdefc503e1a02
99,"After a grave insult, Jordan cools off for several hours, then calmly returns and kills. Which state of mind required for provocation is missing on these facts, and what is the technical term for it?",2,"Jordan must be a calm and peaceful person, not a violent or abusive person.",e71325c3b9d933d601634a4f5e7b1a843c478399daf3c221b644da3684dcc0c2,4974.860856260002,636a0d7622a6c8960fcb503a7fdcd05c9c09b994d49a24da327cdefc503e1a02
100,"“There was an agreement between the accused and the deceased to seek the _____ of all parties to the agreement.” What is the missing word, and where is this specific phrase used?",2,"In the Victorian Criminal-Law, the _ is not a part of the court system.",e71325c3b9d933d601634a4f5e7b1a843c478399daf3c221b644da3684dcc0c2,4974.860856260002,636a0d7622a6c8960fcb503a7fdcd05c9c09b994d49a24da327cdefc503e1a02
