k,n_queries,precision_at_k,recall_at_k,hit_rate_at_k,mrr_at_k,ndcg_at_k,method_id,config,representation,dense_weight,candidate_depth,latency_ms_per_query,owner,dataset_id,corpus_sha256,qa_sha256,evaluation_scope,answer_status
1,100,0.17,0.17,0.17,0.17,0.17,question_bm25,baseline,bm25,,100,0.22815383999954975,Cheryl,isaacus/legal-rag-bench,3a3565bc5429f6cead90548e81f87352b449927e4be1cdd804c28d766bb9c246,e3b869a4e293d081ec5f5b39c2058c8d27b36f611aa9f8275eb1877a7c8b38b0,exploratory previously inspected 100 questions,not_evaluated
3,100,0.09666666666666666,0.29,0.29,0.225,0.2417836778214312,question_bm25,baseline,bm25,,100,0.22815383999954975,Cheryl,isaacus/legal-rag-bench,3a3565bc5429f6cead90548e81f87352b449927e4be1cdd804c28d766bb9c246,e3b869a4e293d081ec5f5b39c2058c8d27b36f611aa9f8275eb1877a7c8b38b0,exploratory previously inspected 100 questions,not_evaluated
5,100,0.062,0.31,0.31,0.22949999999999998,0.24995897147451054,question_bm25,baseline,bm25,,100,0.22815383999954975,Cheryl,isaacus/legal-rag-bench,3a3565bc5429f6cead90548e81f87352b449927e4be1cdd804c28d766bb9c246,e3b869a4e293d081ec5f5b39c2058c8d27b36f611aa9f8275eb1877a7c8b38b0,exploratory previously inspected 100 questions,not_evaluated
10,100,0.037,0.37,0.37,0.2378015873015873,0.2696507301031563,question_bm25,baseline,bm25,,100,0.22815383999954975,Cheryl,isaacus/legal-rag-bench,3a3565bc5429f6cead90548e81f87352b449927e4be1cdd804c28d766bb9c246,e3b869a4e293d081ec5f5b39c2058c8d27b36f611aa9f8275eb1877a7c8b38b0,exploratory previously inspected 100 questions,not_evaluated
1,100,0.08,0.08,0.08,0.08,0.08,question_dense,baseline,question_dense,,100,11.561014830000431,Cheryl,isaacus/legal-rag-bench,3a3565bc5429f6cead90548e81f87352b449927e4be1cdd804c28d766bb9c246,e3b869a4e293d081ec5f5b39c2058c8d27b36f611aa9f8275eb1877a7c8b38b0,exploratory previously inspected 100 questions,not_evaluated
3,100,0.08,0.24,0.24,0.15,0.17309297535714577,question_dense,baseline,question_dense,,100,11.561014830000431,Cheryl,isaacus/legal-rag-bench,3a3565bc5429f6cead90548e81f87352b449927e4be1cdd804c28d766bb9c246,e3b869a4e293d081ec5f5b39c2058c8d27b36f611aa9f8275eb1877a7c8b38b0,exploratory previously inspected 100 questions,not_evaluated
5,100,0.057999999999999996,0.29,0.29,0.16099999999999998,0.19331209073564984,question_dense,baseline,question_dense,,100,11.561014830000431,Cheryl,isaacus/legal-rag-bench,3a3565bc5429f6cead90548e81f87352b449927e4be1cdd804c28d766bb9c246,e3b869a4e293d081ec5f5b39c2058c8d27b36f611aa9f8275eb1877a7c8b38b0,exploratory previously inspected 100 questions,not_evaluated
10,100,0.037,0.37,0.37,0.17124603174603173,0.21876137498556983,question_dense,baseline,question_dense,,100,11.561014830000431,Cheryl,isaacus/legal-rag-bench,3a3565bc5429f6cead90548e81f87352b449927e4be1cdd804c28d766bb9c246,e3b869a4e293d081ec5f5b39c2058c8d27b36f611aa9f8275eb1877a7c8b38b0,exploratory previously inspected 100 questions,not_evaluated
1,100,0.19,0.19,0.19,0.19,0.19,standard_hybrid,baseline,hybrid,0.25,100,11.789168669999981,Cheryl,isaacus/legal-rag-bench,3a3565bc5429f6cead90548e81f87352b449927e4be1cdd804c28d766bb9c246,e3b869a4e293d081ec5f5b39c2058c8d27b36f611aa9f8275eb1877a7c8b38b0,exploratory previously inspected 100 questions,not_evaluated
3,100,0.09333333333333334,0.28,0.28,0.22999999999999995,0.24285578521428747,standard_hybrid,baseline,hybrid,0.25,100,11.789168669999981,Cheryl,isaacus/legal-rag-bench,3a3565bc5429f6cead90548e81f87352b449927e4be1cdd804c28d766bb9c246,e3b869a4e293d081ec5f5b39c2058c8d27b36f611aa9f8275eb1877a7c8b38b0,exploratory previously inspected 100 questions,not_evaluated
5,100,0.072,0.36,0.36,0.249,0.2764334348433819,standard_hybrid,baseline,hybrid,0.25,100,11.789168669999981,Cheryl,isaacus/legal-rag-bench,3a3565bc5429f6cead90548e81f87352b449927e4be1cdd804c28d766bb9c246,e3b869a4e293d081ec5f5b39c2058c8d27b36f611aa9f8275eb1877a7c8b38b0,exploratory previously inspected 100 questions,not_evaluated
10,100,0.047,0.47,0.47,0.26460317460317456,0.3129263038374946,standard_hybrid,baseline,hybrid,0.25,100,11.789168669999981,Cheryl,isaacus/legal-rag-bench,3a3565bc5429f6cead90548e81f87352b449927e4be1cdd804c28d766bb9c246,e3b869a4e293d081ec5f5b39c2058c8d27b36f611aa9f8275eb1877a7c8b38b0,exploratory previously inspected 100 questions,not_evaluated
1,100,0.43,0.43,0.43,0.43,0.43,reference_answer_oracle,oracle_only,oracle,,100,,Cheryl,isaacus/legal-rag-bench,3a3565bc5429f6cead90548e81f87352b449927e4be1cdd804c28d766bb9c246,e3b869a4e293d081ec5f5b39c2058c8d27b36f611aa9f8275eb1877a7c8b38b0,exploratory previously inspected 100 questions,not_evaluated
3,100,0.22333333333333336,0.67,0.67,0.5383333333333333,0.5722580581071478,reference_answer_oracle,oracle_only,oracle,,100,,Cheryl,isaacus/legal-rag-bench,3a3565bc5429f6cead90548e81f87352b449927e4be1cdd804c28d766bb9c246,e3b869a4e293d081ec5f5b39c2058c8d27b36f611aa9f8275eb1877a7c8b38b0,exploratory previously inspected 100 questions,not_evaluated
5,100,0.144,0.72,0.72,0.5498333333333334,0.5929154109940404,reference_answer_oracle,oracle_only,oracle,,100,,Cheryl,isaacus/legal-rag-bench,3a3565bc5429f6cead90548e81f87352b449927e4be1cdd804c28d766bb9c246,e3b869a4e293d081ec5f5b39c2058c8d27b36f611aa9f8275eb1877a7c8b38b0,exploratory previously inspected 100 questions,not_evaluated
10,100,0.08199999999999999,0.82,0.82,0.5640198412698413,0.6261102086217514,reference_answer_oracle,oracle_only,oracle,,100,,Cheryl,isaacus/legal-rag-bench,3a3565bc5429f6cead90548e81f87352b449927e4be1cdd804c28d766bb9c246,e3b869a4e293d081ec5f5b39c2058c8d27b36f611aa9f8275eb1877a7c8b38b0,exploratory previously inspected 100 questions,not_evaluated
1,100,0.01,0.01,0.01,0.01,0.01,short_answer_len32_t0_seed20261006__hyde_single,short_answer_len32_t0_seed20261006,hyde_single,,100,336.8108366366664,Cheryl,isaacus/legal-rag-bench,3a3565bc5429f6cead90548e81f87352b449927e4be1cdd804c28d766bb9c246,e3b869a4e293d081ec5f5b39c2058c8d27b36f611aa9f8275eb1877a7c8b38b0,exploratory previously inspected 100 questions,not_evaluated
3,100,0.0033333333333333335,0.01,0.01,0.01,0.01,short_answer_len32_t0_seed20261006__hyde_single,short_answer_len32_t0_seed20261006,hyde_single,,100,336.8108366366664,Cheryl,isaacus/legal-rag-bench,3a3565bc5429f6cead90548e81f87352b449927e4be1cdd804c28d766bb9c246,e3b869a4e293d081ec5f5b39c2058c8d27b36f611aa9f8275eb1877a7c8b38b0,exploratory previously inspected 100 questions,not_evaluated
5,100,0.01,0.05,0.05,0.0195,0.026788824814547207,short_answer_len32_t0_seed20261006__hyde_single,short_answer_len32_t0_seed20261006,hyde_single,,100,336.8108366366664,Cheryl,isaacus/legal-rag-bench,3a3565bc5429f6cead90548e81f87352b449927e4be1cdd804c28d766bb9c246,e3b869a4e293d081ec5f5b39c2058c8d27b36f611aa9f8275eb1877a7c8b38b0,exploratory previously inspected 100 questions,not_evaluated
10,100,0.008,0.08,0.08,0.02408333333333333,0.03706761732456494,short_answer_len32_t0_seed20261006__hyde_single,short_answer_len32_t0_seed20261006,hyde_single,,100,336.8108366366664,Cheryl,isaacus/legal-rag-bench,3a3565bc5429f6cead90548e81f87352b449927e4be1cdd804c28d766bb9c246,e3b869a4e293d081ec5f5b39c2058c8d27b36f611aa9f8275eb1877a7c8b38b0,exploratory previously inspected 100 questions,not_evaluated
1,100,0.17,0.17,0.17,0.17,0.17,short_answer_len32_t0_seed20261006__hyde_single__hybrid_a0.25_d20,short_answer_len32_t0_seed20261006,hyde_single_hybrid,0.25,20,337.08058094666626,Cheryl,isaacus/legal-rag-bench,3a3565bc5429f6cead90548e81f87352b449927e4be1cdd804c28d766bb9c246,e3b869a4e293d081ec5f5b39c2058c8d27b36f611aa9f8275eb1877a7c8b38b0,exploratory previously inspected 100 questions,not_evaluated
3,100,0.11,0.33,0.33,0.24,0.26309297535714576,short_answer_len32_t0_seed20261006__hyde_single__hybrid_a0.25_d20,short_answer_len32_t0_seed20261006,hyde_single_hybrid,0.25,20,337.08058094666626,Cheryl,isaacus/legal-rag-bench,3a3565bc5429f6cead90548e81f87352b449927e4be1cdd804c28d766bb9c246,e3b869a4e293d081ec5f5b39c2058c8d27b36f611aa9f8275eb1877a7c8b38b0,exploratory previously inspected 100 questions,not_evaluated
5,100,0.06999999999999999,0.35,0.35,0.2445,0.2712682690102251,short_answer_len32_t0_seed20261006__hyde_single__hybrid_a0.25_d20,short_answer_len32_t0_seed20261006,hyde_single_hybrid,0.25,20,337.08058094666626,Cheryl,isaacus/legal-rag-bench,3a3565bc5429f6cead90548e81f87352b449927e4be1cdd804c28d766bb9c246,e3b869a4e293d081ec5f5b39c2058c8d27b36f611aa9f8275eb1877a7c8b38b0,exploratory previously inspected 100 questions,not_evaluated
10,100,0.038,0.38,0.38,0.24878571428571428,0.2812682690102251,short_answer_len32_t0_seed20261006__hyde_single__hybrid_a0.25_d20,short_answer_len32_t0_seed20261006,hyde_single_hybrid,0.25,20,337.08058094666626,Cheryl,isaacus/legal-rag-bench,3a3565bc5429f6cead90548e81f87352b449927e4be1cdd804c28d766bb9c246,e3b869a4e293d081ec5f5b39c2058c8d27b36f611aa9f8275eb1877a7c8b38b0,exploratory previously inspected 100 questions,not_evaluated
1,100,0.1,0.1,0.1,0.1,0.1,short_answer_len32_t0_seed20261006__hyde_single__hybrid_a0.5_d20,short_answer_len32_t0_seed20261006,hyde_single_hybrid,0.5,20,337.07657148666726,Cheryl,isaacus/legal-rag-bench,3a3565bc5429f6cead90548e81f87352b449927e4be1cdd804c28d766bb9c246,e3b869a4e293d081ec5f5b39c2058c8d27b36f611aa9f8275eb1877a7c8b38b0,exploratory previously inspected 100 questions,not_evaluated
3,100,0.09333333333333334,0.28,0.28,0.175,0.2017836778214312,short_answer_len32_t0_seed20261006__hyde_single__hybrid_a0.5_d20,short_answer_len32_t0_seed20261006,hyde_single_hybrid,0.5,20,337.07657148666726,Cheryl,isaacus/legal-rag-bench,3a3565bc5429f6cead90548e81f87352b449927e4be1cdd804c28d766bb9c246,e3b869a4e293d081ec5f5b39c2058c8d27b36f611aa9f8275eb1877a7c8b38b0,exploratory previously inspected 100 questions,not_evaluated
5,100,0.068,0.34,0.34,0.18849999999999997,0.22630955878066925,short_answer_len32_t0_seed20261006__hyde_single__hybrid_a0.5_d20,short_answer_len32_t0_seed20261006,hyde_single_hybrid,0.5,20,337.07657148666726,Cheryl,isaacus/legal-rag-bench,3a3565bc5429f6cead90548e81f87352b449927e4be1cdd804c28d766bb9c246,e3b869a4e293d081ec5f5b39c2058c8d27b36f611aa9f8275eb1877a7c8b38b0,exploratory previously inspected 100 questions,not_evaluated
10,100,0.036,0.36,0.36,0.1908611111111111,0.23247450750516635,short_answer_len32_t0_seed20261006__hyde_single__hybrid_a0.5_d20,short_answer_len32_t0_seed20261006,hyde_single_hybrid,0.5,20,337.07657148666726,Cheryl,isaacus/legal-rag-bench,3a3565bc5429f6cead90548e81f87352b449927e4be1cdd804c28d766bb9c246,e3b869a4e293d081ec5f5b39c2058c8d27b36f611aa9f8275eb1877a7c8b38b0,exploratory previously inspected 100 questions,not_evaluated
1,100,0.05,0.05,0.05,0.05,0.05,short_answer_len32_t0_seed20261006__hyde_single__hybrid_a0.75_d20,short_answer_len32_t0_seed20261006,hyde_single_hybrid,0.75,20,337.0760305466672,Cheryl,isaacus/legal-rag-bench,3a3565bc5429f6cead90548e81f87352b449927e4be1cdd804c28d766bb9c246,e3b869a4e293d081ec5f5b39c2058c8d27b36f611aa9f8275eb1877a7c8b38b0,exploratory previously inspected 100 questions,not_evaluated
3,100,0.023333333333333334,0.07,0.07,0.05833333333333333,0.061309297535714576,short_answer_len32_t0_seed20261006__hyde_single__hybrid_a0.75_d20,short_answer_len32_t0_seed20261006,hyde_single_hybrid,0.75,20,337.0760305466672,Cheryl,isaacus/legal-rag-bench,3a3565bc5429f6cead90548e81f87352b449927e4be1cdd804c28d766bb9c246,e3b869a4e293d081ec5f5b39c2058c8d27b36f611aa9f8275eb1877a7c8b38b0,exploratory previously inspected 100 questions,not_evaluated
5,100,0.016,0.08,0.08,0.06083333333333333,0.0656160631164485,short_answer_len32_t0_seed20261006__hyde_single__hybrid_a0.75_d20,short_answer_len32_t0_seed20261006,hyde_single_hybrid,0.75,20,337.0760305466672,Cheryl,isaacus/legal-rag-bench,3a3565bc5429f6cead90548e81f87352b449927e4be1cdd804c28d766bb9c246,e3b869a4e293d081ec5f5b39c2058c8d27b36f611aa9f8275eb1877a7c8b38b0,exploratory previously inspected 100 questions,not_evaluated
10,100,0.009,0.09,0.09,0.06208333333333333,0.0687707118843058,short_answer_len32_t0_seed20261006__hyde_single__hybrid_a0.75_d20,short_answer_len32_t0_seed20261006,hyde_single_hybrid,0.75,20,337.0760305466672,Cheryl,isaacus/legal-rag-bench,3a3565bc5429f6cead90548e81f87352b449927e4be1cdd804c28d766bb9c246,e3b869a4e293d081ec5f5b39c2058c8d27b36f611aa9f8275eb1877a7c8b38b0,exploratory previously inspected 100 questions,not_evaluated
1,100,0.16,0.16,0.16,0.16,0.16,short_answer_len32_t0_seed20261006__hyde_single__hybrid_a0.25_d100,short_answer_len32_t0_seed20261006,hyde_single_hybrid,0.25,100,337.2584747066651,Cheryl,isaacus/legal-rag-bench,3a3565bc5429f6cead90548e81f87352b449927e4be1cdd804c28d766bb9c246,e3b869a4e293d081ec5f5b39c2058c8d27b36f611aa9f8275eb1877a7c8b38b0,exploratory previously inspected 100 questions,not_evaluated
3,100,0.10333333333333333,0.31,0.31,0.22333333333333333,0.2454743802857166,short_answer_len32_t0_seed20261006__hyde_single__hybrid_a0.25_d100,short_answer_len32_t0_seed20261006,hyde_single_hybrid,0.25,100,337.2584747066651,Cheryl,isaacus/legal-rag-bench,3a3565bc5429f6cead90548e81f87352b449927e4be1cdd804c28d766bb9c246,e3b869a4e293d081ec5f5b39c2058c8d27b36f611aa9f8275eb1877a7c8b38b0,exploratory previously inspected 100 questions,not_evaluated
5,100,0.06999999999999999,0.35,0.35,0.2328333333333333,0.26226320510026385,short_answer_len32_t0_seed20261006__hyde_single__hybrid_a0.25_d100,short_answer_len32_t0_seed20261006,hyde_single_hybrid,0.25,100,337.2584747066651,Cheryl,isaacus/legal-rag-bench,3a3565bc5429f6cead90548e81f87352b449927e4be1cdd804c28d766bb9c246,e3b869a4e293d081ec5f5b39c2058c8d27b36f611aa9f8275eb1877a7c8b38b0,exploratory previously inspected 100 questions,not_evaluated
10,100,0.039,0.39,0.39,0.23859523809523808,0.2756113304389365,short_answer_len32_t0_seed20261006__hyde_single__hybrid_a0.25_d100,short_answer_len32_t0_seed20261006,hyde_single_hybrid,0.25,100,337.2584747066651,Cheryl,isaacus/legal-rag-bench,3a3565bc5429f6cead90548e81f87352b449927e4be1cdd804c28d766bb9c246,e3b869a4e293d081ec5f5b39c2058c8d27b36f611aa9f8275eb1877a7c8b38b0,exploratory previously inspected 100 questions,not_evaluated
1,100,0.09,0.09,0.09,0.09,0.09,short_answer_len32_t0_seed20261006__hyde_single__hybrid_a0.5_d100,short_answer_len32_t0_seed20261006,hyde_single_hybrid,0.5,100,337.1390745566657,Cheryl,isaacus/legal-rag-bench,3a3565bc5429f6cead90548e81f87352b449927e4be1cdd804c28d766bb9c246,e3b869a4e293d081ec5f5b39c2058c8d27b36f611aa9f8275eb1877a7c8b38b0,exploratory previously inspected 100 questions,not_evaluated
3,100,0.08,0.24,0.24,0.15333333333333332,0.17547438028571663,short_answer_len32_t0_seed20261006__hyde_single__hybrid_a0.5_d100,short_answer_len32_t0_seed20261006,hyde_single_hybrid,0.5,100,337.1390745566657,Cheryl,isaacus/legal-rag-bench,3a3565bc5429f6cead90548e81f87352b449927e4be1cdd804c28d766bb9c246,e3b869a4e293d081ec5f5b39c2058c8d27b36f611aa9f8275eb1877a7c8b38b0,exploratory previously inspected 100 questions,not_evaluated
5,100,0.05600000000000001,0.28,0.28,0.16233333333333333,0.19182496759187528,short_answer_len32_t0_seed20261006__hyde_single__hybrid_a0.5_d100,short_answer_len32_t0_seed20261006,hyde_single_hybrid,0.5,100,337.1390745566657,Cheryl,isaacus/legal-rag-bench,3a3565bc5429f6cead90548e81f87352b449927e4be1cdd804c28d766bb9c246,e3b869a4e293d081ec5f5b39c2058c8d27b36f611aa9f8275eb1877a7c8b38b0,exploratory previously inspected 100 questions,not_evaluated
10,100,0.033,0.33,0.33,0.1688888888888889,0.20786035951049425,short_answer_len32_t0_seed20261006__hyde_single__hybrid_a0.5_d100,short_answer_len32_t0_seed20261006,hyde_single_hybrid,0.5,100,337.1390745566657,Cheryl,isaacus/legal-rag-bench,3a3565bc5429f6cead90548e81f87352b449927e4be1cdd804c28d766bb9c246,e3b869a4e293d081ec5f5b39c2058c8d27b36f611aa9f8275eb1877a7c8b38b0,exploratory previously inspected 100 questions,not_evaluated
1,100,0.06,0.06,0.06,0.06,0.06,short_answer_len32_t0_seed20261006__hyde_single__hybrid_a0.75_d100,short_answer_len32_t0_seed20261006,hyde_single_hybrid,0.75,100,337.1291081766651,Cheryl,isaacus/legal-rag-bench,3a3565bc5429f6cead90548e81f87352b449927e4be1cdd804c28d766bb9c246,e3b869a4e293d081ec5f5b39c2058c8d27b36f611aa9f8275eb1877a7c8b38b0,exploratory previously inspected 100 questions,not_evaluated
3,100,0.023333333333333334,0.07,0.07,0.06333333333333332,0.065,short_answer_len32_t0_seed20261006__hyde_single__hybrid_a0.75_d100,short_answer_len32_t0_seed20261006,hyde_single_hybrid,0.75,100,337.1291081766651,Cheryl,isaacus/legal-rag-bench,3a3565bc5429f6cead90548e81f87352b449927e4be1cdd804c28d766bb9c246,e3b869a4e293d081ec5f5b39c2058c8d27b36f611aa9f8275eb1877a7c8b38b0,exploratory previously inspected 100 questions,not_evaluated
5,100,0.016,0.08,0.08,0.06583333333333333,0.06930676558073393,short_answer_len32_t0_seed20261006__hyde_single__hybrid_a0.75_d100,short_answer_len32_t0_seed20261006,hyde_single_hybrid,0.75,100,337.1291081766651,Cheryl,isaacus/legal-rag-bench,3a3565bc5429f6cead90548e81f87352b449927e4be1cdd804c28d766bb9c246,e3b869a4e293d081ec5f5b39c2058c8d27b36f611aa9f8275eb1877a7c8b38b0,exploratory previously inspected 100 questions,not_evaluated
10,100,0.011,0.11,0.11,0.07041666666666666,0.07958555809075166,short_answer_len32_t0_seed20261006__hyde_single__hybrid_a0.75_d100,short_answer_len32_t0_seed20261006,hyde_single_hybrid,0.75,100,337.1291081766651,Cheryl,isaacus/legal-rag-bench,3a3565bc5429f6cead90548e81f87352b449927e4be1cdd804c28d766bb9c246,e3b869a4e293d081ec5f5b39c2058c8d27b36f611aa9f8275eb1877a7c8b38b0,exploratory previously inspected 100 questions,not_evaluated
1,100,0.08,0.08,0.08,0.08,0.08,short_answer_len32_t0_seed20261006__question_plus_hyde,short_answer_len32_t0_seed20261006,question_plus_hyde,,100,336.8108366366664,Cheryl,isaacus/legal-rag-bench,3a3565bc5429f6cead90548e81f87352b449927e4be1cdd804c28d766bb9c246,e3b869a4e293d081ec5f5b39c2058c8d27b36f611aa9f8275eb1877a7c8b38b0,exploratory previously inspected 100 questions,not_evaluated
3,100,0.08,0.24,0.24,0.14666666666666667,0.17047438028571663,short_answer_len32_t0_seed20261006__question_plus_hyde,short_answer_len32_t0_seed20261006,question_plus_hyde,,100,336.8108366366664,Cheryl,isaacus/legal-rag-bench,3a3565bc5429f6cead90548e81f87352b449927e4be1cdd804c28d766bb9c246,e3b869a4e293d081ec5f5b39c2058c8d27b36f611aa9f8275eb1877a7c8b38b0,exploratory previously inspected 100 questions,not_evaluated
5,100,0.057999999999999996,0.29,0.29,0.15866666666666668,0.19156997068099776,short_answer_len32_t0_seed20261006__question_plus_hyde,short_answer_len32_t0_seed20261006,question_plus_hyde,,100,336.8108366366664,Cheryl,isaacus/legal-rag-bench,3a3565bc5429f6cead90548e81f87352b449927e4be1cdd804c28d766bb9c246,e3b869a4e293d081ec5f5b39c2058c8d27b36f611aa9f8275eb1877a7c8b38b0,exploratory previously inspected 100 questions,not_evaluated
10,100,0.039,0.39,0.39,0.17239682539682538,0.22432300945122716,short_answer_len32_t0_seed20261006__question_plus_hyde,short_answer_len32_t0_seed20261006,question_plus_hyde,,100,336.8108366366664,Cheryl,isaacus/legal-rag-bench,3a3565bc5429f6cead90548e81f87352b449927e4be1cdd804c28d766bb9c246,e3b869a4e293d081ec5f5b39c2058c8d27b36f611aa9f8275eb1877a7c8b38b0,exploratory previously inspected 100 questions,not_evaluated
1,100,0.17,0.17,0.17,0.17,0.17,short_answer_len32_t0_seed20261006__question_plus_hyde__hybrid_a0.25_d20,short_answer_len32_t0_seed20261006,question_plus_hyde_hybrid,0.25,20,337.06473314666596,Cheryl,isaacus/legal-rag-bench,3a3565bc5429f6cead90548e81f87352b449927e4be1cdd804c28d766bb9c246,e3b869a4e293d081ec5f5b39c2058c8d27b36f611aa9f8275eb1877a7c8b38b0,exploratory previously inspected 100 questions,not_evaluated
3,100,0.08,0.24,0.24,0.2,0.2102371901428583,short_answer_len32_t0_seed20261006__question_plus_hyde__hybrid_a0.25_d20,short_answer_len32_t0_seed20261006,question_plus_hyde_hybrid,0.25,20,337.06473314666596,Cheryl,isaacus/legal-rag-bench,3a3565bc5429f6cead90548e81f87352b449927e4be1cdd804c28d766bb9c246,e3b869a4e293d081ec5f5b39c2058c8d27b36f611aa9f8275eb1877a7c8b38b0,exploratory previously inspected 100 questions,not_evaluated
5,100,0.062,0.31,0.31,0.2155,0.2386315991744418,short_answer_len32_t0_seed20261006__question_plus_hyde__hybrid_a0.25_d20,short_answer_len32_t0_seed20261006,question_plus_hyde_hybrid,0.25,20,337.06473314666596,Cheryl,isaacus/legal-rag-bench,3a3565bc5429f6cead90548e81f87352b449927e4be1cdd804c28d766bb9c246,e3b869a4e293d081ec5f5b39c2058c8d27b36f611aa9f8275eb1877a7c8b38b0,exploratory previously inspected 100 questions,not_evaluated
10,100,0.038,0.38,0.38,0.2238293650793651,0.2602548110486031,short_answer_len32_t0_seed20261006__question_plus_hyde__hybrid_a0.25_d20,short_answer_len32_t0_seed20261006,question_plus_hyde_hybrid,0.25,20,337.06473314666596,Cheryl,isaacus/legal-rag-bench,3a3565bc5429f6cead90548e81f87352b449927e4be1cdd804c28d766bb9c246,e3b869a4e293d081ec5f5b39c2058c8d27b36f611aa9f8275eb1877a7c8b38b0,exploratory previously inspected 100 questions,not_evaluated
1,100,0.14,0.14,0.14,0.14,0.14,short_answer_len32_t0_seed20261006__question_plus_hyde__hybrid_a0.5_d20,short_answer_len32_t0_seed20261006,question_plus_hyde_hybrid,0.5,20,337.0599024966657,Cheryl,isaacus/legal-rag-bench,3a3565bc5429f6cead90548e81f87352b449927e4be1cdd804c28d766bb9c246,e3b869a4e293d081ec5f5b39c2058c8d27b36f611aa9f8275eb1877a7c8b38b0,exploratory previously inspected 100 questions,not_evaluated
3,100,0.09000000000000001,0.27,0.27,0.19333333333333333,0.21285578521428747,short_answer_len32_t0_seed20261006__question_plus_hyde__hybrid_a0.5_d20,short_answer_len32_t0_seed20261006,question_plus_hyde_hybrid,0.5,20,337.0599024966657,Cheryl,isaacus/legal-rag-bench,3a3565bc5429f6cead90548e81f87352b449927e4be1cdd804c28d766bb9c246,e3b869a4e293d081ec5f5b39c2058c8d27b36f611aa9f8275eb1877a7c8b38b0,exploratory previously inspected 100 questions,not_evaluated
5,100,0.066,0.33,0.33,0.20683333333333334,0.23738166617352552,short_answer_len32_t0_seed20261006__question_plus_hyde__hybrid_a0.5_d20,short_answer_len32_t0_seed20261006,question_plus_hyde_hybrid,0.5,20,337.0599024966657,Cheryl,isaacus/legal-rag-bench,3a3565bc5429f6cead90548e81f87352b449927e4be1cdd804c28d766bb9c246,e3b869a4e293d081ec5f5b39c2058c8d27b36f611aa9f8275eb1877a7c8b38b0,exploratory previously inspected 100 questions,not_evaluated
10,100,0.047,0.47,0.47,0.22542857142857142,0.2825375010574306,short_answer_len32_t0_seed20261006__question_plus_hyde__hybrid_a0.5_d20,short_answer_len32_t0_seed20261006,question_plus_hyde_hybrid,0.5,20,337.0599024966657,Cheryl,isaacus/legal-rag-bench,3a3565bc5429f6cead90548e81f87352b449927e4be1cdd804c28d766bb9c246,e3b869a4e293d081ec5f5b39c2058c8d27b36f611aa9f8275eb1877a7c8b38b0,exploratory previously inspected 100 questions,not_evaluated
1,100,0.12,0.12,0.12,0.12,0.12,short_answer_len32_t0_seed20261006__question_plus_hyde__hybrid_a0.75_d20,short_answer_len32_t0_seed20261006,question_plus_hyde_hybrid,0.75,20,337.0613613466651,Cheryl,isaacus/legal-rag-bench,3a3565bc5429f6cead90548e81f87352b449927e4be1cdd804c28d766bb9c246,e3b869a4e293d081ec5f5b39c2058c8d27b36f611aa9f8275eb1877a7c8b38b0,exploratory previously inspected 100 questions,not_evaluated
3,100,0.09333333333333334,0.28,0.28,0.18666666666666665,0.21047438028571663,short_answer_len32_t0_seed20261006__question_plus_hyde__hybrid_a0.75_d20,short_answer_len32_t0_seed20261006,question_plus_hyde_hybrid,0.75,20,337.0613613466651,Cheryl,isaacus/legal-rag-bench,3a3565bc5429f6cead90548e81f87352b449927e4be1cdd804c28d766bb9c246,e3b869a4e293d081ec5f5b39c2058c8d27b36f611aa9f8275eb1877a7c8b38b0,exploratory previously inspected 100 questions,not_evaluated
5,100,0.064,0.32,0.32,0.19516666666666665,0.22638673008348684,short_answer_len32_t0_seed20261006__question_plus_hyde__hybrid_a0.75_d20,short_answer_len32_t0_seed20261006,question_plus_hyde_hybrid,0.75,20,337.0613613466651,Cheryl,isaacus/legal-rag-bench,3a3565bc5429f6cead90548e81f87352b449927e4be1cdd804c28d766bb9c246,e3b869a4e293d081ec5f5b39c2058c8d27b36f611aa9f8275eb1877a7c8b38b0,exploratory previously inspected 100 questions,not_evaluated
10,100,0.04,0.4,0.4,0.20560714285714282,0.25200413404970784,short_answer_len32_t0_seed20261006__question_plus_hyde__hybrid_a0.75_d20,short_answer_len32_t0_seed20261006,question_plus_hyde_hybrid,0.75,20,337.0613613466651,Cheryl,isaacus/legal-rag-bench,3a3565bc5429f6cead90548e81f87352b449927e4be1cdd804c28d766bb9c246,e3b869a4e293d081ec5f5b39c2058c8d27b36f611aa9f8275eb1877a7c8b38b0,exploratory previously inspected 100 questions,not_evaluated
1,100,0.18,0.18,0.18,0.18,0.18,short_answer_len32_t0_seed20261006__question_plus_hyde__hybrid_a0.25_d100,short_answer_len32_t0_seed20261006,question_plus_hyde_hybrid,0.25,100,337.14614189666577,Cheryl,isaacus/legal-rag-bench,3a3565bc5429f6cead90548e81f87352b449927e4be1cdd804c28d766bb9c246,e3b869a4e293d081ec5f5b39c2058c8d27b36f611aa9f8275eb1877a7c8b38b0,exploratory previously inspected 100 questions,not_evaluated
3,100,0.09333333333333334,0.28,0.28,0.22666666666666666,0.24047438028571663,short_answer_len32_t0_seed20261006__question_plus_hyde__hybrid_a0.25_d100,short_answer_len32_t0_seed20261006,question_plus_hyde_hybrid,0.25,100,337.14614189666577,Cheryl,isaacus/legal-rag-bench,3a3565bc5429f6cead90548e81f87352b449927e4be1cdd804c28d766bb9c246,e3b869a4e293d081ec5f5b39c2058c8d27b36f611aa9f8275eb1877a7c8b38b0,exploratory previously inspected 100 questions,not_evaluated
5,100,0.072,0.36,0.36,0.24416666666666667,0.2727373173896455,short_answer_len32_t0_seed20261006__question_plus_hyde__hybrid_a0.25_d100,short_answer_len32_t0_seed20261006,question_plus_hyde_hybrid,0.25,100,337.14614189666577,Cheryl,isaacus/legal-rag-bench,3a3565bc5429f6cead90548e81f87352b449927e4be1cdd804c28d766bb9c246,e3b869a4e293d081ec5f5b39c2058c8d27b36f611aa9f8275eb1877a7c8b38b0,exploratory previously inspected 100 questions,not_evaluated
10,100,0.044,0.44,0.44,0.2558015873015873,0.2995532197604517,short_answer_len32_t0_seed20261006__question_plus_hyde__hybrid_a0.25_d100,short_answer_len32_t0_seed20261006,question_plus_hyde_hybrid,0.25,100,337.14614189666577,Cheryl,isaacus/legal-rag-bench,3a3565bc5429f6cead90548e81f87352b449927e4be1cdd804c28d766bb9c246,e3b869a4e293d081ec5f5b39c2058c8d27b36f611aa9f8275eb1877a7c8b38b0,exploratory previously inspected 100 questions,not_evaluated
1,100,0.15,0.15,0.15,0.15,0.15,short_answer_len32_t0_seed20261006__question_plus_hyde__hybrid_a0.5_d100,short_answer_len32_t0_seed20261006,question_plus_hyde_hybrid,0.5,100,337.1414110066655,Cheryl,isaacus/legal-rag-bench,3a3565bc5429f6cead90548e81f87352b449927e4be1cdd804c28d766bb9c246,e3b869a4e293d081ec5f5b39c2058c8d27b36f611aa9f8275eb1877a7c8b38b0,exploratory previously inspected 100 questions,not_evaluated
3,100,0.09000000000000001,0.27,0.27,0.20166666666666663,0.21916508275000204,short_answer_len32_t0_seed20261006__question_plus_hyde__hybrid_a0.5_d100,short_answer_len32_t0_seed20261006,question_plus_hyde_hybrid,0.5,100,337.1414110066655,Cheryl,isaacus/legal-rag-bench,3a3565bc5429f6cead90548e81f87352b449927e4be1cdd804c28d766bb9c246,e3b869a4e293d081ec5f5b39c2058c8d27b36f611aa9f8275eb1877a7c8b38b0,exploratory previously inspected 100 questions,not_evaluated
5,100,0.068,0.34,0.34,0.21766666666666665,0.24799772928997402,short_answer_len32_t0_seed20261006__question_plus_hyde__hybrid_a0.5_d100,short_answer_len32_t0_seed20261006,question_plus_hyde_hybrid,0.5,100,337.1414110066655,Cheryl,isaacus/legal-rag-bench,3a3565bc5429f6cead90548e81f87352b449927e4be1cdd804c28d766bb9c246,e3b869a4e293d081ec5f5b39c2058c8d27b36f611aa9f8275eb1877a7c8b38b0,exploratory previously inspected 100 questions,not_evaluated
10,100,0.043,0.43,0.43,0.2294563492063492,0.27685417175058175,short_answer_len32_t0_seed20261006__question_plus_hyde__hybrid_a0.5_d100,short_answer_len32_t0_seed20261006,question_plus_hyde_hybrid,0.5,100,337.1414110066655,Cheryl,isaacus/legal-rag-bench,3a3565bc5429f6cead90548e81f87352b449927e4be1cdd804c28d766bb9c246,e3b869a4e293d081ec5f5b39c2058c8d27b36f611aa9f8275eb1877a7c8b38b0,exploratory previously inspected 100 questions,not_evaluated
1,100,0.13,0.13,0.13,0.13,0.13,short_answer_len32_t0_seed20261006__question_plus_hyde__hybrid_a0.75_d100,short_answer_len32_t0_seed20261006,question_plus_hyde_hybrid,0.75,100,337.1348598566658,Cheryl,isaacus/legal-rag-bench,3a3565bc5429f6cead90548e81f87352b449927e4be1cdd804c28d766bb9c246,e3b869a4e293d081ec5f5b39c2058c8d27b36f611aa9f8275eb1877a7c8b38b0,exploratory previously inspected 100 questions,not_evaluated
3,100,0.08333333333333333,0.25,0.25,0.18166666666666664,0.19916508275000205,short_answer_len32_t0_seed20261006__question_plus_hyde__hybrid_a0.75_d100,short_answer_len32_t0_seed20261006,question_plus_hyde_hybrid,0.75,100,337.1348598566658,Cheryl,isaacus/legal-rag-bench,3a3565bc5429f6cead90548e81f87352b449927e4be1cdd804c28d766bb9c246,e3b869a4e293d081ec5f5b39c2058c8d27b36f611aa9f8275eb1877a7c8b38b0,exploratory previously inspected 100 questions,not_evaluated
5,100,0.068,0.34,0.34,0.20166666666666663,0.23573478543466486,short_answer_len32_t0_seed20261006__question_plus_hyde__hybrid_a0.75_d100,short_answer_len32_t0_seed20261006,question_plus_hyde_hybrid,0.75,100,337.1348598566658,Cheryl,isaacus/legal-rag-bench,3a3565bc5429f6cead90548e81f87352b449927e4be1cdd804c28d766bb9c246,e3b869a4e293d081ec5f5b39c2058c8d27b36f611aa9f8275eb1877a7c8b38b0,exploratory previously inspected 100 questions,not_evaluated
10,100,0.047,0.47,0.47,0.2183769841269841,0.2771440507764186,short_answer_len32_t0_seed20261006__question_plus_hyde__hybrid_a0.75_d100,short_answer_len32_t0_seed20261006,question_plus_hyde_hybrid,0.75,100,337.1348598566658,Cheryl,isaacus/legal-rag-bench,3a3565bc5429f6cead90548e81f87352b449927e4be1cdd804c28d766bb9c246,e3b869a4e293d081ec5f5b39c2058c8d27b36f611aa9f8275eb1877a7c8b38b0,exploratory previously inspected 100 questions,not_evaluated
1,100,0.01,0.01,0.01,0.01,0.01,short_answer_len32_t0_seed20261006__multi_average,short_answer_len32_t0_seed20261006,multi_average,,100,1010.4325099099992,Cheryl,isaacus/legal-rag-bench,3a3565bc5429f6cead90548e81f87352b449927e4be1cdd804c28d766bb9c246,e3b869a4e293d081ec5f5b39c2058c8d27b36f611aa9f8275eb1877a7c8b38b0,exploratory previously inspected 100 questions,not_evaluated
3,100,0.013333333333333334,0.04,0.04,0.02333333333333333,0.02761859507142915,short_answer_len32_t0_seed20261006__multi_average,short_answer_len32_t0_seed20261006,multi_average,,100,1010.4325099099992,Cheryl,isaacus/legal-rag-bench,3a3565bc5429f6cead90548e81f87352b449927e4be1cdd804c28d766bb9c246,e3b869a4e293d081ec5f5b39c2058c8d27b36f611aa9f8275eb1877a7c8b38b0,exploratory previously inspected 100 questions,not_evaluated
5,100,0.014000000000000002,0.07,0.07,0.029833333333333333,0.039662416796853915,short_answer_len32_t0_seed20261006__multi_average,short_answer_len32_t0_seed20261006,multi_average,,100,1010.4325099099992,Cheryl,isaacus/legal-rag-bench,3a3565bc5429f6cead90548e81f87352b449927e4be1cdd804c28d766bb9c246,e3b869a4e293d081ec5f5b39c2058c8d27b36f611aa9f8275eb1877a7c8b38b0,exploratory previously inspected 100 questions,not_evaluated
10,100,0.011,0.11,0.11,0.03583333333333333,0.05323928067327346,short_answer_len32_t0_seed20261006__multi_average,short_answer_len32_t0_seed20261006,multi_average,,100,1010.4325099099992,Cheryl,isaacus/legal-rag-bench,3a3565bc5429f6cead90548e81f87352b449927e4be1cdd804c28d766bb9c246,e3b869a4e293d081ec5f5b39c2058c8d27b36f611aa9f8275eb1877a7c8b38b0,exploratory previously inspected 100 questions,not_evaluated
1,100,0.15,0.15,0.15,0.15,0.15,short_answer_len32_t0_seed20261006__multi_average__hybrid_a0.25_d20,short_answer_len32_t0_seed20261006,multi_average_hybrid,0.25,20,1010.6838162699989,Cheryl,isaacus/legal-rag-bench,3a3565bc5429f6cead90548e81f87352b449927e4be1cdd804c28d766bb9c246,e3b869a4e293d081ec5f5b39c2058c8d27b36f611aa9f8275eb1877a7c8b38b0,exploratory previously inspected 100 questions,not_evaluated
3,100,0.09999999999999999,0.3,0.3,0.21499999999999997,0.2367836778214312,short_answer_len32_t0_seed20261006__multi_average__hybrid_a0.25_d20,short_answer_len32_t0_seed20261006,multi_average_hybrid,0.25,20,1010.6838162699989,Cheryl,isaacus/legal-rag-bench,3a3565bc5429f6cead90548e81f87352b449927e4be1cdd804c28d766bb9c246,e3b869a4e293d081ec5f5b39c2058c8d27b36f611aa9f8275eb1877a7c8b38b0,exploratory previously inspected 100 questions,not_evaluated
5,100,0.062,0.31,0.31,0.21749999999999997,0.24109044340216512,short_answer_len32_t0_seed20261006__multi_average__hybrid_a0.25_d20,short_answer_len32_t0_seed20261006,multi_average_hybrid,0.25,20,1010.6838162699989,Cheryl,isaacus/legal-rag-bench,3a3565bc5429f6cead90548e81f87352b449927e4be1cdd804c28d766bb9c246,e3b869a4e293d081ec5f5b39c2058c8d27b36f611aa9f8275eb1877a7c8b38b0,exploratory previously inspected 100 questions,not_evaluated
10,100,0.038,0.38,0.38,0.22765873015873012,0.26455822043429866,short_answer_len32_t0_seed20261006__multi_average__hybrid_a0.25_d20,short_answer_len32_t0_seed20261006,multi_average_hybrid,0.25,20,1010.6838162699989,Cheryl,isaacus/legal-rag-bench,3a3565bc5429f6cead90548e81f87352b449927e4be1cdd804c28d766bb9c246,e3b869a4e293d081ec5f5b39c2058c8d27b36f611aa9f8275eb1877a7c8b38b0,exploratory previously inspected 100 questions,not_evaluated
1,100,0.08,0.08,0.08,0.08,0.08,short_answer_len32_t0_seed20261006__multi_average__hybrid_a0.5_d20,short_answer_len32_t0_seed20261006,multi_average_hybrid,0.5,20,1010.683429999998,Cheryl,isaacus/legal-rag-bench,3a3565bc5429f6cead90548e81f87352b449927e4be1cdd804c28d766bb9c246,e3b869a4e293d081ec5f5b39c2058c8d27b36f611aa9f8275eb1877a7c8b38b0,exploratory previously inspected 100 questions,not_evaluated
3,100,0.09000000000000001,0.27,0.27,0.15999999999999998,0.18809297535714578,short_answer_len32_t0_seed20261006__multi_average__hybrid_a0.5_d20,short_answer_len32_t0_seed20261006,multi_average_hybrid,0.5,20,1010.683429999998,Cheryl,isaacus/legal-rag-bench,3a3565bc5429f6cead90548e81f87352b449927e4be1cdd804c28d766bb9c246,e3b869a4e293d081ec5f5b39c2058c8d27b36f611aa9f8275eb1877a7c8b38b0,exploratory previously inspected 100 questions,not_evaluated
5,100,0.06,0.3,0.3,0.16699999999999998,0.20057503459095904,short_answer_len32_t0_seed20261006__multi_average__hybrid_a0.5_d20,short_answer_len32_t0_seed20261006,multi_average_hybrid,0.5,20,1010.683429999998,Cheryl,isaacus/legal-rag-bench,3a3565bc5429f6cead90548e81f87352b449927e4be1cdd804c28d766bb9c246,e3b869a4e293d081ec5f5b39c2058c8d27b36f611aa9f8275eb1877a7c8b38b0,exploratory previously inspected 100 questions,not_evaluated
10,100,0.036,0.36,0.36,0.17578968253968252,0.22075953226203013,short_answer_len32_t0_seed20261006__multi_average__hybrid_a0.5_d20,short_answer_len32_t0_seed20261006,multi_average_hybrid,0.5,20,1010.683429999998,Cheryl,isaacus/legal-rag-bench,3a3565bc5429f6cead90548e81f87352b449927e4be1cdd804c28d766bb9c246,e3b869a4e293d081ec5f5b39c2058c8d27b36f611aa9f8275eb1877a7c8b38b0,exploratory previously inspected 100 questions,not_evaluated
1,100,0.06,0.06,0.06,0.06,0.06,short_answer_len32_t0_seed20261006__multi_average__hybrid_a0.75_d20,short_answer_len32_t0_seed20261006,multi_average_hybrid,0.75,20,1010.6825876699975,Cheryl,isaacus/legal-rag-bench,3a3565bc5429f6cead90548e81f87352b449927e4be1cdd804c28d766bb9c246,e3b869a4e293d081ec5f5b39c2058c8d27b36f611aa9f8275eb1877a7c8b38b0,exploratory previously inspected 100 questions,not_evaluated
3,100,0.03333333333333333,0.1,0.1,0.07666666666666666,0.08261859507142916,short_answer_len32_t0_seed20261006__multi_average__hybrid_a0.75_d20,short_answer_len32_t0_seed20261006,multi_average_hybrid,0.75,20,1010.6825876699975,Cheryl,isaacus/legal-rag-bench,3a3565bc5429f6cead90548e81f87352b449927e4be1cdd804c28d766bb9c246,e3b869a4e293d081ec5f5b39c2058c8d27b36f611aa9f8275eb1877a7c8b38b0,exploratory previously inspected 100 questions,not_evaluated
5,100,0.022,0.11,0.11,0.07916666666666666,0.0869253606521631,short_answer_len32_t0_seed20261006__multi_average__hybrid_a0.75_d20,short_answer_len32_t0_seed20261006,multi_average_hybrid,0.75,20,1010.6825876699975,Cheryl,isaacus/legal-rag-bench,3a3565bc5429f6cead90548e81f87352b449927e4be1cdd804c28d766bb9c246,e3b869a4e293d081ec5f5b39c2058c8d27b36f611aa9f8275eb1877a7c8b38b0,exploratory previously inspected 100 questions,not_evaluated
10,100,0.013000000000000001,0.13,0.13,0.0825,0.09404950439432351,short_answer_len32_t0_seed20261006__multi_average__hybrid_a0.75_d20,short_answer_len32_t0_seed20261006,multi_average_hybrid,0.75,20,1010.6825876699975,Cheryl,isaacus/legal-rag-bench,3a3565bc5429f6cead90548e81f87352b449927e4be1cdd804c28d766bb9c246,e3b869a4e293d081ec5f5b39c2058c8d27b36f611aa9f8275eb1877a7c8b38b0,exploratory previously inspected 100 questions,not_evaluated
1,100,0.15,0.15,0.15,0.15,0.15,short_answer_len32_t0_seed20261006__multi_average__hybrid_a0.25_d100,short_answer_len32_t0_seed20261006,multi_average_hybrid,0.25,100,1010.7462329099974,Cheryl,isaacus/legal-rag-bench,3a3565bc5429f6cead90548e81f87352b449927e4be1cdd804c28d766bb9c246,e3b869a4e293d081ec5f5b39c2058c8d27b36f611aa9f8275eb1877a7c8b38b0,exploratory previously inspected 100 questions,not_evaluated
3,100,0.10333333333333333,0.31,0.31,0.21499999999999997,0.23916508275000203,short_answer_len32_t0_seed20261006__multi_average__hybrid_a0.25_d100,short_answer_len32_t0_seed20261006,multi_average_hybrid,0.25,100,1010.7462329099974,Cheryl,isaacus/legal-rag-bench,3a3565bc5429f6cead90548e81f87352b449927e4be1cdd804c28d766bb9c246,e3b869a4e293d081ec5f5b39c2058c8d27b36f611aa9f8275eb1877a7c8b38b0,exploratory previously inspected 100 questions,not_evaluated
5,100,0.068,0.34,0.34,0.22249999999999998,0.25208537949220383,short_answer_len32_t0_seed20261006__multi_average__hybrid_a0.25_d100,short_answer_len32_t0_seed20261006,multi_average_hybrid,0.25,100,1010.7462329099974,Cheryl,isaacus/legal-rag-bench,3a3565bc5429f6cead90548e81f87352b449927e4be1cdd804c28d766bb9c246,e3b869a4e293d081ec5f5b39c2058c8d27b36f611aa9f8275eb1877a7c8b38b0,exploratory previously inspected 100 questions,not_evaluated
10,100,0.040999999999999995,0.41,0.41,0.23246825396825394,0.27533920999192985,short_answer_len32_t0_seed20261006__multi_average__hybrid_a0.25_d100,short_answer_len32_t0_seed20261006,multi_average_hybrid,0.25,100,1010.7462329099974,Cheryl,isaacus/legal-rag-bench,3a3565bc5429f6cead90548e81f87352b449927e4be1cdd804c28d766bb9c246,e3b869a4e293d081ec5f5b39c2058c8d27b36f611aa9f8275eb1877a7c8b38b0,exploratory previously inspected 100 questions,not_evaluated
1,100,0.08,0.08,0.08,0.08,0.08,short_answer_len32_t0_seed20261006__multi_average__hybrid_a0.5_d100,short_answer_len32_t0_seed20261006,multi_average_hybrid,0.5,100,1010.7560256699992,Cheryl,isaacus/legal-rag-bench,3a3565bc5429f6cead90548e81f87352b449927e4be1cdd804c28d766bb9c246,e3b869a4e293d081ec5f5b39c2058c8d27b36f611aa9f8275eb1877a7c8b38b0,exploratory previously inspected 100 questions,not_evaluated
3,100,0.06999999999999999,0.21,0.21,0.14,0.15809297535714578,short_answer_len32_t0_seed20261006__multi_average__hybrid_a0.5_d100,short_answer_len32_t0_seed20261006,multi_average_hybrid,0.5,100,1010.7560256699992,Cheryl,isaacus/legal-rag-bench,3a3565bc5429f6cead90548e81f87352b449927e4be1cdd804c28d766bb9c246,e3b869a4e293d081ec5f5b39c2058c8d27b36f611aa9f8275eb1877a7c8b38b0,exploratory previously inspected 100 questions,not_evaluated
5,100,0.054000000000000006,0.27,0.27,0.1535,0.18261885631638383,short_answer_len32_t0_seed20261006__multi_average__hybrid_a0.5_d100,short_answer_len32_t0_seed20261006,multi_average_hybrid,0.5,100,1010.7560256699992,Cheryl,isaacus/legal-rag-bench,3a3565bc5429f6cead90548e81f87352b449927e4be1cdd804c28d766bb9c246,e3b869a4e293d081ec5f5b39c2058c8d27b36f611aa9f8275eb1877a7c8b38b0,exploratory previously inspected 100 questions,not_evaluated
10,100,0.036,0.36,0.36,0.16596825396825396,0.21218198435182437,short_answer_len32_t0_seed20261006__multi_average__hybrid_a0.5_d100,short_answer_len32_t0_seed20261006,multi_average_hybrid,0.5,100,1010.7560256699992,Cheryl,isaacus/legal-rag-bench,3a3565bc5429f6cead90548e81f87352b449927e4be1cdd804c28d766bb9c246,e3b869a4e293d081ec5f5b39c2058c8d27b36f611aa9f8275eb1877a7c8b38b0,exploratory previously inspected 100 questions,not_evaluated
1,100,0.06,0.06,0.06,0.06,0.06,short_answer_len32_t0_seed20261006__multi_average__hybrid_a0.75_d100,short_answer_len32_t0_seed20261006,multi_average_hybrid,0.75,100,1010.7460049299982,Cheryl,isaacus/legal-rag-bench,3a3565bc5429f6cead90548e81f87352b449927e4be1cdd804c28d766bb9c246,e3b869a4e293d081ec5f5b39c2058c8d27b36f611aa9f8275eb1877a7c8b38b0,exploratory previously inspected 100 questions,not_evaluated
3,100,0.03666666666666667,0.11,0.11,0.08,0.08761859507142916,short_answer_len32_t0_seed20261006__multi_average__hybrid_a0.75_d100,short_answer_len32_t0_seed20261006,multi_average_hybrid,0.75,100,1010.7460049299982,Cheryl,isaacus/legal-rag-bench,3a3565bc5429f6cead90548e81f87352b449927e4be1cdd804c28d766bb9c246,e3b869a4e293d081ec5f5b39c2058c8d27b36f611aa9f8275eb1877a7c8b38b0,exploratory previously inspected 100 questions,not_evaluated
5,100,0.022,0.11,0.11,0.08,0.08761859507142916,short_answer_len32_t0_seed20261006__multi_average__hybrid_a0.75_d100,short_answer_len32_t0_seed20261006,multi_average_hybrid,0.75,100,1010.7460049299982,Cheryl,isaacus/legal-rag-bench,3a3565bc5429f6cead90548e81f87352b449927e4be1cdd804c28d766bb9c246,e3b869a4e293d081ec5f5b39c2058c8d27b36f611aa9f8275eb1877a7c8b38b0,exploratory previously inspected 100 questions,not_evaluated
10,100,0.018,0.18,0.18,0.09125,0.11214567506576778,short_answer_len32_t0_seed20261006__multi_average__hybrid_a0.75_d100,short_answer_len32_t0_seed20261006,multi_average_hybrid,0.75,100,1010.7460049299982,Cheryl,isaacus/legal-rag-bench,3a3565bc5429f6cead90548e81f87352b449927e4be1cdd804c28d766bb9c246,e3b869a4e293d081ec5f5b39c2058c8d27b36f611aa9f8275eb1877a7c8b38b0,exploratory previously inspected 100 questions,not_evaluated
1,100,0.02,0.02,0.02,0.02,0.02,short_answer_len32_t0_seed20261006__multi_rrf,short_answer_len32_t0_seed20261006,multi_rrf,,100,1010.4325099099992,Cheryl,isaacus/legal-rag-bench,3a3565bc5429f6cead90548e81f87352b449927e4be1cdd804c28d766bb9c246,e3b869a4e293d081ec5f5b39c2058c8d27b36f611aa9f8275eb1877a7c8b38b0,exploratory previously inspected 100 questions,not_evaluated
3,100,0.016666666666666666,0.05,0.05,0.03333333333333333,0.03761859507142915,short_answer_len32_t0_seed20261006__multi_rrf,short_answer_len32_t0_seed20261006,multi_rrf,,100,1010.4325099099992,Cheryl,isaacus/legal-rag-bench,3a3565bc5429f6cead90548e81f87352b449927e4be1cdd804c28d766bb9c246,e3b869a4e293d081ec5f5b39c2058c8d27b36f611aa9f8275eb1877a7c8b38b0,exploratory previously inspected 100 questions,not_evaluated
5,100,0.014000000000000002,0.07,0.07,0.037333333333333336,0.04535565121611999,short_answer_len32_t0_seed20261006__multi_rrf,short_answer_len32_t0_seed20261006,multi_rrf,,100,1010.4325099099992,Cheryl,isaacus/legal-rag-bench,3a3565bc5429f6cead90548e81f87352b449927e4be1cdd804c28d766bb9c246,e3b869a4e293d081ec5f5b39c2058c8d27b36f611aa9f8275eb1877a7c8b38b0,exploratory previously inspected 100 questions,not_evaluated
10,100,0.01,0.1,0.1,0.04209523809523809,0.055813128291613764,short_answer_len32_t0_seed20261006__multi_rrf,short_answer_len32_t0_seed20261006,multi_rrf,,100,1010.4325099099992,Cheryl,isaacus/legal-rag-bench,3a3565bc5429f6cead90548e81f87352b449927e4be1cdd804c28d766bb9c246,e3b869a4e293d081ec5f5b39c2058c8d27b36f611aa9f8275eb1877a7c8b38b0,exploratory previously inspected 100 questions,not_evaluated
1,100,0.16,0.16,0.16,0.16,0.16,short_answer_len32_t0_seed20261006__multi_rrf__hybrid_a0.25_d20,short_answer_len32_t0_seed20261006,multi_rrf_hybrid,0.25,20,1010.6821022799988,Cheryl,isaacus/legal-rag-bench,3a3565bc5429f6cead90548e81f87352b449927e4be1cdd804c28d766bb9c246,e3b869a4e293d081ec5f5b39c2058c8d27b36f611aa9f8275eb1877a7c8b38b0,exploratory previously inspected 100 questions,not_evaluated
3,100,0.09666666666666666,0.29,0.29,0.21833333333333332,0.2367836778214312,short_answer_len32_t0_seed20261006__multi_rrf__hybrid_a0.25_d20,short_answer_len32_t0_seed20261006,multi_rrf_hybrid,0.25,20,1010.6821022799988,Cheryl,isaacus/legal-rag-bench,3a3565bc5429f6cead90548e81f87352b449927e4be1cdd804c28d766bb9c246,e3b869a4e293d081ec5f5b39c2058c8d27b36f611aa9f8275eb1877a7c8b38b0,exploratory previously inspected 100 questions,not_evaluated
5,100,0.062,0.31,0.31,0.22333333333333333,0.24539720898289905,short_answer_len32_t0_seed20261006__multi_rrf__hybrid_a0.25_d20,short_answer_len32_t0_seed20261006,multi_rrf_hybrid,0.25,20,1010.6821022799988,Cheryl,isaacus/legal-rag-bench,3a3565bc5429f6cead90548e81f87352b449927e4be1cdd804c28d766bb9c246,e3b869a4e293d081ec5f5b39c2058c8d27b36f611aa9f8275eb1877a7c8b38b0,exploratory previously inspected 100 questions,not_evaluated
10,100,0.038,0.38,0.38,0.2332539682539682,0.2686362474772857,short_answer_len32_t0_seed20261006__multi_rrf__hybrid_a0.25_d20,short_answer_len32_t0_seed20261006,multi_rrf_hybrid,0.25,20,1010.6821022799988,Cheryl,isaacus/legal-rag-bench,3a3565bc5429f6cead90548e81f87352b449927e4be1cdd804c28d766bb9c246,e3b869a4e293d081ec5f5b39c2058c8d27b36f611aa9f8275eb1877a7c8b38b0,exploratory previously inspected 100 questions,not_evaluated
1,100,0.13,0.13,0.13,0.13,0.13,short_answer_len32_t0_seed20261006__multi_rrf__hybrid_a0.5_d20,short_answer_len32_t0_seed20261006,multi_rrf_hybrid,0.5,20,1010.6828135299986,Cheryl,isaacus/legal-rag-bench,3a3565bc5429f6cead90548e81f87352b449927e4be1cdd804c28d766bb9c246,e3b869a4e293d081ec5f5b39c2058c8d27b36f611aa9f8275eb1877a7c8b38b0,exploratory previously inspected 100 questions,not_evaluated
3,100,0.09000000000000001,0.27,0.27,0.18833333333333335,0.20916508275000203,short_answer_len32_t0_seed20261006__multi_rrf__hybrid_a0.5_d20,short_answer_len32_t0_seed20261006,multi_rrf_hybrid,0.5,20,1010.6828135299986,Cheryl,isaacus/legal-rag-bench,3a3565bc5429f6cead90548e81f87352b449927e4be1cdd804c28d766bb9c246,e3b869a4e293d081ec5f5b39c2058c8d27b36f611aa9f8275eb1877a7c8b38b0,exploratory previously inspected 100 questions,not_evaluated
5,100,0.064,0.32,0.32,0.19933333333333333,0.22938419812850616,short_answer_len32_t0_seed20261006__multi_rrf__hybrid_a0.5_d20,short_answer_len32_t0_seed20261006,multi_rrf_hybrid,0.5,20,1010.6828135299986,Cheryl,isaacus/legal-rag-bench,3a3565bc5429f6cead90548e81f87352b449927e4be1cdd804c28d766bb9c246,e3b869a4e293d081ec5f5b39c2058c8d27b36f611aa9f8275eb1877a7c8b38b0,exploratory previously inspected 100 questions,not_evaluated
10,100,0.034999999999999996,0.35,0.35,0.20336111111111113,0.23911121872408347,short_answer_len32_t0_seed20261006__multi_rrf__hybrid_a0.5_d20,short_answer_len32_t0_seed20261006,multi_rrf_hybrid,0.5,20,1010.6828135299986,Cheryl,isaacus/legal-rag-bench,3a3565bc5429f6cead90548e81f87352b449927e4be1cdd804c28d766bb9c246,e3b869a4e293d081ec5f5b39c2058c8d27b36f611aa9f8275eb1877a7c8b38b0,exploratory previously inspected 100 questions,not_evaluated
1,100,0.06,0.06,0.06,0.06,0.06,short_answer_len32_t0_seed20261006__multi_rrf__hybrid_a0.75_d20,short_answer_len32_t0_seed20261006,multi_rrf_hybrid,0.75,20,1010.68469639,Cheryl,isaacus/legal-rag-bench,3a3565bc5429f6cead90548e81f87352b449927e4be1cdd804c28d766bb9c246,e3b869a4e293d081ec5f5b39c2058c8d27b36f611aa9f8275eb1877a7c8b38b0,exploratory previously inspected 100 questions,not_evaluated
3,100,0.02666666666666667,0.08,0.08,0.06833333333333333,0.07130929753571458,short_answer_len32_t0_seed20261006__multi_rrf__hybrid_a0.75_d20,short_answer_len32_t0_seed20261006,multi_rrf_hybrid,0.75,20,1010.68469639,Cheryl,isaacus/legal-rag-bench,3a3565bc5429f6cead90548e81f87352b449927e4be1cdd804c28d766bb9c246,e3b869a4e293d081ec5f5b39c2058c8d27b36f611aa9f8275eb1877a7c8b38b0,exploratory previously inspected 100 questions,not_evaluated
5,100,0.02,0.1,0.1,0.07283333333333333,0.07948459118879392,short_answer_len32_t0_seed20261006__multi_rrf__hybrid_a0.75_d20,short_answer_len32_t0_seed20261006,multi_rrf_hybrid,0.75,20,1010.68469639,Cheryl,isaacus/legal-rag-bench,3a3565bc5429f6cead90548e81f87352b449927e4be1cdd804c28d766bb9c246,e3b869a4e293d081ec5f5b39c2058c8d27b36f611aa9f8275eb1877a7c8b38b0,exploratory previously inspected 100 questions,not_evaluated
10,100,0.011,0.11,0.11,0.07426190476190475,0.08281792452212726,short_answer_len32_t0_seed20261006__multi_rrf__hybrid_a0.75_d20,short_answer_len32_t0_seed20261006,multi_rrf_hybrid,0.75,20,1010.68469639,Cheryl,isaacus/legal-rag-bench,3a3565bc5429f6cead90548e81f87352b449927e4be1cdd804c28d766bb9c246,e3b869a4e293d081ec5f5b39c2058c8d27b36f611aa9f8275eb1877a7c8b38b0,exploratory previously inspected 100 questions,not_evaluated
1,100,0.14,0.14,0.14,0.14,0.14,short_answer_len32_t0_seed20261006__multi_rrf__hybrid_a0.25_d100,short_answer_len32_t0_seed20261006,multi_rrf_hybrid,0.25,100,1010.7435024899985,Cheryl,isaacus/legal-rag-bench,3a3565bc5429f6cead90548e81f87352b449927e4be1cdd804c28d766bb9c246,e3b869a4e293d081ec5f5b39c2058c8d27b36f611aa9f8275eb1877a7c8b38b0,exploratory previously inspected 100 questions,not_evaluated
3,100,0.09999999999999999,0.3,0.3,0.20499999999999996,0.22916508275000205,short_answer_len32_t0_seed20261006__multi_rrf__hybrid_a0.25_d100,short_answer_len32_t0_seed20261006,multi_rrf_hybrid,0.25,100,1010.7435024899985,Cheryl,isaacus/legal-rag-bench,3a3565bc5429f6cead90548e81f87352b449927e4be1cdd804c28d766bb9c246,e3b869a4e293d081ec5f5b39c2058c8d27b36f611aa9f8275eb1877a7c8b38b0,exploratory previously inspected 100 questions,not_evaluated
5,100,0.078,0.39,0.39,0.22599999999999998,0.26661126045144184,short_answer_len32_t0_seed20261006__multi_rrf__hybrid_a0.25_d100,short_answer_len32_t0_seed20261006,multi_rrf_hybrid,0.25,100,1010.7435024899985,Cheryl,isaacus/legal-rag-bench,3a3565bc5429f6cead90548e81f87352b449927e4be1cdd804c28d766bb9c246,e3b869a4e293d081ec5f5b39c2058c8d27b36f611aa9f8275eb1877a7c8b38b0,exploratory previously inspected 100 questions,not_evaluated
10,100,0.041999999999999996,0.42,0.42,0.2302857142857143,0.27661126045144185,short_answer_len32_t0_seed20261006__multi_rrf__hybrid_a0.25_d100,short_answer_len32_t0_seed20261006,multi_rrf_hybrid,0.25,100,1010.7435024899985,Cheryl,isaacus/legal-rag-bench,3a3565bc5429f6cead90548e81f87352b449927e4be1cdd804c28d766bb9c246,e3b869a4e293d081ec5f5b39c2058c8d27b36f611aa9f8275eb1877a7c8b38b0,exploratory previously inspected 100 questions,not_evaluated
1,100,0.11,0.11,0.11,0.11,0.11,short_answer_len32_t0_seed20261006__multi_rrf__hybrid_a0.5_d100,short_answer_len32_t0_seed20261006,multi_rrf_hybrid,0.5,100,1010.7825027999991,Cheryl,isaacus/legal-rag-bench,3a3565bc5429f6cead90548e81f87352b449927e4be1cdd804c28d766bb9c246,e3b869a4e293d081ec5f5b39c2058c8d27b36f611aa9f8275eb1877a7c8b38b0,exploratory previously inspected 100 questions,not_evaluated
3,100,0.07666666666666667,0.23,0.23,0.16333333333333333,0.1804743802857166,short_answer_len32_t0_seed20261006__multi_rrf__hybrid_a0.5_d100,short_answer_len32_t0_seed20261006,multi_rrf_hybrid,0.5,100,1010.7825027999991,Cheryl,isaacus/legal-rag-bench,3a3565bc5429f6cead90548e81f87352b449927e4be1cdd804c28d766bb9c246,e3b869a4e293d081ec5f5b39c2058c8d27b36f611aa9f8275eb1877a7c8b38b0,exploratory previously inspected 100 questions,not_evaluated
5,100,0.054000000000000006,0.27,0.27,0.17183333333333334,0.19638673008348678,short_answer_len32_t0_seed20261006__multi_rrf__hybrid_a0.5_d100,short_answer_len32_t0_seed20261006,multi_rrf_hybrid,0.5,100,1010.7825027999991,Cheryl,isaacus/legal-rag-bench,3a3565bc5429f6cead90548e81f87352b449927e4be1cdd804c28d766bb9c246,e3b869a4e293d081ec5f5b39c2058c8d27b36f611aa9f8275eb1877a7c8b38b0,exploratory previously inspected 100 questions,not_evaluated
10,100,0.038,0.38,0.38,0.1862738095238095,0.2317064575275286,short_answer_len32_t0_seed20261006__multi_rrf__hybrid_a0.5_d100,short_answer_len32_t0_seed20261006,multi_rrf_hybrid,0.5,100,1010.7825027999991,Cheryl,isaacus/legal-rag-bench,3a3565bc5429f6cead90548e81f87352b449927e4be1cdd804c28d766bb9c246,e3b869a4e293d081ec5f5b39c2058c8d27b36f611aa9f8275eb1877a7c8b38b0,exploratory previously inspected 100 questions,not_evaluated
1,100,0.09,0.09,0.09,0.09,0.09,short_answer_len32_t0_seed20261006__multi_rrf__hybrid_a0.75_d100,short_answer_len32_t0_seed20261006,multi_rrf_hybrid,0.75,100,1010.7621773599988,Cheryl,isaacus/legal-rag-bench,3a3565bc5429f6cead90548e81f87352b449927e4be1cdd804c28d766bb9c246,e3b869a4e293d081ec5f5b39c2058c8d27b36f611aa9f8275eb1877a7c8b38b0,exploratory previously inspected 100 questions,not_evaluated
3,100,0.03333333333333333,0.1,0.1,0.09333333333333332,0.095,short_answer_len32_t0_seed20261006__multi_rrf__hybrid_a0.75_d100,short_answer_len32_t0_seed20261006,multi_rrf_hybrid,0.75,100,1010.7621773599988,Cheryl,isaacus/legal-rag-bench,3a3565bc5429f6cead90548e81f87352b449927e4be1cdd804c28d766bb9c246,e3b869a4e293d081ec5f5b39c2058c8d27b36f611aa9f8275eb1877a7c8b38b0,exploratory previously inspected 100 questions,not_evaluated
5,100,0.024,0.12,0.12,0.09783333333333333,0.10317529365307934,short_answer_len32_t0_seed20261006__multi_rrf__hybrid_a0.75_d100,short_answer_len32_t0_seed20261006,multi_rrf_hybrid,0.75,100,1010.7621773599988,Cheryl,isaacus/legal-rag-bench,3a3565bc5429f6cead90548e81f87352b449927e4be1cdd804c28d766bb9c246,e3b869a4e293d081ec5f5b39c2058c8d27b36f611aa9f8275eb1877a7c8b38b0,exploratory previously inspected 100 questions,not_evaluated
10,100,0.015,0.15,0.15,0.10203968253968254,0.1130809988141327,short_answer_len32_t0_seed20261006__multi_rrf__hybrid_a0.75_d100,short_answer_len32_t0_seed20261006,multi_rrf_hybrid,0.75,100,1010.7621773599988,Cheryl,isaacus/legal-rag-bench,3a3565bc5429f6cead90548e81f87352b449927e4be1cdd804c28d766bb9c246,e3b869a4e293d081ec5f5b39c2058c8d27b36f611aa9f8275eb1877a7c8b38b0,exploratory previously inspected 100 questions,not_evaluated
1,100,0.03,0.03,0.03,0.03,0.03,short_answer_len32_t0.7_seed20261006__hyde_single,short_answer_len32_t0.7_seed20261006,hyde_single,,100,364.4054853900002,Cheryl,isaacus/legal-rag-bench,3a3565bc5429f6cead90548e81f87352b449927e4be1cdd804c28d766bb9c246,e3b869a4e293d081ec5f5b39c2058c8d27b36f611aa9f8275eb1877a7c8b38b0,exploratory previously inspected 100 questions,not_evaluated
3,100,0.01,0.03,0.03,0.03,0.03,short_answer_len32_t0.7_seed20261006__hyde_single,short_answer_len32_t0.7_seed20261006,hyde_single,,100,364.4054853900002,Cheryl,isaacus/legal-rag-bench,3a3565bc5429f6cead90548e81f87352b449927e4be1cdd804c28d766bb9c246,e3b869a4e293d081ec5f5b39c2058c8d27b36f611aa9f8275eb1877a7c8b38b0,exploratory previously inspected 100 questions,not_evaluated
5,100,0.012,0.06,0.06,0.0365,0.042043821725424764,short_answer_len32_t0.7_seed20261006__hyde_single,short_answer_len32_t0.7_seed20261006,hyde_single,,100,364.4054853900002,Cheryl,isaacus/legal-rag-bench,3a3565bc5429f6cead90548e81f87352b449927e4be1cdd804c28d766bb9c246,e3b869a4e293d081ec5f5b39c2058c8d27b36f611aa9f8275eb1877a7c8b38b0,exploratory previously inspected 100 questions,not_evaluated
10,100,0.007000000000000001,0.07,0.07,0.03816666666666666,0.04560589359650498,short_answer_len32_t0.7_seed20261006__hyde_single,short_answer_len32_t0.7_seed20261006,hyde_single,,100,364.4054853900002,Cheryl,isaacus/legal-rag-bench,3a3565bc5429f6cead90548e81f87352b449927e4be1cdd804c28d766bb9c246,e3b869a4e293d081ec5f5b39c2058c8d27b36f611aa9f8275eb1877a7c8b38b0,exploratory previously inspected 100 questions,not_evaluated
1,100,0.15,0.15,0.15,0.15,0.15,short_answer_len32_t0.7_seed20261006__hyde_single__hybrid_a0.25_d20,short_answer_len32_t0.7_seed20261006,hyde_single_hybrid,0.25,20,364.6710009900005,Cheryl,isaacus/legal-rag-bench,3a3565bc5429f6cead90548e81f87352b449927e4be1cdd804c28d766bb9c246,e3b869a4e293d081ec5f5b39c2058c8d27b36f611aa9f8275eb1877a7c8b38b0,exploratory previously inspected 100 questions,not_evaluated
3,100,0.11333333333333334,0.34,0.34,0.2366666666666667,0.2633301655000041,short_answer_len32_t0.7_seed20261006__hyde_single__hybrid_a0.25_d20,short_answer_len32_t0.7_seed20261006,hyde_single_hybrid,0.25,20,364.6710009900005,Cheryl,isaacus/legal-rag-bench,3a3565bc5429f6cead90548e81f87352b449927e4be1cdd804c28d766bb9c246,e3b869a4e293d081ec5f5b39c2058c8d27b36f611aa9f8275eb1877a7c8b38b0,exploratory previously inspected 100 questions,not_evaluated
5,100,0.06999999999999999,0.35,0.35,0.23866666666666667,0.2671986935723495,short_answer_len32_t0.7_seed20261006__hyde_single__hybrid_a0.25_d20,short_answer_len32_t0.7_seed20261006,hyde_single_hybrid,0.25,20,364.6710009900005,Cheryl,isaacus/legal-rag-bench,3a3565bc5429f6cead90548e81f87352b449927e4be1cdd804c28d766bb9c246,e3b869a4e293d081ec5f5b39c2058c8d27b36f611aa9f8275eb1877a7c8b38b0,exploratory previously inspected 100 questions,not_evaluated
10,100,0.039,0.39,0.39,0.24406349206349204,0.2802089935289893,short_answer_len32_t0.7_seed20261006__hyde_single__hybrid_a0.25_d20,short_answer_len32_t0.7_seed20261006,hyde_single_hybrid,0.25,20,364.6710009900005,Cheryl,isaacus/legal-rag-bench,3a3565bc5429f6cead90548e81f87352b449927e4be1cdd804c28d766bb9c246,e3b869a4e293d081ec5f5b39c2058c8d27b36f611aa9f8275eb1877a7c8b38b0,exploratory previously inspected 100 questions,not_evaluated
1,100,0.13,0.13,0.13,0.13,0.13,short_answer_len32_t0.7_seed20261006__hyde_single__hybrid_a0.5_d20,short_answer_len32_t0.7_seed20261006,hyde_single_hybrid,0.5,20,364.6763458599992,Cheryl,isaacus/legal-rag-bench,3a3565bc5429f6cead90548e81f87352b449927e4be1cdd804c28d766bb9c246,e3b869a4e293d081ec5f5b39c2058c8d27b36f611aa9f8275eb1877a7c8b38b0,exploratory previously inspected 100 questions,not_evaluated
3,100,0.09999999999999999,0.3,0.3,0.2,0.22547438028571662,short_answer_len32_t0.7_seed20261006__hyde_single__hybrid_a0.5_d20,short_answer_len32_t0.7_seed20261006,hyde_single_hybrid,0.5,20,364.6763458599992,Cheryl,isaacus/legal-rag-bench,3a3565bc5429f6cead90548e81f87352b449927e4be1cdd804c28d766bb9c246,e3b869a4e293d081ec5f5b39c2058c8d27b36f611aa9f8275eb1877a7c8b38b0,exploratory previously inspected 100 questions,not_evaluated
5,100,0.068,0.34,0.34,0.209,0.2418249675918753,short_answer_len32_t0.7_seed20261006__hyde_single__hybrid_a0.5_d20,short_answer_len32_t0.7_seed20261006,hyde_single_hybrid,0.5,20,364.6763458599992,Cheryl,isaacus/legal-rag-bench,3a3565bc5429f6cead90548e81f87352b449927e4be1cdd804c28d766bb9c246,e3b869a4e293d081ec5f5b39c2058c8d27b36f611aa9f8275eb1877a7c8b38b0,exploratory previously inspected 100 questions,not_evaluated
10,100,0.037,0.37,0.37,0.21266666666666667,0.2511683359893133,short_answer_len32_t0.7_seed20261006__hyde_single__hybrid_a0.5_d20,short_answer_len32_t0.7_seed20261006,hyde_single_hybrid,0.5,20,364.6763458599992,Cheryl,isaacus/legal-rag-bench,3a3565bc5429f6cead90548e81f87352b449927e4be1cdd804c28d766bb9c246,e3b869a4e293d081ec5f5b39c2058c8d27b36f611aa9f8275eb1877a7c8b38b0,exploratory previously inspected 100 questions,not_evaluated
1,100,0.04,0.04,0.04,0.04,0.04,short_answer_len32_t0.7_seed20261006__hyde_single__hybrid_a0.75_d20,short_answer_len32_t0.7_seed20261006,hyde_single_hybrid,0.75,20,364.67647501999977,Cheryl,isaacus/legal-rag-bench,3a3565bc5429f6cead90548e81f87352b449927e4be1cdd804c28d766bb9c246,e3b869a4e293d081ec5f5b39c2058c8d27b36f611aa9f8275eb1877a7c8b38b0,exploratory previously inspected 100 questions,not_evaluated
3,100,0.03,0.09,0.09,0.06,0.06761859507142916,short_answer_len32_t0.7_seed20261006__hyde_single__hybrid_a0.75_d20,short_answer_len32_t0.7_seed20261006,hyde_single_hybrid,0.75,20,364.67647501999977,Cheryl,isaacus/legal-rag-bench,3a3565bc5429f6cead90548e81f87352b449927e4be1cdd804c28d766bb9c246,e3b869a4e293d081ec5f5b39c2058c8d27b36f611aa9f8275eb1877a7c8b38b0,exploratory previously inspected 100 questions,not_evaluated
5,100,0.018,0.09,0.09,0.06,0.06761859507142916,short_answer_len32_t0.7_seed20261006__hyde_single__hybrid_a0.75_d20,short_answer_len32_t0.7_seed20261006,hyde_single_hybrid,0.75,20,364.67647501999977,Cheryl,isaacus/legal-rag-bench,3a3565bc5429f6cead90548e81f87352b449927e4be1cdd804c28d766bb9c246,e3b869a4e293d081ec5f5b39c2058c8d27b36f611aa9f8275eb1877a7c8b38b0,exploratory previously inspected 100 questions,not_evaluated
10,100,0.01,0.1,0.1,0.06142857142857142,0.07095192840476248,short_answer_len32_t0.7_seed20261006__hyde_single__hybrid_a0.75_d20,short_answer_len32_t0.7_seed20261006,hyde_single_hybrid,0.75,20,364.67647501999977,Cheryl,isaacus/legal-rag-bench,3a3565bc5429f6cead90548e81f87352b449927e4be1cdd804c28d766bb9c246,e3b869a4e293d081ec5f5b39c2058c8d27b36f611aa9f8275eb1877a7c8b38b0,exploratory previously inspected 100 questions,not_evaluated
1,100,0.14,0.14,0.14,0.14,0.14,short_answer_len32_t0.7_seed20261006__hyde_single__hybrid_a0.25_d100,short_answer_len32_t0.7_seed20261006,hyde_single_hybrid,0.25,100,364.72768030999873,Cheryl,isaacus/legal-rag-bench,3a3565bc5429f6cead90548e81f87352b449927e4be1cdd804c28d766bb9c246,e3b869a4e293d081ec5f5b39c2058c8d27b36f611aa9f8275eb1877a7c8b38b0,exploratory previously inspected 100 questions,not_evaluated
3,100,0.10333333333333333,0.31,0.31,0.21333333333333332,0.23809297535714577,short_answer_len32_t0.7_seed20261006__hyde_single__hybrid_a0.25_d100,short_answer_len32_t0.7_seed20261006,hyde_single_hybrid,0.25,100,364.72768030999873,Cheryl,isaacus/legal-rag-bench,3a3565bc5429f6cead90548e81f87352b449927e4be1cdd804c28d766bb9c246,e3b869a4e293d081ec5f5b39c2058c8d27b36f611aa9f8275eb1877a7c8b38b0,exploratory previously inspected 100 questions,not_evaluated
5,100,0.068,0.34,0.34,0.22033333333333333,0.25057503459095903,short_answer_len32_t0.7_seed20261006__hyde_single__hybrid_a0.25_d100,short_answer_len32_t0.7_seed20261006,hyde_single_hybrid,0.25,100,364.72768030999873,Cheryl,isaacus/legal-rag-bench,3a3565bc5429f6cead90548e81f87352b449927e4be1cdd804c28d766bb9c246,e3b869a4e293d081ec5f5b39c2058c8d27b36f611aa9f8275eb1877a7c8b38b0,exploratory previously inspected 100 questions,not_evaluated
10,100,0.039,0.39,0.39,0.2270952380952381,0.2668138081928106,short_answer_len32_t0.7_seed20261006__hyde_single__hybrid_a0.25_d100,short_answer_len32_t0.7_seed20261006,hyde_single_hybrid,0.25,100,364.72768030999873,Cheryl,isaacus/legal-rag-bench,3a3565bc5429f6cead90548e81f87352b449927e4be1cdd804c28d766bb9c246,e3b869a4e293d081ec5f5b39c2058c8d27b36f611aa9f8275eb1877a7c8b38b0,exploratory previously inspected 100 questions,not_evaluated
1,100,0.1,0.1,0.1,0.1,0.1,short_answer_len32_t0.7_seed20261006__hyde_single__hybrid_a0.5_d100,short_answer_len32_t0.7_seed20261006,hyde_single_hybrid,0.5,100,364.7614836599985,Cheryl,isaacus/legal-rag-bench,3a3565bc5429f6cead90548e81f87352b449927e4be1cdd804c28d766bb9c246,e3b869a4e293d081ec5f5b39c2058c8d27b36f611aa9f8275eb1877a7c8b38b0,exploratory previously inspected 100 questions,not_evaluated
3,100,0.09000000000000001,0.27,0.27,0.16833333333333333,0.19416508275000205,short_answer_len32_t0.7_seed20261006__hyde_single__hybrid_a0.5_d100,short_answer_len32_t0.7_seed20261006,hyde_single_hybrid,0.5,100,364.7614836599985,Cheryl,isaacus/legal-rag-bench,3a3565bc5429f6cead90548e81f87352b449927e4be1cdd804c28d766bb9c246,e3b869a4e293d081ec5f5b39c2058c8d27b36f611aa9f8275eb1877a7c8b38b0,exploratory previously inspected 100 questions,not_evaluated
5,100,0.062,0.31,0.31,0.17783333333333332,0.21095390756454926,short_answer_len32_t0.7_seed20261006__hyde_single__hybrid_a0.5_d100,short_answer_len32_t0.7_seed20261006,hyde_single_hybrid,0.5,100,364.7614836599985,Cheryl,isaacus/legal-rag-bench,3a3565bc5429f6cead90548e81f87352b449927e4be1cdd804c28d766bb9c246,e3b869a4e293d081ec5f5b39c2058c8d27b36f611aa9f8275eb1877a7c8b38b0,exploratory previously inspected 100 questions,not_evaluated
10,100,0.037,0.37,0.37,0.18581746031746033,0.23032263281650153,short_answer_len32_t0.7_seed20261006__hyde_single__hybrid_a0.5_d100,short_answer_len32_t0.7_seed20261006,hyde_single_hybrid,0.5,100,364.7614836599985,Cheryl,isaacus/legal-rag-bench,3a3565bc5429f6cead90548e81f87352b449927e4be1cdd804c28d766bb9c246,e3b869a4e293d081ec5f5b39c2058c8d27b36f611aa9f8275eb1877a7c8b38b0,exploratory previously inspected 100 questions,not_evaluated
1,100,0.03,0.03,0.03,0.03,0.03,short_answer_len32_t0.7_seed20261006__hyde_single__hybrid_a0.75_d100,short_answer_len32_t0.7_seed20261006,hyde_single_hybrid,0.75,100,364.7562706899987,Cheryl,isaacus/legal-rag-bench,3a3565bc5429f6cead90548e81f87352b449927e4be1cdd804c28d766bb9c246,e3b869a4e293d081ec5f5b39c2058c8d27b36f611aa9f8275eb1877a7c8b38b0,exploratory previously inspected 100 questions,not_evaluated
3,100,0.02666666666666667,0.08,0.08,0.05,0.057618595071429156,short_answer_len32_t0.7_seed20261006__hyde_single__hybrid_a0.75_d100,short_answer_len32_t0.7_seed20261006,hyde_single_hybrid,0.75,100,364.7562706899987,Cheryl,isaacus/legal-rag-bench,3a3565bc5429f6cead90548e81f87352b449927e4be1cdd804c28d766bb9c246,e3b869a4e293d081ec5f5b39c2058c8d27b36f611aa9f8275eb1877a7c8b38b0,exploratory previously inspected 100 questions,not_evaluated
5,100,0.018,0.09,0.09,0.0525,0.061925360652163086,short_answer_len32_t0.7_seed20261006__hyde_single__hybrid_a0.75_d100,short_answer_len32_t0.7_seed20261006,hyde_single_hybrid,0.75,100,364.7562706899987,Cheryl,isaacus/legal-rag-bench,3a3565bc5429f6cead90548e81f87352b449927e4be1cdd804c28d766bb9c246,e3b869a4e293d081ec5f5b39c2058c8d27b36f611aa9f8275eb1877a7c8b38b0,exploratory previously inspected 100 questions,not_evaluated
10,100,0.011,0.11,0.11,0.05541666666666666,0.0686420812911006,short_answer_len32_t0.7_seed20261006__hyde_single__hybrid_a0.75_d100,short_answer_len32_t0.7_seed20261006,hyde_single_hybrid,0.75,100,364.7562706899987,Cheryl,isaacus/legal-rag-bench,3a3565bc5429f6cead90548e81f87352b449927e4be1cdd804c28d766bb9c246,e3b869a4e293d081ec5f5b39c2058c8d27b36f611aa9f8275eb1877a7c8b38b0,exploratory previously inspected 100 questions,not_evaluated
1,100,0.08,0.08,0.08,0.08,0.08,short_answer_len32_t0.7_seed20261006__question_plus_hyde,short_answer_len32_t0.7_seed20261006,question_plus_hyde,,100,364.4054853900002,Cheryl,isaacus/legal-rag-bench,3a3565bc5429f6cead90548e81f87352b449927e4be1cdd804c28d766bb9c246,e3b869a4e293d081ec5f5b39c2058c8d27b36f611aa9f8275eb1877a7c8b38b0,exploratory previously inspected 100 questions,not_evaluated
3,100,0.06666666666666667,0.2,0.2,0.135,0.1517836778214312,short_answer_len32_t0.7_seed20261006__question_plus_hyde,short_answer_len32_t0.7_seed20261006,question_plus_hyde,,100,364.4054853900002,Cheryl,isaacus/legal-rag-bench,3a3565bc5429f6cead90548e81f87352b449927e4be1cdd804c28d766bb9c246,e3b869a4e293d081ec5f5b39c2058c8d27b36f611aa9f8275eb1877a7c8b38b0,exploratory previously inspected 100 questions,not_evaluated
5,100,0.057999999999999996,0.29,0.29,0.1565,0.18966809303125956,short_answer_len32_t0.7_seed20261006__question_plus_hyde,short_answer_len32_t0.7_seed20261006,question_plus_hyde,,100,364.4054853900002,Cheryl,isaacus/legal-rag-bench,3a3565bc5429f6cead90548e81f87352b449927e4be1cdd804c28d766bb9c246,e3b869a4e293d081ec5f5b39c2058c8d27b36f611aa9f8275eb1877a7c8b38b0,exploratory previously inspected 100 questions,not_evaluated
10,100,0.038,0.38,0.38,0.1691190476190476,0.21941083184484914,short_answer_len32_t0.7_seed20261006__question_plus_hyde,short_answer_len32_t0.7_seed20261006,question_plus_hyde,,100,364.4054853900002,Cheryl,isaacus/legal-rag-bench,3a3565bc5429f6cead90548e81f87352b449927e4be1cdd804c28d766bb9c246,e3b869a4e293d081ec5f5b39c2058c8d27b36f611aa9f8275eb1877a7c8b38b0,exploratory previously inspected 100 questions,not_evaluated
1,100,0.16,0.16,0.16,0.16,0.16,short_answer_len32_t0.7_seed20261006__question_plus_hyde__hybrid_a0.25_d20,short_answer_len32_t0.7_seed20261006,question_plus_hyde_hybrid,0.25,20,364.6558310299986,Cheryl,isaacus/legal-rag-bench,3a3565bc5429f6cead90548e81f87352b449927e4be1cdd804c28d766bb9c246,e3b869a4e293d081ec5f5b39c2058c8d27b36f611aa9f8275eb1877a7c8b38b0,exploratory previously inspected 100 questions,not_evaluated
3,100,0.08666666666666667,0.26,0.26,0.20166666666666663,0.21654648767857287,short_answer_len32_t0.7_seed20261006__question_plus_hyde__hybrid_a0.25_d20,short_answer_len32_t0.7_seed20261006,question_plus_hyde_hybrid,0.25,20,364.6558310299986,Cheryl,isaacus/legal-rag-bench,3a3565bc5429f6cead90548e81f87352b449927e4be1cdd804c28d766bb9c246,e3b869a4e293d081ec5f5b39c2058c8d27b36f611aa9f8275eb1877a7c8b38b0,exploratory previously inspected 100 questions,not_evaluated
5,100,0.064,0.32,0.32,0.21516666666666664,0.24107236863781092,short_answer_len32_t0.7_seed20261006__question_plus_hyde__hybrid_a0.25_d20,short_answer_len32_t0.7_seed20261006,question_plus_hyde_hybrid,0.25,20,364.6558310299986,Cheryl,isaacus/legal-rag-bench,3a3565bc5429f6cead90548e81f87352b449927e4be1cdd804c28d766bb9c246,e3b869a4e293d081ec5f5b39c2058c8d27b36f611aa9f8275eb1877a7c8b38b0,exploratory previously inspected 100 questions,not_evaluated
10,100,0.039,0.39,0.39,0.22374603174603172,0.2629595810166507,short_answer_len32_t0.7_seed20261006__question_plus_hyde__hybrid_a0.25_d20,short_answer_len32_t0.7_seed20261006,question_plus_hyde_hybrid,0.25,20,364.6558310299986,Cheryl,isaacus/legal-rag-bench,3a3565bc5429f6cead90548e81f87352b449927e4be1cdd804c28d766bb9c246,e3b869a4e293d081ec5f5b39c2058c8d27b36f611aa9f8275eb1877a7c8b38b0,exploratory previously inspected 100 questions,not_evaluated
1,100,0.15,0.15,0.15,0.15,0.15,short_answer_len32_t0.7_seed20261006__question_plus_hyde__hybrid_a0.5_d20,short_answer_len32_t0.7_seed20261006,question_plus_hyde_hybrid,0.5,20,364.65578731000164,Cheryl,isaacus/legal-rag-bench,3a3565bc5429f6cead90548e81f87352b449927e4be1cdd804c28d766bb9c246,e3b869a4e293d081ec5f5b39c2058c8d27b36f611aa9f8275eb1877a7c8b38b0,exploratory previously inspected 100 questions,not_evaluated
3,100,0.09666666666666666,0.29,0.29,0.205,0.22654648767857288,short_answer_len32_t0.7_seed20261006__question_plus_hyde__hybrid_a0.5_d20,short_answer_len32_t0.7_seed20261006,question_plus_hyde_hybrid,0.5,20,364.65578731000164,Cheryl,isaacus/legal-rag-bench,3a3565bc5429f6cead90548e81f87352b449927e4be1cdd804c28d766bb9c246,e3b869a4e293d081ec5f5b39c2058c8d27b36f611aa9f8275eb1877a7c8b38b0,exploratory previously inspected 100 questions,not_evaluated
5,100,0.068,0.34,0.34,0.217,0.247642078073854,short_answer_len32_t0.7_seed20261006__question_plus_hyde__hybrid_a0.5_d20,short_answer_len32_t0.7_seed20261006,question_plus_hyde_hybrid,0.5,20,364.65578731000164,Cheryl,isaacus/legal-rag-bench,3a3565bc5429f6cead90548e81f87352b449927e4be1cdd804c28d766bb9c246,e3b869a4e293d081ec5f5b39c2058c8d27b36f611aa9f8275eb1877a7c8b38b0,exploratory previously inspected 100 questions,not_evaluated
10,100,0.048,0.48,0.48,0.2353174603174603,0.29253483866575364,short_answer_len32_t0.7_seed20261006__question_plus_hyde__hybrid_a0.5_d20,short_answer_len32_t0.7_seed20261006,question_plus_hyde_hybrid,0.5,20,364.65578731000164,Cheryl,isaacus/legal-rag-bench,3a3565bc5429f6cead90548e81f87352b449927e4be1cdd804c28d766bb9c246,e3b869a4e293d081ec5f5b39c2058c8d27b36f611aa9f8275eb1877a7c8b38b0,exploratory previously inspected 100 questions,not_evaluated
1,100,0.12,0.12,0.12,0.12,0.12,short_answer_len32_t0.7_seed20261006__question_plus_hyde__hybrid_a0.75_d20,short_answer_len32_t0.7_seed20261006,question_plus_hyde_hybrid,0.75,20,364.65672960999996,Cheryl,isaacus/legal-rag-bench,3a3565bc5429f6cead90548e81f87352b449927e4be1cdd804c28d766bb9c246,e3b869a4e293d081ec5f5b39c2058c8d27b36f611aa9f8275eb1877a7c8b38b0,exploratory previously inspected 100 questions,not_evaluated
3,100,0.09000000000000001,0.27,0.27,0.185,0.2067836778214312,short_answer_len32_t0.7_seed20261006__question_plus_hyde__hybrid_a0.75_d20,short_answer_len32_t0.7_seed20261006,question_plus_hyde_hybrid,0.75,20,364.65672960999996,Cheryl,isaacus/legal-rag-bench,3a3565bc5429f6cead90548e81f87352b449927e4be1cdd804c28d766bb9c246,e3b869a4e293d081ec5f5b39c2058c8d27b36f611aa9f8275eb1877a7c8b38b0,exploratory previously inspected 100 questions,not_evaluated
5,100,0.066,0.33,0.33,0.198,0.23087132127228074,short_answer_len32_t0.7_seed20261006__question_plus_hyde__hybrid_a0.75_d20,short_answer_len32_t0.7_seed20261006,question_plus_hyde_hybrid,0.75,20,364.65672960999996,Cheryl,isaacus/legal-rag-bench,3a3565bc5429f6cead90548e81f87352b449927e4be1cdd804c28d766bb9c246,e3b869a4e293d081ec5f5b39c2058c8d27b36f611aa9f8275eb1877a7c8b38b0,exploratory previously inspected 100 questions,not_evaluated
10,100,0.040999999999999995,0.41,0.41,0.2087301587301587,0.2567870614974387,short_answer_len32_t0.7_seed20261006__question_plus_hyde__hybrid_a0.75_d20,short_answer_len32_t0.7_seed20261006,question_plus_hyde_hybrid,0.75,20,364.65672960999996,Cheryl,isaacus/legal-rag-bench,3a3565bc5429f6cead90548e81f87352b449927e4be1cdd804c28d766bb9c246,e3b869a4e293d081ec5f5b39c2058c8d27b36f611aa9f8275eb1877a7c8b38b0,exploratory previously inspected 100 questions,not_evaluated
1,100,0.18,0.18,0.18,0.18,0.18,short_answer_len32_t0.7_seed20261006__question_plus_hyde__hybrid_a0.25_d100,short_answer_len32_t0.7_seed20261006,question_plus_hyde_hybrid,0.25,100,364.7312251799997,Cheryl,isaacus/legal-rag-bench,3a3565bc5429f6cead90548e81f87352b449927e4be1cdd804c28d766bb9c246,e3b869a4e293d081ec5f5b39c2058c8d27b36f611aa9f8275eb1877a7c8b38b0,exploratory previously inspected 100 questions,not_evaluated
3,100,0.09666666666666666,0.29,0.29,0.23,0.2454743802857166,short_answer_len32_t0.7_seed20261006__question_plus_hyde__hybrid_a0.25_d100,short_answer_len32_t0.7_seed20261006,question_plus_hyde_hybrid,0.25,100,364.7312251799997,Cheryl,isaacus/legal-rag-bench,3a3565bc5429f6cead90548e81f87352b449927e4be1cdd804c28d766bb9c246,e3b869a4e293d081ec5f5b39c2058c8d27b36f611aa9f8275eb1877a7c8b38b0,exploratory previously inspected 100 questions,not_evaluated
5,100,0.06999999999999999,0.35,0.35,0.244,0.2704384987533432,short_answer_len32_t0.7_seed20261006__question_plus_hyde__hybrid_a0.25_d100,short_answer_len32_t0.7_seed20261006,question_plus_hyde_hybrid,0.25,100,364.7312251799997,Cheryl,isaacus/legal-rag-bench,3a3565bc5429f6cead90548e81f87352b449927e4be1cdd804c28d766bb9c246,e3b869a4e293d081ec5f5b39c2058c8d27b36f611aa9f8275eb1877a7c8b38b0,exploratory previously inspected 100 questions,not_evaluated
10,100,0.044,0.44,0.44,0.2567460317460317,0.30026470108078923,short_answer_len32_t0.7_seed20261006__question_plus_hyde__hybrid_a0.25_d100,short_answer_len32_t0.7_seed20261006,question_plus_hyde_hybrid,0.25,100,364.7312251799997,Cheryl,isaacus/legal-rag-bench,3a3565bc5429f6cead90548e81f87352b449927e4be1cdd804c28d766bb9c246,e3b869a4e293d081ec5f5b39c2058c8d27b36f611aa9f8275eb1877a7c8b38b0,exploratory previously inspected 100 questions,not_evaluated
1,100,0.17,0.17,0.17,0.17,0.17,short_answer_len32_t0.7_seed20261006__question_plus_hyde__hybrid_a0.5_d100,short_answer_len32_t0.7_seed20261006,question_plus_hyde_hybrid,0.5,100,364.7347376099981,Cheryl,isaacus/legal-rag-bench,3a3565bc5429f6cead90548e81f87352b449927e4be1cdd804c28d766bb9c246,e3b869a4e293d081ec5f5b39c2058c8d27b36f611aa9f8275eb1877a7c8b38b0,exploratory previously inspected 100 questions,not_evaluated
3,100,0.09000000000000001,0.27,0.27,0.21333333333333332,0.22785578521428745,short_answer_len32_t0.7_seed20261006__question_plus_hyde__hybrid_a0.5_d100,short_answer_len32_t0.7_seed20261006,question_plus_hyde_hybrid,0.5,100,364.7347376099981,Cheryl,isaacus/legal-rag-bench,3a3565bc5429f6cead90548e81f87352b449927e4be1cdd804c28d766bb9c246,e3b869a4e293d081ec5f5b39c2058c8d27b36f611aa9f8275eb1877a7c8b38b0,exploratory previously inspected 100 questions,not_evaluated
5,100,0.06999999999999999,0.35,0.35,0.23183333333333334,0.2609951973349933,short_answer_len32_t0.7_seed20261006__question_plus_hyde__hybrid_a0.5_d100,short_answer_len32_t0.7_seed20261006,question_plus_hyde_hybrid,0.5,100,364.7347376099981,Cheryl,isaacus/legal-rag-bench,3a3565bc5429f6cead90548e81f87352b449927e4be1cdd804c28d766bb9c246,e3b869a4e293d081ec5f5b39c2058c8d27b36f611aa9f8275eb1877a7c8b38b0,exploratory previously inspected 100 questions,not_evaluated
10,100,0.041999999999999996,0.42,0.42,0.24186111111111114,0.28429908180699026,short_answer_len32_t0.7_seed20261006__question_plus_hyde__hybrid_a0.5_d100,short_answer_len32_t0.7_seed20261006,question_plus_hyde_hybrid,0.5,100,364.7347376099981,Cheryl,isaacus/legal-rag-bench,3a3565bc5429f6cead90548e81f87352b449927e4be1cdd804c28d766bb9c246,e3b869a4e293d081ec5f5b39c2058c8d27b36f611aa9f8275eb1877a7c8b38b0,exploratory previously inspected 100 questions,not_evaluated
1,100,0.13,0.13,0.13,0.13,0.13,short_answer_len32_t0.7_seed20261006__question_plus_hyde__hybrid_a0.75_d100,short_answer_len32_t0.7_seed20261006,question_plus_hyde_hybrid,0.75,100,364.73154707999925,Cheryl,isaacus/legal-rag-bench,3a3565bc5429f6cead90548e81f87352b449927e4be1cdd804c28d766bb9c246,e3b869a4e293d081ec5f5b39c2058c8d27b36f611aa9f8275eb1877a7c8b38b0,exploratory previously inspected 100 questions,not_evaluated
3,100,0.08333333333333333,0.25,0.25,0.18333333333333332,0.20047438028571662,short_answer_len32_t0.7_seed20261006__question_plus_hyde__hybrid_a0.75_d100,short_answer_len32_t0.7_seed20261006,question_plus_hyde_hybrid,0.75,100,364.73154707999925,Cheryl,isaacus/legal-rag-bench,3a3565bc5429f6cead90548e81f87352b449927e4be1cdd804c28d766bb9c246,e3b869a4e293d081ec5f5b39c2058c8d27b36f611aa9f8275eb1877a7c8b38b0,exploratory previously inspected 100 questions,not_evaluated
5,100,0.068,0.34,0.34,0.20433333333333334,0.23792055798715644,short_answer_len32_t0.7_seed20261006__question_plus_hyde__hybrid_a0.75_d100,short_answer_len32_t0.7_seed20261006,question_plus_hyde_hybrid,0.75,100,364.73154707999925,Cheryl,isaacus/legal-rag-bench,3a3565bc5429f6cead90548e81f87352b449927e4be1cdd804c28d766bb9c246,e3b869a4e293d081ec5f5b39c2058c8d27b36f611aa9f8275eb1877a7c8b38b0,exploratory previously inspected 100 questions,not_evaluated
10,100,0.044,0.44,0.44,0.21669841269841272,0.26927976935663933,short_answer_len32_t0.7_seed20261006__question_plus_hyde__hybrid_a0.75_d100,short_answer_len32_t0.7_seed20261006,question_plus_hyde_hybrid,0.75,100,364.73154707999925,Cheryl,isaacus/legal-rag-bench,3a3565bc5429f6cead90548e81f87352b449927e4be1cdd804c28d766bb9c246,e3b869a4e293d081ec5f5b39c2058c8d27b36f611aa9f8275eb1877a7c8b38b0,exploratory previously inspected 100 questions,not_evaluated
1,100,0.02,0.02,0.02,0.02,0.02,short_answer_len32_t0.7_seed20261006__multi_average,short_answer_len32_t0.7_seed20261006,multi_average,,100,1093.2164561700006,Cheryl,isaacus/legal-rag-bench,3a3565bc5429f6cead90548e81f87352b449927e4be1cdd804c28d766bb9c246,e3b869a4e293d081ec5f5b39c2058c8d27b36f611aa9f8275eb1877a7c8b38b0,exploratory previously inspected 100 questions,not_evaluated
3,100,0.013333333333333334,0.04,0.04,0.03,0.03261859507142915,short_answer_len32_t0.7_seed20261006__multi_average,short_answer_len32_t0.7_seed20261006,multi_average,,100,1093.2164561700006,Cheryl,isaacus/legal-rag-bench,3a3565bc5429f6cead90548e81f87352b449927e4be1cdd804c28d766bb9c246,e3b869a4e293d081ec5f5b39c2058c8d27b36f611aa9f8275eb1877a7c8b38b0,exploratory previously inspected 100 questions,not_evaluated
5,100,0.016,0.08,0.08,0.0385,0.04853094486919933,short_answer_len32_t0.7_seed20261006__multi_average,short_answer_len32_t0.7_seed20261006,multi_average,,100,1093.2164561700006,Cheryl,isaacus/legal-rag-bench,3a3565bc5429f6cead90548e81f87352b449927e4be1cdd804c28d766bb9c246,e3b869a4e293d081ec5f5b39c2058c8d27b36f611aa9f8275eb1877a7c8b38b0,exploratory previously inspected 100 questions,not_evaluated
10,100,0.011,0.11,0.11,0.042845238095238096,0.058580998841470173,short_answer_len32_t0.7_seed20261006__multi_average,short_answer_len32_t0.7_seed20261006,multi_average,,100,1093.2164561700006,Cheryl,isaacus/legal-rag-bench,3a3565bc5429f6cead90548e81f87352b449927e4be1cdd804c28d766bb9c246,e3b869a4e293d081ec5f5b39c2058c8d27b36f611aa9f8275eb1877a7c8b38b0,exploratory previously inspected 100 questions,not_evaluated
1,100,0.13,0.13,0.13,0.13,0.13,short_answer_len32_t0.7_seed20261006__multi_average__hybrid_a0.25_d20,short_answer_len32_t0.7_seed20261006,multi_average_hybrid,0.25,20,1093.47131225,Cheryl,isaacus/legal-rag-bench,3a3565bc5429f6cead90548e81f87352b449927e4be1cdd804c28d766bb9c246,e3b869a4e293d081ec5f5b39c2058c8d27b36f611aa9f8275eb1877a7c8b38b0,exploratory previously inspected 100 questions,not_evaluated
3,100,0.09999999999999999,0.3,0.3,0.2033333333333333,0.2280929753571458,short_answer_len32_t0.7_seed20261006__multi_average__hybrid_a0.25_d20,short_answer_len32_t0.7_seed20261006,multi_average_hybrid,0.25,20,1093.47131225,Cheryl,isaacus/legal-rag-bench,3a3565bc5429f6cead90548e81f87352b449927e4be1cdd804c28d766bb9c246,e3b869a4e293d081ec5f5b39c2058c8d27b36f611aa9f8275eb1877a7c8b38b0,exploratory previously inspected 100 questions,not_evaluated
5,100,0.068,0.34,0.34,0.21233333333333332,0.24444356266330444,short_answer_len32_t0.7_seed20261006__multi_average__hybrid_a0.25_d20,short_answer_len32_t0.7_seed20261006,multi_average_hybrid,0.25,20,1093.47131225,Cheryl,isaacus/legal-rag-bench,3a3565bc5429f6cead90548e81f87352b449927e4be1cdd804c28d766bb9c246,e3b869a4e293d081ec5f5b39c2058c8d27b36f611aa9f8275eb1877a7c8b38b0,exploratory previously inspected 100 questions,not_evaluated
10,100,0.039,0.39,0.39,0.2193174603174603,0.2609216396520779,short_answer_len32_t0.7_seed20261006__multi_average__hybrid_a0.25_d20,short_answer_len32_t0.7_seed20261006,multi_average_hybrid,0.25,20,1093.47131225,Cheryl,isaacus/legal-rag-bench,3a3565bc5429f6cead90548e81f87352b449927e4be1cdd804c28d766bb9c246,e3b869a4e293d081ec5f5b39c2058c8d27b36f611aa9f8275eb1877a7c8b38b0,exploratory previously inspected 100 questions,not_evaluated
1,100,0.08,0.08,0.08,0.08,0.08,short_answer_len32_t0.7_seed20261006__multi_average__hybrid_a0.5_d20,short_answer_len32_t0.7_seed20261006,multi_average_hybrid,0.5,20,1093.4683864800002,Cheryl,isaacus/legal-rag-bench,3a3565bc5429f6cead90548e81f87352b449927e4be1cdd804c28d766bb9c246,e3b869a4e293d081ec5f5b39c2058c8d27b36f611aa9f8275eb1877a7c8b38b0,exploratory previously inspected 100 questions,not_evaluated
3,100,0.08666666666666667,0.26,0.26,0.15666666666666665,0.18309297535714578,short_answer_len32_t0.7_seed20261006__multi_average__hybrid_a0.5_d20,short_answer_len32_t0.7_seed20261006,multi_average_hybrid,0.5,20,1093.4683864800002,Cheryl,isaacus/legal-rag-bench,3a3565bc5429f6cead90548e81f87352b449927e4be1cdd804c28d766bb9c246,e3b869a4e293d081ec5f5b39c2058c8d27b36f611aa9f8275eb1877a7c8b38b0,exploratory previously inspected 100 questions,not_evaluated
5,100,0.062,0.31,0.31,0.16866666666666666,0.2041885657524269,short_answer_len32_t0.7_seed20261006__multi_average__hybrid_a0.5_d20,short_answer_len32_t0.7_seed20261006,multi_average_hybrid,0.5,20,1093.4683864800002,Cheryl,isaacus/legal-rag-bench,3a3565bc5429f6cead90548e81f87352b449927e4be1cdd804c28d766bb9c246,e3b869a4e293d081ec5f5b39c2058c8d27b36f611aa9f8275eb1877a7c8b38b0,exploratory previously inspected 100 questions,not_evaluated
10,100,0.036,0.36,0.36,0.17577777777777778,0.22077572958548625,short_answer_len32_t0.7_seed20261006__multi_average__hybrid_a0.5_d20,short_answer_len32_t0.7_seed20261006,multi_average_hybrid,0.5,20,1093.4683864800002,Cheryl,isaacus/legal-rag-bench,3a3565bc5429f6cead90548e81f87352b449927e4be1cdd804c28d766bb9c246,e3b869a4e293d081ec5f5b39c2058c8d27b36f611aa9f8275eb1877a7c8b38b0,exploratory previously inspected 100 questions,not_evaluated
1,100,0.05,0.05,0.05,0.05,0.05,short_answer_len32_t0.7_seed20261006__multi_average__hybrid_a0.75_d20,short_answer_len32_t0.7_seed20261006,multi_average_hybrid,0.75,20,1093.4831520199998,Cheryl,isaacus/legal-rag-bench,3a3565bc5429f6cead90548e81f87352b449927e4be1cdd804c28d766bb9c246,e3b869a4e293d081ec5f5b39c2058c8d27b36f611aa9f8275eb1877a7c8b38b0,exploratory previously inspected 100 questions,not_evaluated
3,100,0.02666666666666667,0.08,0.08,0.06333333333333332,0.06761859507142916,short_answer_len32_t0.7_seed20261006__multi_average__hybrid_a0.75_d20,short_answer_len32_t0.7_seed20261006,multi_average_hybrid,0.75,20,1093.4831520199998,Cheryl,isaacus/legal-rag-bench,3a3565bc5429f6cead90548e81f87352b449927e4be1cdd804c28d766bb9c246,e3b869a4e293d081ec5f5b39c2058c8d27b36f611aa9f8275eb1877a7c8b38b0,exploratory previously inspected 100 questions,not_evaluated
5,100,0.018,0.09,0.09,0.06533333333333333,0.07148712314377458,short_answer_len32_t0.7_seed20261006__multi_average__hybrid_a0.75_d20,short_answer_len32_t0.7_seed20261006,multi_average_hybrid,0.75,20,1093.4831520199998,Cheryl,isaacus/legal-rag-bench,3a3565bc5429f6cead90548e81f87352b449927e4be1cdd804c28d766bb9c246,e3b869a4e293d081ec5f5b39c2058c8d27b36f611aa9f8275eb1877a7c8b38b0,exploratory previously inspected 100 questions,not_evaluated
10,100,0.014000000000000002,0.14,0.14,0.07235714285714286,0.08802515921723604,short_answer_len32_t0.7_seed20261006__multi_average__hybrid_a0.75_d20,short_answer_len32_t0.7_seed20261006,multi_average_hybrid,0.75,20,1093.4831520199998,Cheryl,isaacus/legal-rag-bench,3a3565bc5429f6cead90548e81f87352b449927e4be1cdd804c28d766bb9c246,e3b869a4e293d081ec5f5b39c2058c8d27b36f611aa9f8275eb1877a7c8b38b0,exploratory previously inspected 100 questions,not_evaluated
1,100,0.11,0.11,0.11,0.11,0.11,short_answer_len32_t0.7_seed20261006__multi_average__hybrid_a0.25_d100,short_answer_len32_t0.7_seed20261006,multi_average_hybrid,0.25,100,1093.5446663899995,Cheryl,isaacus/legal-rag-bench,3a3565bc5429f6cead90548e81f87352b449927e4be1cdd804c28d766bb9c246,e3b869a4e293d081ec5f5b39c2058c8d27b36f611aa9f8275eb1877a7c8b38b0,exploratory previously inspected 100 questions,not_evaluated
3,100,0.09999999999999999,0.3,0.3,0.18833333333333332,0.2167836778214312,short_answer_len32_t0.7_seed20261006__multi_average__hybrid_a0.25_d100,short_answer_len32_t0.7_seed20261006,multi_average_hybrid,0.25,100,1093.5446663899995,Cheryl,isaacus/legal-rag-bench,3a3565bc5429f6cead90548e81f87352b449927e4be1cdd804c28d766bb9c246,e3b869a4e293d081ec5f5b39c2058c8d27b36f611aa9f8275eb1877a7c8b38b0,exploratory previously inspected 100 questions,not_evaluated
5,100,0.066,0.33,0.33,0.19533333333333328,0.22926573705524447,short_answer_len32_t0.7_seed20261006__multi_average__hybrid_a0.25_d100,short_answer_len32_t0.7_seed20261006,multi_average_hybrid,0.25,100,1093.5446663899995,Cheryl,isaacus/legal-rag-bench,3a3565bc5429f6cead90548e81f87352b449927e4be1cdd804c28d766bb9c246,e3b869a4e293d081ec5f5b39c2058c8d27b36f611aa9f8275eb1877a7c8b38b0,exploratory previously inspected 100 questions,not_evaluated
10,100,0.040999999999999995,0.41,0.41,0.20545634920634917,0.254560107644772,short_answer_len32_t0.7_seed20261006__multi_average__hybrid_a0.25_d100,short_answer_len32_t0.7_seed20261006,multi_average_hybrid,0.25,100,1093.5446663899995,Cheryl,isaacus/legal-rag-bench,3a3565bc5429f6cead90548e81f87352b449927e4be1cdd804c28d766bb9c246,e3b869a4e293d081ec5f5b39c2058c8d27b36f611aa9f8275eb1877a7c8b38b0,exploratory previously inspected 100 questions,not_evaluated
1,100,0.07,0.07,0.07,0.07,0.07,short_answer_len32_t0.7_seed20261006__multi_average__hybrid_a0.5_d100,short_answer_len32_t0.7_seed20261006,multi_average_hybrid,0.5,100,1093.5445026199989,Cheryl,isaacus/legal-rag-bench,3a3565bc5429f6cead90548e81f87352b449927e4be1cdd804c28d766bb9c246,e3b869a4e293d081ec5f5b39c2058c8d27b36f611aa9f8275eb1877a7c8b38b0,exploratory previously inspected 100 questions,not_evaluated
3,100,0.06666666666666667,0.2,0.2,0.12166666666666666,0.1415464876785729,short_answer_len32_t0.7_seed20261006__multi_average__hybrid_a0.5_d100,short_answer_len32_t0.7_seed20261006,multi_average_hybrid,0.5,100,1093.5445026199989,Cheryl,isaacus/legal-rag-bench,3a3565bc5429f6cead90548e81f87352b449927e4be1cdd804c28d766bb9c246,e3b869a4e293d081ec5f5b39c2058c8d27b36f611aa9f8275eb1877a7c8b38b0,exploratory previously inspected 100 questions,not_evaluated
5,100,0.05600000000000001,0.28,0.28,0.13916666666666666,0.17380942478250178,short_answer_len32_t0.7_seed20261006__multi_average__hybrid_a0.5_d100,short_answer_len32_t0.7_seed20261006,multi_average_hybrid,0.5,100,1093.5445026199989,Cheryl,isaacus/legal-rag-bench,3a3565bc5429f6cead90548e81f87352b449927e4be1cdd804c28d766bb9c246,e3b869a4e293d081ec5f5b39c2058c8d27b36f611aa9f8275eb1877a7c8b38b0,exploratory previously inspected 100 questions,not_evaluated
10,100,0.036,0.36,0.36,0.14969047619047618,0.19952178332442713,short_answer_len32_t0.7_seed20261006__multi_average__hybrid_a0.5_d100,short_answer_len32_t0.7_seed20261006,multi_average_hybrid,0.5,100,1093.5445026199989,Cheryl,isaacus/legal-rag-bench,3a3565bc5429f6cead90548e81f87352b449927e4be1cdd804c28d766bb9c246,e3b869a4e293d081ec5f5b39c2058c8d27b36f611aa9f8275eb1877a7c8b38b0,exploratory previously inspected 100 questions,not_evaluated
1,100,0.07,0.07,0.07,0.07,0.07,short_answer_len32_t0.7_seed20261006__multi_average__hybrid_a0.75_d100,short_answer_len32_t0.7_seed20261006,multi_average_hybrid,0.75,100,1093.5555972200007,Cheryl,isaacus/legal-rag-bench,3a3565bc5429f6cead90548e81f87352b449927e4be1cdd804c28d766bb9c246,e3b869a4e293d081ec5f5b39c2058c8d27b36f611aa9f8275eb1877a7c8b38b0,exploratory previously inspected 100 questions,not_evaluated
3,100,0.03333333333333333,0.1,0.1,0.08333333333333331,0.08761859507142916,short_answer_len32_t0.7_seed20261006__multi_average__hybrid_a0.75_d100,short_answer_len32_t0.7_seed20261006,multi_average_hybrid,0.75,100,1093.5555972200007,Cheryl,isaacus/legal-rag-bench,3a3565bc5429f6cead90548e81f87352b449927e4be1cdd804c28d766bb9c246,e3b869a4e293d081ec5f5b39c2058c8d27b36f611aa9f8275eb1877a7c8b38b0,exploratory previously inspected 100 questions,not_evaluated
5,100,0.024,0.12,0.12,0.08783333333333333,0.09579388872450849,short_answer_len32_t0.7_seed20261006__multi_average__hybrid_a0.75_d100,short_answer_len32_t0.7_seed20261006,multi_average_hybrid,0.75,100,1093.5555972200007,Cheryl,isaacus/legal-rag-bench,3a3565bc5429f6cead90548e81f87352b449927e4be1cdd804c28d766bb9c246,e3b869a4e293d081ec5f5b39c2058c8d27b36f611aa9f8275eb1877a7c8b38b0,exploratory previously inspected 100 questions,not_evaluated
10,100,0.019,0.19,0.19,0.09684126984126984,0.11812378617350269,short_answer_len32_t0.7_seed20261006__multi_average__hybrid_a0.75_d100,short_answer_len32_t0.7_seed20261006,multi_average_hybrid,0.75,100,1093.5555972200007,Cheryl,isaacus/legal-rag-bench,3a3565bc5429f6cead90548e81f87352b449927e4be1cdd804c28d766bb9c246,e3b869a4e293d081ec5f5b39c2058c8d27b36f611aa9f8275eb1877a7c8b38b0,exploratory previously inspected 100 questions,not_evaluated
1,100,0.02,0.02,0.02,0.02,0.02,short_answer_len32_t0.7_seed20261006__multi_rrf,short_answer_len32_t0.7_seed20261006,multi_rrf,,100,1093.2164561700006,Cheryl,isaacus/legal-rag-bench,3a3565bc5429f6cead90548e81f87352b449927e4be1cdd804c28d766bb9c246,e3b869a4e293d081ec5f5b39c2058c8d27b36f611aa9f8275eb1877a7c8b38b0,exploratory previously inspected 100 questions,not_evaluated
3,100,0.016666666666666666,0.05,0.05,0.03333333333333333,0.03761859507142915,short_answer_len32_t0.7_seed20261006__multi_rrf,short_answer_len32_t0.7_seed20261006,multi_rrf,,100,1093.2164561700006,Cheryl,isaacus/legal-rag-bench,3a3565bc5429f6cead90548e81f87352b449927e4be1cdd804c28d766bb9c246,e3b869a4e293d081ec5f5b39c2058c8d27b36f611aa9f8275eb1877a7c8b38b0,exploratory previously inspected 100 questions,not_evaluated
5,100,0.016,0.08,0.08,0.04083333333333333,0.05053889181363094,short_answer_len32_t0.7_seed20261006__multi_rrf,short_answer_len32_t0.7_seed20261006,multi_rrf,,100,1093.2164561700006,Cheryl,isaacus/legal-rag-bench,3a3565bc5429f6cead90548e81f87352b449927e4be1cdd804c28d766bb9c246,e3b869a4e293d081ec5f5b39c2058c8d27b36f611aa9f8275eb1877a7c8b38b0,exploratory previously inspected 100 questions,not_evaluated
10,100,0.014000000000000002,0.14,0.14,0.04748412698412698,0.06856476984978054,short_answer_len32_t0.7_seed20261006__multi_rrf,short_answer_len32_t0.7_seed20261006,multi_rrf,,100,1093.2164561700006,Cheryl,isaacus/legal-rag-bench,3a3565bc5429f6cead90548e81f87352b449927e4be1cdd804c28d766bb9c246,e3b869a4e293d081ec5f5b39c2058c8d27b36f611aa9f8275eb1877a7c8b38b0,exploratory previously inspected 100 questions,not_evaluated
1,100,0.15,0.15,0.15,0.15,0.15,short_answer_len32_t0.7_seed20261006__multi_rrf__hybrid_a0.25_d20,short_answer_len32_t0.7_seed20261006,multi_rrf_hybrid,0.25,20,1093.4668609800008,Cheryl,isaacus/legal-rag-bench,3a3565bc5429f6cead90548e81f87352b449927e4be1cdd804c28d766bb9c246,e3b869a4e293d081ec5f5b39c2058c8d27b36f611aa9f8275eb1877a7c8b38b0,exploratory previously inspected 100 questions,not_evaluated
3,100,0.10666666666666667,0.32,0.32,0.22666666666666668,0.25071157042857495,short_answer_len32_t0.7_seed20261006__multi_rrf__hybrid_a0.25_d20,short_answer_len32_t0.7_seed20261006,multi_rrf_hybrid,0.25,20,1093.4668609800008,Cheryl,isaacus/legal-rag-bench,3a3565bc5429f6cead90548e81f87352b449927e4be1cdd804c28d766bb9c246,e3b869a4e293d081ec5f5b39c2058c8d27b36f611aa9f8275eb1877a7c8b38b0,exploratory previously inspected 100 questions,not_evaluated
5,100,0.072,0.36,0.36,0.23566666666666666,0.26706215773473363,short_answer_len32_t0.7_seed20261006__multi_rrf__hybrid_a0.25_d20,short_answer_len32_t0.7_seed20261006,multi_rrf_hybrid,0.25,20,1093.4668609800008,Cheryl,isaacus/legal-rag-bench,3a3565bc5429f6cead90548e81f87352b449927e4be1cdd804c28d766bb9c246,e3b869a4e293d081ec5f5b39c2058c8d27b36f611aa9f8275eb1877a7c8b38b0,exploratory previously inspected 100 questions,not_evaluated
10,100,0.04,0.4,0.4,0.24106349206349204,0.2800724576913734,short_answer_len32_t0.7_seed20261006__multi_rrf__hybrid_a0.25_d20,short_answer_len32_t0.7_seed20261006,multi_rrf_hybrid,0.25,20,1093.4668609800008,Cheryl,isaacus/legal-rag-bench,3a3565bc5429f6cead90548e81f87352b449927e4be1cdd804c28d766bb9c246,e3b869a4e293d081ec5f5b39c2058c8d27b36f611aa9f8275eb1877a7c8b38b0,exploratory previously inspected 100 questions,not_evaluated
1,100,0.12,0.12,0.12,0.12,0.12,short_answer_len32_t0.7_seed20261006__multi_rrf__hybrid_a0.5_d20,short_answer_len32_t0.7_seed20261006,multi_rrf_hybrid,0.5,20,1093.4685682500015,Cheryl,isaacus/legal-rag-bench,3a3565bc5429f6cead90548e81f87352b449927e4be1cdd804c28d766bb9c246,e3b869a4e293d081ec5f5b39c2058c8d27b36f611aa9f8275eb1877a7c8b38b0,exploratory previously inspected 100 questions,not_evaluated
3,100,0.09999999999999999,0.3,0.3,0.19166666666666668,0.21916508275000204,short_answer_len32_t0.7_seed20261006__multi_rrf__hybrid_a0.5_d20,short_answer_len32_t0.7_seed20261006,multi_rrf_hybrid,0.5,20,1093.4685682500015,Cheryl,isaacus/legal-rag-bench,3a3565bc5429f6cead90548e81f87352b449927e4be1cdd804c28d766bb9c246,e3b869a4e293d081ec5f5b39c2058c8d27b36f611aa9f8275eb1877a7c8b38b0,exploratory previously inspected 100 questions,not_evaluated
5,100,0.066,0.33,0.33,0.19816666666666666,0.23120890447542677,short_answer_len32_t0.7_seed20261006__multi_rrf__hybrid_a0.5_d20,short_answer_len32_t0.7_seed20261006,multi_rrf_hybrid,0.5,20,1093.4685682500015,Cheryl,isaacus/legal-rag-bench,3a3565bc5429f6cead90548e81f87352b449927e4be1cdd804c28d766bb9c246,e3b869a4e293d081ec5f5b39c2058c8d27b36f611aa9f8275eb1877a7c8b38b0,exploratory previously inspected 100 questions,not_evaluated
10,100,0.037,0.37,0.37,0.20403968253968255,0.24467668150756036,short_answer_len32_t0.7_seed20261006__multi_rrf__hybrid_a0.5_d20,short_answer_len32_t0.7_seed20261006,multi_rrf_hybrid,0.5,20,1093.4685682500015,Cheryl,isaacus/legal-rag-bench,3a3565bc5429f6cead90548e81f87352b449927e4be1cdd804c28d766bb9c246,e3b869a4e293d081ec5f5b39c2058c8d27b36f611aa9f8275eb1877a7c8b38b0,exploratory previously inspected 100 questions,not_evaluated
1,100,0.04,0.04,0.04,0.04,0.04,short_answer_len32_t0.7_seed20261006__multi_rrf__hybrid_a0.75_d20,short_answer_len32_t0.7_seed20261006,multi_rrf_hybrid,0.75,20,1093.47790702,Cheryl,isaacus/legal-rag-bench,3a3565bc5429f6cead90548e81f87352b449927e4be1cdd804c28d766bb9c246,e3b869a4e293d081ec5f5b39c2058c8d27b36f611aa9f8275eb1877a7c8b38b0,exploratory previously inspected 100 questions,not_evaluated
3,100,0.03333333333333333,0.1,0.1,0.065,0.07392789260714373,short_answer_len32_t0.7_seed20261006__multi_rrf__hybrid_a0.75_d20,short_answer_len32_t0.7_seed20261006,multi_rrf_hybrid,0.75,20,1093.47790702,Cheryl,isaacus/legal-rag-bench,3a3565bc5429f6cead90548e81f87352b449927e4be1cdd804c28d766bb9c246,e3b869a4e293d081ec5f5b39c2058c8d27b36f611aa9f8275eb1877a7c8b38b0,exploratory previously inspected 100 questions,not_evaluated
5,100,0.022,0.11,0.11,0.0675,0.07823465818787766,short_answer_len32_t0.7_seed20261006__multi_rrf__hybrid_a0.75_d20,short_answer_len32_t0.7_seed20261006,multi_rrf_hybrid,0.75,20,1093.47790702,Cheryl,isaacus/legal-rag-bench,3a3565bc5429f6cead90548e81f87352b449927e4be1cdd804c28d766bb9c246,e3b869a4e293d081ec5f5b39c2058c8d27b36f611aa9f8275eb1877a7c8b38b0,exploratory previously inspected 100 questions,not_evaluated
10,100,0.014000000000000002,0.14,0.14,0.07092857142857144,0.08734928804756875,short_answer_len32_t0.7_seed20261006__multi_rrf__hybrid_a0.75_d20,short_answer_len32_t0.7_seed20261006,multi_rrf_hybrid,0.75,20,1093.47790702,Cheryl,isaacus/legal-rag-bench,3a3565bc5429f6cead90548e81f87352b449927e4be1cdd804c28d766bb9c246,e3b869a4e293d081ec5f5b39c2058c8d27b36f611aa9f8275eb1877a7c8b38b0,exploratory previously inspected 100 questions,not_evaluated
1,100,0.1,0.1,0.1,0.1,0.1,short_answer_len32_t0.7_seed20261006__multi_rrf__hybrid_a0.25_d100,short_answer_len32_t0.7_seed20261006,multi_rrf_hybrid,0.25,100,1093.5275028099989,Cheryl,isaacus/legal-rag-bench,3a3565bc5429f6cead90548e81f87352b449927e4be1cdd804c28d766bb9c246,e3b869a4e293d081ec5f5b39c2058c8d27b36f611aa9f8275eb1877a7c8b38b0,exploratory previously inspected 100 questions,not_evaluated
3,100,0.09000000000000001,0.27,0.27,0.17666666666666667,0.20071157042857493,short_answer_len32_t0.7_seed20261006__multi_rrf__hybrid_a0.25_d100,short_answer_len32_t0.7_seed20261006,multi_rrf_hybrid,0.25,100,1093.5275028099989,Cheryl,isaacus/legal-rag-bench,3a3565bc5429f6cead90548e81f87352b449927e4be1cdd804c28d766bb9c246,e3b869a4e293d081ec5f5b39c2058c8d27b36f611aa9f8275eb1877a7c8b38b0,exploratory previously inspected 100 questions,not_evaluated
5,100,0.072,0.36,0.36,0.19766666666666666,0.23815774813001475,short_answer_len32_t0.7_seed20261006__multi_rrf__hybrid_a0.25_d100,short_answer_len32_t0.7_seed20261006,multi_rrf_hybrid,0.25,100,1093.5275028099989,Cheryl,isaacus/legal-rag-bench,3a3565bc5429f6cead90548e81f87352b449927e4be1cdd804c28d766bb9c246,e3b869a4e293d081ec5f5b39c2058c8d27b36f611aa9f8275eb1877a7c8b38b0,exploratory previously inspected 100 questions,not_evaluated
10,100,0.040999999999999995,0.41,0.41,0.20369444444444443,0.2536660652519498,short_answer_len32_t0.7_seed20261006__multi_rrf__hybrid_a0.25_d100,short_answer_len32_t0.7_seed20261006,multi_rrf_hybrid,0.25,100,1093.5275028099989,Cheryl,isaacus/legal-rag-bench,3a3565bc5429f6cead90548e81f87352b449927e4be1cdd804c28d766bb9c246,e3b869a4e293d081ec5f5b39c2058c8d27b36f611aa9f8275eb1877a7c8b38b0,exploratory previously inspected 100 questions,not_evaluated
1,100,0.06,0.06,0.06,0.06,0.06,short_answer_len32_t0.7_seed20261006__multi_rrf__hybrid_a0.5_d100,short_answer_len32_t0.7_seed20261006,multi_rrf_hybrid,0.5,100,1093.5364429999993,Cheryl,isaacus/legal-rag-bench,3a3565bc5429f6cead90548e81f87352b449927e4be1cdd804c28d766bb9c246,e3b869a4e293d081ec5f5b39c2058c8d27b36f611aa9f8275eb1877a7c8b38b0,exploratory previously inspected 100 questions,not_evaluated
3,100,0.07666666666666667,0.23,0.23,0.12833333333333333,0.15416508275000204,short_answer_len32_t0.7_seed20261006__multi_rrf__hybrid_a0.5_d100,short_answer_len32_t0.7_seed20261006,multi_rrf_hybrid,0.5,100,1093.5364429999993,Cheryl,isaacus/legal-rag-bench,3a3565bc5429f6cead90548e81f87352b449927e4be1cdd804c28d766bb9c246,e3b869a4e293d081ec5f5b39c2058c8d27b36f611aa9f8275eb1877a7c8b38b0,exploratory previously inspected 100 questions,not_evaluated
5,100,0.064,0.32,0.32,0.14733333333333332,0.1898583104178878,short_answer_len32_t0.7_seed20261006__multi_rrf__hybrid_a0.5_d100,short_answer_len32_t0.7_seed20261006,multi_rrf_hybrid,0.5,100,1093.5364429999993,Cheryl,isaacus/legal-rag-bench,3a3565bc5429f6cead90548e81f87352b449927e4be1cdd804c28d766bb9c246,e3b869a4e293d081ec5f5b39c2058c8d27b36f611aa9f8275eb1877a7c8b38b0,exploratory previously inspected 100 questions,not_evaluated
10,100,0.04,0.4,0.4,0.15907936507936507,0.21679386448215499,short_answer_len32_t0.7_seed20261006__multi_rrf__hybrid_a0.5_d100,short_answer_len32_t0.7_seed20261006,multi_rrf_hybrid,0.5,100,1093.5364429999993,Cheryl,isaacus/legal-rag-bench,3a3565bc5429f6cead90548e81f87352b449927e4be1cdd804c28d766bb9c246,e3b869a4e293d081ec5f5b39c2058c8d27b36f611aa9f8275eb1877a7c8b38b0,exploratory previously inspected 100 questions,not_evaluated
1,100,0.06,0.06,0.06,0.06,0.06,short_answer_len32_t0.7_seed20261006__multi_rrf__hybrid_a0.75_d100,short_answer_len32_t0.7_seed20261006,multi_rrf_hybrid,0.75,100,1093.5355337199996,Cheryl,isaacus/legal-rag-bench,3a3565bc5429f6cead90548e81f87352b449927e4be1cdd804c28d766bb9c246,e3b869a4e293d081ec5f5b39c2058c8d27b36f611aa9f8275eb1877a7c8b38b0,exploratory previously inspected 100 questions,not_evaluated
3,100,0.04,0.12,0.12,0.08333333333333331,0.09261859507142915,short_answer_len32_t0.7_seed20261006__multi_rrf__hybrid_a0.75_d100,short_answer_len32_t0.7_seed20261006,multi_rrf_hybrid,0.75,100,1093.5355337199996,Cheryl,isaacus/legal-rag-bench,3a3565bc5429f6cead90548e81f87352b449927e4be1cdd804c28d766bb9c246,e3b869a4e293d081ec5f5b39c2058c8d27b36f611aa9f8275eb1877a7c8b38b0,exploratory previously inspected 100 questions,not_evaluated
5,100,0.028000000000000004,0.14,0.14,0.08783333333333333,0.10079388872450849,short_answer_len32_t0.7_seed20261006__multi_rrf__hybrid_a0.75_d100,short_answer_len32_t0.7_seed20261006,multi_rrf_hybrid,0.75,100,1093.5355337199996,Cheryl,isaacus/legal-rag-bench,3a3565bc5429f6cead90548e81f87352b449927e4be1cdd804c28d766bb9c246,e3b869a4e293d081ec5f5b39c2058c8d27b36f611aa9f8275eb1877a7c8b38b0,exploratory previously inspected 100 questions,not_evaluated
10,100,0.017,0.17,0.17,0.09241666666666665,0.11107268123452624,short_answer_len32_t0.7_seed20261006__multi_rrf__hybrid_a0.75_d100,short_answer_len32_t0.7_seed20261006,multi_rrf_hybrid,0.75,100,1093.5355337199996,Cheryl,isaacus/legal-rag-bench,3a3565bc5429f6cead90548e81f87352b449927e4be1cdd804c28d766bb9c246,e3b869a4e293d081ec5f5b39c2058c8d27b36f611aa9f8275eb1877a7c8b38b0,exploratory previously inspected 100 questions,not_evaluated
1,100,0.01,0.01,0.01,0.01,0.01,short_answer_len96_t0_seed20261006__hyde_single,short_answer_len96_t0_seed20261006,hyde_single,,100,299.14014110666585,Cheryl,isaacus/legal-rag-bench,3a3565bc5429f6cead90548e81f87352b449927e4be1cdd804c28d766bb9c246,e3b869a4e293d081ec5f5b39c2058c8d27b36f611aa9f8275eb1877a7c8b38b0,exploratory previously inspected 100 questions,not_evaluated
3,100,0.0033333333333333335,0.01,0.01,0.01,0.01,short_answer_len96_t0_seed20261006__hyde_single,short_answer_len96_t0_seed20261006,hyde_single,,100,299.14014110666585,Cheryl,isaacus/legal-rag-bench,3a3565bc5429f6cead90548e81f87352b449927e4be1cdd804c28d766bb9c246,e3b869a4e293d081ec5f5b39c2058c8d27b36f611aa9f8275eb1877a7c8b38b0,exploratory previously inspected 100 questions,not_evaluated
5,100,0.008,0.04,0.04,0.017,0.02248205923381328,short_answer_len96_t0_seed20261006__hyde_single,short_answer_len96_t0_seed20261006,hyde_single,,100,299.14014110666585,Cheryl,isaacus/legal-rag-bench,3a3565bc5429f6cead90548e81f87352b449927e4be1cdd804c28d766bb9c246,e3b869a4e293d081ec5f5b39c2058c8d27b36f611aa9f8275eb1877a7c8b38b0,exploratory previously inspected 100 questions,not_evaluated
10,100,0.008,0.08,0.08,0.023250000000000003,0.036322923614911226,short_answer_len96_t0_seed20261006__hyde_single,short_answer_len96_t0_seed20261006,hyde_single,,100,299.14014110666585,Cheryl,isaacus/legal-rag-bench,3a3565bc5429f6cead90548e81f87352b449927e4be1cdd804c28d766bb9c246,e3b869a4e293d081ec5f5b39c2058c8d27b36f611aa9f8275eb1877a7c8b38b0,exploratory previously inspected 100 questions,not_evaluated
1,100,0.17,0.17,0.17,0.17,0.17,short_answer_len96_t0_seed20261006__hyde_single__hybrid_a0.25_d20,short_answer_len96_t0_seed20261006,hyde_single_hybrid,0.25,20,299.40481865666584,Cheryl,isaacus/legal-rag-bench,3a3565bc5429f6cead90548e81f87352b449927e4be1cdd804c28d766bb9c246,e3b869a4e293d081ec5f5b39c2058c8d27b36f611aa9f8275eb1877a7c8b38b0,exploratory previously inspected 100 questions,not_evaluated
3,100,0.11,0.33,0.33,0.24,0.26309297535714576,short_answer_len96_t0_seed20261006__hyde_single__hybrid_a0.25_d20,short_answer_len96_t0_seed20261006,hyde_single_hybrid,0.25,20,299.40481865666584,Cheryl,isaacus/legal-rag-bench,3a3565bc5429f6cead90548e81f87352b449927e4be1cdd804c28d766bb9c246,e3b869a4e293d081ec5f5b39c2058c8d27b36f611aa9f8275eb1877a7c8b38b0,exploratory previously inspected 100 questions,not_evaluated
5,100,0.06999999999999999,0.35,0.35,0.2445,0.2712682690102251,short_answer_len96_t0_seed20261006__hyde_single__hybrid_a0.25_d20,short_answer_len96_t0_seed20261006,hyde_single_hybrid,0.25,20,299.40481865666584,Cheryl,isaacus/legal-rag-bench,3a3565bc5429f6cead90548e81f87352b449927e4be1cdd804c28d766bb9c246,e3b869a4e293d081ec5f5b39c2058c8d27b36f611aa9f8275eb1877a7c8b38b0,exploratory previously inspected 100 questions,not_evaluated
10,100,0.038,0.38,0.38,0.24878571428571428,0.2812682690102251,short_answer_len96_t0_seed20261006__hyde_single__hybrid_a0.25_d20,short_answer_len96_t0_seed20261006,hyde_single_hybrid,0.25,20,299.40481865666584,Cheryl,isaacus/legal-rag-bench,3a3565bc5429f6cead90548e81f87352b449927e4be1cdd804c28d766bb9c246,e3b869a4e293d081ec5f5b39c2058c8d27b36f611aa9f8275eb1877a7c8b38b0,exploratory previously inspected 100 questions,not_evaluated
1,100,0.1,0.1,0.1,0.1,0.1,short_answer_len96_t0_seed20261006__hyde_single__hybrid_a0.5_d20,short_answer_len96_t0_seed20261006,hyde_single_hybrid,0.5,20,299.40484987666537,Cheryl,isaacus/legal-rag-bench,3a3565bc5429f6cead90548e81f87352b449927e4be1cdd804c28d766bb9c246,e3b869a4e293d081ec5f5b39c2058c8d27b36f611aa9f8275eb1877a7c8b38b0,exploratory previously inspected 100 questions,not_evaluated
3,100,0.09333333333333334,0.28,0.28,0.175,0.2017836778214312,short_answer_len96_t0_seed20261006__hyde_single__hybrid_a0.5_d20,short_answer_len96_t0_seed20261006,hyde_single_hybrid,0.5,20,299.40484987666537,Cheryl,isaacus/legal-rag-bench,3a3565bc5429f6cead90548e81f87352b449927e4be1cdd804c28d766bb9c246,e3b869a4e293d081ec5f5b39c2058c8d27b36f611aa9f8275eb1877a7c8b38b0,exploratory previously inspected 100 questions,not_evaluated
5,100,0.068,0.34,0.34,0.18849999999999997,0.22630955878066925,short_answer_len96_t0_seed20261006__hyde_single__hybrid_a0.5_d20,short_answer_len96_t0_seed20261006,hyde_single_hybrid,0.5,20,299.40484987666537,Cheryl,isaacus/legal-rag-bench,3a3565bc5429f6cead90548e81f87352b449927e4be1cdd804c28d766bb9c246,e3b869a4e293d081ec5f5b39c2058c8d27b36f611aa9f8275eb1877a7c8b38b0,exploratory previously inspected 100 questions,not_evaluated
10,100,0.036,0.36,0.36,0.1908611111111111,0.23247450750516635,short_answer_len96_t0_seed20261006__hyde_single__hybrid_a0.5_d20,short_answer_len96_t0_seed20261006,hyde_single_hybrid,0.5,20,299.40484987666537,Cheryl,isaacus/legal-rag-bench,3a3565bc5429f6cead90548e81f87352b449927e4be1cdd804c28d766bb9c246,e3b869a4e293d081ec5f5b39c2058c8d27b36f611aa9f8275eb1877a7c8b38b0,exploratory previously inspected 100 questions,not_evaluated
1,100,0.05,0.05,0.05,0.05,0.05,short_answer_len96_t0_seed20261006__hyde_single__hybrid_a0.75_d20,short_answer_len96_t0_seed20261006,hyde_single_hybrid,0.75,20,299.40591417666496,Cheryl,isaacus/legal-rag-bench,3a3565bc5429f6cead90548e81f87352b449927e4be1cdd804c28d766bb9c246,e3b869a4e293d081ec5f5b39c2058c8d27b36f611aa9f8275eb1877a7c8b38b0,exploratory previously inspected 100 questions,not_evaluated
3,100,0.023333333333333334,0.07,0.07,0.05833333333333333,0.061309297535714576,short_answer_len96_t0_seed20261006__hyde_single__hybrid_a0.75_d20,short_answer_len96_t0_seed20261006,hyde_single_hybrid,0.75,20,299.40591417666496,Cheryl,isaacus/legal-rag-bench,3a3565bc5429f6cead90548e81f87352b449927e4be1cdd804c28d766bb9c246,e3b869a4e293d081ec5f5b39c2058c8d27b36f611aa9f8275eb1877a7c8b38b0,exploratory previously inspected 100 questions,not_evaluated
5,100,0.016,0.08,0.08,0.06083333333333333,0.0656160631164485,short_answer_len96_t0_seed20261006__hyde_single__hybrid_a0.75_d20,short_answer_len96_t0_seed20261006,hyde_single_hybrid,0.75,20,299.40591417666496,Cheryl,isaacus/legal-rag-bench,3a3565bc5429f6cead90548e81f87352b449927e4be1cdd804c28d766bb9c246,e3b869a4e293d081ec5f5b39c2058c8d27b36f611aa9f8275eb1877a7c8b38b0,exploratory previously inspected 100 questions,not_evaluated
10,100,0.009,0.09,0.09,0.06208333333333333,0.0687707118843058,short_answer_len96_t0_seed20261006__hyde_single__hybrid_a0.75_d20,short_answer_len96_t0_seed20261006,hyde_single_hybrid,0.75,20,299.40591417666496,Cheryl,isaacus/legal-rag-bench,3a3565bc5429f6cead90548e81f87352b449927e4be1cdd804c28d766bb9c246,e3b869a4e293d081ec5f5b39c2058c8d27b36f611aa9f8275eb1877a7c8b38b0,exploratory previously inspected 100 questions,not_evaluated
1,100,0.16,0.16,0.16,0.16,0.16,short_answer_len96_t0_seed20261006__hyde_single__hybrid_a0.25_d100,short_answer_len96_t0_seed20261006,hyde_single_hybrid,0.25,100,299.4751447366673,Cheryl,isaacus/legal-rag-bench,3a3565bc5429f6cead90548e81f87352b449927e4be1cdd804c28d766bb9c246,e3b869a4e293d081ec5f5b39c2058c8d27b36f611aa9f8275eb1877a7c8b38b0,exploratory previously inspected 100 questions,not_evaluated
3,100,0.10333333333333333,0.31,0.31,0.22333333333333333,0.2454743802857166,short_answer_len96_t0_seed20261006__hyde_single__hybrid_a0.25_d100,short_answer_len96_t0_seed20261006,hyde_single_hybrid,0.25,100,299.4751447366673,Cheryl,isaacus/legal-rag-bench,3a3565bc5429f6cead90548e81f87352b449927e4be1cdd804c28d766bb9c246,e3b869a4e293d081ec5f5b39c2058c8d27b36f611aa9f8275eb1877a7c8b38b0,exploratory previously inspected 100 questions,not_evaluated
5,100,0.06999999999999999,0.35,0.35,0.2328333333333333,0.26226320510026385,short_answer_len96_t0_seed20261006__hyde_single__hybrid_a0.25_d100,short_answer_len96_t0_seed20261006,hyde_single_hybrid,0.25,100,299.4751447366673,Cheryl,isaacus/legal-rag-bench,3a3565bc5429f6cead90548e81f87352b449927e4be1cdd804c28d766bb9c246,e3b869a4e293d081ec5f5b39c2058c8d27b36f611aa9f8275eb1877a7c8b38b0,exploratory previously inspected 100 questions,not_evaluated
10,100,0.039,0.39,0.39,0.23859523809523808,0.2756113304389365,short_answer_len96_t0_seed20261006__hyde_single__hybrid_a0.25_d100,short_answer_len96_t0_seed20261006,hyde_single_hybrid,0.25,100,299.4751447366673,Cheryl,isaacus/legal-rag-bench,3a3565bc5429f6cead90548e81f87352b449927e4be1cdd804c28d766bb9c246,e3b869a4e293d081ec5f5b39c2058c8d27b36f611aa9f8275eb1877a7c8b38b0,exploratory previously inspected 100 questions,not_evaluated
1,100,0.09,0.09,0.09,0.09,0.09,short_answer_len96_t0_seed20261006__hyde_single__hybrid_a0.5_d100,short_answer_len96_t0_seed20261006,hyde_single_hybrid,0.5,100,299.46477927666706,Cheryl,isaacus/legal-rag-bench,3a3565bc5429f6cead90548e81f87352b449927e4be1cdd804c28d766bb9c246,e3b869a4e293d081ec5f5b39c2058c8d27b36f611aa9f8275eb1877a7c8b38b0,exploratory previously inspected 100 questions,not_evaluated
3,100,0.08,0.24,0.24,0.15333333333333332,0.17547438028571663,short_answer_len96_t0_seed20261006__hyde_single__hybrid_a0.5_d100,short_answer_len96_t0_seed20261006,hyde_single_hybrid,0.5,100,299.46477927666706,Cheryl,isaacus/legal-rag-bench,3a3565bc5429f6cead90548e81f87352b449927e4be1cdd804c28d766bb9c246,e3b869a4e293d081ec5f5b39c2058c8d27b36f611aa9f8275eb1877a7c8b38b0,exploratory previously inspected 100 questions,not_evaluated
5,100,0.05600000000000001,0.28,0.28,0.16233333333333333,0.19182496759187528,short_answer_len96_t0_seed20261006__hyde_single__hybrid_a0.5_d100,short_answer_len96_t0_seed20261006,hyde_single_hybrid,0.5,100,299.46477927666706,Cheryl,isaacus/legal-rag-bench,3a3565bc5429f6cead90548e81f87352b449927e4be1cdd804c28d766bb9c246,e3b869a4e293d081ec5f5b39c2058c8d27b36f611aa9f8275eb1877a7c8b38b0,exploratory previously inspected 100 questions,not_evaluated
10,100,0.033,0.33,0.33,0.1688888888888889,0.20786035951049425,short_answer_len96_t0_seed20261006__hyde_single__hybrid_a0.5_d100,short_answer_len96_t0_seed20261006,hyde_single_hybrid,0.5,100,299.46477927666706,Cheryl,isaacus/legal-rag-bench,3a3565bc5429f6cead90548e81f87352b449927e4be1cdd804c28d766bb9c246,e3b869a4e293d081ec5f5b39c2058c8d27b36f611aa9f8275eb1877a7c8b38b0,exploratory previously inspected 100 questions,not_evaluated
1,100,0.06,0.06,0.06,0.06,0.06,short_answer_len96_t0_seed20261006__hyde_single__hybrid_a0.75_d100,short_answer_len96_t0_seed20261006,hyde_single_hybrid,0.75,100,299.4615247366653,Cheryl,isaacus/legal-rag-bench,3a3565bc5429f6cead90548e81f87352b449927e4be1cdd804c28d766bb9c246,e3b869a4e293d081ec5f5b39c2058c8d27b36f611aa9f8275eb1877a7c8b38b0,exploratory previously inspected 100 questions,not_evaluated
3,100,0.023333333333333334,0.07,0.07,0.06333333333333332,0.065,short_answer_len96_t0_seed20261006__hyde_single__hybrid_a0.75_d100,short_answer_len96_t0_seed20261006,hyde_single_hybrid,0.75,100,299.4615247366653,Cheryl,isaacus/legal-rag-bench,3a3565bc5429f6cead90548e81f87352b449927e4be1cdd804c28d766bb9c246,e3b869a4e293d081ec5f5b39c2058c8d27b36f611aa9f8275eb1877a7c8b38b0,exploratory previously inspected 100 questions,not_evaluated
5,100,0.016,0.08,0.08,0.06583333333333333,0.06930676558073393,short_answer_len96_t0_seed20261006__hyde_single__hybrid_a0.75_d100,short_answer_len96_t0_seed20261006,hyde_single_hybrid,0.75,100,299.4615247366653,Cheryl,isaacus/legal-rag-bench,3a3565bc5429f6cead90548e81f87352b449927e4be1cdd804c28d766bb9c246,e3b869a4e293d081ec5f5b39c2058c8d27b36f611aa9f8275eb1877a7c8b38b0,exploratory previously inspected 100 questions,not_evaluated
10,100,0.011,0.11,0.11,0.07041666666666666,0.07958555809075166,short_answer_len96_t0_seed20261006__hyde_single__hybrid_a0.75_d100,short_answer_len96_t0_seed20261006,hyde_single_hybrid,0.75,100,299.4615247366653,Cheryl,isaacus/legal-rag-bench,3a3565bc5429f6cead90548e81f87352b449927e4be1cdd804c28d766bb9c246,e3b869a4e293d081ec5f5b39c2058c8d27b36f611aa9f8275eb1877a7c8b38b0,exploratory previously inspected 100 questions,not_evaluated
1,100,0.08,0.08,0.08,0.08,0.08,short_answer_len96_t0_seed20261006__question_plus_hyde,short_answer_len96_t0_seed20261006,question_plus_hyde,,100,299.14014110666585,Cheryl,isaacus/legal-rag-bench,3a3565bc5429f6cead90548e81f87352b449927e4be1cdd804c28d766bb9c246,e3b869a4e293d081ec5f5b39c2058c8d27b36f611aa9f8275eb1877a7c8b38b0,exploratory previously inspected 100 questions,not_evaluated
3,100,0.08,0.24,0.24,0.14666666666666667,0.17047438028571663,short_answer_len96_t0_seed20261006__question_plus_hyde,short_answer_len96_t0_seed20261006,question_plus_hyde,,100,299.14014110666585,Cheryl,isaacus/legal-rag-bench,3a3565bc5429f6cead90548e81f87352b449927e4be1cdd804c28d766bb9c246,e3b869a4e293d081ec5f5b39c2058c8d27b36f611aa9f8275eb1877a7c8b38b0,exploratory previously inspected 100 questions,not_evaluated
5,100,0.057999999999999996,0.29,0.29,0.15866666666666668,0.19156997068099776,short_answer_len96_t0_seed20261006__question_plus_hyde,short_answer_len96_t0_seed20261006,question_plus_hyde,,100,299.14014110666585,Cheryl,isaacus/legal-rag-bench,3a3565bc5429f6cead90548e81f87352b449927e4be1cdd804c28d766bb9c246,e3b869a4e293d081ec5f5b39c2058c8d27b36f611aa9f8275eb1877a7c8b38b0,exploratory previously inspected 100 questions,not_evaluated
10,100,0.039,0.39,0.39,0.17239682539682538,0.22432300945122716,short_answer_len96_t0_seed20261006__question_plus_hyde,short_answer_len96_t0_seed20261006,question_plus_hyde,,100,299.14014110666585,Cheryl,isaacus/legal-rag-bench,3a3565bc5429f6cead90548e81f87352b449927e4be1cdd804c28d766bb9c246,e3b869a4e293d081ec5f5b39c2058c8d27b36f611aa9f8275eb1877a7c8b38b0,exploratory previously inspected 100 questions,not_evaluated
1,100,0.17,0.17,0.17,0.17,0.17,short_answer_len96_t0_seed20261006__question_plus_hyde__hybrid_a0.25_d20,short_answer_len96_t0_seed20261006,question_plus_hyde_hybrid,0.25,20,299.39072811666506,Cheryl,isaacus/legal-rag-bench,3a3565bc5429f6cead90548e81f87352b449927e4be1cdd804c28d766bb9c246,e3b869a4e293d081ec5f5b39c2058c8d27b36f611aa9f8275eb1877a7c8b38b0,exploratory previously inspected 100 questions,not_evaluated
3,100,0.08,0.24,0.24,0.2,0.2102371901428583,short_answer_len96_t0_seed20261006__question_plus_hyde__hybrid_a0.25_d20,short_answer_len96_t0_seed20261006,question_plus_hyde_hybrid,0.25,20,299.39072811666506,Cheryl,isaacus/legal-rag-bench,3a3565bc5429f6cead90548e81f87352b449927e4be1cdd804c28d766bb9c246,e3b869a4e293d081ec5f5b39c2058c8d27b36f611aa9f8275eb1877a7c8b38b0,exploratory previously inspected 100 questions,not_evaluated
5,100,0.062,0.31,0.31,0.2155,0.2386315991744418,short_answer_len96_t0_seed20261006__question_plus_hyde__hybrid_a0.25_d20,short_answer_len96_t0_seed20261006,question_plus_hyde_hybrid,0.25,20,299.39072811666506,Cheryl,isaacus/legal-rag-bench,3a3565bc5429f6cead90548e81f87352b449927e4be1cdd804c28d766bb9c246,e3b869a4e293d081ec5f5b39c2058c8d27b36f611aa9f8275eb1877a7c8b38b0,exploratory previously inspected 100 questions,not_evaluated
10,100,0.038,0.38,0.38,0.2238293650793651,0.2602548110486031,short_answer_len96_t0_seed20261006__question_plus_hyde__hybrid_a0.25_d20,short_answer_len96_t0_seed20261006,question_plus_hyde_hybrid,0.25,20,299.39072811666506,Cheryl,isaacus/legal-rag-bench,3a3565bc5429f6cead90548e81f87352b449927e4be1cdd804c28d766bb9c246,e3b869a4e293d081ec5f5b39c2058c8d27b36f611aa9f8275eb1877a7c8b38b0,exploratory previously inspected 100 questions,not_evaluated
1,100,0.14,0.14,0.14,0.14,0.14,short_answer_len96_t0_seed20261006__question_plus_hyde__hybrid_a0.5_d20,short_answer_len96_t0_seed20261006,question_plus_hyde_hybrid,0.5,20,299.3891335366641,Cheryl,isaacus/legal-rag-bench,3a3565bc5429f6cead90548e81f87352b449927e4be1cdd804c28d766bb9c246,e3b869a4e293d081ec5f5b39c2058c8d27b36f611aa9f8275eb1877a7c8b38b0,exploratory previously inspected 100 questions,not_evaluated
3,100,0.09000000000000001,0.27,0.27,0.19333333333333333,0.21285578521428747,short_answer_len96_t0_seed20261006__question_plus_hyde__hybrid_a0.5_d20,short_answer_len96_t0_seed20261006,question_plus_hyde_hybrid,0.5,20,299.3891335366641,Cheryl,isaacus/legal-rag-bench,3a3565bc5429f6cead90548e81f87352b449927e4be1cdd804c28d766bb9c246,e3b869a4e293d081ec5f5b39c2058c8d27b36f611aa9f8275eb1877a7c8b38b0,exploratory previously inspected 100 questions,not_evaluated
5,100,0.066,0.33,0.33,0.20683333333333334,0.23738166617352552,short_answer_len96_t0_seed20261006__question_plus_hyde__hybrid_a0.5_d20,short_answer_len96_t0_seed20261006,question_plus_hyde_hybrid,0.5,20,299.3891335366641,Cheryl,isaacus/legal-rag-bench,3a3565bc5429f6cead90548e81f87352b449927e4be1cdd804c28d766bb9c246,e3b869a4e293d081ec5f5b39c2058c8d27b36f611aa9f8275eb1877a7c8b38b0,exploratory previously inspected 100 questions,not_evaluated
10,100,0.047,0.47,0.47,0.22542857142857142,0.2825375010574306,short_answer_len96_t0_seed20261006__question_plus_hyde__hybrid_a0.5_d20,short_answer_len96_t0_seed20261006,question_plus_hyde_hybrid,0.5,20,299.3891335366641,Cheryl,isaacus/legal-rag-bench,3a3565bc5429f6cead90548e81f87352b449927e4be1cdd804c28d766bb9c246,e3b869a4e293d081ec5f5b39c2058c8d27b36f611aa9f8275eb1877a7c8b38b0,exploratory previously inspected 100 questions,not_evaluated
1,100,0.12,0.12,0.12,0.12,0.12,short_answer_len96_t0_seed20261006__question_plus_hyde__hybrid_a0.75_d20,short_answer_len96_t0_seed20261006,question_plus_hyde_hybrid,0.75,20,299.39006943666413,Cheryl,isaacus/legal-rag-bench,3a3565bc5429f6cead90548e81f87352b449927e4be1cdd804c28d766bb9c246,e3b869a4e293d081ec5f5b39c2058c8d27b36f611aa9f8275eb1877a7c8b38b0,exploratory previously inspected 100 questions,not_evaluated
3,100,0.09333333333333334,0.28,0.28,0.18666666666666665,0.21047438028571663,short_answer_len96_t0_seed20261006__question_plus_hyde__hybrid_a0.75_d20,short_answer_len96_t0_seed20261006,question_plus_hyde_hybrid,0.75,20,299.39006943666413,Cheryl,isaacus/legal-rag-bench,3a3565bc5429f6cead90548e81f87352b449927e4be1cdd804c28d766bb9c246,e3b869a4e293d081ec5f5b39c2058c8d27b36f611aa9f8275eb1877a7c8b38b0,exploratory previously inspected 100 questions,not_evaluated
5,100,0.064,0.32,0.32,0.19516666666666665,0.22638673008348684,short_answer_len96_t0_seed20261006__question_plus_hyde__hybrid_a0.75_d20,short_answer_len96_t0_seed20261006,question_plus_hyde_hybrid,0.75,20,299.39006943666413,Cheryl,isaacus/legal-rag-bench,3a3565bc5429f6cead90548e81f87352b449927e4be1cdd804c28d766bb9c246,e3b869a4e293d081ec5f5b39c2058c8d27b36f611aa9f8275eb1877a7c8b38b0,exploratory previously inspected 100 questions,not_evaluated
10,100,0.04,0.4,0.4,0.20560714285714282,0.25200413404970784,short_answer_len96_t0_seed20261006__question_plus_hyde__hybrid_a0.75_d20,short_answer_len96_t0_seed20261006,question_plus_hyde_hybrid,0.75,20,299.39006943666413,Cheryl,isaacus/legal-rag-bench,3a3565bc5429f6cead90548e81f87352b449927e4be1cdd804c28d766bb9c246,e3b869a4e293d081ec5f5b39c2058c8d27b36f611aa9f8275eb1877a7c8b38b0,exploratory previously inspected 100 questions,not_evaluated
1,100,0.18,0.18,0.18,0.18,0.18,short_answer_len96_t0_seed20261006__question_plus_hyde__hybrid_a0.25_d100,short_answer_len96_t0_seed20261006,question_plus_hyde_hybrid,0.25,100,299.48800477666396,Cheryl,isaacus/legal-rag-bench,3a3565bc5429f6cead90548e81f87352b449927e4be1cdd804c28d766bb9c246,e3b869a4e293d081ec5f5b39c2058c8d27b36f611aa9f8275eb1877a7c8b38b0,exploratory previously inspected 100 questions,not_evaluated
3,100,0.09333333333333334,0.28,0.28,0.22666666666666666,0.24047438028571663,short_answer_len96_t0_seed20261006__question_plus_hyde__hybrid_a0.25_d100,short_answer_len96_t0_seed20261006,question_plus_hyde_hybrid,0.25,100,299.48800477666396,Cheryl,isaacus/legal-rag-bench,3a3565bc5429f6cead90548e81f87352b449927e4be1cdd804c28d766bb9c246,e3b869a4e293d081ec5f5b39c2058c8d27b36f611aa9f8275eb1877a7c8b38b0,exploratory previously inspected 100 questions,not_evaluated
5,100,0.072,0.36,0.36,0.24416666666666667,0.2727373173896455,short_answer_len96_t0_seed20261006__question_plus_hyde__hybrid_a0.25_d100,short_answer_len96_t0_seed20261006,question_plus_hyde_hybrid,0.25,100,299.48800477666396,Cheryl,isaacus/legal-rag-bench,3a3565bc5429f6cead90548e81f87352b449927e4be1cdd804c28d766bb9c246,e3b869a4e293d081ec5f5b39c2058c8d27b36f611aa9f8275eb1877a7c8b38b0,exploratory previously inspected 100 questions,not_evaluated
10,100,0.044,0.44,0.44,0.2558015873015873,0.2995532197604517,short_answer_len96_t0_seed20261006__question_plus_hyde__hybrid_a0.25_d100,short_answer_len96_t0_seed20261006,question_plus_hyde_hybrid,0.25,100,299.48800477666396,Cheryl,isaacus/legal-rag-bench,3a3565bc5429f6cead90548e81f87352b449927e4be1cdd804c28d766bb9c246,e3b869a4e293d081ec5f5b39c2058c8d27b36f611aa9f8275eb1877a7c8b38b0,exploratory previously inspected 100 questions,not_evaluated
1,100,0.15,0.15,0.15,0.15,0.15,short_answer_len96_t0_seed20261006__question_plus_hyde__hybrid_a0.5_d100,short_answer_len96_t0_seed20261006,question_plus_hyde_hybrid,0.5,100,299.47921635666376,Cheryl,isaacus/legal-rag-bench,3a3565bc5429f6cead90548e81f87352b449927e4be1cdd804c28d766bb9c246,e3b869a4e293d081ec5f5b39c2058c8d27b36f611aa9f8275eb1877a7c8b38b0,exploratory previously inspected 100 questions,not_evaluated
3,100,0.09000000000000001,0.27,0.27,0.20166666666666663,0.21916508275000204,short_answer_len96_t0_seed20261006__question_plus_hyde__hybrid_a0.5_d100,short_answer_len96_t0_seed20261006,question_plus_hyde_hybrid,0.5,100,299.47921635666376,Cheryl,isaacus/legal-rag-bench,3a3565bc5429f6cead90548e81f87352b449927e4be1cdd804c28d766bb9c246,e3b869a4e293d081ec5f5b39c2058c8d27b36f611aa9f8275eb1877a7c8b38b0,exploratory previously inspected 100 questions,not_evaluated
5,100,0.068,0.34,0.34,0.21766666666666665,0.24799772928997402,short_answer_len96_t0_seed20261006__question_plus_hyde__hybrid_a0.5_d100,short_answer_len96_t0_seed20261006,question_plus_hyde_hybrid,0.5,100,299.47921635666376,Cheryl,isaacus/legal-rag-bench,3a3565bc5429f6cead90548e81f87352b449927e4be1cdd804c28d766bb9c246,e3b869a4e293d081ec5f5b39c2058c8d27b36f611aa9f8275eb1877a7c8b38b0,exploratory previously inspected 100 questions,not_evaluated
10,100,0.043,0.43,0.43,0.2294563492063492,0.27685417175058175,short_answer_len96_t0_seed20261006__question_plus_hyde__hybrid_a0.5_d100,short_answer_len96_t0_seed20261006,question_plus_hyde_hybrid,0.5,100,299.47921635666376,Cheryl,isaacus/legal-rag-bench,3a3565bc5429f6cead90548e81f87352b449927e4be1cdd804c28d766bb9c246,e3b869a4e293d081ec5f5b39c2058c8d27b36f611aa9f8275eb1877a7c8b38b0,exploratory previously inspected 100 questions,not_evaluated
1,100,0.13,0.13,0.13,0.13,0.13,short_answer_len96_t0_seed20261006__question_plus_hyde__hybrid_a0.75_d100,short_answer_len96_t0_seed20261006,question_plus_hyde_hybrid,0.75,100,299.47042673666715,Cheryl,isaacus/legal-rag-bench,3a3565bc5429f6cead90548e81f87352b449927e4be1cdd804c28d766bb9c246,e3b869a4e293d081ec5f5b39c2058c8d27b36f611aa9f8275eb1877a7c8b38b0,exploratory previously inspected 100 questions,not_evaluated
3,100,0.08333333333333333,0.25,0.25,0.18166666666666664,0.19916508275000205,short_answer_len96_t0_seed20261006__question_plus_hyde__hybrid_a0.75_d100,short_answer_len96_t0_seed20261006,question_plus_hyde_hybrid,0.75,100,299.47042673666715,Cheryl,isaacus/legal-rag-bench,3a3565bc5429f6cead90548e81f87352b449927e4be1cdd804c28d766bb9c246,e3b869a4e293d081ec5f5b39c2058c8d27b36f611aa9f8275eb1877a7c8b38b0,exploratory previously inspected 100 questions,not_evaluated
5,100,0.068,0.34,0.34,0.20166666666666663,0.23573478543466486,short_answer_len96_t0_seed20261006__question_plus_hyde__hybrid_a0.75_d100,short_answer_len96_t0_seed20261006,question_plus_hyde_hybrid,0.75,100,299.47042673666715,Cheryl,isaacus/legal-rag-bench,3a3565bc5429f6cead90548e81f87352b449927e4be1cdd804c28d766bb9c246,e3b869a4e293d081ec5f5b39c2058c8d27b36f611aa9f8275eb1877a7c8b38b0,exploratory previously inspected 100 questions,not_evaluated
10,100,0.047,0.47,0.47,0.2183769841269841,0.2771440507764186,short_answer_len96_t0_seed20261006__question_plus_hyde__hybrid_a0.75_d100,short_answer_len96_t0_seed20261006,question_plus_hyde_hybrid,0.75,100,299.47042673666715,Cheryl,isaacus/legal-rag-bench,3a3565bc5429f6cead90548e81f87352b449927e4be1cdd804c28d766bb9c246,e3b869a4e293d081ec5f5b39c2058c8d27b36f611aa9f8275eb1877a7c8b38b0,exploratory previously inspected 100 questions,not_evaluated
1,100,0.01,0.01,0.01,0.01,0.01,short_answer_len96_t0_seed20261006__multi_average,short_answer_len96_t0_seed20261006,multi_average,,100,897.4204233199976,Cheryl,isaacus/legal-rag-bench,3a3565bc5429f6cead90548e81f87352b449927e4be1cdd804c28d766bb9c246,e3b869a4e293d081ec5f5b39c2058c8d27b36f611aa9f8275eb1877a7c8b38b0,exploratory previously inspected 100 questions,not_evaluated
3,100,0.01,0.03,0.03,0.018333333333333333,0.021309297535714578,short_answer_len96_t0_seed20261006__multi_average,short_answer_len96_t0_seed20261006,multi_average,,100,897.4204233199976,Cheryl,isaacus/legal-rag-bench,3a3565bc5429f6cead90548e81f87352b449927e4be1cdd804c28d766bb9c246,e3b869a4e293d081ec5f5b39c2058c8d27b36f611aa9f8275eb1877a7c8b38b0,exploratory previously inspected 100 questions,not_evaluated
5,100,0.014000000000000002,0.07,0.07,0.027333333333333334,0.03765988484187327,short_answer_len96_t0_seed20261006__multi_average,short_answer_len96_t0_seed20261006,multi_average,,100,897.4204233199976,Cheryl,isaacus/legal-rag-bench,3a3565bc5429f6cead90548e81f87352b449927e4be1cdd804c28d766bb9c246,e3b869a4e293d081ec5f5b39c2058c8d27b36f611aa9f8275eb1877a7c8b38b0,exploratory previously inspected 100 questions,not_evaluated
10,100,0.011,0.11,0.11,0.03333333333333333,0.05123674871829282,short_answer_len96_t0_seed20261006__multi_average,short_answer_len96_t0_seed20261006,multi_average,,100,897.4204233199976,Cheryl,isaacus/legal-rag-bench,3a3565bc5429f6cead90548e81f87352b449927e4be1cdd804c28d766bb9c246,e3b869a4e293d081ec5f5b39c2058c8d27b36f611aa9f8275eb1877a7c8b38b0,exploratory previously inspected 100 questions,not_evaluated
1,100,0.15,0.15,0.15,0.15,0.15,short_answer_len96_t0_seed20261006__multi_average__hybrid_a0.25_d20,short_answer_len96_t0_seed20261006,multi_average_hybrid,0.25,20,897.6672166799983,Cheryl,isaacus/legal-rag-bench,3a3565bc5429f6cead90548e81f87352b449927e4be1cdd804c28d766bb9c246,e3b869a4e293d081ec5f5b39c2058c8d27b36f611aa9f8275eb1877a7c8b38b0,exploratory previously inspected 100 questions,not_evaluated
3,100,0.09999999999999999,0.3,0.3,0.21333333333333332,0.23547438028571663,short_answer_len96_t0_seed20261006__multi_average__hybrid_a0.25_d20,short_answer_len96_t0_seed20261006,multi_average_hybrid,0.25,20,897.6672166799983,Cheryl,isaacus/legal-rag-bench,3a3565bc5429f6cead90548e81f87352b449927e4be1cdd804c28d766bb9c246,e3b869a4e293d081ec5f5b39c2058c8d27b36f611aa9f8275eb1877a7c8b38b0,exploratory previously inspected 100 questions,not_evaluated
5,100,0.062,0.31,0.31,0.21583333333333332,0.23978114586645055,short_answer_len96_t0_seed20261006__multi_average__hybrid_a0.25_d20,short_answer_len96_t0_seed20261006,multi_average_hybrid,0.25,20,897.6672166799983,Cheryl,isaacus/legal-rag-bench,3a3565bc5429f6cead90548e81f87352b449927e4be1cdd804c28d766bb9c246,e3b869a4e293d081ec5f5b39c2058c8d27b36f611aa9f8275eb1877a7c8b38b0,exploratory previously inspected 100 questions,not_evaluated
10,100,0.038,0.38,0.38,0.22599206349206344,0.2632489228985841,short_answer_len96_t0_seed20261006__multi_average__hybrid_a0.25_d20,short_answer_len96_t0_seed20261006,multi_average_hybrid,0.25,20,897.6672166799983,Cheryl,isaacus/legal-rag-bench,3a3565bc5429f6cead90548e81f87352b449927e4be1cdd804c28d766bb9c246,e3b869a4e293d081ec5f5b39c2058c8d27b36f611aa9f8275eb1877a7c8b38b0,exploratory previously inspected 100 questions,not_evaluated
1,100,0.08,0.08,0.08,0.08,0.08,short_answer_len96_t0_seed20261006__multi_average__hybrid_a0.5_d20,short_answer_len96_t0_seed20261006,multi_average_hybrid,0.5,20,897.6724178699953,Cheryl,isaacus/legal-rag-bench,3a3565bc5429f6cead90548e81f87352b449927e4be1cdd804c28d766bb9c246,e3b869a4e293d081ec5f5b39c2058c8d27b36f611aa9f8275eb1877a7c8b38b0,exploratory previously inspected 100 questions,not_evaluated
3,100,0.08666666666666667,0.26,0.26,0.15666666666666665,0.18309297535714578,short_answer_len96_t0_seed20261006__multi_average__hybrid_a0.5_d20,short_answer_len96_t0_seed20261006,multi_average_hybrid,0.5,20,897.6724178699953,Cheryl,isaacus/legal-rag-bench,3a3565bc5429f6cead90548e81f87352b449927e4be1cdd804c28d766bb9c246,e3b869a4e293d081ec5f5b39c2058c8d27b36f611aa9f8275eb1877a7c8b38b0,exploratory previously inspected 100 questions,not_evaluated
5,100,0.06,0.3,0.3,0.16616666666666663,0.19988180017169296,short_answer_len96_t0_seed20261006__multi_average__hybrid_a0.5_d20,short_answer_len96_t0_seed20261006,multi_average_hybrid,0.5,20,897.6724178699953,Cheryl,isaacus/legal-rag-bench,3a3565bc5429f6cead90548e81f87352b449927e4be1cdd804c28d766bb9c246,e3b869a4e293d081ec5f5b39c2058c8d27b36f611aa9f8275eb1877a7c8b38b0,exploratory previously inspected 100 questions,not_evaluated
10,100,0.036,0.36,0.36,0.1749563492063492,0.22006629784276405,short_answer_len96_t0_seed20261006__multi_average__hybrid_a0.5_d20,short_answer_len96_t0_seed20261006,multi_average_hybrid,0.5,20,897.6724178699953,Cheryl,isaacus/legal-rag-bench,3a3565bc5429f6cead90548e81f87352b449927e4be1cdd804c28d766bb9c246,e3b869a4e293d081ec5f5b39c2058c8d27b36f611aa9f8275eb1877a7c8b38b0,exploratory previously inspected 100 questions,not_evaluated
1,100,0.06,0.06,0.06,0.06,0.06,short_answer_len96_t0_seed20261006__multi_average__hybrid_a0.75_d20,short_answer_len96_t0_seed20261006,multi_average_hybrid,0.75,20,897.6690226599987,Cheryl,isaacus/legal-rag-bench,3a3565bc5429f6cead90548e81f87352b449927e4be1cdd804c28d766bb9c246,e3b869a4e293d081ec5f5b39c2058c8d27b36f611aa9f8275eb1877a7c8b38b0,exploratory previously inspected 100 questions,not_evaluated
3,100,0.03333333333333333,0.1,0.1,0.07666666666666666,0.08261859507142916,short_answer_len96_t0_seed20261006__multi_average__hybrid_a0.75_d20,short_answer_len96_t0_seed20261006,multi_average_hybrid,0.75,20,897.6690226599987,Cheryl,isaacus/legal-rag-bench,3a3565bc5429f6cead90548e81f87352b449927e4be1cdd804c28d766bb9c246,e3b869a4e293d081ec5f5b39c2058c8d27b36f611aa9f8275eb1877a7c8b38b0,exploratory previously inspected 100 questions,not_evaluated
5,100,0.022,0.11,0.11,0.07916666666666666,0.0869253606521631,short_answer_len96_t0_seed20261006__multi_average__hybrid_a0.75_d20,short_answer_len96_t0_seed20261006,multi_average_hybrid,0.75,20,897.6690226599987,Cheryl,isaacus/legal-rag-bench,3a3565bc5429f6cead90548e81f87352b449927e4be1cdd804c28d766bb9c246,e3b869a4e293d081ec5f5b39c2058c8d27b36f611aa9f8275eb1877a7c8b38b0,exploratory previously inspected 100 questions,not_evaluated
10,100,0.013000000000000001,0.13,0.13,0.0825,0.09404950439432351,short_answer_len96_t0_seed20261006__multi_average__hybrid_a0.75_d20,short_answer_len96_t0_seed20261006,multi_average_hybrid,0.75,20,897.6690226599987,Cheryl,isaacus/legal-rag-bench,3a3565bc5429f6cead90548e81f87352b449927e4be1cdd804c28d766bb9c246,e3b869a4e293d081ec5f5b39c2058c8d27b36f611aa9f8275eb1877a7c8b38b0,exploratory previously inspected 100 questions,not_evaluated
1,100,0.15,0.15,0.15,0.15,0.15,short_answer_len96_t0_seed20261006__multi_average__hybrid_a0.25_d100,short_answer_len96_t0_seed20261006,multi_average_hybrid,0.25,100,897.7326463899965,Cheryl,isaacus/legal-rag-bench,3a3565bc5429f6cead90548e81f87352b449927e4be1cdd804c28d766bb9c246,e3b869a4e293d081ec5f5b39c2058c8d27b36f611aa9f8275eb1877a7c8b38b0,exploratory previously inspected 100 questions,not_evaluated
3,100,0.09999999999999999,0.3,0.3,0.21166666666666664,0.23416508275000203,short_answer_len96_t0_seed20261006__multi_average__hybrid_a0.25_d100,short_answer_len96_t0_seed20261006,multi_average_hybrid,0.25,100,897.7326463899965,Cheryl,isaacus/legal-rag-bench,3a3565bc5429f6cead90548e81f87352b449927e4be1cdd804c28d766bb9c246,e3b869a4e293d081ec5f5b39c2058c8d27b36f611aa9f8275eb1877a7c8b38b0,exploratory previously inspected 100 questions,not_evaluated
5,100,0.068,0.34,0.34,0.22166666666666665,0.2513921450729378,short_answer_len96_t0_seed20261006__multi_average__hybrid_a0.25_d100,short_answer_len96_t0_seed20261006,multi_average_hybrid,0.25,100,897.7326463899965,Cheryl,isaacus/legal-rag-bench,3a3565bc5429f6cead90548e81f87352b449927e4be1cdd804c28d766bb9c246,e3b869a4e293d081ec5f5b39c2058c8d27b36f611aa9f8275eb1877a7c8b38b0,exploratory previously inspected 100 questions,not_evaluated
10,100,0.040999999999999995,0.41,0.41,0.2316349206349206,0.2746459755726638,short_answer_len96_t0_seed20261006__multi_average__hybrid_a0.25_d100,short_answer_len96_t0_seed20261006,multi_average_hybrid,0.25,100,897.7326463899965,Cheryl,isaacus/legal-rag-bench,3a3565bc5429f6cead90548e81f87352b449927e4be1cdd804c28d766bb9c246,e3b869a4e293d081ec5f5b39c2058c8d27b36f611aa9f8275eb1877a7c8b38b0,exploratory previously inspected 100 questions,not_evaluated
1,100,0.08,0.08,0.08,0.08,0.08,short_answer_len96_t0_seed20261006__multi_average__hybrid_a0.5_d100,short_answer_len96_t0_seed20261006,multi_average_hybrid,0.5,100,897.753650669996,Cheryl,isaacus/legal-rag-bench,3a3565bc5429f6cead90548e81f87352b449927e4be1cdd804c28d766bb9c246,e3b869a4e293d081ec5f5b39c2058c8d27b36f611aa9f8275eb1877a7c8b38b0,exploratory previously inspected 100 questions,not_evaluated
3,100,0.06999999999999999,0.21,0.21,0.14,0.15809297535714578,short_answer_len96_t0_seed20261006__multi_average__hybrid_a0.5_d100,short_answer_len96_t0_seed20261006,multi_average_hybrid,0.5,100,897.753650669996,Cheryl,isaacus/legal-rag-bench,3a3565bc5429f6cead90548e81f87352b449927e4be1cdd804c28d766bb9c246,e3b869a4e293d081ec5f5b39c2058c8d27b36f611aa9f8275eb1877a7c8b38b0,exploratory previously inspected 100 questions,not_evaluated
5,100,0.052000000000000005,0.26,0.26,0.1515,0.1787503282440384,short_answer_len96_t0_seed20261006__multi_average__hybrid_a0.5_d100,short_answer_len96_t0_seed20261006,multi_average_hybrid,0.5,100,897.753650669996,Cheryl,isaacus/legal-rag-bench,3a3565bc5429f6cead90548e81f87352b449927e4be1cdd804c28d766bb9c246,e3b869a4e293d081ec5f5b39c2058c8d27b36f611aa9f8275eb1877a7c8b38b0,exploratory previously inspected 100 questions,not_evaluated
10,100,0.034999999999999996,0.35,0.35,0.16396825396825396,0.20831345627947898,short_answer_len96_t0_seed20261006__multi_average__hybrid_a0.5_d100,short_answer_len96_t0_seed20261006,multi_average_hybrid,0.5,100,897.753650669996,Cheryl,isaacus/legal-rag-bench,3a3565bc5429f6cead90548e81f87352b449927e4be1cdd804c28d766bb9c246,e3b869a4e293d081ec5f5b39c2058c8d27b36f611aa9f8275eb1877a7c8b38b0,exploratory previously inspected 100 questions,not_evaluated
1,100,0.06,0.06,0.06,0.06,0.06,short_answer_len96_t0_seed20261006__multi_average__hybrid_a0.75_d100,short_answer_len96_t0_seed20261006,multi_average_hybrid,0.75,100,897.7410806099977,Cheryl,isaacus/legal-rag-bench,3a3565bc5429f6cead90548e81f87352b449927e4be1cdd804c28d766bb9c246,e3b869a4e293d081ec5f5b39c2058c8d27b36f611aa9f8275eb1877a7c8b38b0,exploratory previously inspected 100 questions,not_evaluated
3,100,0.03666666666666667,0.11,0.11,0.08,0.08761859507142916,short_answer_len96_t0_seed20261006__multi_average__hybrid_a0.75_d100,short_answer_len96_t0_seed20261006,multi_average_hybrid,0.75,100,897.7410806099977,Cheryl,isaacus/legal-rag-bench,3a3565bc5429f6cead90548e81f87352b449927e4be1cdd804c28d766bb9c246,e3b869a4e293d081ec5f5b39c2058c8d27b36f611aa9f8275eb1877a7c8b38b0,exploratory previously inspected 100 questions,not_evaluated
5,100,0.022,0.11,0.11,0.08,0.08761859507142916,short_answer_len96_t0_seed20261006__multi_average__hybrid_a0.75_d100,short_answer_len96_t0_seed20261006,multi_average_hybrid,0.75,100,897.7410806099977,Cheryl,isaacus/legal-rag-bench,3a3565bc5429f6cead90548e81f87352b449927e4be1cdd804c28d766bb9c246,e3b869a4e293d081ec5f5b39c2058c8d27b36f611aa9f8275eb1877a7c8b38b0,exploratory previously inspected 100 questions,not_evaluated
10,100,0.018,0.18,0.18,0.09125,0.11214567506576778,short_answer_len96_t0_seed20261006__multi_average__hybrid_a0.75_d100,short_answer_len96_t0_seed20261006,multi_average_hybrid,0.75,100,897.7410806099977,Cheryl,isaacus/legal-rag-bench,3a3565bc5429f6cead90548e81f87352b449927e4be1cdd804c28d766bb9c246,e3b869a4e293d081ec5f5b39c2058c8d27b36f611aa9f8275eb1877a7c8b38b0,exploratory previously inspected 100 questions,not_evaluated
1,100,0.02,0.02,0.02,0.02,0.02,short_answer_len96_t0_seed20261006__multi_rrf,short_answer_len96_t0_seed20261006,multi_rrf,,100,897.4204233199976,Cheryl,isaacus/legal-rag-bench,3a3565bc5429f6cead90548e81f87352b449927e4be1cdd804c28d766bb9c246,e3b869a4e293d081ec5f5b39c2058c8d27b36f611aa9f8275eb1877a7c8b38b0,exploratory previously inspected 100 questions,not_evaluated
3,100,0.016666666666666666,0.05,0.05,0.03166666666666666,0.036309297535714574,short_answer_len96_t0_seed20261006__multi_rrf,short_answer_len96_t0_seed20261006,multi_rrf,,100,897.4204233199976,Cheryl,isaacus/legal-rag-bench,3a3565bc5429f6cead90548e81f87352b449927e4be1cdd804c28d766bb9c246,e3b869a4e293d081ec5f5b39c2058c8d27b36f611aa9f8275eb1877a7c8b38b0,exploratory previously inspected 100 questions,not_evaluated
5,100,0.014000000000000002,0.07,0.07,0.035666666666666666,0.04404635368040541,short_answer_len96_t0_seed20261006__multi_rrf,short_answer_len96_t0_seed20261006,multi_rrf,,100,897.4204233199976,Cheryl,isaacus/legal-rag-bench,3a3565bc5429f6cead90548e81f87352b449927e4be1cdd804c28d766bb9c246,e3b869a4e293d081ec5f5b39c2058c8d27b36f611aa9f8275eb1877a7c8b38b0,exploratory previously inspected 100 questions,not_evaluated
10,100,0.01,0.1,0.1,0.040428571428571425,0.05450383075589919,short_answer_len96_t0_seed20261006__multi_rrf,short_answer_len96_t0_seed20261006,multi_rrf,,100,897.4204233199976,Cheryl,isaacus/legal-rag-bench,3a3565bc5429f6cead90548e81f87352b449927e4be1cdd804c28d766bb9c246,e3b869a4e293d081ec5f5b39c2058c8d27b36f611aa9f8275eb1877a7c8b38b0,exploratory previously inspected 100 questions,not_evaluated
1,100,0.16,0.16,0.16,0.16,0.16,short_answer_len96_t0_seed20261006__multi_rrf__hybrid_a0.25_d20,short_answer_len96_t0_seed20261006,multi_rrf_hybrid,0.25,20,897.6716378799949,Cheryl,isaacus/legal-rag-bench,3a3565bc5429f6cead90548e81f87352b449927e4be1cdd804c28d766bb9c246,e3b869a4e293d081ec5f5b39c2058c8d27b36f611aa9f8275eb1877a7c8b38b0,exploratory previously inspected 100 questions,not_evaluated
3,100,0.09666666666666666,0.29,0.29,0.21833333333333332,0.2367836778214312,short_answer_len96_t0_seed20261006__multi_rrf__hybrid_a0.25_d20,short_answer_len96_t0_seed20261006,multi_rrf_hybrid,0.25,20,897.6716378799949,Cheryl,isaacus/legal-rag-bench,3a3565bc5429f6cead90548e81f87352b449927e4be1cdd804c28d766bb9c246,e3b869a4e293d081ec5f5b39c2058c8d27b36f611aa9f8275eb1877a7c8b38b0,exploratory previously inspected 100 questions,not_evaluated
5,100,0.062,0.31,0.31,0.22333333333333333,0.24539720898289905,short_answer_len96_t0_seed20261006__multi_rrf__hybrid_a0.25_d20,short_answer_len96_t0_seed20261006,multi_rrf_hybrid,0.25,20,897.6716378799949,Cheryl,isaacus/legal-rag-bench,3a3565bc5429f6cead90548e81f87352b449927e4be1cdd804c28d766bb9c246,e3b869a4e293d081ec5f5b39c2058c8d27b36f611aa9f8275eb1877a7c8b38b0,exploratory previously inspected 100 questions,not_evaluated
10,100,0.038,0.38,0.38,0.2332539682539682,0.2686362474772857,short_answer_len96_t0_seed20261006__multi_rrf__hybrid_a0.25_d20,short_answer_len96_t0_seed20261006,multi_rrf_hybrid,0.25,20,897.6716378799949,Cheryl,isaacus/legal-rag-bench,3a3565bc5429f6cead90548e81f87352b449927e4be1cdd804c28d766bb9c246,e3b869a4e293d081ec5f5b39c2058c8d27b36f611aa9f8275eb1877a7c8b38b0,exploratory previously inspected 100 questions,not_evaluated
1,100,0.13,0.13,0.13,0.13,0.13,short_answer_len96_t0_seed20261006__multi_rrf__hybrid_a0.5_d20,short_answer_len96_t0_seed20261006,multi_rrf_hybrid,0.5,20,897.6701220999973,Cheryl,isaacus/legal-rag-bench,3a3565bc5429f6cead90548e81f87352b449927e4be1cdd804c28d766bb9c246,e3b869a4e293d081ec5f5b39c2058c8d27b36f611aa9f8275eb1877a7c8b38b0,exploratory previously inspected 100 questions,not_evaluated
3,100,0.09000000000000001,0.27,0.27,0.18833333333333335,0.20916508275000203,short_answer_len96_t0_seed20261006__multi_rrf__hybrid_a0.5_d20,short_answer_len96_t0_seed20261006,multi_rrf_hybrid,0.5,20,897.6701220999973,Cheryl,isaacus/legal-rag-bench,3a3565bc5429f6cead90548e81f87352b449927e4be1cdd804c28d766bb9c246,e3b869a4e293d081ec5f5b39c2058c8d27b36f611aa9f8275eb1877a7c8b38b0,exploratory previously inspected 100 questions,not_evaluated
5,100,0.064,0.32,0.32,0.19933333333333333,0.22938419812850616,short_answer_len96_t0_seed20261006__multi_rrf__hybrid_a0.5_d20,short_answer_len96_t0_seed20261006,multi_rrf_hybrid,0.5,20,897.6701220999973,Cheryl,isaacus/legal-rag-bench,3a3565bc5429f6cead90548e81f87352b449927e4be1cdd804c28d766bb9c246,e3b869a4e293d081ec5f5b39c2058c8d27b36f611aa9f8275eb1877a7c8b38b0,exploratory previously inspected 100 questions,not_evaluated
10,100,0.034999999999999996,0.35,0.35,0.20336111111111113,0.23911121872408347,short_answer_len96_t0_seed20261006__multi_rrf__hybrid_a0.5_d20,short_answer_len96_t0_seed20261006,multi_rrf_hybrid,0.5,20,897.6701220999973,Cheryl,isaacus/legal-rag-bench,3a3565bc5429f6cead90548e81f87352b449927e4be1cdd804c28d766bb9c246,e3b869a4e293d081ec5f5b39c2058c8d27b36f611aa9f8275eb1877a7c8b38b0,exploratory previously inspected 100 questions,not_evaluated
1,100,0.06,0.06,0.06,0.06,0.06,short_answer_len96_t0_seed20261006__multi_rrf__hybrid_a0.75_d20,short_answer_len96_t0_seed20261006,multi_rrf_hybrid,0.75,20,897.6733915699981,Cheryl,isaacus/legal-rag-bench,3a3565bc5429f6cead90548e81f87352b449927e4be1cdd804c28d766bb9c246,e3b869a4e293d081ec5f5b39c2058c8d27b36f611aa9f8275eb1877a7c8b38b0,exploratory previously inspected 100 questions,not_evaluated
3,100,0.02666666666666667,0.08,0.08,0.06833333333333333,0.07130929753571458,short_answer_len96_t0_seed20261006__multi_rrf__hybrid_a0.75_d20,short_answer_len96_t0_seed20261006,multi_rrf_hybrid,0.75,20,897.6733915699981,Cheryl,isaacus/legal-rag-bench,3a3565bc5429f6cead90548e81f87352b449927e4be1cdd804c28d766bb9c246,e3b869a4e293d081ec5f5b39c2058c8d27b36f611aa9f8275eb1877a7c8b38b0,exploratory previously inspected 100 questions,not_evaluated
5,100,0.02,0.1,0.1,0.07283333333333333,0.07948459118879392,short_answer_len96_t0_seed20261006__multi_rrf__hybrid_a0.75_d20,short_answer_len96_t0_seed20261006,multi_rrf_hybrid,0.75,20,897.6733915699981,Cheryl,isaacus/legal-rag-bench,3a3565bc5429f6cead90548e81f87352b449927e4be1cdd804c28d766bb9c246,e3b869a4e293d081ec5f5b39c2058c8d27b36f611aa9f8275eb1877a7c8b38b0,exploratory previously inspected 100 questions,not_evaluated
10,100,0.011,0.11,0.11,0.07426190476190475,0.08281792452212726,short_answer_len96_t0_seed20261006__multi_rrf__hybrid_a0.75_d20,short_answer_len96_t0_seed20261006,multi_rrf_hybrid,0.75,20,897.6733915699981,Cheryl,isaacus/legal-rag-bench,3a3565bc5429f6cead90548e81f87352b449927e4be1cdd804c28d766bb9c246,e3b869a4e293d081ec5f5b39c2058c8d27b36f611aa9f8275eb1877a7c8b38b0,exploratory previously inspected 100 questions,not_evaluated
1,100,0.14,0.14,0.14,0.14,0.14,short_answer_len96_t0_seed20261006__multi_rrf__hybrid_a0.25_d100,short_answer_len96_t0_seed20261006,multi_rrf_hybrid,0.25,100,897.7564065699983,Cheryl,isaacus/legal-rag-bench,3a3565bc5429f6cead90548e81f87352b449927e4be1cdd804c28d766bb9c246,e3b869a4e293d081ec5f5b39c2058c8d27b36f611aa9f8275eb1877a7c8b38b0,exploratory previously inspected 100 questions,not_evaluated
3,100,0.09999999999999999,0.3,0.3,0.20499999999999996,0.22916508275000205,short_answer_len96_t0_seed20261006__multi_rrf__hybrid_a0.25_d100,short_answer_len96_t0_seed20261006,multi_rrf_hybrid,0.25,100,897.7564065699983,Cheryl,isaacus/legal-rag-bench,3a3565bc5429f6cead90548e81f87352b449927e4be1cdd804c28d766bb9c246,e3b869a4e293d081ec5f5b39c2058c8d27b36f611aa9f8275eb1877a7c8b38b0,exploratory previously inspected 100 questions,not_evaluated
5,100,0.076,0.38,0.38,0.22399999999999998,0.26274273237909646,short_answer_len96_t0_seed20261006__multi_rrf__hybrid_a0.25_d100,short_answer_len96_t0_seed20261006,multi_rrf_hybrid,0.25,100,897.7564065699983,Cheryl,isaacus/legal-rag-bench,3a3565bc5429f6cead90548e81f87352b449927e4be1cdd804c28d766bb9c246,e3b869a4e293d081ec5f5b39c2058c8d27b36f611aa9f8275eb1877a7c8b38b0,exploratory previously inspected 100 questions,not_evaluated
10,100,0.041999999999999996,0.42,0.42,0.22995238095238096,0.27630480425017667,short_answer_len96_t0_seed20261006__multi_rrf__hybrid_a0.25_d100,short_answer_len96_t0_seed20261006,multi_rrf_hybrid,0.25,100,897.7564065699983,Cheryl,isaacus/legal-rag-bench,3a3565bc5429f6cead90548e81f87352b449927e4be1cdd804c28d766bb9c246,e3b869a4e293d081ec5f5b39c2058c8d27b36f611aa9f8275eb1877a7c8b38b0,exploratory previously inspected 100 questions,not_evaluated
1,100,0.11,0.11,0.11,0.11,0.11,short_answer_len96_t0_seed20261006__multi_rrf__hybrid_a0.5_d100,short_answer_len96_t0_seed20261006,multi_rrf_hybrid,0.5,100,897.7497527999969,Cheryl,isaacus/legal-rag-bench,3a3565bc5429f6cead90548e81f87352b449927e4be1cdd804c28d766bb9c246,e3b869a4e293d081ec5f5b39c2058c8d27b36f611aa9f8275eb1877a7c8b38b0,exploratory previously inspected 100 questions,not_evaluated
3,100,0.07666666666666667,0.23,0.23,0.16333333333333333,0.1804743802857166,short_answer_len96_t0_seed20261006__multi_rrf__hybrid_a0.5_d100,short_answer_len96_t0_seed20261006,multi_rrf_hybrid,0.5,100,897.7497527999969,Cheryl,isaacus/legal-rag-bench,3a3565bc5429f6cead90548e81f87352b449927e4be1cdd804c28d766bb9c246,e3b869a4e293d081ec5f5b39c2058c8d27b36f611aa9f8275eb1877a7c8b38b0,exploratory previously inspected 100 questions,not_evaluated
5,100,0.054000000000000006,0.27,0.27,0.17183333333333334,0.19638673008348678,short_answer_len96_t0_seed20261006__multi_rrf__hybrid_a0.5_d100,short_answer_len96_t0_seed20261006,multi_rrf_hybrid,0.5,100,897.7497527999969,Cheryl,isaacus/legal-rag-bench,3a3565bc5429f6cead90548e81f87352b449927e4be1cdd804c28d766bb9c246,e3b869a4e293d081ec5f5b39c2058c8d27b36f611aa9f8275eb1877a7c8b38b0,exploratory previously inspected 100 questions,not_evaluated
10,100,0.037,0.37,0.37,0.18516269841269842,0.2286961575708888,short_answer_len96_t0_seed20261006__multi_rrf__hybrid_a0.5_d100,short_answer_len96_t0_seed20261006,multi_rrf_hybrid,0.5,100,897.7497527999969,Cheryl,isaacus/legal-rag-bench,3a3565bc5429f6cead90548e81f87352b449927e4be1cdd804c28d766bb9c246,e3b869a4e293d081ec5f5b39c2058c8d27b36f611aa9f8275eb1877a7c8b38b0,exploratory previously inspected 100 questions,not_evaluated
1,100,0.09,0.09,0.09,0.09,0.09,short_answer_len96_t0_seed20261006__multi_rrf__hybrid_a0.75_d100,short_answer_len96_t0_seed20261006,multi_rrf_hybrid,0.75,100,897.7419362699959,Cheryl,isaacus/legal-rag-bench,3a3565bc5429f6cead90548e81f87352b449927e4be1cdd804c28d766bb9c246,e3b869a4e293d081ec5f5b39c2058c8d27b36f611aa9f8275eb1877a7c8b38b0,exploratory previously inspected 100 questions,not_evaluated
3,100,0.03333333333333333,0.1,0.1,0.09333333333333332,0.095,short_answer_len96_t0_seed20261006__multi_rrf__hybrid_a0.75_d100,short_answer_len96_t0_seed20261006,multi_rrf_hybrid,0.75,100,897.7419362699959,Cheryl,isaacus/legal-rag-bench,3a3565bc5429f6cead90548e81f87352b449927e4be1cdd804c28d766bb9c246,e3b869a4e293d081ec5f5b39c2058c8d27b36f611aa9f8275eb1877a7c8b38b0,exploratory previously inspected 100 questions,not_evaluated
5,100,0.024,0.12,0.12,0.09783333333333333,0.10317529365307934,short_answer_len96_t0_seed20261006__multi_rrf__hybrid_a0.75_d100,short_answer_len96_t0_seed20261006,multi_rrf_hybrid,0.75,100,897.7419362699959,Cheryl,isaacus/legal-rag-bench,3a3565bc5429f6cead90548e81f87352b449927e4be1cdd804c28d766bb9c246,e3b869a4e293d081ec5f5b39c2058c8d27b36f611aa9f8275eb1877a7c8b38b0,exploratory previously inspected 100 questions,not_evaluated
10,100,0.015,0.15,0.15,0.10203968253968254,0.1130809988141327,short_answer_len96_t0_seed20261006__multi_rrf__hybrid_a0.75_d100,short_answer_len96_t0_seed20261006,multi_rrf_hybrid,0.75,100,897.7419362699959,Cheryl,isaacus/legal-rag-bench,3a3565bc5429f6cead90548e81f87352b449927e4be1cdd804c28d766bb9c246,e3b869a4e293d081ec5f5b39c2058c8d27b36f611aa9f8275eb1877a7c8b38b0,exploratory previously inspected 100 questions,not_evaluated
1,100,0.03,0.03,0.03,0.03,0.03,short_answer_len96_t0.7_seed20261006__hyde_single,short_answer_len96_t0.7_seed20261006,hyde_single,,100,476.29997528999934,Cheryl,isaacus/legal-rag-bench,3a3565bc5429f6cead90548e81f87352b449927e4be1cdd804c28d766bb9c246,e3b869a4e293d081ec5f5b39c2058c8d27b36f611aa9f8275eb1877a7c8b38b0,exploratory previously inspected 100 questions,not_evaluated
3,100,0.01,0.03,0.03,0.03,0.03,short_answer_len96_t0.7_seed20261006__hyde_single,short_answer_len96_t0.7_seed20261006,hyde_single,,100,476.29997528999934,Cheryl,isaacus/legal-rag-bench,3a3565bc5429f6cead90548e81f87352b449927e4be1cdd804c28d766bb9c246,e3b869a4e293d081ec5f5b39c2058c8d27b36f611aa9f8275eb1877a7c8b38b0,exploratory previously inspected 100 questions,not_evaluated
5,100,0.012,0.06,0.06,0.0365,0.042043821725424764,short_answer_len96_t0.7_seed20261006__hyde_single,short_answer_len96_t0.7_seed20261006,hyde_single,,100,476.29997528999934,Cheryl,isaacus/legal-rag-bench,3a3565bc5429f6cead90548e81f87352b449927e4be1cdd804c28d766bb9c246,e3b869a4e293d081ec5f5b39c2058c8d27b36f611aa9f8275eb1877a7c8b38b0,exploratory previously inspected 100 questions,not_evaluated
10,100,0.007000000000000001,0.07,0.07,0.03816666666666666,0.04560589359650498,short_answer_len96_t0.7_seed20261006__hyde_single,short_answer_len96_t0.7_seed20261006,hyde_single,,100,476.29997528999934,Cheryl,isaacus/legal-rag-bench,3a3565bc5429f6cead90548e81f87352b449927e4be1cdd804c28d766bb9c246,e3b869a4e293d081ec5f5b39c2058c8d27b36f611aa9f8275eb1877a7c8b38b0,exploratory previously inspected 100 questions,not_evaluated
1,100,0.15,0.15,0.15,0.15,0.15,short_answer_len96_t0.7_seed20261006__hyde_single__hybrid_a0.25_d20,short_answer_len96_t0.7_seed20261006,hyde_single_hybrid,0.25,20,476.5980973199994,Cheryl,isaacus/legal-rag-bench,3a3565bc5429f6cead90548e81f87352b449927e4be1cdd804c28d766bb9c246,e3b869a4e293d081ec5f5b39c2058c8d27b36f611aa9f8275eb1877a7c8b38b0,exploratory previously inspected 100 questions,not_evaluated
3,100,0.11333333333333334,0.34,0.34,0.2366666666666667,0.2633301655000041,short_answer_len96_t0.7_seed20261006__hyde_single__hybrid_a0.25_d20,short_answer_len96_t0.7_seed20261006,hyde_single_hybrid,0.25,20,476.5980973199994,Cheryl,isaacus/legal-rag-bench,3a3565bc5429f6cead90548e81f87352b449927e4be1cdd804c28d766bb9c246,e3b869a4e293d081ec5f5b39c2058c8d27b36f611aa9f8275eb1877a7c8b38b0,exploratory previously inspected 100 questions,not_evaluated
5,100,0.06999999999999999,0.35,0.35,0.23866666666666667,0.2671986935723495,short_answer_len96_t0.7_seed20261006__hyde_single__hybrid_a0.25_d20,short_answer_len96_t0.7_seed20261006,hyde_single_hybrid,0.25,20,476.5980973199994,Cheryl,isaacus/legal-rag-bench,3a3565bc5429f6cead90548e81f87352b449927e4be1cdd804c28d766bb9c246,e3b869a4e293d081ec5f5b39c2058c8d27b36f611aa9f8275eb1877a7c8b38b0,exploratory previously inspected 100 questions,not_evaluated
10,100,0.039,0.39,0.39,0.24406349206349204,0.2802089935289893,short_answer_len96_t0.7_seed20261006__hyde_single__hybrid_a0.25_d20,short_answer_len96_t0.7_seed20261006,hyde_single_hybrid,0.25,20,476.5980973199994,Cheryl,isaacus/legal-rag-bench,3a3565bc5429f6cead90548e81f87352b449927e4be1cdd804c28d766bb9c246,e3b869a4e293d081ec5f5b39c2058c8d27b36f611aa9f8275eb1877a7c8b38b0,exploratory previously inspected 100 questions,not_evaluated
1,100,0.13,0.13,0.13,0.13,0.13,short_answer_len96_t0.7_seed20261006__hyde_single__hybrid_a0.5_d20,short_answer_len96_t0.7_seed20261006,hyde_single_hybrid,0.5,20,476.57306202999916,Cheryl,isaacus/legal-rag-bench,3a3565bc5429f6cead90548e81f87352b449927e4be1cdd804c28d766bb9c246,e3b869a4e293d081ec5f5b39c2058c8d27b36f611aa9f8275eb1877a7c8b38b0,exploratory previously inspected 100 questions,not_evaluated
3,100,0.09999999999999999,0.3,0.3,0.2,0.22547438028571662,short_answer_len96_t0.7_seed20261006__hyde_single__hybrid_a0.5_d20,short_answer_len96_t0.7_seed20261006,hyde_single_hybrid,0.5,20,476.57306202999916,Cheryl,isaacus/legal-rag-bench,3a3565bc5429f6cead90548e81f87352b449927e4be1cdd804c28d766bb9c246,e3b869a4e293d081ec5f5b39c2058c8d27b36f611aa9f8275eb1877a7c8b38b0,exploratory previously inspected 100 questions,not_evaluated
5,100,0.068,0.34,0.34,0.209,0.2418249675918753,short_answer_len96_t0.7_seed20261006__hyde_single__hybrid_a0.5_d20,short_answer_len96_t0.7_seed20261006,hyde_single_hybrid,0.5,20,476.57306202999916,Cheryl,isaacus/legal-rag-bench,3a3565bc5429f6cead90548e81f87352b449927e4be1cdd804c28d766bb9c246,e3b869a4e293d081ec5f5b39c2058c8d27b36f611aa9f8275eb1877a7c8b38b0,exploratory previously inspected 100 questions,not_evaluated
10,100,0.037,0.37,0.37,0.21266666666666667,0.2511683359893133,short_answer_len96_t0.7_seed20261006__hyde_single__hybrid_a0.5_d20,short_answer_len96_t0.7_seed20261006,hyde_single_hybrid,0.5,20,476.57306202999916,Cheryl,isaacus/legal-rag-bench,3a3565bc5429f6cead90548e81f87352b449927e4be1cdd804c28d766bb9c246,e3b869a4e293d081ec5f5b39c2058c8d27b36f611aa9f8275eb1877a7c8b38b0,exploratory previously inspected 100 questions,not_evaluated
1,100,0.04,0.04,0.04,0.04,0.04,short_answer_len96_t0.7_seed20261006__hyde_single__hybrid_a0.75_d20,short_answer_len96_t0.7_seed20261006,hyde_single_hybrid,0.75,20,476.54886951999924,Cheryl,isaacus/legal-rag-bench,3a3565bc5429f6cead90548e81f87352b449927e4be1cdd804c28d766bb9c246,e3b869a4e293d081ec5f5b39c2058c8d27b36f611aa9f8275eb1877a7c8b38b0,exploratory previously inspected 100 questions,not_evaluated
3,100,0.03,0.09,0.09,0.06,0.06761859507142916,short_answer_len96_t0.7_seed20261006__hyde_single__hybrid_a0.75_d20,short_answer_len96_t0.7_seed20261006,hyde_single_hybrid,0.75,20,476.54886951999924,Cheryl,isaacus/legal-rag-bench,3a3565bc5429f6cead90548e81f87352b449927e4be1cdd804c28d766bb9c246,e3b869a4e293d081ec5f5b39c2058c8d27b36f611aa9f8275eb1877a7c8b38b0,exploratory previously inspected 100 questions,not_evaluated
5,100,0.018,0.09,0.09,0.06,0.06761859507142916,short_answer_len96_t0.7_seed20261006__hyde_single__hybrid_a0.75_d20,short_answer_len96_t0.7_seed20261006,hyde_single_hybrid,0.75,20,476.54886951999924,Cheryl,isaacus/legal-rag-bench,3a3565bc5429f6cead90548e81f87352b449927e4be1cdd804c28d766bb9c246,e3b869a4e293d081ec5f5b39c2058c8d27b36f611aa9f8275eb1877a7c8b38b0,exploratory previously inspected 100 questions,not_evaluated
10,100,0.01,0.1,0.1,0.06142857142857142,0.07095192840476248,short_answer_len96_t0.7_seed20261006__hyde_single__hybrid_a0.75_d20,short_answer_len96_t0.7_seed20261006,hyde_single_hybrid,0.75,20,476.54886951999924,Cheryl,isaacus/legal-rag-bench,3a3565bc5429f6cead90548e81f87352b449927e4be1cdd804c28d766bb9c246,e3b869a4e293d081ec5f5b39c2058c8d27b36f611aa9f8275eb1877a7c8b38b0,exploratory previously inspected 100 questions,not_evaluated
1,100,0.14,0.14,0.14,0.14,0.14,short_answer_len96_t0.7_seed20261006__hyde_single__hybrid_a0.25_d100,short_answer_len96_t0.7_seed20261006,hyde_single_hybrid,0.25,100,476.64024247,Cheryl,isaacus/legal-rag-bench,3a3565bc5429f6cead90548e81f87352b449927e4be1cdd804c28d766bb9c246,e3b869a4e293d081ec5f5b39c2058c8d27b36f611aa9f8275eb1877a7c8b38b0,exploratory previously inspected 100 questions,not_evaluated
3,100,0.10333333333333333,0.31,0.31,0.21333333333333332,0.23809297535714577,short_answer_len96_t0.7_seed20261006__hyde_single__hybrid_a0.25_d100,short_answer_len96_t0.7_seed20261006,hyde_single_hybrid,0.25,100,476.64024247,Cheryl,isaacus/legal-rag-bench,3a3565bc5429f6cead90548e81f87352b449927e4be1cdd804c28d766bb9c246,e3b869a4e293d081ec5f5b39c2058c8d27b36f611aa9f8275eb1877a7c8b38b0,exploratory previously inspected 100 questions,not_evaluated
5,100,0.068,0.34,0.34,0.22033333333333333,0.25057503459095903,short_answer_len96_t0.7_seed20261006__hyde_single__hybrid_a0.25_d100,short_answer_len96_t0.7_seed20261006,hyde_single_hybrid,0.25,100,476.64024247,Cheryl,isaacus/legal-rag-bench,3a3565bc5429f6cead90548e81f87352b449927e4be1cdd804c28d766bb9c246,e3b869a4e293d081ec5f5b39c2058c8d27b36f611aa9f8275eb1877a7c8b38b0,exploratory previously inspected 100 questions,not_evaluated
10,100,0.039,0.39,0.39,0.2270952380952381,0.2668138081928106,short_answer_len96_t0.7_seed20261006__hyde_single__hybrid_a0.25_d100,short_answer_len96_t0.7_seed20261006,hyde_single_hybrid,0.25,100,476.64024247,Cheryl,isaacus/legal-rag-bench,3a3565bc5429f6cead90548e81f87352b449927e4be1cdd804c28d766bb9c246,e3b869a4e293d081ec5f5b39c2058c8d27b36f611aa9f8275eb1877a7c8b38b0,exploratory previously inspected 100 questions,not_evaluated
1,100,0.1,0.1,0.1,0.1,0.1,short_answer_len96_t0.7_seed20261006__hyde_single__hybrid_a0.5_d100,short_answer_len96_t0.7_seed20261006,hyde_single_hybrid,0.5,100,476.77745946999903,Cheryl,isaacus/legal-rag-bench,3a3565bc5429f6cead90548e81f87352b449927e4be1cdd804c28d766bb9c246,e3b869a4e293d081ec5f5b39c2058c8d27b36f611aa9f8275eb1877a7c8b38b0,exploratory previously inspected 100 questions,not_evaluated
3,100,0.09000000000000001,0.27,0.27,0.16833333333333333,0.19416508275000205,short_answer_len96_t0.7_seed20261006__hyde_single__hybrid_a0.5_d100,short_answer_len96_t0.7_seed20261006,hyde_single_hybrid,0.5,100,476.77745946999903,Cheryl,isaacus/legal-rag-bench,3a3565bc5429f6cead90548e81f87352b449927e4be1cdd804c28d766bb9c246,e3b869a4e293d081ec5f5b39c2058c8d27b36f611aa9f8275eb1877a7c8b38b0,exploratory previously inspected 100 questions,not_evaluated
5,100,0.062,0.31,0.31,0.17783333333333332,0.21095390756454926,short_answer_len96_t0.7_seed20261006__hyde_single__hybrid_a0.5_d100,short_answer_len96_t0.7_seed20261006,hyde_single_hybrid,0.5,100,476.77745946999903,Cheryl,isaacus/legal-rag-bench,3a3565bc5429f6cead90548e81f87352b449927e4be1cdd804c28d766bb9c246,e3b869a4e293d081ec5f5b39c2058c8d27b36f611aa9f8275eb1877a7c8b38b0,exploratory previously inspected 100 questions,not_evaluated
10,100,0.037,0.37,0.37,0.18581746031746033,0.23032263281650153,short_answer_len96_t0.7_seed20261006__hyde_single__hybrid_a0.5_d100,short_answer_len96_t0.7_seed20261006,hyde_single_hybrid,0.5,100,476.77745946999903,Cheryl,isaacus/legal-rag-bench,3a3565bc5429f6cead90548e81f87352b449927e4be1cdd804c28d766bb9c246,e3b869a4e293d081ec5f5b39c2058c8d27b36f611aa9f8275eb1877a7c8b38b0,exploratory previously inspected 100 questions,not_evaluated
1,100,0.03,0.03,0.03,0.03,0.03,short_answer_len96_t0.7_seed20261006__hyde_single__hybrid_a0.75_d100,short_answer_len96_t0.7_seed20261006,hyde_single_hybrid,0.75,100,476.6515281999996,Cheryl,isaacus/legal-rag-bench,3a3565bc5429f6cead90548e81f87352b449927e4be1cdd804c28d766bb9c246,e3b869a4e293d081ec5f5b39c2058c8d27b36f611aa9f8275eb1877a7c8b38b0,exploratory previously inspected 100 questions,not_evaluated
3,100,0.02666666666666667,0.08,0.08,0.05,0.057618595071429156,short_answer_len96_t0.7_seed20261006__hyde_single__hybrid_a0.75_d100,short_answer_len96_t0.7_seed20261006,hyde_single_hybrid,0.75,100,476.6515281999996,Cheryl,isaacus/legal-rag-bench,3a3565bc5429f6cead90548e81f87352b449927e4be1cdd804c28d766bb9c246,e3b869a4e293d081ec5f5b39c2058c8d27b36f611aa9f8275eb1877a7c8b38b0,exploratory previously inspected 100 questions,not_evaluated
5,100,0.018,0.09,0.09,0.0525,0.061925360652163086,short_answer_len96_t0.7_seed20261006__hyde_single__hybrid_a0.75_d100,short_answer_len96_t0.7_seed20261006,hyde_single_hybrid,0.75,100,476.6515281999996,Cheryl,isaacus/legal-rag-bench,3a3565bc5429f6cead90548e81f87352b449927e4be1cdd804c28d766bb9c246,e3b869a4e293d081ec5f5b39c2058c8d27b36f611aa9f8275eb1877a7c8b38b0,exploratory previously inspected 100 questions,not_evaluated
10,100,0.011,0.11,0.11,0.05541666666666666,0.0686420812911006,short_answer_len96_t0.7_seed20261006__hyde_single__hybrid_a0.75_d100,short_answer_len96_t0.7_seed20261006,hyde_single_hybrid,0.75,100,476.6515281999996,Cheryl,isaacus/legal-rag-bench,3a3565bc5429f6cead90548e81f87352b449927e4be1cdd804c28d766bb9c246,e3b869a4e293d081ec5f5b39c2058c8d27b36f611aa9f8275eb1877a7c8b38b0,exploratory previously inspected 100 questions,not_evaluated
1,100,0.08,0.08,0.08,0.08,0.08,short_answer_len96_t0.7_seed20261006__question_plus_hyde,short_answer_len96_t0.7_seed20261006,question_plus_hyde,,100,476.29997528999934,Cheryl,isaacus/legal-rag-bench,3a3565bc5429f6cead90548e81f87352b449927e4be1cdd804c28d766bb9c246,e3b869a4e293d081ec5f5b39c2058c8d27b36f611aa9f8275eb1877a7c8b38b0,exploratory previously inspected 100 questions,not_evaluated
3,100,0.06666666666666667,0.2,0.2,0.135,0.1517836778214312,short_answer_len96_t0.7_seed20261006__question_plus_hyde,short_answer_len96_t0.7_seed20261006,question_plus_hyde,,100,476.29997528999934,Cheryl,isaacus/legal-rag-bench,3a3565bc5429f6cead90548e81f87352b449927e4be1cdd804c28d766bb9c246,e3b869a4e293d081ec5f5b39c2058c8d27b36f611aa9f8275eb1877a7c8b38b0,exploratory previously inspected 100 questions,not_evaluated
5,100,0.057999999999999996,0.29,0.29,0.1565,0.18966809303125956,short_answer_len96_t0.7_seed20261006__question_plus_hyde,short_answer_len96_t0.7_seed20261006,question_plus_hyde,,100,476.29997528999934,Cheryl,isaacus/legal-rag-bench,3a3565bc5429f6cead90548e81f87352b449927e4be1cdd804c28d766bb9c246,e3b869a4e293d081ec5f5b39c2058c8d27b36f611aa9f8275eb1877a7c8b38b0,exploratory previously inspected 100 questions,not_evaluated
10,100,0.038,0.38,0.38,0.1691190476190476,0.21941083184484914,short_answer_len96_t0.7_seed20261006__question_plus_hyde,short_answer_len96_t0.7_seed20261006,question_plus_hyde,,100,476.29997528999934,Cheryl,isaacus/legal-rag-bench,3a3565bc5429f6cead90548e81f87352b449927e4be1cdd804c28d766bb9c246,e3b869a4e293d081ec5f5b39c2058c8d27b36f611aa9f8275eb1877a7c8b38b0,exploratory previously inspected 100 questions,not_evaluated
1,100,0.16,0.16,0.16,0.16,0.16,short_answer_len96_t0.7_seed20261006__question_plus_hyde__hybrid_a0.25_d20,short_answer_len96_t0.7_seed20261006,question_plus_hyde_hybrid,0.25,20,476.55056833999834,Cheryl,isaacus/legal-rag-bench,3a3565bc5429f6cead90548e81f87352b449927e4be1cdd804c28d766bb9c246,e3b869a4e293d081ec5f5b39c2058c8d27b36f611aa9f8275eb1877a7c8b38b0,exploratory previously inspected 100 questions,not_evaluated
3,100,0.08666666666666667,0.26,0.26,0.20166666666666663,0.21654648767857287,short_answer_len96_t0.7_seed20261006__question_plus_hyde__hybrid_a0.25_d20,short_answer_len96_t0.7_seed20261006,question_plus_hyde_hybrid,0.25,20,476.55056833999834,Cheryl,isaacus/legal-rag-bench,3a3565bc5429f6cead90548e81f87352b449927e4be1cdd804c28d766bb9c246,e3b869a4e293d081ec5f5b39c2058c8d27b36f611aa9f8275eb1877a7c8b38b0,exploratory previously inspected 100 questions,not_evaluated
5,100,0.064,0.32,0.32,0.21516666666666664,0.24107236863781092,short_answer_len96_t0.7_seed20261006__question_plus_hyde__hybrid_a0.25_d20,short_answer_len96_t0.7_seed20261006,question_plus_hyde_hybrid,0.25,20,476.55056833999834,Cheryl,isaacus/legal-rag-bench,3a3565bc5429f6cead90548e81f87352b449927e4be1cdd804c28d766bb9c246,e3b869a4e293d081ec5f5b39c2058c8d27b36f611aa9f8275eb1877a7c8b38b0,exploratory previously inspected 100 questions,not_evaluated
10,100,0.039,0.39,0.39,0.22374603174603172,0.2629595810166507,short_answer_len96_t0.7_seed20261006__question_plus_hyde__hybrid_a0.25_d20,short_answer_len96_t0.7_seed20261006,question_plus_hyde_hybrid,0.25,20,476.55056833999834,Cheryl,isaacus/legal-rag-bench,3a3565bc5429f6cead90548e81f87352b449927e4be1cdd804c28d766bb9c246,e3b869a4e293d081ec5f5b39c2058c8d27b36f611aa9f8275eb1877a7c8b38b0,exploratory previously inspected 100 questions,not_evaluated
1,100,0.15,0.15,0.15,0.15,0.15,short_answer_len96_t0.7_seed20261006__question_plus_hyde__hybrid_a0.5_d20,short_answer_len96_t0.7_seed20261006,question_plus_hyde_hybrid,0.5,20,476.55207615999825,Cheryl,isaacus/legal-rag-bench,3a3565bc5429f6cead90548e81f87352b449927e4be1cdd804c28d766bb9c246,e3b869a4e293d081ec5f5b39c2058c8d27b36f611aa9f8275eb1877a7c8b38b0,exploratory previously inspected 100 questions,not_evaluated
3,100,0.09666666666666666,0.29,0.29,0.205,0.22654648767857288,short_answer_len96_t0.7_seed20261006__question_plus_hyde__hybrid_a0.5_d20,short_answer_len96_t0.7_seed20261006,question_plus_hyde_hybrid,0.5,20,476.55207615999825,Cheryl,isaacus/legal-rag-bench,3a3565bc5429f6cead90548e81f87352b449927e4be1cdd804c28d766bb9c246,e3b869a4e293d081ec5f5b39c2058c8d27b36f611aa9f8275eb1877a7c8b38b0,exploratory previously inspected 100 questions,not_evaluated
5,100,0.068,0.34,0.34,0.217,0.247642078073854,short_answer_len96_t0.7_seed20261006__question_plus_hyde__hybrid_a0.5_d20,short_answer_len96_t0.7_seed20261006,question_plus_hyde_hybrid,0.5,20,476.55207615999825,Cheryl,isaacus/legal-rag-bench,3a3565bc5429f6cead90548e81f87352b449927e4be1cdd804c28d766bb9c246,e3b869a4e293d081ec5f5b39c2058c8d27b36f611aa9f8275eb1877a7c8b38b0,exploratory previously inspected 100 questions,not_evaluated
10,100,0.048,0.48,0.48,0.2353174603174603,0.29253483866575364,short_answer_len96_t0.7_seed20261006__question_plus_hyde__hybrid_a0.5_d20,short_answer_len96_t0.7_seed20261006,question_plus_hyde_hybrid,0.5,20,476.55207615999825,Cheryl,isaacus/legal-rag-bench,3a3565bc5429f6cead90548e81f87352b449927e4be1cdd804c28d766bb9c246,e3b869a4e293d081ec5f5b39c2058c8d27b36f611aa9f8275eb1877a7c8b38b0,exploratory previously inspected 100 questions,not_evaluated
1,100,0.12,0.12,0.12,0.12,0.12,short_answer_len96_t0.7_seed20261006__question_plus_hyde__hybrid_a0.75_d20,short_answer_len96_t0.7_seed20261006,question_plus_hyde_hybrid,0.75,20,476.55091135999965,Cheryl,isaacus/legal-rag-bench,3a3565bc5429f6cead90548e81f87352b449927e4be1cdd804c28d766bb9c246,e3b869a4e293d081ec5f5b39c2058c8d27b36f611aa9f8275eb1877a7c8b38b0,exploratory previously inspected 100 questions,not_evaluated
3,100,0.09000000000000001,0.27,0.27,0.185,0.2067836778214312,short_answer_len96_t0.7_seed20261006__question_plus_hyde__hybrid_a0.75_d20,short_answer_len96_t0.7_seed20261006,question_plus_hyde_hybrid,0.75,20,476.55091135999965,Cheryl,isaacus/legal-rag-bench,3a3565bc5429f6cead90548e81f87352b449927e4be1cdd804c28d766bb9c246,e3b869a4e293d081ec5f5b39c2058c8d27b36f611aa9f8275eb1877a7c8b38b0,exploratory previously inspected 100 questions,not_evaluated
5,100,0.066,0.33,0.33,0.198,0.23087132127228074,short_answer_len96_t0.7_seed20261006__question_plus_hyde__hybrid_a0.75_d20,short_answer_len96_t0.7_seed20261006,question_plus_hyde_hybrid,0.75,20,476.55091135999965,Cheryl,isaacus/legal-rag-bench,3a3565bc5429f6cead90548e81f87352b449927e4be1cdd804c28d766bb9c246,e3b869a4e293d081ec5f5b39c2058c8d27b36f611aa9f8275eb1877a7c8b38b0,exploratory previously inspected 100 questions,not_evaluated
10,100,0.040999999999999995,0.41,0.41,0.2087301587301587,0.2567870614974387,short_answer_len96_t0.7_seed20261006__question_plus_hyde__hybrid_a0.75_d20,short_answer_len96_t0.7_seed20261006,question_plus_hyde_hybrid,0.75,20,476.55091135999965,Cheryl,isaacus/legal-rag-bench,3a3565bc5429f6cead90548e81f87352b449927e4be1cdd804c28d766bb9c246,e3b869a4e293d081ec5f5b39c2058c8d27b36f611aa9f8275eb1877a7c8b38b0,exploratory previously inspected 100 questions,not_evaluated
1,100,0.18,0.18,0.18,0.18,0.18,short_answer_len96_t0.7_seed20261006__question_plus_hyde__hybrid_a0.25_d100,short_answer_len96_t0.7_seed20261006,question_plus_hyde_hybrid,0.25,100,476.6231458699981,Cheryl,isaacus/legal-rag-bench,3a3565bc5429f6cead90548e81f87352b449927e4be1cdd804c28d766bb9c246,e3b869a4e293d081ec5f5b39c2058c8d27b36f611aa9f8275eb1877a7c8b38b0,exploratory previously inspected 100 questions,not_evaluated
3,100,0.09666666666666666,0.29,0.29,0.23,0.2454743802857166,short_answer_len96_t0.7_seed20261006__question_plus_hyde__hybrid_a0.25_d100,short_answer_len96_t0.7_seed20261006,question_plus_hyde_hybrid,0.25,100,476.6231458699981,Cheryl,isaacus/legal-rag-bench,3a3565bc5429f6cead90548e81f87352b449927e4be1cdd804c28d766bb9c246,e3b869a4e293d081ec5f5b39c2058c8d27b36f611aa9f8275eb1877a7c8b38b0,exploratory previously inspected 100 questions,not_evaluated
5,100,0.06999999999999999,0.35,0.35,0.244,0.2704384987533432,short_answer_len96_t0.7_seed20261006__question_plus_hyde__hybrid_a0.25_d100,short_answer_len96_t0.7_seed20261006,question_plus_hyde_hybrid,0.25,100,476.6231458699981,Cheryl,isaacus/legal-rag-bench,3a3565bc5429f6cead90548e81f87352b449927e4be1cdd804c28d766bb9c246,e3b869a4e293d081ec5f5b39c2058c8d27b36f611aa9f8275eb1877a7c8b38b0,exploratory previously inspected 100 questions,not_evaluated
10,100,0.044,0.44,0.44,0.2567460317460317,0.30026470108078923,short_answer_len96_t0.7_seed20261006__question_plus_hyde__hybrid_a0.25_d100,short_answer_len96_t0.7_seed20261006,question_plus_hyde_hybrid,0.25,100,476.6231458699981,Cheryl,isaacus/legal-rag-bench,3a3565bc5429f6cead90548e81f87352b449927e4be1cdd804c28d766bb9c246,e3b869a4e293d081ec5f5b39c2058c8d27b36f611aa9f8275eb1877a7c8b38b0,exploratory previously inspected 100 questions,not_evaluated
1,100,0.17,0.17,0.17,0.17,0.17,short_answer_len96_t0.7_seed20261006__question_plus_hyde__hybrid_a0.5_d100,short_answer_len96_t0.7_seed20261006,question_plus_hyde_hybrid,0.5,100,476.63496608000014,Cheryl,isaacus/legal-rag-bench,3a3565bc5429f6cead90548e81f87352b449927e4be1cdd804c28d766bb9c246,e3b869a4e293d081ec5f5b39c2058c8d27b36f611aa9f8275eb1877a7c8b38b0,exploratory previously inspected 100 questions,not_evaluated
3,100,0.09000000000000001,0.27,0.27,0.21333333333333332,0.22785578521428745,short_answer_len96_t0.7_seed20261006__question_plus_hyde__hybrid_a0.5_d100,short_answer_len96_t0.7_seed20261006,question_plus_hyde_hybrid,0.5,100,476.63496608000014,Cheryl,isaacus/legal-rag-bench,3a3565bc5429f6cead90548e81f87352b449927e4be1cdd804c28d766bb9c246,e3b869a4e293d081ec5f5b39c2058c8d27b36f611aa9f8275eb1877a7c8b38b0,exploratory previously inspected 100 questions,not_evaluated
5,100,0.06999999999999999,0.35,0.35,0.23183333333333334,0.2609951973349933,short_answer_len96_t0.7_seed20261006__question_plus_hyde__hybrid_a0.5_d100,short_answer_len96_t0.7_seed20261006,question_plus_hyde_hybrid,0.5,100,476.63496608000014,Cheryl,isaacus/legal-rag-bench,3a3565bc5429f6cead90548e81f87352b449927e4be1cdd804c28d766bb9c246,e3b869a4e293d081ec5f5b39c2058c8d27b36f611aa9f8275eb1877a7c8b38b0,exploratory previously inspected 100 questions,not_evaluated
10,100,0.041999999999999996,0.42,0.42,0.24186111111111114,0.28429908180699026,short_answer_len96_t0.7_seed20261006__question_plus_hyde__hybrid_a0.5_d100,short_answer_len96_t0.7_seed20261006,question_plus_hyde_hybrid,0.5,100,476.63496608000014,Cheryl,isaacus/legal-rag-bench,3a3565bc5429f6cead90548e81f87352b449927e4be1cdd804c28d766bb9c246,e3b869a4e293d081ec5f5b39c2058c8d27b36f611aa9f8275eb1877a7c8b38b0,exploratory previously inspected 100 questions,not_evaluated
1,100,0.13,0.13,0.13,0.13,0.13,short_answer_len96_t0.7_seed20261006__question_plus_hyde__hybrid_a0.75_d100,short_answer_len96_t0.7_seed20261006,question_plus_hyde_hybrid,0.75,100,476.62559823999754,Cheryl,isaacus/legal-rag-bench,3a3565bc5429f6cead90548e81f87352b449927e4be1cdd804c28d766bb9c246,e3b869a4e293d081ec5f5b39c2058c8d27b36f611aa9f8275eb1877a7c8b38b0,exploratory previously inspected 100 questions,not_evaluated
3,100,0.08333333333333333,0.25,0.25,0.18333333333333332,0.20047438028571662,short_answer_len96_t0.7_seed20261006__question_plus_hyde__hybrid_a0.75_d100,short_answer_len96_t0.7_seed20261006,question_plus_hyde_hybrid,0.75,100,476.62559823999754,Cheryl,isaacus/legal-rag-bench,3a3565bc5429f6cead90548e81f87352b449927e4be1cdd804c28d766bb9c246,e3b869a4e293d081ec5f5b39c2058c8d27b36f611aa9f8275eb1877a7c8b38b0,exploratory previously inspected 100 questions,not_evaluated
5,100,0.068,0.34,0.34,0.20433333333333334,0.23792055798715644,short_answer_len96_t0.7_seed20261006__question_plus_hyde__hybrid_a0.75_d100,short_answer_len96_t0.7_seed20261006,question_plus_hyde_hybrid,0.75,100,476.62559823999754,Cheryl,isaacus/legal-rag-bench,3a3565bc5429f6cead90548e81f87352b449927e4be1cdd804c28d766bb9c246,e3b869a4e293d081ec5f5b39c2058c8d27b36f611aa9f8275eb1877a7c8b38b0,exploratory previously inspected 100 questions,not_evaluated
10,100,0.044,0.44,0.44,0.21669841269841272,0.26927976935663933,short_answer_len96_t0.7_seed20261006__question_plus_hyde__hybrid_a0.75_d100,short_answer_len96_t0.7_seed20261006,question_plus_hyde_hybrid,0.75,100,476.62559823999754,Cheryl,isaacus/legal-rag-bench,3a3565bc5429f6cead90548e81f87352b449927e4be1cdd804c28d766bb9c246,e3b869a4e293d081ec5f5b39c2058c8d27b36f611aa9f8275eb1877a7c8b38b0,exploratory previously inspected 100 questions,not_evaluated
1,100,0.03,0.03,0.03,0.03,0.03,short_answer_len96_t0.7_seed20261006__multi_average,short_answer_len96_t0.7_seed20261006,multi_average,,100,1428.899925869998,Cheryl,isaacus/legal-rag-bench,3a3565bc5429f6cead90548e81f87352b449927e4be1cdd804c28d766bb9c246,e3b869a4e293d081ec5f5b39c2058c8d27b36f611aa9f8275eb1877a7c8b38b0,exploratory previously inspected 100 questions,not_evaluated
3,100,0.016666666666666666,0.05,0.05,0.03833333333333333,0.04130929753571458,short_answer_len96_t0.7_seed20261006__multi_average,short_answer_len96_t0.7_seed20261006,multi_average,,100,1428.899925869998,Cheryl,isaacus/legal-rag-bench,3a3565bc5429f6cead90548e81f87352b449927e4be1cdd804c28d766bb9c246,e3b869a4e293d081ec5f5b39c2058c8d27b36f611aa9f8275eb1877a7c8b38b0,exploratory previously inspected 100 questions,not_evaluated
5,100,0.016,0.08,0.08,0.044333333333333336,0.052914881752750824,short_answer_len96_t0.7_seed20261006__multi_average,short_answer_len96_t0.7_seed20261006,multi_average,,100,1428.899925869998,Cheryl,isaacus/legal-rag-bench,3a3565bc5429f6cead90548e81f87352b449927e4be1cdd804c28d766bb9c246,e3b869a4e293d081ec5f5b39c2058c8d27b36f611aa9f8275eb1877a7c8b38b0,exploratory previously inspected 100 questions,not_evaluated
10,100,0.011,0.11,0.11,0.04842857142857143,0.06270093522034326,short_answer_len96_t0.7_seed20261006__multi_average,short_answer_len96_t0.7_seed20261006,multi_average,,100,1428.899925869998,Cheryl,isaacus/legal-rag-bench,3a3565bc5429f6cead90548e81f87352b449927e4be1cdd804c28d766bb9c246,e3b869a4e293d081ec5f5b39c2058c8d27b36f611aa9f8275eb1877a7c8b38b0,exploratory previously inspected 100 questions,not_evaluated
1,100,0.16,0.16,0.16,0.16,0.16,short_answer_len96_t0.7_seed20261006__multi_average__hybrid_a0.25_d20,short_answer_len96_t0.7_seed20261006,multi_average_hybrid,0.25,20,1429.1501184499962,Cheryl,isaacus/legal-rag-bench,3a3565bc5429f6cead90548e81f87352b449927e4be1cdd804c28d766bb9c246,e3b869a4e293d081ec5f5b39c2058c8d27b36f611aa9f8275eb1877a7c8b38b0,exploratory previously inspected 100 questions,not_evaluated
3,100,0.09999999999999999,0.3,0.3,0.225,0.24440227289286034,short_answer_len96_t0.7_seed20261006__multi_average__hybrid_a0.25_d20,short_answer_len96_t0.7_seed20261006,multi_average_hybrid,0.25,20,1429.1501184499962,Cheryl,isaacus/legal-rag-bench,3a3565bc5429f6cead90548e81f87352b449927e4be1cdd804c28d766bb9c246,e3b869a4e293d081ec5f5b39c2058c8d27b36f611aa9f8275eb1877a7c8b38b0,exploratory previously inspected 100 questions,not_evaluated
5,100,0.06999999999999999,0.35,0.35,0.2365,0.26505962577975295,short_answer_len96_t0.7_seed20261006__multi_average__hybrid_a0.25_d20,short_answer_len96_t0.7_seed20261006,multi_average_hybrid,0.25,20,1429.1501184499962,Cheryl,isaacus/legal-rag-bench,3a3565bc5429f6cead90548e81f87352b449927e4be1cdd804c28d766bb9c246,e3b869a4e293d081ec5f5b39c2058c8d27b36f611aa9f8275eb1877a7c8b38b0,exploratory previously inspected 100 questions,not_evaluated
10,100,0.039,0.39,0.39,0.2415793650793651,0.27774689235969924,short_answer_len96_t0.7_seed20261006__multi_average__hybrid_a0.25_d20,short_answer_len96_t0.7_seed20261006,multi_average_hybrid,0.25,20,1429.1501184499962,Cheryl,isaacus/legal-rag-bench,3a3565bc5429f6cead90548e81f87352b449927e4be1cdd804c28d766bb9c246,e3b869a4e293d081ec5f5b39c2058c8d27b36f611aa9f8275eb1877a7c8b38b0,exploratory previously inspected 100 questions,not_evaluated
1,100,0.12,0.12,0.12,0.12,0.12,short_answer_len96_t0.7_seed20261006__multi_average__hybrid_a0.5_d20,short_answer_len96_t0.7_seed20261006,multi_average_hybrid,0.5,20,1429.1544844099972,Cheryl,isaacus/legal-rag-bench,3a3565bc5429f6cead90548e81f87352b449927e4be1cdd804c28d766bb9c246,e3b869a4e293d081ec5f5b39c2058c8d27b36f611aa9f8275eb1877a7c8b38b0,exploratory previously inspected 100 questions,not_evaluated
3,100,0.09000000000000001,0.27,0.27,0.18333333333333332,0.20547438028571663,short_answer_len96_t0.7_seed20261006__multi_average__hybrid_a0.5_d20,short_answer_len96_t0.7_seed20261006,multi_average_hybrid,0.5,20,1429.1544844099972,Cheryl,isaacus/legal-rag-bench,3a3565bc5429f6cead90548e81f87352b449927e4be1cdd804c28d766bb9c246,e3b869a4e293d081ec5f5b39c2058c8d27b36f611aa9f8275eb1877a7c8b38b0,exploratory previously inspected 100 questions,not_evaluated
5,100,0.062,0.31,0.31,0.19333333333333333,0.22270144260865232,short_answer_len96_t0.7_seed20261006__multi_average__hybrid_a0.5_d20,short_answer_len96_t0.7_seed20261006,multi_average_hybrid,0.5,20,1429.1544844099972,Cheryl,isaacus/legal-rag-bench,3a3565bc5429f6cead90548e81f87352b449927e4be1cdd804c28d766bb9c246,e3b869a4e293d081ec5f5b39c2058c8d27b36f611aa9f8275eb1877a7c8b38b0,exploratory previously inspected 100 questions,not_evaluated
10,100,0.036,0.36,0.36,0.2001388888888889,0.23900083503194966,short_answer_len96_t0.7_seed20261006__multi_average__hybrid_a0.5_d20,short_answer_len96_t0.7_seed20261006,multi_average_hybrid,0.5,20,1429.1544844099972,Cheryl,isaacus/legal-rag-bench,3a3565bc5429f6cead90548e81f87352b449927e4be1cdd804c28d766bb9c246,e3b869a4e293d081ec5f5b39c2058c8d27b36f611aa9f8275eb1877a7c8b38b0,exploratory previously inspected 100 questions,not_evaluated
1,100,0.07,0.07,0.07,0.07,0.07,short_answer_len96_t0.7_seed20261006__multi_average__hybrid_a0.75_d20,short_answer_len96_t0.7_seed20261006,multi_average_hybrid,0.75,20,1429.1670868599986,Cheryl,isaacus/legal-rag-bench,3a3565bc5429f6cead90548e81f87352b449927e4be1cdd804c28d766bb9c246,e3b869a4e293d081ec5f5b39c2058c8d27b36f611aa9f8275eb1877a7c8b38b0,exploratory previously inspected 100 questions,not_evaluated
3,100,0.03333333333333333,0.1,0.1,0.08333333333333331,0.08761859507142916,short_answer_len96_t0.7_seed20261006__multi_average__hybrid_a0.75_d20,short_answer_len96_t0.7_seed20261006,multi_average_hybrid,0.75,20,1429.1670868599986,Cheryl,isaacus/legal-rag-bench,3a3565bc5429f6cead90548e81f87352b449927e4be1cdd804c28d766bb9c246,e3b869a4e293d081ec5f5b39c2058c8d27b36f611aa9f8275eb1877a7c8b38b0,exploratory previously inspected 100 questions,not_evaluated
5,100,0.02,0.1,0.1,0.08333333333333331,0.08761859507142916,short_answer_len96_t0.7_seed20261006__multi_average__hybrid_a0.75_d20,short_answer_len96_t0.7_seed20261006,multi_average_hybrid,0.75,20,1429.1670868599986,Cheryl,isaacus/legal-rag-bench,3a3565bc5429f6cead90548e81f87352b449927e4be1cdd804c28d766bb9c246,e3b869a4e293d081ec5f5b39c2058c8d27b36f611aa9f8275eb1877a7c8b38b0,exploratory previously inspected 100 questions,not_evaluated
10,100,0.013000000000000001,0.13,0.13,0.08701190476190476,0.09699722543579865,short_answer_len96_t0.7_seed20261006__multi_average__hybrid_a0.75_d20,short_answer_len96_t0.7_seed20261006,multi_average_hybrid,0.75,20,1429.1670868599986,Cheryl,isaacus/legal-rag-bench,3a3565bc5429f6cead90548e81f87352b449927e4be1cdd804c28d766bb9c246,e3b869a4e293d081ec5f5b39c2058c8d27b36f611aa9f8275eb1877a7c8b38b0,exploratory previously inspected 100 questions,not_evaluated
1,100,0.12,0.12,0.12,0.12,0.12,short_answer_len96_t0.7_seed20261006__multi_average__hybrid_a0.25_d100,short_answer_len96_t0.7_seed20261006,multi_average_hybrid,0.25,100,1429.261560599999,Cheryl,isaacus/legal-rag-bench,3a3565bc5429f6cead90548e81f87352b449927e4be1cdd804c28d766bb9c246,e3b869a4e293d081ec5f5b39c2058c8d27b36f611aa9f8275eb1877a7c8b38b0,exploratory previously inspected 100 questions,not_evaluated
3,100,0.09999999999999999,0.3,0.3,0.19833333333333333,0.22440227289286035,short_answer_len96_t0.7_seed20261006__multi_average__hybrid_a0.25_d100,short_answer_len96_t0.7_seed20261006,multi_average_hybrid,0.25,100,1429.261560599999,Cheryl,isaacus/legal-rag-bench,3a3565bc5429f6cead90548e81f87352b449927e4be1cdd804c28d766bb9c246,e3b869a4e293d081ec5f5b39c2058c8d27b36f611aa9f8275eb1877a7c8b38b0,exploratory previously inspected 100 questions,not_evaluated
5,100,0.06999999999999999,0.35,0.35,0.20933333333333337,0.24462138827136443,short_answer_len96_t0.7_seed20261006__multi_average__hybrid_a0.25_d100,short_answer_len96_t0.7_seed20261006,multi_average_hybrid,0.25,100,1429.261560599999,Cheryl,isaacus/legal-rag-bench,3a3565bc5429f6cead90548e81f87352b449927e4be1cdd804c28d766bb9c246,e3b869a4e293d081ec5f5b39c2058c8d27b36f611aa9f8275eb1877a7c8b38b0,exploratory previously inspected 100 questions,not_evaluated
10,100,0.04,0.4,0.4,0.2156111111111111,0.26039370589797795,short_answer_len96_t0.7_seed20261006__multi_average__hybrid_a0.25_d100,short_answer_len96_t0.7_seed20261006,multi_average_hybrid,0.25,100,1429.261560599999,Cheryl,isaacus/legal-rag-bench,3a3565bc5429f6cead90548e81f87352b449927e4be1cdd804c28d766bb9c246,e3b869a4e293d081ec5f5b39c2058c8d27b36f611aa9f8275eb1877a7c8b38b0,exploratory previously inspected 100 questions,not_evaluated
1,100,0.09,0.09,0.09,0.09,0.09,short_answer_len96_t0.7_seed20261006__multi_average__hybrid_a0.5_d100,short_answer_len96_t0.7_seed20261006,multi_average_hybrid,0.5,100,1429.2429610799977,Cheryl,isaacus/legal-rag-bench,3a3565bc5429f6cead90548e81f87352b449927e4be1cdd804c28d766bb9c246,e3b869a4e293d081ec5f5b39c2058c8d27b36f611aa9f8275eb1877a7c8b38b0,exploratory previously inspected 100 questions,not_evaluated
3,100,0.06,0.18,0.18,0.12833333333333333,0.1415464876785729,short_answer_len96_t0.7_seed20261006__multi_average__hybrid_a0.5_d100,short_answer_len96_t0.7_seed20261006,multi_average_hybrid,0.5,100,1429.2429610799977,Cheryl,isaacus/legal-rag-bench,3a3565bc5429f6cead90548e81f87352b449927e4be1cdd804c28d766bb9c246,e3b869a4e293d081ec5f5b39c2058c8d27b36f611aa9f8275eb1877a7c8b38b0,exploratory previously inspected 100 questions,not_evaluated
5,100,0.048,0.24,0.24,0.1428333333333333,0.16694884365458795,short_answer_len96_t0.7_seed20261006__multi_average__hybrid_a0.5_d100,short_answer_len96_t0.7_seed20261006,multi_average_hybrid,0.5,100,1429.2429610799977,Cheryl,isaacus/legal-rag-bench,3a3565bc5429f6cead90548e81f87352b449927e4be1cdd804c28d766bb9c246,e3b869a4e293d081ec5f5b39c2058c8d27b36f611aa9f8275eb1877a7c8b38b0,exploratory previously inspected 100 questions,not_evaluated
10,100,0.037,0.37,0.37,0.16054761904761905,0.20936828419894885,short_answer_len96_t0.7_seed20261006__multi_average__hybrid_a0.5_d100,short_answer_len96_t0.7_seed20261006,multi_average_hybrid,0.5,100,1429.2429610799977,Cheryl,isaacus/legal-rag-bench,3a3565bc5429f6cead90548e81f87352b449927e4be1cdd804c28d766bb9c246,e3b869a4e293d081ec5f5b39c2058c8d27b36f611aa9f8275eb1877a7c8b38b0,exploratory previously inspected 100 questions,not_evaluated
1,100,0.07,0.07,0.07,0.07,0.07,short_answer_len96_t0.7_seed20261006__multi_average__hybrid_a0.75_d100,short_answer_len96_t0.7_seed20261006,multi_average_hybrid,0.75,100,1429.2253743299975,Cheryl,isaacus/legal-rag-bench,3a3565bc5429f6cead90548e81f87352b449927e4be1cdd804c28d766bb9c246,e3b869a4e293d081ec5f5b39c2058c8d27b36f611aa9f8275eb1877a7c8b38b0,exploratory previously inspected 100 questions,not_evaluated
3,100,0.03666666666666667,0.11,0.11,0.08666666666666666,0.09261859507142915,short_answer_len96_t0.7_seed20261006__multi_average__hybrid_a0.75_d100,short_answer_len96_t0.7_seed20261006,multi_average_hybrid,0.75,100,1429.2253743299975,Cheryl,isaacus/legal-rag-bench,3a3565bc5429f6cead90548e81f87352b449927e4be1cdd804c28d766bb9c246,e3b869a4e293d081ec5f5b39c2058c8d27b36f611aa9f8275eb1877a7c8b38b0,exploratory previously inspected 100 questions,not_evaluated
5,100,0.022,0.11,0.11,0.08666666666666666,0.09261859507142915,short_answer_len96_t0.7_seed20261006__multi_average__hybrid_a0.75_d100,short_answer_len96_t0.7_seed20261006,multi_average_hybrid,0.75,100,1429.2253743299975,Cheryl,isaacus/legal-rag-bench,3a3565bc5429f6cead90548e81f87352b449927e4be1cdd804c28d766bb9c246,e3b869a4e293d081ec5f5b39c2058c8d27b36f611aa9f8275eb1877a7c8b38b0,exploratory previously inspected 100 questions,not_evaluated
10,100,0.014000000000000002,0.14,0.14,0.09119047619047618,0.10284733360917604,short_answer_len96_t0.7_seed20261006__multi_average__hybrid_a0.75_d100,short_answer_len96_t0.7_seed20261006,multi_average_hybrid,0.75,100,1429.2253743299975,Cheryl,isaacus/legal-rag-bench,3a3565bc5429f6cead90548e81f87352b449927e4be1cdd804c28d766bb9c246,e3b869a4e293d081ec5f5b39c2058c8d27b36f611aa9f8275eb1877a7c8b38b0,exploratory previously inspected 100 questions,not_evaluated
1,100,0.01,0.01,0.01,0.01,0.01,short_answer_len96_t0.7_seed20261006__multi_rrf,short_answer_len96_t0.7_seed20261006,multi_rrf,,100,1428.899925869998,Cheryl,isaacus/legal-rag-bench,3a3565bc5429f6cead90548e81f87352b449927e4be1cdd804c28d766bb9c246,e3b869a4e293d081ec5f5b39c2058c8d27b36f611aa9f8275eb1877a7c8b38b0,exploratory previously inspected 100 questions,not_evaluated
3,100,0.006666666666666667,0.02,0.02,0.015,0.016309297535714574,short_answer_len96_t0.7_seed20261006__multi_rrf,short_answer_len96_t0.7_seed20261006,multi_rrf,,100,1428.899925869998,Cheryl,isaacus/legal-rag-bench,3a3565bc5429f6cead90548e81f87352b449927e4be1cdd804c28d766bb9c246,e3b869a4e293d081ec5f5b39c2058c8d27b36f611aa9f8275eb1877a7c8b38b0,exploratory previously inspected 100 questions,not_evaluated
5,100,0.012,0.06,0.06,0.025,0.03353635985865029,short_answer_len96_t0.7_seed20261006__multi_rrf,short_answer_len96_t0.7_seed20261006,multi_rrf,,100,1428.899925869998,Cheryl,isaacus/legal-rag-bench,3a3565bc5429f6cead90548e81f87352b449927e4be1cdd804c28d766bb9c246,e3b869a4e293d081ec5f5b39c2058c8d27b36f611aa9f8275eb1877a7c8b38b0,exploratory previously inspected 100 questions,not_evaluated
10,100,0.01,0.1,0.1,0.029472222222222223,0.04560225680296608,short_answer_len96_t0.7_seed20261006__multi_rrf,short_answer_len96_t0.7_seed20261006,multi_rrf,,100,1428.899925869998,Cheryl,isaacus/legal-rag-bench,3a3565bc5429f6cead90548e81f87352b449927e4be1cdd804c28d766bb9c246,e3b869a4e293d081ec5f5b39c2058c8d27b36f611aa9f8275eb1877a7c8b38b0,exploratory previously inspected 100 questions,not_evaluated
1,100,0.11,0.11,0.11,0.11,0.11,short_answer_len96_t0.7_seed20261006__multi_rrf__hybrid_a0.25_d20,short_answer_len96_t0.7_seed20261006,multi_rrf_hybrid,0.25,20,1429.1535639399954,Cheryl,isaacus/legal-rag-bench,3a3565bc5429f6cead90548e81f87352b449927e4be1cdd804c28d766bb9c246,e3b869a4e293d081ec5f5b39c2058c8d27b36f611aa9f8275eb1877a7c8b38b0,exploratory previously inspected 100 questions,not_evaluated
3,100,0.09666666666666666,0.29,0.29,0.18833333333333332,0.21440227289286035,short_answer_len96_t0.7_seed20261006__multi_rrf__hybrid_a0.25_d20,short_answer_len96_t0.7_seed20261006,multi_rrf_hybrid,0.25,20,1429.1535639399954,Cheryl,isaacus/legal-rag-bench,3a3565bc5429f6cead90548e81f87352b449927e4be1cdd804c28d766bb9c246,e3b869a4e293d081ec5f5b39c2058c8d27b36f611aa9f8275eb1877a7c8b38b0,exploratory previously inspected 100 questions,not_evaluated
5,100,0.068,0.34,0.34,0.1998333333333333,0.23505962577975295,short_answer_len96_t0.7_seed20261006__multi_rrf__hybrid_a0.25_d20,short_answer_len96_t0.7_seed20261006,multi_rrf_hybrid,0.25,20,1429.1535639399954,Cheryl,isaacus/legal-rag-bench,3a3565bc5429f6cead90548e81f87352b449927e4be1cdd804c28d766bb9c246,e3b869a4e293d081ec5f5b39c2058c8d27b36f611aa9f8275eb1877a7c8b38b0,exploratory previously inspected 100 questions,not_evaluated
10,100,0.039,0.39,0.39,0.2068968253968254,0.251631997607473,short_answer_len96_t0.7_seed20261006__multi_rrf__hybrid_a0.25_d20,short_answer_len96_t0.7_seed20261006,multi_rrf_hybrid,0.25,20,1429.1535639399954,Cheryl,isaacus/legal-rag-bench,3a3565bc5429f6cead90548e81f87352b449927e4be1cdd804c28d766bb9c246,e3b869a4e293d081ec5f5b39c2058c8d27b36f611aa9f8275eb1877a7c8b38b0,exploratory previously inspected 100 questions,not_evaluated
1,100,0.09,0.09,0.09,0.09,0.09,short_answer_len96_t0.7_seed20261006__multi_rrf__hybrid_a0.5_d20,short_answer_len96_t0.7_seed20261006,multi_rrf_hybrid,0.5,20,1429.1516782099993,Cheryl,isaacus/legal-rag-bench,3a3565bc5429f6cead90548e81f87352b449927e4be1cdd804c28d766bb9c246,e3b869a4e293d081ec5f5b39c2058c8d27b36f611aa9f8275eb1877a7c8b38b0,exploratory previously inspected 100 questions,not_evaluated
3,100,0.08,0.24,0.24,0.15,0.17285578521428746,short_answer_len96_t0.7_seed20261006__multi_rrf__hybrid_a0.5_d20,short_answer_len96_t0.7_seed20261006,multi_rrf_hybrid,0.5,20,1429.1516782099993,Cheryl,isaacus/legal-rag-bench,3a3565bc5429f6cead90548e81f87352b449927e4be1cdd804c28d766bb9c246,e3b869a4e293d081ec5f5b39c2058c8d27b36f611aa9f8275eb1877a7c8b38b0,exploratory previously inspected 100 questions,not_evaluated
5,100,0.064,0.32,0.32,0.1685,0.20599519733499336,short_answer_len96_t0.7_seed20261006__multi_rrf__hybrid_a0.5_d20,short_answer_len96_t0.7_seed20261006,multi_rrf_hybrid,0.5,20,1429.1516782099993,Cheryl,isaacus/legal-rag-bench,3a3565bc5429f6cead90548e81f87352b449927e4be1cdd804c28d766bb9c246,e3b869a4e293d081ec5f5b39c2058c8d27b36f611aa9f8275eb1877a7c8b38b0,exploratory previously inspected 100 questions,not_evaluated
10,100,0.036,0.36,0.36,0.1738452380952381,0.2189358995704431,short_answer_len96_t0.7_seed20261006__multi_rrf__hybrid_a0.5_d20,short_answer_len96_t0.7_seed20261006,multi_rrf_hybrid,0.5,20,1429.1516782099993,Cheryl,isaacus/legal-rag-bench,3a3565bc5429f6cead90548e81f87352b449927e4be1cdd804c28d766bb9c246,e3b869a4e293d081ec5f5b39c2058c8d27b36f611aa9f8275eb1877a7c8b38b0,exploratory previously inspected 100 questions,not_evaluated
1,100,0.03,0.03,0.03,0.03,0.03,short_answer_len96_t0.7_seed20261006__multi_rrf__hybrid_a0.75_d20,short_answer_len96_t0.7_seed20261006,multi_rrf_hybrid,0.75,20,1429.1567063099988,Cheryl,isaacus/legal-rag-bench,3a3565bc5429f6cead90548e81f87352b449927e4be1cdd804c28d766bb9c246,e3b869a4e293d081ec5f5b39c2058c8d27b36f611aa9f8275eb1877a7c8b38b0,exploratory previously inspected 100 questions,not_evaluated
3,100,0.023333333333333334,0.07,0.07,0.04666666666666666,0.05261859507142916,short_answer_len96_t0.7_seed20261006__multi_rrf__hybrid_a0.75_d20,short_answer_len96_t0.7_seed20261006,multi_rrf_hybrid,0.75,20,1429.1567063099988,Cheryl,isaacus/legal-rag-bench,3a3565bc5429f6cead90548e81f87352b449927e4be1cdd804c28d766bb9c246,e3b869a4e293d081ec5f5b39c2058c8d27b36f611aa9f8275eb1877a7c8b38b0,exploratory previously inspected 100 questions,not_evaluated
5,100,0.018,0.09,0.09,0.050666666666666665,0.060355651216119986,short_answer_len96_t0.7_seed20261006__multi_rrf__hybrid_a0.75_d20,short_answer_len96_t0.7_seed20261006,multi_rrf_hybrid,0.75,20,1429.1567063099988,Cheryl,isaacus/legal-rag-bench,3a3565bc5429f6cead90548e81f87352b449927e4be1cdd804c28d766bb9c246,e3b869a4e293d081ec5f5b39c2058c8d27b36f611aa9f8275eb1877a7c8b38b0,exploratory previously inspected 100 questions,not_evaluated
10,100,0.01,0.1,0.1,0.051666666666666666,0.06324629947929887,short_answer_len96_t0.7_seed20261006__multi_rrf__hybrid_a0.75_d20,short_answer_len96_t0.7_seed20261006,multi_rrf_hybrid,0.75,20,1429.1567063099988,Cheryl,isaacus/legal-rag-bench,3a3565bc5429f6cead90548e81f87352b449927e4be1cdd804c28d766bb9c246,e3b869a4e293d081ec5f5b39c2058c8d27b36f611aa9f8275eb1877a7c8b38b0,exploratory previously inspected 100 questions,not_evaluated
1,100,0.09,0.09,0.09,0.09,0.09,short_answer_len96_t0.7_seed20261006__multi_rrf__hybrid_a0.25_d100,short_answer_len96_t0.7_seed20261006,multi_rrf_hybrid,0.25,100,1429.2167109499983,Cheryl,isaacus/legal-rag-bench,3a3565bc5429f6cead90548e81f87352b449927e4be1cdd804c28d766bb9c246,e3b869a4e293d081ec5f5b39c2058c8d27b36f611aa9f8275eb1877a7c8b38b0,exploratory previously inspected 100 questions,not_evaluated
3,100,0.09333333333333334,0.28,0.28,0.17,0.19809297535714576,short_answer_len96_t0.7_seed20261006__multi_rrf__hybrid_a0.25_d100,short_answer_len96_t0.7_seed20261006,multi_rrf_hybrid,0.25,100,1429.2167109499983,Cheryl,isaacus/legal-rag-bench,3a3565bc5429f6cead90548e81f87352b449927e4be1cdd804c28d766bb9c246,e3b869a4e293d081ec5f5b39c2058c8d27b36f611aa9f8275eb1877a7c8b38b0,exploratory previously inspected 100 questions,not_evaluated
5,100,0.06999999999999999,0.35,0.35,0.1865,0.22736385940550627,short_answer_len96_t0.7_seed20261006__multi_rrf__hybrid_a0.25_d100,short_answer_len96_t0.7_seed20261006,multi_rrf_hybrid,0.25,100,1429.2167109499983,Cheryl,isaacus/legal-rag-bench,3a3565bc5429f6cead90548e81f87352b449927e4be1cdd804c28d766bb9c246,e3b869a4e293d081ec5f5b39c2058c8d27b36f611aa9f8275eb1877a7c8b38b0,exploratory previously inspected 100 questions,not_evaluated
10,100,0.041999999999999996,0.42,0.42,0.19548412698412693,0.2496232329206374,short_answer_len96_t0.7_seed20261006__multi_rrf__hybrid_a0.25_d100,short_answer_len96_t0.7_seed20261006,multi_rrf_hybrid,0.25,100,1429.2167109499983,Cheryl,isaacus/legal-rag-bench,3a3565bc5429f6cead90548e81f87352b449927e4be1cdd804c28d766bb9c246,e3b869a4e293d081ec5f5b39c2058c8d27b36f611aa9f8275eb1877a7c8b38b0,exploratory previously inspected 100 questions,not_evaluated
1,100,0.08,0.08,0.08,0.08,0.08,short_answer_len96_t0.7_seed20261006__multi_rrf__hybrid_a0.5_d100,short_answer_len96_t0.7_seed20261006,multi_rrf_hybrid,0.5,100,1429.2379400399986,Cheryl,isaacus/legal-rag-bench,3a3565bc5429f6cead90548e81f87352b449927e4be1cdd804c28d766bb9c246,e3b869a4e293d081ec5f5b39c2058c8d27b36f611aa9f8275eb1877a7c8b38b0,exploratory previously inspected 100 questions,not_evaluated
3,100,0.07666666666666667,0.23,0.23,0.13833333333333334,0.16154648767857288,short_answer_len96_t0.7_seed20261006__multi_rrf__hybrid_a0.5_d100,short_answer_len96_t0.7_seed20261006,multi_rrf_hybrid,0.5,100,1429.2379400399986,Cheryl,isaacus/legal-rag-bench,3a3565bc5429f6cead90548e81f87352b449927e4be1cdd804c28d766bb9c246,e3b869a4e293d081ec5f5b39c2058c8d27b36f611aa9f8275eb1877a7c8b38b0,exploratory previously inspected 100 questions,not_evaluated
5,100,0.066,0.33,0.33,0.16083333333333336,0.20242295594396964,short_answer_len96_t0.7_seed20261006__multi_rrf__hybrid_a0.5_d100,short_answer_len96_t0.7_seed20261006,multi_rrf_hybrid,0.5,100,1429.2379400399986,Cheryl,isaacus/legal-rag-bench,3a3565bc5429f6cead90548e81f87352b449927e4be1cdd804c28d766bb9c246,e3b869a4e293d081ec5f5b39c2058c8d27b36f611aa9f8275eb1877a7c8b38b0,exploratory previously inspected 100 questions,not_evaluated
10,100,0.04,0.4,0.4,0.16981746031746034,0.22468232945910077,short_answer_len96_t0.7_seed20261006__multi_rrf__hybrid_a0.5_d100,short_answer_len96_t0.7_seed20261006,multi_rrf_hybrid,0.5,100,1429.2379400399986,Cheryl,isaacus/legal-rag-bench,3a3565bc5429f6cead90548e81f87352b449927e4be1cdd804c28d766bb9c246,e3b869a4e293d081ec5f5b39c2058c8d27b36f611aa9f8275eb1877a7c8b38b0,exploratory previously inspected 100 questions,not_evaluated
1,100,0.04,0.04,0.04,0.04,0.04,short_answer_len96_t0.7_seed20261006__multi_rrf__hybrid_a0.75_d100,short_answer_len96_t0.7_seed20261006,multi_rrf_hybrid,0.75,100,1429.2219671599978,Cheryl,isaacus/legal-rag-bench,3a3565bc5429f6cead90548e81f87352b449927e4be1cdd804c28d766bb9c246,e3b869a4e293d081ec5f5b39c2058c8d27b36f611aa9f8275eb1877a7c8b38b0,exploratory previously inspected 100 questions,not_evaluated
3,100,0.02666666666666667,0.08,0.08,0.056666666666666664,0.06261859507142915,short_answer_len96_t0.7_seed20261006__multi_rrf__hybrid_a0.75_d100,short_answer_len96_t0.7_seed20261006,multi_rrf_hybrid,0.75,100,1429.2219671599978,Cheryl,isaacus/legal-rag-bench,3a3565bc5429f6cead90548e81f87352b449927e4be1cdd804c28d766bb9c246,e3b869a4e293d081ec5f5b39c2058c8d27b36f611aa9f8275eb1877a7c8b38b0,exploratory previously inspected 100 questions,not_evaluated
5,100,0.026000000000000002,0.13,0.13,0.06766666666666665,0.08283771044993327,short_answer_len96_t0.7_seed20261006__multi_rrf__hybrid_a0.75_d100,short_answer_len96_t0.7_seed20261006,multi_rrf_hybrid,0.75,100,1429.2219671599978,Cheryl,isaacus/legal-rag-bench,3a3565bc5429f6cead90548e81f87352b449927e4be1cdd804c28d766bb9c246,e3b869a4e293d081ec5f5b39c2058c8d27b36f611aa9f8275eb1877a7c8b38b0,exploratory previously inspected 100 questions,not_evaluated
10,100,0.018,0.18,0.18,0.07380555555555555,0.09846567926532927,short_answer_len96_t0.7_seed20261006__multi_rrf__hybrid_a0.75_d100,short_answer_len96_t0.7_seed20261006,multi_rrf_hybrid,0.75,100,1429.2219671599978,Cheryl,isaacus/legal-rag-bench,3a3565bc5429f6cead90548e81f87352b449927e4be1cdd804c28d766bb9c246,e3b869a4e293d081ec5f5b39c2058c8d27b36f611aa9f8275eb1877a7c8b38b0,exploratory previously inspected 100 questions,not_evaluated
1,100,0.04,0.04,0.04,0.04,0.04,evidence_passage_len32_t0_seed20261006__hyde_single,evidence_passage_len32_t0_seed20261006,hyde_single,,100,608.7913310033332,Cheryl,isaacus/legal-rag-bench,3a3565bc5429f6cead90548e81f87352b449927e4be1cdd804c28d766bb9c246,e3b869a4e293d081ec5f5b39c2058c8d27b36f611aa9f8275eb1877a7c8b38b0,exploratory previously inspected 100 questions,not_evaluated
3,100,0.02666666666666667,0.08,0.08,0.05833333333333333,0.06392789260714374,evidence_passage_len32_t0_seed20261006__hyde_single,evidence_passage_len32_t0_seed20261006,hyde_single,,100,608.7913310033332,Cheryl,isaacus/legal-rag-bench,3a3565bc5429f6cead90548e81f87352b449927e4be1cdd804c28d766bb9c246,e3b869a4e293d081ec5f5b39c2058c8d27b36f611aa9f8275eb1877a7c8b38b0,exploratory previously inspected 100 questions,not_evaluated
5,100,0.024,0.12,0.12,0.06733333333333333,0.08027847991330242,evidence_passage_len32_t0_seed20261006__hyde_single,evidence_passage_len32_t0_seed20261006,hyde_single,,100,608.7913310033332,Cheryl,isaacus/legal-rag-bench,3a3565bc5429f6cead90548e81f87352b449927e4be1cdd804c28d766bb9c246,e3b869a4e293d081ec5f5b39c2058c8d27b36f611aa9f8275eb1877a7c8b38b0,exploratory previously inspected 100 questions,not_evaluated
10,100,0.015,0.15,0.15,0.071,0.08962184831074041,evidence_passage_len32_t0_seed20261006__hyde_single,evidence_passage_len32_t0_seed20261006,hyde_single,,100,608.7913310033332,Cheryl,isaacus/legal-rag-bench,3a3565bc5429f6cead90548e81f87352b449927e4be1cdd804c28d766bb9c246,e3b869a4e293d081ec5f5b39c2058c8d27b36f611aa9f8275eb1877a7c8b38b0,exploratory previously inspected 100 questions,not_evaluated
1,100,0.11,0.11,0.11,0.11,0.11,evidence_passage_len32_t0_seed20261006__hyde_single__hybrid_a0.25_d20,evidence_passage_len32_t0_seed20261006,hyde_single_hybrid,0.25,20,609.0522847033333,Cheryl,isaacus/legal-rag-bench,3a3565bc5429f6cead90548e81f87352b449927e4be1cdd804c28d766bb9c246,e3b869a4e293d081ec5f5b39c2058c8d27b36f611aa9f8275eb1877a7c8b38b0,exploratory previously inspected 100 questions,not_evaluated
3,100,0.08666666666666667,0.26,0.26,0.1733333333333333,0.19547438028571662,evidence_passage_len32_t0_seed20261006__hyde_single__hybrid_a0.25_d20,evidence_passage_len32_t0_seed20261006,hyde_single_hybrid,0.25,20,609.0522847033333,Cheryl,isaacus/legal-rag-bench,3a3565bc5429f6cead90548e81f87352b449927e4be1cdd804c28d766bb9c246,e3b869a4e293d081ec5f5b39c2058c8d27b36f611aa9f8275eb1877a7c8b38b0,exploratory previously inspected 100 questions,not_evaluated
5,100,0.05600000000000001,0.28,0.28,0.17783333333333332,0.20364967393879596,evidence_passage_len32_t0_seed20261006__hyde_single__hybrid_a0.25_d20,evidence_passage_len32_t0_seed20261006,hyde_single_hybrid,0.25,20,609.0522847033333,Cheryl,isaacus/legal-rag-bench,3a3565bc5429f6cead90548e81f87352b449927e4be1cdd804c28d766bb9c246,e3b869a4e293d081ec5f5b39c2058c8d27b36f611aa9f8275eb1877a7c8b38b0,exploratory previously inspected 100 questions,not_evaluated
10,100,0.037,0.37,0.37,0.1904206349206349,0.23334143256744175,evidence_passage_len32_t0_seed20261006__hyde_single__hybrid_a0.25_d20,evidence_passage_len32_t0_seed20261006,hyde_single_hybrid,0.25,20,609.0522847033333,Cheryl,isaacus/legal-rag-bench,3a3565bc5429f6cead90548e81f87352b449927e4be1cdd804c28d766bb9c246,e3b869a4e293d081ec5f5b39c2058c8d27b36f611aa9f8275eb1877a7c8b38b0,exploratory previously inspected 100 questions,not_evaluated
1,100,0.07,0.07,0.07,0.07,0.07,evidence_passage_len32_t0_seed20261006__hyde_single__hybrid_a0.5_d20,evidence_passage_len32_t0_seed20261006,hyde_single_hybrid,0.5,20,609.0428667333333,Cheryl,isaacus/legal-rag-bench,3a3565bc5429f6cead90548e81f87352b449927e4be1cdd804c28d766bb9c246,e3b869a4e293d081ec5f5b39c2058c8d27b36f611aa9f8275eb1877a7c8b38b0,exploratory previously inspected 100 questions,not_evaluated
3,100,0.06999999999999999,0.21,0.21,0.12833333333333333,0.14916508275000204,evidence_passage_len32_t0_seed20261006__hyde_single__hybrid_a0.5_d20,evidence_passage_len32_t0_seed20261006,hyde_single_hybrid,0.5,20,609.0428667333333,Cheryl,isaacus/legal-rag-bench,3a3565bc5429f6cead90548e81f87352b449927e4be1cdd804c28d766bb9c246,e3b869a4e293d081ec5f5b39c2058c8d27b36f611aa9f8275eb1877a7c8b38b0,exploratory previously inspected 100 questions,not_evaluated
5,100,0.062,0.31,0.31,0.15083333333333332,0.19004155101539877,evidence_passage_len32_t0_seed20261006__hyde_single__hybrid_a0.5_d20,evidence_passage_len32_t0_seed20261006,hyde_single_hybrid,0.5,20,609.0428667333333,Cheryl,isaacus/legal-rag-bench,3a3565bc5429f6cead90548e81f87352b449927e4be1cdd804c28d766bb9c246,e3b869a4e293d081ec5f5b39c2058c8d27b36f611aa9f8275eb1877a7c8b38b0,exploratory previously inspected 100 questions,not_evaluated
10,100,0.038,0.38,0.38,0.15888888888888889,0.2114023483343124,evidence_passage_len32_t0_seed20261006__hyde_single__hybrid_a0.5_d20,evidence_passage_len32_t0_seed20261006,hyde_single_hybrid,0.5,20,609.0428667333333,Cheryl,isaacus/legal-rag-bench,3a3565bc5429f6cead90548e81f87352b449927e4be1cdd804c28d766bb9c246,e3b869a4e293d081ec5f5b39c2058c8d27b36f611aa9f8275eb1877a7c8b38b0,exploratory previously inspected 100 questions,not_evaluated
1,100,0.05,0.05,0.05,0.05,0.05,evidence_passage_len32_t0_seed20261006__hyde_single__hybrid_a0.75_d20,evidence_passage_len32_t0_seed20261006,hyde_single_hybrid,0.75,20,609.0444037833333,Cheryl,isaacus/legal-rag-bench,3a3565bc5429f6cead90548e81f87352b449927e4be1cdd804c28d766bb9c246,e3b869a4e293d081ec5f5b39c2058c8d27b36f611aa9f8275eb1877a7c8b38b0,exploratory previously inspected 100 questions,not_evaluated
3,100,0.03333333333333333,0.1,0.1,0.07166666666666666,0.07892789260714374,evidence_passage_len32_t0_seed20261006__hyde_single__hybrid_a0.75_d20,evidence_passage_len32_t0_seed20261006,hyde_single_hybrid,0.75,20,609.0444037833333,Cheryl,isaacus/legal-rag-bench,3a3565bc5429f6cead90548e81f87352b449927e4be1cdd804c28d766bb9c246,e3b869a4e293d081ec5f5b39c2058c8d27b36f611aa9f8275eb1877a7c8b38b0,exploratory previously inspected 100 questions,not_evaluated
5,100,0.03,0.15,0.15,0.08216666666666667,0.09870877047725932,evidence_passage_len32_t0_seed20261006__hyde_single__hybrid_a0.75_d20,evidence_passage_len32_t0_seed20261006,hyde_single_hybrid,0.75,20,609.0444037833333,Cheryl,isaacus/legal-rag-bench,3a3565bc5429f6cead90548e81f87352b449927e4be1cdd804c28d766bb9c246,e3b869a4e293d081ec5f5b39c2058c8d27b36f611aa9f8275eb1877a7c8b38b0,exploratory previously inspected 100 questions,not_evaluated
10,100,0.019,0.19,0.19,0.08811904761904761,0.11227084234833955,evidence_passage_len32_t0_seed20261006__hyde_single__hybrid_a0.75_d20,evidence_passage_len32_t0_seed20261006,hyde_single_hybrid,0.75,20,609.0444037833333,Cheryl,isaacus/legal-rag-bench,3a3565bc5429f6cead90548e81f87352b449927e4be1cdd804c28d766bb9c246,e3b869a4e293d081ec5f5b39c2058c8d27b36f611aa9f8275eb1877a7c8b38b0,exploratory previously inspected 100 questions,not_evaluated
1,100,0.12,0.12,0.12,0.12,0.12,evidence_passage_len32_t0_seed20261006__hyde_single__hybrid_a0.25_d100,evidence_passage_len32_t0_seed20261006,hyde_single_hybrid,0.25,100,609.161799963332,Cheryl,isaacus/legal-rag-bench,3a3565bc5429f6cead90548e81f87352b449927e4be1cdd804c28d766bb9c246,e3b869a4e293d081ec5f5b39c2058c8d27b36f611aa9f8275eb1877a7c8b38b0,exploratory previously inspected 100 questions,not_evaluated
3,100,0.08666666666666667,0.26,0.26,0.17833333333333332,0.19916508275000205,evidence_passage_len32_t0_seed20261006__hyde_single__hybrid_a0.25_d100,evidence_passage_len32_t0_seed20261006,hyde_single_hybrid,0.25,100,609.161799963332,Cheryl,isaacus/legal-rag-bench,3a3565bc5429f6cead90548e81f87352b449927e4be1cdd804c28d766bb9c246,e3b869a4e293d081ec5f5b39c2058c8d27b36f611aa9f8275eb1877a7c8b38b0,exploratory previously inspected 100 questions,not_evaluated
5,100,0.05600000000000001,0.28,0.28,0.18233333333333332,0.2069021388946929,evidence_passage_len32_t0_seed20261006__hyde_single__hybrid_a0.25_d100,evidence_passage_len32_t0_seed20261006,hyde_single_hybrid,0.25,100,609.161799963332,Cheryl,isaacus/legal-rag-bench,3a3565bc5429f6cead90548e81f87352b449927e4be1cdd804c28d766bb9c246,e3b869a4e293d081ec5f5b39c2058c8d27b36f611aa9f8275eb1877a7c8b38b0,exploratory previously inspected 100 questions,not_evaluated
10,100,0.034999999999999996,0.35,0.35,0.19121825396825393,0.2290771226832946,evidence_passage_len32_t0_seed20261006__hyde_single__hybrid_a0.25_d100,evidence_passage_len32_t0_seed20261006,hyde_single_hybrid,0.25,100,609.161799963332,Cheryl,isaacus/legal-rag-bench,3a3565bc5429f6cead90548e81f87352b449927e4be1cdd804c28d766bb9c246,e3b869a4e293d081ec5f5b39c2058c8d27b36f611aa9f8275eb1877a7c8b38b0,exploratory previously inspected 100 questions,not_evaluated
1,100,0.05,0.05,0.05,0.05,0.05,evidence_passage_len32_t0_seed20261006__hyde_single__hybrid_a0.5_d100,evidence_passage_len32_t0_seed20261006,hyde_single_hybrid,0.5,100,609.1433921833311,Cheryl,isaacus/legal-rag-bench,3a3565bc5429f6cead90548e81f87352b449927e4be1cdd804c28d766bb9c246,e3b869a4e293d081ec5f5b39c2058c8d27b36f611aa9f8275eb1877a7c8b38b0,exploratory previously inspected 100 questions,not_evaluated
3,100,0.05666666666666667,0.17,0.17,0.09666666666666666,0.11523719014285831,evidence_passage_len32_t0_seed20261006__hyde_single__hybrid_a0.5_d100,evidence_passage_len32_t0_seed20261006,hyde_single_hybrid,0.5,100,609.1433921833311,Cheryl,isaacus/legal-rag-bench,3a3565bc5429f6cead90548e81f87352b449927e4be1cdd804c28d766bb9c246,e3b869a4e293d081ec5f5b39c2058c8d27b36f611aa9f8275eb1877a7c8b38b0,exploratory previously inspected 100 questions,not_evaluated
5,100,0.044,0.22,0.22,0.10866666666666665,0.13633278053813946,evidence_passage_len32_t0_seed20261006__hyde_single__hybrid_a0.5_d100,evidence_passage_len32_t0_seed20261006,hyde_single_hybrid,0.5,100,609.1433921833311,Cheryl,isaacus/legal-rag-bench,3a3565bc5429f6cead90548e81f87352b449927e4be1cdd804c28d766bb9c246,e3b869a4e293d081ec5f5b39c2058c8d27b36f611aa9f8275eb1877a7c8b38b0,exploratory previously inspected 100 questions,not_evaluated
10,100,0.032,0.32,0.32,0.12126190476190475,0.167911751545625,evidence_passage_len32_t0_seed20261006__hyde_single__hybrid_a0.5_d100,evidence_passage_len32_t0_seed20261006,hyde_single_hybrid,0.5,100,609.1433921833311,Cheryl,isaacus/legal-rag-bench,3a3565bc5429f6cead90548e81f87352b449927e4be1cdd804c28d766bb9c246,e3b869a4e293d081ec5f5b39c2058c8d27b36f611aa9f8275eb1877a7c8b38b0,exploratory previously inspected 100 questions,not_evaluated
1,100,0.03,0.03,0.03,0.03,0.03,evidence_passage_len32_t0_seed20261006__hyde_single__hybrid_a0.75_d100,evidence_passage_len32_t0_seed20261006,hyde_single_hybrid,0.75,100,609.1613087133317,Cheryl,isaacus/legal-rag-bench,3a3565bc5429f6cead90548e81f87352b449927e4be1cdd804c28d766bb9c246,e3b869a4e293d081ec5f5b39c2058c8d27b36f611aa9f8275eb1877a7c8b38b0,exploratory previously inspected 100 questions,not_evaluated
3,100,0.04,0.12,0.12,0.06666666666666667,0.08023719014285831,evidence_passage_len32_t0_seed20261006__hyde_single__hybrid_a0.75_d100,evidence_passage_len32_t0_seed20261006,hyde_single_hybrid,0.75,100,609.1613087133317,Cheryl,isaacus/legal-rag-bench,3a3565bc5429f6cead90548e81f87352b449927e4be1cdd804c28d766bb9c246,e3b869a4e293d081ec5f5b39c2058c8d27b36f611aa9f8275eb1877a7c8b38b0,exploratory previously inspected 100 questions,not_evaluated
5,100,0.03,0.15,0.15,0.07366666666666666,0.09271924937667159,evidence_passage_len32_t0_seed20261006__hyde_single__hybrid_a0.75_d100,evidence_passage_len32_t0_seed20261006,hyde_single_hybrid,0.75,100,609.1613087133317,Cheryl,isaacus/legal-rag-bench,3a3565bc5429f6cead90548e81f87352b449927e4be1cdd804c28d766bb9c246,e3b869a4e293d081ec5f5b39c2058c8d27b36f611aa9f8275eb1877a7c8b38b0,exploratory previously inspected 100 questions,not_evaluated
10,100,0.02,0.2,0.2,0.08012301587301587,0.10867025156876112,evidence_passage_len32_t0_seed20261006__hyde_single__hybrid_a0.75_d100,evidence_passage_len32_t0_seed20261006,hyde_single_hybrid,0.75,100,609.1613087133317,Cheryl,isaacus/legal-rag-bench,3a3565bc5429f6cead90548e81f87352b449927e4be1cdd804c28d766bb9c246,e3b869a4e293d081ec5f5b39c2058c8d27b36f611aa9f8275eb1877a7c8b38b0,exploratory previously inspected 100 questions,not_evaluated
1,100,0.09,0.09,0.09,0.09,0.09,evidence_passage_len32_t0_seed20261006__question_plus_hyde,evidence_passage_len32_t0_seed20261006,question_plus_hyde,,100,608.7913310033332,Cheryl,isaacus/legal-rag-bench,3a3565bc5429f6cead90548e81f87352b449927e4be1cdd804c28d766bb9c246,e3b869a4e293d081ec5f5b39c2058c8d27b36f611aa9f8275eb1877a7c8b38b0,exploratory previously inspected 100 questions,not_evaluated
3,100,0.06666666666666667,0.2,0.2,0.1383333333333333,0.15416508275000204,evidence_passage_len32_t0_seed20261006__question_plus_hyde,evidence_passage_len32_t0_seed20261006,question_plus_hyde,,100,608.7913310033332,Cheryl,isaacus/legal-rag-bench,3a3565bc5429f6cead90548e81f87352b449927e4be1cdd804c28d766bb9c246,e3b869a4e293d081ec5f5b39c2058c8d27b36f611aa9f8275eb1877a7c8b38b0,exploratory previously inspected 100 questions,not_evaluated
5,100,0.052000000000000005,0.26,0.26,0.15283333333333332,0.1795674387260171,evidence_passage_len32_t0_seed20261006__question_plus_hyde,evidence_passage_len32_t0_seed20261006,question_plus_hyde,,100,608.7913310033332,Cheryl,isaacus/legal-rag-bench,3a3565bc5429f6cead90548e81f87352b449927e4be1cdd804c28d766bb9c246,e3b869a4e293d081ec5f5b39c2058c8d27b36f611aa9f8275eb1877a7c8b38b0,exploratory previously inspected 100 questions,not_evaluated
10,100,0.033,0.33,0.33,0.16201984126984126,0.20207602074048733,evidence_passage_len32_t0_seed20261006__question_plus_hyde,evidence_passage_len32_t0_seed20261006,question_plus_hyde,,100,608.7913310033332,Cheryl,isaacus/legal-rag-bench,3a3565bc5429f6cead90548e81f87352b449927e4be1cdd804c28d766bb9c246,e3b869a4e293d081ec5f5b39c2058c8d27b36f611aa9f8275eb1877a7c8b38b0,exploratory previously inspected 100 questions,not_evaluated
1,100,0.17,0.17,0.17,0.17,0.17,evidence_passage_len32_t0_seed20261006__question_plus_hyde__hybrid_a0.25_d20,evidence_passage_len32_t0_seed20261006,question_plus_hyde_hybrid,0.25,20,609.0487957333323,Cheryl,isaacus/legal-rag-bench,3a3565bc5429f6cead90548e81f87352b449927e4be1cdd804c28d766bb9c246,e3b869a4e293d081ec5f5b39c2058c8d27b36f611aa9f8275eb1877a7c8b38b0,exploratory previously inspected 100 questions,not_evaluated
3,100,0.09000000000000001,0.27,0.27,0.20999999999999996,0.2252371901428583,evidence_passage_len32_t0_seed20261006__question_plus_hyde__hybrid_a0.25_d20,evidence_passage_len32_t0_seed20261006,question_plus_hyde_hybrid,0.25,20,609.0487957333323,Cheryl,isaacus/legal-rag-bench,3a3565bc5429f6cead90548e81f87352b449927e4be1cdd804c28d766bb9c246,e3b869a4e293d081ec5f5b39c2058c8d27b36f611aa9f8275eb1877a7c8b38b0,exploratory previously inspected 100 questions,not_evaluated
5,100,0.062,0.31,0.31,0.21849999999999997,0.24114953994062852,evidence_passage_len32_t0_seed20261006__question_plus_hyde__hybrid_a0.25_d20,evidence_passage_len32_t0_seed20261006,question_plus_hyde_hybrid,0.25,20,609.0487957333323,Cheryl,isaacus/legal-rag-bench,3a3565bc5429f6cead90548e81f87352b449927e4be1cdd804c28d766bb9c246,e3b869a4e293d081ec5f5b39c2058c8d27b36f611aa9f8275eb1877a7c8b38b0,exploratory previously inspected 100 questions,not_evaluated
10,100,0.037,0.37,0.37,0.22676190476190475,0.26080696281501575,evidence_passage_len32_t0_seed20261006__question_plus_hyde__hybrid_a0.25_d20,evidence_passage_len32_t0_seed20261006,question_plus_hyde_hybrid,0.25,20,609.0487957333323,Cheryl,isaacus/legal-rag-bench,3a3565bc5429f6cead90548e81f87352b449927e4be1cdd804c28d766bb9c246,e3b869a4e293d081ec5f5b39c2058c8d27b36f611aa9f8275eb1877a7c8b38b0,exploratory previously inspected 100 questions,not_evaluated
1,100,0.12,0.12,0.12,0.12,0.12,evidence_passage_len32_t0_seed20261006__question_plus_hyde__hybrid_a0.5_d20,evidence_passage_len32_t0_seed20261006,question_plus_hyde_hybrid,0.5,20,609.0613756733308,Cheryl,isaacus/legal-rag-bench,3a3565bc5429f6cead90548e81f87352b449927e4be1cdd804c28d766bb9c246,e3b869a4e293d081ec5f5b39c2058c8d27b36f611aa9f8275eb1877a7c8b38b0,exploratory previously inspected 100 questions,not_evaluated
3,100,0.07666666666666667,0.23,0.23,0.16833333333333333,0.18416508275000204,evidence_passage_len32_t0_seed20261006__question_plus_hyde__hybrid_a0.5_d20,evidence_passage_len32_t0_seed20261006,question_plus_hyde_hybrid,0.5,20,609.0613756733308,Cheryl,isaacus/legal-rag-bench,3a3565bc5429f6cead90548e81f87352b449927e4be1cdd804c28d766bb9c246,e3b869a4e293d081ec5f5b39c2058c8d27b36f611aa9f8275eb1877a7c8b38b0,exploratory previously inspected 100 questions,not_evaluated
5,100,0.068,0.34,0.34,0.19183333333333333,0.22803360407096715,evidence_passage_len32_t0_seed20261006__question_plus_hyde__hybrid_a0.5_d20,evidence_passage_len32_t0_seed20261006,question_plus_hyde_hybrid,0.5,20,609.0613756733308,Cheryl,isaacus/legal-rag-bench,3a3565bc5429f6cead90548e81f87352b449927e4be1cdd804c28d766bb9c246,e3b869a4e293d081ec5f5b39c2058c8d27b36f611aa9f8275eb1877a7c8b38b0,exploratory previously inspected 100 questions,not_evaluated
10,100,0.044,0.44,0.44,0.20695238095238097,0.26215326096208286,evidence_passage_len32_t0_seed20261006__question_plus_hyde__hybrid_a0.5_d20,evidence_passage_len32_t0_seed20261006,question_plus_hyde_hybrid,0.5,20,609.0613756733308,Cheryl,isaacus/legal-rag-bench,3a3565bc5429f6cead90548e81f87352b449927e4be1cdd804c28d766bb9c246,e3b869a4e293d081ec5f5b39c2058c8d27b36f611aa9f8275eb1877a7c8b38b0,exploratory previously inspected 100 questions,not_evaluated
1,100,0.09,0.09,0.09,0.09,0.09,evidence_passage_len32_t0_seed20261006__question_plus_hyde__hybrid_a0.75_d20,evidence_passage_len32_t0_seed20261006,question_plus_hyde_hybrid,0.75,20,609.1939928833324,Cheryl,isaacus/legal-rag-bench,3a3565bc5429f6cead90548e81f87352b449927e4be1cdd804c28d766bb9c246,e3b869a4e293d081ec5f5b39c2058c8d27b36f611aa9f8275eb1877a7c8b38b0,exploratory previously inspected 100 questions,not_evaluated
3,100,0.06666666666666667,0.2,0.2,0.135,0.1515464876785729,evidence_passage_len32_t0_seed20261006__question_plus_hyde__hybrid_a0.75_d20,evidence_passage_len32_t0_seed20261006,question_plus_hyde_hybrid,0.75,20,609.1939928833324,Cheryl,isaacus/legal-rag-bench,3a3565bc5429f6cead90548e81f87352b449927e4be1cdd804c28d766bb9c246,e3b869a4e293d081ec5f5b39c2058c8d27b36f611aa9f8275eb1877a7c8b38b0,exploratory previously inspected 100 questions,not_evaluated
5,100,0.05600000000000001,0.28,0.28,0.153,0.18424766229089026,evidence_passage_len32_t0_seed20261006__question_plus_hyde__hybrid_a0.75_d20,evidence_passage_len32_t0_seed20261006,question_plus_hyde_hybrid,0.75,20,609.1939928833324,Cheryl,isaacus/legal-rag-bench,3a3565bc5429f6cead90548e81f87352b449927e4be1cdd804c28d766bb9c246,e3b869a4e293d081ec5f5b39c2058c8d27b36f611aa9f8275eb1877a7c8b38b0,exploratory previously inspected 100 questions,not_evaluated
10,100,0.036,0.36,0.36,0.16435714285714284,0.21080049036969103,evidence_passage_len32_t0_seed20261006__question_plus_hyde__hybrid_a0.75_d20,evidence_passage_len32_t0_seed20261006,question_plus_hyde_hybrid,0.75,20,609.1939928833324,Cheryl,isaacus/legal-rag-bench,3a3565bc5429f6cead90548e81f87352b449927e4be1cdd804c28d766bb9c246,e3b869a4e293d081ec5f5b39c2058c8d27b36f611aa9f8275eb1877a7c8b38b0,exploratory previously inspected 100 questions,not_evaluated
1,100,0.18,0.18,0.18,0.18,0.18,evidence_passage_len32_t0_seed20261006__question_plus_hyde__hybrid_a0.25_d100,evidence_passage_len32_t0_seed20261006,question_plus_hyde_hybrid,0.25,100,609.3513474233316,Cheryl,isaacus/legal-rag-bench,3a3565bc5429f6cead90548e81f87352b449927e4be1cdd804c28d766bb9c246,e3b869a4e293d081ec5f5b39c2058c8d27b36f611aa9f8275eb1877a7c8b38b0,exploratory previously inspected 100 questions,not_evaluated
3,100,0.10333333333333333,0.31,0.31,0.22999999999999995,0.25023719014285833,evidence_passage_len32_t0_seed20261006__question_plus_hyde__hybrid_a0.25_d100,evidence_passage_len32_t0_seed20261006,question_plus_hyde_hybrid,0.25,100,609.3513474233316,Cheryl,isaacus/legal-rag-bench,3a3565bc5429f6cead90548e81f87352b449927e4be1cdd804c28d766bb9c246,e3b869a4e293d081ec5f5b39c2058c8d27b36f611aa9f8275eb1877a7c8b38b0,exploratory previously inspected 100 questions,not_evaluated
5,100,0.066,0.33,0.33,0.2345,0.2584124837959376,evidence_passage_len32_t0_seed20261006__question_plus_hyde__hybrid_a0.25_d100,evidence_passage_len32_t0_seed20261006,question_plus_hyde_hybrid,0.25,100,609.3513474233316,Cheryl,isaacus/legal-rag-bench,3a3565bc5429f6cead90548e81f87352b449927e4be1cdd804c28d766bb9c246,e3b869a4e293d081ec5f5b39c2058c8d27b36f611aa9f8275eb1877a7c8b38b0,exploratory previously inspected 100 questions,not_evaluated
10,100,0.046,0.46,0.46,0.2511904761904762,0.2997775082710156,evidence_passage_len32_t0_seed20261006__question_plus_hyde__hybrid_a0.25_d100,evidence_passage_len32_t0_seed20261006,question_plus_hyde_hybrid,0.25,100,609.3513474233316,Cheryl,isaacus/legal-rag-bench,3a3565bc5429f6cead90548e81f87352b449927e4be1cdd804c28d766bb9c246,e3b869a4e293d081ec5f5b39c2058c8d27b36f611aa9f8275eb1877a7c8b38b0,exploratory previously inspected 100 questions,not_evaluated
1,100,0.11,0.11,0.11,0.11,0.11,evidence_passage_len32_t0_seed20261006__question_plus_hyde__hybrid_a0.5_d100,evidence_passage_len32_t0_seed20261006,question_plus_hyde_hybrid,0.5,100,609.3774748233329,Cheryl,isaacus/legal-rag-bench,3a3565bc5429f6cead90548e81f87352b449927e4be1cdd804c28d766bb9c246,e3b869a4e293d081ec5f5b39c2058c8d27b36f611aa9f8275eb1877a7c8b38b0,exploratory previously inspected 100 questions,not_evaluated
3,100,0.07666666666666667,0.23,0.23,0.16333333333333333,0.1804743802857166,evidence_passage_len32_t0_seed20261006__question_plus_hyde__hybrid_a0.5_d100,evidence_passage_len32_t0_seed20261006,question_plus_hyde_hybrid,0.5,100,609.3774748233329,Cheryl,isaacus/legal-rag-bench,3a3565bc5429f6cead90548e81f87352b449927e4be1cdd804c28d766bb9c246,e3b869a4e293d081ec5f5b39c2058c8d27b36f611aa9f8275eb1877a7c8b38b0,exploratory previously inspected 100 questions,not_evaluated
5,100,0.062,0.31,0.31,0.18133333333333332,0.21317555489803403,evidence_passage_len32_t0_seed20261006__question_plus_hyde__hybrid_a0.5_d100,evidence_passage_len32_t0_seed20261006,question_plus_hyde_hybrid,0.5,100,609.3774748233329,Cheryl,isaacus/legal-rag-bench,3a3565bc5429f6cead90548e81f87352b449927e4be1cdd804c28d766bb9c246,e3b869a4e293d081ec5f5b39c2058c8d27b36f611aa9f8275eb1877a7c8b38b0,exploratory previously inspected 100 questions,not_evaluated
10,100,0.045,0.45,0.45,0.20019841269841268,0.2586396311532933,evidence_passage_len32_t0_seed20261006__question_plus_hyde__hybrid_a0.5_d100,evidence_passage_len32_t0_seed20261006,question_plus_hyde_hybrid,0.5,100,609.3774748233329,Cheryl,isaacus/legal-rag-bench,3a3565bc5429f6cead90548e81f87352b449927e4be1cdd804c28d766bb9c246,e3b869a4e293d081ec5f5b39c2058c8d27b36f611aa9f8275eb1877a7c8b38b0,exploratory previously inspected 100 questions,not_evaluated
1,100,0.1,0.1,0.1,0.1,0.1,evidence_passage_len32_t0_seed20261006__question_plus_hyde__hybrid_a0.75_d100,evidence_passage_len32_t0_seed20261006,question_plus_hyde_hybrid,0.75,100,609.3299820033315,Cheryl,isaacus/legal-rag-bench,3a3565bc5429f6cead90548e81f87352b449927e4be1cdd804c28d766bb9c246,e3b869a4e293d081ec5f5b39c2058c8d27b36f611aa9f8275eb1877a7c8b38b0,exploratory previously inspected 100 questions,not_evaluated
3,100,0.06666666666666667,0.2,0.2,0.14166666666666664,0.15654648767857288,evidence_passage_len32_t0_seed20261006__question_plus_hyde__hybrid_a0.75_d100,evidence_passage_len32_t0_seed20261006,question_plus_hyde_hybrid,0.75,100,609.3299820033315,Cheryl,isaacus/legal-rag-bench,3a3565bc5429f6cead90548e81f87352b449927e4be1cdd804c28d766bb9c246,e3b869a4e293d081ec5f5b39c2058c8d27b36f611aa9f8275eb1877a7c8b38b0,exploratory previously inspected 100 questions,not_evaluated
5,100,0.052000000000000005,0.26,0.26,0.15566666666666665,0.18151060614619943,evidence_passage_len32_t0_seed20261006__question_plus_hyde__hybrid_a0.75_d100,evidence_passage_len32_t0_seed20261006,question_plus_hyde_hybrid,0.75,100,609.3299820033315,Cheryl,isaacus/legal-rag-bench,3a3565bc5429f6cead90548e81f87352b449927e4be1cdd804c28d766bb9c246,e3b869a4e293d081ec5f5b39c2058c8d27b36f611aa9f8275eb1877a7c8b38b0,exploratory previously inspected 100 questions,not_evaluated
10,100,0.036,0.36,0.36,0.16929761904761909,0.21415363185946995,evidence_passage_len32_t0_seed20261006__question_plus_hyde__hybrid_a0.75_d100,evidence_passage_len32_t0_seed20261006,question_plus_hyde_hybrid,0.75,100,609.3299820033315,Cheryl,isaacus/legal-rag-bench,3a3565bc5429f6cead90548e81f87352b449927e4be1cdd804c28d766bb9c246,e3b869a4e293d081ec5f5b39c2058c8d27b36f611aa9f8275eb1877a7c8b38b0,exploratory previously inspected 100 questions,not_evaluated
1,100,0.03,0.03,0.03,0.03,0.03,evidence_passage_len32_t0_seed20261006__multi_average,evidence_passage_len32_t0_seed20261006,multi_average,,100,1826.3739930099996,Cheryl,isaacus/legal-rag-bench,3a3565bc5429f6cead90548e81f87352b449927e4be1cdd804c28d766bb9c246,e3b869a4e293d081ec5f5b39c2058c8d27b36f611aa9f8275eb1877a7c8b38b0,exploratory previously inspected 100 questions,not_evaluated
3,100,0.03666666666666667,0.11,0.11,0.06666666666666667,0.07785578521428745,evidence_passage_len32_t0_seed20261006__multi_average,evidence_passage_len32_t0_seed20261006,multi_average,,100,1826.3739930099996,Cheryl,isaacus/legal-rag-bench,3a3565bc5429f6cead90548e81f87352b449927e4be1cdd804c28d766bb9c246,e3b869a4e293d081ec5f5b39c2058c8d27b36f611aa9f8275eb1877a7c8b38b0,exploratory previously inspected 100 questions,not_evaluated
5,100,0.032,0.16,0.16,0.07866666666666666,0.0989513756095686,evidence_passage_len32_t0_seed20261006__multi_average,evidence_passage_len32_t0_seed20261006,multi_average,,100,1826.3739930099996,Cheryl,isaacus/legal-rag-bench,3a3565bc5429f6cead90548e81f87352b449927e4be1cdd804c28d766bb9c246,e3b869a4e293d081ec5f5b39c2058c8d27b36f611aa9f8275eb1877a7c8b38b0,exploratory previously inspected 100 questions,not_evaluated
10,100,0.025,0.25,0.25,0.09090873015873017,0.1283210270741938,evidence_passage_len32_t0_seed20261006__multi_average,evidence_passage_len32_t0_seed20261006,multi_average,,100,1826.3739930099996,Cheryl,isaacus/legal-rag-bench,3a3565bc5429f6cead90548e81f87352b449927e4be1cdd804c28d766bb9c246,e3b869a4e293d081ec5f5b39c2058c8d27b36f611aa9f8275eb1877a7c8b38b0,exploratory previously inspected 100 questions,not_evaluated
1,100,0.16,0.16,0.16,0.16,0.16,evidence_passage_len32_t0_seed20261006__multi_average__hybrid_a0.25_d20,evidence_passage_len32_t0_seed20261006,multi_average_hybrid,0.25,20,1826.6468333599994,Cheryl,isaacus/legal-rag-bench,3a3565bc5429f6cead90548e81f87352b449927e4be1cdd804c28d766bb9c246,e3b869a4e293d081ec5f5b39c2058c8d27b36f611aa9f8275eb1877a7c8b38b0,exploratory previously inspected 100 questions,not_evaluated
3,100,0.08,0.24,0.24,0.195,0.2065464876785729,evidence_passage_len32_t0_seed20261006__multi_average__hybrid_a0.25_d20,evidence_passage_len32_t0_seed20261006,multi_average_hybrid,0.25,20,1826.6468333599994,Cheryl,isaacus/legal-rag-bench,3a3565bc5429f6cead90548e81f87352b449927e4be1cdd804c28d766bb9c246,e3b869a4e293d081ec5f5b39c2058c8d27b36f611aa9f8275eb1877a7c8b38b0,exploratory previously inspected 100 questions,not_evaluated
5,100,0.05600000000000001,0.28,0.28,0.204,0.2228970749847316,evidence_passage_len32_t0_seed20261006__multi_average__hybrid_a0.25_d20,evidence_passage_len32_t0_seed20261006,multi_average_hybrid,0.25,20,1826.6468333599994,Cheryl,isaacus/legal-rag-bench,3a3565bc5429f6cead90548e81f87352b449927e4be1cdd804c28d766bb9c246,e3b869a4e293d081ec5f5b39c2058c8d27b36f611aa9f8275eb1877a7c8b38b0,exploratory previously inspected 100 questions,not_evaluated
10,100,0.034999999999999996,0.35,0.35,0.2141587301587302,0.2463648520168652,evidence_passage_len32_t0_seed20261006__multi_average__hybrid_a0.25_d20,evidence_passage_len32_t0_seed20261006,multi_average_hybrid,0.25,20,1826.6468333599994,Cheryl,isaacus/legal-rag-bench,3a3565bc5429f6cead90548e81f87352b449927e4be1cdd804c28d766bb9c246,e3b869a4e293d081ec5f5b39c2058c8d27b36f611aa9f8275eb1877a7c8b38b0,exploratory previously inspected 100 questions,not_evaluated
1,100,0.13,0.13,0.13,0.13,0.13,evidence_passage_len32_t0_seed20261006__multi_average__hybrid_a0.5_d20,evidence_passage_len32_t0_seed20261006,multi_average_hybrid,0.5,20,1826.6457645999992,Cheryl,isaacus/legal-rag-bench,3a3565bc5429f6cead90548e81f87352b449927e4be1cdd804c28d766bb9c246,e3b869a4e293d081ec5f5b39c2058c8d27b36f611aa9f8275eb1877a7c8b38b0,exploratory previously inspected 100 questions,not_evaluated
3,100,0.08,0.24,0.24,0.17666666666666664,0.19285578521428748,evidence_passage_len32_t0_seed20261006__multi_average__hybrid_a0.5_d20,evidence_passage_len32_t0_seed20261006,multi_average_hybrid,0.5,20,1826.6457645999992,Cheryl,isaacus/legal-rag-bench,3a3565bc5429f6cead90548e81f87352b449927e4be1cdd804c28d766bb9c246,e3b869a4e293d081ec5f5b39c2058c8d27b36f611aa9f8275eb1877a7c8b38b0,exploratory previously inspected 100 questions,not_evaluated
5,100,0.057999999999999996,0.29,0.29,0.18766666666666665,0.21307490059279158,evidence_passage_len32_t0_seed20261006__multi_average__hybrid_a0.5_d20,evidence_passage_len32_t0_seed20261006,multi_average_hybrid,0.5,20,1826.6457645999992,Cheryl,isaacus/legal-rag-bench,3a3565bc5429f6cead90548e81f87352b449927e4be1cdd804c28d766bb9c246,e3b869a4e293d081ec5f5b39c2058c8d27b36f611aa9f8275eb1877a7c8b38b0,exploratory previously inspected 100 questions,not_evaluated
10,100,0.037,0.37,0.37,0.19885714285714282,0.23945868274261833,evidence_passage_len32_t0_seed20261006__multi_average__hybrid_a0.5_d20,evidence_passage_len32_t0_seed20261006,multi_average_hybrid,0.5,20,1826.6457645999992,Cheryl,isaacus/legal-rag-bench,3a3565bc5429f6cead90548e81f87352b449927e4be1cdd804c28d766bb9c246,e3b869a4e293d081ec5f5b39c2058c8d27b36f611aa9f8275eb1877a7c8b38b0,exploratory previously inspected 100 questions,not_evaluated
1,100,0.07,0.07,0.07,0.07,0.07,evidence_passage_len32_t0_seed20261006__multi_average__hybrid_a0.75_d20,evidence_passage_len32_t0_seed20261006,multi_average_hybrid,0.75,20,1826.6699523299997,Cheryl,isaacus/legal-rag-bench,3a3565bc5429f6cead90548e81f87352b449927e4be1cdd804c28d766bb9c246,e3b869a4e293d081ec5f5b39c2058c8d27b36f611aa9f8275eb1877a7c8b38b0,exploratory previously inspected 100 questions,not_evaluated
3,100,0.06,0.18,0.18,0.11833333333333335,0.13416508275000205,evidence_passage_len32_t0_seed20261006__multi_average__hybrid_a0.75_d20,evidence_passage_len32_t0_seed20261006,multi_average_hybrid,0.75,20,1826.6699523299997,Cheryl,isaacus/legal-rag-bench,3a3565bc5429f6cead90548e81f87352b449927e4be1cdd804c28d766bb9c246,e3b869a4e293d081ec5f5b39c2058c8d27b36f611aa9f8275eb1877a7c8b38b0,exploratory previously inspected 100 questions,not_evaluated
5,100,0.044,0.22,0.22,0.12733333333333333,0.15051567005616073,evidence_passage_len32_t0_seed20261006__multi_average__hybrid_a0.75_d20,evidence_passage_len32_t0_seed20261006,multi_average_hybrid,0.75,20,1826.6699523299997,Cheryl,isaacus/legal-rag-bench,3a3565bc5429f6cead90548e81f87352b449927e4be1cdd804c28d766bb9c246,e3b869a4e293d081ec5f5b39c2058c8d27b36f611aa9f8275eb1877a7c8b38b0,exploratory previously inspected 100 questions,not_evaluated
10,100,0.028999999999999998,0.29,0.29,0.13654761904761906,0.17304894918838748,evidence_passage_len32_t0_seed20261006__multi_average__hybrid_a0.75_d20,evidence_passage_len32_t0_seed20261006,multi_average_hybrid,0.75,20,1826.6699523299997,Cheryl,isaacus/legal-rag-bench,3a3565bc5429f6cead90548e81f87352b449927e4be1cdd804c28d766bb9c246,e3b869a4e293d081ec5f5b39c2058c8d27b36f611aa9f8275eb1877a7c8b38b0,exploratory previously inspected 100 questions,not_evaluated
1,100,0.15,0.15,0.15,0.15,0.15,evidence_passage_len32_t0_seed20261006__multi_average__hybrid_a0.25_d100,evidence_passage_len32_t0_seed20261006,multi_average_hybrid,0.25,100,1826.8038776899982,Cheryl,isaacus/legal-rag-bench,3a3565bc5429f6cead90548e81f87352b449927e4be1cdd804c28d766bb9c246,e3b869a4e293d081ec5f5b39c2058c8d27b36f611aa9f8275eb1877a7c8b38b0,exploratory previously inspected 100 questions,not_evaluated
3,100,0.09333333333333334,0.28,0.28,0.2033333333333333,0.22285578521428748,evidence_passage_len32_t0_seed20261006__multi_average__hybrid_a0.25_d100,evidence_passage_len32_t0_seed20261006,multi_average_hybrid,0.25,100,1826.8038776899982,Cheryl,isaacus/legal-rag-bench,3a3565bc5429f6cead90548e81f87352b449927e4be1cdd804c28d766bb9c246,e3b869a4e293d081ec5f5b39c2058c8d27b36f611aa9f8275eb1877a7c8b38b0,exploratory previously inspected 100 questions,not_evaluated
5,100,0.062,0.31,0.31,0.21033333333333332,0.23533784444810074,evidence_passage_len32_t0_seed20261006__multi_average__hybrid_a0.25_d100,evidence_passage_len32_t0_seed20261006,multi_average_hybrid,0.25,100,1826.8038776899982,Cheryl,isaacus/legal-rag-bench,3a3565bc5429f6cead90548e81f87352b449927e4be1cdd804c28d766bb9c246,e3b869a4e293d081ec5f5b39c2058c8d27b36f611aa9f8275eb1877a7c8b38b0,exploratory previously inspected 100 questions,not_evaluated
10,100,0.04,0.4,0.4,0.22171825396825395,0.26382212577241704,evidence_passage_len32_t0_seed20261006__multi_average__hybrid_a0.25_d100,evidence_passage_len32_t0_seed20261006,multi_average_hybrid,0.25,100,1826.8038776899982,Cheryl,isaacus/legal-rag-bench,3a3565bc5429f6cead90548e81f87352b449927e4be1cdd804c28d766bb9c246,e3b869a4e293d081ec5f5b39c2058c8d27b36f611aa9f8275eb1877a7c8b38b0,exploratory previously inspected 100 questions,not_evaluated
1,100,0.1,0.1,0.1,0.1,0.1,evidence_passage_len32_t0_seed20261006__multi_average__hybrid_a0.5_d100,evidence_passage_len32_t0_seed20261006,multi_average_hybrid,0.5,100,1827.1016739100003,Cheryl,isaacus/legal-rag-bench,3a3565bc5429f6cead90548e81f87352b449927e4be1cdd804c28d766bb9c246,e3b869a4e293d081ec5f5b39c2058c8d27b36f611aa9f8275eb1877a7c8b38b0,exploratory previously inspected 100 questions,not_evaluated
3,100,0.07666666666666667,0.23,0.23,0.15,0.17023719014285832,evidence_passage_len32_t0_seed20261006__multi_average__hybrid_a0.5_d100,evidence_passage_len32_t0_seed20261006,multi_average_hybrid,0.5,100,1827.1016739100003,Cheryl,isaacus/legal-rag-bench,3a3565bc5429f6cead90548e81f87352b449927e4be1cdd804c28d766bb9c246,e3b869a4e293d081ec5f5b39c2058c8d27b36f611aa9f8275eb1877a7c8b38b0,exploratory previously inspected 100 questions,not_evaluated
5,100,0.054000000000000006,0.27,0.27,0.1595,0.18702601495740553,evidence_passage_len32_t0_seed20261006__multi_average__hybrid_a0.5_d100,evidence_passage_len32_t0_seed20261006,multi_average_hybrid,0.5,100,1827.1016739100003,Cheryl,isaacus/legal-rag-bench,3a3565bc5429f6cead90548e81f87352b449927e4be1cdd804c28d766bb9c246,e3b869a4e293d081ec5f5b39c2058c8d27b36f611aa9f8275eb1877a7c8b38b0,exploratory previously inspected 100 questions,not_evaluated
10,100,0.036,0.36,0.36,0.17131349206349206,0.2159529813518763,evidence_passage_len32_t0_seed20261006__multi_average__hybrid_a0.5_d100,evidence_passage_len32_t0_seed20261006,multi_average_hybrid,0.5,100,1827.1016739100003,Cheryl,isaacus/legal-rag-bench,3a3565bc5429f6cead90548e81f87352b449927e4be1cdd804c28d766bb9c246,e3b869a4e293d081ec5f5b39c2058c8d27b36f611aa9f8275eb1877a7c8b38b0,exploratory previously inspected 100 questions,not_evaluated
1,100,0.07,0.07,0.07,0.07,0.07,evidence_passage_len32_t0_seed20261006__multi_average__hybrid_a0.75_d100,evidence_passage_len32_t0_seed20261006,multi_average_hybrid,0.75,100,1826.9877112999995,Cheryl,isaacus/legal-rag-bench,3a3565bc5429f6cead90548e81f87352b449927e4be1cdd804c28d766bb9c246,e3b869a4e293d081ec5f5b39c2058c8d27b36f611aa9f8275eb1877a7c8b38b0,exploratory previously inspected 100 questions,not_evaluated
3,100,0.06,0.18,0.18,0.115,0.13154648767857288,evidence_passage_len32_t0_seed20261006__multi_average__hybrid_a0.75_d100,evidence_passage_len32_t0_seed20261006,multi_average_hybrid,0.75,100,1826.9877112999995,Cheryl,isaacus/legal-rag-bench,3a3565bc5429f6cead90548e81f87352b449927e4be1cdd804c28d766bb9c246,e3b869a4e293d081ec5f5b39c2058c8d27b36f611aa9f8275eb1877a7c8b38b0,exploratory previously inspected 100 questions,not_evaluated
5,100,0.041999999999999996,0.21,0.21,0.12200000000000001,0.14402854691238617,evidence_passage_len32_t0_seed20261006__multi_average__hybrid_a0.75_d100,evidence_passage_len32_t0_seed20261006,multi_average_hybrid,0.75,100,1826.9877112999995,Cheryl,isaacus/legal-rag-bench,3a3565bc5429f6cead90548e81f87352b449927e4be1cdd804c28d766bb9c246,e3b869a4e293d081ec5f5b39c2058c8d27b36f611aa9f8275eb1877a7c8b38b0,exploratory previously inspected 100 questions,not_evaluated
10,100,0.028000000000000004,0.28,0.28,0.13046825396825396,0.16579610759776497,evidence_passage_len32_t0_seed20261006__multi_average__hybrid_a0.75_d100,evidence_passage_len32_t0_seed20261006,multi_average_hybrid,0.75,100,1826.9877112999995,Cheryl,isaacus/legal-rag-bench,3a3565bc5429f6cead90548e81f87352b449927e4be1cdd804c28d766bb9c246,e3b869a4e293d081ec5f5b39c2058c8d27b36f611aa9f8275eb1877a7c8b38b0,exploratory previously inspected 100 questions,not_evaluated
1,100,0.03,0.03,0.03,0.03,0.03,evidence_passage_len32_t0_seed20261006__multi_rrf,evidence_passage_len32_t0_seed20261006,multi_rrf,,100,1826.3739930099996,Cheryl,isaacus/legal-rag-bench,3a3565bc5429f6cead90548e81f87352b449927e4be1cdd804c28d766bb9c246,e3b869a4e293d081ec5f5b39c2058c8d27b36f611aa9f8275eb1877a7c8b38b0,exploratory previously inspected 100 questions,not_evaluated
3,100,0.02666666666666667,0.08,0.08,0.05333333333333333,0.060237190142858305,evidence_passage_len32_t0_seed20261006__multi_rrf,evidence_passage_len32_t0_seed20261006,multi_rrf,,100,1826.3739930099996,Cheryl,isaacus/legal-rag-bench,3a3565bc5429f6cead90548e81f87352b449927e4be1cdd804c28d766bb9c246,e3b869a4e293d081ec5f5b39c2058c8d27b36f611aa9f8275eb1877a7c8b38b0,exploratory previously inspected 100 questions,not_evaluated
5,100,0.028000000000000004,0.14,0.14,0.06683333333333333,0.08476307110209634,evidence_passage_len32_t0_seed20261006__multi_rrf,evidence_passage_len32_t0_seed20261006,multi_rrf,,100,1826.3739930099996,Cheryl,isaacus/legal-rag-bench,3a3565bc5429f6cead90548e81f87352b449927e4be1cdd804c28d766bb9c246,e3b869a4e293d081ec5f5b39c2058c8d27b36f611aa9f8275eb1877a7c8b38b0,exploratory previously inspected 100 questions,not_evaluated
10,100,0.020999999999999998,0.21,0.21,0.07620634920634921,0.1074307939331234,evidence_passage_len32_t0_seed20261006__multi_rrf,evidence_passage_len32_t0_seed20261006,multi_rrf,,100,1826.3739930099996,Cheryl,isaacus/legal-rag-bench,3a3565bc5429f6cead90548e81f87352b449927e4be1cdd804c28d766bb9c246,e3b869a4e293d081ec5f5b39c2058c8d27b36f611aa9f8275eb1877a7c8b38b0,exploratory previously inspected 100 questions,not_evaluated
1,100,0.15,0.15,0.15,0.15,0.15,evidence_passage_len32_t0_seed20261006__multi_rrf__hybrid_a0.25_d20,evidence_passage_len32_t0_seed20261006,multi_rrf_hybrid,0.25,20,1826.6431408399978,Cheryl,isaacus/legal-rag-bench,3a3565bc5429f6cead90548e81f87352b449927e4be1cdd804c28d766bb9c246,e3b869a4e293d081ec5f5b39c2058c8d27b36f611aa9f8275eb1877a7c8b38b0,exploratory previously inspected 100 questions,not_evaluated
3,100,0.08333333333333333,0.25,0.25,0.19333333333333333,0.20785578521428746,evidence_passage_len32_t0_seed20261006__multi_rrf__hybrid_a0.25_d20,evidence_passage_len32_t0_seed20261006,multi_rrf_hybrid,0.25,20,1826.6431408399978,Cheryl,isaacus/legal-rag-bench,3a3565bc5429f6cead90548e81f87352b449927e4be1cdd804c28d766bb9c246,e3b869a4e293d081ec5f5b39c2058c8d27b36f611aa9f8275eb1877a7c8b38b0,exploratory previously inspected 100 questions,not_evaluated
5,100,0.05600000000000001,0.28,0.28,0.19983333333333334,0.2198996069397122,evidence_passage_len32_t0_seed20261006__multi_rrf__hybrid_a0.25_d20,evidence_passage_len32_t0_seed20261006,multi_rrf_hybrid,0.25,20,1826.6431408399978,Cheryl,isaacus/legal-rag-bench,3a3565bc5429f6cead90548e81f87352b449927e4be1cdd804c28d766bb9c246,e3b869a4e293d081ec5f5b39c2058c8d27b36f611aa9f8275eb1877a7c8b38b0,exploratory previously inspected 100 questions,not_evaluated
10,100,0.037,0.37,0.37,0.21186507936507937,0.24903959365391765,evidence_passage_len32_t0_seed20261006__multi_rrf__hybrid_a0.25_d20,evidence_passage_len32_t0_seed20261006,multi_rrf_hybrid,0.25,20,1826.6431408399978,Cheryl,isaacus/legal-rag-bench,3a3565bc5429f6cead90548e81f87352b449927e4be1cdd804c28d766bb9c246,e3b869a4e293d081ec5f5b39c2058c8d27b36f611aa9f8275eb1877a7c8b38b0,exploratory previously inspected 100 questions,not_evaluated
1,100,0.11,0.11,0.11,0.11,0.11,evidence_passage_len32_t0_seed20261006__multi_rrf__hybrid_a0.5_d20,evidence_passage_len32_t0_seed20261006,multi_rrf_hybrid,0.5,20,1826.634439889998,Cheryl,isaacus/legal-rag-bench,3a3565bc5429f6cead90548e81f87352b449927e4be1cdd804c28d766bb9c246,e3b869a4e293d081ec5f5b39c2058c8d27b36f611aa9f8275eb1877a7c8b38b0,exploratory previously inspected 100 questions,not_evaluated
3,100,0.08333333333333333,0.25,0.25,0.16833333333333336,0.18916508275000204,evidence_passage_len32_t0_seed20261006__multi_rrf__hybrid_a0.5_d20,evidence_passage_len32_t0_seed20261006,multi_rrf_hybrid,0.5,20,1826.634439889998,Cheryl,isaacus/legal-rag-bench,3a3565bc5429f6cead90548e81f87352b449927e4be1cdd804c28d766bb9c246,e3b869a4e293d081ec5f5b39c2058c8d27b36f611aa9f8275eb1877a7c8b38b0,exploratory previously inspected 100 questions,not_evaluated
5,100,0.05600000000000001,0.28,0.28,0.1753333333333333,0.2016471419838153,evidence_passage_len32_t0_seed20261006__multi_rrf__hybrid_a0.5_d20,evidence_passage_len32_t0_seed20261006,multi_rrf_hybrid,0.5,20,1826.634439889998,Cheryl,isaacus/legal-rag-bench,3a3565bc5429f6cead90548e81f87352b449927e4be1cdd804c28d766bb9c246,e3b869a4e293d081ec5f5b39c2058c8d27b36f611aa9f8275eb1877a7c8b38b0,exploratory previously inspected 100 questions,not_evaluated
10,100,0.038,0.38,0.38,0.18798015873015875,0.23329571071249094,evidence_passage_len32_t0_seed20261006__multi_rrf__hybrid_a0.5_d20,evidence_passage_len32_t0_seed20261006,multi_rrf_hybrid,0.5,20,1826.634439889998,Cheryl,isaacus/legal-rag-bench,3a3565bc5429f6cead90548e81f87352b449927e4be1cdd804c28d766bb9c246,e3b869a4e293d081ec5f5b39c2058c8d27b36f611aa9f8275eb1877a7c8b38b0,exploratory previously inspected 100 questions,not_evaluated
1,100,0.05,0.05,0.05,0.05,0.05,evidence_passage_len32_t0_seed20261006__multi_rrf__hybrid_a0.75_d20,evidence_passage_len32_t0_seed20261006,multi_rrf_hybrid,0.75,20,1826.65316792,Cheryl,isaacus/legal-rag-bench,3a3565bc5429f6cead90548e81f87352b449927e4be1cdd804c28d766bb9c246,e3b869a4e293d081ec5f5b39c2058c8d27b36f611aa9f8275eb1877a7c8b38b0,exploratory previously inspected 100 questions,not_evaluated
3,100,0.05666666666666667,0.17,0.17,0.1,0.11785578521428747,evidence_passage_len32_t0_seed20261006__multi_rrf__hybrid_a0.75_d20,evidence_passage_len32_t0_seed20261006,multi_rrf_hybrid,0.75,20,1826.65316792,Cheryl,isaacus/legal-rag-bench,3a3565bc5429f6cead90548e81f87352b449927e4be1cdd804c28d766bb9c246,e3b869a4e293d081ec5f5b39c2058c8d27b36f611aa9f8275eb1877a7c8b38b0,exploratory previously inspected 100 questions,not_evaluated
5,100,0.046,0.23,0.23,0.113,0.14194342866513698,evidence_passage_len32_t0_seed20261006__multi_rrf__hybrid_a0.75_d20,evidence_passage_len32_t0_seed20261006,multi_rrf_hybrid,0.75,20,1826.65316792,Cheryl,isaacus/legal-rag-bench,3a3565bc5429f6cead90548e81f87352b449927e4be1cdd804c28d766bb9c246,e3b869a4e293d081ec5f5b39c2058c8d27b36f611aa9f8275eb1877a7c8b38b0,exploratory previously inspected 100 questions,not_evaluated
10,100,0.028999999999999998,0.29,0.29,0.1214404761904762,0.16177953610500026,evidence_passage_len32_t0_seed20261006__multi_rrf__hybrid_a0.75_d20,evidence_passage_len32_t0_seed20261006,multi_rrf_hybrid,0.75,20,1826.65316792,Cheryl,isaacus/legal-rag-bench,3a3565bc5429f6cead90548e81f87352b449927e4be1cdd804c28d766bb9c246,e3b869a4e293d081ec5f5b39c2058c8d27b36f611aa9f8275eb1877a7c8b38b0,exploratory previously inspected 100 questions,not_evaluated
1,100,0.14,0.14,0.14,0.14,0.14,evidence_passage_len32_t0_seed20261006__multi_rrf__hybrid_a0.25_d100,evidence_passage_len32_t0_seed20261006,multi_rrf_hybrid,0.25,100,1826.7588599499993,Cheryl,isaacus/legal-rag-bench,3a3565bc5429f6cead90548e81f87352b449927e4be1cdd804c28d766bb9c246,e3b869a4e293d081ec5f5b39c2058c8d27b36f611aa9f8275eb1877a7c8b38b0,exploratory previously inspected 100 questions,not_evaluated
3,100,0.08666666666666667,0.26,0.26,0.19,0.20785578521428746,evidence_passage_len32_t0_seed20261006__multi_rrf__hybrid_a0.25_d100,evidence_passage_len32_t0_seed20261006,multi_rrf_hybrid,0.25,100,1826.7588599499993,Cheryl,isaacus/legal-rag-bench,3a3565bc5429f6cead90548e81f87352b449927e4be1cdd804c28d766bb9c246,e3b869a4e293d081ec5f5b39c2058c8d27b36f611aa9f8275eb1877a7c8b38b0,exploratory previously inspected 100 questions,not_evaluated
5,100,0.054000000000000006,0.27,0.27,0.1925,0.21216255079502142,evidence_passage_len32_t0_seed20261006__multi_rrf__hybrid_a0.25_d100,evidence_passage_len32_t0_seed20261006,multi_rrf_hybrid,0.25,100,1826.7588599499993,Cheryl,isaacus/legal-rag-bench,3a3565bc5429f6cead90548e81f87352b449927e4be1cdd804c28d766bb9c246,e3b869a4e293d081ec5f5b39c2058c8d27b36f611aa9f8275eb1877a7c8b38b0,exploratory previously inspected 100 questions,not_evaluated
10,100,0.036,0.36,0.36,0.2051388888888889,0.24189538449619377,evidence_passage_len32_t0_seed20261006__multi_rrf__hybrid_a0.25_d100,evidence_passage_len32_t0_seed20261006,multi_rrf_hybrid,0.25,100,1826.7588599499993,Cheryl,isaacus/legal-rag-bench,3a3565bc5429f6cead90548e81f87352b449927e4be1cdd804c28d766bb9c246,e3b869a4e293d081ec5f5b39c2058c8d27b36f611aa9f8275eb1877a7c8b38b0,exploratory previously inspected 100 questions,not_evaluated
1,100,0.1,0.1,0.1,0.1,0.1,evidence_passage_len32_t0_seed20261006__multi_rrf__hybrid_a0.5_d100,evidence_passage_len32_t0_seed20261006,multi_rrf_hybrid,0.5,100,1826.73518123,Cheryl,isaacus/legal-rag-bench,3a3565bc5429f6cead90548e81f87352b449927e4be1cdd804c28d766bb9c246,e3b869a4e293d081ec5f5b39c2058c8d27b36f611aa9f8275eb1877a7c8b38b0,exploratory previously inspected 100 questions,not_evaluated
3,100,0.06999999999999999,0.21,0.21,0.14333333333333334,0.1602371901428583,evidence_passage_len32_t0_seed20261006__multi_rrf__hybrid_a0.5_d100,evidence_passage_len32_t0_seed20261006,multi_rrf_hybrid,0.5,100,1826.73518123,Cheryl,isaacus/legal-rag-bench,3a3565bc5429f6cead90548e81f87352b449927e4be1cdd804c28d766bb9c246,e3b869a4e293d081ec5f5b39c2058c8d27b36f611aa9f8275eb1877a7c8b38b0,exploratory previously inspected 100 questions,not_evaluated
5,100,0.046,0.23,0.23,0.14783333333333334,0.16841248379593765,evidence_passage_len32_t0_seed20261006__multi_rrf__hybrid_a0.5_d100,evidence_passage_len32_t0_seed20261006,multi_rrf_hybrid,0.5,100,1826.73518123,Cheryl,isaacus/legal-rag-bench,3a3565bc5429f6cead90548e81f87352b449927e4be1cdd804c28d766bb9c246,e3b869a4e293d081ec5f5b39c2058c8d27b36f611aa9f8275eb1877a7c8b38b0,exploratory previously inspected 100 questions,not_evaluated
10,100,0.034,0.34,0.34,0.16132936507936507,0.20279771334007266,evidence_passage_len32_t0_seed20261006__multi_rrf__hybrid_a0.5_d100,evidence_passage_len32_t0_seed20261006,multi_rrf_hybrid,0.5,100,1826.73518123,Cheryl,isaacus/legal-rag-bench,3a3565bc5429f6cead90548e81f87352b449927e4be1cdd804c28d766bb9c246,e3b869a4e293d081ec5f5b39c2058c8d27b36f611aa9f8275eb1877a7c8b38b0,exploratory previously inspected 100 questions,not_evaluated
1,100,0.05,0.05,0.05,0.05,0.05,evidence_passage_len32_t0_seed20261006__multi_rrf__hybrid_a0.75_d100,evidence_passage_len32_t0_seed20261006,multi_rrf_hybrid,0.75,100,1826.7307990699999,Cheryl,isaacus/legal-rag-bench,3a3565bc5429f6cead90548e81f87352b449927e4be1cdd804c28d766bb9c246,e3b869a4e293d081ec5f5b39c2058c8d27b36f611aa9f8275eb1877a7c8b38b0,exploratory previously inspected 100 questions,not_evaluated
3,100,0.06,0.18,0.18,0.10166666666666666,0.12154648767857289,evidence_passage_len32_t0_seed20261006__multi_rrf__hybrid_a0.75_d100,evidence_passage_len32_t0_seed20261006,multi_rrf_hybrid,0.75,100,1826.7307990699999,Cheryl,isaacus/legal-rag-bench,3a3565bc5429f6cead90548e81f87352b449927e4be1cdd804c28d766bb9c246,e3b869a4e293d081ec5f5b39c2058c8d27b36f611aa9f8275eb1877a7c8b38b0,exploratory previously inspected 100 questions,not_evaluated
5,100,0.044,0.22,0.22,0.11016666666666666,0.13745883747634305,evidence_passage_len32_t0_seed20261006__multi_rrf__hybrid_a0.75_d100,evidence_passage_len32_t0_seed20261006,multi_rrf_hybrid,0.75,100,1826.7307990699999,Cheryl,isaacus/legal-rag-bench,3a3565bc5429f6cead90548e81f87352b449927e4be1cdd804c28d766bb9c246,e3b869a4e293d081ec5f5b39c2058c8d27b36f611aa9f8275eb1877a7c8b38b0,exploratory previously inspected 100 questions,not_evaluated
10,100,0.028999999999999998,0.29,0.29,0.11852380952380955,0.15910674646826095,evidence_passage_len32_t0_seed20261006__multi_rrf__hybrid_a0.75_d100,evidence_passage_len32_t0_seed20261006,multi_rrf_hybrid,0.75,100,1826.7307990699999,Cheryl,isaacus/legal-rag-bench,3a3565bc5429f6cead90548e81f87352b449927e4be1cdd804c28d766bb9c246,e3b869a4e293d081ec5f5b39c2058c8d27b36f611aa9f8275eb1877a7c8b38b0,exploratory previously inspected 100 questions,not_evaluated
1,100,0.04,0.04,0.04,0.04,0.04,evidence_passage_len32_t0.7_seed20261006__hyde_single,evidence_passage_len32_t0.7_seed20261006,hyde_single,,100,835.8882390600002,Cheryl,isaacus/legal-rag-bench,3a3565bc5429f6cead90548e81f87352b449927e4be1cdd804c28d766bb9c246,e3b869a4e293d081ec5f5b39c2058c8d27b36f611aa9f8275eb1877a7c8b38b0,exploratory previously inspected 100 questions,not_evaluated
3,100,0.016666666666666666,0.05,0.05,0.04333333333333333,0.045,evidence_passage_len32_t0.7_seed20261006__hyde_single,evidence_passage_len32_t0.7_seed20261006,hyde_single,,100,835.8882390600002,Cheryl,isaacus/legal-rag-bench,3a3565bc5429f6cead90548e81f87352b449927e4be1cdd804c28d766bb9c246,e3b869a4e293d081ec5f5b39c2058c8d27b36f611aa9f8275eb1877a7c8b38b0,exploratory previously inspected 100 questions,not_evaluated
5,100,0.016,0.08,0.08,0.049833333333333334,0.05704382172542476,evidence_passage_len32_t0.7_seed20261006__hyde_single,evidence_passage_len32_t0.7_seed20261006,hyde_single,,100,835.8882390600002,Cheryl,isaacus/legal-rag-bench,3a3565bc5429f6cead90548e81f87352b449927e4be1cdd804c28d766bb9c246,e3b869a4e293d081ec5f5b39c2058c8d27b36f611aa9f8275eb1877a7c8b38b0,exploratory previously inspected 100 questions,not_evaluated
10,100,0.013000000000000001,0.13,0.13,0.056845238095238095,0.0735465958319547,evidence_passage_len32_t0.7_seed20261006__hyde_single,evidence_passage_len32_t0.7_seed20261006,hyde_single,,100,835.8882390600002,Cheryl,isaacus/legal-rag-bench,3a3565bc5429f6cead90548e81f87352b449927e4be1cdd804c28d766bb9c246,e3b869a4e293d081ec5f5b39c2058c8d27b36f611aa9f8275eb1877a7c8b38b0,exploratory previously inspected 100 questions,not_evaluated
1,100,0.11,0.11,0.11,0.11,0.11,evidence_passage_len32_t0.7_seed20261006__hyde_single__hybrid_a0.25_d20,evidence_passage_len32_t0.7_seed20261006,hyde_single_hybrid,0.25,20,836.1389559299994,Cheryl,isaacus/legal-rag-bench,3a3565bc5429f6cead90548e81f87352b449927e4be1cdd804c28d766bb9c246,e3b869a4e293d081ec5f5b39c2058c8d27b36f611aa9f8275eb1877a7c8b38b0,exploratory previously inspected 100 questions,not_evaluated
3,100,0.08,0.24,0.24,0.16833333333333336,0.1867836778214312,evidence_passage_len32_t0.7_seed20261006__hyde_single__hybrid_a0.25_d20,evidence_passage_len32_t0.7_seed20261006,hyde_single_hybrid,0.25,20,836.1389559299994,Cheryl,isaacus/legal-rag-bench,3a3565bc5429f6cead90548e81f87352b449927e4be1cdd804c28d766bb9c246,e3b869a4e293d081ec5f5b39c2058c8d27b36f611aa9f8275eb1877a7c8b38b0,exploratory previously inspected 100 questions,not_evaluated
5,100,0.052000000000000005,0.26,0.26,0.1728333333333333,0.19495897147451052,evidence_passage_len32_t0.7_seed20261006__hyde_single__hybrid_a0.25_d20,evidence_passage_len32_t0.7_seed20261006,hyde_single_hybrid,0.25,20,836.1389559299994,Cheryl,isaacus/legal-rag-bench,3a3565bc5429f6cead90548e81f87352b449927e4be1cdd804c28d766bb9c246,e3b869a4e293d081ec5f5b39c2058c8d27b36f611aa9f8275eb1877a7c8b38b0,exploratory previously inspected 100 questions,not_evaluated
10,100,0.036,0.36,0.36,0.1874642857142857,0.2285858893232009,evidence_passage_len32_t0.7_seed20261006__hyde_single__hybrid_a0.25_d20,evidence_passage_len32_t0.7_seed20261006,hyde_single_hybrid,0.25,20,836.1389559299994,Cheryl,isaacus/legal-rag-bench,3a3565bc5429f6cead90548e81f87352b449927e4be1cdd804c28d766bb9c246,e3b869a4e293d081ec5f5b39c2058c8d27b36f611aa9f8275eb1877a7c8b38b0,exploratory previously inspected 100 questions,not_evaluated
1,100,0.1,0.1,0.1,0.1,0.1,evidence_passage_len32_t0.7_seed20261006__hyde_single__hybrid_a0.5_d20,evidence_passage_len32_t0.7_seed20261006,hyde_single_hybrid,0.5,20,836.1426908199985,Cheryl,isaacus/legal-rag-bench,3a3565bc5429f6cead90548e81f87352b449927e4be1cdd804c28d766bb9c246,e3b869a4e293d081ec5f5b39c2058c8d27b36f611aa9f8275eb1877a7c8b38b0,exploratory previously inspected 100 questions,not_evaluated
3,100,0.06666666666666667,0.2,0.2,0.14166666666666666,0.15654648767857288,evidence_passage_len32_t0.7_seed20261006__hyde_single__hybrid_a0.5_d20,evidence_passage_len32_t0.7_seed20261006,hyde_single_hybrid,0.5,20,836.1426908199985,Cheryl,isaacus/legal-rag-bench,3a3565bc5429f6cead90548e81f87352b449927e4be1cdd804c28d766bb9c246,e3b869a4e293d081ec5f5b39c2058c8d27b36f611aa9f8275eb1877a7c8b38b0,exploratory previously inspected 100 questions,not_evaluated
5,100,0.052000000000000005,0.26,0.26,0.15466666666666667,0.18063413112942242,evidence_passage_len32_t0.7_seed20261006__hyde_single__hybrid_a0.5_d20,evidence_passage_len32_t0.7_seed20261006,hyde_single_hybrid,0.5,20,836.1426908199985,Cheryl,isaacus/legal-rag-bench,3a3565bc5429f6cead90548e81f87352b449927e4be1cdd804c28d766bb9c246,e3b869a4e293d081ec5f5b39c2058c8d27b36f611aa9f8275eb1877a7c8b38b0,exploratory previously inspected 100 questions,not_evaluated
10,100,0.036,0.36,0.36,0.16719444444444442,0.2121540692648928,evidence_passage_len32_t0.7_seed20261006__hyde_single__hybrid_a0.5_d20,evidence_passage_len32_t0.7_seed20261006,hyde_single_hybrid,0.5,20,836.1426908199985,Cheryl,isaacus/legal-rag-bench,3a3565bc5429f6cead90548e81f87352b449927e4be1cdd804c28d766bb9c246,e3b869a4e293d081ec5f5b39c2058c8d27b36f611aa9f8275eb1877a7c8b38b0,exploratory previously inspected 100 questions,not_evaluated
1,100,0.05,0.05,0.05,0.05,0.05,evidence_passage_len32_t0.7_seed20261006__hyde_single__hybrid_a0.75_d20,evidence_passage_len32_t0.7_seed20261006,hyde_single_hybrid,0.75,20,836.1568903099999,Cheryl,isaacus/legal-rag-bench,3a3565bc5429f6cead90548e81f87352b449927e4be1cdd804c28d766bb9c246,e3b869a4e293d081ec5f5b39c2058c8d27b36f611aa9f8275eb1877a7c8b38b0,exploratory previously inspected 100 questions,not_evaluated
3,100,0.03,0.09,0.09,0.06833333333333333,0.07392789260714373,evidence_passage_len32_t0.7_seed20261006__hyde_single__hybrid_a0.75_d20,evidence_passage_len32_t0.7_seed20261006,hyde_single_hybrid,0.75,20,836.1568903099999,Cheryl,isaacus/legal-rag-bench,3a3565bc5429f6cead90548e81f87352b449927e4be1cdd804c28d766bb9c246,e3b869a4e293d081ec5f5b39c2058c8d27b36f611aa9f8275eb1877a7c8b38b0,exploratory previously inspected 100 questions,not_evaluated
5,100,0.024,0.12,0.12,0.07483333333333334,0.08597171433256849,evidence_passage_len32_t0.7_seed20261006__hyde_single__hybrid_a0.75_d20,evidence_passage_len32_t0.7_seed20261006,hyde_single_hybrid,0.75,20,836.1568903099999,Cheryl,isaacus/legal-rag-bench,3a3565bc5429f6cead90548e81f87352b449927e4be1cdd804c28d766bb9c246,e3b869a4e293d081ec5f5b39c2058c8d27b36f611aa9f8275eb1877a7c8b38b0,exploratory previously inspected 100 questions,not_evaluated
10,100,0.017,0.17,0.17,0.08251190476190477,0.10314591204699979,evidence_passage_len32_t0.7_seed20261006__hyde_single__hybrid_a0.75_d20,evidence_passage_len32_t0.7_seed20261006,hyde_single_hybrid,0.75,20,836.1568903099999,Cheryl,isaacus/legal-rag-bench,3a3565bc5429f6cead90548e81f87352b449927e4be1cdd804c28d766bb9c246,e3b869a4e293d081ec5f5b39c2058c8d27b36f611aa9f8275eb1877a7c8b38b0,exploratory previously inspected 100 questions,not_evaluated
1,100,0.13,0.13,0.13,0.13,0.13,evidence_passage_len32_t0.7_seed20261006__hyde_single__hybrid_a0.25_d100,evidence_passage_len32_t0.7_seed20261006,hyde_single_hybrid,0.25,100,836.3146243699987,Cheryl,isaacus/legal-rag-bench,3a3565bc5429f6cead90548e81f87352b449927e4be1cdd804c28d766bb9c246,e3b869a4e293d081ec5f5b39c2058c8d27b36f611aa9f8275eb1877a7c8b38b0,exploratory previously inspected 100 questions,not_evaluated
3,100,0.08666666666666667,0.26,0.26,0.18333333333333332,0.20285578521428746,evidence_passage_len32_t0.7_seed20261006__hyde_single__hybrid_a0.25_d100,evidence_passage_len32_t0.7_seed20261006,hyde_single_hybrid,0.25,100,836.3146243699987,Cheryl,isaacus/legal-rag-bench,3a3565bc5429f6cead90548e81f87352b449927e4be1cdd804c28d766bb9c246,e3b869a4e293d081ec5f5b39c2058c8d27b36f611aa9f8275eb1877a7c8b38b0,exploratory previously inspected 100 questions,not_evaluated
5,100,0.057999999999999996,0.29,0.29,0.19033333333333333,0.21533784444810075,evidence_passage_len32_t0.7_seed20261006__hyde_single__hybrid_a0.25_d100,evidence_passage_len32_t0.7_seed20261006,hyde_single_hybrid,0.25,100,836.3146243699987,Cheryl,isaacus/legal-rag-bench,3a3565bc5429f6cead90548e81f87352b449927e4be1cdd804c28d766bb9c246,e3b869a4e293d081ec5f5b39c2058c8d27b36f611aa9f8275eb1877a7c8b38b0,exploratory previously inspected 100 questions,not_evaluated
10,100,0.034999999999999996,0.35,0.35,0.19810714285714284,0.23450252828006263,evidence_passage_len32_t0.7_seed20261006__hyde_single__hybrid_a0.25_d100,evidence_passage_len32_t0.7_seed20261006,hyde_single_hybrid,0.25,100,836.3146243699987,Cheryl,isaacus/legal-rag-bench,3a3565bc5429f6cead90548e81f87352b449927e4be1cdd804c28d766bb9c246,e3b869a4e293d081ec5f5b39c2058c8d27b36f611aa9f8275eb1877a7c8b38b0,exploratory previously inspected 100 questions,not_evaluated
1,100,0.08,0.08,0.08,0.08,0.08,evidence_passage_len32_t0.7_seed20261006__hyde_single__hybrid_a0.5_d100,evidence_passage_len32_t0.7_seed20261006,hyde_single_hybrid,0.5,100,836.3146969899992,Cheryl,isaacus/legal-rag-bench,3a3565bc5429f6cead90548e81f87352b449927e4be1cdd804c28d766bb9c246,e3b869a4e293d081ec5f5b39c2058c8d27b36f611aa9f8275eb1877a7c8b38b0,exploratory previously inspected 100 questions,not_evaluated
3,100,0.049999999999999996,0.15,0.15,0.11,0.12023719014285832,evidence_passage_len32_t0.7_seed20261006__hyde_single__hybrid_a0.5_d100,evidence_passage_len32_t0.7_seed20261006,hyde_single_hybrid,0.5,100,836.3146969899992,Cheryl,isaacus/legal-rag-bench,3a3565bc5429f6cead90548e81f87352b449927e4be1cdd804c28d766bb9c246,e3b869a4e293d081ec5f5b39c2058c8d27b36f611aa9f8275eb1877a7c8b38b0,exploratory previously inspected 100 questions,not_evaluated
5,100,0.041999999999999996,0.21,0.21,0.1235,0.14476307110209632,evidence_passage_len32_t0.7_seed20261006__hyde_single__hybrid_a0.5_d100,evidence_passage_len32_t0.7_seed20261006,hyde_single_hybrid,0.5,100,836.3146969899992,Cheryl,isaacus/legal-rag-bench,3a3565bc5429f6cead90548e81f87352b449927e4be1cdd804c28d766bb9c246,e3b869a4e293d081ec5f5b39c2058c8d27b36f611aa9f8275eb1877a7c8b38b0,exploratory previously inspected 100 questions,not_evaluated
10,100,0.03,0.3,0.3,0.13527380952380955,0.17363007841187905,evidence_passage_len32_t0.7_seed20261006__hyde_single__hybrid_a0.5_d100,evidence_passage_len32_t0.7_seed20261006,hyde_single_hybrid,0.5,100,836.3146969899992,Cheryl,isaacus/legal-rag-bench,3a3565bc5429f6cead90548e81f87352b449927e4be1cdd804c28d766bb9c246,e3b869a4e293d081ec5f5b39c2058c8d27b36f611aa9f8275eb1877a7c8b38b0,exploratory previously inspected 100 questions,not_evaluated
1,100,0.05,0.05,0.05,0.05,0.05,evidence_passage_len32_t0.7_seed20261006__hyde_single__hybrid_a0.75_d100,evidence_passage_len32_t0.7_seed20261006,hyde_single_hybrid,0.75,100,836.299430979999,Cheryl,isaacus/legal-rag-bench,3a3565bc5429f6cead90548e81f87352b449927e4be1cdd804c28d766bb9c246,e3b869a4e293d081ec5f5b39c2058c8d27b36f611aa9f8275eb1877a7c8b38b0,exploratory previously inspected 100 questions,not_evaluated
3,100,0.03666666666666667,0.11,0.11,0.07333333333333333,0.08261859507142916,evidence_passage_len32_t0.7_seed20261006__hyde_single__hybrid_a0.75_d100,evidence_passage_len32_t0.7_seed20261006,hyde_single_hybrid,0.75,100,836.299430979999,Cheryl,isaacus/legal-rag-bench,3a3565bc5429f6cead90548e81f87352b449927e4be1cdd804c28d766bb9c246,e3b869a4e293d081ec5f5b39c2058c8d27b36f611aa9f8275eb1877a7c8b38b0,exploratory previously inspected 100 questions,not_evaluated
5,100,0.028000000000000004,0.14,0.14,0.07983333333333334,0.0946624167968539,evidence_passage_len32_t0.7_seed20261006__hyde_single__hybrid_a0.75_d100,evidence_passage_len32_t0.7_seed20261006,hyde_single_hybrid,0.75,100,836.299430979999,Cheryl,isaacus/legal-rag-bench,3a3565bc5429f6cead90548e81f87352b449927e4be1cdd804c28d766bb9c246,e3b869a4e293d081ec5f5b39c2058c8d27b36f611aa9f8275eb1877a7c8b38b0,exploratory previously inspected 100 questions,not_evaluated
10,100,0.02,0.2,0.2,0.08763888888888889,0.11385245748333014,evidence_passage_len32_t0.7_seed20261006__hyde_single__hybrid_a0.75_d100,evidence_passage_len32_t0.7_seed20261006,hyde_single_hybrid,0.75,100,836.299430979999,Cheryl,isaacus/legal-rag-bench,3a3565bc5429f6cead90548e81f87352b449927e4be1cdd804c28d766bb9c246,e3b869a4e293d081ec5f5b39c2058c8d27b36f611aa9f8275eb1877a7c8b38b0,exploratory previously inspected 100 questions,not_evaluated
1,100,0.08,0.08,0.08,0.08,0.08,evidence_passage_len32_t0.7_seed20261006__question_plus_hyde,evidence_passage_len32_t0.7_seed20261006,question_plus_hyde,,100,835.8882390600002,Cheryl,isaacus/legal-rag-bench,3a3565bc5429f6cead90548e81f87352b449927e4be1cdd804c28d766bb9c246,e3b869a4e293d081ec5f5b39c2058c8d27b36f611aa9f8275eb1877a7c8b38b0,exploratory previously inspected 100 questions,not_evaluated
3,100,0.06999999999999999,0.21,0.21,0.13333333333333333,0.15285578521428747,evidence_passage_len32_t0.7_seed20261006__question_plus_hyde,evidence_passage_len32_t0.7_seed20261006,question_plus_hyde,,100,835.8882390600002,Cheryl,isaacus/legal-rag-bench,3a3565bc5429f6cead90548e81f87352b449927e4be1cdd804c28d766bb9c246,e3b869a4e293d081ec5f5b39c2058c8d27b36f611aa9f8275eb1877a7c8b38b0,exploratory previously inspected 100 questions,not_evaluated
5,100,0.052000000000000005,0.26,0.26,0.14533333333333334,0.17395137560956858,evidence_passage_len32_t0.7_seed20261006__question_plus_hyde,evidence_passage_len32_t0.7_seed20261006,question_plus_hyde,,100,835.8882390600002,Cheryl,isaacus/legal-rag-bench,3a3565bc5429f6cead90548e81f87352b449927e4be1cdd804c28d766bb9c246,e3b869a4e293d081ec5f5b39c2058c8d27b36f611aa9f8275eb1877a7c8b38b0,exploratory previously inspected 100 questions,not_evaluated
10,100,0.036,0.36,0.36,0.15723412698412698,0.20485984922182573,evidence_passage_len32_t0.7_seed20261006__question_plus_hyde,evidence_passage_len32_t0.7_seed20261006,question_plus_hyde,,100,835.8882390600002,Cheryl,isaacus/legal-rag-bench,3a3565bc5429f6cead90548e81f87352b449927e4be1cdd804c28d766bb9c246,e3b869a4e293d081ec5f5b39c2058c8d27b36f611aa9f8275eb1877a7c8b38b0,exploratory previously inspected 100 questions,not_evaluated
1,100,0.18,0.18,0.18,0.18,0.18,evidence_passage_len32_t0.7_seed20261006__question_plus_hyde__hybrid_a0.25_d20,evidence_passage_len32_t0.7_seed20261006,question_plus_hyde_hybrid,0.25,20,836.1362205399985,Cheryl,isaacus/legal-rag-bench,3a3565bc5429f6cead90548e81f87352b449927e4be1cdd804c28d766bb9c246,e3b869a4e293d081ec5f5b39c2058c8d27b36f611aa9f8275eb1877a7c8b38b0,exploratory previously inspected 100 questions,not_evaluated
3,100,0.08666666666666667,0.26,0.26,0.21166666666666664,0.22392789260714374,evidence_passage_len32_t0.7_seed20261006__question_plus_hyde__hybrid_a0.25_d20,evidence_passage_len32_t0.7_seed20261006,question_plus_hyde_hybrid,0.25,20,836.1362205399985,Cheryl,isaacus/legal-rag-bench,3a3565bc5429f6cead90548e81f87352b449927e4be1cdd804c28d766bb9c246,e3b869a4e293d081ec5f5b39c2058c8d27b36f611aa9f8275eb1877a7c8b38b0,exploratory previously inspected 100 questions,not_evaluated
5,100,0.062,0.31,0.31,0.22216666666666665,0.24370877047725933,evidence_passage_len32_t0.7_seed20261006__question_plus_hyde__hybrid_a0.25_d20,evidence_passage_len32_t0.7_seed20261006,question_plus_hyde_hybrid,0.25,20,836.1362205399985,Cheryl,isaacus/legal-rag-bench,3a3565bc5429f6cead90548e81f87352b449927e4be1cdd804c28d766bb9c246,e3b869a4e293d081ec5f5b39c2058c8d27b36f611aa9f8275eb1877a7c8b38b0,exploratory previously inspected 100 questions,not_evaluated
10,100,0.038,0.38,0.38,0.23097222222222225,0.2657894594269144,evidence_passage_len32_t0.7_seed20261006__question_plus_hyde__hybrid_a0.25_d20,evidence_passage_len32_t0.7_seed20261006,question_plus_hyde_hybrid,0.25,20,836.1362205399985,Cheryl,isaacus/legal-rag-bench,3a3565bc5429f6cead90548e81f87352b449927e4be1cdd804c28d766bb9c246,e3b869a4e293d081ec5f5b39c2058c8d27b36f611aa9f8275eb1877a7c8b38b0,exploratory previously inspected 100 questions,not_evaluated
1,100,0.13,0.13,0.13,0.13,0.13,evidence_passage_len32_t0.7_seed20261006__question_plus_hyde__hybrid_a0.5_d20,evidence_passage_len32_t0.7_seed20261006,question_plus_hyde_hybrid,0.5,20,836.1376266900004,Cheryl,isaacus/legal-rag-bench,3a3565bc5429f6cead90548e81f87352b449927e4be1cdd804c28d766bb9c246,e3b869a4e293d081ec5f5b39c2058c8d27b36f611aa9f8275eb1877a7c8b38b0,exploratory previously inspected 100 questions,not_evaluated
3,100,0.08,0.24,0.24,0.175,0.19154648767857288,evidence_passage_len32_t0.7_seed20261006__question_plus_hyde__hybrid_a0.5_d20,evidence_passage_len32_t0.7_seed20261006,question_plus_hyde_hybrid,0.5,20,836.1376266900004,Cheryl,isaacus/legal-rag-bench,3a3565bc5429f6cead90548e81f87352b449927e4be1cdd804c28d766bb9c246,e3b869a4e293d081ec5f5b39c2058c8d27b36f611aa9f8275eb1877a7c8b38b0,exploratory previously inspected 100 questions,not_evaluated
5,100,0.062,0.31,0.31,0.19,0.2195026592017678,evidence_passage_len32_t0.7_seed20261006__question_plus_hyde__hybrid_a0.5_d20,evidence_passage_len32_t0.7_seed20261006,question_plus_hyde_hybrid,0.5,20,836.1376266900004,Cheryl,isaacus/legal-rag-bench,3a3565bc5429f6cead90548e81f87352b449927e4be1cdd804c28d766bb9c246,e3b869a4e293d081ec5f5b39c2058c8d27b36f611aa9f8275eb1877a7c8b38b0,exploratory previously inspected 100 questions,not_evaluated
10,100,0.046,0.46,0.46,0.2108611111111111,0.2688871026717324,evidence_passage_len32_t0.7_seed20261006__question_plus_hyde__hybrid_a0.5_d20,evidence_passage_len32_t0.7_seed20261006,question_plus_hyde_hybrid,0.5,20,836.1376266900004,Cheryl,isaacus/legal-rag-bench,3a3565bc5429f6cead90548e81f87352b449927e4be1cdd804c28d766bb9c246,e3b869a4e293d081ec5f5b39c2058c8d27b36f611aa9f8275eb1877a7c8b38b0,exploratory previously inspected 100 questions,not_evaluated
1,100,0.1,0.1,0.1,0.1,0.1,evidence_passage_len32_t0.7_seed20261006__question_plus_hyde__hybrid_a0.75_d20,evidence_passage_len32_t0.7_seed20261006,question_plus_hyde_hybrid,0.75,20,836.1447791499984,Cheryl,isaacus/legal-rag-bench,3a3565bc5429f6cead90548e81f87352b449927e4be1cdd804c28d766bb9c246,e3b869a4e293d081ec5f5b39c2058c8d27b36f611aa9f8275eb1877a7c8b38b0,exploratory previously inspected 100 questions,not_evaluated
3,100,0.06333333333333334,0.19,0.19,0.14,0.15285578521428747,evidence_passage_len32_t0.7_seed20261006__question_plus_hyde__hybrid_a0.75_d20,evidence_passage_len32_t0.7_seed20261006,question_plus_hyde_hybrid,0.75,20,836.1447791499984,Cheryl,isaacus/legal-rag-bench,3a3565bc5429f6cead90548e81f87352b449927e4be1cdd804c28d766bb9c246,e3b869a4e293d081ec5f5b39c2058c8d27b36f611aa9f8275eb1877a7c8b38b0,exploratory previously inspected 100 questions,not_evaluated
5,100,0.062,0.31,0.31,0.1665,0.201469309624375,evidence_passage_len32_t0.7_seed20261006__question_plus_hyde__hybrid_a0.75_d20,evidence_passage_len32_t0.7_seed20261006,question_plus_hyde_hybrid,0.75,20,836.1447791499984,Cheryl,isaacus/legal-rag-bench,3a3565bc5429f6cead90548e81f87352b449927e4be1cdd804c28d766bb9c246,e3b869a4e293d081ec5f5b39c2058c8d27b36f611aa9f8275eb1877a7c8b38b0,exploratory previously inspected 100 questions,not_evaluated
10,100,0.039,0.39,0.39,0.17769047619047615,0.22785309177420177,evidence_passage_len32_t0.7_seed20261006__question_plus_hyde__hybrid_a0.75_d20,evidence_passage_len32_t0.7_seed20261006,question_plus_hyde_hybrid,0.75,20,836.1447791499984,Cheryl,isaacus/legal-rag-bench,3a3565bc5429f6cead90548e81f87352b449927e4be1cdd804c28d766bb9c246,e3b869a4e293d081ec5f5b39c2058c8d27b36f611aa9f8275eb1877a7c8b38b0,exploratory previously inspected 100 questions,not_evaluated
1,100,0.19,0.19,0.19,0.19,0.19,evidence_passage_len32_t0.7_seed20261006__question_plus_hyde__hybrid_a0.25_d100,evidence_passage_len32_t0.7_seed20261006,question_plus_hyde_hybrid,0.25,100,836.2331709900002,Cheryl,isaacus/legal-rag-bench,3a3565bc5429f6cead90548e81f87352b449927e4be1cdd804c28d766bb9c246,e3b869a4e293d081ec5f5b39c2058c8d27b36f611aa9f8275eb1877a7c8b38b0,exploratory previously inspected 100 questions,not_evaluated
3,100,0.09333333333333334,0.28,0.28,0.225,0.23892789260714373,evidence_passage_len32_t0.7_seed20261006__question_plus_hyde__hybrid_a0.25_d100,evidence_passage_len32_t0.7_seed20261006,question_plus_hyde_hybrid,0.25,100,836.2331709900002,Cheryl,isaacus/legal-rag-bench,3a3565bc5429f6cead90548e81f87352b449927e4be1cdd804c28d766bb9c246,e3b869a4e293d081ec5f5b39c2058c8d27b36f611aa9f8275eb1877a7c8b38b0,exploratory previously inspected 100 questions,not_evaluated
5,100,0.068,0.34,0.34,0.23799999999999996,0.26301553605799327,evidence_passage_len32_t0.7_seed20261006__question_plus_hyde__hybrid_a0.25_d100,evidence_passage_len32_t0.7_seed20261006,question_plus_hyde_hybrid,0.25,100,836.2331709900002,Cheryl,isaacus/legal-rag-bench,3a3565bc5429f6cead90548e81f87352b449927e4be1cdd804c28d766bb9c246,e3b869a4e293d081ec5f5b39c2058c8d27b36f611aa9f8275eb1877a7c8b38b0,exploratory previously inspected 100 questions,not_evaluated
10,100,0.043,0.43,0.43,0.24995238095238093,0.2920868512636815,evidence_passage_len32_t0.7_seed20261006__question_plus_hyde__hybrid_a0.25_d100,evidence_passage_len32_t0.7_seed20261006,question_plus_hyde_hybrid,0.25,100,836.2331709900002,Cheryl,isaacus/legal-rag-bench,3a3565bc5429f6cead90548e81f87352b449927e4be1cdd804c28d766bb9c246,e3b869a4e293d081ec5f5b39c2058c8d27b36f611aa9f8275eb1877a7c8b38b0,exploratory previously inspected 100 questions,not_evaluated
1,100,0.13,0.13,0.13,0.13,0.13,evidence_passage_len32_t0.7_seed20261006__question_plus_hyde__hybrid_a0.5_d100,evidence_passage_len32_t0.7_seed20261006,question_plus_hyde_hybrid,0.5,100,836.2129716699985,Cheryl,isaacus/legal-rag-bench,3a3565bc5429f6cead90548e81f87352b449927e4be1cdd804c28d766bb9c246,e3b869a4e293d081ec5f5b39c2058c8d27b36f611aa9f8275eb1877a7c8b38b0,exploratory previously inspected 100 questions,not_evaluated
3,100,0.08666666666666667,0.26,0.26,0.18666666666666665,0.20547438028571663,evidence_passage_len32_t0.7_seed20261006__question_plus_hyde__hybrid_a0.5_d100,evidence_passage_len32_t0.7_seed20261006,question_plus_hyde_hybrid,0.5,100,836.2129716699985,Cheryl,isaacus/legal-rag-bench,3a3565bc5429f6cead90548e81f87352b449927e4be1cdd804c28d766bb9c246,e3b869a4e293d081ec5f5b39c2058c8d27b36f611aa9f8275eb1877a7c8b38b0,exploratory previously inspected 100 questions,not_evaluated
5,100,0.062,0.31,0.31,0.19816666666666666,0.22613173317260923,evidence_passage_len32_t0.7_seed20261006__question_plus_hyde__hybrid_a0.5_d100,evidence_passage_len32_t0.7_seed20261006,question_plus_hyde_hybrid,0.5,100,836.2129716699985,Cheryl,isaacus/legal-rag-bench,3a3565bc5429f6cead90548e81f87352b449927e4be1cdd804c28d766bb9c246,e3b869a4e293d081ec5f5b39c2058c8d27b36f611aa9f8275eb1877a7c8b38b0,exploratory previously inspected 100 questions,not_evaluated
10,100,0.047,0.47,0.47,0.2183412698412698,0.27670726829575565,evidence_passage_len32_t0.7_seed20261006__question_plus_hyde__hybrid_a0.5_d100,evidence_passage_len32_t0.7_seed20261006,question_plus_hyde_hybrid,0.5,100,836.2129716699985,Cheryl,isaacus/legal-rag-bench,3a3565bc5429f6cead90548e81f87352b449927e4be1cdd804c28d766bb9c246,e3b869a4e293d081ec5f5b39c2058c8d27b36f611aa9f8275eb1877a7c8b38b0,exploratory previously inspected 100 questions,not_evaluated
1,100,0.11,0.11,0.11,0.11,0.11,evidence_passage_len32_t0.7_seed20261006__question_plus_hyde__hybrid_a0.75_d100,evidence_passage_len32_t0.7_seed20261006,question_plus_hyde_hybrid,0.75,100,836.251458659998,Cheryl,isaacus/legal-rag-bench,3a3565bc5429f6cead90548e81f87352b449927e4be1cdd804c28d766bb9c246,e3b869a4e293d081ec5f5b39c2058c8d27b36f611aa9f8275eb1877a7c8b38b0,exploratory previously inspected 100 questions,not_evaluated
3,100,0.06666666666666667,0.2,0.2,0.15,0.16285578521428745,evidence_passage_len32_t0.7_seed20261006__question_plus_hyde__hybrid_a0.75_d100,evidence_passage_len32_t0.7_seed20261006,question_plus_hyde_hybrid,0.75,100,836.251458659998,Cheryl,isaacus/legal-rag-bench,3a3565bc5429f6cead90548e81f87352b449927e4be1cdd804c28d766bb9c246,e3b869a4e293d081ec5f5b39c2058c8d27b36f611aa9f8275eb1877a7c8b38b0,exploratory previously inspected 100 questions,not_evaluated
5,100,0.05600000000000001,0.28,0.28,0.1675,0.19511872231821634,evidence_passage_len32_t0.7_seed20261006__question_plus_hyde__hybrid_a0.75_d100,evidence_passage_len32_t0.7_seed20261006,question_plus_hyde_hybrid,0.75,100,836.251458659998,Cheryl,isaacus/legal-rag-bench,3a3565bc5429f6cead90548e81f87352b449927e4be1cdd804c28d766bb9c246,e3b869a4e293d081ec5f5b39c2058c8d27b36f611aa9f8275eb1877a7c8b38b0,exploratory previously inspected 100 questions,not_evaluated
10,100,0.041999999999999996,0.42,0.42,0.18540476190476188,0.2396588655227438,evidence_passage_len32_t0.7_seed20261006__question_plus_hyde__hybrid_a0.75_d100,evidence_passage_len32_t0.7_seed20261006,question_plus_hyde_hybrid,0.75,100,836.251458659998,Cheryl,isaacus/legal-rag-bench,3a3565bc5429f6cead90548e81f87352b449927e4be1cdd804c28d766bb9c246,e3b869a4e293d081ec5f5b39c2058c8d27b36f611aa9f8275eb1877a7c8b38b0,exploratory previously inspected 100 questions,not_evaluated
1,100,0.03,0.03,0.03,0.03,0.03,evidence_passage_len32_t0.7_seed20261006__multi_average,evidence_passage_len32_t0.7_seed20261006,multi_average,,100,2507.6647171800005,Cheryl,isaacus/legal-rag-bench,3a3565bc5429f6cead90548e81f87352b449927e4be1cdd804c28d766bb9c246,e3b869a4e293d081ec5f5b39c2058c8d27b36f611aa9f8275eb1877a7c8b38b0,exploratory previously inspected 100 questions,not_evaluated
3,100,0.023333333333333334,0.07,0.07,0.04833333333333333,0.05392789260714373,evidence_passage_len32_t0.7_seed20261006__multi_average,evidence_passage_len32_t0.7_seed20261006,multi_average,,100,2507.6647171800005,Cheryl,isaacus/legal-rag-bench,3a3565bc5429f6cead90548e81f87352b449927e4be1cdd804c28d766bb9c246,e3b869a4e293d081ec5f5b39c2058c8d27b36f611aa9f8275eb1877a7c8b38b0,exploratory previously inspected 100 questions,not_evaluated
5,100,0.028000000000000004,0.14,0.14,0.06483333333333334,0.08319877665550422,evidence_passage_len32_t0.7_seed20261006__multi_average,evidence_passage_len32_t0.7_seed20261006,multi_average,,100,2507.6647171800005,Cheryl,isaacus/legal-rag-bench,3a3565bc5429f6cead90548e81f87352b449927e4be1cdd804c28d766bb9c246,e3b869a4e293d081ec5f5b39c2058c8d27b36f611aa9f8275eb1877a7c8b38b0,exploratory previously inspected 100 questions,not_evaluated
10,100,0.018,0.18,0.18,0.07017857142857144,0.09613947889095392,evidence_passage_len32_t0.7_seed20261006__multi_average,evidence_passage_len32_t0.7_seed20261006,multi_average,,100,2507.6647171800005,Cheryl,isaacus/legal-rag-bench,3a3565bc5429f6cead90548e81f87352b449927e4be1cdd804c28d766bb9c246,e3b869a4e293d081ec5f5b39c2058c8d27b36f611aa9f8275eb1877a7c8b38b0,exploratory previously inspected 100 questions,not_evaluated
1,100,0.1,0.1,0.1,0.1,0.1,evidence_passage_len32_t0.7_seed20261006__multi_average__hybrid_a0.25_d20,evidence_passage_len32_t0.7_seed20261006,multi_average_hybrid,0.25,20,2507.9376259599994,Cheryl,isaacus/legal-rag-bench,3a3565bc5429f6cead90548e81f87352b449927e4be1cdd804c28d766bb9c246,e3b869a4e293d081ec5f5b39c2058c8d27b36f611aa9f8275eb1877a7c8b38b0,exploratory previously inspected 100 questions,not_evaluated
3,100,0.09000000000000001,0.27,0.27,0.17166666666666663,0.1967836778214312,evidence_passage_len32_t0.7_seed20261006__multi_average__hybrid_a0.25_d20,evidence_passage_len32_t0.7_seed20261006,multi_average_hybrid,0.25,20,2507.9376259599994,Cheryl,isaacus/legal-rag-bench,3a3565bc5429f6cead90548e81f87352b449927e4be1cdd804c28d766bb9c246,e3b869a4e293d081ec5f5b39c2058c8d27b36f611aa9f8275eb1877a7c8b38b0,exploratory previously inspected 100 questions,not_evaluated
5,100,0.057999999999999996,0.29,0.29,0.17566666666666667,0.204520733966122,evidence_passage_len32_t0.7_seed20261006__multi_average__hybrid_a0.25_d20,evidence_passage_len32_t0.7_seed20261006,multi_average_hybrid,0.25,20,2507.9376259599994,Cheryl,isaacus/legal-rag-bench,3a3565bc5429f6cead90548e81f87352b449927e4be1cdd804c28d766bb9c246,e3b869a4e293d081ec5f5b39c2058c8d27b36f611aa9f8275eb1877a7c8b38b0,exploratory previously inspected 100 questions,not_evaluated
10,100,0.04,0.4,0.4,0.1900674603174603,0.23980612565590526,evidence_passage_len32_t0.7_seed20261006__multi_average__hybrid_a0.25_d20,evidence_passage_len32_t0.7_seed20261006,multi_average_hybrid,0.25,20,2507.9376259599994,Cheryl,isaacus/legal-rag-bench,3a3565bc5429f6cead90548e81f87352b449927e4be1cdd804c28d766bb9c246,e3b869a4e293d081ec5f5b39c2058c8d27b36f611aa9f8275eb1877a7c8b38b0,exploratory previously inspected 100 questions,not_evaluated
1,100,0.08,0.08,0.08,0.08,0.08,evidence_passage_len32_t0.7_seed20261006__multi_average__hybrid_a0.5_d20,evidence_passage_len32_t0.7_seed20261006,multi_average_hybrid,0.5,20,2507.915113509999,Cheryl,isaacus/legal-rag-bench,3a3565bc5429f6cead90548e81f87352b449927e4be1cdd804c28d766bb9c246,e3b869a4e293d081ec5f5b39c2058c8d27b36f611aa9f8275eb1877a7c8b38b0,exploratory previously inspected 100 questions,not_evaluated
3,100,0.07333333333333333,0.22,0.22,0.1383333333333333,0.15916508275000205,evidence_passage_len32_t0.7_seed20261006__multi_average__hybrid_a0.5_d20,evidence_passage_len32_t0.7_seed20261006,multi_average_hybrid,0.5,20,2507.915113509999,Cheryl,isaacus/legal-rag-bench,3a3565bc5429f6cead90548e81f87352b449927e4be1cdd804c28d766bb9c246,e3b869a4e293d081ec5f5b39c2058c8d27b36f611aa9f8275eb1877a7c8b38b0,exploratory previously inspected 100 questions,not_evaluated
5,100,0.06,0.3,0.3,0.15583333333333332,0.19142801985393093,evidence_passage_len32_t0.7_seed20261006__multi_average__hybrid_a0.5_d20,evidence_passage_len32_t0.7_seed20261006,multi_average_hybrid,0.5,20,2507.915113509999,Cheryl,isaacus/legal-rag-bench,3a3565bc5429f6cead90548e81f87352b449927e4be1cdd804c28d766bb9c246,e3b869a4e293d081ec5f5b39c2058c8d27b36f611aa9f8275eb1877a7c8b38b0,exploratory previously inspected 100 questions,not_evaluated
10,100,0.038,0.38,0.38,0.16523412698412698,0.2160271959304735,evidence_passage_len32_t0.7_seed20261006__multi_average__hybrid_a0.5_d20,evidence_passage_len32_t0.7_seed20261006,multi_average_hybrid,0.5,20,2507.915113509999,Cheryl,isaacus/legal-rag-bench,3a3565bc5429f6cead90548e81f87352b449927e4be1cdd804c28d766bb9c246,e3b869a4e293d081ec5f5b39c2058c8d27b36f611aa9f8275eb1877a7c8b38b0,exploratory previously inspected 100 questions,not_evaluated
1,100,0.05,0.05,0.05,0.05,0.05,evidence_passage_len32_t0.7_seed20261006__multi_average__hybrid_a0.75_d20,evidence_passage_len32_t0.7_seed20261006,multi_average_hybrid,0.75,20,2507.9153421399983,Cheryl,isaacus/legal-rag-bench,3a3565bc5429f6cead90548e81f87352b449927e4be1cdd804c28d766bb9c246,e3b869a4e293d081ec5f5b39c2058c8d27b36f611aa9f8275eb1877a7c8b38b0,exploratory previously inspected 100 questions,not_evaluated
3,100,0.04666666666666667,0.14,0.14,0.085,0.09892789260714373,evidence_passage_len32_t0.7_seed20261006__multi_average__hybrid_a0.75_d20,evidence_passage_len32_t0.7_seed20261006,multi_average_hybrid,0.75,20,2507.9153421399983,Cheryl,isaacus/legal-rag-bench,3a3565bc5429f6cead90548e81f87352b449927e4be1cdd804c28d766bb9c246,e3b869a4e293d081ec5f5b39c2058c8d27b36f611aa9f8275eb1877a7c8b38b0,exploratory previously inspected 100 questions,not_evaluated
5,100,0.041999999999999996,0.21,0.21,0.10099999999999999,0.1277605391471157,evidence_passage_len32_t0.7_seed20261006__multi_average__hybrid_a0.75_d20,evidence_passage_len32_t0.7_seed20261006,multi_average_hybrid,0.75,20,2507.9153421399983,Cheryl,isaacus/legal-rag-bench,3a3565bc5429f6cead90548e81f87352b449927e4be1cdd804c28d766bb9c246,e3b869a4e293d081ec5f5b39c2058c8d27b36f611aa9f8275eb1877a7c8b38b0,exploratory previously inspected 100 questions,not_evaluated
10,100,0.025,0.25,0.25,0.10616666666666667,0.14052255681708936,evidence_passage_len32_t0.7_seed20261006__multi_average__hybrid_a0.75_d20,evidence_passage_len32_t0.7_seed20261006,multi_average_hybrid,0.75,20,2507.9153421399983,Cheryl,isaacus/legal-rag-bench,3a3565bc5429f6cead90548e81f87352b449927e4be1cdd804c28d766bb9c246,e3b869a4e293d081ec5f5b39c2058c8d27b36f611aa9f8275eb1877a7c8b38b0,exploratory previously inspected 100 questions,not_evaluated
1,100,0.11,0.11,0.11,0.11,0.11,evidence_passage_len32_t0.7_seed20261006__multi_average__hybrid_a0.25_d100,evidence_passage_len32_t0.7_seed20261006,multi_average_hybrid,0.25,100,2508.0226016200013,Cheryl,isaacus/legal-rag-bench,3a3565bc5429f6cead90548e81f87352b449927e4be1cdd804c28d766bb9c246,e3b869a4e293d081ec5f5b39c2058c8d27b36f611aa9f8275eb1877a7c8b38b0,exploratory previously inspected 100 questions,not_evaluated
3,100,0.08333333333333333,0.25,0.25,0.16833333333333333,0.18916508275000204,evidence_passage_len32_t0.7_seed20261006__multi_average__hybrid_a0.25_d100,evidence_passage_len32_t0.7_seed20261006,multi_average_hybrid,0.25,100,2508.0226016200013,Cheryl,isaacus/legal-rag-bench,3a3565bc5429f6cead90548e81f87352b449927e4be1cdd804c28d766bb9c246,e3b869a4e293d081ec5f5b39c2058c8d27b36f611aa9f8275eb1877a7c8b38b0,exploratory previously inspected 100 questions,not_evaluated
5,100,0.062,0.31,0.31,0.18133333333333332,0.2132527262008516,evidence_passage_len32_t0.7_seed20261006__multi_average__hybrid_a0.25_d100,evidence_passage_len32_t0.7_seed20261006,multi_average_hybrid,0.25,100,2508.0226016200013,Cheryl,isaacus/legal-rag-bench,3a3565bc5429f6cead90548e81f87352b449927e4be1cdd804c28d766bb9c246,e3b869a4e293d081ec5f5b39c2058c8d27b36f611aa9f8275eb1877a7c8b38b0,exploratory previously inspected 100 questions,not_evaluated
10,100,0.039,0.39,0.39,0.1918968253968254,0.239025043827465,evidence_passage_len32_t0.7_seed20261006__multi_average__hybrid_a0.25_d100,evidence_passage_len32_t0.7_seed20261006,multi_average_hybrid,0.25,100,2508.0226016200013,Cheryl,isaacus/legal-rag-bench,3a3565bc5429f6cead90548e81f87352b449927e4be1cdd804c28d766bb9c246,e3b869a4e293d081ec5f5b39c2058c8d27b36f611aa9f8275eb1877a7c8b38b0,exploratory previously inspected 100 questions,not_evaluated
1,100,0.08,0.08,0.08,0.08,0.08,evidence_passage_len32_t0.7_seed20261006__multi_average__hybrid_a0.5_d100,evidence_passage_len32_t0.7_seed20261006,multi_average_hybrid,0.5,100,2508.03223945,Cheryl,isaacus/legal-rag-bench,3a3565bc5429f6cead90548e81f87352b449927e4be1cdd804c28d766bb9c246,e3b869a4e293d081ec5f5b39c2058c8d27b36f611aa9f8275eb1877a7c8b38b0,exploratory previously inspected 100 questions,not_evaluated
3,100,0.06666666666666667,0.2,0.2,0.13166666666666665,0.14916508275000204,evidence_passage_len32_t0.7_seed20261006__multi_average__hybrid_a0.5_d100,evidence_passage_len32_t0.7_seed20261006,multi_average_hybrid,0.5,100,2508.03223945,Cheryl,isaacus/legal-rag-bench,3a3565bc5429f6cead90548e81f87352b449927e4be1cdd804c28d766bb9c246,e3b869a4e293d081ec5f5b39c2058c8d27b36f611aa9f8275eb1877a7c8b38b0,exploratory previously inspected 100 questions,not_evaluated
5,100,0.052000000000000005,0.26,0.26,0.14466666666666664,0.17325272620085155,evidence_passage_len32_t0.7_seed20261006__multi_average__hybrid_a0.5_d100,evidence_passage_len32_t0.7_seed20261006,multi_average_hybrid,0.5,100,2508.03223945,Cheryl,isaacus/legal-rag-bench,3a3565bc5429f6cead90548e81f87352b449927e4be1cdd804c28d766bb9c246,e3b869a4e293d081ec5f5b39c2058c8d27b36f611aa9f8275eb1877a7c8b38b0,exploratory previously inspected 100 questions,not_evaluated
10,100,0.033,0.33,0.33,0.15459523809523812,0.196472220946319,evidence_passage_len32_t0.7_seed20261006__multi_average__hybrid_a0.5_d100,evidence_passage_len32_t0.7_seed20261006,multi_average_hybrid,0.5,100,2508.03223945,Cheryl,isaacus/legal-rag-bench,3a3565bc5429f6cead90548e81f87352b449927e4be1cdd804c28d766bb9c246,e3b869a4e293d081ec5f5b39c2058c8d27b36f611aa9f8275eb1877a7c8b38b0,exploratory previously inspected 100 questions,not_evaluated
1,100,0.05,0.05,0.05,0.05,0.05,evidence_passage_len32_t0.7_seed20261006__multi_average__hybrid_a0.75_d100,evidence_passage_len32_t0.7_seed20261006,multi_average_hybrid,0.75,100,2508.0457940999995,Cheryl,isaacus/legal-rag-bench,3a3565bc5429f6cead90548e81f87352b449927e4be1cdd804c28d766bb9c246,e3b869a4e293d081ec5f5b39c2058c8d27b36f611aa9f8275eb1877a7c8b38b0,exploratory previously inspected 100 questions,not_evaluated
3,100,0.043333333333333335,0.13,0.13,0.08166666666666667,0.09392789260714374,evidence_passage_len32_t0.7_seed20261006__multi_average__hybrid_a0.75_d100,evidence_passage_len32_t0.7_seed20261006,multi_average_hybrid,0.75,100,2508.0457940999995,Cheryl,isaacus/legal-rag-bench,3a3565bc5429f6cead90548e81f87352b449927e4be1cdd804c28d766bb9c246,e3b869a4e293d081ec5f5b39c2058c8d27b36f611aa9f8275eb1877a7c8b38b0,exploratory previously inspected 100 questions,not_evaluated
5,100,0.032,0.16,0.16,0.08816666666666667,0.10597171433256851,evidence_passage_len32_t0.7_seed20261006__multi_average__hybrid_a0.75_d100,evidence_passage_len32_t0.7_seed20261006,multi_average_hybrid,0.75,100,2508.0457940999995,Cheryl,isaacus/legal-rag-bench,3a3565bc5429f6cead90548e81f87352b449927e4be1cdd804c28d766bb9c246,e3b869a4e293d081ec5f5b39c2058c8d27b36f611aa9f8275eb1877a7c8b38b0,exploratory previously inspected 100 questions,not_evaluated
10,100,0.025,0.25,0.25,0.10081349206349205,0.13571352693348512,evidence_passage_len32_t0.7_seed20261006__multi_average__hybrid_a0.75_d100,evidence_passage_len32_t0.7_seed20261006,multi_average_hybrid,0.75,100,2508.0457940999995,Cheryl,isaacus/legal-rag-bench,3a3565bc5429f6cead90548e81f87352b449927e4be1cdd804c28d766bb9c246,e3b869a4e293d081ec5f5b39c2058c8d27b36f611aa9f8275eb1877a7c8b38b0,exploratory previously inspected 100 questions,not_evaluated
1,100,0.03,0.03,0.03,0.03,0.03,evidence_passage_len32_t0.7_seed20261006__multi_rrf,evidence_passage_len32_t0.7_seed20261006,multi_rrf,,100,2507.6647171800005,Cheryl,isaacus/legal-rag-bench,3a3565bc5429f6cead90548e81f87352b449927e4be1cdd804c28d766bb9c246,e3b869a4e293d081ec5f5b39c2058c8d27b36f611aa9f8275eb1877a7c8b38b0,exploratory previously inspected 100 questions,not_evaluated
3,100,0.016666666666666666,0.05,0.05,0.03666666666666667,0.04,evidence_passage_len32_t0.7_seed20261006__multi_rrf,evidence_passage_len32_t0.7_seed20261006,multi_rrf,,100,2507.6647171800005,Cheryl,isaacus/legal-rag-bench,3a3565bc5429f6cead90548e81f87352b449927e4be1cdd804c28d766bb9c246,e3b869a4e293d081ec5f5b39c2058c8d27b36f611aa9f8275eb1877a7c8b38b0,exploratory previously inspected 100 questions,not_evaluated
5,100,0.022,0.11,0.11,0.050666666666666665,0.06496411846762656,evidence_passage_len32_t0.7_seed20261006__multi_rrf,evidence_passage_len32_t0.7_seed20261006,multi_rrf,,100,2507.6647171800005,Cheryl,isaacus/legal-rag-bench,3a3565bc5429f6cead90548e81f87352b449927e4be1cdd804c28d766bb9c246,e3b869a4e293d081ec5f5b39c2058c8d27b36f611aa9f8275eb1877a7c8b38b0,exploratory previously inspected 100 questions,not_evaluated
10,100,0.018,0.18,0.18,0.06033333333333332,0.08788435074148408,evidence_passage_len32_t0.7_seed20261006__multi_rrf,evidence_passage_len32_t0.7_seed20261006,multi_rrf,,100,2507.6647171800005,Cheryl,isaacus/legal-rag-bench,3a3565bc5429f6cead90548e81f87352b449927e4be1cdd804c28d766bb9c246,e3b869a4e293d081ec5f5b39c2058c8d27b36f611aa9f8275eb1877a7c8b38b0,exploratory previously inspected 100 questions,not_evaluated
1,100,0.08,0.08,0.08,0.08,0.08,evidence_passage_len32_t0.7_seed20261006__multi_rrf__hybrid_a0.25_d20,evidence_passage_len32_t0.7_seed20261006,multi_rrf_hybrid,0.25,20,2507.9264053300003,Cheryl,isaacus/legal-rag-bench,3a3565bc5429f6cead90548e81f87352b449927e4be1cdd804c28d766bb9c246,e3b869a4e293d081ec5f5b39c2058c8d27b36f611aa9f8275eb1877a7c8b38b0,exploratory previously inspected 100 questions,not_evaluated
3,100,0.08333333333333333,0.25,0.25,0.15666666666666665,0.18071157042857494,evidence_passage_len32_t0.7_seed20261006__multi_rrf__hybrid_a0.25_d20,evidence_passage_len32_t0.7_seed20261006,multi_rrf_hybrid,0.25,20,2507.9264053300003,Cheryl,isaacus/legal-rag-bench,3a3565bc5429f6cead90548e81f87352b449927e4be1cdd804c28d766bb9c246,e3b869a4e293d081ec5f5b39c2058c8d27b36f611aa9f8275eb1877a7c8b38b0,exploratory previously inspected 100 questions,not_evaluated
5,100,0.06,0.3,0.3,0.16866666666666666,0.20180716082385605,evidence_passage_len32_t0.7_seed20261006__multi_rrf__hybrid_a0.25_d20,evidence_passage_len32_t0.7_seed20261006,multi_rrf_hybrid,0.25,20,2507.9264053300003,Cheryl,isaacus/legal-rag-bench,3a3565bc5429f6cead90548e81f87352b449927e4be1cdd804c28d766bb9c246,e3b869a4e293d081ec5f5b39c2058c8d27b36f611aa9f8275eb1877a7c8b38b0,exploratory previously inspected 100 questions,not_evaluated
10,100,0.04,0.4,0.4,0.18126190476190476,0.2333861318313416,evidence_passage_len32_t0.7_seed20261006__multi_rrf__hybrid_a0.25_d20,evidence_passage_len32_t0.7_seed20261006,multi_rrf_hybrid,0.25,20,2507.9264053300003,Cheryl,isaacus/legal-rag-bench,3a3565bc5429f6cead90548e81f87352b449927e4be1cdd804c28d766bb9c246,e3b869a4e293d081ec5f5b39c2058c8d27b36f611aa9f8275eb1877a7c8b38b0,exploratory previously inspected 100 questions,not_evaluated
1,100,0.09,0.09,0.09,0.09,0.09,evidence_passage_len32_t0.7_seed20261006__multi_rrf__hybrid_a0.5_d20,evidence_passage_len32_t0.7_seed20261006,multi_rrf_hybrid,0.5,20,2507.9215043299982,Cheryl,isaacus/legal-rag-bench,3a3565bc5429f6cead90548e81f87352b449927e4be1cdd804c28d766bb9c246,e3b869a4e293d081ec5f5b39c2058c8d27b36f611aa9f8275eb1877a7c8b38b0,exploratory previously inspected 100 questions,not_evaluated
3,100,0.07666666666666667,0.23,0.23,0.145,0.16654648767857289,evidence_passage_len32_t0.7_seed20261006__multi_rrf__hybrid_a0.5_d20,evidence_passage_len32_t0.7_seed20261006,multi_rrf_hybrid,0.5,20,2507.9215043299982,Cheryl,isaacus/legal-rag-bench,3a3565bc5429f6cead90548e81f87352b449927e4be1cdd804c28d766bb9c246,e3b869a4e293d081ec5f5b39c2058c8d27b36f611aa9f8275eb1877a7c8b38b0,exploratory previously inspected 100 questions,not_evaluated
5,100,0.057999999999999996,0.29,0.29,0.159,0.19151060614619944,evidence_passage_len32_t0.7_seed20261006__multi_rrf__hybrid_a0.5_d20,evidence_passage_len32_t0.7_seed20261006,multi_rrf_hybrid,0.5,20,2507.9215043299982,Cheryl,isaacus/legal-rag-bench,3a3565bc5429f6cead90548e81f87352b449927e4be1cdd804c28d766bb9c246,e3b869a4e293d081ec5f5b39c2058c8d27b36f611aa9f8275eb1877a7c8b38b0,exploratory previously inspected 100 questions,not_evaluated
10,100,0.036,0.36,0.36,0.1677063492063492,0.21350690536932512,evidence_passage_len32_t0.7_seed20261006__multi_rrf__hybrid_a0.5_d20,evidence_passage_len32_t0.7_seed20261006,multi_rrf_hybrid,0.5,20,2507.9215043299982,Cheryl,isaacus/legal-rag-bench,3a3565bc5429f6cead90548e81f87352b449927e4be1cdd804c28d766bb9c246,e3b869a4e293d081ec5f5b39c2058c8d27b36f611aa9f8275eb1877a7c8b38b0,exploratory previously inspected 100 questions,not_evaluated
1,100,0.07,0.07,0.07,0.07,0.07,evidence_passage_len32_t0.7_seed20261006__multi_rrf__hybrid_a0.75_d20,evidence_passage_len32_t0.7_seed20261006,multi_rrf_hybrid,0.75,20,2507.923613010001,Cheryl,isaacus/legal-rag-bench,3a3565bc5429f6cead90548e81f87352b449927e4be1cdd804c28d766bb9c246,e3b869a4e293d081ec5f5b39c2058c8d27b36f611aa9f8275eb1877a7c8b38b0,exploratory previously inspected 100 questions,not_evaluated
3,100,0.04666666666666667,0.14,0.14,0.09833333333333333,0.10892789260714374,evidence_passage_len32_t0.7_seed20261006__multi_rrf__hybrid_a0.75_d20,evidence_passage_len32_t0.7_seed20261006,multi_rrf_hybrid,0.75,20,2507.923613010001,Cheryl,isaacus/legal-rag-bench,3a3565bc5429f6cead90548e81f87352b449927e4be1cdd804c28d766bb9c246,e3b869a4e293d081ec5f5b39c2058c8d27b36f611aa9f8275eb1877a7c8b38b0,exploratory previously inspected 100 questions,not_evaluated
5,100,0.038,0.19,0.19,0.11033333333333331,0.1300234830024249,evidence_passage_len32_t0.7_seed20261006__multi_rrf__hybrid_a0.75_d20,evidence_passage_len32_t0.7_seed20261006,multi_rrf_hybrid,0.75,20,2507.923613010001,Cheryl,isaacus/legal-rag-bench,3a3565bc5429f6cead90548e81f87352b449927e4be1cdd804c28d766bb9c246,e3b869a4e293d081ec5f5b39c2058c8d27b36f611aa9f8275eb1877a7c8b38b0,exploratory previously inspected 100 questions,not_evaluated
10,100,0.024,0.24,0.24,0.11677777777777777,0.1459392232275829,evidence_passage_len32_t0.7_seed20261006__multi_rrf__hybrid_a0.75_d20,evidence_passage_len32_t0.7_seed20261006,multi_rrf_hybrid,0.75,20,2507.923613010001,Cheryl,isaacus/legal-rag-bench,3a3565bc5429f6cead90548e81f87352b449927e4be1cdd804c28d766bb9c246,e3b869a4e293d081ec5f5b39c2058c8d27b36f611aa9f8275eb1877a7c8b38b0,exploratory previously inspected 100 questions,not_evaluated
1,100,0.08,0.08,0.08,0.08,0.08,evidence_passage_len32_t0.7_seed20261006__multi_rrf__hybrid_a0.25_d100,evidence_passage_len32_t0.7_seed20261006,multi_rrf_hybrid,0.25,100,2508.058014700001,Cheryl,isaacus/legal-rag-bench,3a3565bc5429f6cead90548e81f87352b449927e4be1cdd804c28d766bb9c246,e3b869a4e293d081ec5f5b39c2058c8d27b36f611aa9f8275eb1877a7c8b38b0,exploratory previously inspected 100 questions,not_evaluated
3,100,0.08,0.24,0.24,0.14833333333333334,0.1717836778214312,evidence_passage_len32_t0.7_seed20261006__multi_rrf__hybrid_a0.25_d100,evidence_passage_len32_t0.7_seed20261006,multi_rrf_hybrid,0.25,100,2508.058014700001,Cheryl,isaacus/legal-rag-bench,3a3565bc5429f6cead90548e81f87352b449927e4be1cdd804c28d766bb9c246,e3b869a4e293d081ec5f5b39c2058c8d27b36f611aa9f8275eb1877a7c8b38b0,exploratory previously inspected 100 questions,not_evaluated
5,100,0.057999999999999996,0.29,0.29,0.16033333333333333,0.19287926821671234,evidence_passage_len32_t0.7_seed20261006__multi_rrf__hybrid_a0.25_d100,evidence_passage_len32_t0.7_seed20261006,multi_rrf_hybrid,0.25,100,2508.058014700001,Cheryl,isaacus/legal-rag-bench,3a3565bc5429f6cead90548e81f87352b449927e4be1cdd804c28d766bb9c246,e3b869a4e293d081ec5f5b39c2058c8d27b36f611aa9f8275eb1877a7c8b38b0,exploratory previously inspected 100 questions,not_evaluated
10,100,0.037,0.37,0.37,0.1714246031746032,0.21917866064000968,evidence_passage_len32_t0.7_seed20261006__multi_rrf__hybrid_a0.25_d100,evidence_passage_len32_t0.7_seed20261006,multi_rrf_hybrid,0.25,100,2508.058014700001,Cheryl,isaacus/legal-rag-bench,3a3565bc5429f6cead90548e81f87352b449927e4be1cdd804c28d766bb9c246,e3b869a4e293d081ec5f5b39c2058c8d27b36f611aa9f8275eb1877a7c8b38b0,exploratory previously inspected 100 questions,not_evaluated
1,100,0.08,0.08,0.08,0.08,0.08,evidence_passage_len32_t0.7_seed20261006__multi_rrf__hybrid_a0.5_d100,evidence_passage_len32_t0.7_seed20261006,multi_rrf_hybrid,0.5,100,2507.9986094099977,Cheryl,isaacus/legal-rag-bench,3a3565bc5429f6cead90548e81f87352b449927e4be1cdd804c28d766bb9c246,e3b869a4e293d081ec5f5b39c2058c8d27b36f611aa9f8275eb1877a7c8b38b0,exploratory previously inspected 100 questions,not_evaluated
3,100,0.06999999999999999,0.21,0.21,0.13,0.1502371901428583,evidence_passage_len32_t0.7_seed20261006__multi_rrf__hybrid_a0.5_d100,evidence_passage_len32_t0.7_seed20261006,multi_rrf_hybrid,0.5,100,2507.9986094099977,Cheryl,isaacus/legal-rag-bench,3a3565bc5429f6cead90548e81f87352b449927e4be1cdd804c28d766bb9c246,e3b869a4e293d081ec5f5b39c2058c8d27b36f611aa9f8275eb1877a7c8b38b0,exploratory previously inspected 100 questions,not_evaluated
5,100,0.052000000000000005,0.26,0.26,0.14049999999999999,0.17001806801297392,evidence_passage_len32_t0.7_seed20261006__multi_rrf__hybrid_a0.5_d100,evidence_passage_len32_t0.7_seed20261006,multi_rrf_hybrid,0.5,100,2507.9986094099977,Cheryl,isaacus/legal-rag-bench,3a3565bc5429f6cead90548e81f87352b449927e4be1cdd804c28d766bb9c246,e3b869a4e293d081ec5f5b39c2058c8d27b36f611aa9f8275eb1877a7c8b38b0,exploratory previously inspected 100 questions,not_evaluated
10,100,0.032,0.32,0.32,0.14887301587301588,0.18979514258082206,evidence_passage_len32_t0.7_seed20261006__multi_rrf__hybrid_a0.5_d100,evidence_passage_len32_t0.7_seed20261006,multi_rrf_hybrid,0.5,100,2507.9986094099977,Cheryl,isaacus/legal-rag-bench,3a3565bc5429f6cead90548e81f87352b449927e4be1cdd804c28d766bb9c246,e3b869a4e293d081ec5f5b39c2058c8d27b36f611aa9f8275eb1877a7c8b38b0,exploratory previously inspected 100 questions,not_evaluated
1,100,0.06,0.06,0.06,0.06,0.06,evidence_passage_len32_t0.7_seed20261006__multi_rrf__hybrid_a0.75_d100,evidence_passage_len32_t0.7_seed20261006,multi_rrf_hybrid,0.75,100,2508.02902173,Cheryl,isaacus/legal-rag-bench,3a3565bc5429f6cead90548e81f87352b449927e4be1cdd804c28d766bb9c246,e3b869a4e293d081ec5f5b39c2058c8d27b36f611aa9f8275eb1877a7c8b38b0,exploratory previously inspected 100 questions,not_evaluated
3,100,0.05333333333333334,0.16,0.16,0.1,0.11523719014285831,evidence_passage_len32_t0.7_seed20261006__multi_rrf__hybrid_a0.75_d100,evidence_passage_len32_t0.7_seed20261006,multi_rrf_hybrid,0.75,100,2508.02902173,Cheryl,isaacus/legal-rag-bench,3a3565bc5429f6cead90548e81f87352b449927e4be1cdd804c28d766bb9c246,e3b869a4e293d081ec5f5b39c2058c8d27b36f611aa9f8275eb1877a7c8b38b0,exploratory previously inspected 100 questions,not_evaluated
5,100,0.036,0.18,0.18,0.1045,0.12341248379593765,evidence_passage_len32_t0.7_seed20261006__multi_rrf__hybrid_a0.75_d100,evidence_passage_len32_t0.7_seed20261006,multi_rrf_hybrid,0.75,100,2508.02902173,Cheryl,isaacus/legal-rag-bench,3a3565bc5429f6cead90548e81f87352b449927e4be1cdd804c28d766bb9c246,e3b869a4e293d081ec5f5b39c2058c8d27b36f611aa9f8275eb1877a7c8b38b0,exploratory previously inspected 100 questions,not_evaluated
10,100,0.026000000000000002,0.26,0.26,0.11640476190476191,0.1505366275380981,evidence_passage_len32_t0.7_seed20261006__multi_rrf__hybrid_a0.75_d100,evidence_passage_len32_t0.7_seed20261006,multi_rrf_hybrid,0.75,100,2508.02902173,Cheryl,isaacus/legal-rag-bench,3a3565bc5429f6cead90548e81f87352b449927e4be1cdd804c28d766bb9c246,e3b869a4e293d081ec5f5b39c2058c8d27b36f611aa9f8275eb1877a7c8b38b0,exploratory previously inspected 100 questions,not_evaluated
1,100,0.05,0.05,0.05,0.05,0.05,evidence_passage_len96_t0_seed20261006__hyde_single,evidence_passage_len96_t0_seed20261006,hyde_single,,100,1160.1910378099992,Cheryl,isaacus/legal-rag-bench,3a3565bc5429f6cead90548e81f87352b449927e4be1cdd804c28d766bb9c246,e3b869a4e293d081ec5f5b39c2058c8d27b36f611aa9f8275eb1877a7c8b38b0,exploratory previously inspected 100 questions,not_evaluated
3,100,0.04666666666666667,0.14,0.14,0.08666666666666666,0.10023719014285831,evidence_passage_len96_t0_seed20261006__hyde_single,evidence_passage_len96_t0_seed20261006,hyde_single,,100,1160.1910378099992,Cheryl,isaacus/legal-rag-bench,3a3565bc5429f6cead90548e81f87352b449927e4be1cdd804c28d766bb9c246,e3b869a4e293d081ec5f5b39c2058c8d27b36f611aa9f8275eb1877a7c8b38b0,exploratory previously inspected 100 questions,not_evaluated
5,100,0.038,0.19,0.19,0.09816666666666667,0.12089454302975092,evidence_passage_len96_t0_seed20261006__hyde_single,evidence_passage_len96_t0_seed20261006,hyde_single,,100,1160.1910378099992,Cheryl,isaacus/legal-rag-bench,3a3565bc5429f6cead90548e81f87352b449927e4be1cdd804c28d766bb9c246,e3b869a4e293d081ec5f5b39c2058c8d27b36f611aa9f8275eb1877a7c8b38b0,exploratory previously inspected 100 questions,not_evaluated
10,100,0.023,0.23,0.23,0.10392857142857143,0.13424266836842358,evidence_passage_len96_t0_seed20261006__hyde_single,evidence_passage_len96_t0_seed20261006,hyde_single,,100,1160.1910378099992,Cheryl,isaacus/legal-rag-bench,3a3565bc5429f6cead90548e81f87352b449927e4be1cdd804c28d766bb9c246,e3b869a4e293d081ec5f5b39c2058c8d27b36f611aa9f8275eb1877a7c8b38b0,exploratory previously inspected 100 questions,not_evaluated
1,100,0.2,0.2,0.2,0.2,0.2,evidence_passage_len96_t0_seed20261006__hyde_single__hybrid_a0.25_d20,evidence_passage_len96_t0_seed20261006,hyde_single_hybrid,0.25,20,1160.4545873999998,Cheryl,isaacus/legal-rag-bench,3a3565bc5429f6cead90548e81f87352b449927e4be1cdd804c28d766bb9c246,e3b869a4e293d081ec5f5b39c2058c8d27b36f611aa9f8275eb1877a7c8b38b0,exploratory previously inspected 100 questions,not_evaluated
3,100,0.09000000000000001,0.27,0.27,0.23,0.2402371901428583,evidence_passage_len96_t0_seed20261006__hyde_single__hybrid_a0.25_d20,evidence_passage_len96_t0_seed20261006,hyde_single_hybrid,0.25,20,1160.4545873999998,Cheryl,isaacus/legal-rag-bench,3a3565bc5429f6cead90548e81f87352b449927e4be1cdd804c28d766bb9c246,e3b869a4e293d081ec5f5b39c2058c8d27b36f611aa9f8275eb1877a7c8b38b0,exploratory previously inspected 100 questions,not_evaluated
5,100,0.057999999999999996,0.29,0.29,0.23399999999999999,0.24797424628754913,evidence_passage_len96_t0_seed20261006__hyde_single__hybrid_a0.25_d20,evidence_passage_len96_t0_seed20261006,hyde_single_hybrid,0.25,20,1160.4545873999998,Cheryl,isaacus/legal-rag-bench,3a3565bc5429f6cead90548e81f87352b449927e4be1cdd804c28d766bb9c246,e3b869a4e293d081ec5f5b39c2058c8d27b36f611aa9f8275eb1877a7c8b38b0,exploratory previously inspected 100 questions,not_evaluated
10,100,0.036,0.36,0.36,0.24313492063492062,0.2704132305808293,evidence_passage_len96_t0_seed20261006__hyde_single__hybrid_a0.25_d20,evidence_passage_len96_t0_seed20261006,hyde_single_hybrid,0.25,20,1160.4545873999998,Cheryl,isaacus/legal-rag-bench,3a3565bc5429f6cead90548e81f87352b449927e4be1cdd804c28d766bb9c246,e3b869a4e293d081ec5f5b39c2058c8d27b36f611aa9f8275eb1877a7c8b38b0,exploratory previously inspected 100 questions,not_evaluated
1,100,0.14,0.14,0.14,0.14,0.14,evidence_passage_len96_t0_seed20261006__hyde_single__hybrid_a0.5_d20,evidence_passage_len96_t0_seed20261006,hyde_single_hybrid,0.5,20,1160.4642261899974,Cheryl,isaacus/legal-rag-bench,3a3565bc5429f6cead90548e81f87352b449927e4be1cdd804c28d766bb9c246,e3b869a4e293d081ec5f5b39c2058c8d27b36f611aa9f8275eb1877a7c8b38b0,exploratory previously inspected 100 questions,not_evaluated
3,100,0.09000000000000001,0.27,0.27,0.19666666666666666,0.2154743802857166,evidence_passage_len96_t0_seed20261006__hyde_single__hybrid_a0.5_d20,evidence_passage_len96_t0_seed20261006,hyde_single_hybrid,0.5,20,1160.4642261899974,Cheryl,isaacus/legal-rag-bench,3a3565bc5429f6cead90548e81f87352b449927e4be1cdd804c28d766bb9c246,e3b869a4e293d081ec5f5b39c2058c8d27b36f611aa9f8275eb1877a7c8b38b0,exploratory previously inspected 100 questions,not_evaluated
5,100,0.068,0.34,0.34,0.21166666666666664,0.24343055180891157,evidence_passage_len96_t0_seed20261006__hyde_single__hybrid_a0.5_d20,evidence_passage_len96_t0_seed20261006,hyde_single_hybrid,0.5,20,1160.4642261899974,Cheryl,isaacus/legal-rag-bench,3a3565bc5429f6cead90548e81f87352b449927e4be1cdd804c28d766bb9c246,e3b869a4e293d081ec5f5b39c2058c8d27b36f611aa9f8275eb1877a7c8b38b0,exploratory previously inspected 100 questions,not_evaluated
10,100,0.04,0.4,0.4,0.21902777777777774,0.26218847227440834,evidence_passage_len96_t0_seed20261006__hyde_single__hybrid_a0.5_d20,evidence_passage_len96_t0_seed20261006,hyde_single_hybrid,0.5,20,1160.4642261899974,Cheryl,isaacus/legal-rag-bench,3a3565bc5429f6cead90548e81f87352b449927e4be1cdd804c28d766bb9c246,e3b869a4e293d081ec5f5b39c2058c8d27b36f611aa9f8275eb1877a7c8b38b0,exploratory previously inspected 100 questions,not_evaluated
1,100,0.09,0.09,0.09,0.09,0.09,evidence_passage_len96_t0_seed20261006__hyde_single__hybrid_a0.75_d20,evidence_passage_len96_t0_seed20261006,hyde_single_hybrid,0.75,20,1160.4582534800013,Cheryl,isaacus/legal-rag-bench,3a3565bc5429f6cead90548e81f87352b449927e4be1cdd804c28d766bb9c246,e3b869a4e293d081ec5f5b39c2058c8d27b36f611aa9f8275eb1877a7c8b38b0,exploratory previously inspected 100 questions,not_evaluated
3,100,0.06666666666666667,0.2,0.2,0.13666666666666666,0.15285578521428747,evidence_passage_len96_t0_seed20261006__hyde_single__hybrid_a0.75_d20,evidence_passage_len96_t0_seed20261006,hyde_single_hybrid,0.75,20,1160.4582534800013,Cheryl,isaacus/legal-rag-bench,3a3565bc5429f6cead90548e81f87352b449927e4be1cdd804c28d766bb9c246,e3b869a4e293d081ec5f5b39c2058c8d27b36f611aa9f8275eb1877a7c8b38b0,exploratory previously inspected 100 questions,not_evaluated
5,100,0.046,0.23,0.23,0.14366666666666666,0.16533784444810073,evidence_passage_len96_t0_seed20261006__hyde_single__hybrid_a0.75_d20,evidence_passage_len96_t0_seed20261006,hyde_single_hybrid,0.75,20,1160.4582534800013,Cheryl,isaacus/legal-rag-bench,3a3565bc5429f6cead90548e81f87352b449927e4be1cdd804c28d766bb9c246,e3b869a4e293d081ec5f5b39c2058c8d27b36f611aa9f8275eb1877a7c8b38b0,exploratory previously inspected 100 questions,not_evaluated
10,100,0.026000000000000002,0.26,0.26,0.1481904761904762,0.17556658298584765,evidence_passage_len96_t0_seed20261006__hyde_single__hybrid_a0.75_d20,evidence_passage_len96_t0_seed20261006,hyde_single_hybrid,0.75,20,1160.4582534800013,Cheryl,isaacus/legal-rag-bench,3a3565bc5429f6cead90548e81f87352b449927e4be1cdd804c28d766bb9c246,e3b869a4e293d081ec5f5b39c2058c8d27b36f611aa9f8275eb1877a7c8b38b0,exploratory previously inspected 100 questions,not_evaluated
1,100,0.19,0.19,0.19,0.19,0.19,evidence_passage_len96_t0_seed20261006__hyde_single__hybrid_a0.25_d100,evidence_passage_len96_t0_seed20261006,hyde_single_hybrid,0.25,100,1160.5850045199988,Cheryl,isaacus/legal-rag-bench,3a3565bc5429f6cead90548e81f87352b449927e4be1cdd804c28d766bb9c246,e3b869a4e293d081ec5f5b39c2058c8d27b36f611aa9f8275eb1877a7c8b38b0,exploratory previously inspected 100 questions,not_evaluated
3,100,0.09000000000000001,0.27,0.27,0.22333333333333333,0.23523719014285832,evidence_passage_len96_t0_seed20261006__hyde_single__hybrid_a0.25_d100,evidence_passage_len96_t0_seed20261006,hyde_single_hybrid,0.25,100,1160.5850045199988,Cheryl,isaacus/legal-rag-bench,3a3565bc5429f6cead90548e81f87352b449927e4be1cdd804c28d766bb9c246,e3b869a4e293d081ec5f5b39c2058c8d27b36f611aa9f8275eb1877a7c8b38b0,exploratory previously inspected 100 questions,not_evaluated
5,100,0.062,0.31,0.31,0.2328333333333333,0.2520260149574055,evidence_passage_len96_t0_seed20261006__hyde_single__hybrid_a0.25_d100,evidence_passage_len96_t0_seed20261006,hyde_single_hybrid,0.25,100,1160.5850045199988,Cheryl,isaacus/legal-rag-bench,3a3565bc5429f6cead90548e81f87352b449927e4be1cdd804c28d766bb9c246,e3b869a4e293d081ec5f5b39c2058c8d27b36f611aa9f8275eb1877a7c8b38b0,exploratory previously inspected 100 questions,not_evaluated
10,100,0.039,0.39,0.39,0.24352380952380956,0.27790741942830494,evidence_passage_len96_t0_seed20261006__hyde_single__hybrid_a0.25_d100,evidence_passage_len96_t0_seed20261006,hyde_single_hybrid,0.25,100,1160.5850045199988,Cheryl,isaacus/legal-rag-bench,3a3565bc5429f6cead90548e81f87352b449927e4be1cdd804c28d766bb9c246,e3b869a4e293d081ec5f5b39c2058c8d27b36f611aa9f8275eb1877a7c8b38b0,exploratory previously inspected 100 questions,not_evaluated
1,100,0.11,0.11,0.11,0.11,0.11,evidence_passage_len96_t0_seed20261006__hyde_single__hybrid_a0.5_d100,evidence_passage_len96_t0_seed20261006,hyde_single_hybrid,0.5,100,1160.5280179099966,Cheryl,isaacus/legal-rag-bench,3a3565bc5429f6cead90548e81f87352b449927e4be1cdd804c28d766bb9c246,e3b869a4e293d081ec5f5b39c2058c8d27b36f611aa9f8275eb1877a7c8b38b0,exploratory previously inspected 100 questions,not_evaluated
3,100,0.06999999999999999,0.21,0.21,0.15333333333333335,0.16785578521428746,evidence_passage_len96_t0_seed20261006__hyde_single__hybrid_a0.5_d100,evidence_passage_len96_t0_seed20261006,hyde_single_hybrid,0.5,100,1160.5280179099966,Cheryl,isaacus/legal-rag-bench,3a3565bc5429f6cead90548e81f87352b449927e4be1cdd804c28d766bb9c246,e3b869a4e293d081ec5f5b39c2058c8d27b36f611aa9f8275eb1877a7c8b38b0,exploratory previously inspected 100 questions,not_evaluated
5,100,0.048,0.24,0.24,0.15933333333333333,0.17946136943132374,evidence_passage_len96_t0_seed20261006__hyde_single__hybrid_a0.5_d100,evidence_passage_len96_t0_seed20261006,hyde_single_hybrid,0.5,100,1160.5280179099966,Cheryl,isaacus/legal-rag-bench,3a3565bc5429f6cead90548e81f87352b449927e4be1cdd804c28d766bb9c246,e3b869a4e293d081ec5f5b39c2058c8d27b36f611aa9f8275eb1877a7c8b38b0,exploratory previously inspected 100 questions,not_evaluated
10,100,0.037,0.37,0.37,0.17550000000000002,0.2202999788464756,evidence_passage_len96_t0_seed20261006__hyde_single__hybrid_a0.5_d100,evidence_passage_len96_t0_seed20261006,hyde_single_hybrid,0.5,100,1160.5280179099966,Cheryl,isaacus/legal-rag-bench,3a3565bc5429f6cead90548e81f87352b449927e4be1cdd804c28d766bb9c246,e3b869a4e293d081ec5f5b39c2058c8d27b36f611aa9f8275eb1877a7c8b38b0,exploratory previously inspected 100 questions,not_evaluated
1,100,0.06,0.06,0.06,0.06,0.06,evidence_passage_len96_t0_seed20261006__hyde_single__hybrid_a0.75_d100,evidence_passage_len96_t0_seed20261006,hyde_single_hybrid,0.75,100,1160.520085469998,Cheryl,isaacus/legal-rag-bench,3a3565bc5429f6cead90548e81f87352b449927e4be1cdd804c28d766bb9c246,e3b869a4e293d081ec5f5b39c2058c8d27b36f611aa9f8275eb1877a7c8b38b0,exploratory previously inspected 100 questions,not_evaluated
3,100,0.05666666666666667,0.17,0.17,0.10833333333333332,0.12416508275000204,evidence_passage_len96_t0_seed20261006__hyde_single__hybrid_a0.75_d100,evidence_passage_len96_t0_seed20261006,hyde_single_hybrid,0.75,100,1160.520085469998,Cheryl,isaacus/legal-rag-bench,3a3565bc5429f6cead90548e81f87352b449927e4be1cdd804c28d766bb9c246,e3b869a4e293d081ec5f5b39c2058c8d27b36f611aa9f8275eb1877a7c8b38b0,exploratory previously inspected 100 questions,not_evaluated
5,100,0.044,0.22,0.22,0.12033333333333332,0.14526067314528318,evidence_passage_len96_t0_seed20261006__hyde_single__hybrid_a0.75_d100,evidence_passage_len96_t0_seed20261006,hyde_single_hybrid,0.75,100,1160.520085469998,Cheryl,isaacus/legal-rag-bench,3a3565bc5429f6cead90548e81f87352b449927e4be1cdd804c28d766bb9c246,e3b869a4e293d081ec5f5b39c2058c8d27b36f611aa9f8275eb1877a7c8b38b0,exploratory previously inspected 100 questions,not_evaluated
10,100,0.027000000000000003,0.27,0.27,0.12649999999999997,0.1609133390784357,evidence_passage_len96_t0_seed20261006__hyde_single__hybrid_a0.75_d100,evidence_passage_len96_t0_seed20261006,hyde_single_hybrid,0.75,100,1160.520085469998,Cheryl,isaacus/legal-rag-bench,3a3565bc5429f6cead90548e81f87352b449927e4be1cdd804c28d766bb9c246,e3b869a4e293d081ec5f5b39c2058c8d27b36f611aa9f8275eb1877a7c8b38b0,exploratory previously inspected 100 questions,not_evaluated
1,100,0.09,0.09,0.09,0.09,0.09,evidence_passage_len96_t0_seed20261006__question_plus_hyde,evidence_passage_len96_t0_seed20261006,question_plus_hyde,,100,1160.1910378099992,Cheryl,isaacus/legal-rag-bench,3a3565bc5429f6cead90548e81f87352b449927e4be1cdd804c28d766bb9c246,e3b869a4e293d081ec5f5b39c2058c8d27b36f611aa9f8275eb1877a7c8b38b0,exploratory previously inspected 100 questions,not_evaluated
3,100,0.06666666666666667,0.2,0.2,0.1383333333333333,0.15416508275000204,evidence_passage_len96_t0_seed20261006__question_plus_hyde,evidence_passage_len96_t0_seed20261006,question_plus_hyde,,100,1160.1910378099992,Cheryl,isaacus/legal-rag-bench,3a3565bc5429f6cead90548e81f87352b449927e4be1cdd804c28d766bb9c246,e3b869a4e293d081ec5f5b39c2058c8d27b36f611aa9f8275eb1877a7c8b38b0,exploratory previously inspected 100 questions,not_evaluated
5,100,0.052000000000000005,0.26,0.26,0.15283333333333332,0.1795674387260171,evidence_passage_len96_t0_seed20261006__question_plus_hyde,evidence_passage_len96_t0_seed20261006,question_plus_hyde,,100,1160.1910378099992,Cheryl,isaacus/legal-rag-bench,3a3565bc5429f6cead90548e81f87352b449927e4be1cdd804c28d766bb9c246,e3b869a4e293d081ec5f5b39c2058c8d27b36f611aa9f8275eb1877a7c8b38b0,exploratory previously inspected 100 questions,not_evaluated
10,100,0.034999999999999996,0.35,0.35,0.16451984126984126,0.20838531827620194,evidence_passage_len96_t0_seed20261006__question_plus_hyde,evidence_passage_len96_t0_seed20261006,question_plus_hyde,,100,1160.1910378099992,Cheryl,isaacus/legal-rag-bench,3a3565bc5429f6cead90548e81f87352b449927e4be1cdd804c28d766bb9c246,e3b869a4e293d081ec5f5b39c2058c8d27b36f611aa9f8275eb1877a7c8b38b0,exploratory previously inspected 100 questions,not_evaluated
1,100,0.16,0.16,0.16,0.16,0.16,evidence_passage_len96_t0_seed20261006__question_plus_hyde__hybrid_a0.25_d20,evidence_passage_len96_t0_seed20261006,question_plus_hyde_hybrid,0.25,20,1160.4395492699953,Cheryl,isaacus/legal-rag-bench,3a3565bc5429f6cead90548e81f87352b449927e4be1cdd804c28d766bb9c246,e3b869a4e293d081ec5f5b39c2058c8d27b36f611aa9f8275eb1877a7c8b38b0,exploratory previously inspected 100 questions,not_evaluated
3,100,0.09000000000000001,0.27,0.27,0.20499999999999996,0.22154648767857288,evidence_passage_len96_t0_seed20261006__question_plus_hyde__hybrid_a0.25_d20,evidence_passage_len96_t0_seed20261006,question_plus_hyde_hybrid,0.25,20,1160.4395492699953,Cheryl,isaacus/legal-rag-bench,3a3565bc5429f6cead90548e81f87352b449927e4be1cdd804c28d766bb9c246,e3b869a4e293d081ec5f5b39c2058c8d27b36f611aa9f8275eb1877a7c8b38b0,exploratory previously inspected 100 questions,not_evaluated
5,100,0.062,0.31,0.31,0.21349999999999997,0.23745883747634303,evidence_passage_len96_t0_seed20261006__question_plus_hyde__hybrid_a0.25_d20,evidence_passage_len96_t0_seed20261006,question_plus_hyde_hybrid,0.25,20,1160.4395492699953,Cheryl,isaacus/legal-rag-bench,3a3565bc5429f6cead90548e81f87352b449927e4be1cdd804c28d766bb9c246,e3b869a4e293d081ec5f5b39c2058c8d27b36f611aa9f8275eb1877a7c8b38b0,exploratory previously inspected 100 questions,not_evaluated
10,100,0.039,0.39,0.39,0.22599999999999998,0.265140566238539,evidence_passage_len96_t0_seed20261006__question_plus_hyde__hybrid_a0.25_d20,evidence_passage_len96_t0_seed20261006,question_plus_hyde_hybrid,0.25,20,1160.4395492699953,Cheryl,isaacus/legal-rag-bench,3a3565bc5429f6cead90548e81f87352b449927e4be1cdd804c28d766bb9c246,e3b869a4e293d081ec5f5b39c2058c8d27b36f611aa9f8275eb1877a7c8b38b0,exploratory previously inspected 100 questions,not_evaluated
1,100,0.13,0.13,0.13,0.13,0.13,evidence_passage_len96_t0_seed20261006__question_plus_hyde__hybrid_a0.5_d20,evidence_passage_len96_t0_seed20261006,question_plus_hyde_hybrid,0.5,20,1160.4406859099984,Cheryl,isaacus/legal-rag-bench,3a3565bc5429f6cead90548e81f87352b449927e4be1cdd804c28d766bb9c246,e3b869a4e293d081ec5f5b39c2058c8d27b36f611aa9f8275eb1877a7c8b38b0,exploratory previously inspected 100 questions,not_evaluated
3,100,0.08666666666666667,0.26,0.26,0.18666666666666665,0.20547438028571663,evidence_passage_len96_t0_seed20261006__question_plus_hyde__hybrid_a0.5_d20,evidence_passage_len96_t0_seed20261006,question_plus_hyde_hybrid,0.5,20,1160.4406859099984,Cheryl,isaacus/legal-rag-bench,3a3565bc5429f6cead90548e81f87352b449927e4be1cdd804c28d766bb9c246,e3b869a4e293d081ec5f5b39c2058c8d27b36f611aa9f8275eb1877a7c8b38b0,exploratory previously inspected 100 questions,not_evaluated
5,100,0.066,0.33,0.33,0.20116666666666666,0.23299231430052303,evidence_passage_len96_t0_seed20261006__question_plus_hyde__hybrid_a0.5_d20,evidence_passage_len96_t0_seed20261006,question_plus_hyde_hybrid,0.5,20,1160.4406859099984,Cheryl,isaacus/legal-rag-bench,3a3565bc5429f6cead90548e81f87352b449927e4be1cdd804c28d766bb9c246,e3b869a4e293d081ec5f5b39c2058c8d27b36f611aa9f8275eb1877a7c8b38b0,exploratory previously inspected 100 questions,not_evaluated
10,100,0.047,0.47,0.47,0.22247619047619047,0.2809027816004658,evidence_passage_len96_t0_seed20261006__question_plus_hyde__hybrid_a0.5_d20,evidence_passage_len96_t0_seed20261006,question_plus_hyde_hybrid,0.5,20,1160.4406859099984,Cheryl,isaacus/legal-rag-bench,3a3565bc5429f6cead90548e81f87352b449927e4be1cdd804c28d766bb9c246,e3b869a4e293d081ec5f5b39c2058c8d27b36f611aa9f8275eb1877a7c8b38b0,exploratory previously inspected 100 questions,not_evaluated
1,100,0.1,0.1,0.1,0.1,0.1,evidence_passage_len96_t0_seed20261006__question_plus_hyde__hybrid_a0.75_d20,evidence_passage_len96_t0_seed20261006,question_plus_hyde_hybrid,0.75,20,1160.4459785899965,Cheryl,isaacus/legal-rag-bench,3a3565bc5429f6cead90548e81f87352b449927e4be1cdd804c28d766bb9c246,e3b869a4e293d081ec5f5b39c2058c8d27b36f611aa9f8275eb1877a7c8b38b0,exploratory previously inspected 100 questions,not_evaluated
3,100,0.06999999999999999,0.21,0.21,0.14833333333333332,0.16416508275000205,evidence_passage_len96_t0_seed20261006__question_plus_hyde__hybrid_a0.75_d20,evidence_passage_len96_t0_seed20261006,question_plus_hyde_hybrid,0.75,20,1160.4459785899965,Cheryl,isaacus/legal-rag-bench,3a3565bc5429f6cead90548e81f87352b449927e4be1cdd804c28d766bb9c246,e3b869a4e293d081ec5f5b39c2058c8d27b36f611aa9f8275eb1877a7c8b38b0,exploratory previously inspected 100 questions,not_evaluated
5,100,0.06,0.3,0.3,0.16833333333333333,0.20073478543466486,evidence_passage_len96_t0_seed20261006__question_plus_hyde__hybrid_a0.75_d20,evidence_passage_len96_t0_seed20261006,question_plus_hyde_hybrid,0.75,20,1160.4459785899965,Cheryl,isaacus/legal-rag-bench,3a3565bc5429f6cead90548e81f87352b449927e4be1cdd804c28d766bb9c246,e3b869a4e293d081ec5f5b39c2058c8d27b36f611aa9f8275eb1877a7c8b38b0,exploratory previously inspected 100 questions,not_evaluated
10,100,0.038,0.38,0.38,0.17956349206349206,0.22717852666917962,evidence_passage_len96_t0_seed20261006__question_plus_hyde__hybrid_a0.75_d20,evidence_passage_len96_t0_seed20261006,question_plus_hyde_hybrid,0.75,20,1160.4459785899965,Cheryl,isaacus/legal-rag-bench,3a3565bc5429f6cead90548e81f87352b449927e4be1cdd804c28d766bb9c246,e3b869a4e293d081ec5f5b39c2058c8d27b36f611aa9f8275eb1877a7c8b38b0,exploratory previously inspected 100 questions,not_evaluated
1,100,0.18,0.18,0.18,0.18,0.18,evidence_passage_len96_t0_seed20261006__question_plus_hyde__hybrid_a0.25_d100,evidence_passage_len96_t0_seed20261006,question_plus_hyde_hybrid,0.25,100,1160.5224802499972,Cheryl,isaacus/legal-rag-bench,3a3565bc5429f6cead90548e81f87352b449927e4be1cdd804c28d766bb9c246,e3b869a4e293d081ec5f5b39c2058c8d27b36f611aa9f8275eb1877a7c8b38b0,exploratory previously inspected 100 questions,not_evaluated
3,100,0.09999999999999999,0.3,0.3,0.23166666666666663,0.24916508275000204,evidence_passage_len96_t0_seed20261006__question_plus_hyde__hybrid_a0.25_d100,evidence_passage_len96_t0_seed20261006,question_plus_hyde_hybrid,0.25,100,1160.5224802499972,Cheryl,isaacus/legal-rag-bench,3a3565bc5429f6cead90548e81f87352b449927e4be1cdd804c28d766bb9c246,e3b869a4e293d081ec5f5b39c2058c8d27b36f611aa9f8275eb1877a7c8b38b0,exploratory previously inspected 100 questions,not_evaluated
5,100,0.066,0.33,0.33,0.23916666666666664,0.26208537949220384,evidence_passage_len96_t0_seed20261006__question_plus_hyde__hybrid_a0.25_d100,evidence_passage_len96_t0_seed20261006,question_plus_hyde_hybrid,0.25,100,1160.5224802499972,Cheryl,isaacus/legal-rag-bench,3a3565bc5429f6cead90548e81f87352b449927e4be1cdd804c28d766bb9c246,e3b869a4e293d081ec5f5b39c2058c8d27b36f611aa9f8275eb1877a7c8b38b0,exploratory previously inspected 100 questions,not_evaluated
10,100,0.048,0.48,0.48,0.25853571428571426,0.3099383860684724,evidence_passage_len96_t0_seed20261006__question_plus_hyde__hybrid_a0.25_d100,evidence_passage_len96_t0_seed20261006,question_plus_hyde_hybrid,0.25,100,1160.5224802499972,Cheryl,isaacus/legal-rag-bench,3a3565bc5429f6cead90548e81f87352b449927e4be1cdd804c28d766bb9c246,e3b869a4e293d081ec5f5b39c2058c8d27b36f611aa9f8275eb1877a7c8b38b0,exploratory previously inspected 100 questions,not_evaluated
1,100,0.14,0.14,0.14,0.14,0.14,evidence_passage_len96_t0_seed20261006__question_plus_hyde__hybrid_a0.5_d100,evidence_passage_len96_t0_seed20261006,question_plus_hyde_hybrid,0.5,100,1160.5326722400016,Cheryl,isaacus/legal-rag-bench,3a3565bc5429f6cead90548e81f87352b449927e4be1cdd804c28d766bb9c246,e3b869a4e293d081ec5f5b39c2058c8d27b36f611aa9f8275eb1877a7c8b38b0,exploratory previously inspected 100 questions,not_evaluated
3,100,0.08666666666666667,0.26,0.26,0.18999999999999997,0.20785578521428746,evidence_passage_len96_t0_seed20261006__question_plus_hyde__hybrid_a0.5_d100,evidence_passage_len96_t0_seed20261006,question_plus_hyde_hybrid,0.5,100,1160.5326722400016,Cheryl,isaacus/legal-rag-bench,3a3565bc5429f6cead90548e81f87352b449927e4be1cdd804c28d766bb9c246,e3b869a4e293d081ec5f5b39c2058c8d27b36f611aa9f8275eb1877a7c8b38b0,exploratory previously inspected 100 questions,not_evaluated
5,100,0.06999999999999999,0.35,0.35,0.2095,0.24398725039056174,evidence_passage_len96_t0_seed20261006__question_plus_hyde__hybrid_a0.5_d100,evidence_passage_len96_t0_seed20261006,question_plus_hyde_hybrid,0.5,100,1160.5326722400016,Cheryl,isaacus/legal-rag-bench,3a3565bc5429f6cead90548e81f87352b449927e4be1cdd804c28d766bb9c246,e3b869a4e293d081ec5f5b39c2058c8d27b36f611aa9f8275eb1877a7c8b38b0,exploratory previously inspected 100 questions,not_evaluated
10,100,0.047,0.47,0.47,0.2249206349206349,0.28220753121019965,evidence_passage_len96_t0_seed20261006__question_plus_hyde__hybrid_a0.5_d100,evidence_passage_len96_t0_seed20261006,question_plus_hyde_hybrid,0.5,100,1160.5326722400016,Cheryl,isaacus/legal-rag-bench,3a3565bc5429f6cead90548e81f87352b449927e4be1cdd804c28d766bb9c246,e3b869a4e293d081ec5f5b39c2058c8d27b36f611aa9f8275eb1877a7c8b38b0,exploratory previously inspected 100 questions,not_evaluated
1,100,0.11,0.11,0.11,0.11,0.11,evidence_passage_len96_t0_seed20261006__question_plus_hyde__hybrid_a0.75_d100,evidence_passage_len96_t0_seed20261006,question_plus_hyde_hybrid,0.75,100,1160.5088376499955,Cheryl,isaacus/legal-rag-bench,3a3565bc5429f6cead90548e81f87352b449927e4be1cdd804c28d766bb9c246,e3b869a4e293d081ec5f5b39c2058c8d27b36f611aa9f8275eb1877a7c8b38b0,exploratory previously inspected 100 questions,not_evaluated
3,100,0.06999999999999999,0.21,0.21,0.155,0.16916508275000205,evidence_passage_len96_t0_seed20261006__question_plus_hyde__hybrid_a0.75_d100,evidence_passage_len96_t0_seed20261006,question_plus_hyde_hybrid,0.75,100,1160.5088376499955,Cheryl,isaacus/legal-rag-bench,3a3565bc5429f6cead90548e81f87352b449927e4be1cdd804c28d766bb9c246,e3b869a4e293d081ec5f5b39c2058c8d27b36f611aa9f8275eb1877a7c8b38b0,exploratory previously inspected 100 questions,not_evaluated
5,100,0.05,0.25,0.25,0.16449999999999998,0.18595390756454924,evidence_passage_len96_t0_seed20261006__question_plus_hyde__hybrid_a0.75_d100,evidence_passage_len96_t0_seed20261006,question_plus_hyde_hybrid,0.75,100,1160.5088376499955,Cheryl,isaacus/legal-rag-bench,3a3565bc5429f6cead90548e81f87352b449927e4be1cdd804c28d766bb9c246,e3b869a4e293d081ec5f5b39c2058c8d27b36f611aa9f8275eb1877a7c8b38b0,exploratory previously inspected 100 questions,not_evaluated
10,100,0.041999999999999996,0.42,0.42,0.18826984126984125,0.24202046944327754,evidence_passage_len96_t0_seed20261006__question_plus_hyde__hybrid_a0.75_d100,evidence_passage_len96_t0_seed20261006,question_plus_hyde_hybrid,0.75,100,1160.5088376499955,Cheryl,isaacus/legal-rag-bench,3a3565bc5429f6cead90548e81f87352b449927e4be1cdd804c28d766bb9c246,e3b869a4e293d081ec5f5b39c2058c8d27b36f611aa9f8275eb1877a7c8b38b0,exploratory previously inspected 100 questions,not_evaluated
1,100,0.05,0.05,0.05,0.05,0.05,evidence_passage_len96_t0_seed20261006__multi_average,evidence_passage_len96_t0_seed20261006,multi_average,,100,3480.573113429998,Cheryl,isaacus/legal-rag-bench,3a3565bc5429f6cead90548e81f87352b449927e4be1cdd804c28d766bb9c246,e3b869a4e293d081ec5f5b39c2058c8d27b36f611aa9f8275eb1877a7c8b38b0,exploratory previously inspected 100 questions,not_evaluated
3,100,0.049999999999999996,0.15,0.15,0.095,0.10916508275000204,evidence_passage_len96_t0_seed20261006__multi_average,evidence_passage_len96_t0_seed20261006,multi_average,,100,3480.573113429998,Cheryl,isaacus/legal-rag-bench,3a3565bc5429f6cead90548e81f87352b449927e4be1cdd804c28d766bb9c246,e3b869a4e293d081ec5f5b39c2058c8d27b36f611aa9f8275eb1877a7c8b38b0,exploratory previously inspected 100 questions,not_evaluated
5,100,0.04,0.2,0.2,0.107,0.1302606731452832,evidence_passage_len96_t0_seed20261006__multi_average,evidence_passage_len96_t0_seed20261006,multi_average,,100,3480.573113429998,Cheryl,isaacus/legal-rag-bench,3a3565bc5429f6cead90548e81f87352b449927e4be1cdd804c28d766bb9c246,e3b869a4e293d081ec5f5b39c2058c8d27b36f611aa9f8275eb1877a7c8b38b0,exploratory previously inspected 100 questions,not_evaluated
10,100,0.028000000000000004,0.28,0.28,0.11770238095238096,0.15617733958311417,evidence_passage_len96_t0_seed20261006__multi_average,evidence_passage_len96_t0_seed20261006,multi_average,,100,3480.573113429998,Cheryl,isaacus/legal-rag-bench,3a3565bc5429f6cead90548e81f87352b449927e4be1cdd804c28d766bb9c246,e3b869a4e293d081ec5f5b39c2058c8d27b36f611aa9f8275eb1877a7c8b38b0,exploratory previously inspected 100 questions,not_evaluated
1,100,0.17,0.17,0.17,0.17,0.17,evidence_passage_len96_t0_seed20261006__multi_average__hybrid_a0.25_d20,evidence_passage_len96_t0_seed20261006,multi_average_hybrid,0.25,20,3480.828985719999,Cheryl,isaacus/legal-rag-bench,3a3565bc5429f6cead90548e81f87352b449927e4be1cdd804c28d766bb9c246,e3b869a4e293d081ec5f5b39c2058c8d27b36f611aa9f8275eb1877a7c8b38b0,exploratory previously inspected 100 questions,not_evaluated
3,100,0.08333333333333333,0.25,0.25,0.2033333333333333,0.2152371901428583,evidence_passage_len96_t0_seed20261006__multi_average__hybrid_a0.25_d20,evidence_passage_len96_t0_seed20261006,multi_average_hybrid,0.25,20,3480.828985719999,Cheryl,isaacus/legal-rag-bench,3a3565bc5429f6cead90548e81f87352b449927e4be1cdd804c28d766bb9c246,e3b869a4e293d081ec5f5b39c2058c8d27b36f611aa9f8275eb1877a7c8b38b0,exploratory previously inspected 100 questions,not_evaluated
5,100,0.057999999999999996,0.29,0.29,0.21233333333333335,0.23158777744901698,evidence_passage_len96_t0_seed20261006__multi_average__hybrid_a0.25_d20,evidence_passage_len96_t0_seed20261006,multi_average_hybrid,0.25,20,3480.828985719999,Cheryl,isaacus/legal-rag-bench,3a3565bc5429f6cead90548e81f87352b449927e4be1cdd804c28d766bb9c246,e3b869a4e293d081ec5f5b39c2058c8d27b36f611aa9f8275eb1877a7c8b38b0,exploratory previously inspected 100 questions,not_evaluated
10,100,0.037,0.37,0.37,0.2230357142857143,0.25750444388684796,evidence_passage_len96_t0_seed20261006__multi_average__hybrid_a0.25_d20,evidence_passage_len96_t0_seed20261006,multi_average_hybrid,0.25,20,3480.828985719999,Cheryl,isaacus/legal-rag-bench,3a3565bc5429f6cead90548e81f87352b449927e4be1cdd804c28d766bb9c246,e3b869a4e293d081ec5f5b39c2058c8d27b36f611aa9f8275eb1877a7c8b38b0,exploratory previously inspected 100 questions,not_evaluated
1,100,0.13,0.13,0.13,0.13,0.13,evidence_passage_len96_t0_seed20261006__multi_average__hybrid_a0.5_d20,evidence_passage_len96_t0_seed20261006,multi_average_hybrid,0.5,20,3480.8289414799983,Cheryl,isaacus/legal-rag-bench,3a3565bc5429f6cead90548e81f87352b449927e4be1cdd804c28d766bb9c246,e3b869a4e293d081ec5f5b39c2058c8d27b36f611aa9f8275eb1877a7c8b38b0,exploratory previously inspected 100 questions,not_evaluated
3,100,0.09000000000000001,0.27,0.27,0.18999999999999997,0.21047438028571663,evidence_passage_len96_t0_seed20261006__multi_average__hybrid_a0.5_d20,evidence_passage_len96_t0_seed20261006,multi_average_hybrid,0.5,20,3480.8289414799983,Cheryl,isaacus/legal-rag-bench,3a3565bc5429f6cead90548e81f87352b449927e4be1cdd804c28d766bb9c246,e3b869a4e293d081ec5f5b39c2058c8d27b36f611aa9f8275eb1877a7c8b38b0,exploratory previously inspected 100 questions,not_evaluated
5,100,0.06,0.3,0.3,0.19649999999999995,0.2225182020111414,evidence_passage_len96_t0_seed20261006__multi_average__hybrid_a0.5_d20,evidence_passage_len96_t0_seed20261006,multi_average_hybrid,0.5,20,3480.8289414799983,Cheryl,isaacus/legal-rag-bench,3a3565bc5429f6cead90548e81f87352b449927e4be1cdd804c28d766bb9c246,e3b869a4e293d081ec5f5b39c2058c8d27b36f611aa9f8275eb1877a7c8b38b0,exploratory previously inspected 100 questions,not_evaluated
10,100,0.04,0.4,0.4,0.21015873015873016,0.2551859248421684,evidence_passage_len96_t0_seed20261006__multi_average__hybrid_a0.5_d20,evidence_passage_len96_t0_seed20261006,multi_average_hybrid,0.5,20,3480.8289414799983,Cheryl,isaacus/legal-rag-bench,3a3565bc5429f6cead90548e81f87352b449927e4be1cdd804c28d766bb9c246,e3b869a4e293d081ec5f5b39c2058c8d27b36f611aa9f8275eb1877a7c8b38b0,exploratory previously inspected 100 questions,not_evaluated
1,100,0.08,0.08,0.08,0.08,0.08,evidence_passage_len96_t0_seed20261006__multi_average__hybrid_a0.75_d20,evidence_passage_len96_t0_seed20261006,multi_average_hybrid,0.75,20,3480.823536189995,Cheryl,isaacus/legal-rag-bench,3a3565bc5429f6cead90548e81f87352b449927e4be1cdd804c28d766bb9c246,e3b869a4e293d081ec5f5b39c2058c8d27b36f611aa9f8275eb1877a7c8b38b0,exploratory previously inspected 100 questions,not_evaluated
3,100,0.06999999999999999,0.21,0.21,0.14,0.15809297535714575,evidence_passage_len96_t0_seed20261006__multi_average__hybrid_a0.75_d20,evidence_passage_len96_t0_seed20261006,multi_average_hybrid,0.75,20,3480.823536189995,Cheryl,isaacus/legal-rag-bench,3a3565bc5429f6cead90548e81f87352b449927e4be1cdd804c28d766bb9c246,e3b869a4e293d081ec5f5b39c2058c8d27b36f611aa9f8275eb1877a7c8b38b0,exploratory previously inspected 100 questions,not_evaluated
5,100,0.048,0.24,0.24,0.14700000000000002,0.17057503459095905,evidence_passage_len96_t0_seed20261006__multi_average__hybrid_a0.75_d20,evidence_passage_len96_t0_seed20261006,multi_average_hybrid,0.75,20,3480.823536189995,Cheryl,isaacus/legal-rag-bench,3a3565bc5429f6cead90548e81f87352b449927e4be1cdd804c28d766bb9c246,e3b869a4e293d081ec5f5b39c2058c8d27b36f611aa9f8275eb1877a7c8b38b0,exploratory previously inspected 100 questions,not_evaluated
10,100,0.03,0.3,0.3,0.1550238095238095,0.19000371892759937,evidence_passage_len96_t0_seed20261006__multi_average__hybrid_a0.75_d20,evidence_passage_len96_t0_seed20261006,multi_average_hybrid,0.75,20,3480.823536189995,Cheryl,isaacus/legal-rag-bench,3a3565bc5429f6cead90548e81f87352b449927e4be1cdd804c28d766bb9c246,e3b869a4e293d081ec5f5b39c2058c8d27b36f611aa9f8275eb1877a7c8b38b0,exploratory previously inspected 100 questions,not_evaluated
1,100,0.17,0.17,0.17,0.17,0.17,evidence_passage_len96_t0_seed20261006__multi_average__hybrid_a0.25_d100,evidence_passage_len96_t0_seed20261006,multi_average_hybrid,0.25,100,3480.8985765399975,Cheryl,isaacus/legal-rag-bench,3a3565bc5429f6cead90548e81f87352b449927e4be1cdd804c28d766bb9c246,e3b869a4e293d081ec5f5b39c2058c8d27b36f611aa9f8275eb1877a7c8b38b0,exploratory previously inspected 100 questions,not_evaluated
3,100,0.09666666666666666,0.29,0.29,0.22166666666666665,0.23916508275000203,evidence_passage_len96_t0_seed20261006__multi_average__hybrid_a0.25_d100,evidence_passage_len96_t0_seed20261006,multi_average_hybrid,0.25,100,3480.8985765399975,Cheryl,isaacus/legal-rag-bench,3a3565bc5429f6cead90548e81f87352b449927e4be1cdd804c28d766bb9c246,e3b869a4e293d081ec5f5b39c2058c8d27b36f611aa9f8275eb1877a7c8b38b0,exploratory previously inspected 100 questions,not_evaluated
5,100,0.066,0.33,0.33,0.23116666666666663,0.2559539075645493,evidence_passage_len96_t0_seed20261006__multi_average__hybrid_a0.25_d100,evidence_passage_len96_t0_seed20261006,multi_average_hybrid,0.25,100,3480.8985765399975,Cheryl,isaacus/legal-rag-bench,3a3565bc5429f6cead90548e81f87352b449927e4be1cdd804c28d766bb9c246,e3b869a4e293d081ec5f5b39c2058c8d27b36f611aa9f8275eb1877a7c8b38b0,exploratory previously inspected 100 questions,not_evaluated
10,100,0.043,0.43,0.43,0.2440793650793651,0.2878559119487283,evidence_passage_len96_t0_seed20261006__multi_average__hybrid_a0.25_d100,evidence_passage_len96_t0_seed20261006,multi_average_hybrid,0.25,100,3480.8985765399975,Cheryl,isaacus/legal-rag-bench,3a3565bc5429f6cead90548e81f87352b449927e4be1cdd804c28d766bb9c246,e3b869a4e293d081ec5f5b39c2058c8d27b36f611aa9f8275eb1877a7c8b38b0,exploratory previously inspected 100 questions,not_evaluated
1,100,0.11,0.11,0.11,0.11,0.11,evidence_passage_len96_t0_seed20261006__multi_average__hybrid_a0.5_d100,evidence_passage_len96_t0_seed20261006,multi_average_hybrid,0.5,100,3480.900877289995,Cheryl,isaacus/legal-rag-bench,3a3565bc5429f6cead90548e81f87352b449927e4be1cdd804c28d766bb9c246,e3b869a4e293d081ec5f5b39c2058c8d27b36f611aa9f8275eb1877a7c8b38b0,exploratory previously inspected 100 questions,not_evaluated
3,100,0.07333333333333333,0.22,0.22,0.15666666666666668,0.17285578521428746,evidence_passage_len96_t0_seed20261006__multi_average__hybrid_a0.5_d100,evidence_passage_len96_t0_seed20261006,multi_average_hybrid,0.5,100,3480.900877289995,Cheryl,isaacus/legal-rag-bench,3a3565bc5429f6cead90548e81f87352b449927e4be1cdd804c28d766bb9c246,e3b869a4e293d081ec5f5b39c2058c8d27b36f611aa9f8275eb1877a7c8b38b0,exploratory previously inspected 100 questions,not_evaluated
5,100,0.057999999999999996,0.29,0.29,0.17266666666666666,0.2016884317542594,evidence_passage_len96_t0_seed20261006__multi_average__hybrid_a0.5_d100,evidence_passage_len96_t0_seed20261006,multi_average_hybrid,0.5,100,3480.900877289995,Cheryl,isaacus/legal-rag-bench,3a3565bc5429f6cead90548e81f87352b449927e4be1cdd804c28d766bb9c246,e3b869a4e293d081ec5f5b39c2058c8d27b36f611aa9f8275eb1877a7c8b38b0,exploratory previously inspected 100 questions,not_evaluated
10,100,0.04,0.4,0.4,0.18692857142857144,0.2368294746328252,evidence_passage_len96_t0_seed20261006__multi_average__hybrid_a0.5_d100,evidence_passage_len96_t0_seed20261006,multi_average_hybrid,0.5,100,3480.900877289995,Cheryl,isaacus/legal-rag-bench,3a3565bc5429f6cead90548e81f87352b449927e4be1cdd804c28d766bb9c246,e3b869a4e293d081ec5f5b39c2058c8d27b36f611aa9f8275eb1877a7c8b38b0,exploratory previously inspected 100 questions,not_evaluated
1,100,0.09,0.09,0.09,0.09,0.09,evidence_passage_len96_t0_seed20261006__multi_average__hybrid_a0.75_d100,evidence_passage_len96_t0_seed20261006,multi_average_hybrid,0.75,100,3480.8952408999985,Cheryl,isaacus/legal-rag-bench,3a3565bc5429f6cead90548e81f87352b449927e4be1cdd804c28d766bb9c246,e3b869a4e293d081ec5f5b39c2058c8d27b36f611aa9f8275eb1877a7c8b38b0,exploratory previously inspected 100 questions,not_evaluated
3,100,0.07333333333333333,0.22,0.22,0.14833333333333334,0.1667836778214312,evidence_passage_len96_t0_seed20261006__multi_average__hybrid_a0.75_d100,evidence_passage_len96_t0_seed20261006,multi_average_hybrid,0.75,100,3480.8952408999985,Cheryl,isaacus/legal-rag-bench,3a3565bc5429f6cead90548e81f87352b449927e4be1cdd804c28d766bb9c246,e3b869a4e293d081ec5f5b39c2058c8d27b36f611aa9f8275eb1877a7c8b38b0,exploratory previously inspected 100 questions,not_evaluated
5,100,0.05,0.25,0.25,0.15533333333333332,0.17926573705524448,evidence_passage_len96_t0_seed20261006__multi_average__hybrid_a0.75_d100,evidence_passage_len96_t0_seed20261006,multi_average_hybrid,0.75,100,3480.8952408999985,Cheryl,isaacus/legal-rag-bench,3a3565bc5429f6cead90548e81f87352b449927e4be1cdd804c28d766bb9c246,e3b869a4e293d081ec5f5b39c2058c8d27b36f611aa9f8275eb1877a7c8b38b0,exploratory previously inspected 100 questions,not_evaluated
10,100,0.031,0.31,0.31,0.1631388888888889,0.1984557777417207,evidence_passage_len96_t0_seed20261006__multi_average__hybrid_a0.75_d100,evidence_passage_len96_t0_seed20261006,multi_average_hybrid,0.75,100,3480.8952408999985,Cheryl,isaacus/legal-rag-bench,3a3565bc5429f6cead90548e81f87352b449927e4be1cdd804c28d766bb9c246,e3b869a4e293d081ec5f5b39c2058c8d27b36f611aa9f8275eb1877a7c8b38b0,exploratory previously inspected 100 questions,not_evaluated
1,100,0.06,0.06,0.06,0.06,0.06,evidence_passage_len96_t0_seed20261006__multi_rrf,evidence_passage_len96_t0_seed20261006,multi_rrf,,100,3480.573113429998,Cheryl,isaacus/legal-rag-bench,3a3565bc5429f6cead90548e81f87352b449927e4be1cdd804c28d766bb9c246,e3b869a4e293d081ec5f5b39c2058c8d27b36f611aa9f8275eb1877a7c8b38b0,exploratory previously inspected 100 questions,not_evaluated
3,100,0.03333333333333333,0.1,0.1,0.07833333333333332,0.08392789260714373,evidence_passage_len96_t0_seed20261006__multi_rrf,evidence_passage_len96_t0_seed20261006,multi_rrf,,100,3480.573113429998,Cheryl,isaacus/legal-rag-bench,3a3565bc5429f6cead90548e81f87352b449927e4be1cdd804c28d766bb9c246,e3b869a4e293d081ec5f5b39c2058c8d27b36f611aa9f8275eb1877a7c8b38b0,exploratory previously inspected 100 questions,not_evaluated
5,100,0.034,0.17,0.17,0.09383333333333332,0.11232230163872718,evidence_passage_len96_t0_seed20261006__multi_rrf,evidence_passage_len96_t0_seed20261006,multi_rrf,,100,3480.573113429998,Cheryl,isaacus/legal-rag-bench,3a3565bc5429f6cead90548e81f87352b449927e4be1cdd804c28d766bb9c246,e3b869a4e293d081ec5f5b39c2058c8d27b36f611aa9f8275eb1877a7c8b38b0,exploratory previously inspected 100 questions,not_evaluated
10,100,0.027000000000000003,0.27,0.27,0.10821428571428571,0.14568521898273917,evidence_passage_len96_t0_seed20261006__multi_rrf,evidence_passage_len96_t0_seed20261006,multi_rrf,,100,3480.573113429998,Cheryl,isaacus/legal-rag-bench,3a3565bc5429f6cead90548e81f87352b449927e4be1cdd804c28d766bb9c246,e3b869a4e293d081ec5f5b39c2058c8d27b36f611aa9f8275eb1877a7c8b38b0,exploratory previously inspected 100 questions,not_evaluated
1,100,0.17,0.17,0.17,0.17,0.17,evidence_passage_len96_t0_seed20261006__multi_rrf__hybrid_a0.25_d20,evidence_passage_len96_t0_seed20261006,multi_rrf_hybrid,0.25,20,3480.820094660002,Cheryl,isaacus/legal-rag-bench,3a3565bc5429f6cead90548e81f87352b449927e4be1cdd804c28d766bb9c246,e3b869a4e293d081ec5f5b39c2058c8d27b36f611aa9f8275eb1877a7c8b38b0,exploratory previously inspected 100 questions,not_evaluated
3,100,0.08666666666666667,0.26,0.26,0.21,0.22285578521428748,evidence_passage_len96_t0_seed20261006__multi_rrf__hybrid_a0.25_d20,evidence_passage_len96_t0_seed20261006,multi_rrf_hybrid,0.25,20,3480.820094660002,Cheryl,isaacus/legal-rag-bench,3a3565bc5429f6cead90548e81f87352b449927e4be1cdd804c28d766bb9c246,e3b869a4e293d081ec5f5b39c2058c8d27b36f611aa9f8275eb1877a7c8b38b0,exploratory previously inspected 100 questions,not_evaluated
5,100,0.06,0.3,0.3,0.21899999999999997,0.23920637252044613,evidence_passage_len96_t0_seed20261006__multi_rrf__hybrid_a0.25_d20,evidence_passage_len96_t0_seed20261006,multi_rrf_hybrid,0.25,20,3480.820094660002,Cheryl,isaacus/legal-rag-bench,3a3565bc5429f6cead90548e81f87352b449927e4be1cdd804c28d766bb9c246,e3b869a4e293d081ec5f5b39c2058c8d27b36f611aa9f8275eb1877a7c8b38b0,exploratory previously inspected 100 questions,not_evaluated
10,100,0.038,0.38,0.38,0.22900793650793652,0.26442691823261927,evidence_passage_len96_t0_seed20261006__multi_rrf__hybrid_a0.25_d20,evidence_passage_len96_t0_seed20261006,multi_rrf_hybrid,0.25,20,3480.820094660002,Cheryl,isaacus/legal-rag-bench,3a3565bc5429f6cead90548e81f87352b449927e4be1cdd804c28d766bb9c246,e3b869a4e293d081ec5f5b39c2058c8d27b36f611aa9f8275eb1877a7c8b38b0,exploratory previously inspected 100 questions,not_evaluated
1,100,0.13,0.13,0.13,0.13,0.13,evidence_passage_len96_t0_seed20261006__multi_rrf__hybrid_a0.5_d20,evidence_passage_len96_t0_seed20261006,multi_rrf_hybrid,0.5,20,3480.823251519995,Cheryl,isaacus/legal-rag-bench,3a3565bc5429f6cead90548e81f87352b449927e4be1cdd804c28d766bb9c246,e3b869a4e293d081ec5f5b39c2058c8d27b36f611aa9f8275eb1877a7c8b38b0,exploratory previously inspected 100 questions,not_evaluated
3,100,0.08333333333333333,0.25,0.25,0.18333333333333332,0.20047438028571662,evidence_passage_len96_t0_seed20261006__multi_rrf__hybrid_a0.5_d20,evidence_passage_len96_t0_seed20261006,multi_rrf_hybrid,0.5,20,3480.823251519995,Cheryl,isaacus/legal-rag-bench,3a3565bc5429f6cead90548e81f87352b449927e4be1cdd804c28d766bb9c246,e3b869a4e293d081ec5f5b39c2058c8d27b36f611aa9f8275eb1877a7c8b38b0,exploratory previously inspected 100 questions,not_evaluated
5,100,0.06,0.3,0.3,0.1943333333333333,0.22069349566422075,evidence_passage_len96_t0_seed20261006__multi_rrf__hybrid_a0.5_d20,evidence_passage_len96_t0_seed20261006,multi_rrf_hybrid,0.5,20,3480.823251519995,Cheryl,isaacus/legal-rag-bench,3a3565bc5429f6cead90548e81f87352b449927e4be1cdd804c28d766bb9c246,e3b869a4e293d081ec5f5b39c2058c8d27b36f611aa9f8275eb1877a7c8b38b0,exploratory previously inspected 100 questions,not_evaluated
10,100,0.043,0.43,0.43,0.21040079365079364,0.2614477153528432,evidence_passage_len96_t0_seed20261006__multi_rrf__hybrid_a0.5_d20,evidence_passage_len96_t0_seed20261006,multi_rrf_hybrid,0.5,20,3480.823251519995,Cheryl,isaacus/legal-rag-bench,3a3565bc5429f6cead90548e81f87352b449927e4be1cdd804c28d766bb9c246,e3b869a4e293d081ec5f5b39c2058c8d27b36f611aa9f8275eb1877a7c8b38b0,exploratory previously inspected 100 questions,not_evaluated
1,100,0.09,0.09,0.09,0.09,0.09,evidence_passage_len96_t0_seed20261006__multi_rrf__hybrid_a0.75_d20,evidence_passage_len96_t0_seed20261006,multi_rrf_hybrid,0.75,20,3480.823578379999,Cheryl,isaacus/legal-rag-bench,3a3565bc5429f6cead90548e81f87352b449927e4be1cdd804c28d766bb9c246,e3b869a4e293d081ec5f5b39c2058c8d27b36f611aa9f8275eb1877a7c8b38b0,exploratory previously inspected 100 questions,not_evaluated
3,100,0.05333333333333334,0.16,0.16,0.12,0.1302371901428583,evidence_passage_len96_t0_seed20261006__multi_rrf__hybrid_a0.75_d20,evidence_passage_len96_t0_seed20261006,multi_rrf_hybrid,0.75,20,3480.823578379999,Cheryl,isaacus/legal-rag-bench,3a3565bc5429f6cead90548e81f87352b449927e4be1cdd804c28d766bb9c246,e3b869a4e293d081ec5f5b39c2058c8d27b36f611aa9f8275eb1877a7c8b38b0,exploratory previously inspected 100 questions,not_evaluated
5,100,0.054000000000000006,0.27,0.27,0.1445,0.17498218648060046,evidence_passage_len96_t0_seed20261006__multi_rrf__hybrid_a0.75_d20,evidence_passage_len96_t0_seed20261006,multi_rrf_hybrid,0.75,20,3480.823578379999,Cheryl,isaacus/legal-rag-bench,3a3565bc5429f6cead90548e81f87352b449927e4be1cdd804c28d766bb9c246,e3b869a4e293d081ec5f5b39c2058c8d27b36f611aa9f8275eb1877a7c8b38b0,exploratory previously inspected 100 questions,not_evaluated
10,100,0.033,0.33,0.33,0.15238492063492065,0.19426652200602335,evidence_passage_len96_t0_seed20261006__multi_rrf__hybrid_a0.75_d20,evidence_passage_len96_t0_seed20261006,multi_rrf_hybrid,0.75,20,3480.823578379999,Cheryl,isaacus/legal-rag-bench,3a3565bc5429f6cead90548e81f87352b449927e4be1cdd804c28d766bb9c246,e3b869a4e293d081ec5f5b39c2058c8d27b36f611aa9f8275eb1877a7c8b38b0,exploratory previously inspected 100 questions,not_evaluated
1,100,0.16,0.16,0.16,0.16,0.16,evidence_passage_len96_t0_seed20261006__multi_rrf__hybrid_a0.25_d100,evidence_passage_len96_t0_seed20261006,multi_rrf_hybrid,0.25,100,3480.900518729999,Cheryl,isaacus/legal-rag-bench,3a3565bc5429f6cead90548e81f87352b449927e4be1cdd804c28d766bb9c246,e3b869a4e293d081ec5f5b39c2058c8d27b36f611aa9f8275eb1877a7c8b38b0,exploratory previously inspected 100 questions,not_evaluated
3,100,0.09000000000000001,0.27,0.27,0.20833333333333331,0.22416508275000205,evidence_passage_len96_t0_seed20261006__multi_rrf__hybrid_a0.25_d100,evidence_passage_len96_t0_seed20261006,multi_rrf_hybrid,0.25,100,3480.900518729999,Cheryl,isaacus/legal-rag-bench,3a3565bc5429f6cead90548e81f87352b449927e4be1cdd804c28d766bb9c246,e3b869a4e293d081ec5f5b39c2058c8d27b36f611aa9f8275eb1877a7c8b38b0,exploratory previously inspected 100 questions,not_evaluated
5,100,0.064,0.32,0.32,0.21983333333333335,0.24482243563689465,evidence_passage_len96_t0_seed20261006__multi_rrf__hybrid_a0.25_d100,evidence_passage_len96_t0_seed20261006,multi_rrf_hybrid,0.25,100,3480.900518729999,Cheryl,isaacus/legal-rag-bench,3a3565bc5429f6cead90548e81f87352b449927e4be1cdd804c28d766bb9c246,e3b869a4e293d081ec5f5b39c2058c8d27b36f611aa9f8275eb1877a7c8b38b0,exploratory previously inspected 100 questions,not_evaluated
10,100,0.040999999999999995,0.41,0.41,0.23275,0.2748183436300725,evidence_passage_len96_t0_seed20261006__multi_rrf__hybrid_a0.25_d100,evidence_passage_len96_t0_seed20261006,multi_rrf_hybrid,0.25,100,3480.900518729999,Cheryl,isaacus/legal-rag-bench,3a3565bc5429f6cead90548e81f87352b449927e4be1cdd804c28d766bb9c246,e3b869a4e293d081ec5f5b39c2058c8d27b36f611aa9f8275eb1877a7c8b38b0,exploratory previously inspected 100 questions,not_evaluated
1,100,0.12,0.12,0.12,0.12,0.12,evidence_passage_len96_t0_seed20261006__multi_rrf__hybrid_a0.5_d100,evidence_passage_len96_t0_seed20261006,multi_rrf_hybrid,0.5,100,3480.9038881699953,Cheryl,isaacus/legal-rag-bench,3a3565bc5429f6cead90548e81f87352b449927e4be1cdd804c28d766bb9c246,e3b869a4e293d081ec5f5b39c2058c8d27b36f611aa9f8275eb1877a7c8b38b0,exploratory previously inspected 100 questions,not_evaluated
3,100,0.06999999999999999,0.21,0.21,0.15833333333333333,0.1715464876785729,evidence_passage_len96_t0_seed20261006__multi_rrf__hybrid_a0.5_d100,evidence_passage_len96_t0_seed20261006,multi_rrf_hybrid,0.5,100,3480.9038881699953,Cheryl,isaacus/legal-rag-bench,3a3565bc5429f6cead90548e81f87352b449927e4be1cdd804c28d766bb9c246,e3b869a4e293d081ec5f5b39c2058c8d27b36f611aa9f8275eb1877a7c8b38b0,exploratory previously inspected 100 questions,not_evaluated
5,100,0.057999999999999996,0.29,0.29,0.17683333333333334,0.20468589979927876,evidence_passage_len96_t0_seed20261006__multi_rrf__hybrid_a0.5_d100,evidence_passage_len96_t0_seed20261006,multi_rrf_hybrid,0.5,100,3480.9038881699953,Cheryl,isaacus/legal-rag-bench,3a3565bc5429f6cead90548e81f87352b449927e4be1cdd804c28d766bb9c246,e3b869a4e293d081ec5f5b39c2058c8d27b36f611aa9f8275eb1877a7c8b38b0,exploratory previously inspected 100 questions,not_evaluated
10,100,0.04,0.4,0.4,0.191234126984127,0.23997129148906204,evidence_passage_len96_t0_seed20261006__multi_rrf__hybrid_a0.5_d100,evidence_passage_len96_t0_seed20261006,multi_rrf_hybrid,0.5,100,3480.9038881699953,Cheryl,isaacus/legal-rag-bench,3a3565bc5429f6cead90548e81f87352b449927e4be1cdd804c28d766bb9c246,e3b869a4e293d081ec5f5b39c2058c8d27b36f611aa9f8275eb1877a7c8b38b0,exploratory previously inspected 100 questions,not_evaluated
1,100,0.1,0.1,0.1,0.1,0.1,evidence_passage_len96_t0_seed20261006__multi_rrf__hybrid_a0.75_d100,evidence_passage_len96_t0_seed20261006,multi_rrf_hybrid,0.75,100,3480.9038252899963,Cheryl,isaacus/legal-rag-bench,3a3565bc5429f6cead90548e81f87352b449927e4be1cdd804c28d766bb9c246,e3b869a4e293d081ec5f5b39c2058c8d27b36f611aa9f8275eb1877a7c8b38b0,exploratory previously inspected 100 questions,not_evaluated
3,100,0.05666666666666667,0.17,0.17,0.13,0.14023719014285832,evidence_passage_len96_t0_seed20261006__multi_rrf__hybrid_a0.75_d100,evidence_passage_len96_t0_seed20261006,multi_rrf_hybrid,0.75,100,3480.9038252899963,Cheryl,isaacus/legal-rag-bench,3a3565bc5429f6cead90548e81f87352b449927e4be1cdd804c28d766bb9c246,e3b869a4e293d081ec5f5b39c2058c8d27b36f611aa9f8275eb1877a7c8b38b0,exploratory previously inspected 100 questions,not_evaluated
5,100,0.05,0.25,0.25,0.148,0.17293836475517568,evidence_passage_len96_t0_seed20261006__multi_rrf__hybrid_a0.75_d100,evidence_passage_len96_t0_seed20261006,multi_rrf_hybrid,0.75,100,3480.9038252899963,Cheryl,isaacus/legal-rag-bench,3a3565bc5429f6cead90548e81f87352b449927e4be1cdd804c28d766bb9c246,e3b869a4e293d081ec5f5b39c2058c8d27b36f611aa9f8275eb1877a7c8b38b0,exploratory previously inspected 100 questions,not_evaluated
10,100,0.034,0.34,0.34,0.1596626984126984,0.20168572037149748,evidence_passage_len96_t0_seed20261006__multi_rrf__hybrid_a0.75_d100,evidence_passage_len96_t0_seed20261006,multi_rrf_hybrid,0.75,100,3480.9038252899963,Cheryl,isaacus/legal-rag-bench,3a3565bc5429f6cead90548e81f87352b449927e4be1cdd804c28d766bb9c246,e3b869a4e293d081ec5f5b39c2058c8d27b36f611aa9f8275eb1877a7c8b38b0,exploratory previously inspected 100 questions,not_evaluated
1,100,0.03,0.03,0.03,0.03,0.03,evidence_passage_len96_t0.7_seed20261006__hyde_single,evidence_passage_len96_t0.7_seed20261006,hyde_single,,100,1317.5154505799992,Cheryl,isaacus/legal-rag-bench,3a3565bc5429f6cead90548e81f87352b449927e4be1cdd804c28d766bb9c246,e3b869a4e293d081ec5f5b39c2058c8d27b36f611aa9f8275eb1877a7c8b38b0,exploratory previously inspected 100 questions,not_evaluated
3,100,0.02666666666666667,0.08,0.08,0.05333333333333333,0.060237190142858305,evidence_passage_len96_t0.7_seed20261006__hyde_single,evidence_passage_len96_t0.7_seed20261006,hyde_single,,100,1317.5154505799992,Cheryl,isaacus/legal-rag-bench,3a3565bc5429f6cead90548e81f87352b449927e4be1cdd804c28d766bb9c246,e3b869a4e293d081ec5f5b39c2058c8d27b36f611aa9f8275eb1877a7c8b38b0,exploratory previously inspected 100 questions,not_evaluated
5,100,0.018,0.09,0.09,0.05533333333333333,0.06410571821520372,evidence_passage_len96_t0.7_seed20261006__hyde_single,evidence_passage_len96_t0.7_seed20261006,hyde_single,,100,1317.5154505799992,Cheryl,isaacus/legal-rag-bench,3a3565bc5429f6cead90548e81f87352b449927e4be1cdd804c28d766bb9c246,e3b869a4e293d081ec5f5b39c2058c8d27b36f611aa9f8275eb1877a7c8b38b0,exploratory previously inspected 100 questions,not_evaluated
10,100,0.01,0.1,0.1,0.05676190476190476,0.06743905154853706,evidence_passage_len96_t0.7_seed20261006__hyde_single,evidence_passage_len96_t0.7_seed20261006,hyde_single,,100,1317.5154505799992,Cheryl,isaacus/legal-rag-bench,3a3565bc5429f6cead90548e81f87352b449927e4be1cdd804c28d766bb9c246,e3b869a4e293d081ec5f5b39c2058c8d27b36f611aa9f8275eb1877a7c8b38b0,exploratory previously inspected 100 questions,not_evaluated
1,100,0.11,0.11,0.11,0.11,0.11,evidence_passage_len96_t0.7_seed20261006__hyde_single__hybrid_a0.25_d20,evidence_passage_len96_t0.7_seed20261006,hyde_single_hybrid,0.25,20,1317.827065910002,Cheryl,isaacus/legal-rag-bench,3a3565bc5429f6cead90548e81f87352b449927e4be1cdd804c28d766bb9c246,e3b869a4e293d081ec5f5b39c2058c8d27b36f611aa9f8275eb1877a7c8b38b0,exploratory previously inspected 100 questions,not_evaluated
3,100,0.05666666666666667,0.17,0.17,0.13333333333333333,0.14261859507142916,evidence_passage_len96_t0.7_seed20261006__hyde_single__hybrid_a0.25_d20,evidence_passage_len96_t0.7_seed20261006,hyde_single_hybrid,0.25,20,1317.827065910002,Cheryl,isaacus/legal-rag-bench,3a3565bc5429f6cead90548e81f87352b449927e4be1cdd804c28d766bb9c246,e3b869a4e293d081ec5f5b39c2058c8d27b36f611aa9f8275eb1877a7c8b38b0,exploratory previously inspected 100 questions,not_evaluated
5,100,0.052000000000000005,0.26,0.26,0.15333333333333332,0.17918829775609196,evidence_passage_len96_t0.7_seed20261006__hyde_single__hybrid_a0.25_d20,evidence_passage_len96_t0.7_seed20261006,hyde_single_hybrid,0.25,20,1317.827065910002,Cheryl,isaacus/legal-rag-bench,3a3565bc5429f6cead90548e81f87352b449927e4be1cdd804c28d766bb9c246,e3b869a4e293d081ec5f5b39c2058c8d27b36f611aa9f8275eb1877a7c8b38b0,exploratory previously inspected 100 questions,not_evaluated
10,100,0.037,0.37,0.37,0.16853571428571432,0.21526317879780682,evidence_passage_len96_t0.7_seed20261006__hyde_single__hybrid_a0.25_d20,evidence_passage_len96_t0.7_seed20261006,hyde_single_hybrid,0.25,20,1317.827065910002,Cheryl,isaacus/legal-rag-bench,3a3565bc5429f6cead90548e81f87352b449927e4be1cdd804c28d766bb9c246,e3b869a4e293d081ec5f5b39c2058c8d27b36f611aa9f8275eb1877a7c8b38b0,exploratory previously inspected 100 questions,not_evaluated
1,100,0.1,0.1,0.1,0.1,0.1,evidence_passage_len96_t0.7_seed20261006__hyde_single__hybrid_a0.5_d20,evidence_passage_len96_t0.7_seed20261006,hyde_single_hybrid,0.5,20,1317.7981040299994,Cheryl,isaacus/legal-rag-bench,3a3565bc5429f6cead90548e81f87352b449927e4be1cdd804c28d766bb9c246,e3b869a4e293d081ec5f5b39c2058c8d27b36f611aa9f8275eb1877a7c8b38b0,exploratory previously inspected 100 questions,not_evaluated
3,100,0.049999999999999996,0.15,0.15,0.12,0.12761859507142914,evidence_passage_len96_t0.7_seed20261006__hyde_single__hybrid_a0.5_d20,evidence_passage_len96_t0.7_seed20261006,hyde_single_hybrid,0.5,20,1317.7981040299994,Cheryl,isaacus/legal-rag-bench,3a3565bc5429f6cead90548e81f87352b449927e4be1cdd804c28d766bb9c246,e3b869a4e293d081ec5f5b39c2058c8d27b36f611aa9f8275eb1877a7c8b38b0,exploratory previously inspected 100 questions,not_evaluated
5,100,0.048,0.24,0.24,0.14,0.16418829775609192,evidence_passage_len96_t0.7_seed20261006__hyde_single__hybrid_a0.5_d20,evidence_passage_len96_t0.7_seed20261006,hyde_single_hybrid,0.5,20,1317.7981040299994,Cheryl,isaacus/legal-rag-bench,3a3565bc5429f6cead90548e81f87352b449927e4be1cdd804c28d766bb9c246,e3b869a4e293d081ec5f5b39c2058c8d27b36f611aa9f8275eb1877a7c8b38b0,exploratory previously inspected 100 questions,not_evaluated
10,100,0.037,0.37,0.37,0.15695634920634918,0.20580675788667335,evidence_passage_len96_t0.7_seed20261006__hyde_single__hybrid_a0.5_d20,evidence_passage_len96_t0.7_seed20261006,hyde_single_hybrid,0.5,20,1317.7981040299994,Cheryl,isaacus/legal-rag-bench,3a3565bc5429f6cead90548e81f87352b449927e4be1cdd804c28d766bb9c246,e3b869a4e293d081ec5f5b39c2058c8d27b36f611aa9f8275eb1877a7c8b38b0,exploratory previously inspected 100 questions,not_evaluated
1,100,0.04,0.04,0.04,0.04,0.04,evidence_passage_len96_t0.7_seed20261006__hyde_single__hybrid_a0.75_d20,evidence_passage_len96_t0.7_seed20261006,hyde_single_hybrid,0.75,20,1317.7650780499982,Cheryl,isaacus/legal-rag-bench,3a3565bc5429f6cead90548e81f87352b449927e4be1cdd804c28d766bb9c246,e3b869a4e293d081ec5f5b39c2058c8d27b36f611aa9f8275eb1877a7c8b38b0,exploratory previously inspected 100 questions,not_evaluated
3,100,0.03,0.09,0.09,0.06166666666666666,0.06892789260714373,evidence_passage_len96_t0.7_seed20261006__hyde_single__hybrid_a0.75_d20,evidence_passage_len96_t0.7_seed20261006,hyde_single_hybrid,0.75,20,1317.7650780499982,Cheryl,isaacus/legal-rag-bench,3a3565bc5429f6cead90548e81f87352b449927e4be1cdd804c28d766bb9c246,e3b869a4e293d081ec5f5b39c2058c8d27b36f611aa9f8275eb1877a7c8b38b0,exploratory previously inspected 100 questions,not_evaluated
5,100,0.02,0.1,0.1,0.06366666666666668,0.07279642067948915,evidence_passage_len96_t0.7_seed20261006__hyde_single__hybrid_a0.75_d20,evidence_passage_len96_t0.7_seed20261006,hyde_single_hybrid,0.75,20,1317.7650780499982,Cheryl,isaacus/legal-rag-bench,3a3565bc5429f6cead90548e81f87352b449927e4be1cdd804c28d766bb9c246,e3b869a4e293d081ec5f5b39c2058c8d27b36f611aa9f8275eb1877a7c8b38b0,exploratory previously inspected 100 questions,not_evaluated
10,100,0.013000000000000001,0.13,0.13,0.06763492063492063,0.08247338730279562,evidence_passage_len96_t0.7_seed20261006__hyde_single__hybrid_a0.75_d20,evidence_passage_len96_t0.7_seed20261006,hyde_single_hybrid,0.75,20,1317.7650780499982,Cheryl,isaacus/legal-rag-bench,3a3565bc5429f6cead90548e81f87352b449927e4be1cdd804c28d766bb9c246,e3b869a4e293d081ec5f5b39c2058c8d27b36f611aa9f8275eb1877a7c8b38b0,exploratory previously inspected 100 questions,not_evaluated
1,100,0.11,0.11,0.11,0.11,0.11,evidence_passage_len96_t0.7_seed20261006__hyde_single__hybrid_a0.25_d100,evidence_passage_len96_t0.7_seed20261006,hyde_single_hybrid,0.25,100,1317.847639329999,Cheryl,isaacus/legal-rag-bench,3a3565bc5429f6cead90548e81f87352b449927e4be1cdd804c28d766bb9c246,e3b869a4e293d081ec5f5b39c2058c8d27b36f611aa9f8275eb1877a7c8b38b0,exploratory previously inspected 100 questions,not_evaluated
3,100,0.06333333333333334,0.19,0.19,0.145,0.15654648767857288,evidence_passage_len96_t0.7_seed20261006__hyde_single__hybrid_a0.25_d100,evidence_passage_len96_t0.7_seed20261006,hyde_single_hybrid,0.25,100,1317.847639329999,Cheryl,isaacus/legal-rag-bench,3a3565bc5429f6cead90548e81f87352b449927e4be1cdd804c28d766bb9c246,e3b869a4e293d081ec5f5b39c2058c8d27b36f611aa9f8275eb1877a7c8b38b0,exploratory previously inspected 100 questions,not_evaluated
5,100,0.052000000000000005,0.26,0.26,0.16149999999999998,0.18581737172693333,evidence_passage_len96_t0.7_seed20261006__hyde_single__hybrid_a0.25_d100,evidence_passage_len96_t0.7_seed20261006,hyde_single_hybrid,0.25,100,1317.847639329999,Cheryl,isaacus/legal-rag-bench,3a3565bc5429f6cead90548e81f87352b449927e4be1cdd804c28d766bb9c246,e3b869a4e293d081ec5f5b39c2058c8d27b36f611aa9f8275eb1877a7c8b38b0,exploratory previously inspected 100 questions,not_evaluated
10,100,0.037,0.37,0.37,0.17590873015873015,0.22111174231646086,evidence_passage_len96_t0.7_seed20261006__hyde_single__hybrid_a0.25_d100,evidence_passage_len96_t0.7_seed20261006,hyde_single_hybrid,0.25,100,1317.847639329999,Cheryl,isaacus/legal-rag-bench,3a3565bc5429f6cead90548e81f87352b449927e4be1cdd804c28d766bb9c246,e3b869a4e293d081ec5f5b39c2058c8d27b36f611aa9f8275eb1877a7c8b38b0,exploratory previously inspected 100 questions,not_evaluated
1,100,0.07,0.07,0.07,0.07,0.07,evidence_passage_len96_t0.7_seed20261006__hyde_single__hybrid_a0.5_d100,evidence_passage_len96_t0.7_seed20261006,hyde_single_hybrid,0.5,100,1317.9825200199969,Cheryl,isaacus/legal-rag-bench,3a3565bc5429f6cead90548e81f87352b449927e4be1cdd804c28d766bb9c246,e3b869a4e293d081ec5f5b39c2058c8d27b36f611aa9f8275eb1877a7c8b38b0,exploratory previously inspected 100 questions,not_evaluated
3,100,0.04,0.12,0.12,0.09166666666666666,0.09892789260714373,evidence_passage_len96_t0.7_seed20261006__hyde_single__hybrid_a0.5_d100,evidence_passage_len96_t0.7_seed20261006,hyde_single_hybrid,0.5,100,1317.9825200199969,Cheryl,isaacus/legal-rag-bench,3a3565bc5429f6cead90548e81f87352b449927e4be1cdd804c28d766bb9c246,e3b869a4e293d081ec5f5b39c2058c8d27b36f611aa9f8275eb1877a7c8b38b0,exploratory previously inspected 100 questions,not_evaluated
5,100,0.028000000000000004,0.14,0.14,0.09616666666666668,0.10710318626022307,evidence_passage_len96_t0.7_seed20261006__hyde_single__hybrid_a0.5_d100,evidence_passage_len96_t0.7_seed20261006,hyde_single_hybrid,0.5,100,1317.9825200199969,Cheryl,isaacus/legal-rag-bench,3a3565bc5429f6cead90548e81f87352b449927e4be1cdd804c28d766bb9c246,e3b869a4e293d081ec5f5b39c2058c8d27b36f611aa9f8275eb1877a7c8b38b0,exploratory previously inspected 100 questions,not_evaluated
10,100,0.028000000000000004,0.28,0.28,0.11498412698412698,0.15249832453105003,evidence_passage_len96_t0.7_seed20261006__hyde_single__hybrid_a0.5_d100,evidence_passage_len96_t0.7_seed20261006,hyde_single_hybrid,0.5,100,1317.9825200199969,Cheryl,isaacus/legal-rag-bench,3a3565bc5429f6cead90548e81f87352b449927e4be1cdd804c28d766bb9c246,e3b869a4e293d081ec5f5b39c2058c8d27b36f611aa9f8275eb1877a7c8b38b0,exploratory previously inspected 100 questions,not_evaluated
1,100,0.04,0.04,0.04,0.04,0.04,evidence_passage_len96_t0.7_seed20261006__hyde_single__hybrid_a0.75_d100,evidence_passage_len96_t0.7_seed20261006,hyde_single_hybrid,0.75,100,1317.8870029199982,Cheryl,isaacus/legal-rag-bench,3a3565bc5429f6cead90548e81f87352b449927e4be1cdd804c28d766bb9c246,e3b869a4e293d081ec5f5b39c2058c8d27b36f611aa9f8275eb1877a7c8b38b0,exploratory previously inspected 100 questions,not_evaluated
3,100,0.02,0.06,0.06,0.04833333333333333,0.05130929753571458,evidence_passage_len96_t0.7_seed20261006__hyde_single__hybrid_a0.75_d100,evidence_passage_len96_t0.7_seed20261006,hyde_single_hybrid,0.75,100,1317.8870029199982,Cheryl,isaacus/legal-rag-bench,3a3565bc5429f6cead90548e81f87352b449927e4be1cdd804c28d766bb9c246,e3b869a4e293d081ec5f5b39c2058c8d27b36f611aa9f8275eb1877a7c8b38b0,exploratory previously inspected 100 questions,not_evaluated
5,100,0.018,0.09,0.09,0.05533333333333333,0.06379135676952785,evidence_passage_len96_t0.7_seed20261006__hyde_single__hybrid_a0.75_d100,evidence_passage_len96_t0.7_seed20261006,hyde_single_hybrid,0.75,100,1317.8870029199982,Cheryl,isaacus/legal-rag-bench,3a3565bc5429f6cead90548e81f87352b449927e4be1cdd804c28d766bb9c246,e3b869a4e293d081ec5f5b39c2058c8d27b36f611aa9f8275eb1877a7c8b38b0,exploratory previously inspected 100 questions,not_evaluated
10,100,0.018,0.18,0.18,0.06632936507936509,0.0918672887779483,evidence_passage_len96_t0.7_seed20261006__hyde_single__hybrid_a0.75_d100,evidence_passage_len96_t0.7_seed20261006,hyde_single_hybrid,0.75,100,1317.8870029199982,Cheryl,isaacus/legal-rag-bench,3a3565bc5429f6cead90548e81f87352b449927e4be1cdd804c28d766bb9c246,e3b869a4e293d081ec5f5b39c2058c8d27b36f611aa9f8275eb1877a7c8b38b0,exploratory previously inspected 100 questions,not_evaluated
1,100,0.08,0.08,0.08,0.08,0.08,evidence_passage_len96_t0.7_seed20261006__question_plus_hyde,evidence_passage_len96_t0.7_seed20261006,question_plus_hyde,,100,1317.5154505799992,Cheryl,isaacus/legal-rag-bench,3a3565bc5429f6cead90548e81f87352b449927e4be1cdd804c28d766bb9c246,e3b869a4e293d081ec5f5b39c2058c8d27b36f611aa9f8275eb1877a7c8b38b0,exploratory previously inspected 100 questions,not_evaluated
3,100,0.06999999999999999,0.21,0.21,0.1383333333333333,0.1567836778214312,evidence_passage_len96_t0.7_seed20261006__question_plus_hyde,evidence_passage_len96_t0.7_seed20261006,question_plus_hyde,,100,1317.5154505799992,Cheryl,isaacus/legal-rag-bench,3a3565bc5429f6cead90548e81f87352b449927e4be1cdd804c28d766bb9c246,e3b869a4e293d081ec5f5b39c2058c8d27b36f611aa9f8275eb1877a7c8b38b0,exploratory previously inspected 100 questions,not_evaluated
5,100,0.048,0.24,0.24,0.14533333333333334,0.16926573705524448,evidence_passage_len96_t0.7_seed20261006__question_plus_hyde,evidence_passage_len96_t0.7_seed20261006,question_plus_hyde,,100,1317.5154505799992,Cheryl,isaacus/legal-rag-bench,3a3565bc5429f6cead90548e81f87352b449927e4be1cdd804c28d766bb9c246,e3b869a4e293d081ec5f5b39c2058c8d27b36f611aa9f8275eb1877a7c8b38b0,exploratory previously inspected 100 questions,not_evaluated
10,100,0.03,0.3,0.3,0.15267857142857144,0.18798773581705194,evidence_passage_len96_t0.7_seed20261006__question_plus_hyde,evidence_passage_len96_t0.7_seed20261006,question_plus_hyde,,100,1317.5154505799992,Cheryl,isaacus/legal-rag-bench,3a3565bc5429f6cead90548e81f87352b449927e4be1cdd804c28d766bb9c246,e3b869a4e293d081ec5f5b39c2058c8d27b36f611aa9f8275eb1877a7c8b38b0,exploratory previously inspected 100 questions,not_evaluated
1,100,0.15,0.15,0.15,0.15,0.15,evidence_passage_len96_t0.7_seed20261006__question_plus_hyde__hybrid_a0.25_d20,evidence_passage_len96_t0.7_seed20261006,question_plus_hyde_hybrid,0.25,20,1317.7648724700032,Cheryl,isaacus/legal-rag-bench,3a3565bc5429f6cead90548e81f87352b449927e4be1cdd804c28d766bb9c246,e3b869a4e293d081ec5f5b39c2058c8d27b36f611aa9f8275eb1877a7c8b38b0,exploratory previously inspected 100 questions,not_evaluated
3,100,0.07666666666666667,0.23,0.23,0.185,0.19654648767857288,evidence_passage_len96_t0.7_seed20261006__question_plus_hyde__hybrid_a0.25_d20,evidence_passage_len96_t0.7_seed20261006,question_plus_hyde_hybrid,0.25,20,1317.7648724700032,Cheryl,isaacus/legal-rag-bench,3a3565bc5429f6cead90548e81f87352b449927e4be1cdd804c28d766bb9c246,e3b869a4e293d081ec5f5b39c2058c8d27b36f611aa9f8275eb1877a7c8b38b0,exploratory previously inspected 100 questions,not_evaluated
5,100,0.057999999999999996,0.29,0.29,0.19899999999999998,0.22151060614619944,evidence_passage_len96_t0.7_seed20261006__question_plus_hyde__hybrid_a0.25_d20,evidence_passage_len96_t0.7_seed20261006,question_plus_hyde_hybrid,0.25,20,1317.7648724700032,Cheryl,isaacus/legal-rag-bench,3a3565bc5429f6cead90548e81f87352b449927e4be1cdd804c28d766bb9c246,e3b869a4e293d081ec5f5b39c2058c8d27b36f611aa9f8275eb1877a7c8b38b0,exploratory previously inspected 100 questions,not_evaluated
10,100,0.038,0.38,0.38,0.21132936507936506,0.25092938537042253,evidence_passage_len96_t0.7_seed20261006__question_plus_hyde__hybrid_a0.25_d20,evidence_passage_len96_t0.7_seed20261006,question_plus_hyde_hybrid,0.25,20,1317.7648724700032,Cheryl,isaacus/legal-rag-bench,3a3565bc5429f6cead90548e81f87352b449927e4be1cdd804c28d766bb9c246,e3b869a4e293d081ec5f5b39c2058c8d27b36f611aa9f8275eb1877a7c8b38b0,exploratory previously inspected 100 questions,not_evaluated
1,100,0.14,0.14,0.14,0.14,0.14,evidence_passage_len96_t0.7_seed20261006__question_plus_hyde__hybrid_a0.5_d20,evidence_passage_len96_t0.7_seed20261006,question_plus_hyde_hybrid,0.5,20,1317.768890220001,Cheryl,isaacus/legal-rag-bench,3a3565bc5429f6cead90548e81f87352b449927e4be1cdd804c28d766bb9c246,e3b869a4e293d081ec5f5b39c2058c8d27b36f611aa9f8275eb1877a7c8b38b0,exploratory previously inspected 100 questions,not_evaluated
3,100,0.09000000000000001,0.27,0.27,0.19333333333333333,0.21285578521428747,evidence_passage_len96_t0.7_seed20261006__question_plus_hyde__hybrid_a0.5_d20,evidence_passage_len96_t0.7_seed20261006,question_plus_hyde_hybrid,0.5,20,1317.768890220001,Cheryl,isaacus/legal-rag-bench,3a3565bc5429f6cead90548e81f87352b449927e4be1cdd804c28d766bb9c246,e3b869a4e293d081ec5f5b39c2058c8d27b36f611aa9f8275eb1877a7c8b38b0,exploratory previously inspected 100 questions,not_evaluated
5,100,0.062,0.31,0.31,0.20183333333333334,0.22876813501205767,evidence_passage_len96_t0.7_seed20261006__question_plus_hyde__hybrid_a0.5_d20,evidence_passage_len96_t0.7_seed20261006,question_plus_hyde_hybrid,0.5,20,1317.768890220001,Cheryl,isaacus/legal-rag-bench,3a3565bc5429f6cead90548e81f87352b449927e4be1cdd804c28d766bb9c246,e3b869a4e293d081ec5f5b39c2058c8d27b36f611aa9f8275eb1877a7c8b38b0,exploratory previously inspected 100 questions,not_evaluated
10,100,0.044,0.44,0.44,0.22035317460317458,0.27197772464510783,evidence_passage_len96_t0.7_seed20261006__question_plus_hyde__hybrid_a0.5_d20,evidence_passage_len96_t0.7_seed20261006,question_plus_hyde_hybrid,0.5,20,1317.768890220001,Cheryl,isaacus/legal-rag-bench,3a3565bc5429f6cead90548e81f87352b449927e4be1cdd804c28d766bb9c246,e3b869a4e293d081ec5f5b39c2058c8d27b36f611aa9f8275eb1877a7c8b38b0,exploratory previously inspected 100 questions,not_evaluated
1,100,0.1,0.1,0.1,0.1,0.1,evidence_passage_len96_t0.7_seed20261006__question_plus_hyde__hybrid_a0.75_d20,evidence_passage_len96_t0.7_seed20261006,question_plus_hyde_hybrid,0.75,20,1317.7660489399989,Cheryl,isaacus/legal-rag-bench,3a3565bc5429f6cead90548e81f87352b449927e4be1cdd804c28d766bb9c246,e3b869a4e293d081ec5f5b39c2058c8d27b36f611aa9f8275eb1877a7c8b38b0,exploratory previously inspected 100 questions,not_evaluated
3,100,0.07666666666666667,0.23,0.23,0.15833333333333333,0.1767836778214312,evidence_passage_len96_t0.7_seed20261006__question_plus_hyde__hybrid_a0.75_d20,evidence_passage_len96_t0.7_seed20261006,question_plus_hyde_hybrid,0.75,20,1317.7660489399989,Cheryl,isaacus/legal-rag-bench,3a3565bc5429f6cead90548e81f87352b449927e4be1cdd804c28d766bb9c246,e3b869a4e293d081ec5f5b39c2058c8d27b36f611aa9f8275eb1877a7c8b38b0,exploratory previously inspected 100 questions,not_evaluated
5,100,0.052000000000000005,0.26,0.26,0.1653333333333333,0.18926573705524447,evidence_passage_len96_t0.7_seed20261006__question_plus_hyde__hybrid_a0.75_d20,evidence_passage_len96_t0.7_seed20261006,question_plus_hyde_hybrid,0.75,20,1317.7660489399989,Cheryl,isaacus/legal-rag-bench,3a3565bc5429f6cead90548e81f87352b449927e4be1cdd804c28d766bb9c246,e3b869a4e293d081ec5f5b39c2058c8d27b36f611aa9f8275eb1877a7c8b38b0,exploratory previously inspected 100 questions,not_evaluated
10,100,0.032,0.32,0.32,0.17485714285714288,0.21018069120623198,evidence_passage_len96_t0.7_seed20261006__question_plus_hyde__hybrid_a0.75_d20,evidence_passage_len96_t0.7_seed20261006,question_plus_hyde_hybrid,0.75,20,1317.7660489399989,Cheryl,isaacus/legal-rag-bench,3a3565bc5429f6cead90548e81f87352b449927e4be1cdd804c28d766bb9c246,e3b869a4e293d081ec5f5b39c2058c8d27b36f611aa9f8275eb1877a7c8b38b0,exploratory previously inspected 100 questions,not_evaluated
1,100,0.16,0.16,0.16,0.16,0.16,evidence_passage_len96_t0.7_seed20261006__question_plus_hyde__hybrid_a0.25_d100,evidence_passage_len96_t0.7_seed20261006,question_plus_hyde_hybrid,0.25,100,1317.8467612999987,Cheryl,isaacus/legal-rag-bench,3a3565bc5429f6cead90548e81f87352b449927e4be1cdd804c28d766bb9c246,e3b869a4e293d081ec5f5b39c2058c8d27b36f611aa9f8275eb1877a7c8b38b0,exploratory previously inspected 100 questions,not_evaluated
3,100,0.08666666666666667,0.26,0.26,0.20666666666666664,0.22047438028571661,evidence_passage_len96_t0.7_seed20261006__question_plus_hyde__hybrid_a0.25_d100,evidence_passage_len96_t0.7_seed20261006,question_plus_hyde_hybrid,0.25,100,1317.8467612999987,Cheryl,isaacus/legal-rag-bench,3a3565bc5429f6cead90548e81f87352b449927e4be1cdd804c28d766bb9c246,e3b869a4e293d081ec5f5b39c2058c8d27b36f611aa9f8275eb1877a7c8b38b0,exploratory previously inspected 100 questions,not_evaluated
5,100,0.068,0.34,0.34,0.22516666666666665,0.2536137924064225,evidence_passage_len96_t0.7_seed20261006__question_plus_hyde__hybrid_a0.25_d100,evidence_passage_len96_t0.7_seed20261006,question_plus_hyde_hybrid,0.25,100,1317.8467612999987,Cheryl,isaacus/legal-rag-bench,3a3565bc5429f6cead90548e81f87352b449927e4be1cdd804c28d766bb9c246,e3b869a4e293d081ec5f5b39c2058c8d27b36f611aa9f8275eb1877a7c8b38b0,exploratory previously inspected 100 questions,not_evaluated
10,100,0.046,0.46,0.46,0.2417301587301587,0.2929629739094555,evidence_passage_len96_t0.7_seed20261006__question_plus_hyde__hybrid_a0.25_d100,evidence_passage_len96_t0.7_seed20261006,question_plus_hyde_hybrid,0.25,100,1317.8467612999987,Cheryl,isaacus/legal-rag-bench,3a3565bc5429f6cead90548e81f87352b449927e4be1cdd804c28d766bb9c246,e3b869a4e293d081ec5f5b39c2058c8d27b36f611aa9f8275eb1877a7c8b38b0,exploratory previously inspected 100 questions,not_evaluated
1,100,0.15,0.15,0.15,0.15,0.15,evidence_passage_len96_t0.7_seed20261006__question_plus_hyde__hybrid_a0.5_d100,evidence_passage_len96_t0.7_seed20261006,question_plus_hyde_hybrid,0.5,100,1317.8948479999974,Cheryl,isaacus/legal-rag-bench,3a3565bc5429f6cead90548e81f87352b449927e4be1cdd804c28d766bb9c246,e3b869a4e293d081ec5f5b39c2058c8d27b36f611aa9f8275eb1877a7c8b38b0,exploratory previously inspected 100 questions,not_evaluated
3,100,0.07666666666666667,0.23,0.23,0.185,0.19654648767857288,evidence_passage_len96_t0.7_seed20261006__question_plus_hyde__hybrid_a0.5_d100,evidence_passage_len96_t0.7_seed20261006,question_plus_hyde_hybrid,0.5,100,1317.8948479999974,Cheryl,isaacus/legal-rag-bench,3a3565bc5429f6cead90548e81f87352b449927e4be1cdd804c28d766bb9c246,e3b869a4e293d081ec5f5b39c2058c8d27b36f611aa9f8275eb1877a7c8b38b0,exploratory previously inspected 100 questions,not_evaluated
5,100,0.068,0.34,0.34,0.2085,0.24041500899953802,evidence_passage_len96_t0.7_seed20261006__question_plus_hyde__hybrid_a0.5_d100,evidence_passage_len96_t0.7_seed20261006,question_plus_hyde_hybrid,0.5,100,1317.8948479999974,Cheryl,isaacus/legal-rag-bench,3a3565bc5429f6cead90548e81f87352b449927e4be1cdd804c28d766bb9c246,e3b869a4e293d081ec5f5b39c2058c8d27b36f611aa9f8275eb1877a7c8b38b0,exploratory previously inspected 100 questions,not_evaluated
10,100,0.043,0.43,0.43,0.22035714285714283,0.2693304843321609,evidence_passage_len96_t0.7_seed20261006__question_plus_hyde__hybrid_a0.5_d100,evidence_passage_len96_t0.7_seed20261006,question_plus_hyde_hybrid,0.5,100,1317.8948479999974,Cheryl,isaacus/legal-rag-bench,3a3565bc5429f6cead90548e81f87352b449927e4be1cdd804c28d766bb9c246,e3b869a4e293d081ec5f5b39c2058c8d27b36f611aa9f8275eb1877a7c8b38b0,exploratory previously inspected 100 questions,not_evaluated
1,100,0.11,0.11,0.11,0.11,0.11,evidence_passage_len96_t0.7_seed20261006__question_plus_hyde__hybrid_a0.75_d100,evidence_passage_len96_t0.7_seed20261006,question_plus_hyde_hybrid,0.75,100,1317.8448352499993,Cheryl,isaacus/legal-rag-bench,3a3565bc5429f6cead90548e81f87352b449927e4be1cdd804c28d766bb9c246,e3b869a4e293d081ec5f5b39c2058c8d27b36f611aa9f8275eb1877a7c8b38b0,exploratory previously inspected 100 questions,not_evaluated
3,100,0.06666666666666667,0.2,0.2,0.15166666666666664,0.16416508275000205,evidence_passage_len96_t0.7_seed20261006__question_plus_hyde__hybrid_a0.75_d100,evidence_passage_len96_t0.7_seed20261006,question_plus_hyde_hybrid,0.75,100,1317.8448352499993,Cheryl,isaacus/legal-rag-bench,3a3565bc5429f6cead90548e81f87352b449927e4be1cdd804c28d766bb9c246,e3b869a4e293d081ec5f5b39c2058c8d27b36f611aa9f8275eb1877a7c8b38b0,exploratory previously inspected 100 questions,not_evaluated
5,100,0.05,0.25,0.25,0.16316666666666665,0.18482243563689466,evidence_passage_len96_t0.7_seed20261006__question_plus_hyde__hybrid_a0.75_d100,evidence_passage_len96_t0.7_seed20261006,question_plus_hyde_hybrid,0.75,100,1317.8448352499993,Cheryl,isaacus/legal-rag-bench,3a3565bc5429f6cead90548e81f87352b449927e4be1cdd804c28d766bb9c246,e3b869a4e293d081ec5f5b39c2058c8d27b36f611aa9f8275eb1877a7c8b38b0,exploratory previously inspected 100 questions,not_evaluated
10,100,0.037,0.37,0.37,0.17950396825396825,0.2239781405691123,evidence_passage_len96_t0.7_seed20261006__question_plus_hyde__hybrid_a0.75_d100,evidence_passage_len96_t0.7_seed20261006,question_plus_hyde_hybrid,0.75,100,1317.8448352499993,Cheryl,isaacus/legal-rag-bench,3a3565bc5429f6cead90548e81f87352b449927e4be1cdd804c28d766bb9c246,e3b869a4e293d081ec5f5b39c2058c8d27b36f611aa9f8275eb1877a7c8b38b0,exploratory previously inspected 100 questions,not_evaluated
1,100,0.03,0.03,0.03,0.03,0.03,evidence_passage_len96_t0.7_seed20261006__multi_average,evidence_passage_len96_t0.7_seed20261006,multi_average,,100,3952.546351739998,Cheryl,isaacus/legal-rag-bench,3a3565bc5429f6cead90548e81f87352b449927e4be1cdd804c28d766bb9c246,e3b869a4e293d081ec5f5b39c2058c8d27b36f611aa9f8275eb1877a7c8b38b0,exploratory previously inspected 100 questions,not_evaluated
3,100,0.03333333333333333,0.1,0.1,0.06,0.07023719014285831,evidence_passage_len96_t0.7_seed20261006__multi_average,evidence_passage_len96_t0.7_seed20261006,multi_average,,100,3952.546351739998,Cheryl,isaacus/legal-rag-bench,3a3565bc5429f6cead90548e81f87352b449927e4be1cdd804c28d766bb9c246,e3b869a4e293d081ec5f5b39c2058c8d27b36f611aa9f8275eb1877a7c8b38b0,exploratory previously inspected 100 questions,not_evaluated
5,100,0.034,0.17,0.17,0.076,0.09906983668283027,evidence_passage_len96_t0.7_seed20261006__multi_average,evidence_passage_len96_t0.7_seed20261006,multi_average,,100,3952.546351739998,Cheryl,isaacus/legal-rag-bench,3a3565bc5429f6cead90548e81f87352b449927e4be1cdd804c28d766bb9c246,e3b869a4e293d081ec5f5b39c2058c8d27b36f611aa9f8275eb1877a7c8b38b0,exploratory previously inspected 100 questions,not_evaluated
10,100,0.024,0.24,0.24,0.08528571428571427,0.12166280842382994,evidence_passage_len96_t0.7_seed20261006__multi_average,evidence_passage_len96_t0.7_seed20261006,multi_average,,100,3952.546351739998,Cheryl,isaacus/legal-rag-bench,3a3565bc5429f6cead90548e81f87352b449927e4be1cdd804c28d766bb9c246,e3b869a4e293d081ec5f5b39c2058c8d27b36f611aa9f8275eb1877a7c8b38b0,exploratory previously inspected 100 questions,not_evaluated
1,100,0.13,0.13,0.13,0.13,0.13,evidence_passage_len96_t0.7_seed20261006__multi_average__hybrid_a0.25_d20,evidence_passage_len96_t0.7_seed20261006,multi_average_hybrid,0.25,20,3952.7967336399997,Cheryl,isaacus/legal-rag-bench,3a3565bc5429f6cead90548e81f87352b449927e4be1cdd804c28d766bb9c246,e3b869a4e293d081ec5f5b39c2058c8d27b36f611aa9f8275eb1877a7c8b38b0,exploratory previously inspected 100 questions,not_evaluated
3,100,0.09333333333333334,0.28,0.28,0.19833333333333333,0.21940227289286035,evidence_passage_len96_t0.7_seed20261006__multi_average__hybrid_a0.25_d20,evidence_passage_len96_t0.7_seed20261006,multi_average_hybrid,0.25,20,3952.7967336399997,Cheryl,isaacus/legal-rag-bench,3a3565bc5429f6cead90548e81f87352b449927e4be1cdd804c28d766bb9c246,e3b869a4e293d081ec5f5b39c2058c8d27b36f611aa9f8275eb1877a7c8b38b0,exploratory previously inspected 100 questions,not_evaluated
5,100,0.066,0.33,0.33,0.20933333333333334,0.23962138827136445,evidence_passage_len96_t0.7_seed20261006__multi_average__hybrid_a0.25_d20,evidence_passage_len96_t0.7_seed20261006,multi_average_hybrid,0.25,20,3952.7967336399997,Cheryl,isaacus/legal-rag-bench,3a3565bc5429f6cead90548e81f87352b449927e4be1cdd804c28d766bb9c246,e3b869a4e293d081ec5f5b39c2058c8d27b36f611aa9f8275eb1877a7c8b38b0,exploratory previously inspected 100 questions,not_evaluated
10,100,0.038,0.38,0.38,0.2156626984126984,0.255463303619168,evidence_passage_len96_t0.7_seed20261006__multi_average__hybrid_a0.25_d20,evidence_passage_len96_t0.7_seed20261006,multi_average_hybrid,0.25,20,3952.7967336399997,Cheryl,isaacus/legal-rag-bench,3a3565bc5429f6cead90548e81f87352b449927e4be1cdd804c28d766bb9c246,e3b869a4e293d081ec5f5b39c2058c8d27b36f611aa9f8275eb1877a7c8b38b0,exploratory previously inspected 100 questions,not_evaluated
1,100,0.09,0.09,0.09,0.09,0.09,evidence_passage_len96_t0.7_seed20261006__multi_average__hybrid_a0.5_d20,evidence_passage_len96_t0.7_seed20261006,multi_average_hybrid,0.5,20,3952.7971205199965,Cheryl,isaacus/legal-rag-bench,3a3565bc5429f6cead90548e81f87352b449927e4be1cdd804c28d766bb9c246,e3b869a4e293d081ec5f5b39c2058c8d27b36f611aa9f8275eb1877a7c8b38b0,exploratory previously inspected 100 questions,not_evaluated
3,100,0.09000000000000001,0.27,0.27,0.16666666666666663,0.19309297535714579,evidence_passage_len96_t0.7_seed20261006__multi_average__hybrid_a0.5_d20,evidence_passage_len96_t0.7_seed20261006,multi_average_hybrid,0.5,20,3952.7971205199965,Cheryl,isaacus/legal-rag-bench,3a3565bc5429f6cead90548e81f87352b449927e4be1cdd804c28d766bb9c246,e3b869a4e293d081ec5f5b39c2058c8d27b36f611aa9f8275eb1877a7c8b38b0,exploratory previously inspected 100 questions,not_evaluated
5,100,0.068,0.34,0.34,0.18316666666666667,0.22236385940550624,evidence_passage_len96_t0.7_seed20261006__multi_average__hybrid_a0.5_d20,evidence_passage_len96_t0.7_seed20261006,multi_average_hybrid,0.5,20,3952.7971205199965,Cheryl,isaacus/legal-rag-bench,3a3565bc5429f6cead90548e81f87352b449927e4be1cdd804c28d766bb9c246,e3b869a4e293d081ec5f5b39c2058c8d27b36f611aa9f8275eb1877a7c8b38b0,exploratory previously inspected 100 questions,not_evaluated
10,100,0.04,0.4,0.4,0.1913015873015873,0.24191219543560752,evidence_passage_len96_t0.7_seed20261006__multi_average__hybrid_a0.5_d20,evidence_passage_len96_t0.7_seed20261006,multi_average_hybrid,0.5,20,3952.7971205199965,Cheryl,isaacus/legal-rag-bench,3a3565bc5429f6cead90548e81f87352b449927e4be1cdd804c28d766bb9c246,e3b869a4e293d081ec5f5b39c2058c8d27b36f611aa9f8275eb1877a7c8b38b0,exploratory previously inspected 100 questions,not_evaluated
1,100,0.06,0.06,0.06,0.06,0.06,evidence_passage_len96_t0.7_seed20261006__multi_average__hybrid_a0.75_d20,evidence_passage_len96_t0.7_seed20261006,multi_average_hybrid,0.75,20,3952.79867551,Cheryl,isaacus/legal-rag-bench,3a3565bc5429f6cead90548e81f87352b449927e4be1cdd804c28d766bb9c246,e3b869a4e293d081ec5f5b39c2058c8d27b36f611aa9f8275eb1877a7c8b38b0,exploratory previously inspected 100 questions,not_evaluated
3,100,0.05666666666666667,0.17,0.17,0.11166666666666666,0.12678367782143118,evidence_passage_len96_t0.7_seed20261006__multi_average__hybrid_a0.75_d20,evidence_passage_len96_t0.7_seed20261006,multi_average_hybrid,0.75,20,3952.79867551,Cheryl,isaacus/legal-rag-bench,3a3565bc5429f6cead90548e81f87352b449927e4be1cdd804c28d766bb9c246,e3b869a4e293d081ec5f5b39c2058c8d27b36f611aa9f8275eb1877a7c8b38b0,exploratory previously inspected 100 questions,not_evaluated
5,100,0.048,0.24,0.24,0.12816666666666665,0.15605456186979166,evidence_passage_len96_t0.7_seed20261006__multi_average__hybrid_a0.75_d20,evidence_passage_len96_t0.7_seed20261006,multi_average_hybrid,0.75,20,3952.79867551,Cheryl,isaacus/legal-rag-bench,3a3565bc5429f6cead90548e81f87352b449927e4be1cdd804c28d766bb9c246,e3b869a4e293d081ec5f5b39c2058c8d27b36f611aa9f8275eb1877a7c8b38b0,exploratory previously inspected 100 questions,not_evaluated
10,100,0.031,0.31,0.31,0.1382857142857143,0.1794880031476667,evidence_passage_len96_t0.7_seed20261006__multi_average__hybrid_a0.75_d20,evidence_passage_len96_t0.7_seed20261006,multi_average_hybrid,0.75,20,3952.79867551,Cheryl,isaacus/legal-rag-bench,3a3565bc5429f6cead90548e81f87352b449927e4be1cdd804c28d766bb9c246,e3b869a4e293d081ec5f5b39c2058c8d27b36f611aa9f8275eb1877a7c8b38b0,exploratory previously inspected 100 questions,not_evaluated
1,100,0.13,0.13,0.13,0.13,0.13,evidence_passage_len96_t0.7_seed20261006__multi_average__hybrid_a0.25_d100,evidence_passage_len96_t0.7_seed20261006,multi_average_hybrid,0.25,100,3952.8639383899936,Cheryl,isaacus/legal-rag-bench,3a3565bc5429f6cead90548e81f87352b449927e4be1cdd804c28d766bb9c246,e3b869a4e293d081ec5f5b39c2058c8d27b36f611aa9f8275eb1877a7c8b38b0,exploratory previously inspected 100 questions,not_evaluated
3,100,0.09333333333333334,0.28,0.28,0.2,0.22071157042857492,evidence_passage_len96_t0.7_seed20261006__multi_average__hybrid_a0.25_d100,evidence_passage_len96_t0.7_seed20261006,multi_average_hybrid,0.25,100,3952.8639383899936,Cheryl,isaacus/legal-rag-bench,3a3565bc5429f6cead90548e81f87352b449927e4be1cdd804c28d766bb9c246,e3b869a4e293d081ec5f5b39c2058c8d27b36f611aa9f8275eb1877a7c8b38b0,exploratory previously inspected 100 questions,not_evaluated
5,100,0.068,0.34,0.34,0.213,0.2447992138794244,evidence_passage_len96_t0.7_seed20261006__multi_average__hybrid_a0.25_d100,evidence_passage_len96_t0.7_seed20261006,multi_average_hybrid,0.25,100,3952.8639383899936,Cheryl,isaacus/legal-rag-bench,3a3565bc5429f6cead90548e81f87352b449927e4be1cdd804c28d766bb9c246,e3b869a4e293d081ec5f5b39c2058c8d27b36f611aa9f8275eb1877a7c8b38b0,exploratory previously inspected 100 questions,not_evaluated
10,100,0.04,0.4,0.4,0.22178968253968254,0.26498371155049555,evidence_passage_len96_t0.7_seed20261006__multi_average__hybrid_a0.25_d100,evidence_passage_len96_t0.7_seed20261006,multi_average_hybrid,0.25,100,3952.8639383899936,Cheryl,isaacus/legal-rag-bench,3a3565bc5429f6cead90548e81f87352b449927e4be1cdd804c28d766bb9c246,e3b869a4e293d081ec5f5b39c2058c8d27b36f611aa9f8275eb1877a7c8b38b0,exploratory previously inspected 100 questions,not_evaluated
1,100,0.09,0.09,0.09,0.09,0.09,evidence_passage_len96_t0.7_seed20261006__multi_average__hybrid_a0.5_d100,evidence_passage_len96_t0.7_seed20261006,multi_average_hybrid,0.5,100,3952.8700985099995,Cheryl,isaacus/legal-rag-bench,3a3565bc5429f6cead90548e81f87352b449927e4be1cdd804c28d766bb9c246,e3b869a4e293d081ec5f5b39c2058c8d27b36f611aa9f8275eb1877a7c8b38b0,exploratory previously inspected 100 questions,not_evaluated
3,100,0.08333333333333333,0.25,0.25,0.16,0.18309297535714578,evidence_passage_len96_t0.7_seed20261006__multi_average__hybrid_a0.5_d100,evidence_passage_len96_t0.7_seed20261006,multi_average_hybrid,0.5,100,3952.8700985099995,Cheryl,isaacus/legal-rag-bench,3a3565bc5429f6cead90548e81f87352b449927e4be1cdd804c28d766bb9c246,e3b869a4e293d081ec5f5b39c2058c8d27b36f611aa9f8275eb1877a7c8b38b0,exploratory previously inspected 100 questions,not_evaluated
5,100,0.057999999999999996,0.29,0.29,0.16949999999999996,0.19988180017169296,evidence_passage_len96_t0.7_seed20261006__multi_average__hybrid_a0.5_d100,evidence_passage_len96_t0.7_seed20261006,multi_average_hybrid,0.5,100,3952.8700985099995,Cheryl,isaacus/legal-rag-bench,3a3565bc5429f6cead90548e81f87352b449927e4be1cdd804c28d766bb9c246,e3b869a4e293d081ec5f5b39c2058c8d27b36f611aa9f8275eb1877a7c8b38b0,exploratory previously inspected 100 questions,not_evaluated
10,100,0.041999999999999996,0.42,0.42,0.18565079365079362,0.24068448788315558,evidence_passage_len96_t0.7_seed20261006__multi_average__hybrid_a0.5_d100,evidence_passage_len96_t0.7_seed20261006,multi_average_hybrid,0.5,100,3952.8700985099995,Cheryl,isaacus/legal-rag-bench,3a3565bc5429f6cead90548e81f87352b449927e4be1cdd804c28d766bb9c246,e3b869a4e293d081ec5f5b39c2058c8d27b36f611aa9f8275eb1877a7c8b38b0,exploratory previously inspected 100 questions,not_evaluated
1,100,0.06,0.06,0.06,0.06,0.06,evidence_passage_len96_t0.7_seed20261006__multi_average__hybrid_a0.75_d100,evidence_passage_len96_t0.7_seed20261006,multi_average_hybrid,0.75,100,3952.874546279997,Cheryl,isaacus/legal-rag-bench,3a3565bc5429f6cead90548e81f87352b449927e4be1cdd804c28d766bb9c246,e3b869a4e293d081ec5f5b39c2058c8d27b36f611aa9f8275eb1877a7c8b38b0,exploratory previously inspected 100 questions,not_evaluated
3,100,0.06,0.18,0.18,0.11333333333333333,0.1304743802857166,evidence_passage_len96_t0.7_seed20261006__multi_average__hybrid_a0.75_d100,evidence_passage_len96_t0.7_seed20261006,multi_average_hybrid,0.75,100,3952.874546279997,Cheryl,isaacus/legal-rag-bench,3a3565bc5429f6cead90548e81f87352b449927e4be1cdd804c28d766bb9c246,e3b869a4e293d081ec5f5b39c2058c8d27b36f611aa9f8275eb1877a7c8b38b0,exploratory previously inspected 100 questions,not_evaluated
5,100,0.052000000000000005,0.26,0.26,0.13183333333333333,0.16361379240642251,evidence_passage_len96_t0.7_seed20261006__multi_average__hybrid_a0.75_d100,evidence_passage_len96_t0.7_seed20261006,multi_average_hybrid,0.75,100,3952.874546279997,Cheryl,isaacus/legal-rag-bench,3a3565bc5429f6cead90548e81f87352b449927e4be1cdd804c28d766bb9c246,e3b869a4e293d081ec5f5b39c2058c8d27b36f611aa9f8275eb1877a7c8b38b0,exploratory previously inspected 100 questions,not_evaluated
10,100,0.034999999999999996,0.35,0.35,0.14326190476190476,0.19213306922175516,evidence_passage_len96_t0.7_seed20261006__multi_average__hybrid_a0.75_d100,evidence_passage_len96_t0.7_seed20261006,multi_average_hybrid,0.75,100,3952.874546279997,Cheryl,isaacus/legal-rag-bench,3a3565bc5429f6cead90548e81f87352b449927e4be1cdd804c28d766bb9c246,e3b869a4e293d081ec5f5b39c2058c8d27b36f611aa9f8275eb1877a7c8b38b0,exploratory previously inspected 100 questions,not_evaluated
1,100,0.05,0.05,0.05,0.05,0.05,evidence_passage_len96_t0.7_seed20261006__multi_rrf,evidence_passage_len96_t0.7_seed20261006,multi_rrf,,100,3952.546351739998,Cheryl,isaacus/legal-rag-bench,3a3565bc5429f6cead90548e81f87352b449927e4be1cdd804c28d766bb9c246,e3b869a4e293d081ec5f5b39c2058c8d27b36f611aa9f8275eb1877a7c8b38b0,exploratory previously inspected 100 questions,not_evaluated
3,100,0.03666666666666667,0.11,0.11,0.07333333333333333,0.08261859507142916,evidence_passage_len96_t0.7_seed20261006__multi_rrf,evidence_passage_len96_t0.7_seed20261006,multi_rrf,,100,3952.546351739998,Cheryl,isaacus/legal-rag-bench,3a3565bc5429f6cead90548e81f87352b449927e4be1cdd804c28d766bb9c246,e3b869a4e293d081ec5f5b39c2058c8d27b36f611aa9f8275eb1877a7c8b38b0,exploratory previously inspected 100 questions,not_evaluated
5,100,0.03,0.15,0.15,0.08233333333333333,0.09896918237758784,evidence_passage_len96_t0.7_seed20261006__multi_rrf,evidence_passage_len96_t0.7_seed20261006,multi_rrf,,100,3952.546351739998,Cheryl,isaacus/legal-rag-bench,3a3565bc5429f6cead90548e81f87352b449927e4be1cdd804c28d766bb9c246,e3b869a4e293d081ec5f5b39c2058c8d27b36f611aa9f8275eb1877a7c8b38b0,exploratory previously inspected 100 questions,not_evaluated
10,100,0.019,0.19,0.19,0.08778968253968253,0.11202953630649849,evidence_passage_len96_t0.7_seed20261006__multi_rrf,evidence_passage_len96_t0.7_seed20261006,multi_rrf,,100,3952.546351739998,Cheryl,isaacus/legal-rag-bench,3a3565bc5429f6cead90548e81f87352b449927e4be1cdd804c28d766bb9c246,e3b869a4e293d081ec5f5b39c2058c8d27b36f611aa9f8275eb1877a7c8b38b0,exploratory previously inspected 100 questions,not_evaluated
1,100,0.14,0.14,0.14,0.14,0.14,evidence_passage_len96_t0.7_seed20261006__multi_rrf__hybrid_a0.25_d20,evidence_passage_len96_t0.7_seed20261006,multi_rrf_hybrid,0.25,20,3952.798803739999,Cheryl,isaacus/legal-rag-bench,3a3565bc5429f6cead90548e81f87352b449927e4be1cdd804c28d766bb9c246,e3b869a4e293d081ec5f5b39c2058c8d27b36f611aa9f8275eb1877a7c8b38b0,exploratory previously inspected 100 questions,not_evaluated
3,100,0.08666666666666667,0.26,0.26,0.19,0.20785578521428746,evidence_passage_len96_t0.7_seed20261006__multi_rrf__hybrid_a0.25_d20,evidence_passage_len96_t0.7_seed20261006,multi_rrf_hybrid,0.25,20,3952.798803739999,Cheryl,isaacus/legal-rag-bench,3a3565bc5429f6cead90548e81f87352b449927e4be1cdd804c28d766bb9c246,e3b869a4e293d081ec5f5b39c2058c8d27b36f611aa9f8275eb1877a7c8b38b0,exploratory previously inspected 100 questions,not_evaluated
5,100,0.062,0.31,0.31,0.201,0.22807490059279156,evidence_passage_len96_t0.7_seed20261006__multi_rrf__hybrid_a0.25_d20,evidence_passage_len96_t0.7_seed20261006,multi_rrf_hybrid,0.25,20,3952.798803739999,Cheryl,isaacus/legal-rag-bench,3a3565bc5429f6cead90548e81f87352b449927e4be1cdd804c28d766bb9c246,e3b869a4e293d081ec5f5b39c2058c8d27b36f611aa9f8275eb1877a7c8b38b0,exploratory previously inspected 100 questions,not_evaluated
10,100,0.039,0.39,0.39,0.2122301587301587,0.2545186418273064,evidence_passage_len96_t0.7_seed20261006__multi_rrf__hybrid_a0.25_d20,evidence_passage_len96_t0.7_seed20261006,multi_rrf_hybrid,0.25,20,3952.798803739999,Cheryl,isaacus/legal-rag-bench,3a3565bc5429f6cead90548e81f87352b449927e4be1cdd804c28d766bb9c246,e3b869a4e293d081ec5f5b39c2058c8d27b36f611aa9f8275eb1877a7c8b38b0,exploratory previously inspected 100 questions,not_evaluated
1,100,0.12,0.12,0.12,0.12,0.12,evidence_passage_len96_t0.7_seed20261006__multi_rrf__hybrid_a0.5_d20,evidence_passage_len96_t0.7_seed20261006,multi_rrf_hybrid,0.5,20,3952.7965998899954,Cheryl,isaacus/legal-rag-bench,3a3565bc5429f6cead90548e81f87352b449927e4be1cdd804c28d766bb9c246,e3b869a4e293d081ec5f5b39c2058c8d27b36f611aa9f8275eb1877a7c8b38b0,exploratory previously inspected 100 questions,not_evaluated
3,100,0.08,0.24,0.24,0.17166666666666663,0.18916508275000204,evidence_passage_len96_t0.7_seed20261006__multi_rrf__hybrid_a0.5_d20,evidence_passage_len96_t0.7_seed20261006,multi_rrf_hybrid,0.5,20,3952.7965998899954,Cheryl,isaacus/legal-rag-bench,3a3565bc5429f6cead90548e81f87352b449927e4be1cdd804c28d766bb9c246,e3b869a4e293d081ec5f5b39c2058c8d27b36f611aa9f8275eb1877a7c8b38b0,exploratory previously inspected 100 questions,not_evaluated
5,100,0.064,0.32,0.32,0.19016666666666665,0.2223044948707079,evidence_passage_len96_t0.7_seed20261006__multi_rrf__hybrid_a0.5_d20,evidence_passage_len96_t0.7_seed20261006,multi_rrf_hybrid,0.5,20,3952.7965998899954,Cheryl,isaacus/legal-rag-bench,3a3565bc5429f6cead90548e81f87352b449927e4be1cdd804c28d766bb9c246,e3b869a4e293d081ec5f5b39c2058c8d27b36f611aa9f8275eb1877a7c8b38b0,exploratory previously inspected 100 questions,not_evaluated
10,100,0.04,0.4,0.4,0.20065079365079364,0.24798251765837478,evidence_passage_len96_t0.7_seed20261006__multi_rrf__hybrid_a0.5_d20,evidence_passage_len96_t0.7_seed20261006,multi_rrf_hybrid,0.5,20,3952.7965998899954,Cheryl,isaacus/legal-rag-bench,3a3565bc5429f6cead90548e81f87352b449927e4be1cdd804c28d766bb9c246,e3b869a4e293d081ec5f5b39c2058c8d27b36f611aa9f8275eb1877a7c8b38b0,exploratory previously inspected 100 questions,not_evaluated
1,100,0.1,0.1,0.1,0.1,0.1,evidence_passage_len96_t0.7_seed20261006__multi_rrf__hybrid_a0.75_d20,evidence_passage_len96_t0.7_seed20261006,multi_rrf_hybrid,0.75,20,3952.8038891499973,Cheryl,isaacus/legal-rag-bench,3a3565bc5429f6cead90548e81f87352b449927e4be1cdd804c28d766bb9c246,e3b869a4e293d081ec5f5b39c2058c8d27b36f611aa9f8275eb1877a7c8b38b0,exploratory previously inspected 100 questions,not_evaluated
3,100,0.05666666666666667,0.17,0.17,0.13,0.14023719014285832,evidence_passage_len96_t0.7_seed20261006__multi_rrf__hybrid_a0.75_d20,evidence_passage_len96_t0.7_seed20261006,multi_rrf_hybrid,0.75,20,3952.8038891499973,Cheryl,isaacus/legal-rag-bench,3a3565bc5429f6cead90548e81f87352b449927e4be1cdd804c28d766bb9c246,e3b869a4e293d081ec5f5b39c2058c8d27b36f611aa9f8275eb1877a7c8b38b0,exploratory previously inspected 100 questions,not_evaluated
5,100,0.044,0.22,0.22,0.142,0.16133278053813943,evidence_passage_len96_t0.7_seed20261006__multi_rrf__hybrid_a0.75_d20,evidence_passage_len96_t0.7_seed20261006,multi_rrf_hybrid,0.75,20,3952.8038891499973,Cheryl,isaacus/legal-rag-bench,3a3565bc5429f6cead90548e81f87352b449927e4be1cdd804c28d766bb9c246,e3b869a4e293d081ec5f5b39c2058c8d27b36f611aa9f8275eb1877a7c8b38b0,exploratory previously inspected 100 questions,not_evaluated
10,100,0.03,0.3,0.3,0.15340873015873016,0.18795520633813034,evidence_passage_len96_t0.7_seed20261006__multi_rrf__hybrid_a0.75_d20,evidence_passage_len96_t0.7_seed20261006,multi_rrf_hybrid,0.75,20,3952.8038891499973,Cheryl,isaacus/legal-rag-bench,3a3565bc5429f6cead90548e81f87352b449927e4be1cdd804c28d766bb9c246,e3b869a4e293d081ec5f5b39c2058c8d27b36f611aa9f8275eb1877a7c8b38b0,exploratory previously inspected 100 questions,not_evaluated
1,100,0.16,0.16,0.16,0.16,0.16,evidence_passage_len96_t0.7_seed20261006__multi_rrf__hybrid_a0.25_d100,evidence_passage_len96_t0.7_seed20261006,multi_rrf_hybrid,0.25,100,3952.8779719699987,Cheryl,isaacus/legal-rag-bench,3a3565bc5429f6cead90548e81f87352b449927e4be1cdd804c28d766bb9c246,e3b869a4e293d081ec5f5b39c2058c8d27b36f611aa9f8275eb1877a7c8b38b0,exploratory previously inspected 100 questions,not_evaluated
3,100,0.07666666666666667,0.23,0.23,0.19166666666666665,0.2015464876785729,evidence_passage_len96_t0.7_seed20261006__multi_rrf__hybrid_a0.25_d100,evidence_passage_len96_t0.7_seed20261006,multi_rrf_hybrid,0.25,100,3952.8779719699987,Cheryl,isaacus/legal-rag-bench,3a3565bc5429f6cead90548e81f87352b449927e4be1cdd804c28d766bb9c246,e3b869a4e293d081ec5f5b39c2058c8d27b36f611aa9f8275eb1877a7c8b38b0,exploratory previously inspected 100 questions,not_evaluated
5,100,0.06999999999999999,0.35,0.35,0.21866666666666668,0.25059824959704896,evidence_passage_len96_t0.7_seed20261006__multi_rrf__hybrid_a0.25_d100,evidence_passage_len96_t0.7_seed20261006,multi_rrf_hybrid,0.25,100,3952.8779719699987,Cheryl,isaacus/legal-rag-bench,3a3565bc5429f6cead90548e81f87352b449927e4be1cdd804c28d766bb9c246,e3b869a4e293d081ec5f5b39c2058c8d27b36f611aa9f8275eb1877a7c8b38b0,exploratory previously inspected 100 questions,not_evaluated
10,100,0.040999999999999995,0.41,0.41,0.2268888888888889,0.27019571338674814,evidence_passage_len96_t0.7_seed20261006__multi_rrf__hybrid_a0.25_d100,evidence_passage_len96_t0.7_seed20261006,multi_rrf_hybrid,0.25,100,3952.8779719699987,Cheryl,isaacus/legal-rag-bench,3a3565bc5429f6cead90548e81f87352b449927e4be1cdd804c28d766bb9c246,e3b869a4e293d081ec5f5b39c2058c8d27b36f611aa9f8275eb1877a7c8b38b0,exploratory previously inspected 100 questions,not_evaluated
1,100,0.13,0.13,0.13,0.13,0.13,evidence_passage_len96_t0.7_seed20261006__multi_rrf__hybrid_a0.5_d100,evidence_passage_len96_t0.7_seed20261006,multi_rrf_hybrid,0.5,100,3952.8664365899995,Cheryl,isaacus/legal-rag-bench,3a3565bc5429f6cead90548e81f87352b449927e4be1cdd804c28d766bb9c246,e3b869a4e293d081ec5f5b39c2058c8d27b36f611aa9f8275eb1877a7c8b38b0,exploratory previously inspected 100 questions,not_evaluated
3,100,0.07666666666666667,0.23,0.23,0.17499999999999996,0.18916508275000204,evidence_passage_len96_t0.7_seed20261006__multi_rrf__hybrid_a0.5_d100,evidence_passage_len96_t0.7_seed20261006,multi_rrf_hybrid,0.5,100,3952.8664365899995,Cheryl,isaacus/legal-rag-bench,3a3565bc5429f6cead90548e81f87352b449927e4be1cdd804c28d766bb9c246,e3b869a4e293d081ec5f5b39c2058c8d27b36f611aa9f8275eb1877a7c8b38b0,exploratory previously inspected 100 questions,not_evaluated
5,100,0.06,0.3,0.3,0.1905,0.21755949178158548,evidence_passage_len96_t0.7_seed20261006__multi_rrf__hybrid_a0.5_d100,evidence_passage_len96_t0.7_seed20261006,multi_rrf_hybrid,0.5,100,3952.8664365899995,Cheryl,isaacus/legal-rag-bench,3a3565bc5429f6cead90548e81f87352b449927e4be1cdd804c28d766bb9c246,e3b869a4e293d081ec5f5b39c2058c8d27b36f611aa9f8275eb1877a7c8b38b0,exploratory previously inspected 100 questions,not_evaluated
10,100,0.043,0.43,0.43,0.2081190476190476,0.25989520233617475,evidence_passage_len96_t0.7_seed20261006__multi_rrf__hybrid_a0.5_d100,evidence_passage_len96_t0.7_seed20261006,multi_rrf_hybrid,0.5,100,3952.8664365899995,Cheryl,isaacus/legal-rag-bench,3a3565bc5429f6cead90548e81f87352b449927e4be1cdd804c28d766bb9c246,e3b869a4e293d081ec5f5b39c2058c8d27b36f611aa9f8275eb1877a7c8b38b0,exploratory previously inspected 100 questions,not_evaluated
1,100,0.09,0.09,0.09,0.09,0.09,evidence_passage_len96_t0.7_seed20261006__multi_rrf__hybrid_a0.75_d100,evidence_passage_len96_t0.7_seed20261006,multi_rrf_hybrid,0.75,100,3952.8603251899967,Cheryl,isaacus/legal-rag-bench,3a3565bc5429f6cead90548e81f87352b449927e4be1cdd804c28d766bb9c246,e3b869a4e293d081ec5f5b39c2058c8d27b36f611aa9f8275eb1877a7c8b38b0,exploratory previously inspected 100 questions,not_evaluated
3,100,0.05333333333333334,0.16,0.16,0.12166666666666666,0.13154648767857288,evidence_passage_len96_t0.7_seed20261006__multi_rrf__hybrid_a0.75_d100,evidence_passage_len96_t0.7_seed20261006,multi_rrf_hybrid,0.75,100,3952.8603251899967,Cheryl,isaacus/legal-rag-bench,3a3565bc5429f6cead90548e81f87352b449927e4be1cdd804c28d766bb9c246,e3b869a4e293d081ec5f5b39c2058c8d27b36f611aa9f8275eb1877a7c8b38b0,exploratory previously inspected 100 questions,not_evaluated
5,100,0.044,0.22,0.22,0.13566666666666666,0.15651060614619944,evidence_passage_len96_t0.7_seed20261006__multi_rrf__hybrid_a0.75_d100,evidence_passage_len96_t0.7_seed20261006,multi_rrf_hybrid,0.75,100,3952.8603251899967,Cheryl,isaacus/legal-rag-bench,3a3565bc5429f6cead90548e81f87352b449927e4be1cdd804c28d766bb9c246,e3b869a4e293d081ec5f5b39c2058c8d27b36f611aa9f8275eb1877a7c8b38b0,exploratory previously inspected 100 questions,not_evaluated
10,100,0.028000000000000004,0.28,0.28,0.1438015873015873,0.1760589421763007,evidence_passage_len96_t0.7_seed20261006__multi_rrf__hybrid_a0.75_d100,evidence_passage_len96_t0.7_seed20261006,multi_rrf_hybrid,0.75,100,3952.8603251899967,Cheryl,isaacus/legal-rag-bench,3a3565bc5429f6cead90548e81f87352b449927e4be1cdd804c28d766bb9c246,e3b869a4e293d081ec5f5b39c2058c8d27b36f611aa9f8275eb1877a7c8b38b0,exploratory previously inspected 100 questions,not_evaluated
1,100,0.02,0.02,0.02,0.02,0.02,evidence_passage_len96_t0.7_seed20261007__hyde_single,evidence_passage_len96_t0.7_seed20261007,hyde_single,,100,877.005196356669,Cheryl,isaacus/legal-rag-bench,3a3565bc5429f6cead90548e81f87352b449927e4be1cdd804c28d766bb9c246,e3b869a4e293d081ec5f5b39c2058c8d27b36f611aa9f8275eb1877a7c8b38b0,exploratory previously inspected 100 questions,not_evaluated
3,100,0.023333333333333334,0.07,0.07,0.04,0.047618595071429154,evidence_passage_len96_t0.7_seed20261007__hyde_single,evidence_passage_len96_t0.7_seed20261007,hyde_single,,100,877.005196356669,Cheryl,isaacus/legal-rag-bench,3a3565bc5429f6cead90548e81f87352b449927e4be1cdd804c28d766bb9c246,e3b869a4e293d081ec5f5b39c2058c8d27b36f611aa9f8275eb1877a7c8b38b0,exploratory previously inspected 100 questions,not_evaluated
5,100,0.016,0.08,0.08,0.0425,0.051925360652163084,evidence_passage_len96_t0.7_seed20261007__hyde_single,evidence_passage_len96_t0.7_seed20261007,hyde_single,,100,877.005196356669,Cheryl,isaacus/legal-rag-bench,3a3565bc5429f6cead90548e81f87352b449927e4be1cdd804c28d766bb9c246,e3b869a4e293d081ec5f5b39c2058c8d27b36f611aa9f8275eb1877a7c8b38b0,exploratory previously inspected 100 questions,not_evaluated
10,100,0.014000000000000002,0.14,0.14,0.05092857142857141,0.07172620612509484,evidence_passage_len96_t0.7_seed20261007__hyde_single,evidence_passage_len96_t0.7_seed20261007,hyde_single,,100,877.005196356669,Cheryl,isaacus/legal-rag-bench,3a3565bc5429f6cead90548e81f87352b449927e4be1cdd804c28d766bb9c246,e3b869a4e293d081ec5f5b39c2058c8d27b36f611aa9f8275eb1877a7c8b38b0,exploratory previously inspected 100 questions,not_evaluated
1,100,0.15,0.15,0.15,0.15,0.15,evidence_passage_len96_t0.7_seed20261007__hyde_single__hybrid_a0.25_d20,evidence_passage_len96_t0.7_seed20261007,hyde_single_hybrid,0.25,20,877.260667736671,Cheryl,isaacus/legal-rag-bench,3a3565bc5429f6cead90548e81f87352b449927e4be1cdd804c28d766bb9c246,e3b869a4e293d081ec5f5b39c2058c8d27b36f611aa9f8275eb1877a7c8b38b0,exploratory previously inspected 100 questions,not_evaluated
3,100,0.08333333333333333,0.25,0.25,0.19333333333333333,0.20785578521428746,evidence_passage_len96_t0.7_seed20261007__hyde_single__hybrid_a0.25_d20,evidence_passage_len96_t0.7_seed20261007,hyde_single_hybrid,0.25,20,877.260667736671,Cheryl,isaacus/legal-rag-bench,3a3565bc5429f6cead90548e81f87352b449927e4be1cdd804c28d766bb9c246,e3b869a4e293d081ec5f5b39c2058c8d27b36f611aa9f8275eb1877a7c8b38b0,exploratory previously inspected 100 questions,not_evaluated
5,100,0.057999999999999996,0.29,0.29,0.2028333333333333,0.22464461002883468,evidence_passage_len96_t0.7_seed20261007__hyde_single__hybrid_a0.25_d20,evidence_passage_len96_t0.7_seed20261007,hyde_single_hybrid,0.25,20,877.260667736671,Cheryl,isaacus/legal-rag-bench,3a3565bc5429f6cead90548e81f87352b449927e4be1cdd804c28d766bb9c246,e3b869a4e293d081ec5f5b39c2058c8d27b36f611aa9f8275eb1877a7c8b38b0,exploratory previously inspected 100 questions,not_evaluated
10,100,0.037,0.37,0.37,0.21368650793650792,0.2507152639143851,evidence_passage_len96_t0.7_seed20261007__hyde_single__hybrid_a0.25_d20,evidence_passage_len96_t0.7_seed20261007,hyde_single_hybrid,0.25,20,877.260667736671,Cheryl,isaacus/legal-rag-bench,3a3565bc5429f6cead90548e81f87352b449927e4be1cdd804c28d766bb9c246,e3b869a4e293d081ec5f5b39c2058c8d27b36f611aa9f8275eb1877a7c8b38b0,exploratory previously inspected 100 questions,not_evaluated
1,100,0.11,0.11,0.11,0.11,0.11,evidence_passage_len96_t0.7_seed20261007__hyde_single__hybrid_a0.5_d20,evidence_passage_len96_t0.7_seed20261007,hyde_single_hybrid,0.5,20,877.2539924466699,Cheryl,isaacus/legal-rag-bench,3a3565bc5429f6cead90548e81f87352b449927e4be1cdd804c28d766bb9c246,e3b869a4e293d081ec5f5b39c2058c8d27b36f611aa9f8275eb1877a7c8b38b0,exploratory previously inspected 100 questions,not_evaluated
3,100,0.07666666666666667,0.23,0.23,0.15999999999999998,0.17785578521428747,evidence_passage_len96_t0.7_seed20261007__hyde_single__hybrid_a0.5_d20,evidence_passage_len96_t0.7_seed20261007,hyde_single_hybrid,0.5,20,877.2539924466699,Cheryl,isaacus/legal-rag-bench,3a3565bc5429f6cead90548e81f87352b449927e4be1cdd804c28d766bb9c246,e3b869a4e293d081ec5f5b39c2058c8d27b36f611aa9f8275eb1877a7c8b38b0,exploratory previously inspected 100 questions,not_evaluated
5,100,0.057999999999999996,0.29,0.29,0.172,0.20106695364835991,evidence_passage_len96_t0.7_seed20261007__hyde_single__hybrid_a0.5_d20,evidence_passage_len96_t0.7_seed20261007,hyde_single_hybrid,0.5,20,877.2539924466699,Cheryl,isaacus/legal-rag-bench,3a3565bc5429f6cead90548e81f87352b449927e4be1cdd804c28d766bb9c246,e3b869a4e293d081ec5f5b39c2058c8d27b36f611aa9f8275eb1877a7c8b38b0,exploratory previously inspected 100 questions,not_evaluated
10,100,0.034999999999999996,0.35,0.35,0.17932936507936506,0.21979951725934244,evidence_passage_len96_t0.7_seed20261007__hyde_single__hybrid_a0.5_d20,evidence_passage_len96_t0.7_seed20261007,hyde_single_hybrid,0.5,20,877.2539924466699,Cheryl,isaacus/legal-rag-bench,3a3565bc5429f6cead90548e81f87352b449927e4be1cdd804c28d766bb9c246,e3b869a4e293d081ec5f5b39c2058c8d27b36f611aa9f8275eb1877a7c8b38b0,exploratory previously inspected 100 questions,not_evaluated
1,100,0.05,0.05,0.05,0.05,0.05,evidence_passage_len96_t0.7_seed20261007__hyde_single__hybrid_a0.75_d20,evidence_passage_len96_t0.7_seed20261007,hyde_single_hybrid,0.75,20,877.2614404166669,Cheryl,isaacus/legal-rag-bench,3a3565bc5429f6cead90548e81f87352b449927e4be1cdd804c28d766bb9c246,e3b869a4e293d081ec5f5b39c2058c8d27b36f611aa9f8275eb1877a7c8b38b0,exploratory previously inspected 100 questions,not_evaluated
3,100,0.03,0.09,0.09,0.06666666666666667,0.07261859507142915,evidence_passage_len96_t0.7_seed20261007__hyde_single__hybrid_a0.75_d20,evidence_passage_len96_t0.7_seed20261007,hyde_single_hybrid,0.75,20,877.2614404166669,Cheryl,isaacus/legal-rag-bench,3a3565bc5429f6cead90548e81f87352b449927e4be1cdd804c28d766bb9c246,e3b869a4e293d081ec5f5b39c2058c8d27b36f611aa9f8275eb1877a7c8b38b0,exploratory previously inspected 100 questions,not_evaluated
5,100,0.022,0.11,0.11,0.07116666666666666,0.08079388872450849,evidence_passage_len96_t0.7_seed20261007__hyde_single__hybrid_a0.75_d20,evidence_passage_len96_t0.7_seed20261007,hyde_single_hybrid,0.75,20,877.2614404166669,Cheryl,isaacus/legal-rag-bench,3a3565bc5429f6cead90548e81f87352b449927e4be1cdd804c28d766bb9c246,e3b869a4e293d081ec5f5b39c2058c8d27b36f611aa9f8275eb1877a7c8b38b0,exploratory previously inspected 100 questions,not_evaluated
10,100,0.018,0.18,0.18,0.08156349206349206,0.10449040429438897,evidence_passage_len96_t0.7_seed20261007__hyde_single__hybrid_a0.75_d20,evidence_passage_len96_t0.7_seed20261007,hyde_single_hybrid,0.75,20,877.2614404166669,Cheryl,isaacus/legal-rag-bench,3a3565bc5429f6cead90548e81f87352b449927e4be1cdd804c28d766bb9c246,e3b869a4e293d081ec5f5b39c2058c8d27b36f611aa9f8275eb1877a7c8b38b0,exploratory previously inspected 100 questions,not_evaluated
1,100,0.16,0.16,0.16,0.16,0.16,evidence_passage_len96_t0.7_seed20261007__hyde_single__hybrid_a0.25_d100,evidence_passage_len96_t0.7_seed20261007,hyde_single_hybrid,0.25,100,877.327195986666,Cheryl,isaacus/legal-rag-bench,3a3565bc5429f6cead90548e81f87352b449927e4be1cdd804c28d766bb9c246,e3b869a4e293d081ec5f5b39c2058c8d27b36f611aa9f8275eb1877a7c8b38b0,exploratory previously inspected 100 questions,not_evaluated
3,100,0.08666666666666667,0.26,0.26,0.19666666666666666,0.21261859507142916,evidence_passage_len96_t0.7_seed20261007__hyde_single__hybrid_a0.25_d100,evidence_passage_len96_t0.7_seed20261007,hyde_single_hybrid,0.25,100,877.327195986666,Cheryl,isaacus/legal-rag-bench,3a3565bc5429f6cead90548e81f87352b449927e4be1cdd804c28d766bb9c246,e3b869a4e293d081ec5f5b39c2058c8d27b36f611aa9f8275eb1877a7c8b38b0,exploratory previously inspected 100 questions,not_evaluated
5,100,0.054000000000000006,0.27,0.27,0.19916666666666663,0.21692536065216309,evidence_passage_len96_t0.7_seed20261007__hyde_single__hybrid_a0.25_d100,evidence_passage_len96_t0.7_seed20261007,hyde_single_hybrid,0.25,100,877.327195986666,Cheryl,isaacus/legal-rag-bench,3a3565bc5429f6cead90548e81f87352b449927e4be1cdd804c28d766bb9c246,e3b869a4e293d081ec5f5b39c2058c8d27b36f611aa9f8275eb1877a7c8b38b0,exploratory previously inspected 100 questions,not_evaluated
10,100,0.036,0.36,0.36,0.21067460317460315,0.24556455563687188,evidence_passage_len96_t0.7_seed20261007__hyde_single__hybrid_a0.25_d100,evidence_passage_len96_t0.7_seed20261007,hyde_single_hybrid,0.25,100,877.327195986666,Cheryl,isaacus/legal-rag-bench,3a3565bc5429f6cead90548e81f87352b449927e4be1cdd804c28d766bb9c246,e3b869a4e293d081ec5f5b39c2058c8d27b36f611aa9f8275eb1877a7c8b38b0,exploratory previously inspected 100 questions,not_evaluated
1,100,0.08,0.08,0.08,0.08,0.08,evidence_passage_len96_t0.7_seed20261007__hyde_single__hybrid_a0.5_d100,evidence_passage_len96_t0.7_seed20261007,hyde_single_hybrid,0.5,100,877.3411043766718,Cheryl,isaacus/legal-rag-bench,3a3565bc5429f6cead90548e81f87352b449927e4be1cdd804c28d766bb9c246,e3b869a4e293d081ec5f5b39c2058c8d27b36f611aa9f8275eb1877a7c8b38b0,exploratory previously inspected 100 questions,not_evaluated
3,100,0.05666666666666667,0.17,0.17,0.11833333333333335,0.13154648767857288,evidence_passage_len96_t0.7_seed20261007__hyde_single__hybrid_a0.5_d100,evidence_passage_len96_t0.7_seed20261007,hyde_single_hybrid,0.5,100,877.3411043766718,Cheryl,isaacus/legal-rag-bench,3a3565bc5429f6cead90548e81f87352b449927e4be1cdd804c28d766bb9c246,e3b869a4e293d081ec5f5b39c2058c8d27b36f611aa9f8275eb1877a7c8b38b0,exploratory previously inspected 100 questions,not_evaluated
5,100,0.044,0.22,0.22,0.12883333333333333,0.15132736554868848,evidence_passage_len96_t0.7_seed20261007__hyde_single__hybrid_a0.5_d100,evidence_passage_len96_t0.7_seed20261007,hyde_single_hybrid,0.5,100,877.3411043766718,Cheryl,isaacus/legal-rag-bench,3a3565bc5429f6cead90548e81f87352b449927e4be1cdd804c28d766bb9c246,e3b869a4e293d081ec5f5b39c2058c8d27b36f611aa9f8275eb1877a7c8b38b0,exploratory previously inspected 100 questions,not_evaluated
10,100,0.028999999999999998,0.29,0.29,0.13765079365079366,0.1734433164652751,evidence_passage_len96_t0.7_seed20261007__hyde_single__hybrid_a0.5_d100,evidence_passage_len96_t0.7_seed20261007,hyde_single_hybrid,0.5,100,877.3411043766718,Cheryl,isaacus/legal-rag-bench,3a3565bc5429f6cead90548e81f87352b449927e4be1cdd804c28d766bb9c246,e3b869a4e293d081ec5f5b39c2058c8d27b36f611aa9f8275eb1877a7c8b38b0,exploratory previously inspected 100 questions,not_evaluated
1,100,0.04,0.04,0.04,0.04,0.04,evidence_passage_len96_t0.7_seed20261007__hyde_single__hybrid_a0.75_d100,evidence_passage_len96_t0.7_seed20261007,hyde_single_hybrid,0.75,100,877.3329636766701,Cheryl,isaacus/legal-rag-bench,3a3565bc5429f6cead90548e81f87352b449927e4be1cdd804c28d766bb9c246,e3b869a4e293d081ec5f5b39c2058c8d27b36f611aa9f8275eb1877a7c8b38b0,exploratory previously inspected 100 questions,not_evaluated
3,100,0.03333333333333333,0.1,0.1,0.065,0.07392789260714373,evidence_passage_len96_t0.7_seed20261007__hyde_single__hybrid_a0.75_d100,evidence_passage_len96_t0.7_seed20261007,hyde_single_hybrid,0.75,100,877.3329636766701,Cheryl,isaacus/legal-rag-bench,3a3565bc5429f6cead90548e81f87352b449927e4be1cdd804c28d766bb9c246,e3b869a4e293d081ec5f5b39c2058c8d27b36f611aa9f8275eb1877a7c8b38b0,exploratory previously inspected 100 questions,not_evaluated
5,100,0.026000000000000002,0.13,0.13,0.07200000000000001,0.08640995184095701,evidence_passage_len96_t0.7_seed20261007__hyde_single__hybrid_a0.75_d100,evidence_passage_len96_t0.7_seed20261007,hyde_single_hybrid,0.75,100,877.3329636766701,Cheryl,isaacus/legal-rag-bench,3a3565bc5429f6cead90548e81f87352b449927e4be1cdd804c28d766bb9c246,e3b869a4e293d081ec5f5b39c2058c8d27b36f611aa9f8275eb1877a7c8b38b0,exploratory previously inspected 100 questions,not_evaluated
10,100,0.020999999999999998,0.21,0.21,0.08142857142857142,0.11100820170482663,evidence_passage_len96_t0.7_seed20261007__hyde_single__hybrid_a0.75_d100,evidence_passage_len96_t0.7_seed20261007,hyde_single_hybrid,0.75,100,877.3329636766701,Cheryl,isaacus/legal-rag-bench,3a3565bc5429f6cead90548e81f87352b449927e4be1cdd804c28d766bb9c246,e3b869a4e293d081ec5f5b39c2058c8d27b36f611aa9f8275eb1877a7c8b38b0,exploratory previously inspected 100 questions,not_evaluated
1,100,0.11,0.11,0.11,0.11,0.11,evidence_passage_len96_t0.7_seed20261007__question_plus_hyde,evidence_passage_len96_t0.7_seed20261007,question_plus_hyde,,100,877.005196356669,Cheryl,isaacus/legal-rag-bench,3a3565bc5429f6cead90548e81f87352b449927e4be1cdd804c28d766bb9c246,e3b869a4e293d081ec5f5b39c2058c8d27b36f611aa9f8275eb1877a7c8b38b0,exploratory previously inspected 100 questions,not_evaluated
3,100,0.07333333333333333,0.22,0.22,0.155,0.1715464876785729,evidence_passage_len96_t0.7_seed20261007__question_plus_hyde,evidence_passage_len96_t0.7_seed20261007,question_plus_hyde,,100,877.005196356669,Cheryl,isaacus/legal-rag-bench,3a3565bc5429f6cead90548e81f87352b449927e4be1cdd804c28d766bb9c246,e3b869a4e293d081ec5f5b39c2058c8d27b36f611aa9f8275eb1877a7c8b38b0,exploratory previously inspected 100 questions,not_evaluated
5,100,0.048,0.24,0.24,0.16,0.18016001884004076,evidence_passage_len96_t0.7_seed20261007__question_plus_hyde,evidence_passage_len96_t0.7_seed20261007,question_plus_hyde,,100,877.005196356669,Cheryl,isaacus/legal-rag-bench,3a3565bc5429f6cead90548e81f87352b449927e4be1cdd804c28d766bb9c246,e3b869a4e293d081ec5f5b39c2058c8d27b36f611aa9f8275eb1877a7c8b38b0,exploratory previously inspected 100 questions,not_evaluated
10,100,0.033,0.33,0.33,0.17164285714285715,0.20891727956877973,evidence_passage_len96_t0.7_seed20261007__question_plus_hyde,evidence_passage_len96_t0.7_seed20261007,question_plus_hyde,,100,877.005196356669,Cheryl,isaacus/legal-rag-bench,3a3565bc5429f6cead90548e81f87352b449927e4be1cdd804c28d766bb9c246,e3b869a4e293d081ec5f5b39c2058c8d27b36f611aa9f8275eb1877a7c8b38b0,exploratory previously inspected 100 questions,not_evaluated
1,100,0.16,0.16,0.16,0.16,0.16,evidence_passage_len96_t0.7_seed20261007__question_plus_hyde__hybrid_a0.25_d20,evidence_passage_len96_t0.7_seed20261007,question_plus_hyde_hybrid,0.25,20,877.2560717966716,Cheryl,isaacus/legal-rag-bench,3a3565bc5429f6cead90548e81f87352b449927e4be1cdd804c28d766bb9c246,e3b869a4e293d081ec5f5b39c2058c8d27b36f611aa9f8275eb1877a7c8b38b0,exploratory previously inspected 100 questions,not_evaluated
3,100,0.08333333333333333,0.25,0.25,0.19833333333333333,0.2115464876785729,evidence_passage_len96_t0.7_seed20261007__question_plus_hyde__hybrid_a0.25_d20,evidence_passage_len96_t0.7_seed20261007,question_plus_hyde_hybrid,0.25,20,877.2560717966716,Cheryl,isaacus/legal-rag-bench,3a3565bc5429f6cead90548e81f87352b449927e4be1cdd804c28d766bb9c246,e3b869a4e293d081ec5f5b39c2058c8d27b36f611aa9f8275eb1877a7c8b38b0,exploratory previously inspected 100 questions,not_evaluated
5,100,0.06,0.3,0.3,0.21033333333333332,0.23264207807385404,evidence_passage_len96_t0.7_seed20261007__question_plus_hyde__hybrid_a0.25_d20,evidence_passage_len96_t0.7_seed20261007,question_plus_hyde_hybrid,0.25,20,877.2560717966716,Cheryl,isaacus/legal-rag-bench,3a3565bc5429f6cead90548e81f87352b449927e4be1cdd804c28d766bb9c246,e3b869a4e293d081ec5f5b39c2058c8d27b36f611aa9f8275eb1877a7c8b38b0,exploratory previously inspected 100 questions,not_evaluated
10,100,0.038,0.38,0.38,0.22125000000000003,0.2587169591155688,evidence_passage_len96_t0.7_seed20261007__question_plus_hyde__hybrid_a0.25_d20,evidence_passage_len96_t0.7_seed20261007,question_plus_hyde_hybrid,0.25,20,877.2560717966716,Cheryl,isaacus/legal-rag-bench,3a3565bc5429f6cead90548e81f87352b449927e4be1cdd804c28d766bb9c246,e3b869a4e293d081ec5f5b39c2058c8d27b36f611aa9f8275eb1877a7c8b38b0,exploratory previously inspected 100 questions,not_evaluated
1,100,0.14,0.14,0.14,0.14,0.14,evidence_passage_len96_t0.7_seed20261007__question_plus_hyde__hybrid_a0.5_d20,evidence_passage_len96_t0.7_seed20261007,question_plus_hyde_hybrid,0.5,20,877.254817716669,Cheryl,isaacus/legal-rag-bench,3a3565bc5429f6cead90548e81f87352b449927e4be1cdd804c28d766bb9c246,e3b869a4e293d081ec5f5b39c2058c8d27b36f611aa9f8275eb1877a7c8b38b0,exploratory previously inspected 100 questions,not_evaluated
3,100,0.08333333333333333,0.25,0.25,0.18666666666666665,0.20285578521428746,evidence_passage_len96_t0.7_seed20261007__question_plus_hyde__hybrid_a0.5_d20,evidence_passage_len96_t0.7_seed20261007,question_plus_hyde_hybrid,0.5,20,877.254817716669,Cheryl,isaacus/legal-rag-bench,3a3565bc5429f6cead90548e81f87352b449927e4be1cdd804c28d766bb9c246,e3b869a4e293d081ec5f5b39c2058c8d27b36f611aa9f8275eb1877a7c8b38b0,exploratory previously inspected 100 questions,not_evaluated
5,100,0.064,0.32,0.32,0.20166666666666663,0.2308119567374824,evidence_passage_len96_t0.7_seed20261007__question_plus_hyde__hybrid_a0.5_d20,evidence_passage_len96_t0.7_seed20261007,question_plus_hyde_hybrid,0.5,20,877.254817716669,Cheryl,isaacus/legal-rag-bench,3a3565bc5429f6cead90548e81f87352b449927e4be1cdd804c28d766bb9c246,e3b869a4e293d081ec5f5b39c2058c8d27b36f611aa9f8275eb1877a7c8b38b0,exploratory previously inspected 100 questions,not_evaluated
10,100,0.043,0.43,0.43,0.2184404761904762,0.26845842353274674,evidence_passage_len96_t0.7_seed20261007__question_plus_hyde__hybrid_a0.5_d20,evidence_passage_len96_t0.7_seed20261007,question_plus_hyde_hybrid,0.5,20,877.254817716669,Cheryl,isaacus/legal-rag-bench,3a3565bc5429f6cead90548e81f87352b449927e4be1cdd804c28d766bb9c246,e3b869a4e293d081ec5f5b39c2058c8d27b36f611aa9f8275eb1877a7c8b38b0,exploratory previously inspected 100 questions,not_evaluated
1,100,0.12,0.12,0.12,0.12,0.12,evidence_passage_len96_t0.7_seed20261007__question_plus_hyde__hybrid_a0.75_d20,evidence_passage_len96_t0.7_seed20261007,question_plus_hyde_hybrid,0.75,20,877.2578306466702,Cheryl,isaacus/legal-rag-bench,3a3565bc5429f6cead90548e81f87352b449927e4be1cdd804c28d766bb9c246,e3b869a4e293d081ec5f5b39c2058c8d27b36f611aa9f8275eb1877a7c8b38b0,exploratory previously inspected 100 questions,not_evaluated
3,100,0.07333333333333333,0.22,0.22,0.16333333333333333,0.17785578521428747,evidence_passage_len96_t0.7_seed20261007__question_plus_hyde__hybrid_a0.75_d20,evidence_passage_len96_t0.7_seed20261007,question_plus_hyde_hybrid,0.75,20,877.2578306466702,Cheryl,isaacus/legal-rag-bench,3a3565bc5429f6cead90548e81f87352b449927e4be1cdd804c28d766bb9c246,e3b869a4e293d081ec5f5b39c2058c8d27b36f611aa9f8275eb1877a7c8b38b0,exploratory previously inspected 100 questions,not_evaluated
5,100,0.057999999999999996,0.29,0.29,0.1793333333333333,0.20668843175425944,evidence_passage_len96_t0.7_seed20261007__question_plus_hyde__hybrid_a0.75_d20,evidence_passage_len96_t0.7_seed20261007,question_plus_hyde_hybrid,0.75,20,877.2578306466702,Cheryl,isaacus/legal-rag-bench,3a3565bc5429f6cead90548e81f87352b449927e4be1cdd804c28d766bb9c246,e3b869a4e293d081ec5f5b39c2058c8d27b36f611aa9f8275eb1877a7c8b38b0,exploratory previously inspected 100 questions,not_evaluated
10,100,0.036,0.36,0.36,0.18805158730158728,0.22871999294431664,evidence_passage_len96_t0.7_seed20261007__question_plus_hyde__hybrid_a0.75_d20,evidence_passage_len96_t0.7_seed20261007,question_plus_hyde_hybrid,0.75,20,877.2578306466702,Cheryl,isaacus/legal-rag-bench,3a3565bc5429f6cead90548e81f87352b449927e4be1cdd804c28d766bb9c246,e3b869a4e293d081ec5f5b39c2058c8d27b36f611aa9f8275eb1877a7c8b38b0,exploratory previously inspected 100 questions,not_evaluated
1,100,0.18,0.18,0.18,0.18,0.18,evidence_passage_len96_t0.7_seed20261007__question_plus_hyde__hybrid_a0.25_d100,evidence_passage_len96_t0.7_seed20261007,question_plus_hyde_hybrid,0.25,100,877.3424706866698,Cheryl,isaacus/legal-rag-bench,3a3565bc5429f6cead90548e81f87352b449927e4be1cdd804c28d766bb9c246,e3b869a4e293d081ec5f5b39c2058c8d27b36f611aa9f8275eb1877a7c8b38b0,exploratory previously inspected 100 questions,not_evaluated
3,100,0.08666666666666667,0.26,0.26,0.215,0.22654648767857288,evidence_passage_len96_t0.7_seed20261007__question_plus_hyde__hybrid_a0.25_d100,evidence_passage_len96_t0.7_seed20261007,question_plus_hyde_hybrid,0.25,100,877.3424706866698,Cheryl,isaacus/legal-rag-bench,3a3565bc5429f6cead90548e81f87352b449927e4be1cdd804c28d766bb9c246,e3b869a4e293d081ec5f5b39c2058c8d27b36f611aa9f8275eb1877a7c8b38b0,exploratory previously inspected 100 questions,not_evaluated
5,100,0.066,0.33,0.33,0.23199999999999998,0.2562556092353219,evidence_passage_len96_t0.7_seed20261007__question_plus_hyde__hybrid_a0.25_d100,evidence_passage_len96_t0.7_seed20261007,question_plus_hyde_hybrid,0.25,100,877.3424706866698,Cheryl,isaacus/legal-rag-bench,3a3565bc5429f6cead90548e81f87352b449927e4be1cdd804c28d766bb9c246,e3b869a4e293d081ec5f5b39c2058c8d27b36f611aa9f8275eb1877a7c8b38b0,exploratory previously inspected 100 questions,not_evaluated
10,100,0.044,0.44,0.44,0.24627380952380953,0.2914319140808192,evidence_passage_len96_t0.7_seed20261007__question_plus_hyde__hybrid_a0.25_d100,evidence_passage_len96_t0.7_seed20261007,question_plus_hyde_hybrid,0.25,100,877.3424706866698,Cheryl,isaacus/legal-rag-bench,3a3565bc5429f6cead90548e81f87352b449927e4be1cdd804c28d766bb9c246,e3b869a4e293d081ec5f5b39c2058c8d27b36f611aa9f8275eb1877a7c8b38b0,exploratory previously inspected 100 questions,not_evaluated
1,100,0.15,0.15,0.15,0.15,0.15,evidence_passage_len96_t0.7_seed20261007__question_plus_hyde__hybrid_a0.5_d100,evidence_passage_len96_t0.7_seed20261007,question_plus_hyde_hybrid,0.5,100,877.3280742666683,Cheryl,isaacus/legal-rag-bench,3a3565bc5429f6cead90548e81f87352b449927e4be1cdd804c28d766bb9c246,e3b869a4e293d081ec5f5b39c2058c8d27b36f611aa9f8275eb1877a7c8b38b0,exploratory previously inspected 100 questions,not_evaluated
3,100,0.07333333333333333,0.22,0.22,0.18166666666666664,0.19154648767857288,evidence_passage_len96_t0.7_seed20261007__question_plus_hyde__hybrid_a0.5_d100,evidence_passage_len96_t0.7_seed20261007,question_plus_hyde_hybrid,0.5,100,877.3280742666683,Cheryl,isaacus/legal-rag-bench,3a3565bc5429f6cead90548e81f87352b449927e4be1cdd804c28d766bb9c246,e3b869a4e293d081ec5f5b39c2058c8d27b36f611aa9f8275eb1877a7c8b38b0,exploratory previously inspected 100 questions,not_evaluated
5,100,0.057999999999999996,0.29,0.29,0.19816666666666666,0.2208173717269334,evidence_passage_len96_t0.7_seed20261007__question_plus_hyde__hybrid_a0.5_d100,evidence_passage_len96_t0.7_seed20261007,question_plus_hyde_hybrid,0.5,100,877.3280742666683,Cheryl,isaacus/legal-rag-bench,3a3565bc5429f6cead90548e81f87352b449927e4be1cdd804c28d766bb9c246,e3b869a4e293d081ec5f5b39c2058c8d27b36f611aa9f8275eb1877a7c8b38b0,exploratory previously inspected 100 questions,not_evaluated
10,100,0.044,0.44,0.44,0.21843650793650793,0.26954425738166293,evidence_passage_len96_t0.7_seed20261007__question_plus_hyde__hybrid_a0.5_d100,evidence_passage_len96_t0.7_seed20261007,question_plus_hyde_hybrid,0.5,100,877.3280742666683,Cheryl,isaacus/legal-rag-bench,3a3565bc5429f6cead90548e81f87352b449927e4be1cdd804c28d766bb9c246,e3b869a4e293d081ec5f5b39c2058c8d27b36f611aa9f8275eb1877a7c8b38b0,exploratory previously inspected 100 questions,not_evaluated
1,100,0.13,0.13,0.13,0.13,0.13,evidence_passage_len96_t0.7_seed20261007__question_plus_hyde__hybrid_a0.75_d100,evidence_passage_len96_t0.7_seed20261007,question_plus_hyde_hybrid,0.75,100,877.3385360166711,Cheryl,isaacus/legal-rag-bench,3a3565bc5429f6cead90548e81f87352b449927e4be1cdd804c28d766bb9c246,e3b869a4e293d081ec5f5b39c2058c8d27b36f611aa9f8275eb1877a7c8b38b0,exploratory previously inspected 100 questions,not_evaluated
3,100,0.07666666666666667,0.23,0.23,0.175,0.18916508275000204,evidence_passage_len96_t0.7_seed20261007__question_plus_hyde__hybrid_a0.75_d100,evidence_passage_len96_t0.7_seed20261007,question_plus_hyde_hybrid,0.75,100,877.3385360166711,Cheryl,isaacus/legal-rag-bench,3a3565bc5429f6cead90548e81f87352b449927e4be1cdd804c28d766bb9c246,e3b869a4e293d081ec5f5b39c2058c8d27b36f611aa9f8275eb1877a7c8b38b0,exploratory previously inspected 100 questions,not_evaluated
5,100,0.052000000000000005,0.26,0.26,0.1815,0.2012089044754268,evidence_passage_len96_t0.7_seed20261007__question_plus_hyde__hybrid_a0.75_d100,evidence_passage_len96_t0.7_seed20261007,question_plus_hyde_hybrid,0.75,100,877.3385360166711,Cheryl,isaacus/legal-rag-bench,3a3565bc5429f6cead90548e81f87352b449927e4be1cdd804c28d766bb9c246,e3b869a4e293d081ec5f5b39c2058c8d27b36f611aa9f8275eb1877a7c8b38b0,exploratory previously inspected 100 questions,not_evaluated
10,100,0.038,0.38,0.38,0.19707936507936505,0.23956362899386494,evidence_passage_len96_t0.7_seed20261007__question_plus_hyde__hybrid_a0.75_d100,evidence_passage_len96_t0.7_seed20261007,question_plus_hyde_hybrid,0.75,100,877.3385360166711,Cheryl,isaacus/legal-rag-bench,3a3565bc5429f6cead90548e81f87352b449927e4be1cdd804c28d766bb9c246,e3b869a4e293d081ec5f5b39c2058c8d27b36f611aa9f8275eb1877a7c8b38b0,exploratory previously inspected 100 questions,not_evaluated
1,100,0.05,0.05,0.05,0.05,0.05,evidence_passage_len96_t0.7_seed20261007__multi_average,evidence_passage_len96_t0.7_seed20261007,multi_average,,100,2631.015589070007,Cheryl,isaacus/legal-rag-bench,3a3565bc5429f6cead90548e81f87352b449927e4be1cdd804c28d766bb9c246,e3b869a4e293d081ec5f5b39c2058c8d27b36f611aa9f8275eb1877a7c8b38b0,exploratory previously inspected 100 questions,not_evaluated
3,100,0.04666666666666667,0.14,0.14,0.09166666666666666,0.10416508275000204,evidence_passage_len96_t0.7_seed20261007__multi_average,evidence_passage_len96_t0.7_seed20261007,multi_average,,100,2631.015589070007,Cheryl,isaacus/legal-rag-bench,3a3565bc5429f6cead90548e81f87352b449927e4be1cdd804c28d766bb9c246,e3b869a4e293d081ec5f5b39c2058c8d27b36f611aa9f8275eb1877a7c8b38b0,exploratory previously inspected 100 questions,not_evaluated
5,100,0.04,0.2,0.2,0.10566666666666666,0.12912920121762858,evidence_passage_len96_t0.7_seed20261007__multi_average,evidence_passage_len96_t0.7_seed20261007,multi_average,,100,2631.015589070007,Cheryl,isaacus/legal-rag-bench,3a3565bc5429f6cead90548e81f87352b449927e4be1cdd804c28d766bb9c246,e3b869a4e293d081ec5f5b39c2058c8d27b36f611aa9f8275eb1877a7c8b38b0,exploratory previously inspected 100 questions,not_evaluated
10,100,0.025,0.25,0.25,0.11187301587301586,0.14481620290503971,evidence_passage_len96_t0.7_seed20261007__multi_average,evidence_passage_len96_t0.7_seed20261007,multi_average,,100,2631.015589070007,Cheryl,isaacus/legal-rag-bench,3a3565bc5429f6cead90548e81f87352b449927e4be1cdd804c28d766bb9c246,e3b869a4e293d081ec5f5b39c2058c8d27b36f611aa9f8275eb1877a7c8b38b0,exploratory previously inspected 100 questions,not_evaluated
1,100,0.18,0.18,0.18,0.18,0.18,evidence_passage_len96_t0.7_seed20261007__multi_average__hybrid_a0.25_d20,evidence_passage_len96_t0.7_seed20261007,multi_average_hybrid,0.25,20,2631.264563610008,Cheryl,isaacus/legal-rag-bench,3a3565bc5429f6cead90548e81f87352b449927e4be1cdd804c28d766bb9c246,e3b869a4e293d081ec5f5b39c2058c8d27b36f611aa9f8275eb1877a7c8b38b0,exploratory previously inspected 100 questions,not_evaluated
3,100,0.09666666666666666,0.29,0.29,0.22333333333333333,0.2402371901428583,evidence_passage_len96_t0.7_seed20261007__multi_average__hybrid_a0.25_d20,evidence_passage_len96_t0.7_seed20261007,multi_average_hybrid,0.25,20,2631.264563610008,Cheryl,isaacus/legal-rag-bench,3a3565bc5429f6cead90548e81f87352b449927e4be1cdd804c28d766bb9c246,e3b869a4e293d081ec5f5b39c2058c8d27b36f611aa9f8275eb1877a7c8b38b0,exploratory previously inspected 100 questions,not_evaluated
5,100,0.062,0.31,0.31,0.22783333333333336,0.24841248379593764,evidence_passage_len96_t0.7_seed20261007__multi_average__hybrid_a0.25_d20,evidence_passage_len96_t0.7_seed20261007,multi_average_hybrid,0.25,20,2631.264563610008,Cheryl,isaacus/legal-rag-bench,3a3565bc5429f6cead90548e81f87352b449927e4be1cdd804c28d766bb9c246,e3b869a4e293d081ec5f5b39c2058c8d27b36f611aa9f8275eb1877a7c8b38b0,exploratory previously inspected 100 questions,not_evaluated
10,100,0.037,0.37,0.37,0.2362857142857143,0.2682838532027324,evidence_passage_len96_t0.7_seed20261007__multi_average__hybrid_a0.25_d20,evidence_passage_len96_t0.7_seed20261007,multi_average_hybrid,0.25,20,2631.264563610008,Cheryl,isaacus/legal-rag-bench,3a3565bc5429f6cead90548e81f87352b449927e4be1cdd804c28d766bb9c246,e3b869a4e293d081ec5f5b39c2058c8d27b36f611aa9f8275eb1877a7c8b38b0,exploratory previously inspected 100 questions,not_evaluated
1,100,0.11,0.11,0.11,0.11,0.11,evidence_passage_len96_t0.7_seed20261007__multi_average__hybrid_a0.5_d20,evidence_passage_len96_t0.7_seed20261007,multi_average_hybrid,0.5,20,2631.264520780006,Cheryl,isaacus/legal-rag-bench,3a3565bc5429f6cead90548e81f87352b449927e4be1cdd804c28d766bb9c246,e3b869a4e293d081ec5f5b39c2058c8d27b36f611aa9f8275eb1877a7c8b38b0,exploratory previously inspected 100 questions,not_evaluated
3,100,0.08666666666666667,0.26,0.26,0.17166666666666663,0.19416508275000205,evidence_passage_len96_t0.7_seed20261007__multi_average__hybrid_a0.5_d20,evidence_passage_len96_t0.7_seed20261007,multi_average_hybrid,0.5,20,2631.264520780006,Cheryl,isaacus/legal-rag-bench,3a3565bc5429f6cead90548e81f87352b449927e4be1cdd804c28d766bb9c246,e3b869a4e293d081ec5f5b39c2058c8d27b36f611aa9f8275eb1877a7c8b38b0,exploratory previously inspected 100 questions,not_evaluated
5,100,0.06,0.3,0.3,0.18166666666666664,0.21139214507293777,evidence_passage_len96_t0.7_seed20261007__multi_average__hybrid_a0.5_d20,evidence_passage_len96_t0.7_seed20261007,multi_average_hybrid,0.5,20,2631.264520780006,Cheryl,isaacus/legal-rag-bench,3a3565bc5429f6cead90548e81f87352b449927e4be1cdd804c28d766bb9c246,e3b869a4e293d081ec5f5b39c2058c8d27b36f611aa9f8275eb1877a7c8b38b0,exploratory previously inspected 100 questions,not_evaluated
10,100,0.040999999999999995,0.41,0.41,0.1968253968253968,0.2474785171765005,evidence_passage_len96_t0.7_seed20261007__multi_average__hybrid_a0.5_d20,evidence_passage_len96_t0.7_seed20261007,multi_average_hybrid,0.5,20,2631.264520780006,Cheryl,isaacus/legal-rag-bench,3a3565bc5429f6cead90548e81f87352b449927e4be1cdd804c28d766bb9c246,e3b869a4e293d081ec5f5b39c2058c8d27b36f611aa9f8275eb1877a7c8b38b0,exploratory previously inspected 100 questions,not_evaluated
1,100,0.07,0.07,0.07,0.07,0.07,evidence_passage_len96_t0.7_seed20261007__multi_average__hybrid_a0.75_d20,evidence_passage_len96_t0.7_seed20261007,multi_average_hybrid,0.75,20,2631.268418490009,Cheryl,isaacus/legal-rag-bench,3a3565bc5429f6cead90548e81f87352b449927e4be1cdd804c28d766bb9c246,e3b869a4e293d081ec5f5b39c2058c8d27b36f611aa9f8275eb1877a7c8b38b0,exploratory previously inspected 100 questions,not_evaluated
3,100,0.05666666666666667,0.17,0.17,0.115,0.12916508275000205,evidence_passage_len96_t0.7_seed20261007__multi_average__hybrid_a0.75_d20,evidence_passage_len96_t0.7_seed20261007,multi_average_hybrid,0.75,20,2631.268418490009,Cheryl,isaacus/legal-rag-bench,3a3565bc5429f6cead90548e81f87352b449927e4be1cdd804c28d766bb9c246,e3b869a4e293d081ec5f5b39c2058c8d27b36f611aa9f8275eb1877a7c8b38b0,exploratory previously inspected 100 questions,not_evaluated
5,100,0.046,0.23,0.23,0.1295,0.15456743872601708,evidence_passage_len96_t0.7_seed20261007__multi_average__hybrid_a0.75_d20,evidence_passage_len96_t0.7_seed20261007,multi_average_hybrid,0.75,20,2631.268418490009,Cheryl,isaacus/legal-rag-bench,3a3565bc5429f6cead90548e81f87352b449927e4be1cdd804c28d766bb9c246,e3b869a4e293d081ec5f5b39c2058c8d27b36f611aa9f8275eb1877a7c8b38b0,exploratory previously inspected 100 questions,not_evaluated
10,100,0.027000000000000003,0.27,0.27,0.13491666666666668,0.16759345690066918,evidence_passage_len96_t0.7_seed20261007__multi_average__hybrid_a0.75_d20,evidence_passage_len96_t0.7_seed20261007,multi_average_hybrid,0.75,20,2631.268418490009,Cheryl,isaacus/legal-rag-bench,3a3565bc5429f6cead90548e81f87352b449927e4be1cdd804c28d766bb9c246,e3b869a4e293d081ec5f5b39c2058c8d27b36f611aa9f8275eb1877a7c8b38b0,exploratory previously inspected 100 questions,not_evaluated
1,100,0.15,0.15,0.15,0.15,0.15,evidence_passage_len96_t0.7_seed20261007__multi_average__hybrid_a0.25_d100,evidence_passage_len96_t0.7_seed20261007,multi_average_hybrid,0.25,100,2631.3380867000033,Cheryl,isaacus/legal-rag-bench,3a3565bc5429f6cead90548e81f87352b449927e4be1cdd804c28d766bb9c246,e3b869a4e293d081ec5f5b39c2058c8d27b36f611aa9f8275eb1877a7c8b38b0,exploratory previously inspected 100 questions,not_evaluated
3,100,0.09666666666666666,0.29,0.29,0.20666666666666664,0.22785578521428745,evidence_passage_len96_t0.7_seed20261007__multi_average__hybrid_a0.25_d100,evidence_passage_len96_t0.7_seed20261007,multi_average_hybrid,0.25,100,2631.3380867000033,Cheryl,isaacus/legal-rag-bench,3a3565bc5429f6cead90548e81f87352b449927e4be1cdd804c28d766bb9c246,e3b869a4e293d081ec5f5b39c2058c8d27b36f611aa9f8275eb1877a7c8b38b0,exploratory previously inspected 100 questions,not_evaluated
5,100,0.066,0.33,0.33,0.21666666666666665,0.24508284753722318,evidence_passage_len96_t0.7_seed20261007__multi_average__hybrid_a0.25_d100,evidence_passage_len96_t0.7_seed20261007,multi_average_hybrid,0.25,100,2631.3380867000033,Cheryl,isaacus/legal-rag-bench,3a3565bc5429f6cead90548e81f87352b449927e4be1cdd804c28d766bb9c246,e3b869a4e293d081ec5f5b39c2058c8d27b36f611aa9f8275eb1877a7c8b38b0,exploratory previously inspected 100 questions,not_evaluated
10,100,0.039,0.39,0.39,0.22517857142857142,0.2650042709162888,evidence_passage_len96_t0.7_seed20261007__multi_average__hybrid_a0.25_d100,evidence_passage_len96_t0.7_seed20261007,multi_average_hybrid,0.25,100,2631.3380867000033,Cheryl,isaacus/legal-rag-bench,3a3565bc5429f6cead90548e81f87352b449927e4be1cdd804c28d766bb9c246,e3b869a4e293d081ec5f5b39c2058c8d27b36f611aa9f8275eb1877a7c8b38b0,exploratory previously inspected 100 questions,not_evaluated
1,100,0.1,0.1,0.1,0.1,0.1,evidence_passage_len96_t0.7_seed20261007__multi_average__hybrid_a0.5_d100,evidence_passage_len96_t0.7_seed20261007,multi_average_hybrid,0.5,100,2631.357393820009,Cheryl,isaacus/legal-rag-bench,3a3565bc5429f6cead90548e81f87352b449927e4be1cdd804c28d766bb9c246,e3b869a4e293d081ec5f5b39c2058c8d27b36f611aa9f8275eb1877a7c8b38b0,exploratory previously inspected 100 questions,not_evaluated
3,100,0.08333333333333333,0.25,0.25,0.16166666666666665,0.18416508275000204,evidence_passage_len96_t0.7_seed20261007__multi_average__hybrid_a0.5_d100,evidence_passage_len96_t0.7_seed20261007,multi_average_hybrid,0.5,100,2631.357393820009,Cheryl,isaacus/legal-rag-bench,3a3565bc5429f6cead90548e81f87352b449927e4be1cdd804c28d766bb9c246,e3b869a4e293d081ec5f5b39c2058c8d27b36f611aa9f8275eb1877a7c8b38b0,exploratory previously inspected 100 questions,not_evaluated
5,100,0.06,0.3,0.3,0.17366666666666666,0.20526067314528318,evidence_passage_len96_t0.7_seed20261007__multi_average__hybrid_a0.5_d100,evidence_passage_len96_t0.7_seed20261007,multi_average_hybrid,0.5,100,2631.357393820009,Cheryl,isaacus/legal-rag-bench,3a3565bc5429f6cead90548e81f87352b449927e4be1cdd804c28d766bb9c246,e3b869a4e293d081ec5f5b39c2058c8d27b36f611aa9f8275eb1877a7c8b38b0,exploratory previously inspected 100 questions,not_evaluated
10,100,0.038,0.38,0.38,0.18415079365079362,0.23093869593295005,evidence_passage_len96_t0.7_seed20261007__multi_average__hybrid_a0.5_d100,evidence_passage_len96_t0.7_seed20261007,multi_average_hybrid,0.5,100,2631.357393820009,Cheryl,isaacus/legal-rag-bench,3a3565bc5429f6cead90548e81f87352b449927e4be1cdd804c28d766bb9c246,e3b869a4e293d081ec5f5b39c2058c8d27b36f611aa9f8275eb1877a7c8b38b0,exploratory previously inspected 100 questions,not_evaluated
1,100,0.07,0.07,0.07,0.07,0.07,evidence_passage_len96_t0.7_seed20261007__multi_average__hybrid_a0.75_d100,evidence_passage_len96_t0.7_seed20261007,multi_average_hybrid,0.75,100,2631.3535345600085,Cheryl,isaacus/legal-rag-bench,3a3565bc5429f6cead90548e81f87352b449927e4be1cdd804c28d766bb9c246,e3b869a4e293d081ec5f5b39c2058c8d27b36f611aa9f8275eb1877a7c8b38b0,exploratory previously inspected 100 questions,not_evaluated
3,100,0.06,0.18,0.18,0.11833333333333332,0.13416508275000205,evidence_passage_len96_t0.7_seed20261007__multi_average__hybrid_a0.75_d100,evidence_passage_len96_t0.7_seed20261007,multi_average_hybrid,0.75,100,2631.3535345600085,Cheryl,isaacus/legal-rag-bench,3a3565bc5429f6cead90548e81f87352b449927e4be1cdd804c28d766bb9c246,e3b869a4e293d081ec5f5b39c2058c8d27b36f611aa9f8275eb1877a7c8b38b0,exploratory previously inspected 100 questions,not_evaluated
5,100,0.041999999999999996,0.21,0.21,0.12583333333333332,0.14708537949220382,evidence_passage_len96_t0.7_seed20261007__multi_average__hybrid_a0.75_d100,evidence_passage_len96_t0.7_seed20261007,multi_average_hybrid,0.75,100,2631.3535345600085,Cheryl,isaacus/legal-rag-bench,3a3565bc5429f6cead90548e81f87352b449927e4be1cdd804c28d766bb9c246,e3b869a4e293d081ec5f5b39c2058c8d27b36f611aa9f8275eb1877a7c8b38b0,exploratory previously inspected 100 questions,not_evaluated
10,100,0.028000000000000004,0.28,0.28,0.13428968253968254,0.1688176782106511,evidence_passage_len96_t0.7_seed20261007__multi_average__hybrid_a0.75_d100,evidence_passage_len96_t0.7_seed20261007,multi_average_hybrid,0.75,100,2631.3535345600085,Cheryl,isaacus/legal-rag-bench,3a3565bc5429f6cead90548e81f87352b449927e4be1cdd804c28d766bb9c246,e3b869a4e293d081ec5f5b39c2058c8d27b36f611aa9f8275eb1877a7c8b38b0,exploratory previously inspected 100 questions,not_evaluated
1,100,0.05,0.05,0.05,0.05,0.05,evidence_passage_len96_t0.7_seed20261007__multi_rrf,evidence_passage_len96_t0.7_seed20261007,multi_rrf,,100,2631.015589070007,Cheryl,isaacus/legal-rag-bench,3a3565bc5429f6cead90548e81f87352b449927e4be1cdd804c28d766bb9c246,e3b869a4e293d081ec5f5b39c2058c8d27b36f611aa9f8275eb1877a7c8b38b0,exploratory previously inspected 100 questions,not_evaluated
3,100,0.04,0.12,0.12,0.08166666666666667,0.09154648767857289,evidence_passage_len96_t0.7_seed20261007__multi_rrf,evidence_passage_len96_t0.7_seed20261007,multi_rrf,,100,2631.015589070007,Cheryl,isaacus/legal-rag-bench,3a3565bc5429f6cead90548e81f87352b449927e4be1cdd804c28d766bb9c246,e3b869a4e293d081ec5f5b39c2058c8d27b36f611aa9f8275eb1877a7c8b38b0,exploratory previously inspected 100 questions,not_evaluated
5,100,0.036,0.18,0.18,0.09566666666666668,0.11651060614619943,evidence_passage_len96_t0.7_seed20261007__multi_rrf,evidence_passage_len96_t0.7_seed20261007,multi_rrf,,100,2631.015589070007,Cheryl,isaacus/legal-rag-bench,3a3565bc5429f6cead90548e81f87352b449927e4be1cdd804c28d766bb9c246,e3b869a4e293d081ec5f5b39c2058c8d27b36f611aa9f8275eb1877a7c8b38b0,exploratory previously inspected 100 questions,not_evaluated
10,100,0.024,0.24,0.24,0.1030952380952381,0.1353275594837113,evidence_passage_len96_t0.7_seed20261007__multi_rrf,evidence_passage_len96_t0.7_seed20261007,multi_rrf,,100,2631.015589070007,Cheryl,isaacus/legal-rag-bench,3a3565bc5429f6cead90548e81f87352b449927e4be1cdd804c28d766bb9c246,e3b869a4e293d081ec5f5b39c2058c8d27b36f611aa9f8275eb1877a7c8b38b0,exploratory previously inspected 100 questions,not_evaluated
1,100,0.17,0.17,0.17,0.17,0.17,evidence_passage_len96_t0.7_seed20261007__multi_rrf__hybrid_a0.25_d20,evidence_passage_len96_t0.7_seed20261007,multi_rrf_hybrid,0.25,20,2631.2633338500073,Cheryl,isaacus/legal-rag-bench,3a3565bc5429f6cead90548e81f87352b449927e4be1cdd804c28d766bb9c246,e3b869a4e293d081ec5f5b39c2058c8d27b36f611aa9f8275eb1877a7c8b38b0,exploratory previously inspected 100 questions,not_evaluated
3,100,0.09333333333333334,0.28,0.28,0.21833333333333332,0.23416508275000203,evidence_passage_len96_t0.7_seed20261007__multi_rrf__hybrid_a0.25_d20,evidence_passage_len96_t0.7_seed20261007,multi_rrf_hybrid,0.25,20,2631.2633338500073,Cheryl,isaacus/legal-rag-bench,3a3565bc5429f6cead90548e81f87352b449927e4be1cdd804c28d766bb9c246,e3b869a4e293d081ec5f5b39c2058c8d27b36f611aa9f8275eb1877a7c8b38b0,exploratory previously inspected 100 questions,not_evaluated
5,100,0.064,0.32,0.32,0.22683333333333333,0.25007743254777226,evidence_passage_len96_t0.7_seed20261007__multi_rrf__hybrid_a0.25_d20,evidence_passage_len96_t0.7_seed20261007,multi_rrf_hybrid,0.25,20,2631.2633338500073,Cheryl,isaacus/legal-rag-bench,3a3565bc5429f6cead90548e81f87352b449927e4be1cdd804c28d766bb9c246,e3b869a4e293d081ec5f5b39c2058c8d27b36f611aa9f8275eb1877a7c8b38b0,exploratory previously inspected 100 questions,not_evaluated
10,100,0.039,0.39,0.39,0.23639682539682536,0.2729591019112068,evidence_passage_len96_t0.7_seed20261007__multi_rrf__hybrid_a0.25_d20,evidence_passage_len96_t0.7_seed20261007,multi_rrf_hybrid,0.25,20,2631.2633338500073,Cheryl,isaacus/legal-rag-bench,3a3565bc5429f6cead90548e81f87352b449927e4be1cdd804c28d766bb9c246,e3b869a4e293d081ec5f5b39c2058c8d27b36f611aa9f8275eb1877a7c8b38b0,exploratory previously inspected 100 questions,not_evaluated
1,100,0.13,0.13,0.13,0.13,0.13,evidence_passage_len96_t0.7_seed20261007__multi_rrf__hybrid_a0.5_d20,evidence_passage_len96_t0.7_seed20261007,multi_rrf_hybrid,0.5,20,2631.280264880007,Cheryl,isaacus/legal-rag-bench,3a3565bc5429f6cead90548e81f87352b449927e4be1cdd804c28d766bb9c246,e3b869a4e293d081ec5f5b39c2058c8d27b36f611aa9f8275eb1877a7c8b38b0,exploratory previously inspected 100 questions,not_evaluated
3,100,0.09000000000000001,0.27,0.27,0.18666666666666665,0.20785578521428746,evidence_passage_len96_t0.7_seed20261007__multi_rrf__hybrid_a0.5_d20,evidence_passage_len96_t0.7_seed20261007,multi_rrf_hybrid,0.5,20,2631.280264880007,Cheryl,isaacus/legal-rag-bench,3a3565bc5429f6cead90548e81f87352b449927e4be1cdd804c28d766bb9c246,e3b869a4e293d081ec5f5b39c2058c8d27b36f611aa9f8275eb1877a7c8b38b0,exploratory previously inspected 100 questions,not_evaluated
5,100,0.068,0.34,0.34,0.20216666666666666,0.2362501942458709,evidence_passage_len96_t0.7_seed20261007__multi_rrf__hybrid_a0.5_d20,evidence_passage_len96_t0.7_seed20261007,multi_rrf_hybrid,0.5,20,2631.280264880007,Cheryl,isaacus/legal-rag-bench,3a3565bc5429f6cead90548e81f87352b449927e4be1cdd804c28d766bb9c246,e3b869a4e293d081ec5f5b39c2058c8d27b36f611aa9f8275eb1877a7c8b38b0,exploratory previously inspected 100 questions,not_evaluated
10,100,0.041999999999999996,0.42,0.42,0.21256349206349207,0.2618790892739399,evidence_passage_len96_t0.7_seed20261007__multi_rrf__hybrid_a0.5_d20,evidence_passage_len96_t0.7_seed20261007,multi_rrf_hybrid,0.5,20,2631.280264880007,Cheryl,isaacus/legal-rag-bench,3a3565bc5429f6cead90548e81f87352b449927e4be1cdd804c28d766bb9c246,e3b869a4e293d081ec5f5b39c2058c8d27b36f611aa9f8275eb1877a7c8b38b0,exploratory previously inspected 100 questions,not_evaluated
1,100,0.08,0.08,0.08,0.08,0.08,evidence_passage_len96_t0.7_seed20261007__multi_rrf__hybrid_a0.75_d20,evidence_passage_len96_t0.7_seed20261007,multi_rrf_hybrid,0.75,20,2631.265894030008,Cheryl,isaacus/legal-rag-bench,3a3565bc5429f6cead90548e81f87352b449927e4be1cdd804c28d766bb9c246,e3b869a4e293d081ec5f5b39c2058c8d27b36f611aa9f8275eb1877a7c8b38b0,exploratory previously inspected 100 questions,not_evaluated
3,100,0.05333333333333334,0.16,0.16,0.115,0.12654648767857288,evidence_passage_len96_t0.7_seed20261007__multi_rrf__hybrid_a0.75_d20,evidence_passage_len96_t0.7_seed20261007,multi_rrf_hybrid,0.75,20,2631.265894030008,Cheryl,isaacus/legal-rag-bench,3a3565bc5429f6cead90548e81f87352b449927e4be1cdd804c28d766bb9c246,e3b869a4e293d081ec5f5b39c2058c8d27b36f611aa9f8275eb1877a7c8b38b0,exploratory previously inspected 100 questions,not_evaluated
5,100,0.046,0.23,0.23,0.132,0.1562556092353219,evidence_passage_len96_t0.7_seed20261007__multi_rrf__hybrid_a0.75_d20,evidence_passage_len96_t0.7_seed20261007,multi_rrf_hybrid,0.75,20,2631.265894030008,Cheryl,isaacus/legal-rag-bench,3a3565bc5429f6cead90548e81f87352b449927e4be1cdd804c28d766bb9c246,e3b869a4e293d081ec5f5b39c2058c8d27b36f611aa9f8275eb1877a7c8b38b0,exploratory previously inspected 100 questions,not_evaluated
10,100,0.028000000000000004,0.28,0.28,0.138984126984127,0.17273368622409527,evidence_passage_len96_t0.7_seed20261007__multi_rrf__hybrid_a0.75_d20,evidence_passage_len96_t0.7_seed20261007,multi_rrf_hybrid,0.75,20,2631.265894030008,Cheryl,isaacus/legal-rag-bench,3a3565bc5429f6cead90548e81f87352b449927e4be1cdd804c28d766bb9c246,e3b869a4e293d081ec5f5b39c2058c8d27b36f611aa9f8275eb1877a7c8b38b0,exploratory previously inspected 100 questions,not_evaluated
1,100,0.15,0.15,0.15,0.15,0.15,evidence_passage_len96_t0.7_seed20261007__multi_rrf__hybrid_a0.25_d100,evidence_passage_len96_t0.7_seed20261007,multi_rrf_hybrid,0.25,100,2631.3561572000035,Cheryl,isaacus/legal-rag-bench,3a3565bc5429f6cead90548e81f87352b449927e4be1cdd804c28d766bb9c246,e3b869a4e293d081ec5f5b39c2058c8d27b36f611aa9f8275eb1877a7c8b38b0,exploratory previously inspected 100 questions,not_evaluated
3,100,0.08666666666666667,0.26,0.26,0.19333333333333333,0.2102371901428583,evidence_passage_len96_t0.7_seed20261007__multi_rrf__hybrid_a0.25_d100,evidence_passage_len96_t0.7_seed20261007,multi_rrf_hybrid,0.25,100,2631.3561572000035,Cheryl,isaacus/legal-rag-bench,3a3565bc5429f6cead90548e81f87352b449927e4be1cdd804c28d766bb9c246,e3b869a4e293d081ec5f5b39c2058c8d27b36f611aa9f8275eb1877a7c8b38b0,exploratory previously inspected 100 questions,not_evaluated
5,100,0.066,0.33,0.33,0.2093333333333333,0.23906983668283024,evidence_passage_len96_t0.7_seed20261007__multi_rrf__hybrid_a0.25_d100,evidence_passage_len96_t0.7_seed20261007,multi_rrf_hybrid,0.25,100,2631.3561572000035,Cheryl,isaacus/legal-rag-bench,3a3565bc5429f6cead90548e81f87352b449927e4be1cdd804c28d766bb9c246,e3b869a4e293d081ec5f5b39c2058c8d27b36f611aa9f8275eb1877a7c8b38b0,exploratory previously inspected 100 questions,not_evaluated
10,100,0.04,0.4,0.4,0.21901190476190474,0.26202533092361935,evidence_passage_len96_t0.7_seed20261007__multi_rrf__hybrid_a0.25_d100,evidence_passage_len96_t0.7_seed20261007,multi_rrf_hybrid,0.25,100,2631.3561572000035,Cheryl,isaacus/legal-rag-bench,3a3565bc5429f6cead90548e81f87352b449927e4be1cdd804c28d766bb9c246,e3b869a4e293d081ec5f5b39c2058c8d27b36f611aa9f8275eb1877a7c8b38b0,exploratory previously inspected 100 questions,not_evaluated
1,100,0.12,0.12,0.12,0.12,0.12,evidence_passage_len96_t0.7_seed20261007__multi_rrf__hybrid_a0.5_d100,evidence_passage_len96_t0.7_seed20261007,multi_rrf_hybrid,0.5,100,2631.342807040006,Cheryl,isaacus/legal-rag-bench,3a3565bc5429f6cead90548e81f87352b449927e4be1cdd804c28d766bb9c246,e3b869a4e293d081ec5f5b39c2058c8d27b36f611aa9f8275eb1877a7c8b38b0,exploratory previously inspected 100 questions,not_evaluated
3,100,0.07333333333333333,0.22,0.22,0.15833333333333333,0.17392789260714372,evidence_passage_len96_t0.7_seed20261007__multi_rrf__hybrid_a0.5_d100,evidence_passage_len96_t0.7_seed20261007,multi_rrf_hybrid,0.5,100,2631.342807040006,Cheryl,isaacus/legal-rag-bench,3a3565bc5429f6cead90548e81f87352b449927e4be1cdd804c28d766bb9c246,e3b869a4e293d081ec5f5b39c2058c8d27b36f611aa9f8275eb1877a7c8b38b0,exploratory previously inspected 100 questions,not_evaluated
5,100,0.052000000000000005,0.26,0.26,0.16733333333333333,0.1902784799133024,evidence_passage_len96_t0.7_seed20261007__multi_rrf__hybrid_a0.5_d100,evidence_passage_len96_t0.7_seed20261007,multi_rrf_hybrid,0.5,100,2631.342807040006,Cheryl,isaacus/legal-rag-bench,3a3565bc5429f6cead90548e81f87352b449927e4be1cdd804c28d766bb9c246,e3b869a4e293d081ec5f5b39c2058c8d27b36f611aa9f8275eb1877a7c8b38b0,exploratory previously inspected 100 questions,not_evaluated
10,100,0.036,0.36,0.36,0.1798690476190476,0.2218073969485171,evidence_passage_len96_t0.7_seed20261007__multi_rrf__hybrid_a0.5_d100,evidence_passage_len96_t0.7_seed20261007,multi_rrf_hybrid,0.5,100,2631.342807040006,Cheryl,isaacus/legal-rag-bench,3a3565bc5429f6cead90548e81f87352b449927e4be1cdd804c28d766bb9c246,e3b869a4e293d081ec5f5b39c2058c8d27b36f611aa9f8275eb1877a7c8b38b0,exploratory previously inspected 100 questions,not_evaluated
1,100,0.08,0.08,0.08,0.08,0.08,evidence_passage_len96_t0.7_seed20261007__multi_rrf__hybrid_a0.75_d100,evidence_passage_len96_t0.7_seed20261007,multi_rrf_hybrid,0.75,100,2631.383372310007,Cheryl,isaacus/legal-rag-bench,3a3565bc5429f6cead90548e81f87352b449927e4be1cdd804c28d766bb9c246,e3b869a4e293d081ec5f5b39c2058c8d27b36f611aa9f8275eb1877a7c8b38b0,exploratory previously inspected 100 questions,not_evaluated
3,100,0.05333333333333334,0.16,0.16,0.115,0.12654648767857288,evidence_passage_len96_t0.7_seed20261007__multi_rrf__hybrid_a0.75_d100,evidence_passage_len96_t0.7_seed20261007,multi_rrf_hybrid,0.75,100,2631.383372310007,Cheryl,isaacus/legal-rag-bench,3a3565bc5429f6cead90548e81f87352b449927e4be1cdd804c28d766bb9c246,e3b869a4e293d081ec5f5b39c2058c8d27b36f611aa9f8275eb1877a7c8b38b0,exploratory previously inspected 100 questions,not_evaluated
5,100,0.046,0.23,0.23,0.131,0.15537913421854485,evidence_passage_len96_t0.7_seed20261007__multi_rrf__hybrid_a0.75_d100,evidence_passage_len96_t0.7_seed20261007,multi_rrf_hybrid,0.75,100,2631.383372310007,Cheryl,isaacus/legal-rag-bench,3a3565bc5429f6cead90548e81f87352b449927e4be1cdd804c28d766bb9c246,e3b869a4e293d081ec5f5b39c2058c8d27b36f611aa9f8275eb1877a7c8b38b0,exploratory previously inspected 100 questions,not_evaluated
10,100,0.028000000000000004,0.28,0.28,0.1384404761904762,0.1723245933952292,evidence_passage_len96_t0.7_seed20261007__multi_rrf__hybrid_a0.75_d100,evidence_passage_len96_t0.7_seed20261007,multi_rrf_hybrid,0.75,100,2631.383372310007,Cheryl,isaacus/legal-rag-bench,3a3565bc5429f6cead90548e81f87352b449927e4be1cdd804c28d766bb9c246,e3b869a4e293d081ec5f5b39c2058c8d27b36f611aa9f8275eb1877a7c8b38b0,exploratory previously inspected 100 questions,not_evaluated
1,100,0.07,0.07,0.07,0.07,0.07,evidence_passage_len96_t0.7_seed20261008__hyde_single,evidence_passage_len96_t0.7_seed20261008,hyde_single,,100,1664.8753632600012,Cheryl,isaacus/legal-rag-bench,3a3565bc5429f6cead90548e81f87352b449927e4be1cdd804c28d766bb9c246,e3b869a4e293d081ec5f5b39c2058c8d27b36f611aa9f8275eb1877a7c8b38b0,exploratory previously inspected 100 questions,not_evaluated
3,100,0.03333333333333333,0.1,0.1,0.08333333333333331,0.08761859507142916,evidence_passage_len96_t0.7_seed20261008__hyde_single,evidence_passage_len96_t0.7_seed20261008,hyde_single,,100,1664.8753632600012,Cheryl,isaacus/legal-rag-bench,3a3565bc5429f6cead90548e81f87352b449927e4be1cdd804c28d766bb9c246,e3b869a4e293d081ec5f5b39c2058c8d27b36f611aa9f8275eb1877a7c8b38b0,exploratory previously inspected 100 questions,not_evaluated
5,100,0.022,0.11,0.11,0.08583333333333332,0.0919253606521631,evidence_passage_len96_t0.7_seed20261008__hyde_single,evidence_passage_len96_t0.7_seed20261008,hyde_single,,100,1664.8753632600012,Cheryl,isaacus/legal-rag-bench,3a3565bc5429f6cead90548e81f87352b449927e4be1cdd804c28d766bb9c246,e3b869a4e293d081ec5f5b39c2058c8d27b36f611aa9f8275eb1877a7c8b38b0,exploratory previously inspected 100 questions,not_evaluated
10,100,0.02,0.2,0.2,0.09787301587301588,0.12104580361744922,evidence_passage_len96_t0.7_seed20261008__hyde_single,evidence_passage_len96_t0.7_seed20261008,hyde_single,,100,1664.8753632600012,Cheryl,isaacus/legal-rag-bench,3a3565bc5429f6cead90548e81f87352b449927e4be1cdd804c28d766bb9c246,e3b869a4e293d081ec5f5b39c2058c8d27b36f611aa9f8275eb1877a7c8b38b0,exploratory previously inspected 100 questions,not_evaluated
1,100,0.17,0.17,0.17,0.17,0.17,evidence_passage_len96_t0.7_seed20261008__hyde_single__hybrid_a0.25_d20,evidence_passage_len96_t0.7_seed20261008,hyde_single_hybrid,0.25,20,1665.1259440500048,Cheryl,isaacus/legal-rag-bench,3a3565bc5429f6cead90548e81f87352b449927e4be1cdd804c28d766bb9c246,e3b869a4e293d081ec5f5b39c2058c8d27b36f611aa9f8275eb1877a7c8b38b0,exploratory previously inspected 100 questions,not_evaluated
3,100,0.08333333333333333,0.25,0.25,0.205,0.21654648767857287,evidence_passage_len96_t0.7_seed20261008__hyde_single__hybrid_a0.25_d20,evidence_passage_len96_t0.7_seed20261008,hyde_single_hybrid,0.25,20,1665.1259440500048,Cheryl,isaacus/legal-rag-bench,3a3565bc5429f6cead90548e81f87352b449927e4be1cdd804c28d766bb9c246,e3b869a4e293d081ec5f5b39c2058c8d27b36f611aa9f8275eb1877a7c8b38b0,exploratory previously inspected 100 questions,not_evaluated
5,100,0.06,0.3,0.3,0.2155,0.2363273655486885,evidence_passage_len96_t0.7_seed20261008__hyde_single__hybrid_a0.25_d20,evidence_passage_len96_t0.7_seed20261008,hyde_single_hybrid,0.25,20,1665.1259440500048,Cheryl,isaacus/legal-rag-bench,3a3565bc5429f6cead90548e81f87352b449927e4be1cdd804c28d766bb9c246,e3b869a4e293d081ec5f5b39c2058c8d27b36f611aa9f8275eb1877a7c8b38b0,exploratory previously inspected 100 questions,not_evaluated
10,100,0.037,0.37,0.37,0.22420634920634921,0.2583236647718142,evidence_passage_len96_t0.7_seed20261008__hyde_single__hybrid_a0.25_d20,evidence_passage_len96_t0.7_seed20261008,hyde_single_hybrid,0.25,20,1665.1259440500048,Cheryl,isaacus/legal-rag-bench,3a3565bc5429f6cead90548e81f87352b449927e4be1cdd804c28d766bb9c246,e3b869a4e293d081ec5f5b39c2058c8d27b36f611aa9f8275eb1877a7c8b38b0,exploratory previously inspected 100 questions,not_evaluated
1,100,0.11,0.11,0.11,0.11,0.11,evidence_passage_len96_t0.7_seed20261008__hyde_single__hybrid_a0.5_d20,evidence_passage_len96_t0.7_seed20261008,hyde_single_hybrid,0.5,20,1665.1284423900001,Cheryl,isaacus/legal-rag-bench,3a3565bc5429f6cead90548e81f87352b449927e4be1cdd804c28d766bb9c246,e3b869a4e293d081ec5f5b39c2058c8d27b36f611aa9f8275eb1877a7c8b38b0,exploratory previously inspected 100 questions,not_evaluated
3,100,0.08333333333333333,0.25,0.25,0.17,0.19047438028571662,evidence_passage_len96_t0.7_seed20261008__hyde_single__hybrid_a0.5_d20,evidence_passage_len96_t0.7_seed20261008,hyde_single_hybrid,0.5,20,1665.1284423900001,Cheryl,isaacus/legal-rag-bench,3a3565bc5429f6cead90548e81f87352b449927e4be1cdd804c28d766bb9c246,e3b869a4e293d081ec5f5b39c2058c8d27b36f611aa9f8275eb1877a7c8b38b0,exploratory previously inspected 100 questions,not_evaluated
5,100,0.057999999999999996,0.29,0.29,0.179,0.2068249675918753,evidence_passage_len96_t0.7_seed20261008__hyde_single__hybrid_a0.5_d20,evidence_passage_len96_t0.7_seed20261008,hyde_single_hybrid,0.5,20,1665.1284423900001,Cheryl,isaacus/legal-rag-bench,3a3565bc5429f6cead90548e81f87352b449927e4be1cdd804c28d766bb9c246,e3b869a4e293d081ec5f5b39c2058c8d27b36f611aa9f8275eb1877a7c8b38b0,exploratory previously inspected 100 questions,not_evaluated
10,100,0.037,0.37,0.37,0.1898333333333333,0.23285138061074995,evidence_passage_len96_t0.7_seed20261008__hyde_single__hybrid_a0.5_d20,evidence_passage_len96_t0.7_seed20261008,hyde_single_hybrid,0.5,20,1665.1284423900001,Cheryl,isaacus/legal-rag-bench,3a3565bc5429f6cead90548e81f87352b449927e4be1cdd804c28d766bb9c246,e3b869a4e293d081ec5f5b39c2058c8d27b36f611aa9f8275eb1877a7c8b38b0,exploratory previously inspected 100 questions,not_evaluated
1,100,0.07,0.07,0.07,0.07,0.07,evidence_passage_len96_t0.7_seed20261008__hyde_single__hybrid_a0.75_d20,evidence_passage_len96_t0.7_seed20261008,hyde_single_hybrid,0.75,20,1665.1251606200044,Cheryl,isaacus/legal-rag-bench,3a3565bc5429f6cead90548e81f87352b449927e4be1cdd804c28d766bb9c246,e3b869a4e293d081ec5f5b39c2058c8d27b36f611aa9f8275eb1877a7c8b38b0,exploratory previously inspected 100 questions,not_evaluated
3,100,0.04666666666666667,0.14,0.14,0.10166666666666666,0.11154648767857289,evidence_passage_len96_t0.7_seed20261008__hyde_single__hybrid_a0.75_d20,evidence_passage_len96_t0.7_seed20261008,hyde_single_hybrid,0.75,20,1665.1251606200044,Cheryl,isaacus/legal-rag-bench,3a3565bc5429f6cead90548e81f87352b449927e4be1cdd804c28d766bb9c246,e3b869a4e293d081ec5f5b39c2058c8d27b36f611aa9f8275eb1877a7c8b38b0,exploratory previously inspected 100 questions,not_evaluated
5,100,0.034,0.17,0.17,0.10816666666666666,0.12359030940399766,evidence_passage_len96_t0.7_seed20261008__hyde_single__hybrid_a0.75_d20,evidence_passage_len96_t0.7_seed20261008,hyde_single_hybrid,0.75,20,1665.1251606200044,Cheryl,isaacus/legal-rag-bench,3a3565bc5429f6cead90548e81f87352b449927e4be1cdd804c28d766bb9c246,e3b869a4e293d081ec5f5b39c2058c8d27b36f611aa9f8275eb1877a7c8b38b0,exploratory previously inspected 100 questions,not_evaluated
10,100,0.020999999999999998,0.21,0.21,0.11394047619047619,0.13697369670960183,evidence_passage_len96_t0.7_seed20261008__hyde_single__hybrid_a0.75_d20,evidence_passage_len96_t0.7_seed20261008,hyde_single_hybrid,0.75,20,1665.1251606200044,Cheryl,isaacus/legal-rag-bench,3a3565bc5429f6cead90548e81f87352b449927e4be1cdd804c28d766bb9c246,e3b869a4e293d081ec5f5b39c2058c8d27b36f611aa9f8275eb1877a7c8b38b0,exploratory previously inspected 100 questions,not_evaluated
1,100,0.14,0.14,0.14,0.14,0.14,evidence_passage_len96_t0.7_seed20261008__hyde_single__hybrid_a0.25_d100,evidence_passage_len96_t0.7_seed20261008,hyde_single_hybrid,0.25,100,1665.308072430002,Cheryl,isaacus/legal-rag-bench,3a3565bc5429f6cead90548e81f87352b449927e4be1cdd804c28d766bb9c246,e3b869a4e293d081ec5f5b39c2058c8d27b36f611aa9f8275eb1877a7c8b38b0,exploratory previously inspected 100 questions,not_evaluated
3,100,0.08333333333333333,0.25,0.25,0.18833333333333332,0.20416508275000203,evidence_passage_len96_t0.7_seed20261008__hyde_single__hybrid_a0.25_d100,evidence_passage_len96_t0.7_seed20261008,hyde_single_hybrid,0.25,100,1665.308072430002,Cheryl,isaacus/legal-rag-bench,3a3565bc5429f6cead90548e81f87352b449927e4be1cdd804c28d766bb9c246,e3b869a4e293d081ec5f5b39c2058c8d27b36f611aa9f8275eb1877a7c8b38b0,exploratory previously inspected 100 questions,not_evaluated
5,100,0.06,0.3,0.3,0.19983333333333334,0.22482243563689466,evidence_passage_len96_t0.7_seed20261008__hyde_single__hybrid_a0.25_d100,evidence_passage_len96_t0.7_seed20261008,hyde_single_hybrid,0.25,100,1665.308072430002,Cheryl,isaacus/legal-rag-bench,3a3565bc5429f6cead90548e81f87352b449927e4be1cdd804c28d766bb9c246,e3b869a4e293d081ec5f5b39c2058c8d27b36f611aa9f8275eb1877a7c8b38b0,exploratory previously inspected 100 questions,not_evaluated
10,100,0.039,0.39,0.39,0.21153571428571424,0.2536297503379045,evidence_passage_len96_t0.7_seed20261008__hyde_single__hybrid_a0.25_d100,evidence_passage_len96_t0.7_seed20261008,hyde_single_hybrid,0.25,100,1665.308072430002,Cheryl,isaacus/legal-rag-bench,3a3565bc5429f6cead90548e81f87352b449927e4be1cdd804c28d766bb9c246,e3b869a4e293d081ec5f5b39c2058c8d27b36f611aa9f8275eb1877a7c8b38b0,exploratory previously inspected 100 questions,not_evaluated
1,100,0.1,0.1,0.1,0.1,0.1,evidence_passage_len96_t0.7_seed20261008__hyde_single__hybrid_a0.5_d100,evidence_passage_len96_t0.7_seed20261008,hyde_single_hybrid,0.5,100,1665.2101008099994,Cheryl,isaacus/legal-rag-bench,3a3565bc5429f6cead90548e81f87352b449927e4be1cdd804c28d766bb9c246,e3b869a4e293d081ec5f5b39c2058c8d27b36f611aa9f8275eb1877a7c8b38b0,exploratory previously inspected 100 questions,not_evaluated
3,100,0.06333333333333334,0.19,0.19,0.1383333333333333,0.1515464876785729,evidence_passage_len96_t0.7_seed20261008__hyde_single__hybrid_a0.5_d100,evidence_passage_len96_t0.7_seed20261008,hyde_single_hybrid,0.5,100,1665.2101008099994,Cheryl,isaacus/legal-rag-bench,3a3565bc5429f6cead90548e81f87352b449927e4be1cdd804c28d766bb9c246,e3b869a4e293d081ec5f5b39c2058c8d27b36f611aa9f8275eb1877a7c8b38b0,exploratory previously inspected 100 questions,not_evaluated
5,100,0.044,0.22,0.22,0.14533333333333331,0.16402854691238616,evidence_passage_len96_t0.7_seed20261008__hyde_single__hybrid_a0.5_d100,evidence_passage_len96_t0.7_seed20261008,hyde_single_hybrid,0.5,100,1665.2101008099994,Cheryl,isaacus/legal-rag-bench,3a3565bc5429f6cead90548e81f87352b449927e4be1cdd804c28d766bb9c246,e3b869a4e293d081ec5f5b39c2058c8d27b36f611aa9f8275eb1877a7c8b38b0,exploratory previously inspected 100 questions,not_evaluated
10,100,0.037,0.37,0.37,0.16665873015873017,0.21383520549091298,evidence_passage_len96_t0.7_seed20261008__hyde_single__hybrid_a0.5_d100,evidence_passage_len96_t0.7_seed20261008,hyde_single_hybrid,0.5,100,1665.2101008099994,Cheryl,isaacus/legal-rag-bench,3a3565bc5429f6cead90548e81f87352b449927e4be1cdd804c28d766bb9c246,e3b869a4e293d081ec5f5b39c2058c8d27b36f611aa9f8275eb1877a7c8b38b0,exploratory previously inspected 100 questions,not_evaluated
1,100,0.06,0.06,0.06,0.06,0.06,evidence_passage_len96_t0.7_seed20261008__hyde_single__hybrid_a0.75_d100,evidence_passage_len96_t0.7_seed20261008,hyde_single_hybrid,0.75,100,1665.19997156,Cheryl,isaacus/legal-rag-bench,3a3565bc5429f6cead90548e81f87352b449927e4be1cdd804c28d766bb9c246,e3b869a4e293d081ec5f5b39c2058c8d27b36f611aa9f8275eb1877a7c8b38b0,exploratory previously inspected 100 questions,not_evaluated
3,100,0.043333333333333335,0.13,0.13,0.09166666666666666,0.10154648767857288,evidence_passage_len96_t0.7_seed20261008__hyde_single__hybrid_a0.75_d100,evidence_passage_len96_t0.7_seed20261008,hyde_single_hybrid,0.75,100,1665.19997156,Cheryl,isaacus/legal-rag-bench,3a3565bc5429f6cead90548e81f87352b449927e4be1cdd804c28d766bb9c246,e3b869a4e293d081ec5f5b39c2058c8d27b36f611aa9f8275eb1877a7c8b38b0,exploratory previously inspected 100 questions,not_evaluated
5,100,0.036,0.18,0.18,0.10366666666666667,0.12264207807385404,evidence_passage_len96_t0.7_seed20261008__hyde_single__hybrid_a0.75_d100,evidence_passage_len96_t0.7_seed20261008,hyde_single_hybrid,0.75,100,1665.19997156,Cheryl,isaacus/legal-rag-bench,3a3565bc5429f6cead90548e81f87352b449927e4be1cdd804c28d766bb9c246,e3b869a4e293d081ec5f5b39c2058c8d27b36f611aa9f8275eb1877a7c8b38b0,exploratory previously inspected 100 questions,not_evaluated
10,100,0.025,0.25,0.25,0.1138452380952381,0.1461255733239999,evidence_passage_len96_t0.7_seed20261008__hyde_single__hybrid_a0.75_d100,evidence_passage_len96_t0.7_seed20261008,hyde_single_hybrid,0.75,100,1665.19997156,Cheryl,isaacus/legal-rag-bench,3a3565bc5429f6cead90548e81f87352b449927e4be1cdd804c28d766bb9c246,e3b869a4e293d081ec5f5b39c2058c8d27b36f611aa9f8275eb1877a7c8b38b0,exploratory previously inspected 100 questions,not_evaluated
1,100,0.09,0.09,0.09,0.09,0.09,evidence_passage_len96_t0.7_seed20261008__question_plus_hyde,evidence_passage_len96_t0.7_seed20261008,question_plus_hyde,,100,1664.8753632600012,Cheryl,isaacus/legal-rag-bench,3a3565bc5429f6cead90548e81f87352b449927e4be1cdd804c28d766bb9c246,e3b869a4e293d081ec5f5b39c2058c8d27b36f611aa9f8275eb1877a7c8b38b0,exploratory previously inspected 100 questions,not_evaluated
3,100,0.06666666666666667,0.2,0.2,0.14,0.1554743802857166,evidence_passage_len96_t0.7_seed20261008__question_plus_hyde,evidence_passage_len96_t0.7_seed20261008,question_plus_hyde,,100,1664.8753632600012,Cheryl,isaacus/legal-rag-bench,3a3565bc5429f6cead90548e81f87352b449927e4be1cdd804c28d766bb9c246,e3b869a4e293d081ec5f5b39c2058c8d27b36f611aa9f8275eb1877a7c8b38b0,exploratory previously inspected 100 questions,not_evaluated
5,100,0.052000000000000005,0.26,0.26,0.155,0.18131497377012018,evidence_passage_len96_t0.7_seed20261008__question_plus_hyde,evidence_passage_len96_t0.7_seed20261008,question_plus_hyde,,100,1664.8753632600012,Cheryl,isaacus/legal-rag-bench,3a3565bc5429f6cead90548e81f87352b449927e4be1cdd804c28d766bb9c246,e3b869a4e293d081ec5f5b39c2058c8d27b36f611aa9f8275eb1877a7c8b38b0,exploratory previously inspected 100 questions,not_evaluated
10,100,0.034,0.34,0.34,0.1663452380952381,0.20783253988198946,evidence_passage_len96_t0.7_seed20261008__question_plus_hyde,evidence_passage_len96_t0.7_seed20261008,question_plus_hyde,,100,1664.8753632600012,Cheryl,isaacus/legal-rag-bench,3a3565bc5429f6cead90548e81f87352b449927e4be1cdd804c28d766bb9c246,e3b869a4e293d081ec5f5b39c2058c8d27b36f611aa9f8275eb1877a7c8b38b0,exploratory previously inspected 100 questions,not_evaluated
1,100,0.17,0.17,0.17,0.17,0.17,evidence_passage_len96_t0.7_seed20261008__question_plus_hyde__hybrid_a0.25_d20,evidence_passage_len96_t0.7_seed20261008,question_plus_hyde_hybrid,0.25,20,1665.1373039200002,Cheryl,isaacus/legal-rag-bench,3a3565bc5429f6cead90548e81f87352b449927e4be1cdd804c28d766bb9c246,e3b869a4e293d081ec5f5b39c2058c8d27b36f611aa9f8275eb1877a7c8b38b0,exploratory previously inspected 100 questions,not_evaluated
3,100,0.08666666666666667,0.26,0.26,0.20833333333333331,0.22154648767857288,evidence_passage_len96_t0.7_seed20261008__question_plus_hyde__hybrid_a0.25_d20,evidence_passage_len96_t0.7_seed20261008,question_plus_hyde_hybrid,0.25,20,1665.1373039200002,Cheryl,isaacus/legal-rag-bench,3a3565bc5429f6cead90548e81f87352b449927e4be1cdd804c28d766bb9c246,e3b869a4e293d081ec5f5b39c2058c8d27b36f611aa9f8275eb1877a7c8b38b0,exploratory previously inspected 100 questions,not_evaluated
5,100,0.068,0.34,0.34,0.22583333333333333,0.2538094247825018,evidence_passage_len96_t0.7_seed20261008__question_plus_hyde__hybrid_a0.25_d20,evidence_passage_len96_t0.7_seed20261008,question_plus_hyde_hybrid,0.25,20,1665.1373039200002,Cheryl,isaacus/legal-rag-bench,3a3565bc5429f6cead90548e81f87352b449927e4be1cdd804c28d766bb9c246,e3b869a4e293d081ec5f5b39c2058c8d27b36f611aa9f8275eb1877a7c8b38b0,exploratory previously inspected 100 questions,not_evaluated
10,100,0.039,0.39,0.39,0.23201190476190475,0.26949735268258584,evidence_passage_len96_t0.7_seed20261008__question_plus_hyde__hybrid_a0.25_d20,evidence_passage_len96_t0.7_seed20261008,question_plus_hyde_hybrid,0.25,20,1665.1373039200002,Cheryl,isaacus/legal-rag-bench,3a3565bc5429f6cead90548e81f87352b449927e4be1cdd804c28d766bb9c246,e3b869a4e293d081ec5f5b39c2058c8d27b36f611aa9f8275eb1877a7c8b38b0,exploratory previously inspected 100 questions,not_evaluated
1,100,0.13,0.13,0.13,0.13,0.13,evidence_passage_len96_t0.7_seed20261008__question_plus_hyde__hybrid_a0.5_d20,evidence_passage_len96_t0.7_seed20261008,question_plus_hyde_hybrid,0.5,20,1665.1289447800032,Cheryl,isaacus/legal-rag-bench,3a3565bc5429f6cead90548e81f87352b449927e4be1cdd804c28d766bb9c246,e3b869a4e293d081ec5f5b39c2058c8d27b36f611aa9f8275eb1877a7c8b38b0,exploratory previously inspected 100 questions,not_evaluated
3,100,0.08666666666666667,0.26,0.26,0.18666666666666665,0.20547438028571663,evidence_passage_len96_t0.7_seed20261008__question_plus_hyde__hybrid_a0.5_d20,evidence_passage_len96_t0.7_seed20261008,question_plus_hyde_hybrid,0.5,20,1665.1289447800032,Cheryl,isaacus/legal-rag-bench,3a3565bc5429f6cead90548e81f87352b449927e4be1cdd804c28d766bb9c246,e3b869a4e293d081ec5f5b39c2058c8d27b36f611aa9f8275eb1877a7c8b38b0,exploratory previously inspected 100 questions,not_evaluated
5,100,0.066,0.33,0.33,0.20266666666666666,0.23430702682568857,evidence_passage_len96_t0.7_seed20261008__question_plus_hyde__hybrid_a0.5_d20,evidence_passage_len96_t0.7_seed20261008,question_plus_hyde_hybrid,0.5,20,1665.1289447800032,Cheryl,isaacus/legal-rag-bench,3a3565bc5429f6cead90548e81f87352b449927e4be1cdd804c28d766bb9c246,e3b869a4e293d081ec5f5b39c2058c8d27b36f611aa9f8275eb1877a7c8b38b0,exploratory previously inspected 100 questions,not_evaluated
10,100,0.045,0.45,0.45,0.21998809523809523,0.2744571887425011,evidence_passage_len96_t0.7_seed20261008__question_plus_hyde__hybrid_a0.5_d20,evidence_passage_len96_t0.7_seed20261008,question_plus_hyde_hybrid,0.5,20,1665.1289447800032,Cheryl,isaacus/legal-rag-bench,3a3565bc5429f6cead90548e81f87352b449927e4be1cdd804c28d766bb9c246,e3b869a4e293d081ec5f5b39c2058c8d27b36f611aa9f8275eb1877a7c8b38b0,exploratory previously inspected 100 questions,not_evaluated
1,100,0.11,0.11,0.11,0.11,0.11,evidence_passage_len96_t0.7_seed20261008__question_plus_hyde__hybrid_a0.75_d20,evidence_passage_len96_t0.7_seed20261008,question_plus_hyde_hybrid,0.75,20,1665.1436657300014,Cheryl,isaacus/legal-rag-bench,3a3565bc5429f6cead90548e81f87352b449927e4be1cdd804c28d766bb9c246,e3b869a4e293d081ec5f5b39c2058c8d27b36f611aa9f8275eb1877a7c8b38b0,exploratory previously inspected 100 questions,not_evaluated
3,100,0.07666666666666667,0.23,0.23,0.165,0.1817836778214312,evidence_passage_len96_t0.7_seed20261008__question_plus_hyde__hybrid_a0.75_d20,evidence_passage_len96_t0.7_seed20261008,question_plus_hyde_hybrid,0.75,20,1665.1436657300014,Cheryl,isaacus/legal-rag-bench,3a3565bc5429f6cead90548e81f87352b449927e4be1cdd804c28d766bb9c246,e3b869a4e293d081ec5f5b39c2058c8d27b36f611aa9f8275eb1877a7c8b38b0,exploratory previously inspected 100 questions,not_evaluated
5,100,0.064,0.32,0.32,0.185,0.21835338050609399,evidence_passage_len96_t0.7_seed20261008__question_plus_hyde__hybrid_a0.75_d20,evidence_passage_len96_t0.7_seed20261008,question_plus_hyde_hybrid,0.75,20,1665.1436657300014,Cheryl,isaacus/legal-rag-bench,3a3565bc5429f6cead90548e81f87352b449927e4be1cdd804c28d766bb9c246,e3b869a4e293d081ec5f5b39c2058c8d27b36f611aa9f8275eb1877a7c8b38b0,exploratory previously inspected 100 questions,not_evaluated
10,100,0.04,0.4,0.4,0.1950952380952381,0.24364867730829445,evidence_passage_len96_t0.7_seed20261008__question_plus_hyde__hybrid_a0.75_d20,evidence_passage_len96_t0.7_seed20261008,question_plus_hyde_hybrid,0.75,20,1665.1436657300014,Cheryl,isaacus/legal-rag-bench,3a3565bc5429f6cead90548e81f87352b449927e4be1cdd804c28d766bb9c246,e3b869a4e293d081ec5f5b39c2058c8d27b36f611aa9f8275eb1877a7c8b38b0,exploratory previously inspected 100 questions,not_evaluated
1,100,0.19,0.19,0.19,0.19,0.19,evidence_passage_len96_t0.7_seed20261008__question_plus_hyde__hybrid_a0.25_d100,evidence_passage_len96_t0.7_seed20261008,question_plus_hyde_hybrid,0.25,100,1665.2096122300004,Cheryl,isaacus/legal-rag-bench,3a3565bc5429f6cead90548e81f87352b449927e4be1cdd804c28d766bb9c246,e3b869a4e293d081ec5f5b39c2058c8d27b36f611aa9f8275eb1877a7c8b38b0,exploratory previously inspected 100 questions,not_evaluated
3,100,0.09000000000000001,0.27,0.27,0.22666666666666666,0.23785578521428746,evidence_passage_len96_t0.7_seed20261008__question_plus_hyde__hybrid_a0.25_d100,evidence_passage_len96_t0.7_seed20261008,question_plus_hyde_hybrid,0.25,100,1665.2096122300004,Cheryl,isaacus/legal-rag-bench,3a3565bc5429f6cead90548e81f87352b449927e4be1cdd804c28d766bb9c246,e3b869a4e293d081ec5f5b39c2058c8d27b36f611aa9f8275eb1877a7c8b38b0,exploratory previously inspected 100 questions,not_evaluated
5,100,0.066,0.33,0.33,0.24066666666666667,0.262819903681914,evidence_passage_len96_t0.7_seed20261008__question_plus_hyde__hybrid_a0.25_d100,evidence_passage_len96_t0.7_seed20261008,question_plus_hyde_hybrid,0.25,100,1665.2096122300004,Cheryl,isaacus/legal-rag-bench,3a3565bc5429f6cead90548e81f87352b449927e4be1cdd804c28d766bb9c246,e3b869a4e293d081ec5f5b39c2058c8d27b36f611aa9f8275eb1877a7c8b38b0,exploratory previously inspected 100 questions,not_evaluated
10,100,0.046,0.46,0.46,0.25882142857142854,0.3056916679329314,evidence_passage_len96_t0.7_seed20261008__question_plus_hyde__hybrid_a0.25_d100,evidence_passage_len96_t0.7_seed20261008,question_plus_hyde_hybrid,0.25,100,1665.2096122300004,Cheryl,isaacus/legal-rag-bench,3a3565bc5429f6cead90548e81f87352b449927e4be1cdd804c28d766bb9c246,e3b869a4e293d081ec5f5b39c2058c8d27b36f611aa9f8275eb1877a7c8b38b0,exploratory previously inspected 100 questions,not_evaluated
1,100,0.15,0.15,0.15,0.15,0.15,evidence_passage_len96_t0.7_seed20261008__question_plus_hyde__hybrid_a0.5_d100,evidence_passage_len96_t0.7_seed20261008,question_plus_hyde_hybrid,0.5,100,1665.1993431800015,Cheryl,isaacus/legal-rag-bench,3a3565bc5429f6cead90548e81f87352b449927e4be1cdd804c28d766bb9c246,e3b869a4e293d081ec5f5b39c2058c8d27b36f611aa9f8275eb1877a7c8b38b0,exploratory previously inspected 100 questions,not_evaluated
3,100,0.08666666666666667,0.26,0.26,0.19999999999999996,0.2154743802857166,evidence_passage_len96_t0.7_seed20261008__question_plus_hyde__hybrid_a0.5_d100,evidence_passage_len96_t0.7_seed20261008,question_plus_hyde_hybrid,0.5,100,1665.1993431800015,Cheryl,isaacus/legal-rag-bench,3a3565bc5429f6cead90548e81f87352b449927e4be1cdd804c28d766bb9c246,e3b869a4e293d081ec5f5b39c2058c8d27b36f611aa9f8275eb1877a7c8b38b0,exploratory previously inspected 100 questions,not_evaluated
5,100,0.06999999999999999,0.35,0.35,0.2205,0.2524823204787679,evidence_passage_len96_t0.7_seed20261008__question_plus_hyde__hybrid_a0.5_d100,evidence_passage_len96_t0.7_seed20261008,question_plus_hyde_hybrid,0.5,100,1665.1993431800015,Cheryl,isaacus/legal-rag-bench,3a3565bc5429f6cead90548e81f87352b449927e4be1cdd804c28d766bb9c246,e3b869a4e293d081ec5f5b39c2058c8d27b36f611aa9f8275eb1877a7c8b38b0,exploratory previously inspected 100 questions,not_evaluated
10,100,0.047,0.47,0.47,0.23554761904761903,0.29028368713333497,evidence_passage_len96_t0.7_seed20261008__question_plus_hyde__hybrid_a0.5_d100,evidence_passage_len96_t0.7_seed20261008,question_plus_hyde_hybrid,0.5,100,1665.1993431800015,Cheryl,isaacus/legal-rag-bench,3a3565bc5429f6cead90548e81f87352b449927e4be1cdd804c28d766bb9c246,e3b869a4e293d081ec5f5b39c2058c8d27b36f611aa9f8275eb1877a7c8b38b0,exploratory previously inspected 100 questions,not_evaluated
1,100,0.12,0.12,0.12,0.12,0.12,evidence_passage_len96_t0.7_seed20261008__question_plus_hyde__hybrid_a0.75_d100,evidence_passage_len96_t0.7_seed20261008,question_plus_hyde_hybrid,0.75,100,1665.2240521500012,Cheryl,isaacus/legal-rag-bench,3a3565bc5429f6cead90548e81f87352b449927e4be1cdd804c28d766bb9c246,e3b869a4e293d081ec5f5b39c2058c8d27b36f611aa9f8275eb1877a7c8b38b0,exploratory previously inspected 100 questions,not_evaluated
3,100,0.08333333333333333,0.25,0.25,0.17833333333333332,0.1967836778214312,evidence_passage_len96_t0.7_seed20261008__question_plus_hyde__hybrid_a0.75_d100,evidence_passage_len96_t0.7_seed20261008,question_plus_hyde_hybrid,0.75,100,1665.2240521500012,Cheryl,isaacus/legal-rag-bench,3a3565bc5429f6cead90548e81f87352b449927e4be1cdd804c28d766bb9c246,e3b869a4e293d081ec5f5b39c2058c8d27b36f611aa9f8275eb1877a7c8b38b0,exploratory previously inspected 100 questions,not_evaluated
5,100,0.06,0.3,0.3,0.1893333333333333,0.21700279319993532,evidence_passage_len96_t0.7_seed20261008__question_plus_hyde__hybrid_a0.75_d100,evidence_passage_len96_t0.7_seed20261008,question_plus_hyde_hybrid,0.75,100,1665.2240521500012,Cheryl,isaacus/legal-rag-bench,3a3565bc5429f6cead90548e81f87352b449927e4be1cdd804c28d766bb9c246,e3b869a4e293d081ec5f5b39c2058c8d27b36f611aa9f8275eb1877a7c8b38b0,exploratory previously inspected 100 questions,not_evaluated
10,100,0.041999999999999996,0.42,0.42,0.2046388888888889,0.25512072649355527,evidence_passage_len96_t0.7_seed20261008__question_plus_hyde__hybrid_a0.75_d100,evidence_passage_len96_t0.7_seed20261008,question_plus_hyde_hybrid,0.75,100,1665.2240521500012,Cheryl,isaacus/legal-rag-bench,3a3565bc5429f6cead90548e81f87352b449927e4be1cdd804c28d766bb9c246,e3b869a4e293d081ec5f5b39c2058c8d27b36f611aa9f8275eb1877a7c8b38b0,exploratory previously inspected 100 questions,not_evaluated
1,100,0.09,0.09,0.09,0.09,0.09,evidence_passage_len96_t0.7_seed20261008__multi_average,evidence_passage_len96_t0.7_seed20261008,multi_average,,100,4994.626089780004,Cheryl,isaacus/legal-rag-bench,3a3565bc5429f6cead90548e81f87352b449927e4be1cdd804c28d766bb9c246,e3b869a4e293d081ec5f5b39c2058c8d27b36f611aa9f8275eb1877a7c8b38b0,exploratory previously inspected 100 questions,not_evaluated
3,100,0.04666666666666667,0.14,0.14,0.115,0.12154648767857289,evidence_passage_len96_t0.7_seed20261008__multi_average,evidence_passage_len96_t0.7_seed20261008,multi_average,,100,4994.626089780004,Cheryl,isaacus/legal-rag-bench,3a3565bc5429f6cead90548e81f87352b449927e4be1cdd804c28d766bb9c246,e3b869a4e293d081ec5f5b39c2058c8d27b36f611aa9f8275eb1877a7c8b38b0,exploratory previously inspected 100 questions,not_evaluated
5,100,0.041999999999999996,0.21,0.21,0.131,0.15037913421854485,evidence_passage_len96_t0.7_seed20261008__multi_average,evidence_passage_len96_t0.7_seed20261008,multi_average,,100,4994.626089780004,Cheryl,isaacus/legal-rag-bench,3a3565bc5429f6cead90548e81f87352b449927e4be1cdd804c28d766bb9c246,e3b869a4e293d081ec5f5b39c2058c8d27b36f611aa9f8275eb1877a7c8b38b0,exploratory previously inspected 100 questions,not_evaluated
10,100,0.025,0.25,0.25,0.13585714285714284,0.16282709741156928,evidence_passage_len96_t0.7_seed20261008__multi_average,evidence_passage_len96_t0.7_seed20261008,multi_average,,100,4994.626089780004,Cheryl,isaacus/legal-rag-bench,3a3565bc5429f6cead90548e81f87352b449927e4be1cdd804c28d766bb9c246,e3b869a4e293d081ec5f5b39c2058c8d27b36f611aa9f8275eb1877a7c8b38b0,exploratory previously inspected 100 questions,not_evaluated
1,100,0.19,0.19,0.19,0.19,0.19,evidence_passage_len96_t0.7_seed20261008__multi_average__hybrid_a0.25_d20,evidence_passage_len96_t0.7_seed20261008,multi_average_hybrid,0.25,20,4994.895810100003,Cheryl,isaacus/legal-rag-bench,3a3565bc5429f6cead90548e81f87352b449927e4be1cdd804c28d766bb9c246,e3b869a4e293d081ec5f5b39c2058c8d27b36f611aa9f8275eb1877a7c8b38b0,exploratory previously inspected 100 questions,not_evaluated
3,100,0.08333333333333333,0.25,0.25,0.215,0.22392789260714374,evidence_passage_len96_t0.7_seed20261008__multi_average__hybrid_a0.25_d20,evidence_passage_len96_t0.7_seed20261008,multi_average_hybrid,0.25,20,4994.895810100003,Cheryl,isaacus/legal-rag-bench,3a3565bc5429f6cead90548e81f87352b449927e4be1cdd804c28d766bb9c246,e3b869a4e293d081ec5f5b39c2058c8d27b36f611aa9f8275eb1877a7c8b38b0,exploratory previously inspected 100 questions,not_evaluated
5,100,0.066,0.33,0.33,0.2325,0.2561908297110726,evidence_passage_len96_t0.7_seed20261008__multi_average__hybrid_a0.25_d20,evidence_passage_len96_t0.7_seed20261008,multi_average_hybrid,0.25,20,4994.895810100003,Cheryl,isaacus/legal-rag-bench,3a3565bc5429f6cead90548e81f87352b449927e4be1cdd804c28d766bb9c246,e3b869a4e293d081ec5f5b39c2058c8d27b36f611aa9f8275eb1877a7c8b38b0,exploratory previously inspected 100 questions,not_evaluated
10,100,0.038,0.38,0.38,0.23894444444444446,0.2721065699362306,evidence_passage_len96_t0.7_seed20261008__multi_average__hybrid_a0.25_d20,evidence_passage_len96_t0.7_seed20261008,multi_average_hybrid,0.25,20,4994.895810100003,Cheryl,isaacus/legal-rag-bench,3a3565bc5429f6cead90548e81f87352b449927e4be1cdd804c28d766bb9c246,e3b869a4e293d081ec5f5b39c2058c8d27b36f611aa9f8275eb1877a7c8b38b0,exploratory previously inspected 100 questions,not_evaluated
1,100,0.17,0.17,0.17,0.17,0.17,evidence_passage_len96_t0.7_seed20261008__multi_average__hybrid_a0.5_d20,evidence_passage_len96_t0.7_seed20261008,multi_average_hybrid,0.5,20,4994.877630950005,Cheryl,isaacus/legal-rag-bench,3a3565bc5429f6cead90548e81f87352b449927e4be1cdd804c28d766bb9c246,e3b869a4e293d081ec5f5b39c2058c8d27b36f611aa9f8275eb1877a7c8b38b0,exploratory previously inspected 100 questions,not_evaluated
3,100,0.09000000000000001,0.27,0.27,0.20833333333333331,0.22392789260714374,evidence_passage_len96_t0.7_seed20261008__multi_average__hybrid_a0.5_d20,evidence_passage_len96_t0.7_seed20261008,multi_average_hybrid,0.5,20,4994.877630950005,Cheryl,isaacus/legal-rag-bench,3a3565bc5429f6cead90548e81f87352b449927e4be1cdd804c28d766bb9c246,e3b869a4e293d081ec5f5b39c2058c8d27b36f611aa9f8275eb1877a7c8b38b0,exploratory previously inspected 100 questions,not_evaluated
5,100,0.066,0.33,0.33,0.22233333333333336,0.24889201107477027,evidence_passage_len96_t0.7_seed20261008__multi_average__hybrid_a0.5_d20,evidence_passage_len96_t0.7_seed20261008,multi_average_hybrid,0.5,20,4994.877630950005,Cheryl,isaacus/legal-rag-bench,3a3565bc5429f6cead90548e81f87352b449927e4be1cdd804c28d766bb9c246,e3b869a4e293d081ec5f5b39c2058c8d27b36f611aa9f8275eb1877a7c8b38b0,exploratory previously inspected 100 questions,not_evaluated
10,100,0.040999999999999995,0.41,0.41,0.23274603174603176,0.2744847179232348,evidence_passage_len96_t0.7_seed20261008__multi_average__hybrid_a0.5_d20,evidence_passage_len96_t0.7_seed20261008,multi_average_hybrid,0.5,20,4994.877630950005,Cheryl,isaacus/legal-rag-bench,3a3565bc5429f6cead90548e81f87352b449927e4be1cdd804c28d766bb9c246,e3b869a4e293d081ec5f5b39c2058c8d27b36f611aa9f8275eb1877a7c8b38b0,exploratory previously inspected 100 questions,not_evaluated
1,100,0.11,0.11,0.11,0.11,0.11,evidence_passage_len96_t0.7_seed20261008__multi_average__hybrid_a0.75_d20,evidence_passage_len96_t0.7_seed20261008,multi_average_hybrid,0.75,20,4994.882476030003,Cheryl,isaacus/legal-rag-bench,3a3565bc5429f6cead90548e81f87352b449927e4be1cdd804c28d766bb9c246,e3b869a4e293d081ec5f5b39c2058c8d27b36f611aa9f8275eb1877a7c8b38b0,exploratory previously inspected 100 questions,not_evaluated
3,100,0.07666666666666667,0.23,0.23,0.16166666666666665,0.17916508275000204,evidence_passage_len96_t0.7_seed20261008__multi_average__hybrid_a0.75_d20,evidence_passage_len96_t0.7_seed20261008,multi_average_hybrid,0.75,20,4994.882476030003,Cheryl,isaacus/legal-rag-bench,3a3565bc5429f6cead90548e81f87352b449927e4be1cdd804c28d766bb9c246,e3b869a4e293d081ec5f5b39c2058c8d27b36f611aa9f8275eb1877a7c8b38b0,exploratory previously inspected 100 questions,not_evaluated
5,100,0.054000000000000006,0.27,0.27,0.17116666666666666,0.19595390756454925,evidence_passage_len96_t0.7_seed20261008__multi_average__hybrid_a0.75_d20,evidence_passage_len96_t0.7_seed20261008,multi_average_hybrid,0.75,20,4994.882476030003,Cheryl,isaacus/legal-rag-bench,3a3565bc5429f6cead90548e81f87352b449927e4be1cdd804c28d766bb9c246,e3b869a4e293d081ec5f5b39c2058c8d27b36f611aa9f8275eb1877a7c8b38b0,exploratory previously inspected 100 questions,not_evaluated
10,100,0.028999999999999998,0.29,0.29,0.17394444444444443,0.20252627939226925,evidence_passage_len96_t0.7_seed20261008__multi_average__hybrid_a0.75_d20,evidence_passage_len96_t0.7_seed20261008,multi_average_hybrid,0.75,20,4994.882476030003,Cheryl,isaacus/legal-rag-bench,3a3565bc5429f6cead90548e81f87352b449927e4be1cdd804c28d766bb9c246,e3b869a4e293d081ec5f5b39c2058c8d27b36f611aa9f8275eb1877a7c8b38b0,exploratory previously inspected 100 questions,not_evaluated
1,100,0.19,0.19,0.19,0.19,0.19,evidence_passage_len96_t0.7_seed20261008__multi_average__hybrid_a0.25_d100,evidence_passage_len96_t0.7_seed20261008,multi_average_hybrid,0.25,100,4994.970693280003,Cheryl,isaacus/legal-rag-bench,3a3565bc5429f6cead90548e81f87352b449927e4be1cdd804c28d766bb9c246,e3b869a4e293d081ec5f5b39c2058c8d27b36f611aa9f8275eb1877a7c8b38b0,exploratory previously inspected 100 questions,not_evaluated
3,100,0.09333333333333334,0.28,0.28,0.22666666666666666,0.2402371901428583,evidence_passage_len96_t0.7_seed20261008__multi_average__hybrid_a0.25_d100,evidence_passage_len96_t0.7_seed20261008,multi_average_hybrid,0.25,100,4994.970693280003,Cheryl,isaacus/legal-rag-bench,3a3565bc5429f6cead90548e81f87352b449927e4be1cdd804c28d766bb9c246,e3b869a4e293d081ec5f5b39c2058c8d27b36f611aa9f8275eb1877a7c8b38b0,exploratory previously inspected 100 questions,not_evaluated
5,100,0.066,0.33,0.33,0.23816666666666667,0.2608945430297509,evidence_passage_len96_t0.7_seed20261008__multi_average__hybrid_a0.25_d100,evidence_passage_len96_t0.7_seed20261008,multi_average_hybrid,0.25,100,4994.970693280003,Cheryl,isaacus/legal-rag-bench,3a3565bc5429f6cead90548e81f87352b449927e4be1cdd804c28d766bb9c246,e3b869a4e293d081ec5f5b39c2058c8d27b36f611aa9f8275eb1877a7c8b38b0,exploratory previously inspected 100 questions,not_evaluated
10,100,0.040999999999999995,0.41,0.41,0.2490873015873016,0.28702422978731645,evidence_passage_len96_t0.7_seed20261008__multi_average__hybrid_a0.25_d100,evidence_passage_len96_t0.7_seed20261008,multi_average_hybrid,0.25,100,4994.970693280003,Cheryl,isaacus/legal-rag-bench,3a3565bc5429f6cead90548e81f87352b449927e4be1cdd804c28d766bb9c246,e3b869a4e293d081ec5f5b39c2058c8d27b36f611aa9f8275eb1877a7c8b38b0,exploratory previously inspected 100 questions,not_evaluated
1,100,0.16,0.16,0.16,0.16,0.16,evidence_passage_len96_t0.7_seed20261008__multi_average__hybrid_a0.5_d100,evidence_passage_len96_t0.7_seed20261008,multi_average_hybrid,0.5,100,4994.957308170006,Cheryl,isaacus/legal-rag-bench,3a3565bc5429f6cead90548e81f87352b449927e4be1cdd804c28d766bb9c246,e3b869a4e293d081ec5f5b39c2058c8d27b36f611aa9f8275eb1877a7c8b38b0,exploratory previously inspected 100 questions,not_evaluated
3,100,0.08,0.24,0.24,0.19166666666666668,0.20392789260714372,evidence_passage_len96_t0.7_seed20261008__multi_average__hybrid_a0.5_d100,evidence_passage_len96_t0.7_seed20261008,multi_average_hybrid,0.5,100,4994.957308170006,Cheryl,isaacus/legal-rag-bench,3a3565bc5429f6cead90548e81f87352b449927e4be1cdd804c28d766bb9c246,e3b869a4e293d081ec5f5b39c2058c8d27b36f611aa9f8275eb1877a7c8b38b0,exploratory previously inspected 100 questions,not_evaluated
5,100,0.06,0.3,0.3,0.20616666666666664,0.22933024858315879,evidence_passage_len96_t0.7_seed20261008__multi_average__hybrid_a0.5_d100,evidence_passage_len96_t0.7_seed20261008,multi_average_hybrid,0.5,100,4994.957308170006,Cheryl,isaacus/legal-rag-bench,3a3565bc5429f6cead90548e81f87352b449927e4be1cdd804c28d766bb9c246,e3b869a4e293d081ec5f5b39c2058c8d27b36f611aa9f8275eb1877a7c8b38b0,exploratory previously inspected 100 questions,not_evaluated
10,100,0.037,0.37,0.37,0.21512301587301583,0.2515905483109629,evidence_passage_len96_t0.7_seed20261008__multi_average__hybrid_a0.5_d100,evidence_passage_len96_t0.7_seed20261008,multi_average_hybrid,0.5,100,4994.957308170006,Cheryl,isaacus/legal-rag-bench,3a3565bc5429f6cead90548e81f87352b449927e4be1cdd804c28d766bb9c246,e3b869a4e293d081ec5f5b39c2058c8d27b36f611aa9f8275eb1877a7c8b38b0,exploratory previously inspected 100 questions,not_evaluated
1,100,0.12,0.12,0.12,0.12,0.12,evidence_passage_len96_t0.7_seed20261008__multi_average__hybrid_a0.75_d100,evidence_passage_len96_t0.7_seed20261008,multi_average_hybrid,0.75,100,4994.9590572,Cheryl,isaacus/legal-rag-bench,3a3565bc5429f6cead90548e81f87352b449927e4be1cdd804c28d766bb9c246,e3b869a4e293d081ec5f5b39c2058c8d27b36f611aa9f8275eb1877a7c8b38b0,exploratory previously inspected 100 questions,not_evaluated
3,100,0.07333333333333333,0.22,0.22,0.165,0.17916508275000204,evidence_passage_len96_t0.7_seed20261008__multi_average__hybrid_a0.75_d100,evidence_passage_len96_t0.7_seed20261008,multi_average_hybrid,0.75,100,4994.9590572,Cheryl,isaacus/legal-rag-bench,3a3565bc5429f6cead90548e81f87352b449927e4be1cdd804c28d766bb9c246,e3b869a4e293d081ec5f5b39c2058c8d27b36f611aa9f8275eb1877a7c8b38b0,exploratory previously inspected 100 questions,not_evaluated
5,100,0.054000000000000006,0.27,0.27,0.177,0.2002606731452832,evidence_passage_len96_t0.7_seed20261008__multi_average__hybrid_a0.75_d100,evidence_passage_len96_t0.7_seed20261008,multi_average_hybrid,0.75,100,4994.9590572,Cheryl,isaacus/legal-rag-bench,3a3565bc5429f6cead90548e81f87352b449927e4be1cdd804c28d766bb9c246,e3b869a4e293d081ec5f5b39c2058c8d27b36f611aa9f8275eb1877a7c8b38b0,exploratory previously inspected 100 questions,not_evaluated
10,100,0.03,0.3,0.3,0.1810277777777778,0.2099876937408605,evidence_passage_len96_t0.7_seed20261008__multi_average__hybrid_a0.75_d100,evidence_passage_len96_t0.7_seed20261008,multi_average_hybrid,0.75,100,4994.9590572,Cheryl,isaacus/legal-rag-bench,3a3565bc5429f6cead90548e81f87352b449927e4be1cdd804c28d766bb9c246,e3b869a4e293d081ec5f5b39c2058c8d27b36f611aa9f8275eb1877a7c8b38b0,exploratory previously inspected 100 questions,not_evaluated
1,100,0.04,0.04,0.04,0.04,0.04,evidence_passage_len96_t0.7_seed20261008__multi_rrf,evidence_passage_len96_t0.7_seed20261008,multi_rrf,,100,4994.626089780004,Cheryl,isaacus/legal-rag-bench,3a3565bc5429f6cead90548e81f87352b449927e4be1cdd804c28d766bb9c246,e3b869a4e293d081ec5f5b39c2058c8d27b36f611aa9f8275eb1877a7c8b38b0,exploratory previously inspected 100 questions,not_evaluated
3,100,0.049999999999999996,0.15,0.15,0.08833333333333332,0.10416508275000204,evidence_passage_len96_t0.7_seed20261008__multi_rrf,evidence_passage_len96_t0.7_seed20261008,multi_rrf,,100,4994.626089780004,Cheryl,isaacus/legal-rag-bench,3a3565bc5429f6cead90548e81f87352b449927e4be1cdd804c28d766bb9c246,e3b869a4e293d081ec5f5b39c2058c8d27b36f611aa9f8275eb1877a7c8b38b0,exploratory previously inspected 100 questions,not_evaluated
5,100,0.04,0.2,0.2,0.09933333333333333,0.12438419812850615,evidence_passage_len96_t0.7_seed20261008__multi_rrf,evidence_passage_len96_t0.7_seed20261008,multi_rrf,,100,4994.626089780004,Cheryl,isaacus/legal-rag-bench,3a3565bc5429f6cead90548e81f87352b449927e4be1cdd804c28d766bb9c246,e3b869a4e293d081ec5f5b39c2058c8d27b36f611aa9f8275eb1877a7c8b38b0,exploratory previously inspected 100 questions,not_evaluated
10,100,0.026000000000000002,0.26,0.26,0.1073888888888889,0.14383823931966078,evidence_passage_len96_t0.7_seed20261008__multi_rrf,evidence_passage_len96_t0.7_seed20261008,multi_rrf,,100,4994.626089780004,Cheryl,isaacus/legal-rag-bench,3a3565bc5429f6cead90548e81f87352b449927e4be1cdd804c28d766bb9c246,e3b869a4e293d081ec5f5b39c2058c8d27b36f611aa9f8275eb1877a7c8b38b0,exploratory previously inspected 100 questions,not_evaluated
1,100,0.17,0.17,0.17,0.17,0.17,evidence_passage_len96_t0.7_seed20261008__multi_rrf__hybrid_a0.25_d20,evidence_passage_len96_t0.7_seed20261008,multi_rrf_hybrid,0.25,20,4994.895182670003,Cheryl,isaacus/legal-rag-bench,3a3565bc5429f6cead90548e81f87352b449927e4be1cdd804c28d766bb9c246,e3b869a4e293d081ec5f5b39c2058c8d27b36f611aa9f8275eb1877a7c8b38b0,exploratory previously inspected 100 questions,not_evaluated
3,100,0.08333333333333333,0.25,0.25,0.20166666666666663,0.21392789260714373,evidence_passage_len96_t0.7_seed20261008__multi_rrf__hybrid_a0.25_d20,evidence_passage_len96_t0.7_seed20261008,multi_rrf_hybrid,0.25,20,4994.895182670003,Cheryl,isaacus/legal-rag-bench,3a3565bc5429f6cead90548e81f87352b449927e4be1cdd804c28d766bb9c246,e3b869a4e293d081ec5f5b39c2058c8d27b36f611aa9f8275eb1877a7c8b38b0,exploratory previously inspected 100 questions,not_evaluated
5,100,0.062,0.31,0.31,0.21516666666666662,0.23845377356638178,evidence_passage_len96_t0.7_seed20261008__multi_rrf__hybrid_a0.25_d20,evidence_passage_len96_t0.7_seed20261008,multi_rrf_hybrid,0.25,20,4994.895182670003,Cheryl,isaacus/legal-rag-bench,3a3565bc5429f6cead90548e81f87352b449927e4be1cdd804c28d766bb9c246,e3b869a4e293d081ec5f5b39c2058c8d27b36f611aa9f8275eb1877a7c8b38b0,exploratory previously inspected 100 questions,not_evaluated
10,100,0.037,0.37,0.37,0.22338888888888886,0.25805123735608093,evidence_passage_len96_t0.7_seed20261008__multi_rrf__hybrid_a0.25_d20,evidence_passage_len96_t0.7_seed20261008,multi_rrf_hybrid,0.25,20,4994.895182670003,Cheryl,isaacus/legal-rag-bench,3a3565bc5429f6cead90548e81f87352b449927e4be1cdd804c28d766bb9c246,e3b869a4e293d081ec5f5b39c2058c8d27b36f611aa9f8275eb1877a7c8b38b0,exploratory previously inspected 100 questions,not_evaluated
1,100,0.14,0.14,0.14,0.14,0.14,evidence_passage_len96_t0.7_seed20261008__multi_rrf__hybrid_a0.5_d20,evidence_passage_len96_t0.7_seed20261008,multi_rrf_hybrid,0.5,20,4994.874292860005,Cheryl,isaacus/legal-rag-bench,3a3565bc5429f6cead90548e81f87352b449927e4be1cdd804c28d766bb9c246,e3b869a4e293d081ec5f5b39c2058c8d27b36f611aa9f8275eb1877a7c8b38b0,exploratory previously inspected 100 questions,not_evaluated
3,100,0.08333333333333333,0.25,0.25,0.18333333333333332,0.20023719014285832,evidence_passage_len96_t0.7_seed20261008__multi_rrf__hybrid_a0.5_d20,evidence_passage_len96_t0.7_seed20261008,multi_rrf_hybrid,0.5,20,4994.874292860005,Cheryl,isaacus/legal-rag-bench,3a3565bc5429f6cead90548e81f87352b449927e4be1cdd804c28d766bb9c246,e3b869a4e293d081ec5f5b39c2058c8d27b36f611aa9f8275eb1877a7c8b38b0,exploratory previously inspected 100 questions,not_evaluated
5,100,0.06,0.3,0.3,0.1948333333333333,0.22089454302975092,evidence_passage_len96_t0.7_seed20261008__multi_rrf__hybrid_a0.5_d20,evidence_passage_len96_t0.7_seed20261008,multi_rrf_hybrid,0.5,20,4994.874292860005,Cheryl,isaacus/legal-rag-bench,3a3565bc5429f6cead90548e81f87352b449927e4be1cdd804c28d766bb9c246,e3b869a4e293d081ec5f5b39c2058c8d27b36f611aa9f8275eb1877a7c8b38b0,exploratory previously inspected 100 questions,not_evaluated
10,100,0.040999999999999995,0.41,0.41,0.20951190476190476,0.2564430090115396,evidence_passage_len96_t0.7_seed20261008__multi_rrf__hybrid_a0.5_d20,evidence_passage_len96_t0.7_seed20261008,multi_rrf_hybrid,0.5,20,4994.874292860005,Cheryl,isaacus/legal-rag-bench,3a3565bc5429f6cead90548e81f87352b449927e4be1cdd804c28d766bb9c246,e3b869a4e293d081ec5f5b39c2058c8d27b36f611aa9f8275eb1877a7c8b38b0,exploratory previously inspected 100 questions,not_evaluated
1,100,0.08,0.08,0.08,0.08,0.08,evidence_passage_len96_t0.7_seed20261008__multi_rrf__hybrid_a0.75_d20,evidence_passage_len96_t0.7_seed20261008,multi_rrf_hybrid,0.75,20,4994.880188620005,Cheryl,isaacus/legal-rag-bench,3a3565bc5429f6cead90548e81f87352b449927e4be1cdd804c28d766bb9c246,e3b869a4e293d081ec5f5b39c2058c8d27b36f611aa9f8275eb1877a7c8b38b0,exploratory previously inspected 100 questions,not_evaluated
3,100,0.06333333333333334,0.19,0.19,0.12666666666666665,0.14285578521428746,evidence_passage_len96_t0.7_seed20261008__multi_rrf__hybrid_a0.75_d20,evidence_passage_len96_t0.7_seed20261008,multi_rrf_hybrid,0.75,20,4994.880188620005,Cheryl,isaacus/legal-rag-bench,3a3565bc5429f6cead90548e81f87352b449927e4be1cdd804c28d766bb9c246,e3b869a4e293d081ec5f5b39c2058c8d27b36f611aa9f8275eb1877a7c8b38b0,exploratory previously inspected 100 questions,not_evaluated
5,100,0.05,0.25,0.25,0.13966666666666666,0.166943428665137,evidence_passage_len96_t0.7_seed20261008__multi_rrf__hybrid_a0.75_d20,evidence_passage_len96_t0.7_seed20261008,multi_rrf_hybrid,0.75,20,4994.880188620005,Cheryl,isaacus/legal-rag-bench,3a3565bc5429f6cead90548e81f87352b449927e4be1cdd804c28d766bb9c246,e3b869a4e293d081ec5f5b39c2058c8d27b36f611aa9f8275eb1877a7c8b38b0,exploratory previously inspected 100 questions,not_evaluated
10,100,0.028999999999999998,0.29,0.29,0.1452222222222222,0.18008817232057703,evidence_passage_len96_t0.7_seed20261008__multi_rrf__hybrid_a0.75_d20,evidence_passage_len96_t0.7_seed20261008,multi_rrf_hybrid,0.75,20,4994.880188620005,Cheryl,isaacus/legal-rag-bench,3a3565bc5429f6cead90548e81f87352b449927e4be1cdd804c28d766bb9c246,e3b869a4e293d081ec5f5b39c2058c8d27b36f611aa9f8275eb1877a7c8b38b0,exploratory previously inspected 100 questions,not_evaluated
1,100,0.18,0.18,0.18,0.18,0.18,evidence_passage_len96_t0.7_seed20261008__multi_rrf__hybrid_a0.25_d100,evidence_passage_len96_t0.7_seed20261008,multi_rrf_hybrid,0.25,100,4994.953708570002,Cheryl,isaacus/legal-rag-bench,3a3565bc5429f6cead90548e81f87352b449927e4be1cdd804c28d766bb9c246,e3b869a4e293d081ec5f5b39c2058c8d27b36f611aa9f8275eb1877a7c8b38b0,exploratory previously inspected 100 questions,not_evaluated
3,100,0.09333333333333334,0.28,0.28,0.22166666666666665,0.2365464876785729,evidence_passage_len96_t0.7_seed20261008__multi_rrf__hybrid_a0.25_d100,evidence_passage_len96_t0.7_seed20261008,multi_rrf_hybrid,0.25,100,4994.953708570002,Cheryl,isaacus/legal-rag-bench,3a3565bc5429f6cead90548e81f87352b449927e4be1cdd804c28d766bb9c246,e3b869a4e293d081ec5f5b39c2058c8d27b36f611aa9f8275eb1877a7c8b38b0,exploratory previously inspected 100 questions,not_evaluated
5,100,0.066,0.33,0.33,0.23216666666666666,0.2563273655486885,evidence_passage_len96_t0.7_seed20261008__multi_rrf__hybrid_a0.25_d100,evidence_passage_len96_t0.7_seed20261008,multi_rrf_hybrid,0.25,100,4994.953708570002,Cheryl,isaacus/legal-rag-bench,3a3565bc5429f6cead90548e81f87352b449927e4be1cdd804c28d766bb9c246,e3b869a4e293d081ec5f5b39c2058c8d27b36f611aa9f8275eb1877a7c8b38b0,exploratory previously inspected 100 questions,not_evaluated
10,100,0.043,0.43,0.43,0.24489682539682536,0.2880244023002042,evidence_passage_len96_t0.7_seed20261008__multi_rrf__hybrid_a0.25_d100,evidence_passage_len96_t0.7_seed20261008,multi_rrf_hybrid,0.25,100,4994.953708570002,Cheryl,isaacus/legal-rag-bench,3a3565bc5429f6cead90548e81f87352b449927e4be1cdd804c28d766bb9c246,e3b869a4e293d081ec5f5b39c2058c8d27b36f611aa9f8275eb1877a7c8b38b0,exploratory previously inspected 100 questions,not_evaluated
1,100,0.14,0.14,0.14,0.14,0.14,evidence_passage_len96_t0.7_seed20261008__multi_rrf__hybrid_a0.5_d100,evidence_passage_len96_t0.7_seed20261008,multi_rrf_hybrid,0.5,100,4994.959101440005,Cheryl,isaacus/legal-rag-bench,3a3565bc5429f6cead90548e81f87352b449927e4be1cdd804c28d766bb9c246,e3b869a4e293d081ec5f5b39c2058c8d27b36f611aa9f8275eb1877a7c8b38b0,exploratory previously inspected 100 questions,not_evaluated
3,100,0.08,0.24,0.24,0.18166666666666667,0.19654648767857288,evidence_passage_len96_t0.7_seed20261008__multi_rrf__hybrid_a0.5_d100,evidence_passage_len96_t0.7_seed20261008,multi_rrf_hybrid,0.5,100,4994.959101440005,Cheryl,isaacus/legal-rag-bench,3a3565bc5429f6cead90548e81f87352b449927e4be1cdd804c28d766bb9c246,e3b869a4e293d081ec5f5b39c2058c8d27b36f611aa9f8275eb1877a7c8b38b0,exploratory previously inspected 100 questions,not_evaluated
5,100,0.06,0.3,0.3,0.19466666666666665,0.22063413112942243,evidence_passage_len96_t0.7_seed20261008__multi_rrf__hybrid_a0.5_d100,evidence_passage_len96_t0.7_seed20261008,multi_rrf_hybrid,0.5,100,4994.959101440005,Cheryl,isaacus/legal-rag-bench,3a3565bc5429f6cead90548e81f87352b449927e4be1cdd804c28d766bb9c246,e3b869a4e293d081ec5f5b39c2058c8d27b36f611aa9f8275eb1877a7c8b38b0,exploratory previously inspected 100 questions,not_evaluated
10,100,0.038,0.38,0.38,0.20544047619047617,0.2466104901760262,evidence_passage_len96_t0.7_seed20261008__multi_rrf__hybrid_a0.5_d100,evidence_passage_len96_t0.7_seed20261008,multi_rrf_hybrid,0.5,100,4994.959101440005,Cheryl,isaacus/legal-rag-bench,3a3565bc5429f6cead90548e81f87352b449927e4be1cdd804c28d766bb9c246,e3b869a4e293d081ec5f5b39c2058c8d27b36f611aa9f8275eb1877a7c8b38b0,exploratory previously inspected 100 questions,not_evaluated
1,100,0.1,0.1,0.1,0.1,0.1,evidence_passage_len96_t0.7_seed20261008__multi_rrf__hybrid_a0.75_d100,evidence_passage_len96_t0.7_seed20261008,multi_rrf_hybrid,0.75,100,4994.962046270003,Cheryl,isaacus/legal-rag-bench,3a3565bc5429f6cead90548e81f87352b449927e4be1cdd804c28d766bb9c246,e3b869a4e293d081ec5f5b39c2058c8d27b36f611aa9f8275eb1877a7c8b38b0,exploratory previously inspected 100 questions,not_evaluated
3,100,0.06333333333333334,0.19,0.19,0.14,0.15285578521428747,evidence_passage_len96_t0.7_seed20261008__multi_rrf__hybrid_a0.75_d100,evidence_passage_len96_t0.7_seed20261008,multi_rrf_hybrid,0.75,100,4994.962046270003,Cheryl,isaacus/legal-rag-bench,3a3565bc5429f6cead90548e81f87352b449927e4be1cdd804c28d766bb9c246,e3b869a4e293d081ec5f5b39c2058c8d27b36f611aa9f8275eb1877a7c8b38b0,exploratory previously inspected 100 questions,not_evaluated
5,100,0.05,0.25,0.25,0.15349999999999997,0.17738166617352547,evidence_passage_len96_t0.7_seed20261008__multi_rrf__hybrid_a0.75_d100,evidence_passage_len96_t0.7_seed20261008,multi_rrf_hybrid,0.75,100,4994.962046270003,Cheryl,isaacus/legal-rag-bench,3a3565bc5429f6cead90548e81f87352b449927e4be1cdd804c28d766bb9c246,e3b869a4e293d081ec5f5b39c2058c8d27b36f611aa9f8275eb1877a7c8b38b0,exploratory previously inspected 100 questions,not_evaluated
10,100,0.031,0.31,0.31,0.16091666666666665,0.1961889808745353,evidence_passage_len96_t0.7_seed20261008__multi_rrf__hybrid_a0.75_d100,evidence_passage_len96_t0.7_seed20261008,multi_rrf_hybrid,0.75,100,4994.962046270003,Cheryl,isaacus/legal-rag-bench,3a3565bc5429f6cead90548e81f87352b449927e4be1cdd804c28d766bb9c246,e3b869a4e293d081ec5f5b39c2058c8d27b36f611aa9f8275eb1877a7c8b38b0,exploratory previously inspected 100 questions,not_evaluated
