k,n_queries,precision_at_k,recall_at_k,hit_rate_at_k,mrr_at_k,ndcg_at_k,method_id,config,representation,dense_weight,candidate_depth,latency_ms_per_query,owner,dataset_id,corpus_sha256,qa_sha256,evaluation_scope,answer_status,oracle_gap_closed
5,100,0.062,0.31,0.31,0.22949999999999998,0.24995897147451054,question_bm25,baseline,bm25,,100,0.22815383999954975,Cheryl,isaacus/legal-rag-bench,3a3565bc5429f6cead90548e81f87352b449927e4be1cdd804c28d766bb9c246,e3b869a4e293d081ec5f5b39c2058c8d27b36f611aa9f8275eb1877a7c8b38b0,exploratory previously inspected 100 questions,not_evaluated,0.046511627906976785
5,100,0.057999999999999996,0.29,0.29,0.16099999999999998,0.19331209073564984,question_dense,baseline,question_dense,,100,11.561014830000431,Cheryl,isaacus/legal-rag-bench,3a3565bc5429f6cead90548e81f87352b449927e4be1cdd804c28d766bb9c246,e3b869a4e293d081ec5f5b39c2058c8d27b36f611aa9f8275eb1877a7c8b38b0,exploratory previously inspected 100 questions,not_evaluated,0.0
5,100,0.072,0.36,0.36,0.249,0.2764334348433819,standard_hybrid,baseline,hybrid,0.25,100,11.789168669999981,Cheryl,isaacus/legal-rag-bench,3a3565bc5429f6cead90548e81f87352b449927e4be1cdd804c28d766bb9c246,e3b869a4e293d081ec5f5b39c2058c8d27b36f611aa9f8275eb1877a7c8b38b0,exploratory previously inspected 100 questions,not_evaluated,0.16279069767441862
5,100,0.144,0.72,0.72,0.5498333333333334,0.5929154109940404,reference_answer_oracle,oracle_only,oracle,,100,,Cheryl,isaacus/legal-rag-bench,3a3565bc5429f6cead90548e81f87352b449927e4be1cdd804c28d766bb9c246,e3b869a4e293d081ec5f5b39c2058c8d27b36f611aa9f8275eb1877a7c8b38b0,exploratory previously inspected 100 questions,not_evaluated,1.0
5,100,0.01,0.05,0.05,0.0195,0.026788824814547207,short_answer_len32_t0_seed20261006__hyde_single,short_answer_len32_t0_seed20261006,hyde_single,,100,336.8108366366664,Cheryl,isaacus/legal-rag-bench,3a3565bc5429f6cead90548e81f87352b449927e4be1cdd804c28d766bb9c246,e3b869a4e293d081ec5f5b39c2058c8d27b36f611aa9f8275eb1877a7c8b38b0,exploratory previously inspected 100 questions,not_evaluated,-0.5581395348837209
5,100,0.06999999999999999,0.35,0.35,0.2445,0.2712682690102251,short_answer_len32_t0_seed20261006__hyde_single__hybrid_a0.25_d20,short_answer_len32_t0_seed20261006,hyde_single_hybrid,0.25,20,337.08058094666626,Cheryl,isaacus/legal-rag-bench,3a3565bc5429f6cead90548e81f87352b449927e4be1cdd804c28d766bb9c246,e3b869a4e293d081ec5f5b39c2058c8d27b36f611aa9f8275eb1877a7c8b38b0,exploratory previously inspected 100 questions,not_evaluated,0.13953488372093023
5,100,0.068,0.34,0.34,0.18849999999999997,0.22630955878066925,short_answer_len32_t0_seed20261006__hyde_single__hybrid_a0.5_d20,short_answer_len32_t0_seed20261006,hyde_single_hybrid,0.5,20,337.07657148666726,Cheryl,isaacus/legal-rag-bench,3a3565bc5429f6cead90548e81f87352b449927e4be1cdd804c28d766bb9c246,e3b869a4e293d081ec5f5b39c2058c8d27b36f611aa9f8275eb1877a7c8b38b0,exploratory previously inspected 100 questions,not_evaluated,0.11627906976744197
5,100,0.016,0.08,0.08,0.06083333333333333,0.0656160631164485,short_answer_len32_t0_seed20261006__hyde_single__hybrid_a0.75_d20,short_answer_len32_t0_seed20261006,hyde_single_hybrid,0.75,20,337.0760305466672,Cheryl,isaacus/legal-rag-bench,3a3565bc5429f6cead90548e81f87352b449927e4be1cdd804c28d766bb9c246,e3b869a4e293d081ec5f5b39c2058c8d27b36f611aa9f8275eb1877a7c8b38b0,exploratory previously inspected 100 questions,not_evaluated,-0.48837209302325574
5,100,0.06999999999999999,0.35,0.35,0.2328333333333333,0.26226320510026385,short_answer_len32_t0_seed20261006__hyde_single__hybrid_a0.25_d100,short_answer_len32_t0_seed20261006,hyde_single_hybrid,0.25,100,337.2584747066651,Cheryl,isaacus/legal-rag-bench,3a3565bc5429f6cead90548e81f87352b449927e4be1cdd804c28d766bb9c246,e3b869a4e293d081ec5f5b39c2058c8d27b36f611aa9f8275eb1877a7c8b38b0,exploratory previously inspected 100 questions,not_evaluated,0.13953488372093023
5,100,0.05600000000000001,0.28,0.28,0.16233333333333333,0.19182496759187528,short_answer_len32_t0_seed20261006__hyde_single__hybrid_a0.5_d100,short_answer_len32_t0_seed20261006,hyde_single_hybrid,0.5,100,337.1390745566657,Cheryl,isaacus/legal-rag-bench,3a3565bc5429f6cead90548e81f87352b449927e4be1cdd804c28d766bb9c246,e3b869a4e293d081ec5f5b39c2058c8d27b36f611aa9f8275eb1877a7c8b38b0,exploratory previously inspected 100 questions,not_evaluated,-0.023255813953488264
5,100,0.016,0.08,0.08,0.06583333333333333,0.06930676558073393,short_answer_len32_t0_seed20261006__hyde_single__hybrid_a0.75_d100,short_answer_len32_t0_seed20261006,hyde_single_hybrid,0.75,100,337.1291081766651,Cheryl,isaacus/legal-rag-bench,3a3565bc5429f6cead90548e81f87352b449927e4be1cdd804c28d766bb9c246,e3b869a4e293d081ec5f5b39c2058c8d27b36f611aa9f8275eb1877a7c8b38b0,exploratory previously inspected 100 questions,not_evaluated,-0.48837209302325574
5,100,0.057999999999999996,0.29,0.29,0.15866666666666668,0.19156997068099776,short_answer_len32_t0_seed20261006__question_plus_hyde,short_answer_len32_t0_seed20261006,question_plus_hyde,,100,336.8108366366664,Cheryl,isaacus/legal-rag-bench,3a3565bc5429f6cead90548e81f87352b449927e4be1cdd804c28d766bb9c246,e3b869a4e293d081ec5f5b39c2058c8d27b36f611aa9f8275eb1877a7c8b38b0,exploratory previously inspected 100 questions,not_evaluated,0.0
5,100,0.062,0.31,0.31,0.2155,0.2386315991744418,short_answer_len32_t0_seed20261006__question_plus_hyde__hybrid_a0.25_d20,short_answer_len32_t0_seed20261006,question_plus_hyde_hybrid,0.25,20,337.06473314666596,Cheryl,isaacus/legal-rag-bench,3a3565bc5429f6cead90548e81f87352b449927e4be1cdd804c28d766bb9c246,e3b869a4e293d081ec5f5b39c2058c8d27b36f611aa9f8275eb1877a7c8b38b0,exploratory previously inspected 100 questions,not_evaluated,0.046511627906976785
5,100,0.066,0.33,0.33,0.20683333333333334,0.23738166617352552,short_answer_len32_t0_seed20261006__question_plus_hyde__hybrid_a0.5_d20,short_answer_len32_t0_seed20261006,question_plus_hyde_hybrid,0.5,20,337.0599024966657,Cheryl,isaacus/legal-rag-bench,3a3565bc5429f6cead90548e81f87352b449927e4be1cdd804c28d766bb9c246,e3b869a4e293d081ec5f5b39c2058c8d27b36f611aa9f8275eb1877a7c8b38b0,exploratory previously inspected 100 questions,not_evaluated,0.09302325581395357
5,100,0.064,0.32,0.32,0.19516666666666665,0.22638673008348684,short_answer_len32_t0_seed20261006__question_plus_hyde__hybrid_a0.75_d20,short_answer_len32_t0_seed20261006,question_plus_hyde_hybrid,0.75,20,337.0613613466651,Cheryl,isaacus/legal-rag-bench,3a3565bc5429f6cead90548e81f87352b449927e4be1cdd804c28d766bb9c246,e3b869a4e293d081ec5f5b39c2058c8d27b36f611aa9f8275eb1877a7c8b38b0,exploratory previously inspected 100 questions,not_evaluated,0.06976744186046518
5,100,0.072,0.36,0.36,0.24416666666666667,0.2727373173896455,short_answer_len32_t0_seed20261006__question_plus_hyde__hybrid_a0.25_d100,short_answer_len32_t0_seed20261006,question_plus_hyde_hybrid,0.25,100,337.14614189666577,Cheryl,isaacus/legal-rag-bench,3a3565bc5429f6cead90548e81f87352b449927e4be1cdd804c28d766bb9c246,e3b869a4e293d081ec5f5b39c2058c8d27b36f611aa9f8275eb1877a7c8b38b0,exploratory previously inspected 100 questions,not_evaluated,0.16279069767441862
5,100,0.068,0.34,0.34,0.21766666666666665,0.24799772928997402,short_answer_len32_t0_seed20261006__question_plus_hyde__hybrid_a0.5_d100,short_answer_len32_t0_seed20261006,question_plus_hyde_hybrid,0.5,100,337.1414110066655,Cheryl,isaacus/legal-rag-bench,3a3565bc5429f6cead90548e81f87352b449927e4be1cdd804c28d766bb9c246,e3b869a4e293d081ec5f5b39c2058c8d27b36f611aa9f8275eb1877a7c8b38b0,exploratory previously inspected 100 questions,not_evaluated,0.11627906976744197
5,100,0.068,0.34,0.34,0.20166666666666663,0.23573478543466486,short_answer_len32_t0_seed20261006__question_plus_hyde__hybrid_a0.75_d100,short_answer_len32_t0_seed20261006,question_plus_hyde_hybrid,0.75,100,337.1348598566658,Cheryl,isaacus/legal-rag-bench,3a3565bc5429f6cead90548e81f87352b449927e4be1cdd804c28d766bb9c246,e3b869a4e293d081ec5f5b39c2058c8d27b36f611aa9f8275eb1877a7c8b38b0,exploratory previously inspected 100 questions,not_evaluated,0.11627906976744197
5,100,0.014000000000000002,0.07,0.07,0.029833333333333333,0.039662416796853915,short_answer_len32_t0_seed20261006__multi_average,short_answer_len32_t0_seed20261006,multi_average,,100,1010.4325099099992,Cheryl,isaacus/legal-rag-bench,3a3565bc5429f6cead90548e81f87352b449927e4be1cdd804c28d766bb9c246,e3b869a4e293d081ec5f5b39c2058c8d27b36f611aa9f8275eb1877a7c8b38b0,exploratory previously inspected 100 questions,not_evaluated,-0.5116279069767441
5,100,0.062,0.31,0.31,0.21749999999999997,0.24109044340216512,short_answer_len32_t0_seed20261006__multi_average__hybrid_a0.25_d20,short_answer_len32_t0_seed20261006,multi_average_hybrid,0.25,20,1010.6838162699989,Cheryl,isaacus/legal-rag-bench,3a3565bc5429f6cead90548e81f87352b449927e4be1cdd804c28d766bb9c246,e3b869a4e293d081ec5f5b39c2058c8d27b36f611aa9f8275eb1877a7c8b38b0,exploratory previously inspected 100 questions,not_evaluated,0.046511627906976785
5,100,0.06,0.3,0.3,0.16699999999999998,0.20057503459095904,short_answer_len32_t0_seed20261006__multi_average__hybrid_a0.5_d20,short_answer_len32_t0_seed20261006,multi_average_hybrid,0.5,20,1010.683429999998,Cheryl,isaacus/legal-rag-bench,3a3565bc5429f6cead90548e81f87352b449927e4be1cdd804c28d766bb9c246,e3b869a4e293d081ec5f5b39c2058c8d27b36f611aa9f8275eb1877a7c8b38b0,exploratory previously inspected 100 questions,not_evaluated,0.023255813953488393
5,100,0.022,0.11,0.11,0.07916666666666666,0.0869253606521631,short_answer_len32_t0_seed20261006__multi_average__hybrid_a0.75_d20,short_answer_len32_t0_seed20261006,multi_average_hybrid,0.75,20,1010.6825876699975,Cheryl,isaacus/legal-rag-bench,3a3565bc5429f6cead90548e81f87352b449927e4be1cdd804c28d766bb9c246,e3b869a4e293d081ec5f5b39c2058c8d27b36f611aa9f8275eb1877a7c8b38b0,exploratory previously inspected 100 questions,not_evaluated,-0.41860465116279066
5,100,0.068,0.34,0.34,0.22249999999999998,0.25208537949220383,short_answer_len32_t0_seed20261006__multi_average__hybrid_a0.25_d100,short_answer_len32_t0_seed20261006,multi_average_hybrid,0.25,100,1010.7462329099974,Cheryl,isaacus/legal-rag-bench,3a3565bc5429f6cead90548e81f87352b449927e4be1cdd804c28d766bb9c246,e3b869a4e293d081ec5f5b39c2058c8d27b36f611aa9f8275eb1877a7c8b38b0,exploratory previously inspected 100 questions,not_evaluated,0.11627906976744197
5,100,0.054000000000000006,0.27,0.27,0.1535,0.18261885631638383,short_answer_len32_t0_seed20261006__multi_average__hybrid_a0.5_d100,short_answer_len32_t0_seed20261006,multi_average_hybrid,0.5,100,1010.7560256699992,Cheryl,isaacus/legal-rag-bench,3a3565bc5429f6cead90548e81f87352b449927e4be1cdd804c28d766bb9c246,e3b869a4e293d081ec5f5b39c2058c8d27b36f611aa9f8275eb1877a7c8b38b0,exploratory previously inspected 100 questions,not_evaluated,-0.04651162790697666
5,100,0.022,0.11,0.11,0.08,0.08761859507142916,short_answer_len32_t0_seed20261006__multi_average__hybrid_a0.75_d100,short_answer_len32_t0_seed20261006,multi_average_hybrid,0.75,100,1010.7460049299982,Cheryl,isaacus/legal-rag-bench,3a3565bc5429f6cead90548e81f87352b449927e4be1cdd804c28d766bb9c246,e3b869a4e293d081ec5f5b39c2058c8d27b36f611aa9f8275eb1877a7c8b38b0,exploratory previously inspected 100 questions,not_evaluated,-0.41860465116279066
5,100,0.014000000000000002,0.07,0.07,0.037333333333333336,0.04535565121611999,short_answer_len32_t0_seed20261006__multi_rrf,short_answer_len32_t0_seed20261006,multi_rrf,,100,1010.4325099099992,Cheryl,isaacus/legal-rag-bench,3a3565bc5429f6cead90548e81f87352b449927e4be1cdd804c28d766bb9c246,e3b869a4e293d081ec5f5b39c2058c8d27b36f611aa9f8275eb1877a7c8b38b0,exploratory previously inspected 100 questions,not_evaluated,-0.5116279069767441
5,100,0.062,0.31,0.31,0.22333333333333333,0.24539720898289905,short_answer_len32_t0_seed20261006__multi_rrf__hybrid_a0.25_d20,short_answer_len32_t0_seed20261006,multi_rrf_hybrid,0.25,20,1010.6821022799988,Cheryl,isaacus/legal-rag-bench,3a3565bc5429f6cead90548e81f87352b449927e4be1cdd804c28d766bb9c246,e3b869a4e293d081ec5f5b39c2058c8d27b36f611aa9f8275eb1877a7c8b38b0,exploratory previously inspected 100 questions,not_evaluated,0.046511627906976785
5,100,0.064,0.32,0.32,0.19933333333333333,0.22938419812850616,short_answer_len32_t0_seed20261006__multi_rrf__hybrid_a0.5_d20,short_answer_len32_t0_seed20261006,multi_rrf_hybrid,0.5,20,1010.6828135299986,Cheryl,isaacus/legal-rag-bench,3a3565bc5429f6cead90548e81f87352b449927e4be1cdd804c28d766bb9c246,e3b869a4e293d081ec5f5b39c2058c8d27b36f611aa9f8275eb1877a7c8b38b0,exploratory previously inspected 100 questions,not_evaluated,0.06976744186046518
5,100,0.02,0.1,0.1,0.07283333333333333,0.07948459118879392,short_answer_len32_t0_seed20261006__multi_rrf__hybrid_a0.75_d20,short_answer_len32_t0_seed20261006,multi_rrf_hybrid,0.75,20,1010.68469639,Cheryl,isaacus/legal-rag-bench,3a3565bc5429f6cead90548e81f87352b449927e4be1cdd804c28d766bb9c246,e3b869a4e293d081ec5f5b39c2058c8d27b36f611aa9f8275eb1877a7c8b38b0,exploratory previously inspected 100 questions,not_evaluated,-0.441860465116279
5,100,0.078,0.39,0.39,0.22599999999999998,0.26661126045144184,short_answer_len32_t0_seed20261006__multi_rrf__hybrid_a0.25_d100,short_answer_len32_t0_seed20261006,multi_rrf_hybrid,0.25,100,1010.7435024899985,Cheryl,isaacus/legal-rag-bench,3a3565bc5429f6cead90548e81f87352b449927e4be1cdd804c28d766bb9c246,e3b869a4e293d081ec5f5b39c2058c8d27b36f611aa9f8275eb1877a7c8b38b0,exploratory previously inspected 100 questions,not_evaluated,0.2325581395348838
5,100,0.054000000000000006,0.27,0.27,0.17183333333333334,0.19638673008348678,short_answer_len32_t0_seed20261006__multi_rrf__hybrid_a0.5_d100,short_answer_len32_t0_seed20261006,multi_rrf_hybrid,0.5,100,1010.7825027999991,Cheryl,isaacus/legal-rag-bench,3a3565bc5429f6cead90548e81f87352b449927e4be1cdd804c28d766bb9c246,e3b869a4e293d081ec5f5b39c2058c8d27b36f611aa9f8275eb1877a7c8b38b0,exploratory previously inspected 100 questions,not_evaluated,-0.04651162790697666
5,100,0.024,0.12,0.12,0.09783333333333333,0.10317529365307934,short_answer_len32_t0_seed20261006__multi_rrf__hybrid_a0.75_d100,short_answer_len32_t0_seed20261006,multi_rrf_hybrid,0.75,100,1010.7621773599988,Cheryl,isaacus/legal-rag-bench,3a3565bc5429f6cead90548e81f87352b449927e4be1cdd804c28d766bb9c246,e3b869a4e293d081ec5f5b39c2058c8d27b36f611aa9f8275eb1877a7c8b38b0,exploratory previously inspected 100 questions,not_evaluated,-0.3953488372093023
5,100,0.012,0.06,0.06,0.0365,0.042043821725424764,short_answer_len32_t0.7_seed20261006__hyde_single,short_answer_len32_t0.7_seed20261006,hyde_single,,100,364.4054853900002,Cheryl,isaacus/legal-rag-bench,3a3565bc5429f6cead90548e81f87352b449927e4be1cdd804c28d766bb9c246,e3b869a4e293d081ec5f5b39c2058c8d27b36f611aa9f8275eb1877a7c8b38b0,exploratory previously inspected 100 questions,not_evaluated,-0.5348837209302325
5,100,0.06999999999999999,0.35,0.35,0.23866666666666667,0.2671986935723495,short_answer_len32_t0.7_seed20261006__hyde_single__hybrid_a0.25_d20,short_answer_len32_t0.7_seed20261006,hyde_single_hybrid,0.25,20,364.6710009900005,Cheryl,isaacus/legal-rag-bench,3a3565bc5429f6cead90548e81f87352b449927e4be1cdd804c28d766bb9c246,e3b869a4e293d081ec5f5b39c2058c8d27b36f611aa9f8275eb1877a7c8b38b0,exploratory previously inspected 100 questions,not_evaluated,0.13953488372093023
5,100,0.068,0.34,0.34,0.209,0.2418249675918753,short_answer_len32_t0.7_seed20261006__hyde_single__hybrid_a0.5_d20,short_answer_len32_t0.7_seed20261006,hyde_single_hybrid,0.5,20,364.6763458599992,Cheryl,isaacus/legal-rag-bench,3a3565bc5429f6cead90548e81f87352b449927e4be1cdd804c28d766bb9c246,e3b869a4e293d081ec5f5b39c2058c8d27b36f611aa9f8275eb1877a7c8b38b0,exploratory previously inspected 100 questions,not_evaluated,0.11627906976744197
5,100,0.018,0.09,0.09,0.06,0.06761859507142916,short_answer_len32_t0.7_seed20261006__hyde_single__hybrid_a0.75_d20,short_answer_len32_t0.7_seed20261006,hyde_single_hybrid,0.75,20,364.67647501999977,Cheryl,isaacus/legal-rag-bench,3a3565bc5429f6cead90548e81f87352b449927e4be1cdd804c28d766bb9c246,e3b869a4e293d081ec5f5b39c2058c8d27b36f611aa9f8275eb1877a7c8b38b0,exploratory previously inspected 100 questions,not_evaluated,-0.46511627906976744
5,100,0.068,0.34,0.34,0.22033333333333333,0.25057503459095903,short_answer_len32_t0.7_seed20261006__hyde_single__hybrid_a0.25_d100,short_answer_len32_t0.7_seed20261006,hyde_single_hybrid,0.25,100,364.72768030999873,Cheryl,isaacus/legal-rag-bench,3a3565bc5429f6cead90548e81f87352b449927e4be1cdd804c28d766bb9c246,e3b869a4e293d081ec5f5b39c2058c8d27b36f611aa9f8275eb1877a7c8b38b0,exploratory previously inspected 100 questions,not_evaluated,0.11627906976744197
5,100,0.062,0.31,0.31,0.17783333333333332,0.21095390756454926,short_answer_len32_t0.7_seed20261006__hyde_single__hybrid_a0.5_d100,short_answer_len32_t0.7_seed20261006,hyde_single_hybrid,0.5,100,364.7614836599985,Cheryl,isaacus/legal-rag-bench,3a3565bc5429f6cead90548e81f87352b449927e4be1cdd804c28d766bb9c246,e3b869a4e293d081ec5f5b39c2058c8d27b36f611aa9f8275eb1877a7c8b38b0,exploratory previously inspected 100 questions,not_evaluated,0.046511627906976785
5,100,0.018,0.09,0.09,0.0525,0.061925360652163086,short_answer_len32_t0.7_seed20261006__hyde_single__hybrid_a0.75_d100,short_answer_len32_t0.7_seed20261006,hyde_single_hybrid,0.75,100,364.7562706899987,Cheryl,isaacus/legal-rag-bench,3a3565bc5429f6cead90548e81f87352b449927e4be1cdd804c28d766bb9c246,e3b869a4e293d081ec5f5b39c2058c8d27b36f611aa9f8275eb1877a7c8b38b0,exploratory previously inspected 100 questions,not_evaluated,-0.46511627906976744
5,100,0.057999999999999996,0.29,0.29,0.1565,0.18966809303125956,short_answer_len32_t0.7_seed20261006__question_plus_hyde,short_answer_len32_t0.7_seed20261006,question_plus_hyde,,100,364.4054853900002,Cheryl,isaacus/legal-rag-bench,3a3565bc5429f6cead90548e81f87352b449927e4be1cdd804c28d766bb9c246,e3b869a4e293d081ec5f5b39c2058c8d27b36f611aa9f8275eb1877a7c8b38b0,exploratory previously inspected 100 questions,not_evaluated,0.0
5,100,0.064,0.32,0.32,0.21516666666666664,0.24107236863781092,short_answer_len32_t0.7_seed20261006__question_plus_hyde__hybrid_a0.25_d20,short_answer_len32_t0.7_seed20261006,question_plus_hyde_hybrid,0.25,20,364.6558310299986,Cheryl,isaacus/legal-rag-bench,3a3565bc5429f6cead90548e81f87352b449927e4be1cdd804c28d766bb9c246,e3b869a4e293d081ec5f5b39c2058c8d27b36f611aa9f8275eb1877a7c8b38b0,exploratory previously inspected 100 questions,not_evaluated,0.06976744186046518
5,100,0.068,0.34,0.34,0.217,0.247642078073854,short_answer_len32_t0.7_seed20261006__question_plus_hyde__hybrid_a0.5_d20,short_answer_len32_t0.7_seed20261006,question_plus_hyde_hybrid,0.5,20,364.65578731000164,Cheryl,isaacus/legal-rag-bench,3a3565bc5429f6cead90548e81f87352b449927e4be1cdd804c28d766bb9c246,e3b869a4e293d081ec5f5b39c2058c8d27b36f611aa9f8275eb1877a7c8b38b0,exploratory previously inspected 100 questions,not_evaluated,0.11627906976744197
5,100,0.066,0.33,0.33,0.198,0.23087132127228074,short_answer_len32_t0.7_seed20261006__question_plus_hyde__hybrid_a0.75_d20,short_answer_len32_t0.7_seed20261006,question_plus_hyde_hybrid,0.75,20,364.65672960999996,Cheryl,isaacus/legal-rag-bench,3a3565bc5429f6cead90548e81f87352b449927e4be1cdd804c28d766bb9c246,e3b869a4e293d081ec5f5b39c2058c8d27b36f611aa9f8275eb1877a7c8b38b0,exploratory previously inspected 100 questions,not_evaluated,0.09302325581395357
5,100,0.06999999999999999,0.35,0.35,0.244,0.2704384987533432,short_answer_len32_t0.7_seed20261006__question_plus_hyde__hybrid_a0.25_d100,short_answer_len32_t0.7_seed20261006,question_plus_hyde_hybrid,0.25,100,364.7312251799997,Cheryl,isaacus/legal-rag-bench,3a3565bc5429f6cead90548e81f87352b449927e4be1cdd804c28d766bb9c246,e3b869a4e293d081ec5f5b39c2058c8d27b36f611aa9f8275eb1877a7c8b38b0,exploratory previously inspected 100 questions,not_evaluated,0.13953488372093023
5,100,0.06999999999999999,0.35,0.35,0.23183333333333334,0.2609951973349933,short_answer_len32_t0.7_seed20261006__question_plus_hyde__hybrid_a0.5_d100,short_answer_len32_t0.7_seed20261006,question_plus_hyde_hybrid,0.5,100,364.7347376099981,Cheryl,isaacus/legal-rag-bench,3a3565bc5429f6cead90548e81f87352b449927e4be1cdd804c28d766bb9c246,e3b869a4e293d081ec5f5b39c2058c8d27b36f611aa9f8275eb1877a7c8b38b0,exploratory previously inspected 100 questions,not_evaluated,0.13953488372093023
5,100,0.068,0.34,0.34,0.20433333333333334,0.23792055798715644,short_answer_len32_t0.7_seed20261006__question_plus_hyde__hybrid_a0.75_d100,short_answer_len32_t0.7_seed20261006,question_plus_hyde_hybrid,0.75,100,364.73154707999925,Cheryl,isaacus/legal-rag-bench,3a3565bc5429f6cead90548e81f87352b449927e4be1cdd804c28d766bb9c246,e3b869a4e293d081ec5f5b39c2058c8d27b36f611aa9f8275eb1877a7c8b38b0,exploratory previously inspected 100 questions,not_evaluated,0.11627906976744197
5,100,0.016,0.08,0.08,0.0385,0.04853094486919933,short_answer_len32_t0.7_seed20261006__multi_average,short_answer_len32_t0.7_seed20261006,multi_average,,100,1093.2164561700006,Cheryl,isaacus/legal-rag-bench,3a3565bc5429f6cead90548e81f87352b449927e4be1cdd804c28d766bb9c246,e3b869a4e293d081ec5f5b39c2058c8d27b36f611aa9f8275eb1877a7c8b38b0,exploratory previously inspected 100 questions,not_evaluated,-0.48837209302325574
5,100,0.068,0.34,0.34,0.21233333333333332,0.24444356266330444,short_answer_len32_t0.7_seed20261006__multi_average__hybrid_a0.25_d20,short_answer_len32_t0.7_seed20261006,multi_average_hybrid,0.25,20,1093.47131225,Cheryl,isaacus/legal-rag-bench,3a3565bc5429f6cead90548e81f87352b449927e4be1cdd804c28d766bb9c246,e3b869a4e293d081ec5f5b39c2058c8d27b36f611aa9f8275eb1877a7c8b38b0,exploratory previously inspected 100 questions,not_evaluated,0.11627906976744197
5,100,0.062,0.31,0.31,0.16866666666666666,0.2041885657524269,short_answer_len32_t0.7_seed20261006__multi_average__hybrid_a0.5_d20,short_answer_len32_t0.7_seed20261006,multi_average_hybrid,0.5,20,1093.4683864800002,Cheryl,isaacus/legal-rag-bench,3a3565bc5429f6cead90548e81f87352b449927e4be1cdd804c28d766bb9c246,e3b869a4e293d081ec5f5b39c2058c8d27b36f611aa9f8275eb1877a7c8b38b0,exploratory previously inspected 100 questions,not_evaluated,0.046511627906976785
5,100,0.018,0.09,0.09,0.06533333333333333,0.07148712314377458,short_answer_len32_t0.7_seed20261006__multi_average__hybrid_a0.75_d20,short_answer_len32_t0.7_seed20261006,multi_average_hybrid,0.75,20,1093.4831520199998,Cheryl,isaacus/legal-rag-bench,3a3565bc5429f6cead90548e81f87352b449927e4be1cdd804c28d766bb9c246,e3b869a4e293d081ec5f5b39c2058c8d27b36f611aa9f8275eb1877a7c8b38b0,exploratory previously inspected 100 questions,not_evaluated,-0.46511627906976744
5,100,0.066,0.33,0.33,0.19533333333333328,0.22926573705524447,short_answer_len32_t0.7_seed20261006__multi_average__hybrid_a0.25_d100,short_answer_len32_t0.7_seed20261006,multi_average_hybrid,0.25,100,1093.5446663899995,Cheryl,isaacus/legal-rag-bench,3a3565bc5429f6cead90548e81f87352b449927e4be1cdd804c28d766bb9c246,e3b869a4e293d081ec5f5b39c2058c8d27b36f611aa9f8275eb1877a7c8b38b0,exploratory previously inspected 100 questions,not_evaluated,0.09302325581395357
5,100,0.05600000000000001,0.28,0.28,0.13916666666666666,0.17380942478250178,short_answer_len32_t0.7_seed20261006__multi_average__hybrid_a0.5_d100,short_answer_len32_t0.7_seed20261006,multi_average_hybrid,0.5,100,1093.5445026199989,Cheryl,isaacus/legal-rag-bench,3a3565bc5429f6cead90548e81f87352b449927e4be1cdd804c28d766bb9c246,e3b869a4e293d081ec5f5b39c2058c8d27b36f611aa9f8275eb1877a7c8b38b0,exploratory previously inspected 100 questions,not_evaluated,-0.023255813953488264
5,100,0.024,0.12,0.12,0.08783333333333333,0.09579388872450849,short_answer_len32_t0.7_seed20261006__multi_average__hybrid_a0.75_d100,short_answer_len32_t0.7_seed20261006,multi_average_hybrid,0.75,100,1093.5555972200007,Cheryl,isaacus/legal-rag-bench,3a3565bc5429f6cead90548e81f87352b449927e4be1cdd804c28d766bb9c246,e3b869a4e293d081ec5f5b39c2058c8d27b36f611aa9f8275eb1877a7c8b38b0,exploratory previously inspected 100 questions,not_evaluated,-0.3953488372093023
5,100,0.016,0.08,0.08,0.04083333333333333,0.05053889181363094,short_answer_len32_t0.7_seed20261006__multi_rrf,short_answer_len32_t0.7_seed20261006,multi_rrf,,100,1093.2164561700006,Cheryl,isaacus/legal-rag-bench,3a3565bc5429f6cead90548e81f87352b449927e4be1cdd804c28d766bb9c246,e3b869a4e293d081ec5f5b39c2058c8d27b36f611aa9f8275eb1877a7c8b38b0,exploratory previously inspected 100 questions,not_evaluated,-0.48837209302325574
5,100,0.072,0.36,0.36,0.23566666666666666,0.26706215773473363,short_answer_len32_t0.7_seed20261006__multi_rrf__hybrid_a0.25_d20,short_answer_len32_t0.7_seed20261006,multi_rrf_hybrid,0.25,20,1093.4668609800008,Cheryl,isaacus/legal-rag-bench,3a3565bc5429f6cead90548e81f87352b449927e4be1cdd804c28d766bb9c246,e3b869a4e293d081ec5f5b39c2058c8d27b36f611aa9f8275eb1877a7c8b38b0,exploratory previously inspected 100 questions,not_evaluated,0.16279069767441862
5,100,0.066,0.33,0.33,0.19816666666666666,0.23120890447542677,short_answer_len32_t0.7_seed20261006__multi_rrf__hybrid_a0.5_d20,short_answer_len32_t0.7_seed20261006,multi_rrf_hybrid,0.5,20,1093.4685682500015,Cheryl,isaacus/legal-rag-bench,3a3565bc5429f6cead90548e81f87352b449927e4be1cdd804c28d766bb9c246,e3b869a4e293d081ec5f5b39c2058c8d27b36f611aa9f8275eb1877a7c8b38b0,exploratory previously inspected 100 questions,not_evaluated,0.09302325581395357
5,100,0.022,0.11,0.11,0.0675,0.07823465818787766,short_answer_len32_t0.7_seed20261006__multi_rrf__hybrid_a0.75_d20,short_answer_len32_t0.7_seed20261006,multi_rrf_hybrid,0.75,20,1093.47790702,Cheryl,isaacus/legal-rag-bench,3a3565bc5429f6cead90548e81f87352b449927e4be1cdd804c28d766bb9c246,e3b869a4e293d081ec5f5b39c2058c8d27b36f611aa9f8275eb1877a7c8b38b0,exploratory previously inspected 100 questions,not_evaluated,-0.41860465116279066
5,100,0.072,0.36,0.36,0.19766666666666666,0.23815774813001475,short_answer_len32_t0.7_seed20261006__multi_rrf__hybrid_a0.25_d100,short_answer_len32_t0.7_seed20261006,multi_rrf_hybrid,0.25,100,1093.5275028099989,Cheryl,isaacus/legal-rag-bench,3a3565bc5429f6cead90548e81f87352b449927e4be1cdd804c28d766bb9c246,e3b869a4e293d081ec5f5b39c2058c8d27b36f611aa9f8275eb1877a7c8b38b0,exploratory previously inspected 100 questions,not_evaluated,0.16279069767441862
5,100,0.064,0.32,0.32,0.14733333333333332,0.1898583104178878,short_answer_len32_t0.7_seed20261006__multi_rrf__hybrid_a0.5_d100,short_answer_len32_t0.7_seed20261006,multi_rrf_hybrid,0.5,100,1093.5364429999993,Cheryl,isaacus/legal-rag-bench,3a3565bc5429f6cead90548e81f87352b449927e4be1cdd804c28d766bb9c246,e3b869a4e293d081ec5f5b39c2058c8d27b36f611aa9f8275eb1877a7c8b38b0,exploratory previously inspected 100 questions,not_evaluated,0.06976744186046518
5,100,0.028000000000000004,0.14,0.14,0.08783333333333333,0.10079388872450849,short_answer_len32_t0.7_seed20261006__multi_rrf__hybrid_a0.75_d100,short_answer_len32_t0.7_seed20261006,multi_rrf_hybrid,0.75,100,1093.5355337199996,Cheryl,isaacus/legal-rag-bench,3a3565bc5429f6cead90548e81f87352b449927e4be1cdd804c28d766bb9c246,e3b869a4e293d081ec5f5b39c2058c8d27b36f611aa9f8275eb1877a7c8b38b0,exploratory previously inspected 100 questions,not_evaluated,-0.34883720930232553
5,100,0.008,0.04,0.04,0.017,0.02248205923381328,short_answer_len96_t0_seed20261006__hyde_single,short_answer_len96_t0_seed20261006,hyde_single,,100,299.14014110666585,Cheryl,isaacus/legal-rag-bench,3a3565bc5429f6cead90548e81f87352b449927e4be1cdd804c28d766bb9c246,e3b869a4e293d081ec5f5b39c2058c8d27b36f611aa9f8275eb1877a7c8b38b0,exploratory previously inspected 100 questions,not_evaluated,-0.5813953488372092
5,100,0.06999999999999999,0.35,0.35,0.2445,0.2712682690102251,short_answer_len96_t0_seed20261006__hyde_single__hybrid_a0.25_d20,short_answer_len96_t0_seed20261006,hyde_single_hybrid,0.25,20,299.40481865666584,Cheryl,isaacus/legal-rag-bench,3a3565bc5429f6cead90548e81f87352b449927e4be1cdd804c28d766bb9c246,e3b869a4e293d081ec5f5b39c2058c8d27b36f611aa9f8275eb1877a7c8b38b0,exploratory previously inspected 100 questions,not_evaluated,0.13953488372093023
5,100,0.068,0.34,0.34,0.18849999999999997,0.22630955878066925,short_answer_len96_t0_seed20261006__hyde_single__hybrid_a0.5_d20,short_answer_len96_t0_seed20261006,hyde_single_hybrid,0.5,20,299.40484987666537,Cheryl,isaacus/legal-rag-bench,3a3565bc5429f6cead90548e81f87352b449927e4be1cdd804c28d766bb9c246,e3b869a4e293d081ec5f5b39c2058c8d27b36f611aa9f8275eb1877a7c8b38b0,exploratory previously inspected 100 questions,not_evaluated,0.11627906976744197
5,100,0.016,0.08,0.08,0.06083333333333333,0.0656160631164485,short_answer_len96_t0_seed20261006__hyde_single__hybrid_a0.75_d20,short_answer_len96_t0_seed20261006,hyde_single_hybrid,0.75,20,299.40591417666496,Cheryl,isaacus/legal-rag-bench,3a3565bc5429f6cead90548e81f87352b449927e4be1cdd804c28d766bb9c246,e3b869a4e293d081ec5f5b39c2058c8d27b36f611aa9f8275eb1877a7c8b38b0,exploratory previously inspected 100 questions,not_evaluated,-0.48837209302325574
5,100,0.06999999999999999,0.35,0.35,0.2328333333333333,0.26226320510026385,short_answer_len96_t0_seed20261006__hyde_single__hybrid_a0.25_d100,short_answer_len96_t0_seed20261006,hyde_single_hybrid,0.25,100,299.4751447366673,Cheryl,isaacus/legal-rag-bench,3a3565bc5429f6cead90548e81f87352b449927e4be1cdd804c28d766bb9c246,e3b869a4e293d081ec5f5b39c2058c8d27b36f611aa9f8275eb1877a7c8b38b0,exploratory previously inspected 100 questions,not_evaluated,0.13953488372093023
5,100,0.05600000000000001,0.28,0.28,0.16233333333333333,0.19182496759187528,short_answer_len96_t0_seed20261006__hyde_single__hybrid_a0.5_d100,short_answer_len96_t0_seed20261006,hyde_single_hybrid,0.5,100,299.46477927666706,Cheryl,isaacus/legal-rag-bench,3a3565bc5429f6cead90548e81f87352b449927e4be1cdd804c28d766bb9c246,e3b869a4e293d081ec5f5b39c2058c8d27b36f611aa9f8275eb1877a7c8b38b0,exploratory previously inspected 100 questions,not_evaluated,-0.023255813953488264
5,100,0.016,0.08,0.08,0.06583333333333333,0.06930676558073393,short_answer_len96_t0_seed20261006__hyde_single__hybrid_a0.75_d100,short_answer_len96_t0_seed20261006,hyde_single_hybrid,0.75,100,299.4615247366653,Cheryl,isaacus/legal-rag-bench,3a3565bc5429f6cead90548e81f87352b449927e4be1cdd804c28d766bb9c246,e3b869a4e293d081ec5f5b39c2058c8d27b36f611aa9f8275eb1877a7c8b38b0,exploratory previously inspected 100 questions,not_evaluated,-0.48837209302325574
5,100,0.057999999999999996,0.29,0.29,0.15866666666666668,0.19156997068099776,short_answer_len96_t0_seed20261006__question_plus_hyde,short_answer_len96_t0_seed20261006,question_plus_hyde,,100,299.14014110666585,Cheryl,isaacus/legal-rag-bench,3a3565bc5429f6cead90548e81f87352b449927e4be1cdd804c28d766bb9c246,e3b869a4e293d081ec5f5b39c2058c8d27b36f611aa9f8275eb1877a7c8b38b0,exploratory previously inspected 100 questions,not_evaluated,0.0
5,100,0.062,0.31,0.31,0.2155,0.2386315991744418,short_answer_len96_t0_seed20261006__question_plus_hyde__hybrid_a0.25_d20,short_answer_len96_t0_seed20261006,question_plus_hyde_hybrid,0.25,20,299.39072811666506,Cheryl,isaacus/legal-rag-bench,3a3565bc5429f6cead90548e81f87352b449927e4be1cdd804c28d766bb9c246,e3b869a4e293d081ec5f5b39c2058c8d27b36f611aa9f8275eb1877a7c8b38b0,exploratory previously inspected 100 questions,not_evaluated,0.046511627906976785
5,100,0.066,0.33,0.33,0.20683333333333334,0.23738166617352552,short_answer_len96_t0_seed20261006__question_plus_hyde__hybrid_a0.5_d20,short_answer_len96_t0_seed20261006,question_plus_hyde_hybrid,0.5,20,299.3891335366641,Cheryl,isaacus/legal-rag-bench,3a3565bc5429f6cead90548e81f87352b449927e4be1cdd804c28d766bb9c246,e3b869a4e293d081ec5f5b39c2058c8d27b36f611aa9f8275eb1877a7c8b38b0,exploratory previously inspected 100 questions,not_evaluated,0.09302325581395357
5,100,0.064,0.32,0.32,0.19516666666666665,0.22638673008348684,short_answer_len96_t0_seed20261006__question_plus_hyde__hybrid_a0.75_d20,short_answer_len96_t0_seed20261006,question_plus_hyde_hybrid,0.75,20,299.39006943666413,Cheryl,isaacus/legal-rag-bench,3a3565bc5429f6cead90548e81f87352b449927e4be1cdd804c28d766bb9c246,e3b869a4e293d081ec5f5b39c2058c8d27b36f611aa9f8275eb1877a7c8b38b0,exploratory previously inspected 100 questions,not_evaluated,0.06976744186046518
5,100,0.072,0.36,0.36,0.24416666666666667,0.2727373173896455,short_answer_len96_t0_seed20261006__question_plus_hyde__hybrid_a0.25_d100,short_answer_len96_t0_seed20261006,question_plus_hyde_hybrid,0.25,100,299.48800477666396,Cheryl,isaacus/legal-rag-bench,3a3565bc5429f6cead90548e81f87352b449927e4be1cdd804c28d766bb9c246,e3b869a4e293d081ec5f5b39c2058c8d27b36f611aa9f8275eb1877a7c8b38b0,exploratory previously inspected 100 questions,not_evaluated,0.16279069767441862
5,100,0.068,0.34,0.34,0.21766666666666665,0.24799772928997402,short_answer_len96_t0_seed20261006__question_plus_hyde__hybrid_a0.5_d100,short_answer_len96_t0_seed20261006,question_plus_hyde_hybrid,0.5,100,299.47921635666376,Cheryl,isaacus/legal-rag-bench,3a3565bc5429f6cead90548e81f87352b449927e4be1cdd804c28d766bb9c246,e3b869a4e293d081ec5f5b39c2058c8d27b36f611aa9f8275eb1877a7c8b38b0,exploratory previously inspected 100 questions,not_evaluated,0.11627906976744197
5,100,0.068,0.34,0.34,0.20166666666666663,0.23573478543466486,short_answer_len96_t0_seed20261006__question_plus_hyde__hybrid_a0.75_d100,short_answer_len96_t0_seed20261006,question_plus_hyde_hybrid,0.75,100,299.47042673666715,Cheryl,isaacus/legal-rag-bench,3a3565bc5429f6cead90548e81f87352b449927e4be1cdd804c28d766bb9c246,e3b869a4e293d081ec5f5b39c2058c8d27b36f611aa9f8275eb1877a7c8b38b0,exploratory previously inspected 100 questions,not_evaluated,0.11627906976744197
5,100,0.014000000000000002,0.07,0.07,0.027333333333333334,0.03765988484187327,short_answer_len96_t0_seed20261006__multi_average,short_answer_len96_t0_seed20261006,multi_average,,100,897.4204233199976,Cheryl,isaacus/legal-rag-bench,3a3565bc5429f6cead90548e81f87352b449927e4be1cdd804c28d766bb9c246,e3b869a4e293d081ec5f5b39c2058c8d27b36f611aa9f8275eb1877a7c8b38b0,exploratory previously inspected 100 questions,not_evaluated,-0.5116279069767441
5,100,0.062,0.31,0.31,0.21583333333333332,0.23978114586645055,short_answer_len96_t0_seed20261006__multi_average__hybrid_a0.25_d20,short_answer_len96_t0_seed20261006,multi_average_hybrid,0.25,20,897.6672166799983,Cheryl,isaacus/legal-rag-bench,3a3565bc5429f6cead90548e81f87352b449927e4be1cdd804c28d766bb9c246,e3b869a4e293d081ec5f5b39c2058c8d27b36f611aa9f8275eb1877a7c8b38b0,exploratory previously inspected 100 questions,not_evaluated,0.046511627906976785
5,100,0.06,0.3,0.3,0.16616666666666663,0.19988180017169296,short_answer_len96_t0_seed20261006__multi_average__hybrid_a0.5_d20,short_answer_len96_t0_seed20261006,multi_average_hybrid,0.5,20,897.6724178699953,Cheryl,isaacus/legal-rag-bench,3a3565bc5429f6cead90548e81f87352b449927e4be1cdd804c28d766bb9c246,e3b869a4e293d081ec5f5b39c2058c8d27b36f611aa9f8275eb1877a7c8b38b0,exploratory previously inspected 100 questions,not_evaluated,0.023255813953488393
5,100,0.022,0.11,0.11,0.07916666666666666,0.0869253606521631,short_answer_len96_t0_seed20261006__multi_average__hybrid_a0.75_d20,short_answer_len96_t0_seed20261006,multi_average_hybrid,0.75,20,897.6690226599987,Cheryl,isaacus/legal-rag-bench,3a3565bc5429f6cead90548e81f87352b449927e4be1cdd804c28d766bb9c246,e3b869a4e293d081ec5f5b39c2058c8d27b36f611aa9f8275eb1877a7c8b38b0,exploratory previously inspected 100 questions,not_evaluated,-0.41860465116279066
5,100,0.068,0.34,0.34,0.22166666666666665,0.2513921450729378,short_answer_len96_t0_seed20261006__multi_average__hybrid_a0.25_d100,short_answer_len96_t0_seed20261006,multi_average_hybrid,0.25,100,897.7326463899965,Cheryl,isaacus/legal-rag-bench,3a3565bc5429f6cead90548e81f87352b449927e4be1cdd804c28d766bb9c246,e3b869a4e293d081ec5f5b39c2058c8d27b36f611aa9f8275eb1877a7c8b38b0,exploratory previously inspected 100 questions,not_evaluated,0.11627906976744197
5,100,0.052000000000000005,0.26,0.26,0.1515,0.1787503282440384,short_answer_len96_t0_seed20261006__multi_average__hybrid_a0.5_d100,short_answer_len96_t0_seed20261006,multi_average_hybrid,0.5,100,897.753650669996,Cheryl,isaacus/legal-rag-bench,3a3565bc5429f6cead90548e81f87352b449927e4be1cdd804c28d766bb9c246,e3b869a4e293d081ec5f5b39c2058c8d27b36f611aa9f8275eb1877a7c8b38b0,exploratory previously inspected 100 questions,not_evaluated,-0.06976744186046505
5,100,0.022,0.11,0.11,0.08,0.08761859507142916,short_answer_len96_t0_seed20261006__multi_average__hybrid_a0.75_d100,short_answer_len96_t0_seed20261006,multi_average_hybrid,0.75,100,897.7410806099977,Cheryl,isaacus/legal-rag-bench,3a3565bc5429f6cead90548e81f87352b449927e4be1cdd804c28d766bb9c246,e3b869a4e293d081ec5f5b39c2058c8d27b36f611aa9f8275eb1877a7c8b38b0,exploratory previously inspected 100 questions,not_evaluated,-0.41860465116279066
5,100,0.014000000000000002,0.07,0.07,0.035666666666666666,0.04404635368040541,short_answer_len96_t0_seed20261006__multi_rrf,short_answer_len96_t0_seed20261006,multi_rrf,,100,897.4204233199976,Cheryl,isaacus/legal-rag-bench,3a3565bc5429f6cead90548e81f87352b449927e4be1cdd804c28d766bb9c246,e3b869a4e293d081ec5f5b39c2058c8d27b36f611aa9f8275eb1877a7c8b38b0,exploratory previously inspected 100 questions,not_evaluated,-0.5116279069767441
5,100,0.062,0.31,0.31,0.22333333333333333,0.24539720898289905,short_answer_len96_t0_seed20261006__multi_rrf__hybrid_a0.25_d20,short_answer_len96_t0_seed20261006,multi_rrf_hybrid,0.25,20,897.6716378799949,Cheryl,isaacus/legal-rag-bench,3a3565bc5429f6cead90548e81f87352b449927e4be1cdd804c28d766bb9c246,e3b869a4e293d081ec5f5b39c2058c8d27b36f611aa9f8275eb1877a7c8b38b0,exploratory previously inspected 100 questions,not_evaluated,0.046511627906976785
5,100,0.064,0.32,0.32,0.19933333333333333,0.22938419812850616,short_answer_len96_t0_seed20261006__multi_rrf__hybrid_a0.5_d20,short_answer_len96_t0_seed20261006,multi_rrf_hybrid,0.5,20,897.6701220999973,Cheryl,isaacus/legal-rag-bench,3a3565bc5429f6cead90548e81f87352b449927e4be1cdd804c28d766bb9c246,e3b869a4e293d081ec5f5b39c2058c8d27b36f611aa9f8275eb1877a7c8b38b0,exploratory previously inspected 100 questions,not_evaluated,0.06976744186046518
5,100,0.02,0.1,0.1,0.07283333333333333,0.07948459118879392,short_answer_len96_t0_seed20261006__multi_rrf__hybrid_a0.75_d20,short_answer_len96_t0_seed20261006,multi_rrf_hybrid,0.75,20,897.6733915699981,Cheryl,isaacus/legal-rag-bench,3a3565bc5429f6cead90548e81f87352b449927e4be1cdd804c28d766bb9c246,e3b869a4e293d081ec5f5b39c2058c8d27b36f611aa9f8275eb1877a7c8b38b0,exploratory previously inspected 100 questions,not_evaluated,-0.441860465116279
5,100,0.076,0.38,0.38,0.22399999999999998,0.26274273237909646,short_answer_len96_t0_seed20261006__multi_rrf__hybrid_a0.25_d100,short_answer_len96_t0_seed20261006,multi_rrf_hybrid,0.25,100,897.7564065699983,Cheryl,isaacus/legal-rag-bench,3a3565bc5429f6cead90548e81f87352b449927e4be1cdd804c28d766bb9c246,e3b869a4e293d081ec5f5b39c2058c8d27b36f611aa9f8275eb1877a7c8b38b0,exploratory previously inspected 100 questions,not_evaluated,0.20930232558139542
5,100,0.054000000000000006,0.27,0.27,0.17183333333333334,0.19638673008348678,short_answer_len96_t0_seed20261006__multi_rrf__hybrid_a0.5_d100,short_answer_len96_t0_seed20261006,multi_rrf_hybrid,0.5,100,897.7497527999969,Cheryl,isaacus/legal-rag-bench,3a3565bc5429f6cead90548e81f87352b449927e4be1cdd804c28d766bb9c246,e3b869a4e293d081ec5f5b39c2058c8d27b36f611aa9f8275eb1877a7c8b38b0,exploratory previously inspected 100 questions,not_evaluated,-0.04651162790697666
5,100,0.024,0.12,0.12,0.09783333333333333,0.10317529365307934,short_answer_len96_t0_seed20261006__multi_rrf__hybrid_a0.75_d100,short_answer_len96_t0_seed20261006,multi_rrf_hybrid,0.75,100,897.7419362699959,Cheryl,isaacus/legal-rag-bench,3a3565bc5429f6cead90548e81f87352b449927e4be1cdd804c28d766bb9c246,e3b869a4e293d081ec5f5b39c2058c8d27b36f611aa9f8275eb1877a7c8b38b0,exploratory previously inspected 100 questions,not_evaluated,-0.3953488372093023
5,100,0.012,0.06,0.06,0.0365,0.042043821725424764,short_answer_len96_t0.7_seed20261006__hyde_single,short_answer_len96_t0.7_seed20261006,hyde_single,,100,476.29997528999934,Cheryl,isaacus/legal-rag-bench,3a3565bc5429f6cead90548e81f87352b449927e4be1cdd804c28d766bb9c246,e3b869a4e293d081ec5f5b39c2058c8d27b36f611aa9f8275eb1877a7c8b38b0,exploratory previously inspected 100 questions,not_evaluated,-0.5348837209302325
5,100,0.06999999999999999,0.35,0.35,0.23866666666666667,0.2671986935723495,short_answer_len96_t0.7_seed20261006__hyde_single__hybrid_a0.25_d20,short_answer_len96_t0.7_seed20261006,hyde_single_hybrid,0.25,20,476.5980973199994,Cheryl,isaacus/legal-rag-bench,3a3565bc5429f6cead90548e81f87352b449927e4be1cdd804c28d766bb9c246,e3b869a4e293d081ec5f5b39c2058c8d27b36f611aa9f8275eb1877a7c8b38b0,exploratory previously inspected 100 questions,not_evaluated,0.13953488372093023
5,100,0.068,0.34,0.34,0.209,0.2418249675918753,short_answer_len96_t0.7_seed20261006__hyde_single__hybrid_a0.5_d20,short_answer_len96_t0.7_seed20261006,hyde_single_hybrid,0.5,20,476.57306202999916,Cheryl,isaacus/legal-rag-bench,3a3565bc5429f6cead90548e81f87352b449927e4be1cdd804c28d766bb9c246,e3b869a4e293d081ec5f5b39c2058c8d27b36f611aa9f8275eb1877a7c8b38b0,exploratory previously inspected 100 questions,not_evaluated,0.11627906976744197
5,100,0.018,0.09,0.09,0.06,0.06761859507142916,short_answer_len96_t0.7_seed20261006__hyde_single__hybrid_a0.75_d20,short_answer_len96_t0.7_seed20261006,hyde_single_hybrid,0.75,20,476.54886951999924,Cheryl,isaacus/legal-rag-bench,3a3565bc5429f6cead90548e81f87352b449927e4be1cdd804c28d766bb9c246,e3b869a4e293d081ec5f5b39c2058c8d27b36f611aa9f8275eb1877a7c8b38b0,exploratory previously inspected 100 questions,not_evaluated,-0.46511627906976744
5,100,0.068,0.34,0.34,0.22033333333333333,0.25057503459095903,short_answer_len96_t0.7_seed20261006__hyde_single__hybrid_a0.25_d100,short_answer_len96_t0.7_seed20261006,hyde_single_hybrid,0.25,100,476.64024247,Cheryl,isaacus/legal-rag-bench,3a3565bc5429f6cead90548e81f87352b449927e4be1cdd804c28d766bb9c246,e3b869a4e293d081ec5f5b39c2058c8d27b36f611aa9f8275eb1877a7c8b38b0,exploratory previously inspected 100 questions,not_evaluated,0.11627906976744197
5,100,0.062,0.31,0.31,0.17783333333333332,0.21095390756454926,short_answer_len96_t0.7_seed20261006__hyde_single__hybrid_a0.5_d100,short_answer_len96_t0.7_seed20261006,hyde_single_hybrid,0.5,100,476.77745946999903,Cheryl,isaacus/legal-rag-bench,3a3565bc5429f6cead90548e81f87352b449927e4be1cdd804c28d766bb9c246,e3b869a4e293d081ec5f5b39c2058c8d27b36f611aa9f8275eb1877a7c8b38b0,exploratory previously inspected 100 questions,not_evaluated,0.046511627906976785
5,100,0.018,0.09,0.09,0.0525,0.061925360652163086,short_answer_len96_t0.7_seed20261006__hyde_single__hybrid_a0.75_d100,short_answer_len96_t0.7_seed20261006,hyde_single_hybrid,0.75,100,476.6515281999996,Cheryl,isaacus/legal-rag-bench,3a3565bc5429f6cead90548e81f87352b449927e4be1cdd804c28d766bb9c246,e3b869a4e293d081ec5f5b39c2058c8d27b36f611aa9f8275eb1877a7c8b38b0,exploratory previously inspected 100 questions,not_evaluated,-0.46511627906976744
5,100,0.057999999999999996,0.29,0.29,0.1565,0.18966809303125956,short_answer_len96_t0.7_seed20261006__question_plus_hyde,short_answer_len96_t0.7_seed20261006,question_plus_hyde,,100,476.29997528999934,Cheryl,isaacus/legal-rag-bench,3a3565bc5429f6cead90548e81f87352b449927e4be1cdd804c28d766bb9c246,e3b869a4e293d081ec5f5b39c2058c8d27b36f611aa9f8275eb1877a7c8b38b0,exploratory previously inspected 100 questions,not_evaluated,0.0
5,100,0.064,0.32,0.32,0.21516666666666664,0.24107236863781092,short_answer_len96_t0.7_seed20261006__question_plus_hyde__hybrid_a0.25_d20,short_answer_len96_t0.7_seed20261006,question_plus_hyde_hybrid,0.25,20,476.55056833999834,Cheryl,isaacus/legal-rag-bench,3a3565bc5429f6cead90548e81f87352b449927e4be1cdd804c28d766bb9c246,e3b869a4e293d081ec5f5b39c2058c8d27b36f611aa9f8275eb1877a7c8b38b0,exploratory previously inspected 100 questions,not_evaluated,0.06976744186046518
5,100,0.068,0.34,0.34,0.217,0.247642078073854,short_answer_len96_t0.7_seed20261006__question_plus_hyde__hybrid_a0.5_d20,short_answer_len96_t0.7_seed20261006,question_plus_hyde_hybrid,0.5,20,476.55207615999825,Cheryl,isaacus/legal-rag-bench,3a3565bc5429f6cead90548e81f87352b449927e4be1cdd804c28d766bb9c246,e3b869a4e293d081ec5f5b39c2058c8d27b36f611aa9f8275eb1877a7c8b38b0,exploratory previously inspected 100 questions,not_evaluated,0.11627906976744197
5,100,0.066,0.33,0.33,0.198,0.23087132127228074,short_answer_len96_t0.7_seed20261006__question_plus_hyde__hybrid_a0.75_d20,short_answer_len96_t0.7_seed20261006,question_plus_hyde_hybrid,0.75,20,476.55091135999965,Cheryl,isaacus/legal-rag-bench,3a3565bc5429f6cead90548e81f87352b449927e4be1cdd804c28d766bb9c246,e3b869a4e293d081ec5f5b39c2058c8d27b36f611aa9f8275eb1877a7c8b38b0,exploratory previously inspected 100 questions,not_evaluated,0.09302325581395357
5,100,0.06999999999999999,0.35,0.35,0.244,0.2704384987533432,short_answer_len96_t0.7_seed20261006__question_plus_hyde__hybrid_a0.25_d100,short_answer_len96_t0.7_seed20261006,question_plus_hyde_hybrid,0.25,100,476.6231458699981,Cheryl,isaacus/legal-rag-bench,3a3565bc5429f6cead90548e81f87352b449927e4be1cdd804c28d766bb9c246,e3b869a4e293d081ec5f5b39c2058c8d27b36f611aa9f8275eb1877a7c8b38b0,exploratory previously inspected 100 questions,not_evaluated,0.13953488372093023
5,100,0.06999999999999999,0.35,0.35,0.23183333333333334,0.2609951973349933,short_answer_len96_t0.7_seed20261006__question_plus_hyde__hybrid_a0.5_d100,short_answer_len96_t0.7_seed20261006,question_plus_hyde_hybrid,0.5,100,476.63496608000014,Cheryl,isaacus/legal-rag-bench,3a3565bc5429f6cead90548e81f87352b449927e4be1cdd804c28d766bb9c246,e3b869a4e293d081ec5f5b39c2058c8d27b36f611aa9f8275eb1877a7c8b38b0,exploratory previously inspected 100 questions,not_evaluated,0.13953488372093023
5,100,0.068,0.34,0.34,0.20433333333333334,0.23792055798715644,short_answer_len96_t0.7_seed20261006__question_plus_hyde__hybrid_a0.75_d100,short_answer_len96_t0.7_seed20261006,question_plus_hyde_hybrid,0.75,100,476.62559823999754,Cheryl,isaacus/legal-rag-bench,3a3565bc5429f6cead90548e81f87352b449927e4be1cdd804c28d766bb9c246,e3b869a4e293d081ec5f5b39c2058c8d27b36f611aa9f8275eb1877a7c8b38b0,exploratory previously inspected 100 questions,not_evaluated,0.11627906976744197
5,100,0.016,0.08,0.08,0.044333333333333336,0.052914881752750824,short_answer_len96_t0.7_seed20261006__multi_average,short_answer_len96_t0.7_seed20261006,multi_average,,100,1428.899925869998,Cheryl,isaacus/legal-rag-bench,3a3565bc5429f6cead90548e81f87352b449927e4be1cdd804c28d766bb9c246,e3b869a4e293d081ec5f5b39c2058c8d27b36f611aa9f8275eb1877a7c8b38b0,exploratory previously inspected 100 questions,not_evaluated,-0.48837209302325574
5,100,0.06999999999999999,0.35,0.35,0.2365,0.26505962577975295,short_answer_len96_t0.7_seed20261006__multi_average__hybrid_a0.25_d20,short_answer_len96_t0.7_seed20261006,multi_average_hybrid,0.25,20,1429.1501184499962,Cheryl,isaacus/legal-rag-bench,3a3565bc5429f6cead90548e81f87352b449927e4be1cdd804c28d766bb9c246,e3b869a4e293d081ec5f5b39c2058c8d27b36f611aa9f8275eb1877a7c8b38b0,exploratory previously inspected 100 questions,not_evaluated,0.13953488372093023
5,100,0.062,0.31,0.31,0.19333333333333333,0.22270144260865232,short_answer_len96_t0.7_seed20261006__multi_average__hybrid_a0.5_d20,short_answer_len96_t0.7_seed20261006,multi_average_hybrid,0.5,20,1429.1544844099972,Cheryl,isaacus/legal-rag-bench,3a3565bc5429f6cead90548e81f87352b449927e4be1cdd804c28d766bb9c246,e3b869a4e293d081ec5f5b39c2058c8d27b36f611aa9f8275eb1877a7c8b38b0,exploratory previously inspected 100 questions,not_evaluated,0.046511627906976785
5,100,0.02,0.1,0.1,0.08333333333333331,0.08761859507142916,short_answer_len96_t0.7_seed20261006__multi_average__hybrid_a0.75_d20,short_answer_len96_t0.7_seed20261006,multi_average_hybrid,0.75,20,1429.1670868599986,Cheryl,isaacus/legal-rag-bench,3a3565bc5429f6cead90548e81f87352b449927e4be1cdd804c28d766bb9c246,e3b869a4e293d081ec5f5b39c2058c8d27b36f611aa9f8275eb1877a7c8b38b0,exploratory previously inspected 100 questions,not_evaluated,-0.441860465116279
5,100,0.06999999999999999,0.35,0.35,0.20933333333333337,0.24462138827136443,short_answer_len96_t0.7_seed20261006__multi_average__hybrid_a0.25_d100,short_answer_len96_t0.7_seed20261006,multi_average_hybrid,0.25,100,1429.261560599999,Cheryl,isaacus/legal-rag-bench,3a3565bc5429f6cead90548e81f87352b449927e4be1cdd804c28d766bb9c246,e3b869a4e293d081ec5f5b39c2058c8d27b36f611aa9f8275eb1877a7c8b38b0,exploratory previously inspected 100 questions,not_evaluated,0.13953488372093023
5,100,0.048,0.24,0.24,0.1428333333333333,0.16694884365458795,short_answer_len96_t0.7_seed20261006__multi_average__hybrid_a0.5_d100,short_answer_len96_t0.7_seed20261006,multi_average_hybrid,0.5,100,1429.2429610799977,Cheryl,isaacus/legal-rag-bench,3a3565bc5429f6cead90548e81f87352b449927e4be1cdd804c28d766bb9c246,e3b869a4e293d081ec5f5b39c2058c8d27b36f611aa9f8275eb1877a7c8b38b0,exploratory previously inspected 100 questions,not_evaluated,-0.11627906976744183
5,100,0.022,0.11,0.11,0.08666666666666666,0.09261859507142915,short_answer_len96_t0.7_seed20261006__multi_average__hybrid_a0.75_d100,short_answer_len96_t0.7_seed20261006,multi_average_hybrid,0.75,100,1429.2253743299975,Cheryl,isaacus/legal-rag-bench,3a3565bc5429f6cead90548e81f87352b449927e4be1cdd804c28d766bb9c246,e3b869a4e293d081ec5f5b39c2058c8d27b36f611aa9f8275eb1877a7c8b38b0,exploratory previously inspected 100 questions,not_evaluated,-0.41860465116279066
5,100,0.012,0.06,0.06,0.025,0.03353635985865029,short_answer_len96_t0.7_seed20261006__multi_rrf,short_answer_len96_t0.7_seed20261006,multi_rrf,,100,1428.899925869998,Cheryl,isaacus/legal-rag-bench,3a3565bc5429f6cead90548e81f87352b449927e4be1cdd804c28d766bb9c246,e3b869a4e293d081ec5f5b39c2058c8d27b36f611aa9f8275eb1877a7c8b38b0,exploratory previously inspected 100 questions,not_evaluated,-0.5348837209302325
5,100,0.068,0.34,0.34,0.1998333333333333,0.23505962577975295,short_answer_len96_t0.7_seed20261006__multi_rrf__hybrid_a0.25_d20,short_answer_len96_t0.7_seed20261006,multi_rrf_hybrid,0.25,20,1429.1535639399954,Cheryl,isaacus/legal-rag-bench,3a3565bc5429f6cead90548e81f87352b449927e4be1cdd804c28d766bb9c246,e3b869a4e293d081ec5f5b39c2058c8d27b36f611aa9f8275eb1877a7c8b38b0,exploratory previously inspected 100 questions,not_evaluated,0.11627906976744197
5,100,0.064,0.32,0.32,0.1685,0.20599519733499336,short_answer_len96_t0.7_seed20261006__multi_rrf__hybrid_a0.5_d20,short_answer_len96_t0.7_seed20261006,multi_rrf_hybrid,0.5,20,1429.1516782099993,Cheryl,isaacus/legal-rag-bench,3a3565bc5429f6cead90548e81f87352b449927e4be1cdd804c28d766bb9c246,e3b869a4e293d081ec5f5b39c2058c8d27b36f611aa9f8275eb1877a7c8b38b0,exploratory previously inspected 100 questions,not_evaluated,0.06976744186046518
5,100,0.018,0.09,0.09,0.050666666666666665,0.060355651216119986,short_answer_len96_t0.7_seed20261006__multi_rrf__hybrid_a0.75_d20,short_answer_len96_t0.7_seed20261006,multi_rrf_hybrid,0.75,20,1429.1567063099988,Cheryl,isaacus/legal-rag-bench,3a3565bc5429f6cead90548e81f87352b449927e4be1cdd804c28d766bb9c246,e3b869a4e293d081ec5f5b39c2058c8d27b36f611aa9f8275eb1877a7c8b38b0,exploratory previously inspected 100 questions,not_evaluated,-0.46511627906976744
5,100,0.06999999999999999,0.35,0.35,0.1865,0.22736385940550627,short_answer_len96_t0.7_seed20261006__multi_rrf__hybrid_a0.25_d100,short_answer_len96_t0.7_seed20261006,multi_rrf_hybrid,0.25,100,1429.2167109499983,Cheryl,isaacus/legal-rag-bench,3a3565bc5429f6cead90548e81f87352b449927e4be1cdd804c28d766bb9c246,e3b869a4e293d081ec5f5b39c2058c8d27b36f611aa9f8275eb1877a7c8b38b0,exploratory previously inspected 100 questions,not_evaluated,0.13953488372093023
5,100,0.066,0.33,0.33,0.16083333333333336,0.20242295594396964,short_answer_len96_t0.7_seed20261006__multi_rrf__hybrid_a0.5_d100,short_answer_len96_t0.7_seed20261006,multi_rrf_hybrid,0.5,100,1429.2379400399986,Cheryl,isaacus/legal-rag-bench,3a3565bc5429f6cead90548e81f87352b449927e4be1cdd804c28d766bb9c246,e3b869a4e293d081ec5f5b39c2058c8d27b36f611aa9f8275eb1877a7c8b38b0,exploratory previously inspected 100 questions,not_evaluated,0.09302325581395357
5,100,0.026000000000000002,0.13,0.13,0.06766666666666665,0.08283771044993327,short_answer_len96_t0.7_seed20261006__multi_rrf__hybrid_a0.75_d100,short_answer_len96_t0.7_seed20261006,multi_rrf_hybrid,0.75,100,1429.2219671599978,Cheryl,isaacus/legal-rag-bench,3a3565bc5429f6cead90548e81f87352b449927e4be1cdd804c28d766bb9c246,e3b869a4e293d081ec5f5b39c2058c8d27b36f611aa9f8275eb1877a7c8b38b0,exploratory previously inspected 100 questions,not_evaluated,-0.3720930232558139
5,100,0.024,0.12,0.12,0.06733333333333333,0.08027847991330242,evidence_passage_len32_t0_seed20261006__hyde_single,evidence_passage_len32_t0_seed20261006,hyde_single,,100,608.7913310033332,Cheryl,isaacus/legal-rag-bench,3a3565bc5429f6cead90548e81f87352b449927e4be1cdd804c28d766bb9c246,e3b869a4e293d081ec5f5b39c2058c8d27b36f611aa9f8275eb1877a7c8b38b0,exploratory previously inspected 100 questions,not_evaluated,-0.3953488372093023
5,100,0.05600000000000001,0.28,0.28,0.17783333333333332,0.20364967393879596,evidence_passage_len32_t0_seed20261006__hyde_single__hybrid_a0.25_d20,evidence_passage_len32_t0_seed20261006,hyde_single_hybrid,0.25,20,609.0522847033333,Cheryl,isaacus/legal-rag-bench,3a3565bc5429f6cead90548e81f87352b449927e4be1cdd804c28d766bb9c246,e3b869a4e293d081ec5f5b39c2058c8d27b36f611aa9f8275eb1877a7c8b38b0,exploratory previously inspected 100 questions,not_evaluated,-0.023255813953488264
5,100,0.062,0.31,0.31,0.15083333333333332,0.19004155101539877,evidence_passage_len32_t0_seed20261006__hyde_single__hybrid_a0.5_d20,evidence_passage_len32_t0_seed20261006,hyde_single_hybrid,0.5,20,609.0428667333333,Cheryl,isaacus/legal-rag-bench,3a3565bc5429f6cead90548e81f87352b449927e4be1cdd804c28d766bb9c246,e3b869a4e293d081ec5f5b39c2058c8d27b36f611aa9f8275eb1877a7c8b38b0,exploratory previously inspected 100 questions,not_evaluated,0.046511627906976785
5,100,0.03,0.15,0.15,0.08216666666666667,0.09870877047725932,evidence_passage_len32_t0_seed20261006__hyde_single__hybrid_a0.75_d20,evidence_passage_len32_t0_seed20261006,hyde_single_hybrid,0.75,20,609.0444037833333,Cheryl,isaacus/legal-rag-bench,3a3565bc5429f6cead90548e81f87352b449927e4be1cdd804c28d766bb9c246,e3b869a4e293d081ec5f5b39c2058c8d27b36f611aa9f8275eb1877a7c8b38b0,exploratory previously inspected 100 questions,not_evaluated,-0.3255813953488372
5,100,0.05600000000000001,0.28,0.28,0.18233333333333332,0.2069021388946929,evidence_passage_len32_t0_seed20261006__hyde_single__hybrid_a0.25_d100,evidence_passage_len32_t0_seed20261006,hyde_single_hybrid,0.25,100,609.161799963332,Cheryl,isaacus/legal-rag-bench,3a3565bc5429f6cead90548e81f87352b449927e4be1cdd804c28d766bb9c246,e3b869a4e293d081ec5f5b39c2058c8d27b36f611aa9f8275eb1877a7c8b38b0,exploratory previously inspected 100 questions,not_evaluated,-0.023255813953488264
5,100,0.044,0.22,0.22,0.10866666666666665,0.13633278053813946,evidence_passage_len32_t0_seed20261006__hyde_single__hybrid_a0.5_d100,evidence_passage_len32_t0_seed20261006,hyde_single_hybrid,0.5,100,609.1433921833311,Cheryl,isaacus/legal-rag-bench,3a3565bc5429f6cead90548e81f87352b449927e4be1cdd804c28d766bb9c246,e3b869a4e293d081ec5f5b39c2058c8d27b36f611aa9f8275eb1877a7c8b38b0,exploratory previously inspected 100 questions,not_evaluated,-0.16279069767441856
5,100,0.03,0.15,0.15,0.07366666666666666,0.09271924937667159,evidence_passage_len32_t0_seed20261006__hyde_single__hybrid_a0.75_d100,evidence_passage_len32_t0_seed20261006,hyde_single_hybrid,0.75,100,609.1613087133317,Cheryl,isaacus/legal-rag-bench,3a3565bc5429f6cead90548e81f87352b449927e4be1cdd804c28d766bb9c246,e3b869a4e293d081ec5f5b39c2058c8d27b36f611aa9f8275eb1877a7c8b38b0,exploratory previously inspected 100 questions,not_evaluated,-0.3255813953488372
5,100,0.052000000000000005,0.26,0.26,0.15283333333333332,0.1795674387260171,evidence_passage_len32_t0_seed20261006__question_plus_hyde,evidence_passage_len32_t0_seed20261006,question_plus_hyde,,100,608.7913310033332,Cheryl,isaacus/legal-rag-bench,3a3565bc5429f6cead90548e81f87352b449927e4be1cdd804c28d766bb9c246,e3b869a4e293d081ec5f5b39c2058c8d27b36f611aa9f8275eb1877a7c8b38b0,exploratory previously inspected 100 questions,not_evaluated,-0.06976744186046505
5,100,0.062,0.31,0.31,0.21849999999999997,0.24114953994062852,evidence_passage_len32_t0_seed20261006__question_plus_hyde__hybrid_a0.25_d20,evidence_passage_len32_t0_seed20261006,question_plus_hyde_hybrid,0.25,20,609.0487957333323,Cheryl,isaacus/legal-rag-bench,3a3565bc5429f6cead90548e81f87352b449927e4be1cdd804c28d766bb9c246,e3b869a4e293d081ec5f5b39c2058c8d27b36f611aa9f8275eb1877a7c8b38b0,exploratory previously inspected 100 questions,not_evaluated,0.046511627906976785
5,100,0.068,0.34,0.34,0.19183333333333333,0.22803360407096715,evidence_passage_len32_t0_seed20261006__question_plus_hyde__hybrid_a0.5_d20,evidence_passage_len32_t0_seed20261006,question_plus_hyde_hybrid,0.5,20,609.0613756733308,Cheryl,isaacus/legal-rag-bench,3a3565bc5429f6cead90548e81f87352b449927e4be1cdd804c28d766bb9c246,e3b869a4e293d081ec5f5b39c2058c8d27b36f611aa9f8275eb1877a7c8b38b0,exploratory previously inspected 100 questions,not_evaluated,0.11627906976744197
5,100,0.05600000000000001,0.28,0.28,0.153,0.18424766229089026,evidence_passage_len32_t0_seed20261006__question_plus_hyde__hybrid_a0.75_d20,evidence_passage_len32_t0_seed20261006,question_plus_hyde_hybrid,0.75,20,609.1939928833324,Cheryl,isaacus/legal-rag-bench,3a3565bc5429f6cead90548e81f87352b449927e4be1cdd804c28d766bb9c246,e3b869a4e293d081ec5f5b39c2058c8d27b36f611aa9f8275eb1877a7c8b38b0,exploratory previously inspected 100 questions,not_evaluated,-0.023255813953488264
5,100,0.066,0.33,0.33,0.2345,0.2584124837959376,evidence_passage_len32_t0_seed20261006__question_plus_hyde__hybrid_a0.25_d100,evidence_passage_len32_t0_seed20261006,question_plus_hyde_hybrid,0.25,100,609.3513474233316,Cheryl,isaacus/legal-rag-bench,3a3565bc5429f6cead90548e81f87352b449927e4be1cdd804c28d766bb9c246,e3b869a4e293d081ec5f5b39c2058c8d27b36f611aa9f8275eb1877a7c8b38b0,exploratory previously inspected 100 questions,not_evaluated,0.09302325581395357
5,100,0.062,0.31,0.31,0.18133333333333332,0.21317555489803403,evidence_passage_len32_t0_seed20261006__question_plus_hyde__hybrid_a0.5_d100,evidence_passage_len32_t0_seed20261006,question_plus_hyde_hybrid,0.5,100,609.3774748233329,Cheryl,isaacus/legal-rag-bench,3a3565bc5429f6cead90548e81f87352b449927e4be1cdd804c28d766bb9c246,e3b869a4e293d081ec5f5b39c2058c8d27b36f611aa9f8275eb1877a7c8b38b0,exploratory previously inspected 100 questions,not_evaluated,0.046511627906976785
5,100,0.052000000000000005,0.26,0.26,0.15566666666666665,0.18151060614619943,evidence_passage_len32_t0_seed20261006__question_plus_hyde__hybrid_a0.75_d100,evidence_passage_len32_t0_seed20261006,question_plus_hyde_hybrid,0.75,100,609.3299820033315,Cheryl,isaacus/legal-rag-bench,3a3565bc5429f6cead90548e81f87352b449927e4be1cdd804c28d766bb9c246,e3b869a4e293d081ec5f5b39c2058c8d27b36f611aa9f8275eb1877a7c8b38b0,exploratory previously inspected 100 questions,not_evaluated,-0.06976744186046505
5,100,0.032,0.16,0.16,0.07866666666666666,0.0989513756095686,evidence_passage_len32_t0_seed20261006__multi_average,evidence_passage_len32_t0_seed20261006,multi_average,,100,1826.3739930099996,Cheryl,isaacus/legal-rag-bench,3a3565bc5429f6cead90548e81f87352b449927e4be1cdd804c28d766bb9c246,e3b869a4e293d081ec5f5b39c2058c8d27b36f611aa9f8275eb1877a7c8b38b0,exploratory previously inspected 100 questions,not_evaluated,-0.30232558139534876
5,100,0.05600000000000001,0.28,0.28,0.204,0.2228970749847316,evidence_passage_len32_t0_seed20261006__multi_average__hybrid_a0.25_d20,evidence_passage_len32_t0_seed20261006,multi_average_hybrid,0.25,20,1826.6468333599994,Cheryl,isaacus/legal-rag-bench,3a3565bc5429f6cead90548e81f87352b449927e4be1cdd804c28d766bb9c246,e3b869a4e293d081ec5f5b39c2058c8d27b36f611aa9f8275eb1877a7c8b38b0,exploratory previously inspected 100 questions,not_evaluated,-0.023255813953488264
5,100,0.057999999999999996,0.29,0.29,0.18766666666666665,0.21307490059279158,evidence_passage_len32_t0_seed20261006__multi_average__hybrid_a0.5_d20,evidence_passage_len32_t0_seed20261006,multi_average_hybrid,0.5,20,1826.6457645999992,Cheryl,isaacus/legal-rag-bench,3a3565bc5429f6cead90548e81f87352b449927e4be1cdd804c28d766bb9c246,e3b869a4e293d081ec5f5b39c2058c8d27b36f611aa9f8275eb1877a7c8b38b0,exploratory previously inspected 100 questions,not_evaluated,0.0
5,100,0.044,0.22,0.22,0.12733333333333333,0.15051567005616073,evidence_passage_len32_t0_seed20261006__multi_average__hybrid_a0.75_d20,evidence_passage_len32_t0_seed20261006,multi_average_hybrid,0.75,20,1826.6699523299997,Cheryl,isaacus/legal-rag-bench,3a3565bc5429f6cead90548e81f87352b449927e4be1cdd804c28d766bb9c246,e3b869a4e293d081ec5f5b39c2058c8d27b36f611aa9f8275eb1877a7c8b38b0,exploratory previously inspected 100 questions,not_evaluated,-0.16279069767441856
5,100,0.062,0.31,0.31,0.21033333333333332,0.23533784444810074,evidence_passage_len32_t0_seed20261006__multi_average__hybrid_a0.25_d100,evidence_passage_len32_t0_seed20261006,multi_average_hybrid,0.25,100,1826.8038776899982,Cheryl,isaacus/legal-rag-bench,3a3565bc5429f6cead90548e81f87352b449927e4be1cdd804c28d766bb9c246,e3b869a4e293d081ec5f5b39c2058c8d27b36f611aa9f8275eb1877a7c8b38b0,exploratory previously inspected 100 questions,not_evaluated,0.046511627906976785
5,100,0.054000000000000006,0.27,0.27,0.1595,0.18702601495740553,evidence_passage_len32_t0_seed20261006__multi_average__hybrid_a0.5_d100,evidence_passage_len32_t0_seed20261006,multi_average_hybrid,0.5,100,1827.1016739100003,Cheryl,isaacus/legal-rag-bench,3a3565bc5429f6cead90548e81f87352b449927e4be1cdd804c28d766bb9c246,e3b869a4e293d081ec5f5b39c2058c8d27b36f611aa9f8275eb1877a7c8b38b0,exploratory previously inspected 100 questions,not_evaluated,-0.04651162790697666
5,100,0.041999999999999996,0.21,0.21,0.12200000000000001,0.14402854691238617,evidence_passage_len32_t0_seed20261006__multi_average__hybrid_a0.75_d100,evidence_passage_len32_t0_seed20261006,multi_average_hybrid,0.75,100,1826.9877112999995,Cheryl,isaacus/legal-rag-bench,3a3565bc5429f6cead90548e81f87352b449927e4be1cdd804c28d766bb9c246,e3b869a4e293d081ec5f5b39c2058c8d27b36f611aa9f8275eb1877a7c8b38b0,exploratory previously inspected 100 questions,not_evaluated,-0.18604651162790695
5,100,0.028000000000000004,0.14,0.14,0.06683333333333333,0.08476307110209634,evidence_passage_len32_t0_seed20261006__multi_rrf,evidence_passage_len32_t0_seed20261006,multi_rrf,,100,1826.3739930099996,Cheryl,isaacus/legal-rag-bench,3a3565bc5429f6cead90548e81f87352b449927e4be1cdd804c28d766bb9c246,e3b869a4e293d081ec5f5b39c2058c8d27b36f611aa9f8275eb1877a7c8b38b0,exploratory previously inspected 100 questions,not_evaluated,-0.34883720930232553
5,100,0.05600000000000001,0.28,0.28,0.19983333333333334,0.2198996069397122,evidence_passage_len32_t0_seed20261006__multi_rrf__hybrid_a0.25_d20,evidence_passage_len32_t0_seed20261006,multi_rrf_hybrid,0.25,20,1826.6431408399978,Cheryl,isaacus/legal-rag-bench,3a3565bc5429f6cead90548e81f87352b449927e4be1cdd804c28d766bb9c246,e3b869a4e293d081ec5f5b39c2058c8d27b36f611aa9f8275eb1877a7c8b38b0,exploratory previously inspected 100 questions,not_evaluated,-0.023255813953488264
5,100,0.05600000000000001,0.28,0.28,0.1753333333333333,0.2016471419838153,evidence_passage_len32_t0_seed20261006__multi_rrf__hybrid_a0.5_d20,evidence_passage_len32_t0_seed20261006,multi_rrf_hybrid,0.5,20,1826.634439889998,Cheryl,isaacus/legal-rag-bench,3a3565bc5429f6cead90548e81f87352b449927e4be1cdd804c28d766bb9c246,e3b869a4e293d081ec5f5b39c2058c8d27b36f611aa9f8275eb1877a7c8b38b0,exploratory previously inspected 100 questions,not_evaluated,-0.023255813953488264
5,100,0.046,0.23,0.23,0.113,0.14194342866513698,evidence_passage_len32_t0_seed20261006__multi_rrf__hybrid_a0.75_d20,evidence_passage_len32_t0_seed20261006,multi_rrf_hybrid,0.75,20,1826.65316792,Cheryl,isaacus/legal-rag-bench,3a3565bc5429f6cead90548e81f87352b449927e4be1cdd804c28d766bb9c246,e3b869a4e293d081ec5f5b39c2058c8d27b36f611aa9f8275eb1877a7c8b38b0,exploratory previously inspected 100 questions,not_evaluated,-0.13953488372093018
5,100,0.054000000000000006,0.27,0.27,0.1925,0.21216255079502142,evidence_passage_len32_t0_seed20261006__multi_rrf__hybrid_a0.25_d100,evidence_passage_len32_t0_seed20261006,multi_rrf_hybrid,0.25,100,1826.7588599499993,Cheryl,isaacus/legal-rag-bench,3a3565bc5429f6cead90548e81f87352b449927e4be1cdd804c28d766bb9c246,e3b869a4e293d081ec5f5b39c2058c8d27b36f611aa9f8275eb1877a7c8b38b0,exploratory previously inspected 100 questions,not_evaluated,-0.04651162790697666
5,100,0.046,0.23,0.23,0.14783333333333334,0.16841248379593765,evidence_passage_len32_t0_seed20261006__multi_rrf__hybrid_a0.5_d100,evidence_passage_len32_t0_seed20261006,multi_rrf_hybrid,0.5,100,1826.73518123,Cheryl,isaacus/legal-rag-bench,3a3565bc5429f6cead90548e81f87352b449927e4be1cdd804c28d766bb9c246,e3b869a4e293d081ec5f5b39c2058c8d27b36f611aa9f8275eb1877a7c8b38b0,exploratory previously inspected 100 questions,not_evaluated,-0.13953488372093018
5,100,0.044,0.22,0.22,0.11016666666666666,0.13745883747634305,evidence_passage_len32_t0_seed20261006__multi_rrf__hybrid_a0.75_d100,evidence_passage_len32_t0_seed20261006,multi_rrf_hybrid,0.75,100,1826.7307990699999,Cheryl,isaacus/legal-rag-bench,3a3565bc5429f6cead90548e81f87352b449927e4be1cdd804c28d766bb9c246,e3b869a4e293d081ec5f5b39c2058c8d27b36f611aa9f8275eb1877a7c8b38b0,exploratory previously inspected 100 questions,not_evaluated,-0.16279069767441856
5,100,0.016,0.08,0.08,0.049833333333333334,0.05704382172542476,evidence_passage_len32_t0.7_seed20261006__hyde_single,evidence_passage_len32_t0.7_seed20261006,hyde_single,,100,835.8882390600002,Cheryl,isaacus/legal-rag-bench,3a3565bc5429f6cead90548e81f87352b449927e4be1cdd804c28d766bb9c246,e3b869a4e293d081ec5f5b39c2058c8d27b36f611aa9f8275eb1877a7c8b38b0,exploratory previously inspected 100 questions,not_evaluated,-0.48837209302325574
5,100,0.052000000000000005,0.26,0.26,0.1728333333333333,0.19495897147451052,evidence_passage_len32_t0.7_seed20261006__hyde_single__hybrid_a0.25_d20,evidence_passage_len32_t0.7_seed20261006,hyde_single_hybrid,0.25,20,836.1389559299994,Cheryl,isaacus/legal-rag-bench,3a3565bc5429f6cead90548e81f87352b449927e4be1cdd804c28d766bb9c246,e3b869a4e293d081ec5f5b39c2058c8d27b36f611aa9f8275eb1877a7c8b38b0,exploratory previously inspected 100 questions,not_evaluated,-0.06976744186046505
5,100,0.052000000000000005,0.26,0.26,0.15466666666666667,0.18063413112942242,evidence_passage_len32_t0.7_seed20261006__hyde_single__hybrid_a0.5_d20,evidence_passage_len32_t0.7_seed20261006,hyde_single_hybrid,0.5,20,836.1426908199985,Cheryl,isaacus/legal-rag-bench,3a3565bc5429f6cead90548e81f87352b449927e4be1cdd804c28d766bb9c246,e3b869a4e293d081ec5f5b39c2058c8d27b36f611aa9f8275eb1877a7c8b38b0,exploratory previously inspected 100 questions,not_evaluated,-0.06976744186046505
5,100,0.024,0.12,0.12,0.07483333333333334,0.08597171433256849,evidence_passage_len32_t0.7_seed20261006__hyde_single__hybrid_a0.75_d20,evidence_passage_len32_t0.7_seed20261006,hyde_single_hybrid,0.75,20,836.1568903099999,Cheryl,isaacus/legal-rag-bench,3a3565bc5429f6cead90548e81f87352b449927e4be1cdd804c28d766bb9c246,e3b869a4e293d081ec5f5b39c2058c8d27b36f611aa9f8275eb1877a7c8b38b0,exploratory previously inspected 100 questions,not_evaluated,-0.3953488372093023
5,100,0.057999999999999996,0.29,0.29,0.19033333333333333,0.21533784444810075,evidence_passage_len32_t0.7_seed20261006__hyde_single__hybrid_a0.25_d100,evidence_passage_len32_t0.7_seed20261006,hyde_single_hybrid,0.25,100,836.3146243699987,Cheryl,isaacus/legal-rag-bench,3a3565bc5429f6cead90548e81f87352b449927e4be1cdd804c28d766bb9c246,e3b869a4e293d081ec5f5b39c2058c8d27b36f611aa9f8275eb1877a7c8b38b0,exploratory previously inspected 100 questions,not_evaluated,0.0
5,100,0.041999999999999996,0.21,0.21,0.1235,0.14476307110209632,evidence_passage_len32_t0.7_seed20261006__hyde_single__hybrid_a0.5_d100,evidence_passage_len32_t0.7_seed20261006,hyde_single_hybrid,0.5,100,836.3146969899992,Cheryl,isaacus/legal-rag-bench,3a3565bc5429f6cead90548e81f87352b449927e4be1cdd804c28d766bb9c246,e3b869a4e293d081ec5f5b39c2058c8d27b36f611aa9f8275eb1877a7c8b38b0,exploratory previously inspected 100 questions,not_evaluated,-0.18604651162790695
5,100,0.028000000000000004,0.14,0.14,0.07983333333333334,0.0946624167968539,evidence_passage_len32_t0.7_seed20261006__hyde_single__hybrid_a0.75_d100,evidence_passage_len32_t0.7_seed20261006,hyde_single_hybrid,0.75,100,836.299430979999,Cheryl,isaacus/legal-rag-bench,3a3565bc5429f6cead90548e81f87352b449927e4be1cdd804c28d766bb9c246,e3b869a4e293d081ec5f5b39c2058c8d27b36f611aa9f8275eb1877a7c8b38b0,exploratory previously inspected 100 questions,not_evaluated,-0.34883720930232553
5,100,0.052000000000000005,0.26,0.26,0.14533333333333334,0.17395137560956858,evidence_passage_len32_t0.7_seed20261006__question_plus_hyde,evidence_passage_len32_t0.7_seed20261006,question_plus_hyde,,100,835.8882390600002,Cheryl,isaacus/legal-rag-bench,3a3565bc5429f6cead90548e81f87352b449927e4be1cdd804c28d766bb9c246,e3b869a4e293d081ec5f5b39c2058c8d27b36f611aa9f8275eb1877a7c8b38b0,exploratory previously inspected 100 questions,not_evaluated,-0.06976744186046505
5,100,0.062,0.31,0.31,0.22216666666666665,0.24370877047725933,evidence_passage_len32_t0.7_seed20261006__question_plus_hyde__hybrid_a0.25_d20,evidence_passage_len32_t0.7_seed20261006,question_plus_hyde_hybrid,0.25,20,836.1362205399985,Cheryl,isaacus/legal-rag-bench,3a3565bc5429f6cead90548e81f87352b449927e4be1cdd804c28d766bb9c246,e3b869a4e293d081ec5f5b39c2058c8d27b36f611aa9f8275eb1877a7c8b38b0,exploratory previously inspected 100 questions,not_evaluated,0.046511627906976785
5,100,0.062,0.31,0.31,0.19,0.2195026592017678,evidence_passage_len32_t0.7_seed20261006__question_plus_hyde__hybrid_a0.5_d20,evidence_passage_len32_t0.7_seed20261006,question_plus_hyde_hybrid,0.5,20,836.1376266900004,Cheryl,isaacus/legal-rag-bench,3a3565bc5429f6cead90548e81f87352b449927e4be1cdd804c28d766bb9c246,e3b869a4e293d081ec5f5b39c2058c8d27b36f611aa9f8275eb1877a7c8b38b0,exploratory previously inspected 100 questions,not_evaluated,0.046511627906976785
5,100,0.062,0.31,0.31,0.1665,0.201469309624375,evidence_passage_len32_t0.7_seed20261006__question_plus_hyde__hybrid_a0.75_d20,evidence_passage_len32_t0.7_seed20261006,question_plus_hyde_hybrid,0.75,20,836.1447791499984,Cheryl,isaacus/legal-rag-bench,3a3565bc5429f6cead90548e81f87352b449927e4be1cdd804c28d766bb9c246,e3b869a4e293d081ec5f5b39c2058c8d27b36f611aa9f8275eb1877a7c8b38b0,exploratory previously inspected 100 questions,not_evaluated,0.046511627906976785
5,100,0.068,0.34,0.34,0.23799999999999996,0.26301553605799327,evidence_passage_len32_t0.7_seed20261006__question_plus_hyde__hybrid_a0.25_d100,evidence_passage_len32_t0.7_seed20261006,question_plus_hyde_hybrid,0.25,100,836.2331709900002,Cheryl,isaacus/legal-rag-bench,3a3565bc5429f6cead90548e81f87352b449927e4be1cdd804c28d766bb9c246,e3b869a4e293d081ec5f5b39c2058c8d27b36f611aa9f8275eb1877a7c8b38b0,exploratory previously inspected 100 questions,not_evaluated,0.11627906976744197
5,100,0.062,0.31,0.31,0.19816666666666666,0.22613173317260923,evidence_passage_len32_t0.7_seed20261006__question_plus_hyde__hybrid_a0.5_d100,evidence_passage_len32_t0.7_seed20261006,question_plus_hyde_hybrid,0.5,100,836.2129716699985,Cheryl,isaacus/legal-rag-bench,3a3565bc5429f6cead90548e81f87352b449927e4be1cdd804c28d766bb9c246,e3b869a4e293d081ec5f5b39c2058c8d27b36f611aa9f8275eb1877a7c8b38b0,exploratory previously inspected 100 questions,not_evaluated,0.046511627906976785
5,100,0.05600000000000001,0.28,0.28,0.1675,0.19511872231821634,evidence_passage_len32_t0.7_seed20261006__question_plus_hyde__hybrid_a0.75_d100,evidence_passage_len32_t0.7_seed20261006,question_plus_hyde_hybrid,0.75,100,836.251458659998,Cheryl,isaacus/legal-rag-bench,3a3565bc5429f6cead90548e81f87352b449927e4be1cdd804c28d766bb9c246,e3b869a4e293d081ec5f5b39c2058c8d27b36f611aa9f8275eb1877a7c8b38b0,exploratory previously inspected 100 questions,not_evaluated,-0.023255813953488264
5,100,0.028000000000000004,0.14,0.14,0.06483333333333334,0.08319877665550422,evidence_passage_len32_t0.7_seed20261006__multi_average,evidence_passage_len32_t0.7_seed20261006,multi_average,,100,2507.6647171800005,Cheryl,isaacus/legal-rag-bench,3a3565bc5429f6cead90548e81f87352b449927e4be1cdd804c28d766bb9c246,e3b869a4e293d081ec5f5b39c2058c8d27b36f611aa9f8275eb1877a7c8b38b0,exploratory previously inspected 100 questions,not_evaluated,-0.34883720930232553
5,100,0.057999999999999996,0.29,0.29,0.17566666666666667,0.204520733966122,evidence_passage_len32_t0.7_seed20261006__multi_average__hybrid_a0.25_d20,evidence_passage_len32_t0.7_seed20261006,multi_average_hybrid,0.25,20,2507.9376259599994,Cheryl,isaacus/legal-rag-bench,3a3565bc5429f6cead90548e81f87352b449927e4be1cdd804c28d766bb9c246,e3b869a4e293d081ec5f5b39c2058c8d27b36f611aa9f8275eb1877a7c8b38b0,exploratory previously inspected 100 questions,not_evaluated,0.0
5,100,0.06,0.3,0.3,0.15583333333333332,0.19142801985393093,evidence_passage_len32_t0.7_seed20261006__multi_average__hybrid_a0.5_d20,evidence_passage_len32_t0.7_seed20261006,multi_average_hybrid,0.5,20,2507.915113509999,Cheryl,isaacus/legal-rag-bench,3a3565bc5429f6cead90548e81f87352b449927e4be1cdd804c28d766bb9c246,e3b869a4e293d081ec5f5b39c2058c8d27b36f611aa9f8275eb1877a7c8b38b0,exploratory previously inspected 100 questions,not_evaluated,0.023255813953488393
5,100,0.041999999999999996,0.21,0.21,0.10099999999999999,0.1277605391471157,evidence_passage_len32_t0.7_seed20261006__multi_average__hybrid_a0.75_d20,evidence_passage_len32_t0.7_seed20261006,multi_average_hybrid,0.75,20,2507.9153421399983,Cheryl,isaacus/legal-rag-bench,3a3565bc5429f6cead90548e81f87352b449927e4be1cdd804c28d766bb9c246,e3b869a4e293d081ec5f5b39c2058c8d27b36f611aa9f8275eb1877a7c8b38b0,exploratory previously inspected 100 questions,not_evaluated,-0.18604651162790695
5,100,0.062,0.31,0.31,0.18133333333333332,0.2132527262008516,evidence_passage_len32_t0.7_seed20261006__multi_average__hybrid_a0.25_d100,evidence_passage_len32_t0.7_seed20261006,multi_average_hybrid,0.25,100,2508.0226016200013,Cheryl,isaacus/legal-rag-bench,3a3565bc5429f6cead90548e81f87352b449927e4be1cdd804c28d766bb9c246,e3b869a4e293d081ec5f5b39c2058c8d27b36f611aa9f8275eb1877a7c8b38b0,exploratory previously inspected 100 questions,not_evaluated,0.046511627906976785
5,100,0.052000000000000005,0.26,0.26,0.14466666666666664,0.17325272620085155,evidence_passage_len32_t0.7_seed20261006__multi_average__hybrid_a0.5_d100,evidence_passage_len32_t0.7_seed20261006,multi_average_hybrid,0.5,100,2508.03223945,Cheryl,isaacus/legal-rag-bench,3a3565bc5429f6cead90548e81f87352b449927e4be1cdd804c28d766bb9c246,e3b869a4e293d081ec5f5b39c2058c8d27b36f611aa9f8275eb1877a7c8b38b0,exploratory previously inspected 100 questions,not_evaluated,-0.06976744186046505
5,100,0.032,0.16,0.16,0.08816666666666667,0.10597171433256851,evidence_passage_len32_t0.7_seed20261006__multi_average__hybrid_a0.75_d100,evidence_passage_len32_t0.7_seed20261006,multi_average_hybrid,0.75,100,2508.0457940999995,Cheryl,isaacus/legal-rag-bench,3a3565bc5429f6cead90548e81f87352b449927e4be1cdd804c28d766bb9c246,e3b869a4e293d081ec5f5b39c2058c8d27b36f611aa9f8275eb1877a7c8b38b0,exploratory previously inspected 100 questions,not_evaluated,-0.30232558139534876
5,100,0.022,0.11,0.11,0.050666666666666665,0.06496411846762656,evidence_passage_len32_t0.7_seed20261006__multi_rrf,evidence_passage_len32_t0.7_seed20261006,multi_rrf,,100,2507.6647171800005,Cheryl,isaacus/legal-rag-bench,3a3565bc5429f6cead90548e81f87352b449927e4be1cdd804c28d766bb9c246,e3b869a4e293d081ec5f5b39c2058c8d27b36f611aa9f8275eb1877a7c8b38b0,exploratory previously inspected 100 questions,not_evaluated,-0.41860465116279066
5,100,0.06,0.3,0.3,0.16866666666666666,0.20180716082385605,evidence_passage_len32_t0.7_seed20261006__multi_rrf__hybrid_a0.25_d20,evidence_passage_len32_t0.7_seed20261006,multi_rrf_hybrid,0.25,20,2507.9264053300003,Cheryl,isaacus/legal-rag-bench,3a3565bc5429f6cead90548e81f87352b449927e4be1cdd804c28d766bb9c246,e3b869a4e293d081ec5f5b39c2058c8d27b36f611aa9f8275eb1877a7c8b38b0,exploratory previously inspected 100 questions,not_evaluated,0.023255813953488393
5,100,0.057999999999999996,0.29,0.29,0.159,0.19151060614619944,evidence_passage_len32_t0.7_seed20261006__multi_rrf__hybrid_a0.5_d20,evidence_passage_len32_t0.7_seed20261006,multi_rrf_hybrid,0.5,20,2507.9215043299982,Cheryl,isaacus/legal-rag-bench,3a3565bc5429f6cead90548e81f87352b449927e4be1cdd804c28d766bb9c246,e3b869a4e293d081ec5f5b39c2058c8d27b36f611aa9f8275eb1877a7c8b38b0,exploratory previously inspected 100 questions,not_evaluated,0.0
5,100,0.038,0.19,0.19,0.11033333333333331,0.1300234830024249,evidence_passage_len32_t0.7_seed20261006__multi_rrf__hybrid_a0.75_d20,evidence_passage_len32_t0.7_seed20261006,multi_rrf_hybrid,0.75,20,2507.923613010001,Cheryl,isaacus/legal-rag-bench,3a3565bc5429f6cead90548e81f87352b449927e4be1cdd804c28d766bb9c246,e3b869a4e293d081ec5f5b39c2058c8d27b36f611aa9f8275eb1877a7c8b38b0,exploratory previously inspected 100 questions,not_evaluated,-0.23255813953488366
5,100,0.057999999999999996,0.29,0.29,0.16033333333333333,0.19287926821671234,evidence_passage_len32_t0.7_seed20261006__multi_rrf__hybrid_a0.25_d100,evidence_passage_len32_t0.7_seed20261006,multi_rrf_hybrid,0.25,100,2508.058014700001,Cheryl,isaacus/legal-rag-bench,3a3565bc5429f6cead90548e81f87352b449927e4be1cdd804c28d766bb9c246,e3b869a4e293d081ec5f5b39c2058c8d27b36f611aa9f8275eb1877a7c8b38b0,exploratory previously inspected 100 questions,not_evaluated,0.0
5,100,0.052000000000000005,0.26,0.26,0.14049999999999999,0.17001806801297392,evidence_passage_len32_t0.7_seed20261006__multi_rrf__hybrid_a0.5_d100,evidence_passage_len32_t0.7_seed20261006,multi_rrf_hybrid,0.5,100,2507.9986094099977,Cheryl,isaacus/legal-rag-bench,3a3565bc5429f6cead90548e81f87352b449927e4be1cdd804c28d766bb9c246,e3b869a4e293d081ec5f5b39c2058c8d27b36f611aa9f8275eb1877a7c8b38b0,exploratory previously inspected 100 questions,not_evaluated,-0.06976744186046505
5,100,0.036,0.18,0.18,0.1045,0.12341248379593765,evidence_passage_len32_t0.7_seed20261006__multi_rrf__hybrid_a0.75_d100,evidence_passage_len32_t0.7_seed20261006,multi_rrf_hybrid,0.75,100,2508.02902173,Cheryl,isaacus/legal-rag-bench,3a3565bc5429f6cead90548e81f87352b449927e4be1cdd804c28d766bb9c246,e3b869a4e293d081ec5f5b39c2058c8d27b36f611aa9f8275eb1877a7c8b38b0,exploratory previously inspected 100 questions,not_evaluated,-0.25581395348837205
5,100,0.038,0.19,0.19,0.09816666666666667,0.12089454302975092,evidence_passage_len96_t0_seed20261006__hyde_single,evidence_passage_len96_t0_seed20261006,hyde_single,,100,1160.1910378099992,Cheryl,isaacus/legal-rag-bench,3a3565bc5429f6cead90548e81f87352b449927e4be1cdd804c28d766bb9c246,e3b869a4e293d081ec5f5b39c2058c8d27b36f611aa9f8275eb1877a7c8b38b0,exploratory previously inspected 100 questions,not_evaluated,-0.23255813953488366
5,100,0.057999999999999996,0.29,0.29,0.23399999999999999,0.24797424628754913,evidence_passage_len96_t0_seed20261006__hyde_single__hybrid_a0.25_d20,evidence_passage_len96_t0_seed20261006,hyde_single_hybrid,0.25,20,1160.4545873999998,Cheryl,isaacus/legal-rag-bench,3a3565bc5429f6cead90548e81f87352b449927e4be1cdd804c28d766bb9c246,e3b869a4e293d081ec5f5b39c2058c8d27b36f611aa9f8275eb1877a7c8b38b0,exploratory previously inspected 100 questions,not_evaluated,0.0
5,100,0.068,0.34,0.34,0.21166666666666664,0.24343055180891157,evidence_passage_len96_t0_seed20261006__hyde_single__hybrid_a0.5_d20,evidence_passage_len96_t0_seed20261006,hyde_single_hybrid,0.5,20,1160.4642261899974,Cheryl,isaacus/legal-rag-bench,3a3565bc5429f6cead90548e81f87352b449927e4be1cdd804c28d766bb9c246,e3b869a4e293d081ec5f5b39c2058c8d27b36f611aa9f8275eb1877a7c8b38b0,exploratory previously inspected 100 questions,not_evaluated,0.11627906976744197
5,100,0.046,0.23,0.23,0.14366666666666666,0.16533784444810073,evidence_passage_len96_t0_seed20261006__hyde_single__hybrid_a0.75_d20,evidence_passage_len96_t0_seed20261006,hyde_single_hybrid,0.75,20,1160.4582534800013,Cheryl,isaacus/legal-rag-bench,3a3565bc5429f6cead90548e81f87352b449927e4be1cdd804c28d766bb9c246,e3b869a4e293d081ec5f5b39c2058c8d27b36f611aa9f8275eb1877a7c8b38b0,exploratory previously inspected 100 questions,not_evaluated,-0.13953488372093018
5,100,0.062,0.31,0.31,0.2328333333333333,0.2520260149574055,evidence_passage_len96_t0_seed20261006__hyde_single__hybrid_a0.25_d100,evidence_passage_len96_t0_seed20261006,hyde_single_hybrid,0.25,100,1160.5850045199988,Cheryl,isaacus/legal-rag-bench,3a3565bc5429f6cead90548e81f87352b449927e4be1cdd804c28d766bb9c246,e3b869a4e293d081ec5f5b39c2058c8d27b36f611aa9f8275eb1877a7c8b38b0,exploratory previously inspected 100 questions,not_evaluated,0.046511627906976785
5,100,0.048,0.24,0.24,0.15933333333333333,0.17946136943132374,evidence_passage_len96_t0_seed20261006__hyde_single__hybrid_a0.5_d100,evidence_passage_len96_t0_seed20261006,hyde_single_hybrid,0.5,100,1160.5280179099966,Cheryl,isaacus/legal-rag-bench,3a3565bc5429f6cead90548e81f87352b449927e4be1cdd804c28d766bb9c246,e3b869a4e293d081ec5f5b39c2058c8d27b36f611aa9f8275eb1877a7c8b38b0,exploratory previously inspected 100 questions,not_evaluated,-0.11627906976744183
5,100,0.044,0.22,0.22,0.12033333333333332,0.14526067314528318,evidence_passage_len96_t0_seed20261006__hyde_single__hybrid_a0.75_d100,evidence_passage_len96_t0_seed20261006,hyde_single_hybrid,0.75,100,1160.520085469998,Cheryl,isaacus/legal-rag-bench,3a3565bc5429f6cead90548e81f87352b449927e4be1cdd804c28d766bb9c246,e3b869a4e293d081ec5f5b39c2058c8d27b36f611aa9f8275eb1877a7c8b38b0,exploratory previously inspected 100 questions,not_evaluated,-0.16279069767441856
5,100,0.052000000000000005,0.26,0.26,0.15283333333333332,0.1795674387260171,evidence_passage_len96_t0_seed20261006__question_plus_hyde,evidence_passage_len96_t0_seed20261006,question_plus_hyde,,100,1160.1910378099992,Cheryl,isaacus/legal-rag-bench,3a3565bc5429f6cead90548e81f87352b449927e4be1cdd804c28d766bb9c246,e3b869a4e293d081ec5f5b39c2058c8d27b36f611aa9f8275eb1877a7c8b38b0,exploratory previously inspected 100 questions,not_evaluated,-0.06976744186046505
5,100,0.062,0.31,0.31,0.21349999999999997,0.23745883747634303,evidence_passage_len96_t0_seed20261006__question_plus_hyde__hybrid_a0.25_d20,evidence_passage_len96_t0_seed20261006,question_plus_hyde_hybrid,0.25,20,1160.4395492699953,Cheryl,isaacus/legal-rag-bench,3a3565bc5429f6cead90548e81f87352b449927e4be1cdd804c28d766bb9c246,e3b869a4e293d081ec5f5b39c2058c8d27b36f611aa9f8275eb1877a7c8b38b0,exploratory previously inspected 100 questions,not_evaluated,0.046511627906976785
5,100,0.066,0.33,0.33,0.20116666666666666,0.23299231430052303,evidence_passage_len96_t0_seed20261006__question_plus_hyde__hybrid_a0.5_d20,evidence_passage_len96_t0_seed20261006,question_plus_hyde_hybrid,0.5,20,1160.4406859099984,Cheryl,isaacus/legal-rag-bench,3a3565bc5429f6cead90548e81f87352b449927e4be1cdd804c28d766bb9c246,e3b869a4e293d081ec5f5b39c2058c8d27b36f611aa9f8275eb1877a7c8b38b0,exploratory previously inspected 100 questions,not_evaluated,0.09302325581395357
5,100,0.06,0.3,0.3,0.16833333333333333,0.20073478543466486,evidence_passage_len96_t0_seed20261006__question_plus_hyde__hybrid_a0.75_d20,evidence_passage_len96_t0_seed20261006,question_plus_hyde_hybrid,0.75,20,1160.4459785899965,Cheryl,isaacus/legal-rag-bench,3a3565bc5429f6cead90548e81f87352b449927e4be1cdd804c28d766bb9c246,e3b869a4e293d081ec5f5b39c2058c8d27b36f611aa9f8275eb1877a7c8b38b0,exploratory previously inspected 100 questions,not_evaluated,0.023255813953488393
5,100,0.066,0.33,0.33,0.23916666666666664,0.26208537949220384,evidence_passage_len96_t0_seed20261006__question_plus_hyde__hybrid_a0.25_d100,evidence_passage_len96_t0_seed20261006,question_plus_hyde_hybrid,0.25,100,1160.5224802499972,Cheryl,isaacus/legal-rag-bench,3a3565bc5429f6cead90548e81f87352b449927e4be1cdd804c28d766bb9c246,e3b869a4e293d081ec5f5b39c2058c8d27b36f611aa9f8275eb1877a7c8b38b0,exploratory previously inspected 100 questions,not_evaluated,0.09302325581395357
5,100,0.06999999999999999,0.35,0.35,0.2095,0.24398725039056174,evidence_passage_len96_t0_seed20261006__question_plus_hyde__hybrid_a0.5_d100,evidence_passage_len96_t0_seed20261006,question_plus_hyde_hybrid,0.5,100,1160.5326722400016,Cheryl,isaacus/legal-rag-bench,3a3565bc5429f6cead90548e81f87352b449927e4be1cdd804c28d766bb9c246,e3b869a4e293d081ec5f5b39c2058c8d27b36f611aa9f8275eb1877a7c8b38b0,exploratory previously inspected 100 questions,not_evaluated,0.13953488372093023
5,100,0.05,0.25,0.25,0.16449999999999998,0.18595390756454924,evidence_passage_len96_t0_seed20261006__question_plus_hyde__hybrid_a0.75_d100,evidence_passage_len96_t0_seed20261006,question_plus_hyde_hybrid,0.75,100,1160.5088376499955,Cheryl,isaacus/legal-rag-bench,3a3565bc5429f6cead90548e81f87352b449927e4be1cdd804c28d766bb9c246,e3b869a4e293d081ec5f5b39c2058c8d27b36f611aa9f8275eb1877a7c8b38b0,exploratory previously inspected 100 questions,not_evaluated,-0.09302325581395345
5,100,0.04,0.2,0.2,0.107,0.1302606731452832,evidence_passage_len96_t0_seed20261006__multi_average,evidence_passage_len96_t0_seed20261006,multi_average,,100,3480.573113429998,Cheryl,isaacus/legal-rag-bench,3a3565bc5429f6cead90548e81f87352b449927e4be1cdd804c28d766bb9c246,e3b869a4e293d081ec5f5b39c2058c8d27b36f611aa9f8275eb1877a7c8b38b0,exploratory previously inspected 100 questions,not_evaluated,-0.20930232558139528
5,100,0.057999999999999996,0.29,0.29,0.21233333333333335,0.23158777744901698,evidence_passage_len96_t0_seed20261006__multi_average__hybrid_a0.25_d20,evidence_passage_len96_t0_seed20261006,multi_average_hybrid,0.25,20,3480.828985719999,Cheryl,isaacus/legal-rag-bench,3a3565bc5429f6cead90548e81f87352b449927e4be1cdd804c28d766bb9c246,e3b869a4e293d081ec5f5b39c2058c8d27b36f611aa9f8275eb1877a7c8b38b0,exploratory previously inspected 100 questions,not_evaluated,0.0
5,100,0.06,0.3,0.3,0.19649999999999995,0.2225182020111414,evidence_passage_len96_t0_seed20261006__multi_average__hybrid_a0.5_d20,evidence_passage_len96_t0_seed20261006,multi_average_hybrid,0.5,20,3480.8289414799983,Cheryl,isaacus/legal-rag-bench,3a3565bc5429f6cead90548e81f87352b449927e4be1cdd804c28d766bb9c246,e3b869a4e293d081ec5f5b39c2058c8d27b36f611aa9f8275eb1877a7c8b38b0,exploratory previously inspected 100 questions,not_evaluated,0.023255813953488393
5,100,0.048,0.24,0.24,0.14700000000000002,0.17057503459095905,evidence_passage_len96_t0_seed20261006__multi_average__hybrid_a0.75_d20,evidence_passage_len96_t0_seed20261006,multi_average_hybrid,0.75,20,3480.823536189995,Cheryl,isaacus/legal-rag-bench,3a3565bc5429f6cead90548e81f87352b449927e4be1cdd804c28d766bb9c246,e3b869a4e293d081ec5f5b39c2058c8d27b36f611aa9f8275eb1877a7c8b38b0,exploratory previously inspected 100 questions,not_evaluated,-0.11627906976744183
5,100,0.066,0.33,0.33,0.23116666666666663,0.2559539075645493,evidence_passage_len96_t0_seed20261006__multi_average__hybrid_a0.25_d100,evidence_passage_len96_t0_seed20261006,multi_average_hybrid,0.25,100,3480.8985765399975,Cheryl,isaacus/legal-rag-bench,3a3565bc5429f6cead90548e81f87352b449927e4be1cdd804c28d766bb9c246,e3b869a4e293d081ec5f5b39c2058c8d27b36f611aa9f8275eb1877a7c8b38b0,exploratory previously inspected 100 questions,not_evaluated,0.09302325581395357
5,100,0.057999999999999996,0.29,0.29,0.17266666666666666,0.2016884317542594,evidence_passage_len96_t0_seed20261006__multi_average__hybrid_a0.5_d100,evidence_passage_len96_t0_seed20261006,multi_average_hybrid,0.5,100,3480.900877289995,Cheryl,isaacus/legal-rag-bench,3a3565bc5429f6cead90548e81f87352b449927e4be1cdd804c28d766bb9c246,e3b869a4e293d081ec5f5b39c2058c8d27b36f611aa9f8275eb1877a7c8b38b0,exploratory previously inspected 100 questions,not_evaluated,0.0
5,100,0.05,0.25,0.25,0.15533333333333332,0.17926573705524448,evidence_passage_len96_t0_seed20261006__multi_average__hybrid_a0.75_d100,evidence_passage_len96_t0_seed20261006,multi_average_hybrid,0.75,100,3480.8952408999985,Cheryl,isaacus/legal-rag-bench,3a3565bc5429f6cead90548e81f87352b449927e4be1cdd804c28d766bb9c246,e3b869a4e293d081ec5f5b39c2058c8d27b36f611aa9f8275eb1877a7c8b38b0,exploratory previously inspected 100 questions,not_evaluated,-0.09302325581395345
5,100,0.034,0.17,0.17,0.09383333333333332,0.11232230163872718,evidence_passage_len96_t0_seed20261006__multi_rrf,evidence_passage_len96_t0_seed20261006,multi_rrf,,100,3480.573113429998,Cheryl,isaacus/legal-rag-bench,3a3565bc5429f6cead90548e81f87352b449927e4be1cdd804c28d766bb9c246,e3b869a4e293d081ec5f5b39c2058c8d27b36f611aa9f8275eb1877a7c8b38b0,exploratory previously inspected 100 questions,not_evaluated,-0.2790697674418604
5,100,0.06,0.3,0.3,0.21899999999999997,0.23920637252044613,evidence_passage_len96_t0_seed20261006__multi_rrf__hybrid_a0.25_d20,evidence_passage_len96_t0_seed20261006,multi_rrf_hybrid,0.25,20,3480.820094660002,Cheryl,isaacus/legal-rag-bench,3a3565bc5429f6cead90548e81f87352b449927e4be1cdd804c28d766bb9c246,e3b869a4e293d081ec5f5b39c2058c8d27b36f611aa9f8275eb1877a7c8b38b0,exploratory previously inspected 100 questions,not_evaluated,0.023255813953488393
5,100,0.06,0.3,0.3,0.1943333333333333,0.22069349566422075,evidence_passage_len96_t0_seed20261006__multi_rrf__hybrid_a0.5_d20,evidence_passage_len96_t0_seed20261006,multi_rrf_hybrid,0.5,20,3480.823251519995,Cheryl,isaacus/legal-rag-bench,3a3565bc5429f6cead90548e81f87352b449927e4be1cdd804c28d766bb9c246,e3b869a4e293d081ec5f5b39c2058c8d27b36f611aa9f8275eb1877a7c8b38b0,exploratory previously inspected 100 questions,not_evaluated,0.023255813953488393
5,100,0.054000000000000006,0.27,0.27,0.1445,0.17498218648060046,evidence_passage_len96_t0_seed20261006__multi_rrf__hybrid_a0.75_d20,evidence_passage_len96_t0_seed20261006,multi_rrf_hybrid,0.75,20,3480.823578379999,Cheryl,isaacus/legal-rag-bench,3a3565bc5429f6cead90548e81f87352b449927e4be1cdd804c28d766bb9c246,e3b869a4e293d081ec5f5b39c2058c8d27b36f611aa9f8275eb1877a7c8b38b0,exploratory previously inspected 100 questions,not_evaluated,-0.04651162790697666
5,100,0.064,0.32,0.32,0.21983333333333335,0.24482243563689465,evidence_passage_len96_t0_seed20261006__multi_rrf__hybrid_a0.25_d100,evidence_passage_len96_t0_seed20261006,multi_rrf_hybrid,0.25,100,3480.900518729999,Cheryl,isaacus/legal-rag-bench,3a3565bc5429f6cead90548e81f87352b449927e4be1cdd804c28d766bb9c246,e3b869a4e293d081ec5f5b39c2058c8d27b36f611aa9f8275eb1877a7c8b38b0,exploratory previously inspected 100 questions,not_evaluated,0.06976744186046518
5,100,0.057999999999999996,0.29,0.29,0.17683333333333334,0.20468589979927876,evidence_passage_len96_t0_seed20261006__multi_rrf__hybrid_a0.5_d100,evidence_passage_len96_t0_seed20261006,multi_rrf_hybrid,0.5,100,3480.9038881699953,Cheryl,isaacus/legal-rag-bench,3a3565bc5429f6cead90548e81f87352b449927e4be1cdd804c28d766bb9c246,e3b869a4e293d081ec5f5b39c2058c8d27b36f611aa9f8275eb1877a7c8b38b0,exploratory previously inspected 100 questions,not_evaluated,0.0
5,100,0.05,0.25,0.25,0.148,0.17293836475517568,evidence_passage_len96_t0_seed20261006__multi_rrf__hybrid_a0.75_d100,evidence_passage_len96_t0_seed20261006,multi_rrf_hybrid,0.75,100,3480.9038252899963,Cheryl,isaacus/legal-rag-bench,3a3565bc5429f6cead90548e81f87352b449927e4be1cdd804c28d766bb9c246,e3b869a4e293d081ec5f5b39c2058c8d27b36f611aa9f8275eb1877a7c8b38b0,exploratory previously inspected 100 questions,not_evaluated,-0.09302325581395345
5,100,0.018,0.09,0.09,0.05533333333333333,0.06410571821520372,evidence_passage_len96_t0.7_seed20261006__hyde_single,evidence_passage_len96_t0.7_seed20261006,hyde_single,,100,1317.5154505799992,Cheryl,isaacus/legal-rag-bench,3a3565bc5429f6cead90548e81f87352b449927e4be1cdd804c28d766bb9c246,e3b869a4e293d081ec5f5b39c2058c8d27b36f611aa9f8275eb1877a7c8b38b0,exploratory previously inspected 100 questions,not_evaluated,-0.46511627906976744
5,100,0.052000000000000005,0.26,0.26,0.15333333333333332,0.17918829775609196,evidence_passage_len96_t0.7_seed20261006__hyde_single__hybrid_a0.25_d20,evidence_passage_len96_t0.7_seed20261006,hyde_single_hybrid,0.25,20,1317.827065910002,Cheryl,isaacus/legal-rag-bench,3a3565bc5429f6cead90548e81f87352b449927e4be1cdd804c28d766bb9c246,e3b869a4e293d081ec5f5b39c2058c8d27b36f611aa9f8275eb1877a7c8b38b0,exploratory previously inspected 100 questions,not_evaluated,-0.06976744186046505
5,100,0.048,0.24,0.24,0.14,0.16418829775609192,evidence_passage_len96_t0.7_seed20261006__hyde_single__hybrid_a0.5_d20,evidence_passage_len96_t0.7_seed20261006,hyde_single_hybrid,0.5,20,1317.7981040299994,Cheryl,isaacus/legal-rag-bench,3a3565bc5429f6cead90548e81f87352b449927e4be1cdd804c28d766bb9c246,e3b869a4e293d081ec5f5b39c2058c8d27b36f611aa9f8275eb1877a7c8b38b0,exploratory previously inspected 100 questions,not_evaluated,-0.11627906976744183
5,100,0.02,0.1,0.1,0.06366666666666668,0.07279642067948915,evidence_passage_len96_t0.7_seed20261006__hyde_single__hybrid_a0.75_d20,evidence_passage_len96_t0.7_seed20261006,hyde_single_hybrid,0.75,20,1317.7650780499982,Cheryl,isaacus/legal-rag-bench,3a3565bc5429f6cead90548e81f87352b449927e4be1cdd804c28d766bb9c246,e3b869a4e293d081ec5f5b39c2058c8d27b36f611aa9f8275eb1877a7c8b38b0,exploratory previously inspected 100 questions,not_evaluated,-0.441860465116279
5,100,0.052000000000000005,0.26,0.26,0.16149999999999998,0.18581737172693333,evidence_passage_len96_t0.7_seed20261006__hyde_single__hybrid_a0.25_d100,evidence_passage_len96_t0.7_seed20261006,hyde_single_hybrid,0.25,100,1317.847639329999,Cheryl,isaacus/legal-rag-bench,3a3565bc5429f6cead90548e81f87352b449927e4be1cdd804c28d766bb9c246,e3b869a4e293d081ec5f5b39c2058c8d27b36f611aa9f8275eb1877a7c8b38b0,exploratory previously inspected 100 questions,not_evaluated,-0.06976744186046505
5,100,0.028000000000000004,0.14,0.14,0.09616666666666668,0.10710318626022307,evidence_passage_len96_t0.7_seed20261006__hyde_single__hybrid_a0.5_d100,evidence_passage_len96_t0.7_seed20261006,hyde_single_hybrid,0.5,100,1317.9825200199969,Cheryl,isaacus/legal-rag-bench,3a3565bc5429f6cead90548e81f87352b449927e4be1cdd804c28d766bb9c246,e3b869a4e293d081ec5f5b39c2058c8d27b36f611aa9f8275eb1877a7c8b38b0,exploratory previously inspected 100 questions,not_evaluated,-0.34883720930232553
5,100,0.018,0.09,0.09,0.05533333333333333,0.06379135676952785,evidence_passage_len96_t0.7_seed20261006__hyde_single__hybrid_a0.75_d100,evidence_passage_len96_t0.7_seed20261006,hyde_single_hybrid,0.75,100,1317.8870029199982,Cheryl,isaacus/legal-rag-bench,3a3565bc5429f6cead90548e81f87352b449927e4be1cdd804c28d766bb9c246,e3b869a4e293d081ec5f5b39c2058c8d27b36f611aa9f8275eb1877a7c8b38b0,exploratory previously inspected 100 questions,not_evaluated,-0.46511627906976744
5,100,0.048,0.24,0.24,0.14533333333333334,0.16926573705524448,evidence_passage_len96_t0.7_seed20261006__question_plus_hyde,evidence_passage_len96_t0.7_seed20261006,question_plus_hyde,,100,1317.5154505799992,Cheryl,isaacus/legal-rag-bench,3a3565bc5429f6cead90548e81f87352b449927e4be1cdd804c28d766bb9c246,e3b869a4e293d081ec5f5b39c2058c8d27b36f611aa9f8275eb1877a7c8b38b0,exploratory previously inspected 100 questions,not_evaluated,-0.11627906976744183
5,100,0.057999999999999996,0.29,0.29,0.19899999999999998,0.22151060614619944,evidence_passage_len96_t0.7_seed20261006__question_plus_hyde__hybrid_a0.25_d20,evidence_passage_len96_t0.7_seed20261006,question_plus_hyde_hybrid,0.25,20,1317.7648724700032,Cheryl,isaacus/legal-rag-bench,3a3565bc5429f6cead90548e81f87352b449927e4be1cdd804c28d766bb9c246,e3b869a4e293d081ec5f5b39c2058c8d27b36f611aa9f8275eb1877a7c8b38b0,exploratory previously inspected 100 questions,not_evaluated,0.0
5,100,0.062,0.31,0.31,0.20183333333333334,0.22876813501205767,evidence_passage_len96_t0.7_seed20261006__question_plus_hyde__hybrid_a0.5_d20,evidence_passage_len96_t0.7_seed20261006,question_plus_hyde_hybrid,0.5,20,1317.768890220001,Cheryl,isaacus/legal-rag-bench,3a3565bc5429f6cead90548e81f87352b449927e4be1cdd804c28d766bb9c246,e3b869a4e293d081ec5f5b39c2058c8d27b36f611aa9f8275eb1877a7c8b38b0,exploratory previously inspected 100 questions,not_evaluated,0.046511627906976785
5,100,0.052000000000000005,0.26,0.26,0.1653333333333333,0.18926573705524447,evidence_passage_len96_t0.7_seed20261006__question_plus_hyde__hybrid_a0.75_d20,evidence_passage_len96_t0.7_seed20261006,question_plus_hyde_hybrid,0.75,20,1317.7660489399989,Cheryl,isaacus/legal-rag-bench,3a3565bc5429f6cead90548e81f87352b449927e4be1cdd804c28d766bb9c246,e3b869a4e293d081ec5f5b39c2058c8d27b36f611aa9f8275eb1877a7c8b38b0,exploratory previously inspected 100 questions,not_evaluated,-0.06976744186046505
5,100,0.068,0.34,0.34,0.22516666666666665,0.2536137924064225,evidence_passage_len96_t0.7_seed20261006__question_plus_hyde__hybrid_a0.25_d100,evidence_passage_len96_t0.7_seed20261006,question_plus_hyde_hybrid,0.25,100,1317.8467612999987,Cheryl,isaacus/legal-rag-bench,3a3565bc5429f6cead90548e81f87352b449927e4be1cdd804c28d766bb9c246,e3b869a4e293d081ec5f5b39c2058c8d27b36f611aa9f8275eb1877a7c8b38b0,exploratory previously inspected 100 questions,not_evaluated,0.11627906976744197
5,100,0.068,0.34,0.34,0.2085,0.24041500899953802,evidence_passage_len96_t0.7_seed20261006__question_plus_hyde__hybrid_a0.5_d100,evidence_passage_len96_t0.7_seed20261006,question_plus_hyde_hybrid,0.5,100,1317.8948479999974,Cheryl,isaacus/legal-rag-bench,3a3565bc5429f6cead90548e81f87352b449927e4be1cdd804c28d766bb9c246,e3b869a4e293d081ec5f5b39c2058c8d27b36f611aa9f8275eb1877a7c8b38b0,exploratory previously inspected 100 questions,not_evaluated,0.11627906976744197
5,100,0.05,0.25,0.25,0.16316666666666665,0.18482243563689466,evidence_passage_len96_t0.7_seed20261006__question_plus_hyde__hybrid_a0.75_d100,evidence_passage_len96_t0.7_seed20261006,question_plus_hyde_hybrid,0.75,100,1317.8448352499993,Cheryl,isaacus/legal-rag-bench,3a3565bc5429f6cead90548e81f87352b449927e4be1cdd804c28d766bb9c246,e3b869a4e293d081ec5f5b39c2058c8d27b36f611aa9f8275eb1877a7c8b38b0,exploratory previously inspected 100 questions,not_evaluated,-0.09302325581395345
5,100,0.034,0.17,0.17,0.076,0.09906983668283027,evidence_passage_len96_t0.7_seed20261006__multi_average,evidence_passage_len96_t0.7_seed20261006,multi_average,,100,3952.546351739998,Cheryl,isaacus/legal-rag-bench,3a3565bc5429f6cead90548e81f87352b449927e4be1cdd804c28d766bb9c246,e3b869a4e293d081ec5f5b39c2058c8d27b36f611aa9f8275eb1877a7c8b38b0,exploratory previously inspected 100 questions,not_evaluated,-0.2790697674418604
5,100,0.066,0.33,0.33,0.20933333333333334,0.23962138827136445,evidence_passage_len96_t0.7_seed20261006__multi_average__hybrid_a0.25_d20,evidence_passage_len96_t0.7_seed20261006,multi_average_hybrid,0.25,20,3952.7967336399997,Cheryl,isaacus/legal-rag-bench,3a3565bc5429f6cead90548e81f87352b449927e4be1cdd804c28d766bb9c246,e3b869a4e293d081ec5f5b39c2058c8d27b36f611aa9f8275eb1877a7c8b38b0,exploratory previously inspected 100 questions,not_evaluated,0.09302325581395357
5,100,0.068,0.34,0.34,0.18316666666666667,0.22236385940550624,evidence_passage_len96_t0.7_seed20261006__multi_average__hybrid_a0.5_d20,evidence_passage_len96_t0.7_seed20261006,multi_average_hybrid,0.5,20,3952.7971205199965,Cheryl,isaacus/legal-rag-bench,3a3565bc5429f6cead90548e81f87352b449927e4be1cdd804c28d766bb9c246,e3b869a4e293d081ec5f5b39c2058c8d27b36f611aa9f8275eb1877a7c8b38b0,exploratory previously inspected 100 questions,not_evaluated,0.11627906976744197
5,100,0.048,0.24,0.24,0.12816666666666665,0.15605456186979166,evidence_passage_len96_t0.7_seed20261006__multi_average__hybrid_a0.75_d20,evidence_passage_len96_t0.7_seed20261006,multi_average_hybrid,0.75,20,3952.79867551,Cheryl,isaacus/legal-rag-bench,3a3565bc5429f6cead90548e81f87352b449927e4be1cdd804c28d766bb9c246,e3b869a4e293d081ec5f5b39c2058c8d27b36f611aa9f8275eb1877a7c8b38b0,exploratory previously inspected 100 questions,not_evaluated,-0.11627906976744183
5,100,0.068,0.34,0.34,0.213,0.2447992138794244,evidence_passage_len96_t0.7_seed20261006__multi_average__hybrid_a0.25_d100,evidence_passage_len96_t0.7_seed20261006,multi_average_hybrid,0.25,100,3952.8639383899936,Cheryl,isaacus/legal-rag-bench,3a3565bc5429f6cead90548e81f87352b449927e4be1cdd804c28d766bb9c246,e3b869a4e293d081ec5f5b39c2058c8d27b36f611aa9f8275eb1877a7c8b38b0,exploratory previously inspected 100 questions,not_evaluated,0.11627906976744197
5,100,0.057999999999999996,0.29,0.29,0.16949999999999996,0.19988180017169296,evidence_passage_len96_t0.7_seed20261006__multi_average__hybrid_a0.5_d100,evidence_passage_len96_t0.7_seed20261006,multi_average_hybrid,0.5,100,3952.8700985099995,Cheryl,isaacus/legal-rag-bench,3a3565bc5429f6cead90548e81f87352b449927e4be1cdd804c28d766bb9c246,e3b869a4e293d081ec5f5b39c2058c8d27b36f611aa9f8275eb1877a7c8b38b0,exploratory previously inspected 100 questions,not_evaluated,0.0
5,100,0.052000000000000005,0.26,0.26,0.13183333333333333,0.16361379240642251,evidence_passage_len96_t0.7_seed20261006__multi_average__hybrid_a0.75_d100,evidence_passage_len96_t0.7_seed20261006,multi_average_hybrid,0.75,100,3952.874546279997,Cheryl,isaacus/legal-rag-bench,3a3565bc5429f6cead90548e81f87352b449927e4be1cdd804c28d766bb9c246,e3b869a4e293d081ec5f5b39c2058c8d27b36f611aa9f8275eb1877a7c8b38b0,exploratory previously inspected 100 questions,not_evaluated,-0.06976744186046505
5,100,0.03,0.15,0.15,0.08233333333333333,0.09896918237758784,evidence_passage_len96_t0.7_seed20261006__multi_rrf,evidence_passage_len96_t0.7_seed20261006,multi_rrf,,100,3952.546351739998,Cheryl,isaacus/legal-rag-bench,3a3565bc5429f6cead90548e81f87352b449927e4be1cdd804c28d766bb9c246,e3b869a4e293d081ec5f5b39c2058c8d27b36f611aa9f8275eb1877a7c8b38b0,exploratory previously inspected 100 questions,not_evaluated,-0.3255813953488372
5,100,0.062,0.31,0.31,0.201,0.22807490059279156,evidence_passage_len96_t0.7_seed20261006__multi_rrf__hybrid_a0.25_d20,evidence_passage_len96_t0.7_seed20261006,multi_rrf_hybrid,0.25,20,3952.798803739999,Cheryl,isaacus/legal-rag-bench,3a3565bc5429f6cead90548e81f87352b449927e4be1cdd804c28d766bb9c246,e3b869a4e293d081ec5f5b39c2058c8d27b36f611aa9f8275eb1877a7c8b38b0,exploratory previously inspected 100 questions,not_evaluated,0.046511627906976785
5,100,0.064,0.32,0.32,0.19016666666666665,0.2223044948707079,evidence_passage_len96_t0.7_seed20261006__multi_rrf__hybrid_a0.5_d20,evidence_passage_len96_t0.7_seed20261006,multi_rrf_hybrid,0.5,20,3952.7965998899954,Cheryl,isaacus/legal-rag-bench,3a3565bc5429f6cead90548e81f87352b449927e4be1cdd804c28d766bb9c246,e3b869a4e293d081ec5f5b39c2058c8d27b36f611aa9f8275eb1877a7c8b38b0,exploratory previously inspected 100 questions,not_evaluated,0.06976744186046518
5,100,0.044,0.22,0.22,0.142,0.16133278053813943,evidence_passage_len96_t0.7_seed20261006__multi_rrf__hybrid_a0.75_d20,evidence_passage_len96_t0.7_seed20261006,multi_rrf_hybrid,0.75,20,3952.8038891499973,Cheryl,isaacus/legal-rag-bench,3a3565bc5429f6cead90548e81f87352b449927e4be1cdd804c28d766bb9c246,e3b869a4e293d081ec5f5b39c2058c8d27b36f611aa9f8275eb1877a7c8b38b0,exploratory previously inspected 100 questions,not_evaluated,-0.16279069767441856
5,100,0.06999999999999999,0.35,0.35,0.21866666666666668,0.25059824959704896,evidence_passage_len96_t0.7_seed20261006__multi_rrf__hybrid_a0.25_d100,evidence_passage_len96_t0.7_seed20261006,multi_rrf_hybrid,0.25,100,3952.8779719699987,Cheryl,isaacus/legal-rag-bench,3a3565bc5429f6cead90548e81f87352b449927e4be1cdd804c28d766bb9c246,e3b869a4e293d081ec5f5b39c2058c8d27b36f611aa9f8275eb1877a7c8b38b0,exploratory previously inspected 100 questions,not_evaluated,0.13953488372093023
5,100,0.06,0.3,0.3,0.1905,0.21755949178158548,evidence_passage_len96_t0.7_seed20261006__multi_rrf__hybrid_a0.5_d100,evidence_passage_len96_t0.7_seed20261006,multi_rrf_hybrid,0.5,100,3952.8664365899995,Cheryl,isaacus/legal-rag-bench,3a3565bc5429f6cead90548e81f87352b449927e4be1cdd804c28d766bb9c246,e3b869a4e293d081ec5f5b39c2058c8d27b36f611aa9f8275eb1877a7c8b38b0,exploratory previously inspected 100 questions,not_evaluated,0.023255813953488393
5,100,0.044,0.22,0.22,0.13566666666666666,0.15651060614619944,evidence_passage_len96_t0.7_seed20261006__multi_rrf__hybrid_a0.75_d100,evidence_passage_len96_t0.7_seed20261006,multi_rrf_hybrid,0.75,100,3952.8603251899967,Cheryl,isaacus/legal-rag-bench,3a3565bc5429f6cead90548e81f87352b449927e4be1cdd804c28d766bb9c246,e3b869a4e293d081ec5f5b39c2058c8d27b36f611aa9f8275eb1877a7c8b38b0,exploratory previously inspected 100 questions,not_evaluated,-0.16279069767441856
5,100,0.016,0.08,0.08,0.0425,0.051925360652163084,evidence_passage_len96_t0.7_seed20261007__hyde_single,evidence_passage_len96_t0.7_seed20261007,hyde_single,,100,877.005196356669,Cheryl,isaacus/legal-rag-bench,3a3565bc5429f6cead90548e81f87352b449927e4be1cdd804c28d766bb9c246,e3b869a4e293d081ec5f5b39c2058c8d27b36f611aa9f8275eb1877a7c8b38b0,exploratory previously inspected 100 questions,not_evaluated,-0.48837209302325574
5,100,0.057999999999999996,0.29,0.29,0.2028333333333333,0.22464461002883468,evidence_passage_len96_t0.7_seed20261007__hyde_single__hybrid_a0.25_d20,evidence_passage_len96_t0.7_seed20261007,hyde_single_hybrid,0.25,20,877.260667736671,Cheryl,isaacus/legal-rag-bench,3a3565bc5429f6cead90548e81f87352b449927e4be1cdd804c28d766bb9c246,e3b869a4e293d081ec5f5b39c2058c8d27b36f611aa9f8275eb1877a7c8b38b0,exploratory previously inspected 100 questions,not_evaluated,0.0
5,100,0.057999999999999996,0.29,0.29,0.172,0.20106695364835991,evidence_passage_len96_t0.7_seed20261007__hyde_single__hybrid_a0.5_d20,evidence_passage_len96_t0.7_seed20261007,hyde_single_hybrid,0.5,20,877.2539924466699,Cheryl,isaacus/legal-rag-bench,3a3565bc5429f6cead90548e81f87352b449927e4be1cdd804c28d766bb9c246,e3b869a4e293d081ec5f5b39c2058c8d27b36f611aa9f8275eb1877a7c8b38b0,exploratory previously inspected 100 questions,not_evaluated,0.0
5,100,0.022,0.11,0.11,0.07116666666666666,0.08079388872450849,evidence_passage_len96_t0.7_seed20261007__hyde_single__hybrid_a0.75_d20,evidence_passage_len96_t0.7_seed20261007,hyde_single_hybrid,0.75,20,877.2614404166669,Cheryl,isaacus/legal-rag-bench,3a3565bc5429f6cead90548e81f87352b449927e4be1cdd804c28d766bb9c246,e3b869a4e293d081ec5f5b39c2058c8d27b36f611aa9f8275eb1877a7c8b38b0,exploratory previously inspected 100 questions,not_evaluated,-0.41860465116279066
5,100,0.054000000000000006,0.27,0.27,0.19916666666666663,0.21692536065216309,evidence_passage_len96_t0.7_seed20261007__hyde_single__hybrid_a0.25_d100,evidence_passage_len96_t0.7_seed20261007,hyde_single_hybrid,0.25,100,877.327195986666,Cheryl,isaacus/legal-rag-bench,3a3565bc5429f6cead90548e81f87352b449927e4be1cdd804c28d766bb9c246,e3b869a4e293d081ec5f5b39c2058c8d27b36f611aa9f8275eb1877a7c8b38b0,exploratory previously inspected 100 questions,not_evaluated,-0.04651162790697666
5,100,0.044,0.22,0.22,0.12883333333333333,0.15132736554868848,evidence_passage_len96_t0.7_seed20261007__hyde_single__hybrid_a0.5_d100,evidence_passage_len96_t0.7_seed20261007,hyde_single_hybrid,0.5,100,877.3411043766718,Cheryl,isaacus/legal-rag-bench,3a3565bc5429f6cead90548e81f87352b449927e4be1cdd804c28d766bb9c246,e3b869a4e293d081ec5f5b39c2058c8d27b36f611aa9f8275eb1877a7c8b38b0,exploratory previously inspected 100 questions,not_evaluated,-0.16279069767441856
5,100,0.026000000000000002,0.13,0.13,0.07200000000000001,0.08640995184095701,evidence_passage_len96_t0.7_seed20261007__hyde_single__hybrid_a0.75_d100,evidence_passage_len96_t0.7_seed20261007,hyde_single_hybrid,0.75,100,877.3329636766701,Cheryl,isaacus/legal-rag-bench,3a3565bc5429f6cead90548e81f87352b449927e4be1cdd804c28d766bb9c246,e3b869a4e293d081ec5f5b39c2058c8d27b36f611aa9f8275eb1877a7c8b38b0,exploratory previously inspected 100 questions,not_evaluated,-0.3720930232558139
5,100,0.048,0.24,0.24,0.16,0.18016001884004076,evidence_passage_len96_t0.7_seed20261007__question_plus_hyde,evidence_passage_len96_t0.7_seed20261007,question_plus_hyde,,100,877.005196356669,Cheryl,isaacus/legal-rag-bench,3a3565bc5429f6cead90548e81f87352b449927e4be1cdd804c28d766bb9c246,e3b869a4e293d081ec5f5b39c2058c8d27b36f611aa9f8275eb1877a7c8b38b0,exploratory previously inspected 100 questions,not_evaluated,-0.11627906976744183
5,100,0.06,0.3,0.3,0.21033333333333332,0.23264207807385404,evidence_passage_len96_t0.7_seed20261007__question_plus_hyde__hybrid_a0.25_d20,evidence_passage_len96_t0.7_seed20261007,question_plus_hyde_hybrid,0.25,20,877.2560717966716,Cheryl,isaacus/legal-rag-bench,3a3565bc5429f6cead90548e81f87352b449927e4be1cdd804c28d766bb9c246,e3b869a4e293d081ec5f5b39c2058c8d27b36f611aa9f8275eb1877a7c8b38b0,exploratory previously inspected 100 questions,not_evaluated,0.023255813953488393
5,100,0.064,0.32,0.32,0.20166666666666663,0.2308119567374824,evidence_passage_len96_t0.7_seed20261007__question_plus_hyde__hybrid_a0.5_d20,evidence_passage_len96_t0.7_seed20261007,question_plus_hyde_hybrid,0.5,20,877.254817716669,Cheryl,isaacus/legal-rag-bench,3a3565bc5429f6cead90548e81f87352b449927e4be1cdd804c28d766bb9c246,e3b869a4e293d081ec5f5b39c2058c8d27b36f611aa9f8275eb1877a7c8b38b0,exploratory previously inspected 100 questions,not_evaluated,0.06976744186046518
5,100,0.057999999999999996,0.29,0.29,0.1793333333333333,0.20668843175425944,evidence_passage_len96_t0.7_seed20261007__question_plus_hyde__hybrid_a0.75_d20,evidence_passage_len96_t0.7_seed20261007,question_plus_hyde_hybrid,0.75,20,877.2578306466702,Cheryl,isaacus/legal-rag-bench,3a3565bc5429f6cead90548e81f87352b449927e4be1cdd804c28d766bb9c246,e3b869a4e293d081ec5f5b39c2058c8d27b36f611aa9f8275eb1877a7c8b38b0,exploratory previously inspected 100 questions,not_evaluated,0.0
5,100,0.066,0.33,0.33,0.23199999999999998,0.2562556092353219,evidence_passage_len96_t0.7_seed20261007__question_plus_hyde__hybrid_a0.25_d100,evidence_passage_len96_t0.7_seed20261007,question_plus_hyde_hybrid,0.25,100,877.3424706866698,Cheryl,isaacus/legal-rag-bench,3a3565bc5429f6cead90548e81f87352b449927e4be1cdd804c28d766bb9c246,e3b869a4e293d081ec5f5b39c2058c8d27b36f611aa9f8275eb1877a7c8b38b0,exploratory previously inspected 100 questions,not_evaluated,0.09302325581395357
5,100,0.057999999999999996,0.29,0.29,0.19816666666666666,0.2208173717269334,evidence_passage_len96_t0.7_seed20261007__question_plus_hyde__hybrid_a0.5_d100,evidence_passage_len96_t0.7_seed20261007,question_plus_hyde_hybrid,0.5,100,877.3280742666683,Cheryl,isaacus/legal-rag-bench,3a3565bc5429f6cead90548e81f87352b449927e4be1cdd804c28d766bb9c246,e3b869a4e293d081ec5f5b39c2058c8d27b36f611aa9f8275eb1877a7c8b38b0,exploratory previously inspected 100 questions,not_evaluated,0.0
5,100,0.052000000000000005,0.26,0.26,0.1815,0.2012089044754268,evidence_passage_len96_t0.7_seed20261007__question_plus_hyde__hybrid_a0.75_d100,evidence_passage_len96_t0.7_seed20261007,question_plus_hyde_hybrid,0.75,100,877.3385360166711,Cheryl,isaacus/legal-rag-bench,3a3565bc5429f6cead90548e81f87352b449927e4be1cdd804c28d766bb9c246,e3b869a4e293d081ec5f5b39c2058c8d27b36f611aa9f8275eb1877a7c8b38b0,exploratory previously inspected 100 questions,not_evaluated,-0.06976744186046505
5,100,0.04,0.2,0.2,0.10566666666666666,0.12912920121762858,evidence_passage_len96_t0.7_seed20261007__multi_average,evidence_passage_len96_t0.7_seed20261007,multi_average,,100,2631.015589070007,Cheryl,isaacus/legal-rag-bench,3a3565bc5429f6cead90548e81f87352b449927e4be1cdd804c28d766bb9c246,e3b869a4e293d081ec5f5b39c2058c8d27b36f611aa9f8275eb1877a7c8b38b0,exploratory previously inspected 100 questions,not_evaluated,-0.20930232558139528
5,100,0.062,0.31,0.31,0.22783333333333336,0.24841248379593764,evidence_passage_len96_t0.7_seed20261007__multi_average__hybrid_a0.25_d20,evidence_passage_len96_t0.7_seed20261007,multi_average_hybrid,0.25,20,2631.264563610008,Cheryl,isaacus/legal-rag-bench,3a3565bc5429f6cead90548e81f87352b449927e4be1cdd804c28d766bb9c246,e3b869a4e293d081ec5f5b39c2058c8d27b36f611aa9f8275eb1877a7c8b38b0,exploratory previously inspected 100 questions,not_evaluated,0.046511627906976785
5,100,0.06,0.3,0.3,0.18166666666666664,0.21139214507293777,evidence_passage_len96_t0.7_seed20261007__multi_average__hybrid_a0.5_d20,evidence_passage_len96_t0.7_seed20261007,multi_average_hybrid,0.5,20,2631.264520780006,Cheryl,isaacus/legal-rag-bench,3a3565bc5429f6cead90548e81f87352b449927e4be1cdd804c28d766bb9c246,e3b869a4e293d081ec5f5b39c2058c8d27b36f611aa9f8275eb1877a7c8b38b0,exploratory previously inspected 100 questions,not_evaluated,0.023255813953488393
5,100,0.046,0.23,0.23,0.1295,0.15456743872601708,evidence_passage_len96_t0.7_seed20261007__multi_average__hybrid_a0.75_d20,evidence_passage_len96_t0.7_seed20261007,multi_average_hybrid,0.75,20,2631.268418490009,Cheryl,isaacus/legal-rag-bench,3a3565bc5429f6cead90548e81f87352b449927e4be1cdd804c28d766bb9c246,e3b869a4e293d081ec5f5b39c2058c8d27b36f611aa9f8275eb1877a7c8b38b0,exploratory previously inspected 100 questions,not_evaluated,-0.13953488372093018
5,100,0.066,0.33,0.33,0.21666666666666665,0.24508284753722318,evidence_passage_len96_t0.7_seed20261007__multi_average__hybrid_a0.25_d100,evidence_passage_len96_t0.7_seed20261007,multi_average_hybrid,0.25,100,2631.3380867000033,Cheryl,isaacus/legal-rag-bench,3a3565bc5429f6cead90548e81f87352b449927e4be1cdd804c28d766bb9c246,e3b869a4e293d081ec5f5b39c2058c8d27b36f611aa9f8275eb1877a7c8b38b0,exploratory previously inspected 100 questions,not_evaluated,0.09302325581395357
5,100,0.06,0.3,0.3,0.17366666666666666,0.20526067314528318,evidence_passage_len96_t0.7_seed20261007__multi_average__hybrid_a0.5_d100,evidence_passage_len96_t0.7_seed20261007,multi_average_hybrid,0.5,100,2631.357393820009,Cheryl,isaacus/legal-rag-bench,3a3565bc5429f6cead90548e81f87352b449927e4be1cdd804c28d766bb9c246,e3b869a4e293d081ec5f5b39c2058c8d27b36f611aa9f8275eb1877a7c8b38b0,exploratory previously inspected 100 questions,not_evaluated,0.023255813953488393
5,100,0.041999999999999996,0.21,0.21,0.12583333333333332,0.14708537949220382,evidence_passage_len96_t0.7_seed20261007__multi_average__hybrid_a0.75_d100,evidence_passage_len96_t0.7_seed20261007,multi_average_hybrid,0.75,100,2631.3535345600085,Cheryl,isaacus/legal-rag-bench,3a3565bc5429f6cead90548e81f87352b449927e4be1cdd804c28d766bb9c246,e3b869a4e293d081ec5f5b39c2058c8d27b36f611aa9f8275eb1877a7c8b38b0,exploratory previously inspected 100 questions,not_evaluated,-0.18604651162790695
5,100,0.036,0.18,0.18,0.09566666666666668,0.11651060614619943,evidence_passage_len96_t0.7_seed20261007__multi_rrf,evidence_passage_len96_t0.7_seed20261007,multi_rrf,,100,2631.015589070007,Cheryl,isaacus/legal-rag-bench,3a3565bc5429f6cead90548e81f87352b449927e4be1cdd804c28d766bb9c246,e3b869a4e293d081ec5f5b39c2058c8d27b36f611aa9f8275eb1877a7c8b38b0,exploratory previously inspected 100 questions,not_evaluated,-0.25581395348837205
5,100,0.064,0.32,0.32,0.22683333333333333,0.25007743254777226,evidence_passage_len96_t0.7_seed20261007__multi_rrf__hybrid_a0.25_d20,evidence_passage_len96_t0.7_seed20261007,multi_rrf_hybrid,0.25,20,2631.2633338500073,Cheryl,isaacus/legal-rag-bench,3a3565bc5429f6cead90548e81f87352b449927e4be1cdd804c28d766bb9c246,e3b869a4e293d081ec5f5b39c2058c8d27b36f611aa9f8275eb1877a7c8b38b0,exploratory previously inspected 100 questions,not_evaluated,0.06976744186046518
5,100,0.068,0.34,0.34,0.20216666666666666,0.2362501942458709,evidence_passage_len96_t0.7_seed20261007__multi_rrf__hybrid_a0.5_d20,evidence_passage_len96_t0.7_seed20261007,multi_rrf_hybrid,0.5,20,2631.280264880007,Cheryl,isaacus/legal-rag-bench,3a3565bc5429f6cead90548e81f87352b449927e4be1cdd804c28d766bb9c246,e3b869a4e293d081ec5f5b39c2058c8d27b36f611aa9f8275eb1877a7c8b38b0,exploratory previously inspected 100 questions,not_evaluated,0.11627906976744197
5,100,0.046,0.23,0.23,0.132,0.1562556092353219,evidence_passage_len96_t0.7_seed20261007__multi_rrf__hybrid_a0.75_d20,evidence_passage_len96_t0.7_seed20261007,multi_rrf_hybrid,0.75,20,2631.265894030008,Cheryl,isaacus/legal-rag-bench,3a3565bc5429f6cead90548e81f87352b449927e4be1cdd804c28d766bb9c246,e3b869a4e293d081ec5f5b39c2058c8d27b36f611aa9f8275eb1877a7c8b38b0,exploratory previously inspected 100 questions,not_evaluated,-0.13953488372093018
5,100,0.066,0.33,0.33,0.2093333333333333,0.23906983668283024,evidence_passage_len96_t0.7_seed20261007__multi_rrf__hybrid_a0.25_d100,evidence_passage_len96_t0.7_seed20261007,multi_rrf_hybrid,0.25,100,2631.3561572000035,Cheryl,isaacus/legal-rag-bench,3a3565bc5429f6cead90548e81f87352b449927e4be1cdd804c28d766bb9c246,e3b869a4e293d081ec5f5b39c2058c8d27b36f611aa9f8275eb1877a7c8b38b0,exploratory previously inspected 100 questions,not_evaluated,0.09302325581395357
5,100,0.052000000000000005,0.26,0.26,0.16733333333333333,0.1902784799133024,evidence_passage_len96_t0.7_seed20261007__multi_rrf__hybrid_a0.5_d100,evidence_passage_len96_t0.7_seed20261007,multi_rrf_hybrid,0.5,100,2631.342807040006,Cheryl,isaacus/legal-rag-bench,3a3565bc5429f6cead90548e81f87352b449927e4be1cdd804c28d766bb9c246,e3b869a4e293d081ec5f5b39c2058c8d27b36f611aa9f8275eb1877a7c8b38b0,exploratory previously inspected 100 questions,not_evaluated,-0.06976744186046505
5,100,0.046,0.23,0.23,0.131,0.15537913421854485,evidence_passage_len96_t0.7_seed20261007__multi_rrf__hybrid_a0.75_d100,evidence_passage_len96_t0.7_seed20261007,multi_rrf_hybrid,0.75,100,2631.383372310007,Cheryl,isaacus/legal-rag-bench,3a3565bc5429f6cead90548e81f87352b449927e4be1cdd804c28d766bb9c246,e3b869a4e293d081ec5f5b39c2058c8d27b36f611aa9f8275eb1877a7c8b38b0,exploratory previously inspected 100 questions,not_evaluated,-0.13953488372093018
5,100,0.022,0.11,0.11,0.08583333333333332,0.0919253606521631,evidence_passage_len96_t0.7_seed20261008__hyde_single,evidence_passage_len96_t0.7_seed20261008,hyde_single,,100,1664.8753632600012,Cheryl,isaacus/legal-rag-bench,3a3565bc5429f6cead90548e81f87352b449927e4be1cdd804c28d766bb9c246,e3b869a4e293d081ec5f5b39c2058c8d27b36f611aa9f8275eb1877a7c8b38b0,exploratory previously inspected 100 questions,not_evaluated,-0.41860465116279066
5,100,0.06,0.3,0.3,0.2155,0.2363273655486885,evidence_passage_len96_t0.7_seed20261008__hyde_single__hybrid_a0.25_d20,evidence_passage_len96_t0.7_seed20261008,hyde_single_hybrid,0.25,20,1665.1259440500048,Cheryl,isaacus/legal-rag-bench,3a3565bc5429f6cead90548e81f87352b449927e4be1cdd804c28d766bb9c246,e3b869a4e293d081ec5f5b39c2058c8d27b36f611aa9f8275eb1877a7c8b38b0,exploratory previously inspected 100 questions,not_evaluated,0.023255813953488393
5,100,0.057999999999999996,0.29,0.29,0.179,0.2068249675918753,evidence_passage_len96_t0.7_seed20261008__hyde_single__hybrid_a0.5_d20,evidence_passage_len96_t0.7_seed20261008,hyde_single_hybrid,0.5,20,1665.1284423900001,Cheryl,isaacus/legal-rag-bench,3a3565bc5429f6cead90548e81f87352b449927e4be1cdd804c28d766bb9c246,e3b869a4e293d081ec5f5b39c2058c8d27b36f611aa9f8275eb1877a7c8b38b0,exploratory previously inspected 100 questions,not_evaluated,0.0
5,100,0.034,0.17,0.17,0.10816666666666666,0.12359030940399766,evidence_passage_len96_t0.7_seed20261008__hyde_single__hybrid_a0.75_d20,evidence_passage_len96_t0.7_seed20261008,hyde_single_hybrid,0.75,20,1665.1251606200044,Cheryl,isaacus/legal-rag-bench,3a3565bc5429f6cead90548e81f87352b449927e4be1cdd804c28d766bb9c246,e3b869a4e293d081ec5f5b39c2058c8d27b36f611aa9f8275eb1877a7c8b38b0,exploratory previously inspected 100 questions,not_evaluated,-0.2790697674418604
5,100,0.06,0.3,0.3,0.19983333333333334,0.22482243563689466,evidence_passage_len96_t0.7_seed20261008__hyde_single__hybrid_a0.25_d100,evidence_passage_len96_t0.7_seed20261008,hyde_single_hybrid,0.25,100,1665.308072430002,Cheryl,isaacus/legal-rag-bench,3a3565bc5429f6cead90548e81f87352b449927e4be1cdd804c28d766bb9c246,e3b869a4e293d081ec5f5b39c2058c8d27b36f611aa9f8275eb1877a7c8b38b0,exploratory previously inspected 100 questions,not_evaluated,0.023255813953488393
5,100,0.044,0.22,0.22,0.14533333333333331,0.16402854691238616,evidence_passage_len96_t0.7_seed20261008__hyde_single__hybrid_a0.5_d100,evidence_passage_len96_t0.7_seed20261008,hyde_single_hybrid,0.5,100,1665.2101008099994,Cheryl,isaacus/legal-rag-bench,3a3565bc5429f6cead90548e81f87352b449927e4be1cdd804c28d766bb9c246,e3b869a4e293d081ec5f5b39c2058c8d27b36f611aa9f8275eb1877a7c8b38b0,exploratory previously inspected 100 questions,not_evaluated,-0.16279069767441856
5,100,0.036,0.18,0.18,0.10366666666666667,0.12264207807385404,evidence_passage_len96_t0.7_seed20261008__hyde_single__hybrid_a0.75_d100,evidence_passage_len96_t0.7_seed20261008,hyde_single_hybrid,0.75,100,1665.19997156,Cheryl,isaacus/legal-rag-bench,3a3565bc5429f6cead90548e81f87352b449927e4be1cdd804c28d766bb9c246,e3b869a4e293d081ec5f5b39c2058c8d27b36f611aa9f8275eb1877a7c8b38b0,exploratory previously inspected 100 questions,not_evaluated,-0.25581395348837205
5,100,0.052000000000000005,0.26,0.26,0.155,0.18131497377012018,evidence_passage_len96_t0.7_seed20261008__question_plus_hyde,evidence_passage_len96_t0.7_seed20261008,question_plus_hyde,,100,1664.8753632600012,Cheryl,isaacus/legal-rag-bench,3a3565bc5429f6cead90548e81f87352b449927e4be1cdd804c28d766bb9c246,e3b869a4e293d081ec5f5b39c2058c8d27b36f611aa9f8275eb1877a7c8b38b0,exploratory previously inspected 100 questions,not_evaluated,-0.06976744186046505
5,100,0.068,0.34,0.34,0.22583333333333333,0.2538094247825018,evidence_passage_len96_t0.7_seed20261008__question_plus_hyde__hybrid_a0.25_d20,evidence_passage_len96_t0.7_seed20261008,question_plus_hyde_hybrid,0.25,20,1665.1373039200002,Cheryl,isaacus/legal-rag-bench,3a3565bc5429f6cead90548e81f87352b449927e4be1cdd804c28d766bb9c246,e3b869a4e293d081ec5f5b39c2058c8d27b36f611aa9f8275eb1877a7c8b38b0,exploratory previously inspected 100 questions,not_evaluated,0.11627906976744197
5,100,0.066,0.33,0.33,0.20266666666666666,0.23430702682568857,evidence_passage_len96_t0.7_seed20261008__question_plus_hyde__hybrid_a0.5_d20,evidence_passage_len96_t0.7_seed20261008,question_plus_hyde_hybrid,0.5,20,1665.1289447800032,Cheryl,isaacus/legal-rag-bench,3a3565bc5429f6cead90548e81f87352b449927e4be1cdd804c28d766bb9c246,e3b869a4e293d081ec5f5b39c2058c8d27b36f611aa9f8275eb1877a7c8b38b0,exploratory previously inspected 100 questions,not_evaluated,0.09302325581395357
5,100,0.064,0.32,0.32,0.185,0.21835338050609399,evidence_passage_len96_t0.7_seed20261008__question_plus_hyde__hybrid_a0.75_d20,evidence_passage_len96_t0.7_seed20261008,question_plus_hyde_hybrid,0.75,20,1665.1436657300014,Cheryl,isaacus/legal-rag-bench,3a3565bc5429f6cead90548e81f87352b449927e4be1cdd804c28d766bb9c246,e3b869a4e293d081ec5f5b39c2058c8d27b36f611aa9f8275eb1877a7c8b38b0,exploratory previously inspected 100 questions,not_evaluated,0.06976744186046518
5,100,0.066,0.33,0.33,0.24066666666666667,0.262819903681914,evidence_passage_len96_t0.7_seed20261008__question_plus_hyde__hybrid_a0.25_d100,evidence_passage_len96_t0.7_seed20261008,question_plus_hyde_hybrid,0.25,100,1665.2096122300004,Cheryl,isaacus/legal-rag-bench,3a3565bc5429f6cead90548e81f87352b449927e4be1cdd804c28d766bb9c246,e3b869a4e293d081ec5f5b39c2058c8d27b36f611aa9f8275eb1877a7c8b38b0,exploratory previously inspected 100 questions,not_evaluated,0.09302325581395357
5,100,0.06999999999999999,0.35,0.35,0.2205,0.2524823204787679,evidence_passage_len96_t0.7_seed20261008__question_plus_hyde__hybrid_a0.5_d100,evidence_passage_len96_t0.7_seed20261008,question_plus_hyde_hybrid,0.5,100,1665.1993431800015,Cheryl,isaacus/legal-rag-bench,3a3565bc5429f6cead90548e81f87352b449927e4be1cdd804c28d766bb9c246,e3b869a4e293d081ec5f5b39c2058c8d27b36f611aa9f8275eb1877a7c8b38b0,exploratory previously inspected 100 questions,not_evaluated,0.13953488372093023
5,100,0.06,0.3,0.3,0.1893333333333333,0.21700279319993532,evidence_passage_len96_t0.7_seed20261008__question_plus_hyde__hybrid_a0.75_d100,evidence_passage_len96_t0.7_seed20261008,question_plus_hyde_hybrid,0.75,100,1665.2240521500012,Cheryl,isaacus/legal-rag-bench,3a3565bc5429f6cead90548e81f87352b449927e4be1cdd804c28d766bb9c246,e3b869a4e293d081ec5f5b39c2058c8d27b36f611aa9f8275eb1877a7c8b38b0,exploratory previously inspected 100 questions,not_evaluated,0.023255813953488393
5,100,0.041999999999999996,0.21,0.21,0.131,0.15037913421854485,evidence_passage_len96_t0.7_seed20261008__multi_average,evidence_passage_len96_t0.7_seed20261008,multi_average,,100,4994.626089780004,Cheryl,isaacus/legal-rag-bench,3a3565bc5429f6cead90548e81f87352b449927e4be1cdd804c28d766bb9c246,e3b869a4e293d081ec5f5b39c2058c8d27b36f611aa9f8275eb1877a7c8b38b0,exploratory previously inspected 100 questions,not_evaluated,-0.18604651162790695
5,100,0.066,0.33,0.33,0.2325,0.2561908297110726,evidence_passage_len96_t0.7_seed20261008__multi_average__hybrid_a0.25_d20,evidence_passage_len96_t0.7_seed20261008,multi_average_hybrid,0.25,20,4994.895810100003,Cheryl,isaacus/legal-rag-bench,3a3565bc5429f6cead90548e81f87352b449927e4be1cdd804c28d766bb9c246,e3b869a4e293d081ec5f5b39c2058c8d27b36f611aa9f8275eb1877a7c8b38b0,exploratory previously inspected 100 questions,not_evaluated,0.09302325581395357
5,100,0.066,0.33,0.33,0.22233333333333336,0.24889201107477027,evidence_passage_len96_t0.7_seed20261008__multi_average__hybrid_a0.5_d20,evidence_passage_len96_t0.7_seed20261008,multi_average_hybrid,0.5,20,4994.877630950005,Cheryl,isaacus/legal-rag-bench,3a3565bc5429f6cead90548e81f87352b449927e4be1cdd804c28d766bb9c246,e3b869a4e293d081ec5f5b39c2058c8d27b36f611aa9f8275eb1877a7c8b38b0,exploratory previously inspected 100 questions,not_evaluated,0.09302325581395357
5,100,0.054000000000000006,0.27,0.27,0.17116666666666666,0.19595390756454925,evidence_passage_len96_t0.7_seed20261008__multi_average__hybrid_a0.75_d20,evidence_passage_len96_t0.7_seed20261008,multi_average_hybrid,0.75,20,4994.882476030003,Cheryl,isaacus/legal-rag-bench,3a3565bc5429f6cead90548e81f87352b449927e4be1cdd804c28d766bb9c246,e3b869a4e293d081ec5f5b39c2058c8d27b36f611aa9f8275eb1877a7c8b38b0,exploratory previously inspected 100 questions,not_evaluated,-0.04651162790697666
5,100,0.066,0.33,0.33,0.23816666666666667,0.2608945430297509,evidence_passage_len96_t0.7_seed20261008__multi_average__hybrid_a0.25_d100,evidence_passage_len96_t0.7_seed20261008,multi_average_hybrid,0.25,100,4994.970693280003,Cheryl,isaacus/legal-rag-bench,3a3565bc5429f6cead90548e81f87352b449927e4be1cdd804c28d766bb9c246,e3b869a4e293d081ec5f5b39c2058c8d27b36f611aa9f8275eb1877a7c8b38b0,exploratory previously inspected 100 questions,not_evaluated,0.09302325581395357
5,100,0.06,0.3,0.3,0.20616666666666664,0.22933024858315879,evidence_passage_len96_t0.7_seed20261008__multi_average__hybrid_a0.5_d100,evidence_passage_len96_t0.7_seed20261008,multi_average_hybrid,0.5,100,4994.957308170006,Cheryl,isaacus/legal-rag-bench,3a3565bc5429f6cead90548e81f87352b449927e4be1cdd804c28d766bb9c246,e3b869a4e293d081ec5f5b39c2058c8d27b36f611aa9f8275eb1877a7c8b38b0,exploratory previously inspected 100 questions,not_evaluated,0.023255813953488393
5,100,0.054000000000000006,0.27,0.27,0.177,0.2002606731452832,evidence_passage_len96_t0.7_seed20261008__multi_average__hybrid_a0.75_d100,evidence_passage_len96_t0.7_seed20261008,multi_average_hybrid,0.75,100,4994.9590572,Cheryl,isaacus/legal-rag-bench,3a3565bc5429f6cead90548e81f87352b449927e4be1cdd804c28d766bb9c246,e3b869a4e293d081ec5f5b39c2058c8d27b36f611aa9f8275eb1877a7c8b38b0,exploratory previously inspected 100 questions,not_evaluated,-0.04651162790697666
5,100,0.04,0.2,0.2,0.09933333333333333,0.12438419812850615,evidence_passage_len96_t0.7_seed20261008__multi_rrf,evidence_passage_len96_t0.7_seed20261008,multi_rrf,,100,4994.626089780004,Cheryl,isaacus/legal-rag-bench,3a3565bc5429f6cead90548e81f87352b449927e4be1cdd804c28d766bb9c246,e3b869a4e293d081ec5f5b39c2058c8d27b36f611aa9f8275eb1877a7c8b38b0,exploratory previously inspected 100 questions,not_evaluated,-0.20930232558139528
5,100,0.062,0.31,0.31,0.21516666666666662,0.23845377356638178,evidence_passage_len96_t0.7_seed20261008__multi_rrf__hybrid_a0.25_d20,evidence_passage_len96_t0.7_seed20261008,multi_rrf_hybrid,0.25,20,4994.895182670003,Cheryl,isaacus/legal-rag-bench,3a3565bc5429f6cead90548e81f87352b449927e4be1cdd804c28d766bb9c246,e3b869a4e293d081ec5f5b39c2058c8d27b36f611aa9f8275eb1877a7c8b38b0,exploratory previously inspected 100 questions,not_evaluated,0.046511627906976785
5,100,0.06,0.3,0.3,0.1948333333333333,0.22089454302975092,evidence_passage_len96_t0.7_seed20261008__multi_rrf__hybrid_a0.5_d20,evidence_passage_len96_t0.7_seed20261008,multi_rrf_hybrid,0.5,20,4994.874292860005,Cheryl,isaacus/legal-rag-bench,3a3565bc5429f6cead90548e81f87352b449927e4be1cdd804c28d766bb9c246,e3b869a4e293d081ec5f5b39c2058c8d27b36f611aa9f8275eb1877a7c8b38b0,exploratory previously inspected 100 questions,not_evaluated,0.023255813953488393
5,100,0.05,0.25,0.25,0.13966666666666666,0.166943428665137,evidence_passage_len96_t0.7_seed20261008__multi_rrf__hybrid_a0.75_d20,evidence_passage_len96_t0.7_seed20261008,multi_rrf_hybrid,0.75,20,4994.880188620005,Cheryl,isaacus/legal-rag-bench,3a3565bc5429f6cead90548e81f87352b449927e4be1cdd804c28d766bb9c246,e3b869a4e293d081ec5f5b39c2058c8d27b36f611aa9f8275eb1877a7c8b38b0,exploratory previously inspected 100 questions,not_evaluated,-0.09302325581395345
5,100,0.066,0.33,0.33,0.23216666666666666,0.2563273655486885,evidence_passage_len96_t0.7_seed20261008__multi_rrf__hybrid_a0.25_d100,evidence_passage_len96_t0.7_seed20261008,multi_rrf_hybrid,0.25,100,4994.953708570002,Cheryl,isaacus/legal-rag-bench,3a3565bc5429f6cead90548e81f87352b449927e4be1cdd804c28d766bb9c246,e3b869a4e293d081ec5f5b39c2058c8d27b36f611aa9f8275eb1877a7c8b38b0,exploratory previously inspected 100 questions,not_evaluated,0.09302325581395357
5,100,0.06,0.3,0.3,0.19466666666666665,0.22063413112942243,evidence_passage_len96_t0.7_seed20261008__multi_rrf__hybrid_a0.5_d100,evidence_passage_len96_t0.7_seed20261008,multi_rrf_hybrid,0.5,100,4994.959101440005,Cheryl,isaacus/legal-rag-bench,3a3565bc5429f6cead90548e81f87352b449927e4be1cdd804c28d766bb9c246,e3b869a4e293d081ec5f5b39c2058c8d27b36f611aa9f8275eb1877a7c8b38b0,exploratory previously inspected 100 questions,not_evaluated,0.023255813953488393
5,100,0.05,0.25,0.25,0.15349999999999997,0.17738166617352547,evidence_passage_len96_t0.7_seed20261008__multi_rrf__hybrid_a0.75_d100,evidence_passage_len96_t0.7_seed20261008,multi_rrf_hybrid,0.75,100,4994.962046270003,Cheryl,isaacus/legal-rag-bench,3a3565bc5429f6cead90548e81f87352b449927e4be1cdd804c28d766bb9c246,e3b869a4e293d081ec5f5b39c2058c8d27b36f611aa9f8275eb1877a7c8b38b0,exploratory previously inspected 100 questions,not_evaluated,-0.09302325581395345
