parent_id,left_id,right_id,exact_overlap_characters,normalized_overlap_words,review_flag,identical_text,same_nonempty_footnotes
1.1-c1,1.1-c1-s1,1.1-c1-s2,0,0,False,False,True
1.2-c2,1.2-c2-s1,1.2-c2-s2,0,0,False,False,True
1.2-c2,1.2-c2-s2,1.2-c2-s3,0,0,False,False,True
1.2-c2,1.2-c2-s3,1.2-c2-s4,0,0,False,False,True
1.4-c2,1.4-c2-s1,1.4-c2-s2,0,0,False,False,False
1.4-c2,1.4-c2-s2,1.4-c2-s3,0,0,False,False,False
1.4.1-c2,1.4.1-c2-s1,1.4.1-c2-s2,0,0,False,False,True
1.5-c1,1.5-c1-s1,1.5-c1-s2,0,0,False,False,True
1.5-c1,1.5-c1-s2,1.5-c1-s3,0,0,False,False,True
1.5-c1,1.5-c1-s3,1.5-c1-s4,0,0,False,False,True
1.5-c7,1.5-c7-s1,1.5-c7-s2,0,0,False,False,False
1.5-c7,1.5-c7-s2,1.5-c7-s3,0,0,False,False,False
1.5.1-c1,1.5.1-c1-s1,1.5.1-c1-s2,0,0,False,False,True
1.5.1-c1,1.5.1-c1-s2,1.5.1-c1-s3,0,0,False,False,True
1.5.1-c3,1.5.1-c3-s1,1.5.1-c3-s2,0,0,False,False,True
1.5.1-c5,1.5.1-c5-s1,1.5.1-c5-s2,0,0,False,False,False
1.6-c1,1.6-c1-s1,1.6-c1-s2,0,0,False,False,True
1.6-c1,1.6-c1-s2,1.6-c1-s3,0,0,False,False,True
1.6-c1,1.6-c1-s3,1.6-c1-s4,0,0,False,False,True
1.7-c2,1.7-c2-s1,1.7-c2-s2,0,0,False,False,True
1.7-c2,1.7-c2-s2,1.7-c2-s3,0,0,False,False,True
1.7-c2,1.7-c2-s3,1.7-c2-s4,0,0,False,False,True
1.7-c2,1.7-c2-s4,1.7-c2-s5,0,0,False,False,True
1.7-c3,1.7-c3-s1,1.7-c3-s2,0,0,False,False,False
1.7-c3,1.7-c3-s2,1.7-c3-s3,0,0,False,False,False
1.7-c3,1.7-c3-s3,1.7-c3-s4,0,0,False,False,False
1.7-c3,1.7-c3-s4,1.7-c3-s5,0,0,False,False,False
1.7-c3,1.7-c3-s5,1.7-c3-s6,0,0,False,False,False
1.7-c4,1.7-c4-s1,1.7-c4-s2,0,0,False,False,True
1.7-c4,1.7-c4-s2,1.7-c4-s3,0,0,False,False,True
1.7-c4,1.7-c4-s3,1.7-c4-s4,0,0,False,False,True
1.7-c4,1.7-c4-s4,1.7-c4-s5,0,0,False,False,True
1.7-c4,1.7-c4-s5,1.7-c4-s6,0,0,False,False,True
1.7-c4,1.7-c4-s6,1.7-c4-s7,0,0,False,False,True
1.7-c4,1.7-c4-s7,1.7-c4-s8,0,0,False,False,True
1.7-c4,1.7-c4-s8,1.7-c4-s9,0,0,False,False,True
1.7-c4,1.7-c4-s9,1.7-c4-s10,0,0,False,False,True
1.7-c4,1.7-c4-s10,1.7-c4-s11,0,0,False,False,True
1.7-c4,1.7-c4-s11,1.7-c4-s12,0,0,False,False,True
1.7-c4,1.7-c4-s12,1.7-c4-s13,0,0,False,False,True
1.7-c4,1.7-c4-s13,1.7-c4-s14,0,0,False,False,True
1.7-c4,1.7-c4-s14,1.7-c4-s15,0,0,False,False,True
1.7-c4,1.7-c4-s15,1.7-c4-s16,0,0,False,False,True
1.7-c4,1.7-c4-s16,1.7-c4-s17,0,0,False,False,True
1.7-c4,1.7-c4-s17,1.7-c4-s18,0,0,False,False,True
1.7-c4,1.7-c4-s18,1.7-c4-s19,0,0,False,False,True
1.7-c4,1.7-c4-s19,1.7-c4-s20,0,0,False,False,True
1.7-c4,1.7-c4-s20,1.7-c4-s21,0,0,False,False,True
1.7-c4,1.7-c4-s21,1.7-c4-s22,0,0,False,False,True
1.7.1-c1,1.7.1-c1-s1,1.7.1-c1-s2,0,0,False,False,False
1.8-c2,1.8-c2-s1,1.8-c2-s2,0,0,False,False,True
1.8-c2,1.8-c2-s2,1.8-c2-s3,0,0,False,False,True
1.8-c2,1.8-c2-s3,1.8-c2-s4,0,0,False,False,True
1.10-c1,1.10-c1-s1,1.10-c1-s2,0,0,False,False,True
1.10-c1,1.10-c1-s2,1.10-c1-s3,0,0,False,False,True
1.10-c1,1.10-c1-s3,1.10-c1-s4,0,0,False,False,True
1.10-c2,1.10-c2-s1,1.10-c2-s2,0,0,False,False,True
1.10-c2,1.10-c2-s2,1.10-c2-s3,0,0,False,False,True
1.10-c2,1.10-c2-s3,1.10-c2-s4,0,0,False,False,True
1.10-c2,1.10-c2-s4,1.10-c2-s5,0,0,False,False,True
1.11-c3,1.11-c3-s1,1.11-c3-s2,0,0,False,False,True
1.11-c4,1.11-c4-s1,1.11-c4-s2,0,0,False,False,True
1.11-c6,1.11-c6-s1,1.11-c6-s2,0,0,False,False,True
1.11-c8,1.11-c8-s1,1.11-c8-s2,0,0,False,False,False
1.11-c8,1.11-c8-s2,1.11-c8-s3,0,0,False,False,False
1.11-c10,1.11-c10-s1,1.11-c10-s2,0,0,False,False,False
2.1-c2,2.1-c2-s1,2.1-c2-s2,0,0,False,False,False
2.2-c4,2.2-c4-s1,2.2-c4-s2,0,0,False,False,False
2.2-c4,2.2-c4-s2,2.2-c4-s3,0,0,False,False,False
2.2-c4,2.2-c4-s3,2.2-c4-s4,0,0,False,False,False
2.2-c4,2.2-c4-s4,2.2-c4-s5,0,0,False,False,False
2.2-c4,2.2-c4-s5,2.2-c4-s6,0,0,False,False,False
2.2-c4,2.2-c4-s6,2.2-c4-s7,0,0,False,False,False
2.2-c4,2.2-c4-s7,2.2-c4-s8,0,0,False,False,False
2.2-c4,2.2-c4-s8,2.2-c4-s9,0,0,False,False,False
2.2-c4,2.2-c4-s9,2.2-c4-s10,0,0,False,False,False
2.2-c4,2.2-c4-s10,2.2-c4-s11,0,0,False,False,False
2.2-c4,2.2-c4-s11,2.2-c4-s12,0,0,False,False,False
2.2-c4,2.2-c4-s12,2.2-c4-s13,0,0,False,False,False
2.2-c4,2.2-c4-s13,2.2-c4-s14,0,0,False,False,False
2.2-c4,2.2-c4-s14,2.2-c4-s15,0,0,False,False,False
2.2-c4,2.2-c4-s15,2.2-c4-s16,0,0,False,False,False
2.2-c4,2.2-c4-s16,2.2-c4-s17,0,0,False,False,False
2.3.1-c1,2.3.1-c1-s1,2.3.1-c1-s2,0,0,False,False,True
2.3.1-c1,2.3.1-c1-s2,2.3.1-c1-s3,0,0,False,False,True
2.3.3-c2,2.3.3-c2-s1,2.3.3-c2-s2,0,0,False,False,True
2.3.3-c2,2.3.3-c2-s2,2.3.3-c2-s3,0,0,False,False,True
2.3.3-c2,2.3.3-c2-s3,2.3.3-c2-s4,0,0,False,False,True
2.3.3-c3,2.3.3-c3-s1,2.3.3-c3-s2,0,0,False,False,True
2.3.3-c3,2.3.3-c3-s2,2.3.3-c3-s3,0,0,False,False,True
2.4-c1,2.4-c1-s1,2.4-c1-s2,0,0,False,False,False
2.4-c1,2.4-c1-s2,2.4-c1-s3,0,0,False,False,False
2.4-c1,2.4-c1-s3,2.4-c1-s4,0,0,False,False,False
2.5-c1,2.5-c1-s1,2.5-c1-s2,0,0,False,False,False
2.5.1-c1,2.5.1-c1-s1,2.5.1-c1-s2,0,0,False,False,False
2.5.2-c1,2.5.2-c1-s1,2.5.2-c1-s2,0,0,False,False,False
2.5.2-c1,2.5.2-c1-s2,2.5.2-c1-s3,0,0,False,False,False
3.1-c2,3.1-c2-s1,3.1-c2-s2,0,0,False,False,True
3.1-c2,3.1-c2-s2,3.1-c2-s3,0,0,False,False,True
3.1-c2,3.1-c2-s3,3.1-c2-s4,0,0,False,False,True
3.1-c2,3.1-c2-s4,3.1-c2-s5,0,0,False,False,True
3.1-c2,3.1-c2-s5,3.1-c2-s6,0,0,False,False,True
3.1-c2,3.1-c2-s6,3.1-c2-s7,0,0,False,False,True
3.1-c2,3.1-c2-s7,3.1-c2-s8,0,0,False,False,True
3.1-c2,3.1-c2-s8,3.1-c2-s9,0,0,False,False,True
3.1-c2,3.1-c2-s9,3.1-c2-s10,0,0,False,False,True
3.1-c3,3.1-c3-s1,3.1-c3-s2,0,0,False,False,False
3.1-c3,3.1-c3-s2,3.1-c3-s3,0,0,False,False,False
3.2-c1,3.2-c1-s1,3.2-c1-s2,0,0,False,False,False
3.2-c1,3.2-c1-s2,3.2-c1-s3,0,0,False,False,False
3.2-c1,3.2-c1-s3,3.2-c1-s4,0,0,False,False,False
3.5.1-c1,3.5.1-c1-s1,3.5.1-c1-s2,0,0,False,False,False
3.5.1-c1,3.5.1-c1-s2,3.5.1-c1-s3,0,0,False,False,False
3.6-c3,3.6-c3-s1,3.6-c3-s2,0,0,False,False,False
3.6-c3,3.6-c3-s2,3.6-c3-s3,0,0,False,False,False
3.6-c3,3.6-c3-s3,3.6-c3-s4,0,0,False,False,False
3.6-c3,3.6-c3-s4,3.6-c3-s5,0,0,False,False,False
3.6-c3,3.6-c3-s5,3.6-c3-s6,0,0,False,False,False
3.6-c3,3.6-c3-s6,3.6-c3-s7,0,0,False,False,False
3.6-c3,3.6-c3-s7,3.6-c3-s8,0,0,False,False,False
3.6-c3,3.6-c3-s8,3.6-c3-s9,0,0,False,False,False
3.6-c3,3.6-c3-s9,3.6-c3-s10,0,0,False,False,False
3.6-c3,3.6-c3-s10,3.6-c3-s11,0,0,False,False,False
3.6-c3,3.6-c3-s11,3.6-c3-s12,0,0,False,False,False
3.6-c3,3.6-c3-s12,3.6-c3-s13,0,0,False,False,False
3.6-c3,3.6-c3-s13,3.6-c3-s14,0,0,False,False,False
3.6-c3,3.6-c3-s14,3.6-c3-s15,0,0,False,False,False
3.6-c4,3.6-c4-s1,3.6-c4-s2,0,0,False,False,False
3.6-c4,3.6-c4-s2,3.6-c4-s3,0,0,False,False,False
3.6-c4,3.6-c4-s3,3.6-c4-s4,0,0,False,False,False
3.6.1-c1,3.6.1-c1-s1,3.6.1-c1-s2,0,0,False,False,False
3.7.1-c1,3.7.1-c1-s1,3.7.1-c1-s2,0,0,False,False,False
3.9-c1,3.9-c1-s1,3.9-c1-s2,0,0,False,False,True
3.9-c1,3.9-c1-s2,3.9-c1-s3,0,0,False,False,True
3.9-c1,3.9-c1-s3,3.9-c1-s4,0,0,False,False,True
3.9-c1,3.9-c1-s4,3.9-c1-s5,0,0,False,False,True
3.9-c1,3.9-c1-s5,3.9-c1-s6,0,0,False,False,True
3.9-c1,3.9-c1-s6,3.9-c1-s7,0,0,False,False,True
3.9-c1,3.9-c1-s7,3.9-c1-s8,0,0,False,False,True
3.9-c1,3.9-c1-s8,3.9-c1-s9,0,0,False,False,True
3.9-c1,3.9-c1-s9,3.9-c1-s10,0,0,False,False,True
3.9-c1,3.9-c1-s10,3.9-c1-s11,0,0,False,False,True
3.9-c1,3.9-c1-s11,3.9-c1-s12,0,0,False,False,True
3.9-c1,3.9-c1-s12,3.9-c1-s13,0,0,False,False,True
3.9-c1,3.9-c1-s13,3.9-c1-s14,0,0,False,False,True
3.9-c1,3.9-c1-s14,3.9-c1-s15,0,0,False,False,True
3.9-c1,3.9-c1-s15,3.9-c1-s16,0,0,False,False,True
3.9-c1,3.9-c1-s16,3.9-c1-s17,0,0,False,False,True
3.9-c1,3.9-c1-s17,3.9-c1-s18,0,0,False,False,True
3.9-c1,3.9-c1-s18,3.9-c1-s19,0,0,False,False,True
3.9-c1,3.9-c1-s19,3.9-c1-s20,0,0,False,False,True
3.9-c2,3.9-c2-s1,3.9-c2-s2,0,0,False,False,False
3.9-c2,3.9-c2-s2,3.9-c2-s3,0,0,False,False,False
3.9-c3,3.9-c3-s1,3.9-c3-s2,0,0,False,False,True
3.9-c3,3.9-c3-s2,3.9-c3-s3,0,0,False,False,True
3.9-c5,3.9-c5-s1,3.9-c5-s2,0,0,False,False,True
3.9-c5,3.9-c5-s2,3.9-c5-s3,0,0,False,False,True
3.9-c5,3.9-c5-s3,3.9-c5-s4,0,0,False,False,True
3.9-c6,3.9-c6-s1,3.9-c6-s2,0,0,False,False,False
3.9-c6,3.9-c6-s2,3.9-c6-s3,0,0,False,False,False
3.9-c6,3.9-c6-s3,3.9-c6-s4,0,0,False,False,False
3.10-c1,3.10-c1-s1,3.10-c1-s2,0,0,False,False,True
3.10-c1,3.10-c1-s2,3.10-c1-s3,0,0,False,False,True
3.10-c2,3.10-c2-s1,3.10-c2-s2,0,0,False,False,True
3.10-c2,3.10-c2-s2,3.10-c2-s3,0,0,False,False,True
3.10-c2,3.10-c2-s3,3.10-c2-s4,0,0,False,False,True
3.10-c2,3.10-c2-s4,3.10-c2-s5,0,0,False,False,True
3.10-c2,3.10-c2-s5,3.10-c2-s6,0,0,False,False,True
3.10-c2,3.10-c2-s6,3.10-c2-s7,0,0,False,False,True
3.10-c2,3.10-c2-s7,3.10-c2-s8,0,0,False,False,True
3.10-c2,3.10-c2-s8,3.10-c2-s9,0,0,False,False,True
3.10-c2,3.10-c2-s9,3.10-c2-s10,0,0,False,False,True
3.10-c2,3.10-c2-s10,3.10-c2-s11,0,0,False,False,True
3.10-c2,3.10-c2-s11,3.10-c2-s12,0,0,False,False,True
3.10-c2,3.10-c2-s12,3.10-c2-s13,0,0,False,False,True
3.10-c3,3.10-c3-s1,3.10-c3-s2,0,0,False,False,False
3.10-c3,3.10-c3-s2,3.10-c3-s3,0,0,False,False,False
3.10-c4,3.10-c4-s1,3.10-c4-s2,0,0,False,False,False
3.10-c4,3.10-c4-s2,3.10-c4-s3,0,0,False,False,False
3.10-c4,3.10-c4-s3,3.10-c4-s4,0,0,False,False,False
3.11-c3,3.11-c3-s1,3.11-c3-s2,0,0,False,False,False
3.11-c3,3.11-c3-s2,3.11-c3-s3,0,0,False,False,False
3.11-c4,3.11-c4-s1,3.11-c4-s2,0,0,False,False,False
3.11-c4,3.11-c4-s2,3.11-c4-s3,0,0,False,False,False
3.11-c4,3.11-c4-s3,3.11-c4-s4,0,0,False,False,False
3.11-c4,3.11-c4-s4,3.11-c4-s5,0,0,False,False,False
3.12-c1,3.12-c1-s1,3.12-c1-s2,0,0,False,False,False
3.13-c3,3.13-c3-s1,3.13-c3-s2,0,0,False,False,False
3.13-c3,3.13-c3-s2,3.13-c3-s3,0,0,False,False,False
3.13-c3,3.13-c3-s3,3.13-c3-s4,0,0,False,False,False
3.13-c3,3.13-c3-s4,3.13-c3-s5,0,0,False,False,False
3.13-c3,3.13-c3-s5,3.13-c3-s6,0,0,False,False,False
3.13-c3,3.13-c3-s6,3.13-c3-s7,0,0,False,False,False
3.14.1-c1,3.14.1-c1-s1,3.14.1-c1-s2,0,0,False,False,True
3.16-c5,3.16-c5-s1,3.16-c5-s2,0,0,False,False,True
3.16-c6,3.16-c6-s1,3.16-c6-s2,0,0,False,False,False
3.16-c7,3.16-c7-s1,3.16-c7-s2,1,0,False,False,False
4.1-c3,4.1-c3-s1,4.1-c3-s2,0,0,False,False,False
4.1-c6,4.1-c6-s1,4.1-c6-s2,0,0,False,False,False
4.1-c6,4.1-c6-s2,4.1-c6-s3,0,0,False,False,False
4.1-c6,4.1-c6-s3,4.1-c6-s4,0,0,False,False,False
4.1-c6,4.1-c6-s4,4.1-c6-s5,0,0,False,False,False
4.1-c6,4.1-c6-s5,4.1-c6-s6,0,0,False,False,False
4.2-c2,4.2-c2-s1,4.2-c2-s2,0,0,False,False,False
4.2-c4,4.2-c4-s1,4.2-c4-s2,0,0,False,False,True
4.2-c4,4.2-c4-s2,4.2-c4-s3,0,0,False,False,True
4.2-c4,4.2-c4-s3,4.2-c4-s4,0,0,False,False,True
4.2-c4,4.2-c4-s4,4.2-c4-s5,0,0,False,False,True
4.3-c2,4.3-c2-s1,4.3-c2-s2,0,0,False,False,True
4.3-c2,4.3-c2-s2,4.3-c2-s3,0,0,False,False,True
4.3-c2,4.3-c2-s3,4.3-c2-s4,0,0,False,False,True
4.3-c2,4.3-c2-s4,4.3-c2-s5,0,0,False,False,True
4.3-c2,4.3-c2-s5,4.3-c2-s6,0,0,False,False,True
4.3-c2,4.3-c2-s6,4.3-c2-s7,0,0,False,False,True
4.3-c2,4.3-c2-s7,4.3-c2-s8,0,0,False,False,True
4.3-c2,4.3-c2-s8,4.3-c2-s9,0,0,False,False,True
4.3-c2,4.3-c2-s9,4.3-c2-s10,0,0,False,False,True
4.3-c3,4.3-c3-s1,4.3-c3-s2,0,0,False,False,True
4.3.1-c1,4.3.1-c1-s1,4.3.1-c1-s2,0,0,False,False,True
4.3.2-c1,4.3.2-c1-s1,4.3.2-c1-s2,0,0,False,False,True
4.3.2-c1,4.3.2-c1-s2,4.3.2-c1-s3,0,0,False,False,True
4.4-c3,4.4-c3-s1,4.4-c3-s2,0,0,False,False,False
4.4-c3,4.4-c3-s2,4.4-c3-s3,0,0,False,False,False
4.4-c3,4.4-c3-s3,4.4-c3-s4,0,0,False,False,False
4.4-c4,4.4-c4-s1,4.4-c4-s2,0,0,False,False,False
4.4-c4,4.4-c4-s2,4.4-c4-s3,0,0,False,False,False
4.4-c4,4.4-c4-s3,4.4-c4-s4,0,0,False,False,False
4.4-c5,4.4-c5-s1,4.4-c5-s2,0,0,False,False,False
4.4-c5,4.4-c5-s2,4.4-c5-s3,0,0,False,False,False
4.4-c5,4.4-c5-s3,4.4-c5-s4,0,0,False,False,False
4.4-c5,4.4-c5-s4,4.4-c5-s5,0,0,False,False,False
4.5-c5,4.5-c5-s1,4.5-c5-s2,0,0,False,False,True
4.5-c5,4.5-c5-s2,4.5-c5-s3,0,0,False,False,True
4.5-c5,4.5-c5-s3,4.5-c5-s4,0,0,False,False,True
4.5-c5,4.5-c5-s4,4.5-c5-s5,0,0,False,False,True
4.5-c5,4.5-c5-s5,4.5-c5-s6,0,0,False,False,True
4.5-c5,4.5-c5-s6,4.5-c5-s7,0,0,False,False,True
4.5-c5,4.5-c5-s7,4.5-c5-s8,0,0,False,False,True
4.5-c5,4.5-c5-s8,4.5-c5-s9,0,0,False,False,True
4.5-c7,4.5-c7-s1,4.5-c7-s2,0,0,False,False,True
4.5-c7,4.5-c7-s2,4.5-c7-s3,0,0,False,False,True
4.5-c7,4.5-c7-s3,4.5-c7-s4,0,0,False,False,True
4.5.1-c1,4.5.1-c1-s1,4.5.1-c1-s2,0,0,False,False,True
4.5.2-c1,4.5.2-c1-s1,4.5.2-c1-s2,0,0,False,False,True
4.6-c1,4.6-c1-s1,4.6-c1-s2,0,0,False,False,False
4.6-c2,4.6-c2-s1,4.6-c2-s2,0,0,False,False,True
4.6-c3,4.6-c3-s1,4.6-c3-s2,0,0,False,False,False
4.6-c3,4.6-c3-s2,4.6-c3-s3,0,0,False,False,False
4.6-c3,4.6-c3-s3,4.6-c3-s4,0,0,False,False,False
4.6-c3,4.6-c3-s4,4.6-c3-s5,0,0,False,False,False
4.6-c3,4.6-c3-s5,4.6-c3-s6,0,0,False,False,False
4.6-c4,4.6-c4-s1,4.6-c4-s2,0,0,False,False,True
4.6-c4,4.6-c4-s2,4.6-c4-s3,0,0,False,False,True
4.6-c4,4.6-c4-s3,4.6-c4-s4,0,0,False,False,True
4.6-c4,4.6-c4-s4,4.6-c4-s5,0,0,False,False,True
4.6-c4,4.6-c4-s5,4.6-c4-s6,0,0,False,False,True
4.6-c4,4.6-c4-s6,4.6-c4-s7,0,0,False,False,True
4.6-c4,4.6-c4-s7,4.6-c4-s8,0,0,False,False,True
4.6-c4,4.6-c4-s8,4.6-c4-s9,0,0,False,False,True
4.6-c4,4.6-c4-s9,4.6-c4-s10,0,0,False,False,True
4.6-c6,4.6-c6-s1,4.6-c6-s2,0,0,False,False,False
4.6-c6,4.6-c6-s2,4.6-c6-s3,0,0,False,False,False
4.6-c6,4.6-c6-s3,4.6-c6-s4,0,0,False,False,False
4.6-c6,4.6-c6-s4,4.6-c6-s5,0,0,False,False,False
4.6-c6,4.6-c6-s5,4.6-c6-s6,0,0,False,False,False
4.6-c6,4.6-c6-s6,4.6-c6-s7,0,0,False,False,False
4.6-c6,4.6-c6-s7,4.6-c6-s8,0,0,False,False,False
4.6-c6,4.6-c6-s8,4.6-c6-s9,0,0,False,False,False
4.6-c6,4.6-c6-s9,4.6-c6-s10,0,0,False,False,False
4.6-c6,4.6-c6-s10,4.6-c6-s11,0,0,False,False,False
4.6-c6,4.6-c6-s11,4.6-c6-s12,0,0,False,False,False
4.6-c6,4.6-c6-s12,4.6-c6-s13,0,0,False,False,False
4.6-c7,4.6-c7-s1,4.6-c7-s2,0,0,False,False,True
4.6-c7,4.6-c7-s2,4.6-c7-s3,0,0,False,False,True
4.6-c8,4.6-c8-s1,4.6-c8-s2,0,0,False,False,False
4.6-c8,4.6-c8-s2,4.6-c8-s3,0,0,False,False,False
4.6-c9,4.6-c9-s1,4.6-c9-s2,0,0,False,False,False
4.6-c9,4.6-c9-s2,4.6-c9-s3,0,0,False,False,False
4.6.2-c1,4.6.2-c1-s1,4.6.2-c1-s2,0,0,False,False,False
4.6.4-c1,4.6.4-c1-s1,4.6.4-c1-s2,0,0,False,False,False
4.8.1-c3,4.8.1-c3-s1,4.8.1-c3-s2,0,0,False,False,False
4.8.1-c3,4.8.1-c3-s2,4.8.1-c3-s3,0,0,False,False,False
4.8.1-c3,4.8.1-c3-s3,4.8.1-c3-s4,0,0,False,False,False
4.8.3-c3,4.8.3-c3-s1,4.8.3-c3-s2,0,0,False,False,True
4.8.3-c3,4.8.3-c3-s2,4.8.3-c3-s3,0,0,False,False,True
4.8.3-c3,4.8.3-c3-s3,4.8.3-c3-s4,0,0,False,False,True
4.8.3-c3,4.8.3-c3-s4,4.8.3-c3-s5,0,0,False,False,True
4.8.3-c3,4.8.3-c3-s5,4.8.3-c3-s6,0,0,False,False,True
4.8.3-c3,4.8.3-c3-s6,4.8.3-c3-s7,0,0,False,False,True
4.9-c2,4.9-c2-s1,4.9-c2-s2,0,0,False,False,True
4.9-c2,4.9-c2-s2,4.9-c2-s3,0,0,False,False,True
4.9-c2,4.9-c2-s3,4.9-c2-s4,0,0,False,False,True
4.9-c2,4.9-c2-s4,4.9-c2-s5,0,0,False,False,True
4.9-c2,4.9-c2-s5,4.9-c2-s6,0,0,False,False,True
4.9-c2,4.9-c2-s6,4.9-c2-s7,0,0,False,False,True
4.10-c3,4.10-c3-s1,4.10-c3-s2,0,0,False,False,False
4.10-c3,4.10-c3-s2,4.10-c3-s3,0,0,False,False,False
4.10-c3,4.10-c3-s3,4.10-c3-s4,0,0,False,False,False
4.10-c3,4.10-c3-s4,4.10-c3-s5,0,0,False,False,False
4.10-c7,4.10-c7-s1,4.10-c7-s2,0,0,False,False,False
4.11-c2,4.11-c2-s1,4.11-c2-s2,0,0,False,False,False
4.11-c2,4.11-c2-s2,4.11-c2-s3,0,0,False,False,False
4.11-c6,4.11-c6-s1,4.11-c6-s2,0,0,False,False,False
4.11-c6,4.11-c6-s2,4.11-c6-s3,0,0,False,False,False
4.11-c6,4.11-c6-s3,4.11-c6-s4,0,0,False,False,False
4.11-c6,4.11-c6-s4,4.11-c6-s5,0,0,False,False,False
4.11-c6,4.11-c6-s5,4.11-c6-s6,0,0,False,False,False
4.11-c8,4.11-c8-s1,4.11-c8-s2,0,0,False,False,True
4.11-c8,4.11-c8-s2,4.11-c8-s3,0,0,False,False,True
4.11-c8,4.11-c8-s3,4.11-c8-s4,0,0,False,False,True
4.11-c8,4.11-c8-s4,4.11-c8-s5,0,0,False,False,True
4.11-c8,4.11-c8-s5,4.11-c8-s6,0,0,False,False,True
4.11-c9,4.11-c9-s1,4.11-c9-s2,0,0,False,False,True
4.11-c9,4.11-c9-s2,4.11-c9-s3,0,0,False,False,True
4.11-c9,4.11-c9-s3,4.11-c9-s4,0,0,False,False,True
4.11-c9,4.11-c9-s4,4.11-c9-s5,0,0,False,False,True
4.11-c9,4.11-c9-s5,4.11-c9-s6,0,0,False,False,True
4.11-c9,4.11-c9-s6,4.11-c9-s7,0,0,False,False,True
4.11-c9,4.11-c9-s7,4.11-c9-s8,0,0,False,False,True
4.11-c9,4.11-c9-s8,4.11-c9-s9,0,0,False,False,True
4.11-c9,4.11-c9-s9,4.11-c9-s10,0,0,False,False,True
4.11-c9,4.11-c9-s10,4.11-c9-s11,0,0,False,False,True
4.11-c9,4.11-c9-s11,4.11-c9-s12,0,0,False,False,True
4.11-c9,4.11-c9-s12,4.11-c9-s13,0,0,False,False,True
4.11-c9,4.11-c9-s13,4.11-c9-s14,0,0,False,False,True
4.11-c9,4.11-c9-s14,4.11-c9-s15,0,0,False,False,True
4.12-c3,4.12-c3-s1,4.12-c3-s2,0,0,False,False,False
4.12-c4,4.12-c4-s1,4.12-c4-s2,0,0,False,False,False
4.12-c6,4.12-c6-s1,4.12-c6-s2,0,0,False,False,True
4.12-c7,4.12-c7-s1,4.12-c7-s2,0,0,False,False,True
4.12-c7,4.12-c7-s2,4.12-c7-s3,0,0,False,False,True
4.12-c7,4.12-c7-s3,4.12-c7-s4,0,0,False,False,True
4.12-c7,4.12-c7-s4,4.12-c7-s5,0,0,False,False,True
4.12-c7,4.12-c7-s5,4.12-c7-s6,0,0,False,False,True
4.12-c7,4.12-c7-s6,4.12-c7-s7,0,0,False,False,True
4.12-c7,4.12-c7-s7,4.12-c7-s8,0,0,False,False,True
4.12-c7,4.12-c7-s8,4.12-c7-s9,0,0,False,False,True
4.12-c7,4.12-c7-s9,4.12-c7-s10,0,0,False,False,True
4.12-c7,4.12-c7-s10,4.12-c7-s11,0,0,False,False,True
4.12-c7,4.12-c7-s11,4.12-c7-s12,0,0,False,False,True
4.12-c7,4.12-c7-s12,4.12-c7-s13,0,0,False,False,True
4.12-c7,4.12-c7-s13,4.12-c7-s14,0,0,False,False,True
4.12-c7,4.12-c7-s14,4.12-c7-s15,0,0,False,False,True
4.12-c7,4.12-c7-s15,4.12-c7-s16,0,0,False,False,True
4.12-c7,4.12-c7-s16,4.12-c7-s17,0,0,False,False,True
4.12-c7,4.12-c7-s17,4.12-c7-s18,0,0,False,False,True
4.12-c7,4.12-c7-s18,4.12-c7-s19,0,0,False,False,True
4.12-c7,4.12-c7-s19,4.12-c7-s20,0,0,False,False,True
4.12-c7,4.12-c7-s20,4.12-c7-s21,0,0,False,False,True
4.12-c7,4.12-c7-s21,4.12-c7-s22,0,0,False,False,True
4.12-c7,4.12-c7-s22,4.12-c7-s23,0,0,False,False,True
4.12-c7,4.12-c7-s23,4.12-c7-s24,0,0,False,False,True
4.12-c7,4.12-c7-s24,4.12-c7-s25,0,0,False,False,True
4.12-c7,4.12-c7-s25,4.12-c7-s26,0,0,False,False,True
4.12-c7,4.12-c7-s26,4.12-c7-s27,0,0,False,False,True
4.12-c7,4.12-c7-s27,4.12-c7-s28,0,0,False,False,True
4.12-c7,4.12-c7-s28,4.12-c7-s29,0,0,False,False,True
4.12-c7,4.12-c7-s29,4.12-c7-s30,0,0,False,False,True
4.12-c7,4.12-c7-s30,4.12-c7-s31,0,0,False,False,True
4.12-c7,4.12-c7-s31,4.12-c7-s32,0,0,False,False,True
4.12-c7,4.12-c7-s32,4.12-c7-s33,0,0,False,False,True
4.12-c7,4.12-c7-s33,4.12-c7-s34,0,0,False,False,True
4.12-c7,4.12-c7-s34,4.12-c7-s35,0,0,False,False,True
4.12-c7,4.12-c7-s35,4.12-c7-s36,0,0,False,False,True
4.12-c7,4.12-c7-s36,4.12-c7-s37,0,0,False,False,True
4.12-c7,4.12-c7-s37,4.12-c7-s38,0,0,False,False,True
4.12-c7,4.12-c7-s38,4.12-c7-s39,0,0,False,False,True
4.12.1-c4,4.12.1-c4-s1,4.12.1-c4-s2,0,0,False,False,False
4.12.1-c4,4.12.1-c4-s2,4.12.1-c4-s3,0,0,False,False,False
4.12.2-c1,4.12.2-c1-s1,4.12.2-c1-s2,0,0,False,False,True
4.12.2-c1,4.12.2-c1-s2,4.12.2-c1-s3,0,0,False,False,True
4.13.1-c1,4.13.1-c1-s1,4.13.1-c1-s2,0,0,False,False,True
4.13.1-c1,4.13.1-c1-s2,4.13.1-c1-s3,0,0,False,False,True
4.13.1-c2,4.13.1-c2-s1,4.13.1-c2-s2,0,0,False,False,True
4.13.1-c3,4.13.1-c3-s1,4.13.1-c3-s2,0,0,False,False,True
4.13.1-c3,4.13.1-c3-s2,4.13.1-c3-s3,0,0,False,False,True
4.13.1-c3,4.13.1-c3-s3,4.13.1-c3-s4,0,0,False,False,True
4.13.1-c4,4.13.1-c4-s1,4.13.1-c4-s2,0,0,False,False,True
4.13.1-c5,4.13.1-c5-s1,4.13.1-c5-s2,0,0,False,False,True
4.13.1-c5,4.13.1-c5-s2,4.13.1-c5-s3,0,0,False,False,True
4.13.1-c5,4.13.1-c5-s3,4.13.1-c5-s4,0,0,False,False,True
4.13.1-c5,4.13.1-c5-s4,4.13.1-c5-s5,0,0,False,False,True
4.13.1-c5,4.13.1-c5-s5,4.13.1-c5-s6,0,0,False,False,True
4.13.1-c5,4.13.1-c5-s6,4.13.1-c5-s7,0,0,False,False,True
4.13.1-c5,4.13.1-c5-s7,4.13.1-c5-s8,0,0,False,False,True
4.13.1-c5,4.13.1-c5-s8,4.13.1-c5-s9,0,0,False,False,True
4.13.1.2-c1,4.13.1.2-c1-s1,4.13.1.2-c1-s2,0,0,False,False,False
4.13.2-c2,4.13.2-c2-s1,4.13.2-c2-s2,0,0,False,False,True
4.13.2-c2,4.13.2-c2-s2,4.13.2-c2-s3,0,0,False,False,True
4.13.2-c2,4.13.2-c2-s3,4.13.2-c2-s4,0,0,False,False,True
4.13.2-c4,4.13.2-c4-s1,4.13.2-c4-s2,0,0,False,False,False
4.13.2-c4,4.13.2-c4-s2,4.13.2-c4-s3,0,0,False,False,False
4.13.2-c4,4.13.2-c4-s3,4.13.2-c4-s4,0,0,False,False,False
4.13.2-c4,4.13.2-c4-s4,4.13.2-c4-s5,0,0,False,False,False
4.13.2.1-c1,4.13.2.1-c1-s1,4.13.2.1-c1-s2,0,0,False,False,True
4.13.3-c5,4.13.3-c5-s1,4.13.3-c5-s2,0,0,False,False,True
4.13.4-c4,4.13.4-c4-s1,4.13.4-c4-s2,0,0,False,False,False
4.13.4-c4,4.13.4-c4-s2,4.13.4-c4-s3,0,0,False,False,False
4.13.4-c4,4.13.4-c4-s3,4.13.4-c4-s4,0,0,False,False,False
4.13.4.3-c1,4.13.4.3-c1-s1,4.13.4.3-c1-s2,0,0,False,False,True
4.14-c2,4.14-c2-s1,4.14-c2-s2,0,0,False,False,True
4.14-c2,4.14-c2-s2,4.14-c2-s3,0,0,False,False,True
4.14-c2,4.14-c2-s3,4.14-c2-s4,0,0,False,False,True
4.14-c2,4.14-c2-s4,4.14-c2-s5,0,0,False,False,True
4.14-c2,4.14-c2-s5,4.14-c2-s6,0,0,False,False,True
4.14-c2,4.14-c2-s6,4.14-c2-s7,0,0,False,False,True
4.14-c2,4.14-c2-s7,4.14-c2-s8,0,0,False,False,True
4.14-c2,4.14-c2-s8,4.14-c2-s9,0,0,False,False,True
4.14-c2,4.14-c2-s9,4.14-c2-s10,0,0,False,False,True
4.14-c2,4.14-c2-s10,4.14-c2-s11,0,0,False,False,True
4.14-c2,4.14-c2-s11,4.14-c2-s12,0,0,False,False,True
4.14-c2,4.14-c2-s12,4.14-c2-s13,0,0,False,False,True
4.14-c2,4.14-c2-s13,4.14-c2-s14,0,0,False,False,True
4.14-c2,4.14-c2-s14,4.14-c2-s15,0,0,False,False,True
4.14-c2,4.14-c2-s15,4.14-c2-s16,0,0,False,False,True
4.14-c2,4.14-c2-s16,4.14-c2-s17,0,0,False,False,True
4.14-c2,4.14-c2-s17,4.14-c2-s18,0,0,False,False,True
4.14-c2,4.14-c2-s18,4.14-c2-s19,0,0,False,False,True
4.14-c2,4.14-c2-s19,4.14-c2-s20,0,0,False,False,True
4.14-c2,4.14-c2-s20,4.14-c2-s21,0,0,False,False,True
4.14-c2,4.14-c2-s21,4.14-c2-s22,0,0,False,False,True
4.14-c2,4.14-c2-s22,4.14-c2-s23,0,0,False,False,True
4.14-c2,4.14-c2-s23,4.14-c2-s24,0,0,False,False,True
4.14.4-c1,4.14.4-c1-s1,4.14.4-c1-s2,0,0,False,False,False
4.15-c3,4.15-c3-s1,4.15-c3-s2,0,0,False,False,True
4.15-c3,4.15-c3-s2,4.15-c3-s3,0,0,False,False,True
4.15-c3,4.15-c3-s3,4.15-c3-s4,0,0,False,False,True
4.15-c3,4.15-c3-s4,4.15-c3-s5,0,0,False,False,True
4.15-c3,4.15-c3-s5,4.15-c3-s6,0,0,False,False,True
4.15-c5,4.15-c5-s1,4.15-c5-s2,0,0,False,False,False
4.15-c5,4.15-c5-s2,4.15-c5-s3,0,0,False,False,False
4.15-c7,4.15-c7-s1,4.15-c7-s2,0,0,False,False,True
4.15-c7,4.15-c7-s2,4.15-c7-s3,0,0,False,False,True
4.15-c7,4.15-c7-s3,4.15-c7-s4,0,0,False,False,True
4.15.1-c1,4.15.1-c1-s1,4.15.1-c1-s2,0,0,False,False,False
4.16-c4,4.16-c4-s1,4.16-c4-s2,0,0,False,False,True
4.16-c4,4.16-c4-s2,4.16-c4-s3,0,0,False,False,True
4.16-c4,4.16-c4-s3,4.16-c4-s4,0,0,False,False,True
4.16-c4,4.16-c4-s4,4.16-c4-s5,0,0,False,False,True
4.16-c4,4.16-c4-s5,4.16-c4-s6,0,0,False,False,True
4.16.1-c1,4.16.1-c1-s1,4.16.1-c1-s2,0,0,False,False,True
4.16.1-c1,4.16.1-c1-s2,4.16.1-c1-s3,0,0,False,False,True
4.17-c2,4.17-c2-s1,4.17-c2-s2,0,0,False,False,True
4.17-c2,4.17-c2-s2,4.17-c2-s3,0,0,False,False,True
4.17-c4,4.17-c4-s1,4.17-c4-s2,0,0,False,False,True
4.17-c4,4.17-c4-s2,4.17-c4-s3,0,0,False,False,True
4.17-c4,4.17-c4-s3,4.17-c4-s4,0,0,False,False,True
4.17-c4,4.17-c4-s4,4.17-c4-s5,0,0,False,False,True
4.17-c4,4.17-c4-s5,4.17-c4-s6,0,0,False,False,True
4.17-c5,4.17-c5-s1,4.17-c5-s2,0,0,False,False,True
4.17-c5,4.17-c5-s2,4.17-c5-s3,0,0,False,False,True
4.17-c5,4.17-c5-s3,4.17-c5-s4,0,0,False,False,True
4.17-c6,4.17-c6-s1,4.17-c6-s2,0,0,False,False,True
4.17-c6,4.17-c6-s2,4.17-c6-s3,0,0,False,False,True
4.17-c6,4.17-c6-s3,4.17-c6-s4,0,0,False,False,True
4.17-c6,4.17-c6-s4,4.17-c6-s5,0,0,False,False,True
4.17-c6,4.17-c6-s5,4.17-c6-s6,0,0,False,False,True
4.17-c6,4.17-c6-s6,4.17-c6-s7,0,0,False,False,True
4.17-c6,4.17-c6-s7,4.17-c6-s8,0,0,False,False,True
4.17.2-c1,4.17.2-c1-s1,4.17.2-c1-s2,0,0,False,False,True
4.18-c2,4.18-c2-s1,4.18-c2-s2,0,0,False,False,True
4.18-c2,4.18-c2-s2,4.18-c2-s3,0,0,False,False,True
4.18-c3,4.18-c3-s1,4.18-c3-s2,0,0,False,False,True
4.18-c3,4.18-c3-s2,4.18-c3-s3,0,0,False,False,True
4.18-c4,4.18-c4-s1,4.18-c4-s2,0,0,False,False,False
4.18-c4,4.18-c4-s2,4.18-c4-s3,0,0,False,False,False
4.18-c4,4.18-c4-s3,4.18-c4-s4,0,0,False,False,False
4.18-c5,4.18-c5-s1,4.18-c5-s2,0,0,False,False,False
4.18-c5,4.18-c5-s2,4.18-c5-s3,0,0,False,False,False
4.18-c5,4.18-c5-s3,4.18-c5-s4,0,0,False,False,False
4.18-c5,4.18-c5-s4,4.18-c5-s5,0,0,False,False,False
4.18-c5,4.18-c5-s5,4.18-c5-s6,0,0,False,False,False
4.18-c5,4.18-c5-s6,4.18-c5-s7,0,0,False,False,False
4.19-c2,4.19-c2-s1,4.19-c2-s2,0,0,False,False,True
4.19-c2,4.19-c2-s2,4.19-c2-s3,0,0,False,False,True
4.19-c2,4.19-c2-s3,4.19-c2-s4,0,0,False,False,True
4.19-c2,4.19-c2-s4,4.19-c2-s5,0,0,False,False,True
4.19-c2,4.19-c2-s5,4.19-c2-s6,0,0,False,False,True
4.19-c2,4.19-c2-s6,4.19-c2-s7,0,0,False,False,True
4.19-c2,4.19-c2-s7,4.19-c2-s8,0,0,False,False,True
4.19-c2,4.19-c2-s8,4.19-c2-s9,0,0,False,False,True
4.19-c4,4.19-c4-s1,4.19-c4-s2,0,0,False,False,False
4.19-c4,4.19-c4-s2,4.19-c4-s3,0,0,False,False,False
4.19-c4,4.19-c4-s3,4.19-c4-s4,0,0,False,False,False
4.19-c4,4.19-c4-s4,4.19-c4-s5,0,0,False,False,False
4.20-c4,4.20-c4-s1,4.20-c4-s2,0,0,False,False,True
4.20-c4,4.20-c4-s2,4.20-c4-s3,0,0,False,False,True
4.20-c5,4.20-c5-s1,4.20-c5-s2,0,0,False,False,False
4.21-c2,4.21-c2-s1,4.21-c2-s2,0,0,False,False,True
4.21-c2,4.21-c2-s2,4.21-c2-s3,0,0,False,False,True
4.21-c2,4.21-c2-s3,4.21-c2-s4,0,0,False,False,True
4.21-c2,4.21-c2-s4,4.21-c2-s5,0,0,False,False,True
4.21-c2,4.21-c2-s5,4.21-c2-s6,0,0,False,False,True
4.21-c2,4.21-c2-s6,4.21-c2-s7,0,0,False,False,True
4.21-c2,4.21-c2-s7,4.21-c2-s8,0,0,False,False,True
4.21-c2,4.21-c2-s8,4.21-c2-s9,0,0,False,False,True
4.21-c2,4.21-c2-s9,4.21-c2-s10,0,0,False,False,True
4.21-c2,4.21-c2-s10,4.21-c2-s11,0,0,False,False,True
4.21-c2,4.21-c2-s11,4.21-c2-s12,0,0,False,False,True
4.21-c2,4.21-c2-s12,4.21-c2-s13,0,0,False,False,True
4.21-c2,4.21-c2-s13,4.21-c2-s14,0,0,False,False,True
4.21-c3,4.21-c3-s1,4.21-c3-s2,0,0,False,False,False
4.21-c3,4.21-c3-s2,4.21-c3-s3,0,0,False,False,False
4.21-c3,4.21-c3-s3,4.21-c3-s4,0,0,False,False,False
4.21-c3,4.21-c3-s4,4.21-c3-s5,0,0,False,False,False
4.21-c3,4.21-c3-s5,4.21-c3-s6,0,0,False,False,False
4.21-c3,4.21-c3-s6,4.21-c3-s7,0,0,False,False,False
4.21-c5,4.21-c5-s1,4.21-c5-s2,0,0,False,False,False
4.21-c5,4.21-c5-s2,4.21-c5-s3,0,0,False,False,False
4.21-c5,4.21-c5-s3,4.21-c5-s4,0,0,False,False,False
4.21-c5,4.21-c5-s4,4.21-c5-s5,0,0,False,False,False
4.21-c5,4.21-c5-s5,4.21-c5-s6,0,0,False,False,False
4.21-c5,4.21-c5-s6,4.21-c5-s7,0,0,False,False,False
4.21-c5,4.21-c5-s7,4.21-c5-s8,0,0,False,False,False
4.21-c6,4.21-c6-s1,4.21-c6-s2,0,0,False,False,False
4.21-c6,4.21-c6-s2,4.21-c6-s3,0,0,False,False,False
4.21.1-c1,4.21.1-c1-s1,4.21.1-c1-s2,0,0,False,False,False
4.22-c2,4.22-c2-s1,4.22-c2-s2,0,0,False,False,True
4.22-c2,4.22-c2-s2,4.22-c2-s3,0,0,False,False,True
4.22-c2,4.22-c2-s3,4.22-c2-s4,0,0,False,False,True
4.22-c2,4.22-c2-s4,4.22-c2-s5,0,0,False,False,True
4.22-c2,4.22-c2-s5,4.22-c2-s6,0,0,False,False,True
4.22-c2,4.22-c2-s6,4.22-c2-s7,0,0,False,False,True
4.22-c2,4.22-c2-s7,4.22-c2-s8,0,0,False,False,True
4.22-c2,4.22-c2-s8,4.22-c2-s9,0,0,False,False,True
4.22-c2,4.22-c2-s9,4.22-c2-s10,0,0,False,False,True
4.22.1-c2,4.22.1-c2-s1,4.22.1-c2-s2,0,0,False,False,False
4.22.1-c2,4.22.1-c2-s2,4.22.1-c2-s3,0,0,False,False,False
4.22.1-c2,4.22.1-c2-s3,4.22.1-c2-s4,0,0,False,False,False
4.23-c2,4.23-c2-s1,4.23-c2-s2,0,0,False,False,True
4.23-c2,4.23-c2-s2,4.23-c2-s3,0,0,False,False,True
4.23-c2,4.23-c2-s3,4.23-c2-s4,0,0,False,False,True
4.23-c2,4.23-c2-s4,4.23-c2-s5,0,0,False,False,True
4.23.1-c1,4.23.1-c1-s1,4.23.1-c1-s2,0,0,False,False,True
4.23.1-c2,4.23.1-c2-s1,4.23.1-c2-s2,0,0,False,False,True
4.23.1-c2,4.23.1-c2-s2,4.23.1-c2-s3,0,0,False,False,True
4.23.1-c2,4.23.1-c2-s3,4.23.1-c2-s4,0,0,False,False,True
4.25-c2,4.25-c2-s1,4.25-c2-s2,0,0,False,False,False
4.25-c2,4.25-c2-s2,4.25-c2-s3,0,0,False,False,False
4.25-c2,4.25-c2-s3,4.25-c2-s4,0,0,False,False,False
4.25-c2,4.25-c2-s4,4.25-c2-s5,0,0,False,False,False
5.1-c3,5.1-c3-s1,5.1-c3-s2,0,0,False,False,True
5.1-c5,5.1-c5-s1,5.1-c5-s2,0,0,False,False,False
5.1-c5,5.1-c5-s2,5.1-c5-s3,0,0,False,False,False
5.2-c2,5.2-c2-s1,5.2-c2-s2,0,0,False,False,False
5.2-c2,5.2-c2-s2,5.2-c2-s3,0,0,False,False,False
5.2-c4,5.2-c4-s1,5.2-c4-s2,0,0,False,False,True
5.2-c4,5.2-c4-s2,5.2-c4-s3,0,0,False,False,True
5.2-c4,5.2-c4-s3,5.2-c4-s4,0,0,False,False,True
5.2-c4,5.2-c4-s4,5.2-c4-s5,0,0,False,False,True
5.2-c4,5.2-c4-s5,5.2-c4-s6,0,0,False,False,True
5.2-c4,5.2-c4-s6,5.2-c4-s7,0,0,False,False,True
5.2-c4,5.2-c4-s7,5.2-c4-s8,0,0,False,False,True
5.2-c4,5.2-c4-s8,5.2-c4-s9,0,0,False,False,True
5.2-c4,5.2-c4-s9,5.2-c4-s10,0,0,False,False,True
5.2-c4,5.2-c4-s10,5.2-c4-s11,0,0,False,False,True
5.2-c5,5.2-c5-s1,5.2-c5-s2,0,0,False,False,True
5.2-c5,5.2-c5-s2,5.2-c5-s3,0,0,False,False,True
5.2-c5,5.2-c5-s3,5.2-c5-s4,0,0,False,False,True
5.2-c7,5.2-c7-s1,5.2-c7-s2,0,0,False,False,False
5.2-c7,5.2-c7-s2,5.2-c7-s3,0,0,False,False,False
5.2-c9,5.2-c9-s1,5.2-c9-s2,0,0,False,False,False
5.2-c10,5.2-c10-s1,5.2-c10-s2,0,0,False,False,True
5.2-c10,5.2-c10-s2,5.2-c10-s3,0,0,False,False,True
5.2.5-c1,5.2.5-c1-s1,5.2.5-c1-s2,0,0,False,False,True
5.2.5-c1,5.2.5-c1-s2,5.2.5-c1-s3,0,0,False,False,True
5.2.5-c1,5.2.5-c1-s3,5.2.5-c1-s4,0,0,False,False,True
5.3-c3,5.3-c3-s1,5.3-c3-s2,0,0,False,False,True
5.3-c3,5.3-c3-s2,5.3-c3-s3,0,0,False,False,True
5.3-c3,5.3-c3-s3,5.3-c3-s4,0,0,False,False,True
5.3-c3,5.3-c3-s4,5.3-c3-s5,0,0,False,False,True
5.3-c3,5.3-c3-s5,5.3-c3-s6,0,0,False,False,True
5.3-c5,5.3-c5-s1,5.3-c5-s2,0,0,False,False,True
5.3-c5,5.3-c5-s2,5.3-c5-s3,0,0,False,False,True
5.3.1-c1,5.3.1-c1-s1,5.3.1-c1-s2,0,0,False,False,True
5.3.1-c1,5.3.1-c1-s2,5.3.1-c1-s3,0,0,False,False,True
5.3.1-c1,5.3.1-c1-s3,5.3.1-c1-s4,0,0,False,False,True
5.3.1-c3,5.3.1-c3-s1,5.3.1-c3-s2,0,0,False,False,False
5.3.2-c1,5.3.2-c1-s1,5.3.2-c1-s2,0,0,False,False,True
5.3.2-c1,5.3.2-c1-s2,5.3.2-c1-s3,0,0,False,False,True
5.3.2-c1,5.3.2-c1-s3,5.3.2-c1-s4,0,0,False,False,True
5.4-c1,5.4-c1-s1,5.4-c1-s2,0,0,False,False,False
5.4-c1,5.4-c1-s2,5.4-c1-s3,0,0,False,False,False
5.4-c4,5.4-c4-s1,5.4-c4-s2,0,0,False,False,True
5.4-c4,5.4-c4-s2,5.4-c4-s3,0,0,False,False,True
5.4-c4,5.4-c4-s3,5.4-c4-s4,0,0,False,False,True
5.4.1-c1,5.4.1-c1-s1,5.4.1-c1-s2,0,0,False,False,True
5.4.1-c1,5.4.1-c1-s2,5.4.1-c1-s3,0,0,False,False,True
5.4.1-c1,5.4.1-c1-s3,5.4.1-c1-s4,0,0,False,False,True
5.5-c1,5.5-c1-s1,5.5-c1-s2,0,0,False,False,True
5.5-c1,5.5-c1-s2,5.5-c1-s3,0,0,False,False,True
5.5-c2,5.5-c2-s1,5.5-c2-s2,0,0,False,False,True
5.5-c2,5.5-c2-s2,5.5-c2-s3,0,0,False,False,True
5.5-c2,5.5-c2-s3,5.5-c2-s4,0,0,False,False,True
5.5-c2,5.5-c2-s4,5.5-c2-s5,0,0,False,False,True
5.5-c2,5.5-c2-s5,5.5-c2-s6,0,0,False,False,True
5.5-c2,5.5-c2-s6,5.5-c2-s7,0,0,False,False,True
5.5-c2,5.5-c2-s7,5.5-c2-s8,0,0,False,False,True
5.5-c2,5.5-c2-s8,5.5-c2-s9,0,0,False,False,True
5.5-c2,5.5-c2-s9,5.5-c2-s10,0,0,False,False,True
5.5-c2,5.5-c2-s10,5.5-c2-s11,0,0,False,False,True
5.5-c2,5.5-c2-s11,5.5-c2-s12,0,0,False,False,True
5.5-c2,5.5-c2-s12,5.5-c2-s13,0,0,False,False,True
5.5-c2,5.5-c2-s13,5.5-c2-s14,0,0,False,False,True
5.5-c2,5.5-c2-s14,5.5-c2-s15,0,0,False,False,True
5.5-c2,5.5-c2-s15,5.5-c2-s16,0,0,False,False,True
5.5.3-c3,5.5.3-c3-s1,5.5.3-c3-s2,0,0,False,False,False
5.5.3-c3,5.5.3-c3-s2,5.5.3-c3-s3,0,0,False,False,False
5.5.4-c1,5.5.4-c1-s1,5.5.4-c1-s2,0,0,False,False,True
5.6-c2,5.6-c2-s1,5.6-c2-s2,0,0,False,False,True
5.6-c2,5.6-c2-s2,5.6-c2-s3,0,0,False,False,True
5.6-c2,5.6-c2-s3,5.6-c2-s4,0,0,False,False,True
5.6-c2,5.6-c2-s4,5.6-c2-s5,0,0,False,False,True
5.6-c2,5.6-c2-s5,5.6-c2-s6,0,0,False,False,True
5.7-c2,5.7-c2-s1,5.7-c2-s2,0,0,False,False,False
5.7-c2,5.7-c2-s2,5.7-c2-s3,0,0,False,False,False
5.7-c2,5.7-c2-s3,5.7-c2-s4,0,0,False,False,False
5.7-c2,5.7-c2-s4,5.7-c2-s5,0,0,False,False,False
5.7-c2,5.7-c2-s5,5.7-c2-s6,0,0,False,False,False
5.7-c2,5.7-c2-s6,5.7-c2-s7,0,0,False,False,False
5.7-c2,5.7-c2-s7,5.7-c2-s8,0,0,False,False,False
5.7-c2,5.7-c2-s8,5.7-c2-s9,0,0,False,False,False
5.7-c2,5.7-c2-s9,5.7-c2-s10,0,0,False,False,False
5.7-c2,5.7-c2-s10,5.7-c2-s11,0,0,False,False,False
5.7-c2,5.7-c2-s11,5.7-c2-s12,0,0,False,False,False
5.7-c2,5.7-c2-s12,5.7-c2-s13,0,0,False,False,False
5.7-c2,5.7-c2-s13,5.7-c2-s14,0,0,False,False,False
5.7-c2,5.7-c2-s14,5.7-c2-s15,0,0,False,False,False
5.7-c2,5.7-c2-s15,5.7-c2-s16,0,0,False,False,False
5.7-c2,5.7-c2-s16,5.7-c2-s17,0,0,False,False,False
5.7.1-c1,5.7.1-c1-s1,5.7.1-c1-s2,0,0,False,False,True
5.7.1-c3,5.7.1-c3-s1,5.7.1-c3-s2,0,0,False,False,False
5.7.2-c1,5.7.2-c1-s1,5.7.2-c1-s2,0,0,False,False,True
5.7.2-c1,5.7.2-c1-s2,5.7.2-c1-s3,0,0,False,False,True
5.7.2-c1,5.7.2-c1-s3,5.7.2-c1-s4,0,0,False,False,True
5.7.3-c1,5.7.3-c1-s1,5.7.3-c1-s2,0,0,False,False,True
5.7.3-c3,5.7.3-c3-s1,5.7.3-c3-s2,0,0,False,False,True
5.7.3-c3,5.7.3-c3-s2,5.7.3-c3-s3,0,0,False,False,True
5.7.4-c1,5.7.4-c1-s1,5.7.4-c1-s2,0,0,False,False,True
5.7.4-c1,5.7.4-c1-s2,5.7.4-c1-s3,0,0,False,False,True
5.7.4-c1,5.7.4-c1-s3,5.7.4-c1-s4,0,0,False,False,True
5.8-c3,5.8-c3-s1,5.8-c3-s2,0,0,False,False,False
5.8-c3,5.8-c3-s2,5.8-c3-s3,0,0,False,False,False
5.8-c3,5.8-c3-s3,5.8-c3-s4,0,0,False,False,False
5.8-c3,5.8-c3-s4,5.8-c3-s5,0,0,False,False,False
5.8-c3,5.8-c3-s5,5.8-c3-s6,0,0,False,False,False
5.8-c4,5.8-c4-s1,5.8-c4-s2,0,0,False,False,False
5.8-c4,5.8-c4-s2,5.8-c4-s3,0,0,False,False,False
5.8-c4,5.8-c4-s3,5.8-c4-s4,0,0,False,False,False
5.8.1-c1,5.8.1-c1-s1,5.8.1-c1-s2,0,0,False,False,True
5.8.1-c1,5.8.1-c1-s2,5.8.1-c1-s3,0,0,False,False,True
5.8.1-c3,5.8.1-c3-s1,5.8.1-c3-s2,0,0,False,False,False
5.8.2-c1,5.8.2-c1-s1,5.8.2-c1-s2,0,0,False,False,True
5.8.2-c1,5.8.2-c1-s2,5.8.2-c1-s3,0,0,False,False,True
5.8.2-c1,5.8.2-c1-s3,5.8.2-c1-s4,0,0,False,False,True
5.8.3-c1,5.8.3-c1-s1,5.8.3-c1-s2,0,0,False,False,True
5.8.3-c1,5.8.3-c1-s2,5.8.3-c1-s3,0,0,False,False,True
5.8.4-c1,5.8.4-c1-s1,5.8.4-c1-s2,0,0,False,False,True
5.8.4-c1,5.8.4-c1-s2,5.8.4-c1-s3,0,0,False,False,True
5.8.4-c1,5.8.4-c1-s3,5.8.4-c1-s4,0,0,False,False,True
5.9-c1,5.9-c1-s1,5.9-c1-s2,0,0,False,False,False
5.9-c2,5.9-c2-s1,5.9-c2-s2,0,0,False,False,True
5.10-c1,5.10-c1-s1,5.10-c1-s2,0,0,False,False,False
6.1-c2,6.1-c2-s1,6.1-c2-s2,0,0,False,False,True
6.1-c2,6.1-c2-s2,6.1-c2-s3,0,0,False,False,True
6.1-c2,6.1-c2-s3,6.1-c2-s4,0,0,False,False,True
6.1-c2,6.1-c2-s4,6.1-c2-s5,0,0,False,False,True
6.1-c2,6.1-c2-s5,6.1-c2-s6,0,0,False,False,True
6.1-c2,6.1-c2-s6,6.1-c2-s7,0,0,False,False,True
6.1-c3,6.1-c3-s1,6.1-c3-s2,0,0,False,False,False
6.1-c6,6.1-c6-s1,6.1-c6-s2,0,0,False,False,False
6.1-c6,6.1-c6-s2,6.1-c6-s3,0,0,False,False,False
6.2-c3,6.2-c3-s1,6.2-c3-s2,0,0,False,False,False
6.2-c3,6.2-c3-s2,6.2-c3-s3,0,0,False,False,False
6.2-c3,6.2-c3-s3,6.2-c3-s4,0,0,False,False,False
6.2-c3,6.2-c3-s4,6.2-c3-s5,0,0,False,False,False
6.2-c3,6.2-c3-s5,6.2-c3-s6,0,0,False,False,False
6.2-c3,6.2-c3-s6,6.2-c3-s7,0,0,False,False,False
6.2-c3,6.2-c3-s7,6.2-c3-s8,0,0,False,False,False
6.2-c3,6.2-c3-s8,6.2-c3-s9,0,0,False,False,False
6.2-c4,6.2-c4-s1,6.2-c4-s2,0,0,False,False,False
6.2-c4,6.2-c4-s2,6.2-c4-s3,0,0,False,False,False
6.2-c5,6.2-c5-s1,6.2-c5-s2,0,0,False,False,False
6.2-c5,6.2-c5-s2,6.2-c5-s3,0,0,False,False,False
6.2-c5,6.2-c5-s3,6.2-c5-s4,0,0,False,False,False
6.2-c5,6.2-c5-s4,6.2-c5-s5,0,0,False,False,False
6.2-c5,6.2-c5-s5,6.2-c5-s6,0,0,False,False,False
6.2-c9,6.2-c9-s1,6.2-c9-s2,0,0,False,False,False
6.2-c10,6.2-c10-s1,6.2-c10-s2,0,0,False,False,False
6.2-c10,6.2-c10-s2,6.2-c10-s3,0,0,False,False,False
6.2-c11,6.2-c11-s1,6.2-c11-s2,0,0,False,False,False
6.2.1-c1,6.2.1-c1-s1,6.2.1-c1-s2,0,0,False,False,False
6.2.1-c1,6.2.1-c1-s2,6.2.1-c1-s3,0,0,False,False,False
6.3-c2,6.3-c2-s1,6.3-c2-s2,0,0,False,False,True
6.3-c2,6.3-c2-s2,6.3-c2-s3,0,0,False,False,True
6.3-c2,6.3-c2-s3,6.3-c2-s4,0,0,False,False,True
6.4-c1,6.4-c1-s1,6.4-c1-s2,0,0,False,False,True
6.4-c1,6.4-c1-s2,6.4-c1-s3,0,0,False,False,True
6.4-c1,6.4-c1-s3,6.4-c1-s4,0,0,False,False,True
6.4-c1,6.4-c1-s4,6.4-c1-s5,0,0,False,False,True
6.4.2-c2,6.4.2-c2-s1,6.4.2-c2-s2,0,0,False,False,True
6.4.2-c4,6.4.2-c4-s1,6.4.2-c4-s2,0,0,False,False,False
6.4.2-c4,6.4.2-c4-s2,6.4.2-c4-s3,0,0,False,False,False
7.1.1-c2,7.1.1-c2-s1,7.1.1-c2-s2,0,0,False,False,False
7.1.1-c2,7.1.1-c2-s2,7.1.1-c2-s3,0,0,False,False,False
7.1.1-c3,7.1.1-c3-s1,7.1.1-c3-s2,0,0,False,False,True
7.1.1-c4,7.1.1-c4-s1,7.1.1-c4-s2,0,0,False,False,False
7.1.1-c4,7.1.1-c4-s2,7.1.1-c4-s3,0,0,False,False,False
7.1.1-c4,7.1.1-c4-s3,7.1.1-c4-s4,0,0,False,False,False
7.1.1-c6,7.1.1-c6-s1,7.1.1-c6-s2,0,0,False,False,True
7.1.1-c6,7.1.1-c6-s2,7.1.1-c6-s3,0,0,False,False,True
7.1.1-c8,7.1.1-c8-s1,7.1.1-c8-s2,0,0,False,False,True
7.1.1-c8,7.1.1-c8-s2,7.1.1-c8-s3,0,0,False,False,True
7.1.1-c8,7.1.1-c8-s3,7.1.1-c8-s4,0,0,False,False,True
7.1.1-c8,7.1.1-c8-s4,7.1.1-c8-s5,0,0,False,False,True
7.1.1.1-c1,7.1.1.1-c1-s1,7.1.1.1-c1-s2,0,0,False,False,True
7.1.2-c3,7.1.2-c3-s1,7.1.2-c3-s2,0,0,False,False,True
7.1.2-c3,7.1.2-c3-s2,7.1.2-c3-s3,0,0,False,False,True
7.1.2-c4,7.1.2-c4-s1,7.1.2-c4-s2,0,0,False,False,False
7.1.2-c5,7.1.2-c5-s1,7.1.2-c5-s2,0,0,False,False,False
7.1.2-c5,7.1.2-c5-s2,7.1.2-c5-s3,0,0,False,False,False
7.1.2-c5,7.1.2-c5-s3,7.1.2-c5-s4,0,0,False,False,False
7.1.2.1-c2,7.1.2.1-c2-s1,7.1.2.1-c2-s2,0,0,False,False,True
7.1.2.1-c2,7.1.2.1-c2-s2,7.1.2.1-c2-s3,0,0,False,False,True
7.1.3-c1,7.1.3-c1-s1,7.1.3-c1-s2,0,0,False,False,False
7.1.3-c1,7.1.3-c1-s2,7.1.3-c1-s3,0,0,False,False,False
7.1.3-c1,7.1.3-c1-s3,7.1.3-c1-s4,0,0,False,False,False
7.1.4-c2,7.1.4-c2-s1,7.1.4-c2-s2,0,0,False,False,True
7.1.5-c2,7.1.5-c2-s1,7.1.5-c2-s2,0,0,False,False,False
7.1.5-c3,7.1.5-c3-s1,7.1.5-c3-s2,0,0,False,False,False
7.1.5-c3,7.1.5-c3-s2,7.1.5-c3-s3,0,0,False,False,False
7.1.5-c3,7.1.5-c3-s3,7.1.5-c3-s4,0,0,False,False,False
7.1.5-c3,7.1.5-c3-s4,7.1.5-c3-s5,0,0,False,False,False
7.1.5-c3,7.1.5-c3-s5,7.1.5-c3-s6,0,0,False,False,False
7.1.5-c4,7.1.5-c4-s1,7.1.5-c4-s2,0,0,False,False,False
7.1.5-c4,7.1.5-c4-s2,7.1.5-c4-s3,0,0,False,False,False
7.1.5-c4,7.1.5-c4-s3,7.1.5-c4-s4,0,0,False,False,False
7.1.5-c4,7.1.5-c4-s4,7.1.5-c4-s5,0,0,False,False,False
7.1.5-c5,7.1.5-c5-s1,7.1.5-c5-s2,0,0,False,False,False
7.1.5.1-c1,7.1.5.1-c1-s1,7.1.5.1-c1-s2,0,0,False,False,False
7.1.5.1-c1,7.1.5.1-c1-s2,7.1.5.1-c1-s3,0,0,False,False,False
7.1.5.1-c1,7.1.5.1-c1-s3,7.1.5.1-c1-s4,0,0,False,False,False
7.2.1-c3,7.2.1-c3-s1,7.2.1-c3-s2,0,0,False,False,False
7.2.1-c3,7.2.1-c3-s2,7.2.1-c3-s3,0,0,False,False,False
7.2.1-c4,7.2.1-c4-s1,7.2.1-c4-s2,0,0,False,False,False
7.2.1-c5,7.2.1-c5-s1,7.2.1-c5-s2,0,0,False,False,True
7.2.1-c5,7.2.1-c5-s2,7.2.1-c5-s3,0,0,False,False,True
7.2.1-c5,7.2.1-c5-s3,7.2.1-c5-s4,0,0,False,False,True
7.2.1-c5,7.2.1-c5-s4,7.2.1-c5-s5,0,0,False,False,True
7.2.1.1-c2,7.2.1.1-c2-s1,7.2.1.1-c2-s2,0,0,False,False,True
7.2.1.1-c2,7.2.1.1-c2-s2,7.2.1.1-c2-s3,0,0,False,False,True
7.2.1.1-c3,7.2.1.1-c3-s1,7.2.1.1-c3-s2,0,0,False,False,True
7.2.1.3-c2,7.2.1.3-c2-s1,7.2.1.3-c2-s2,0,0,False,False,True
7.2.1.3-c2,7.2.1.3-c2-s2,7.2.1.3-c2-s3,0,0,False,False,True
7.2.1.3-c3,7.2.1.3-c3-s1,7.2.1.3-c3-s2,0,0,False,False,True
7.2.1.3-c4,7.2.1.3-c4-s1,7.2.1.3-c4-s2,0,0,False,False,True
7.2.1.3-c4,7.2.1.3-c4-s2,7.2.1.3-c4-s3,0,0,False,False,True
7.2.1.4-c1,7.2.1.4-c1-s1,7.2.1.4-c1-s2,0,0,False,False,False
7.2.1A-c1,7.2.1A-c1-s1,7.2.1A-c1-s2,0,0,False,False,True
7.2.1A-c1,7.2.1A-c1-s2,7.2.1A-c1-s3,0,0,False,False,True
7.2.1A-c3,7.2.1A-c3-s1,7.2.1A-c3-s2,0,0,False,False,False
7.2.1A-c6,7.2.1A-c6-s1,7.2.1A-c6-s2,0,0,False,False,False
7.2.1A.1-c5,7.2.1A.1-c5-s1,7.2.1A.1-c5-s2,0,0,False,False,False
7.2.2-c2,7.2.2-c2-s1,7.2.2-c2-s2,0,0,False,False,True
7.2.2-c2,7.2.2-c2-s2,7.2.2-c2-s3,0,0,False,False,True
7.2.2-c2,7.2.2-c2-s3,7.2.2-c2-s4,0,0,False,False,True
7.2.2-c2,7.2.2-c2-s4,7.2.2-c2-s5,0,0,False,False,True
7.2.2-c2,7.2.2-c2-s5,7.2.2-c2-s6,0,0,False,False,True
7.2.2-c2,7.2.2-c2-s6,7.2.2-c2-s7,0,0,False,False,True
7.2.2-c2,7.2.2-c2-s7,7.2.2-c2-s8,0,0,False,False,True
7.2.2-c2,7.2.2-c2-s8,7.2.2-c2-s9,0,0,False,False,True
7.2.2-c2,7.2.2-c2-s9,7.2.2-c2-s10,0,0,False,False,True
7.2.2-c5,7.2.2-c5-s1,7.2.2-c5-s2,0,0,False,False,True
7.2.2-c6,7.2.2-c6-s1,7.2.2-c6-s2,0,0,False,False,False
7.2.2-c8,7.2.2-c8-s1,7.2.2-c8-s2,0,0,False,False,False
7.2.2.1-c5,7.2.2.1-c5-s1,7.2.2.1-c5-s2,0,0,False,False,True
7.2.2.2-c5,7.2.2.2-c5-s1,7.2.2.2-c5-s2,0,0,False,False,True
7.2.3-c2,7.2.3-c2-s1,7.2.3-c2-s2,0,0,False,False,True
7.2.3-c6,7.2.3-c6-s1,7.2.3-c6-s2,0,0,False,False,True
7.2.3-c6,7.2.3-c6-s2,7.2.3-c6-s3,0,0,False,False,True
7.2.3-c6,7.2.3-c6-s3,7.2.3-c6-s4,0,0,False,False,True
7.2.3-c6,7.2.3-c6-s4,7.2.3-c6-s5,0,0,False,False,True
7.2.3-c6,7.2.3-c6-s5,7.2.3-c6-s6,0,0,False,False,True
7.2.3-c6,7.2.3-c6-s6,7.2.3-c6-s7,0,0,False,False,True
7.2.3-c6,7.2.3-c6-s7,7.2.3-c6-s8,0,0,False,False,True
7.2.3-c6,7.2.3-c6-s8,7.2.3-c6-s9,0,0,False,False,True
7.2.3-c9,7.2.3-c9-s1,7.2.3-c9-s2,0,0,False,False,False
7.2.3.1-c3,7.2.3.1-c3-s1,7.2.3.1-c3-s2,0,0,False,False,True
7.2.5-c2,7.2.5-c2-s1,7.2.5-c2-s2,0,0,False,False,False
7.2.5-c3,7.2.5-c3-s1,7.2.5-c3-s2,0,0,False,False,False
7.2.5-c3,7.2.5-c3-s2,7.2.5-c3-s3,0,0,False,False,False
7.2.5-c3,7.2.5-c3-s3,7.2.5-c3-s4,0,0,False,False,False
7.2.5-c3,7.2.5-c3-s4,7.2.5-c3-s5,0,0,False,False,False
7.2.5-c3,7.2.5-c3-s5,7.2.5-c3-s6,0,0,False,False,False
7.2.5-c3,7.2.5-c3-s6,7.2.5-c3-s7,0,0,False,False,False
7.2.5-c3,7.2.5-c3-s7,7.2.5-c3-s8,0,0,False,False,False
7.2.5-c3,7.2.5-c3-s8,7.2.5-c3-s9,0,0,False,False,False
7.2.5-c3,7.2.5-c3-s9,7.2.5-c3-s10,0,0,False,False,False
7.2.5-c4,7.2.5-c4-s1,7.2.5-c4-s2,0,0,False,False,False
7.2.5-c5,7.2.5-c5-s1,7.2.5-c5-s2,0,0,False,False,False
7.2.5-c5,7.2.5-c5-s2,7.2.5-c5-s3,0,0,False,False,False
7.2.5-c5,7.2.5-c5-s3,7.2.5-c5-s4,0,0,False,False,False
7.2.5-c6,7.2.5-c6-s1,7.2.5-c6-s2,0,0,False,False,True
7.2.5-c6,7.2.5-c6-s2,7.2.5-c6-s3,0,0,False,False,True
7.2.5-c6,7.2.5-c6-s3,7.2.5-c6-s4,0,0,False,False,True
7.2.5.1-c3,7.2.5.1-c3-s1,7.2.5.1-c3-s2,0,0,False,False,True
7.2.5.1-c3,7.2.5.1-c3-s2,7.2.5.1-c3-s3,0,0,False,False,True
7.2.5.1-c3,7.2.5.1-c3-s3,7.2.5.1-c3-s4,0,0,False,False,True
7.2.5.1-c3,7.2.5.1-c3-s4,7.2.5.1-c3-s5,0,0,False,False,True
7.2.5.1-c3,7.2.5.1-c3-s5,7.2.5.1-c3-s6,0,0,False,False,True
7.2.5.1-c3,7.2.5.1-c3-s6,7.2.5.1-c3-s7,0,0,False,False,True
7.2.5.1-c3,7.2.5.1-c3-s7,7.2.5.1-c3-s8,0,0,False,False,True
7.2.5.1-c4,7.2.5.1-c4-s1,7.2.5.1-c4-s2,0,0,False,False,True
7.2.5.1-c4,7.2.5.1-c4-s2,7.2.5.1-c4-s3,0,0,False,False,True
7.2.5.1-c4,7.2.5.1-c4-s3,7.2.5.1-c4-s4,0,0,False,False,True
7.2.5.2-c3,7.2.5.2-c3-s1,7.2.5.2-c3-s2,0,0,False,False,True
7.2.5.2-c3,7.2.5.2-c3-s2,7.2.5.2-c3-s3,0,0,False,False,True
7.2.5.2-c3,7.2.5.2-c3-s3,7.2.5.2-c3-s4,0,0,False,False,True
7.2.5.2-c3,7.2.5.2-c3-s4,7.2.5.2-c3-s5,0,0,False,False,True
7.2.5.2-c3,7.2.5.2-c3-s5,7.2.5.2-c3-s6,0,0,False,False,True
7.2.5.2-c3,7.2.5.2-c3-s6,7.2.5.2-c3-s7,0,0,False,False,True
7.2.5.2-c3,7.2.5.2-c3-s7,7.2.5.2-c3-s8,0,0,False,False,True
7.2.5.2-c6,7.2.5.2-c6-s1,7.2.5.2-c6-s2,0,0,False,False,True
7.2.5.2-c6,7.2.5.2-c6-s2,7.2.5.2-c6-s3,0,0,False,False,True
7.2.5.2-c6,7.2.5.2-c6-s3,7.2.5.2-c6-s4,0,0,False,False,True
7.2.6-c4,7.2.6-c4-s1,7.2.6-c4-s2,0,0,False,False,True
7.2.6-c5,7.2.6-c5-s1,7.2.6-c5-s2,0,0,False,False,True
7.2.6-c5,7.2.6-c5-s2,7.2.6-c5-s3,0,0,False,False,True
7.2.6-c5,7.2.6-c5-s3,7.2.6-c5-s4,0,0,False,False,True
7.2.6-c5,7.2.6-c5-s4,7.2.6-c5-s5,0,0,False,False,True
7.2.6-c5,7.2.6-c5-s5,7.2.6-c5-s6,0,0,False,False,True
7.2.6-c5,7.2.6-c5-s6,7.2.6-c5-s7,0,0,False,False,True
7.2.6.1-c3,7.2.6.1-c3-s1,7.2.6.1-c3-s2,0,0,False,False,True
7.2.6.1-c4,7.2.6.1-c4-s1,7.2.6.1-c4-s2,0,0,False,False,True
7.2.6.1-c4,7.2.6.1-c4-s2,7.2.6.1-c4-s3,0,0,False,False,True
7.2.6.2-c3,7.2.6.2-c3-s1,7.2.6.2-c3-s2,0,0,False,False,True
7.3.1.1-c1,7.3.1.1-c1-s1,7.3.1.1-c1-s2,0,0,False,False,False
7.3.1.1-c1,7.3.1.1-c1-s2,7.3.1.1-c1-s3,0,0,False,False,False
7.3.1.1-c1,7.3.1.1-c1-s3,7.3.1.1-c1-s4,0,0,False,False,False
7.3.1.1-c1,7.3.1.1-c1-s4,7.3.1.1-c1-s5,0,0,False,False,False
7.3.1.1-c1,7.3.1.1-c1-s5,7.3.1.1-c1-s6,0,0,False,False,False
7.3.1.1-c1,7.3.1.1-c1-s6,7.3.1.1-c1-s7,0,0,False,False,False
7.3.1.1.1-c1,7.3.1.1.1-c1-s1,7.3.1.1.1-c1-s2,0,0,False,False,True
7.3.1.2-c1,7.3.1.2-c1-s1,7.3.1.2-c1-s2,0,0,False,False,False
7.3.1.2-c2,7.3.1.2-c2-s1,7.3.1.2-c2-s2,0,0,False,False,True
7.3.1.2-c3,7.3.1.2-c3-s1,7.3.1.2-c3-s2,0,0,False,False,False
7.3.1.2-c3,7.3.1.2-c3-s2,7.3.1.2-c3-s3,0,0,False,False,False
7.3.1.2-c4,7.3.1.2-c4-s1,7.3.1.2-c4-s2,0,0,False,False,False
7.3.1.2-c4,7.3.1.2-c4-s2,7.3.1.2-c4-s3,0,0,False,False,False
7.3.1.2-c4,7.3.1.2-c4-s3,7.3.1.2-c4-s4,0,0,False,False,False
7.3.1.2-c4,7.3.1.2-c4-s4,7.3.1.2-c4-s5,0,0,False,False,False
7.3.1.2-c4,7.3.1.2-c4-s5,7.3.1.2-c4-s6,0,0,False,False,False
7.3.1.2-c4,7.3.1.2-c4-s6,7.3.1.2-c4-s7,0,0,False,False,False
7.3.1.2-c4,7.3.1.2-c4-s7,7.3.1.2-c4-s8,0,0,False,False,False
7.3.1.2-c4,7.3.1.2-c4-s8,7.3.1.2-c4-s9,0,0,False,False,False
7.3.1.2-c4,7.3.1.2-c4-s9,7.3.1.2-c4-s10,0,0,False,False,False
7.3.1.2-c4,7.3.1.2-c4-s10,7.3.1.2-c4-s11,0,0,False,False,False
7.3.1.2-c6,7.3.1.2-c6-s1,7.3.1.2-c6-s2,0,0,False,False,False
7.3.1.2-c6,7.3.1.2-c6-s2,7.3.1.2-c6-s3,0,0,False,False,False
7.3.1.2-c6,7.3.1.2-c6-s3,7.3.1.2-c6-s4,0,0,False,False,False
7.3.1.2-c8,7.3.1.2-c8-s1,7.3.1.2-c8-s2,0,0,False,False,False
7.3.1.2-c8,7.3.1.2-c8-s2,7.3.1.2-c8-s3,0,0,False,False,False
7.3.1.2-c8,7.3.1.2-c8-s3,7.3.1.2-c8-s4,0,0,False,False,False
7.3.1.2-c8,7.3.1.2-c8-s4,7.3.1.2-c8-s5,0,0,False,False,False
7.3.1.2-c8,7.3.1.2-c8-s5,7.3.1.2-c8-s6,0,0,False,False,False
7.3.1.2-c8,7.3.1.2-c8-s6,7.3.1.2-c8-s7,0,0,False,False,False
7.3.1.2-c8,7.3.1.2-c8-s7,7.3.1.2-c8-s8,0,0,False,False,False
7.3.1.2-c8,7.3.1.2-c8-s8,7.3.1.2-c8-s9,0,0,False,False,False
7.3.1.2-c8,7.3.1.2-c8-s9,7.3.1.2-c8-s10,0,0,False,False,False
7.3.1.3-c5,7.3.1.3-c5-s1,7.3.1.3-c5-s2,0,0,False,False,False
7.3.1.3-c5,7.3.1.3-c5-s2,7.3.1.3-c5-s3,0,0,False,False,False
7.3.1.3-c5,7.3.1.3-c5-s3,7.3.1.3-c5-s4,0,0,False,False,False
7.3.1.3-c5,7.3.1.3-c5-s4,7.3.1.3-c5-s5,0,0,False,False,False
7.3.1.3-c5,7.3.1.3-c5-s5,7.3.1.3-c5-s6,0,0,False,False,False
7.3.1.3-c5,7.3.1.3-c5-s6,7.3.1.3-c5-s7,0,0,False,False,False
7.3.1.3-c5,7.3.1.3-c5-s7,7.3.1.3-c5-s8,0,0,False,False,False
7.3.1.3-c5,7.3.1.3-c5-s8,7.3.1.3-c5-s9,0,0,False,False,False
7.3.1.3-c5,7.3.1.3-c5-s9,7.3.1.3-c5-s10,0,0,False,False,False
7.3.1.3-c5,7.3.1.3-c5-s10,7.3.1.3-c5-s11,0,0,False,False,False
7.3.1.3-c5,7.3.1.3-c5-s11,7.3.1.3-c5-s12,0,0,False,False,False
7.3.1.3-c5,7.3.1.3-c5-s12,7.3.1.3-c5-s13,0,0,False,False,False
7.3.1.3-c5,7.3.1.3-c5-s13,7.3.1.3-c5-s14,0,0,False,False,False
7.3.1.3-c5,7.3.1.3-c5-s14,7.3.1.3-c5-s15,0,0,False,False,False
7.3.1.3-c5,7.3.1.3-c5-s15,7.3.1.3-c5-s16,0,0,False,False,False
7.3.1.3-c5,7.3.1.3-c5-s16,7.3.1.3-c5-s17,0,0,False,False,False
7.3.1.3.1-c1,7.3.1.3.1-c1-s1,7.3.1.3.1-c1-s2,0,0,False,False,True
7.3.1.3.1-c1,7.3.1.3.1-c1-s2,7.3.1.3.1-c1-s3,0,0,False,False,True
7.3.1.3.1-c1,7.3.1.3.1-c1-s3,7.3.1.3.1-c1-s4,0,0,False,False,True
7.3.1.3.1-c1,7.3.1.3.1-c1-s4,7.3.1.3.1-c1-s5,0,0,False,False,True
7.3.1.3.1-c1,7.3.1.3.1-c1-s5,7.3.1.3.1-c1-s6,0,0,False,False,True
7.3.1.4-c5,7.3.1.4-c5-s1,7.3.1.4-c5-s2,0,0,False,False,False
7.3.1.4-c5,7.3.1.4-c5-s2,7.3.1.4-c5-s3,0,0,False,False,False
7.3.1.4-c5,7.3.1.4-c5-s3,7.3.1.4-c5-s4,0,0,False,False,False
7.3.1.4-c5,7.3.1.4-c5-s4,7.3.1.4-c5-s5,0,0,False,False,False
7.3.1.5.1-c1,7.3.1.5.1-c1-s1,7.3.1.5.1-c1-s2,0,0,False,False,False
7.3.1.6-c1,7.3.1.6-c1-s1,7.3.1.6-c1-s2,0,0,False,False,False
7.3.1.6-c1,7.3.1.6-c1-s2,7.3.1.6-c1-s3,0,0,False,False,False
7.3.1.7-c1,7.3.1.7-c1-s1,7.3.1.7-c1-s2,0,0,False,False,True
7.3.1.7-c1,7.3.1.7-c1-s2,7.3.1.7-c1-s3,0,0,False,False,True
7.3.1.7-c1,7.3.1.7-c1-s3,7.3.1.7-c1-s4,0,0,False,False,True
7.3.1.7-c1,7.3.1.7-c1-s4,7.3.1.7-c1-s5,0,0,False,False,True
7.3.2-c1,7.3.2-c1-s1,7.3.2-c1-s2,0,0,False,False,False
7.3.2-c1,7.3.2-c1-s2,7.3.2-c1-s3,0,0,False,False,False
7.3.2-c1,7.3.2-c1-s3,7.3.2-c1-s4,0,0,False,False,False
7.3.2-c1,7.3.2-c1-s4,7.3.2-c1-s5,0,0,False,False,False
7.3.2-c4,7.3.2-c4-s1,7.3.2-c4-s2,0,0,False,False,False
7.3.2-c4,7.3.2-c4-s2,7.3.2-c4-s3,0,0,False,False,False
7.3.2-c4,7.3.2-c4-s3,7.3.2-c4-s4,0,0,False,False,False
7.3.2-c7,7.3.2-c7-s1,7.3.2-c7-s2,0,0,False,False,False
7.3.2-c8,7.3.2-c8-s1,7.3.2-c8-s2,0,0,False,False,False
7.3.2-c8,7.3.2-c8-s2,7.3.2-c8-s3,0,0,False,False,False
7.3.2-c8,7.3.2-c8-s3,7.3.2-c8-s4,0,0,False,False,False
7.3.2.1-c2,7.3.2.1-c2-s1,7.3.2.1-c2-s2,0,0,False,False,True
7.3.2.1-c3,7.3.2.1-c3-s1,7.3.2.1-c3-s2,0,0,False,False,True
7.3.2.1-c4,7.3.2.1-c4-s1,7.3.2.1-c4-s2,0,0,False,False,True
7.3.2.1-c4,7.3.2.1-c4-s2,7.3.2.1-c4-s3,0,0,False,False,True
7.3.2.1A-c5,7.3.2.1A-c5-s1,7.3.2.1A-c5-s2,0,0,False,False,True
7.3.2.1A-c6,7.3.2.1A-c6-s1,7.3.2.1A-c6-s2,0,0,False,False,True
7.3.2.1A-c6,7.3.2.1A-c6-s2,7.3.2.1A-c6-s3,0,0,False,False,True
7.3.2.3-c2,7.3.2.3-c2-s1,7.3.2.3-c2-s2,0,0,False,False,True
7.3.2.3-c4,7.3.2.3-c4-s1,7.3.2.3-c4-s2,0,0,False,False,False
7.3.2.5-c2,7.3.2.5-c2-s1,7.3.2.5-c2-s2,0,0,False,False,True
7.3.2.5-c4,7.3.2.5-c4-s1,7.3.2.5-c4-s2,0,0,False,False,False
7.3.2.7-c5,7.3.2.7-c5-s1,7.3.2.7-c5-s2,0,0,False,False,False
7.3.2.7A-c4,7.3.2.7A-c4-s1,7.3.2.7A-c4-s2,0,0,False,False,True
7.3.2.7A-c5,7.3.2.7A-c5-s1,7.3.2.7A-c5-s2,0,0,False,False,True
7.3.2.7A-c5,7.3.2.7A-c5-s2,7.3.2.7A-c5-s3,0,0,False,False,True
7.3.2.7B-c4,7.3.2.7B-c4-s1,7.3.2.7B-c4-s2,0,0,False,False,True
7.3.2.7B-c5,7.3.2.7B-c5-s1,7.3.2.7B-c5-s2,0,0,False,False,True
7.3.2.7B-c5,7.3.2.7B-c5-s2,7.3.2.7B-c5-s3,0,0,False,False,True
7.3.2.8-c1,7.3.2.8-c1-s1,7.3.2.8-c1-s2,0,0,False,False,False
7.3.2.9-c1,7.3.2.9-c1-s1,7.3.2.9-c1-s2,0,0,False,False,False
7.3.2.10-c5,7.3.2.10-c5-s1,7.3.2.10-c5-s2,0,0,False,False,False
7.3.2.11-c5,7.3.2.11-c5-s1,7.3.2.11-c5-s2,0,0,False,False,False
7.3.2.12-c1,7.3.2.12-c1-s1,7.3.2.12-c1-s2,0,0,False,False,False
7.3.3-c3,7.3.3-c3-s1,7.3.3-c3-s2,0,0,False,False,True
7.3.3-c3,7.3.3-c3-s2,7.3.3-c3-s3,0,0,False,False,True
7.3.3-c3,7.3.3-c3-s3,7.3.3-c3-s4,1,0,False,False,True
7.3.3-c5,7.3.3-c5-s1,7.3.3-c5-s2,0,0,False,False,False
7.3.3-c6,7.3.3-c6-s1,7.3.3-c6-s2,0,0,False,False,True
7.3.3-c8,7.3.3-c8-s1,7.3.3-c8-s2,0,0,False,False,False
7.3.3.1-c4,7.3.3.1-c4-s1,7.3.3.1-c4-s2,0,0,False,False,False
7.3.3.2-c4,7.3.3.2-c4-s1,7.3.3.2-c4-s2,0,0,False,False,False
7.3.3A-c1,7.3.3A-c1-s1,7.3.3A-c1-s2,0,0,False,False,False
7.3.3A.1-c4,7.3.3A.1-c4-s1,7.3.3A.1-c4-s2,0,0,False,False,True
7.3.3A.1-c4,7.3.3A.1-c4-s2,7.3.3A.1-c4-s3,0,0,False,False,True
7.3.3A.1A-c4,7.3.3A.1A-c4-s1,7.3.3A.1A-c4-s2,0,0,False,False,True
7.3.3A.1A-c4,7.3.3A.1A-c4-s2,7.3.3A.1A-c4-s3,0,0,False,False,True
7.3.4-c1,7.3.4-c1-s1,7.3.4-c1-s2,0,0,False,False,False
7.3.4-c1,7.3.4-c1-s2,7.3.4-c1-s3,0,0,False,False,False
7.3.4-c1,7.3.4-c1-s3,7.3.4-c1-s4,0,0,False,False,False
7.3.4.2-c1,7.3.4.2-c1-s1,7.3.4.2-c1-s2,0,0,False,False,False
7.3.5-c4,7.3.5-c4-s1,7.3.5-c4-s2,0,0,False,False,False
7.3.5-c4,7.3.5-c4-s2,7.3.5-c4-s3,0,0,False,False,False
7.3.5-c4,7.3.5-c4-s3,7.3.5-c4-s4,0,0,False,False,False
7.3.5.1-c6,7.3.5.1-c6-s1,7.3.5.1-c6-s2,0,0,False,False,True
7.3.5.1-c7,7.3.5.1-c7-s1,7.3.5.1-c7-s2,0,0,False,False,True
7.3.5.1-c7,7.3.5.1-c7-s2,7.3.5.1-c7-s3,0,0,False,False,True
7.3.5.1A-c4,7.3.5.1A-c4-s1,7.3.5.1A-c4-s2,0,0,False,False,True
7.3.5.1A-c5,7.3.5.1A-c5-s1,7.3.5.1A-c5-s2,0,0,False,False,True
7.3.5.1A-c5,7.3.5.1A-c5-s2,7.3.5.1A-c5-s3,0,0,False,False,True
7.3.5.2-c1,7.3.5.2-c1-s1,7.3.5.2-c1-s2,0,0,False,False,False
7.3.6-c6,7.3.6-c6-s1,7.3.6-c6-s2,0,0,False,False,False
7.3.6-c6,7.3.6-c6-s2,7.3.6-c6-s3,0,0,False,False,False
7.3.6-c6,7.3.6-c6-s3,7.3.6-c6-s4,0,0,False,False,False
7.3.6-c9,7.3.6-c9-s1,7.3.6-c9-s2,0,0,False,False,True
7.3.6-c9,7.3.6-c9-s2,7.3.6-c9-s3,0,0,False,False,True
7.3.6.1-c5,7.3.6.1-c5-s1,7.3.6.1-c5-s2,0,0,False,False,False
7.3.6.2-c1,7.3.6.2-c1-s1,7.3.6.2-c1-s2,0,0,False,False,False
7.3.6.3-c5,7.3.6.3-c5-s1,7.3.6.3-c5-s2,0,0,False,False,False
7.3.7-c2,7.3.7-c2-s1,7.3.7-c2-s2,0,0,False,False,False
7.3.7-c5,7.3.7-c5-s1,7.3.7-c5-s2,0,0,False,False,True
7.3.7.3-c5,7.3.7.3-c5-s1,7.3.7.3-c5-s2,0,0,False,False,False
7.3.8-c5,7.3.8-c5-s1,7.3.8-c5-s2,0,0,False,False,False
7.3.8.1-c2,7.3.8.1-c2-s1,7.3.8.1-c2-s2,0,0,False,False,True
7.3.8.2-c2,7.3.8.2-c2-s1,7.3.8.2-c2-s2,0,0,False,False,True
7.3.9-c5,7.3.9-c5-s1,7.3.9-c5-s2,0,0,False,False,False
7.3.9-c5,7.3.9-c5-s2,7.3.9-c5-s3,0,0,False,False,False
7.3.9-c5,7.3.9-c5-s3,7.3.9-c5-s4,0,0,False,False,False
7.3.9.1-c2,7.3.9.1-c2-s1,7.3.9.1-c2-s2,0,0,False,False,True
7.3.9.2-c2,7.3.9.2-c2-s1,7.3.9.2-c2-s2,0,0,False,False,True
7.3.9.2-c5,7.3.9.2-c5-s1,7.3.9.2-c5-s2,0,0,False,False,True
7.3.9.2-c5,7.3.9.2-c5-s2,7.3.9.2-c5-s3,0,0,False,False,True
7.3.9.3-c2,7.3.9.3-c2-s1,7.3.9.3-c2-s2,0,0,False,False,True
7.3.9.5-c2,7.3.9.5-c2-s1,7.3.9.5-c2-s2,0,0,False,False,True
7.3.9.5-c6,7.3.9.5-c6-s1,7.3.9.5-c6-s2,0,0,False,False,True
7.3.9.5-c6,7.3.9.5-c6-s2,7.3.9.5-c6-s3,0,0,False,False,True
7.3.9.5-c6,7.3.9.5-c6-s3,7.3.9.5-c6-s4,0,0,False,False,True
7.3.10-c4,7.3.10-c4-s1,7.3.10-c4-s2,0,0,False,False,False
7.3.10-c7,7.3.10-c7-s1,7.3.10-c7-s2,0,0,False,False,False
7.3.10.1-c2,7.3.10.1-c2-s1,7.3.10.1-c2-s2,0,0,False,False,True
7.3.10.3-c2,7.3.10.3-c2-s1,7.3.10.3-c2-s2,0,0,False,False,True
7.3.10.5-c2,7.3.10.5-c2-s1,7.3.10.5-c2-s2,0,0,False,False,True
7.3.11-c2,7.3.11-c2-s1,7.3.11-c2-s2,0,0,False,False,False
7.3.11.1-c1,7.3.11.1-c1-s1,7.3.11.1-c1-s2,0,0,False,False,True
7.3.12-c3,7.3.12-c3-s1,7.3.12-c3-s2,0,0,False,False,False
7.3.12.1-c1,7.3.12.1-c1-s1,7.3.12.1-c1-s2,0,0,False,False,True
7.3.12.1-c3,7.3.12.1-c3-s1,7.3.12.1-c3-s2,0,0,False,False,True
7.3.12.1-c3,7.3.12.1-c3-s2,7.3.12.1-c3-s3,0,0,False,False,True
7.3.12.1-c3,7.3.12.1-c3-s3,7.3.12.1-c3-s4,0,0,False,False,True
7.3.12.1-c3,7.3.12.1-c3-s4,7.3.12.1-c3-s5,0,0,False,False,True
7.3.13-c2,7.3.13-c2-s1,7.3.13-c2-s2,0,0,False,False,False
7.3.13-c3,7.3.13-c3-s1,7.3.13-c3-s2,0,0,False,False,False
7.3.13-c4,7.3.13-c4-s1,7.3.13-c4-s2,0,0,False,False,True
7.3.13-c4,7.3.13-c4-s2,7.3.13-c4-s3,0,0,False,False,True
7.3.13-c4,7.3.13-c4-s3,7.3.13-c4-s4,0,0,False,False,True
7.3.13-c4,7.3.13-c4-s4,7.3.13-c4-s5,0,0,False,False,True
7.3.13-c4,7.3.13-c4-s5,7.3.13-c4-s6,0,0,False,False,True
7.3.13-c4,7.3.13-c4-s6,7.3.13-c4-s7,0,0,False,False,True
7.3.13-c4,7.3.13-c4-s7,7.3.13-c4-s8,0,0,False,False,True
7.3.13.1-c1,7.3.13.1-c1-s1,7.3.13.1-c1-s2,0,0,False,False,True
7.3.13.1-c1,7.3.13.1-c1-s2,7.3.13.1-c1-s3,0,0,False,False,True
7.3.13.1-c4,7.3.13.1-c4-s1,7.3.13.1-c4-s2,0,0,False,False,True
7.3.13.1-c4,7.3.13.1-c4-s2,7.3.13.1-c4-s3,0,0,False,False,True
7.3.13.2-c1,7.3.13.2-c1-s1,7.3.13.2-c1-s2,0,0,False,False,False
7.3.13.3-c1,7.3.13.3-c1-s1,7.3.13.3-c1-s2,0,0,False,False,True
7.3.13.3-c1,7.3.13.3-c1-s2,7.3.13.3-c1-s3,0,0,False,False,True
7.3.13.3-c5,7.3.13.3-c5-s1,7.3.13.3-c5-s2,0,0,False,False,True
7.3.13.4-c1,7.3.13.4-c1-s1,7.3.13.4-c1-s2,0,0,False,False,False
7.3.13.5-c1,7.3.13.5-c1-s1,7.3.13.5-c1-s2,0,0,False,False,True
7.3.13.5-c1,7.3.13.5-c1-s2,7.3.13.5-c1-s3,0,0,False,False,True
7.3.13.5-c4,7.3.13.5-c4-s1,7.3.13.5-c4-s2,0,0,False,False,True
7.3.13.5-c4,7.3.13.5-c4-s2,7.3.13.5-c4-s3,0,0,False,False,True
7.3.13.5-c4,7.3.13.5-c4-s3,7.3.13.5-c4-s4,0,0,False,False,True
7.3.13.5-c4,7.3.13.5-c4-s4,7.3.13.5-c4-s5,0,0,False,False,True
7.3.13.5-c4,7.3.13.5-c4-s5,7.3.13.5-c4-s6,0,0,False,False,True
7.3.13.5-c4,7.3.13.5-c4-s6,7.3.13.5-c4-s7,0,0,False,False,True
7.3.13.5-c5,7.3.13.5-c5-s1,7.3.13.5-c5-s2,0,0,False,False,True
7.3.13.5-c6,7.3.13.5-c6-s1,7.3.13.5-c6-s2,0,0,False,False,False
7.3.13.5-c6,7.3.13.5-c6-s2,7.3.13.5-c6-s3,0,0,False,False,False
7.3.13.6-c1,7.3.13.6-c1-s1,7.3.13.6-c1-s2,0,0,False,False,True
7.3.13.6-c1,7.3.13.6-c1-s2,7.3.13.6-c1-s3,0,0,False,False,True
7.3.13.6-c4,7.3.13.6-c4-s1,7.3.13.6-c4-s2,0,0,False,False,False
7.3.13.6-c4,7.3.13.6-c4-s2,7.3.13.6-c4-s3,0,0,False,False,False
7.3.13.6-c4,7.3.13.6-c4-s3,7.3.13.6-c4-s4,0,0,False,False,False
7.3.13.6-c4,7.3.13.6-c4-s4,7.3.13.6-c4-s5,0,0,False,False,False
7.3.13.6-c4,7.3.13.6-c4-s5,7.3.13.6-c4-s6,0,0,False,False,False
7.3.13.6-c5,7.3.13.6-c5-s1,7.3.13.6-c5-s2,0,0,False,False,True
7.3.13.6-c6,7.3.13.6-c6-s1,7.3.13.6-c6-s2,0,0,False,False,False
7.3.13.6-c6,7.3.13.6-c6-s2,7.3.13.6-c6-s3,0,0,False,False,False
7.3.13.7-c1,7.3.13.7-c1-s1,7.3.13.7-c1-s2,0,0,False,False,False
7.3.13.7-c1,7.3.13.7-c1-s2,7.3.13.7-c1-s3,0,0,False,False,False
7.3.13.8-c1,7.3.13.8-c1-s1,7.3.13.8-c1-s2,0,0,False,False,True
7.3.13.8-c1,7.3.13.8-c1-s2,7.3.13.8-c1-s3,0,0,False,False,True
7.3.13.8-c4,7.3.13.8-c4-s1,7.3.13.8-c4-s2,0,0,False,False,False
7.3.13.8-c4,7.3.13.8-c4-s2,7.3.13.8-c4-s3,0,0,False,False,False
7.3.13.8-c4,7.3.13.8-c4-s3,7.3.13.8-c4-s4,0,0,False,False,False
7.3.13.8-c4,7.3.13.8-c4-s4,7.3.13.8-c4-s5,0,0,False,False,False
7.3.13.8-c4,7.3.13.8-c4-s5,7.3.13.8-c4-s6,0,0,False,False,False
7.3.13.8-c5,7.3.13.8-c5-s1,7.3.13.8-c5-s2,0,0,False,False,True
7.3.13.8-c6,7.3.13.8-c6-s1,7.3.13.8-c6-s2,0,0,False,False,False
7.3.13.8-c6,7.3.13.8-c6-s2,7.3.13.8-c6-s3,0,0,False,False,False
7.3.13.9-c1,7.3.13.9-c1-s1,7.3.13.9-c1-s2,0,0,False,False,True
7.3.13.9-c1,7.3.13.9-c1-s2,7.3.13.9-c1-s3,0,0,False,False,True
7.3.13.9-c4,7.3.13.9-c4-s1,7.3.13.9-c4-s2,0,0,False,False,False
7.3.13.9-c4,7.3.13.9-c4-s2,7.3.13.9-c4-s3,0,0,False,False,False
7.3.13.9-c4,7.3.13.9-c4-s3,7.3.13.9-c4-s4,0,0,False,False,False
7.3.13.9-c4,7.3.13.9-c4-s4,7.3.13.9-c4-s5,0,0,False,False,False
7.3.13.9-c4,7.3.13.9-c4-s5,7.3.13.9-c4-s6,0,0,False,False,False
7.3.13.9-c5,7.3.13.9-c5-s1,7.3.13.9-c5-s2,0,0,False,False,True
7.3.13.9-c6,7.3.13.9-c6-s1,7.3.13.9-c6-s2,0,0,False,False,False
7.3.13.9-c6,7.3.13.9-c6-s2,7.3.13.9-c6-s3,0,0,False,False,False
7.3.13.10-c1,7.3.13.10-c1-s1,7.3.13.10-c1-s2,0,0,False,False,False
7.3.13.10-c1,7.3.13.10-c1-s2,7.3.13.10-c1-s3,0,0,False,False,False
7.3.14-c2,7.3.14-c2-s1,7.3.14-c2-s2,0,0,False,False,False
7.3.14-c2,7.3.14-c2-s2,7.3.14-c2-s3,0,0,False,False,False
7.3.14-c2,7.3.14-c2-s3,7.3.14-c2-s4,0,0,False,False,False
7.3.14-c2,7.3.14-c2-s4,7.3.14-c2-s5,0,0,False,False,False
7.3.14-c2,7.3.14-c2-s5,7.3.14-c2-s6,0,0,False,False,False
7.3.14-c2,7.3.14-c2-s6,7.3.14-c2-s7,0,0,False,False,False
7.3.14-c2,7.3.14-c2-s7,7.3.14-c2-s8,0,0,False,False,False
7.3.14-c3,7.3.14-c3-s1,7.3.14-c3-s2,0,0,False,False,False
7.3.14.1-c1,7.3.14.1-c1-s1,7.3.14.1-c1-s2,0,0,False,False,True
7.3.14.1-c3,7.3.14.1-c3-s1,7.3.14.1-c3-s2,0,0,False,False,False
7.3.14.1-c3,7.3.14.1-c3-s2,7.3.14.1-c3-s3,0,0,False,False,False
7.3.14.1-c4,7.3.14.1-c4-s1,7.3.14.1-c4-s2,0,0,False,False,True
7.3.14.1-c4,7.3.14.1-c4-s2,7.3.14.1-c4-s3,0,0,False,False,True
7.3.15-c2,7.3.15-c2-s1,7.3.15-c2-s2,0,0,False,False,False
7.3.15-c2,7.3.15-c2-s2,7.3.15-c2-s3,0,0,False,False,False
7.3.15.1-c1,7.3.15.1-c1-s1,7.3.15.1-c1-s2,0,0,False,False,True
7.3.15.1-c1,7.3.15.1-c1-s2,7.3.15.1-c1-s3,0,0,False,False,True
7.3.15.1-c5,7.3.15.1-c5-s1,7.3.15.1-c5-s2,0,0,False,False,False
7.3.15.1-c5,7.3.15.1-c5-s2,7.3.15.1-c5-s3,0,0,False,False,False
7.3.15.2-c1,7.3.15.2-c1-s1,7.3.15.2-c1-s2,0,0,False,False,False
7.3.15.3-c1,7.3.15.3-c1-s1,7.3.15.3-c1-s2,0,0,False,False,True
7.3.15.3-c1,7.3.15.3-c1-s2,7.3.15.3-c1-s3,0,0,False,False,True
7.3.15.3-c5,7.3.15.3-c5-s1,7.3.15.3-c5-s2,0,0,False,False,False
7.3.15.3-c5,7.3.15.3-c5-s2,7.3.15.3-c5-s3,0,0,False,False,False
7.3.15.3-c5,7.3.15.3-c5-s3,7.3.15.3-c5-s4,0,0,False,False,False
7.3.15.3-c5,7.3.15.3-c5-s4,7.3.15.3-c5-s5,0,0,False,False,False
7.3.15.3-c5,7.3.15.3-c5-s5,7.3.15.3-c5-s6,0,0,False,False,False
7.3.15.3-c5,7.3.15.3-c5-s6,7.3.15.3-c5-s7,0,0,False,False,False
7.3.15.3-c5,7.3.15.3-c5-s7,7.3.15.3-c5-s8,0,0,False,False,False
7.3.15.4-c1,7.3.15.4-c1-s1,7.3.15.4-c1-s2,0,0,False,False,True
7.3.15.4-c1,7.3.15.4-c1-s2,7.3.15.4-c1-s3,0,0,False,False,True
7.3.15.4-c5,7.3.15.4-c5-s1,7.3.15.4-c5-s2,0,0,False,False,False
7.3.15.4-c5,7.3.15.4-c5-s2,7.3.15.4-c5-s3,0,0,False,False,False
7.3.15.4-c5,7.3.15.4-c5-s3,7.3.15.4-c5-s4,0,0,False,False,False
7.3.15.4-c5,7.3.15.4-c5-s4,7.3.15.4-c5-s5,0,0,False,False,False
7.3.15.4-c5,7.3.15.4-c5-s5,7.3.15.4-c5-s6,0,0,False,False,False
7.3.15.4-c5,7.3.15.4-c5-s6,7.3.15.4-c5-s7,0,0,False,False,False
7.3.15.4-c5,7.3.15.4-c5-s7,7.3.15.4-c5-s8,0,0,False,False,False
7.3.15.5-c1,7.3.15.5-c1-s1,7.3.15.5-c1-s2,0,0,False,False,False
7.3.15.5-c1,7.3.15.5-c1-s2,7.3.15.5-c1-s3,0,0,False,False,False
7.3.16-c2,7.3.16-c2-s1,7.3.16-c2-s2,0,0,False,False,False
7.3.16-c3,7.3.16-c3-s1,7.3.16-c3-s2,0,0,False,False,False
7.3.16.1-c5,7.3.16.1-c5-s1,7.3.16.1-c5-s2,0,0,False,False,True
7.3.17-c4,7.3.17-c4-s1,7.3.17-c4-s2,0,0,False,False,False
7.3.17-c4,7.3.17-c4-s2,7.3.17-c4-s3,0,0,False,False,False
7.3.17.4-c1,7.3.17.4-c1-s1,7.3.17.4-c1-s2,0,0,False,False,False
7.3.17.5-c7,7.3.17.5-c7-s1,7.3.17.5-c7-s2,0,0,False,False,False
7.3.17.5-c8,7.3.17.5-c8-s1,7.3.17.5-c8-s2,0,0,False,False,False
7.3.17.5-c8,7.3.17.5-c8-s2,7.3.17.5-c8-s3,0,0,False,False,False
7.3.17.5-c11,7.3.17.5-c11-s1,7.3.17.5-c11-s2,0,0,False,False,False
7.3.17.6-c6,7.3.17.6-c6-s1,7.3.17.6-c6-s2,0,0,False,False,False
7.3.17.6-c6,7.3.17.6-c6-s2,7.3.17.6-c6-s3,0,0,False,False,False
7.3.17.6-c6,7.3.17.6-c6-s3,7.3.17.6-c6-s4,0,0,False,False,False
7.3.17.6-c8,7.3.17.6-c8-s1,7.3.17.6-c8-s2,0,0,False,False,False
7.3.17.7-c1,7.3.17.7-c1-s1,7.3.17.7-c1-s2,0,0,False,False,False
7.3.17.7-c1,7.3.17.7-c1-s2,7.3.17.7-c1-s3,2,0,False,False,False
7.3.17.8-c6,7.3.17.8-c6-s1,7.3.17.8-c6-s2,0,0,False,False,True
7.3.17.8-c6,7.3.17.8-c6-s2,7.3.17.8-c6-s3,0,0,False,False,True
7.3.17.8-c6,7.3.17.8-c6-s3,7.3.17.8-c6-s4,0,0,False,False,True
7.3.17.8-c6,7.3.17.8-c6-s4,7.3.17.8-c6-s5,0,0,False,False,True
7.3.17.8-c7,7.3.17.8-c7-s1,7.3.17.8-c7-s2,0,0,False,False,False
7.3.17.9-c6,7.3.17.9-c6-s1,7.3.17.9-c6-s2,0,0,False,False,True
7.3.17.9-c6,7.3.17.9-c6-s2,7.3.17.9-c6-s3,0,0,False,False,True
7.3.17.9-c6,7.3.17.9-c6-s3,7.3.17.9-c6-s4,0,0,False,False,True
7.3.17.9-c7,7.3.17.9-c7-s1,7.3.17.9-c7-s2,0,0,False,False,False
7.3.17.10-c1,7.3.17.10-c1-s1,7.3.17.10-c1-s2,0,0,False,False,False
7.3.17.10-c1,7.3.17.10-c1-s2,7.3.17.10-c1-s3,0,0,False,False,False
7.3.18-c2,7.3.18-c2-s1,7.3.18-c2-s2,0,0,False,False,False
7.3.18-c3,7.3.18-c3-s1,7.3.18-c3-s2,0,0,False,False,False
7.3.18.1-c3,7.3.18.1-c3-s1,7.3.18.1-c3-s2,0,0,False,False,False
7.3.18.1-c3,7.3.18.1-c3-s2,7.3.18.1-c3-s3,0,0,False,False,False
7.3.18.1-c6,7.3.18.1-c6-s1,7.3.18.1-c6-s2,0,0,False,False,True
7.3.18.1-c6,7.3.18.1-c6-s2,7.3.18.1-c6-s3,0,0,False,False,True
7.3.18.2-c1,7.3.18.2-c1-s1,7.3.18.2-c1-s2,0,0,False,False,False
7.3.19-c1,7.3.19-c1-s1,7.3.19-c1-s2,0,0,False,False,False
7.3.19.1-c5,7.3.19.1-c5-s1,7.3.19.1-c5-s2,0,0,False,False,True
7.3.19.2-c1,7.3.19.2-c1-s1,7.3.19.2-c1-s2,0,0,False,False,False
7.3.19.3-c5,7.3.19.3-c5-s1,7.3.19.3-c5-s2,0,0,False,False,True
7.3.19.3-c7,7.3.19.3-c7-s1,7.3.19.3-c7-s2,0,0,False,False,True
7.3.19.3-c7,7.3.19.3-c7-s2,7.3.19.3-c7-s3,0,0,False,False,True
7.3.19.3-c7,7.3.19.3-c7-s3,7.3.19.3-c7-s4,0,0,False,False,True
7.3.19.3-c7,7.3.19.3-c7-s4,7.3.19.3-c7-s5,0,0,False,False,True
7.3.19.3-c7,7.3.19.3-c7-s5,7.3.19.3-c7-s6,0,0,False,False,True
7.3.19.3-c7,7.3.19.3-c7-s6,7.3.19.3-c7-s7,0,0,False,False,True
7.3.19.3-c8,7.3.19.3-c8-s1,7.3.19.3-c8-s2,0,0,False,False,False
7.3.19.4-c1,7.3.19.4-c1-s1,7.3.19.4-c1-s2,0,0,False,False,False
7.3.19.4-c1,7.3.19.4-c1-s2,7.3.19.4-c1-s3,0,0,False,False,False
7.3.19.4-c1,7.3.19.4-c1-s3,7.3.19.4-c1-s4,0,0,False,False,False
7.3.20-c1,7.3.20-c1-s1,7.3.20-c1-s2,0,0,False,False,False
7.3.20-c1,7.3.20-c1-s2,7.3.20-c1-s3,0,0,False,False,False
7.3.20.2-c1,7.3.20.2-c1-s1,7.3.20.2-c1-s2,0,0,False,False,False
7.3.20.3-c8,7.3.20.3-c8-s1,7.3.20.3-c8-s2,0,0,False,False,False
7.3.20.3-c8,7.3.20.3-c8-s2,7.3.20.3-c8-s3,0,0,False,False,False
7.3.20.3-c8,7.3.20.3-c8-s3,7.3.20.3-c8-s4,0,0,False,False,False
7.3.20.3-c9,7.3.20.3-c9-s1,7.3.20.3-c9-s2,0,0,False,False,False
7.3.20.4-c1,7.3.20.4-c1-s1,7.3.20.4-c1-s2,2,0,False,False,False
7.3.20.4-c1,7.3.20.4-c1-s2,7.3.20.4-c1-s3,0,0,False,False,False
7.3.20.4-c1,7.3.20.4-c1-s3,7.3.20.4-c1-s4,0,0,False,False,False
7.3.21-c2,7.3.21-c2-s1,7.3.21-c2-s2,0,0,False,False,True
7.3.21-c2,7.3.21-c2-s2,7.3.21-c2-s3,0,0,False,False,True
7.3.21-c3,7.3.21-c3-s1,7.3.21-c3-s2,0,0,False,False,False
7.3.21.1-c7,7.3.21.1-c7-s1,7.3.21.1-c7-s2,0,0,False,False,True
7.3.21.2-c1,7.3.21.2-c1-s1,7.3.21.2-c1-s2,0,0,False,False,False
7.3.22-c2,7.3.22-c2-s1,7.3.22-c2-s2,0,0,False,False,True
7.3.22-c2,7.3.22-c2-s2,7.3.22-c2-s3,2,0,False,False,True
7.3.22-c3,7.3.22-c3-s1,7.3.22-c3-s2,0,0,False,False,False
7.3.22.1-c6,7.3.22.1-c6-s1,7.3.22.1-c6-s2,0,0,False,False,False
7.3.22.1-c6,7.3.22.1-c6-s2,7.3.22.1-c6-s3,0,0,False,False,False
7.3.22.1-c8,7.3.22.1-c8-s1,7.3.22.1-c8-s2,0,0,False,False,True
7.3.22.1-c8,7.3.22.1-c8-s2,7.3.22.1-c8-s3,0,0,False,False,True
7.3.22.2-c1,7.3.22.2-c1-s1,7.3.22.2-c1-s2,2,0,False,False,False
7.3.23-c1,7.3.23-c1-s1,7.3.23-c1-s2,0,0,False,False,False
7.3.23-c2,7.3.23-c2-s1,7.3.23-c2-s2,0,0,False,False,False
7.3.23-c5,7.3.23-c5-s1,7.3.23-c5-s2,0,0,False,False,False
7.3.23-c5,7.3.23-c5-s2,7.3.23-c5-s3,0,0,False,False,False
7.3.23-c7,7.3.23-c7-s1,7.3.23-c7-s2,0,0,False,False,False
7.3.23-c8,7.3.23-c8-s1,7.3.23-c8-s2,0,0,False,False,False
7.3.23-c8,7.3.23-c8-s2,7.3.23-c8-s3,0,0,False,False,False
7.3.23.1-c4,7.3.23.1-c4-s1,7.3.23.1-c4-s2,0,0,False,False,True
7.3.23.1-c4,7.3.23.1-c4-s2,7.3.23.1-c4-s3,0,0,False,False,True
7.3.23.1-c4,7.3.23.1-c4-s3,7.3.23.1-c4-s4,0,0,False,False,True
7.3.23.3-c1,7.3.23.3-c1-s1,7.3.23.3-c1-s2,0,0,False,False,True
7.3.23.3-c1,7.3.23.3-c1-s2,7.3.23.3-c1-s3,0,0,False,False,True
7.3.23.3-c1,7.3.23.3-c1-s3,7.3.23.3-c1-s4,0,0,False,False,True
7.3.23.3-c1,7.3.23.3-c1-s4,7.3.23.3-c1-s5,0,0,False,False,True
7.3.23.5-c4,7.3.23.5-c4-s1,7.3.23.5-c4-s2,0,0,False,False,True
7.3.23.5-c4,7.3.23.5-c4-s2,7.3.23.5-c4-s3,0,0,False,False,True
7.3.23.5-c4,7.3.23.5-c4-s3,7.3.23.5-c4-s4,0,0,False,False,True
7.3.23.7-c4,7.3.23.7-c4-s1,7.3.23.7-c4-s2,0,0,False,False,True
7.3.23.7-c4,7.3.23.7-c4-s2,7.3.23.7-c4-s3,0,0,False,False,True
7.3.23.7-c4,7.3.23.7-c4-s3,7.3.23.7-c4-s4,0,0,False,False,True
7.3.24-c1,7.3.24-c1-s1,7.3.24-c1-s2,0,0,False,False,True
7.3.24-c5,7.3.24-c5-s1,7.3.24-c5-s2,0,0,False,False,False
7.3.24-c5,7.3.24-c5-s2,7.3.24-c5-s3,0,0,False,False,False
7.3.24.1-c4,7.3.24.1-c4-s1,7.3.24.1-c4-s2,0,0,False,False,True
7.3.25-c2,7.3.25-c2-s1,7.3.25-c2-s2,0,0,False,False,True
7.3.25-c2,7.3.25-c2-s2,7.3.25-c2-s3,0,0,False,False,True
7.3.25-c2,7.3.25-c2-s3,7.3.25-c2-s4,0,0,False,False,True
7.3.25-c2,7.3.25-c2-s4,7.3.25-c2-s5,0,0,False,False,True
7.3.25-c2,7.3.25-c2-s5,7.3.25-c2-s6,0,0,False,False,True
7.3.25-c2,7.3.25-c2-s6,7.3.25-c2-s7,0,0,False,False,True
7.3.25-c3,7.3.25-c3-s1,7.3.25-c3-s2,0,0,False,False,True
7.3.25-c3,7.3.25-c3-s2,7.3.25-c3-s3,0,0,False,False,True
7.3.25-c3,7.3.25-c3-s3,7.3.25-c3-s4,0,0,False,False,True
7.3.25-c3,7.3.25-c3-s4,7.3.25-c3-s5,0,0,False,False,True
7.3.25-c3,7.3.25-c3-s5,7.3.25-c3-s6,0,0,False,False,True
7.3.25.1-c1,7.3.25.1-c1-s1,7.3.25.1-c1-s2,0,0,False,False,True
7.3.25.3-c1,7.3.25.3-c1-s1,7.3.25.3-c1-s2,0,0,False,False,True
7.3.25.5-c1,7.3.25.5-c1-s1,7.3.25.5-c1-s2,0,0,False,False,True
7.3.25.7-c1,7.3.25.7-c1-s1,7.3.25.7-c1-s2,0,0,False,False,True
7.3.25.7-c1,7.3.25.7-c1-s2,7.3.25.7-c1-s3,0,0,False,False,True
7.3.26-c3,7.3.26-c3-s1,7.3.26-c3-s2,0,0,False,False,False
7.3.26-c3,7.3.26-c3-s2,7.3.26-c3-s3,0,0,False,False,False
7.3.26-c4,7.3.26-c4-s1,7.3.26-c4-s2,0,0,False,False,False
7.3.26-c7,7.3.26-c7-s1,7.3.26-c7-s2,0,0,False,False,True
7.3.26-c7,7.3.26-c7-s2,7.3.26-c7-s3,0,0,False,False,True
7.3.26-c7,7.3.26-c7-s3,7.3.26-c7-s4,0,0,False,False,True
7.3.26-c7,7.3.26-c7-s4,7.3.26-c7-s5,0,0,False,False,True
7.3.26-c7,7.3.26-c7-s5,7.3.26-c7-s6,0,0,False,False,True
7.3.26-c7,7.3.26-c7-s6,7.3.26-c7-s7,0,0,False,False,True
7.3.26.2-c1,7.3.26.2-c1-s1,7.3.26.2-c1-s2,0,0,False,False,False
7.3.27.2-c1,7.3.27.2-c1-s1,7.3.27.2-c1-s2,0,0,False,False,False
7.3.28-c3,7.3.28-c3-s1,7.3.28-c3-s2,0,0,False,False,True
7.3.28-c3,7.3.28-c3-s2,7.3.28-c3-s3,0,0,False,False,True
7.3.28-c8,7.3.28-c8-s1,7.3.28-c8-s2,0,0,False,False,False
7.3.28-c8,7.3.28-c8-s2,7.3.28-c8-s3,0,0,False,False,False
7.3.28.1-c1,7.3.28.1-c1-s1,7.3.28.1-c1-s2,0,0,False,False,True
7.3.28.1-c1,7.3.28.1-c1-s2,7.3.28.1-c1-s3,0,0,False,False,True
7.3.28.1-c3,7.3.28.1-c3-s1,7.3.28.1-c3-s2,0,0,False,False,False
7.3.28.1-c4,7.3.28.1-c4-s1,7.3.28.1-c4-s2,0,0,False,False,True
7.3.28.1-c6,7.3.28.1-c6-s1,7.3.28.1-c6-s2,0,0,False,False,True
7.3.28.2-c1,7.3.28.2-c1-s1,7.3.28.2-c1-s2,0,0,False,False,True
7.3.28.2-c1,7.3.28.2-c1-s2,7.3.28.2-c1-s3,2,0,False,False,True
7.3.28.2-c1,7.3.28.2-c1-s3,7.3.28.2-c1-s4,0,0,False,False,True
7.3.29.2-c1,7.3.29.2-c1-s1,7.3.29.2-c1-s2,0,0,False,False,False
7.3.30-c3,7.3.30-c3-s1,7.3.30-c3-s2,0,0,False,False,True
7.3.30-c3,7.3.30-c3-s2,7.3.30-c3-s3,0,0,False,False,True
7.3.30-c3,7.3.30-c3-s3,7.3.30-c3-s4,0,0,False,False,True
7.3.30-c7,7.3.30-c7-s1,7.3.30-c7-s2,0,0,False,False,True
7.3.30-c7,7.3.30-c7-s2,7.3.30-c7-s3,0,0,False,False,True
7.3.30.1-c2,7.3.30.1-c2-s1,7.3.30.1-c2-s2,0,0,False,False,True
7.3.30.1-c2,7.3.30.1-c2-s2,7.3.30.1-c2-s3,0,0,False,False,True
7.3.30.1-c2,7.3.30.1-c2-s3,7.3.30.1-c2-s4,0,0,False,False,True
7.3.30.1-c3,7.3.30.1-c3-s1,7.3.30.1-c3-s2,0,0,False,False,False
7.3.30.1-c4,7.3.30.1-c4-s1,7.3.30.1-c4-s2,0,0,False,False,True
7.3.30.1-c5,7.3.30.1-c5-s1,7.3.30.1-c5-s2,0,0,False,False,True
7.3.30.2-c1,7.3.30.2-c1-s1,7.3.30.2-c1-s2,0,0,False,False,True
7.3.30.2-c1,7.3.30.2-c1-s2,7.3.30.2-c1-s3,0,0,False,False,True
7.3.30.2-c1,7.3.30.2-c1-s3,7.3.30.2-c1-s4,0,0,False,False,True
7.4.1.1-c9,7.4.1.1-c9-s1,7.4.1.1-c9-s2,0,0,False,False,False
7.4.1.2-c1,7.4.1.2-c1-s1,7.4.1.2-c1-s2,0,0,False,False,False
7.4.2-c4,7.4.2-c4-s1,7.4.2-c4-s2,0,0,False,False,False
7.4.2-c4,7.4.2-c4-s2,7.4.2-c4-s3,0,0,False,False,False
7.4.2-c4,7.4.2-c4-s3,7.4.2-c4-s4,0,0,False,False,False
7.4.2.1-c7,7.4.2.1-c7-s1,7.4.2.1-c7-s2,0,0,False,False,True
7.4.2.3-c7,7.4.2.3-c7-s1,7.4.2.3-c7-s2,0,0,False,False,False
7.4.2.5-c7,7.4.2.5-c7-s1,7.4.2.5-c7-s2,0,0,False,False,True
7.4.2.6-c7,7.4.2.6-c7-s1,7.4.2.6-c7-s2,0,0,False,False,True
7.4.2.7-c9,7.4.2.7-c9-s1,7.4.2.7-c9-s2,0,0,False,False,True
7.4.2.8-c7,7.4.2.8-c7-s1,7.4.2.8-c7-s2,0,0,False,False,True
7.4.2.8-c9,7.4.2.8-c9-s1,7.4.2.8-c9-s2,0,0,False,False,True
7.4.4.1-c9,7.4.4.1-c9-s1,7.4.4.1-c9-s2,0,0,False,False,False
7.4.4.2-c1,7.4.4.2-c1-s1,7.4.4.2-c1-s2,0,0,False,False,False
7.4.5-c1,7.4.5-c1-s1,7.4.5-c1-s2,0,0,False,False,False
7.4.5-c1,7.4.5-c1-s2,7.4.5-c1-s3,0,0,False,False,False
7.4.5-c1,7.4.5-c1-s3,7.4.5-c1-s4,0,0,False,False,False
7.4.5-c3,7.4.5-c3-s1,7.4.5-c3-s2,0,0,False,False,False
7.4.5-c3,7.4.5-c3-s2,7.4.5-c3-s3,0,0,False,False,False
7.4.5.1-c7,7.4.5.1-c7-s1,7.4.5.1-c7-s2,0,0,False,False,False
7.4.5.3-c1,7.4.5.3-c1-s1,7.4.5.3-c1-s2,0,0,False,False,False
7.4.5.3-c6,7.4.5.3-c6-s1,7.4.5.3-c6-s2,0,0,False,False,False
7.4.6-c1,7.4.6-c1-s1,7.4.6-c1-s2,0,0,False,False,False
7.4.6-c1,7.4.6-c1-s2,7.4.6-c1-s3,0,0,False,False,False
7.4.6-c2,7.4.6-c2-s1,7.4.6-c2-s2,0,0,False,False,False
7.4.6-c2,7.4.6-c2-s2,7.4.6-c2-s3,0,0,False,False,False
7.4.7-c1,7.4.7-c1-s1,7.4.7-c1-s2,0,0,False,False,False
7.4.7-c1,7.4.7-c1-s2,7.4.7-c1-s3,0,0,False,False,False
7.4.7-c1,7.4.7-c1-s3,7.4.7-c1-s4,0,0,False,False,False
7.4.7.1-c2,7.4.7.1-c2-s1,7.4.7.1-c2-s2,0,0,False,False,False
7.4.7.1-c3,7.4.7.1-c3-s1,7.4.7.1-c3-s2,0,0,False,False,True
7.4.7.2-c1,7.4.7.2-c1-s1,7.4.7.2-c1-s2,0,0,False,False,False
7.4.7.3-c2,7.4.7.3-c2-s1,7.4.7.3-c2-s2,0,0,False,False,False
7.4.7.3-c3,7.4.7.3-c3-s1,7.4.7.3-c3-s2,0,0,False,False,True
7.4.7.3-c4,7.4.7.3-c4-s1,7.4.7.3-c4-s2,0,0,False,False,False
7.4.8-c2,7.4.8-c2-s1,7.4.8-c2-s2,0,0,False,False,True
7.4.8-c2,7.4.8-c2-s2,7.4.8-c2-s3,0,0,False,False,True
7.4.8-c2,7.4.8-c2-s3,7.4.8-c2-s4,0,0,False,False,True
7.4.8-c3,7.4.8-c3-s1,7.4.8-c3-s2,0,0,False,False,True
7.4.8-c3,7.4.8-c3-s2,7.4.8-c3-s3,0,0,False,False,True
7.4.8-c3,7.4.8-c3-s3,7.4.8-c3-s4,0,0,False,False,True
7.4.8-c3,7.4.8-c3-s4,7.4.8-c3-s5,0,0,False,False,True
7.4.8-c3,7.4.8-c3-s5,7.4.8-c3-s6,0,0,False,False,True
7.4.8-c3,7.4.8-c3-s6,7.4.8-c3-s7,0,0,False,False,True
7.4.8-c3,7.4.8-c3-s7,7.4.8-c3-s8,0,0,False,False,True
7.4.8-c3,7.4.8-c3-s8,7.4.8-c3-s9,0,0,False,False,True
7.4.9-c5,7.4.9-c5-s1,7.4.9-c5-s2,0,0,False,False,False
7.4.9-c5,7.4.9-c5-s2,7.4.9-c5-s3,0,0,False,False,False
7.4.9-c5,7.4.9-c5-s3,7.4.9-c5-s4,0,0,False,False,False
7.4.9-c5,7.4.9-c5-s4,7.4.9-c5-s5,0,0,False,False,False
7.4.9-c5,7.4.9-c5-s5,7.4.9-c5-s6,0,0,False,False,False
7.4.9-c5,7.4.9-c5-s6,7.4.9-c5-s7,0,0,False,False,False
7.4.9-c5,7.4.9-c5-s7,7.4.9-c5-s8,0,0,False,False,False
7.4.9-c5,7.4.9-c5-s8,7.4.9-c5-s9,0,0,False,False,False
7.4.9-c5,7.4.9-c5-s9,7.4.9-c5-s10,0,0,False,False,False
7.4.9.2-c1,7.4.9.2-c1-s1,7.4.9.2-c1-s2,0,0,False,False,False
7.4.9.4-c1,7.4.9.4-c1-s1,7.4.9.4-c1-s2,0,0,False,False,False
7.4.9.4-c1,7.4.9.4-c1-s2,7.4.9.4-c1-s3,0,0,False,False,False
7.4.9.4-c1,7.4.9.4-c1-s3,7.4.9.4-c1-s4,0,0,False,False,False
7.4.9.9-c1,7.4.9.9-c1-s1,7.4.9.9-c1-s2,0,0,False,False,False
7.4.10-c2,7.4.10-c2-s1,7.4.10-c2-s2,0,0,False,False,False
7.4.10-c4,7.4.10-c4-s1,7.4.10-c4-s2,0,0,False,False,False
7.4.10-c4,7.4.10-c4-s2,7.4.10-c4-s3,0,0,False,False,False
7.4.10-c7,7.4.10-c7-s1,7.4.10-c7-s2,0,0,False,False,True
7.4.10-c7,7.4.10-c7-s2,7.4.10-c7-s3,0,0,False,False,True
7.4.10.1-c1,7.4.10.1-c1-s1,7.4.10.1-c1-s2,0,0,False,False,True
7.4.10.1-c2,7.4.10.1-c2-s1,7.4.10.1-c2-s2,0,0,False,False,True
7.4.10.1-c2,7.4.10.1-c2-s2,7.4.10.1-c2-s3,0,0,False,False,True
7.4.10.2-c1,7.4.10.2-c1-s1,7.4.10.2-c1-s2,0,0,False,False,False
7.4.11-c3,7.4.11-c3-s1,7.4.11-c3-s2,0,0,False,False,False
7.4.11-c4,7.4.11-c4-s1,7.4.11-c4-s2,0,0,False,False,False
7.4.11.1-c1,7.4.11.1-c1-s1,7.4.11.1-c1-s2,0,0,False,False,True
7.4.11.1-c2,7.4.11.1-c2-s1,7.4.11.1-c2-s2,0,0,False,False,True
7.4.11.1-c2,7.4.11.1-c2-s2,7.4.11.1-c2-s3,0,0,False,False,True
7.4.11.2-c1,7.4.11.2-c1-s1,7.4.11.2-c1-s2,0,0,False,False,False
7.4.11.2-c1,7.4.11.2-c1-s2,7.4.11.2-c1-s3,0,0,False,False,False
7.4.11.2-c1,7.4.11.2-c1-s3,7.4.11.2-c1-s4,0,0,False,False,False
7.4.12-c2,7.4.12-c2-s1,7.4.12-c2-s2,0,0,False,False,True
7.4.12-c2,7.4.12-c2-s2,7.4.12-c2-s3,0,0,False,False,True
7.4.12-c2,7.4.12-c2-s3,7.4.12-c2-s4,0,0,False,False,True
7.4.12-c2,7.4.12-c2-s4,7.4.12-c2-s5,0,0,False,False,True
7.4.12-c2,7.4.12-c2-s5,7.4.12-c2-s6,0,0,False,False,True
7.4.12-c2,7.4.12-c2-s6,7.4.12-c2-s7,0,0,False,False,True
7.4.12-c2,7.4.12-c2-s7,7.4.12-c2-s8,0,0,False,False,True
7.4.12-c3,7.4.12-c3-s1,7.4.12-c3-s2,0,0,False,False,False
7.4.12-c3,7.4.12-c3-s2,7.4.12-c3-s3,0,0,False,False,False
7.4.12.1-c2,7.4.12.1-c2-s1,7.4.12.1-c2-s2,0,0,False,False,False
7.4.12.1-c2,7.4.12.1-c2-s2,7.4.12.1-c2-s3,0,0,False,False,False
7.4.12.1-c2,7.4.12.1-c2-s3,7.4.12.1-c2-s4,0,0,False,False,False
7.4.12.1-c3,7.4.12.1-c3-s1,7.4.12.1-c3-s2,0,0,False,False,True
7.4.12.1-c3,7.4.12.1-c3-s2,7.4.12.1-c3-s3,0,0,False,False,True
7.4.12.2-c1,7.4.12.2-c1-s1,7.4.12.2-c1-s2,0,0,False,False,False
7.4.12.2-c1,7.4.12.2-c1-s2,7.4.12.2-c1-s3,0,0,False,False,False
7.4.13-c2,7.4.13-c2-s1,7.4.13-c2-s2,0,0,False,False,True
7.4.13-c2,7.4.13-c2-s2,7.4.13-c2-s3,0,0,False,False,True
7.4.13-c2,7.4.13-c2-s3,7.4.13-c2-s4,0,0,False,False,True
7.4.13-c2,7.4.13-c2-s4,7.4.13-c2-s5,0,0,False,False,True
7.4.13-c2,7.4.13-c2-s5,7.4.13-c2-s6,0,0,False,False,True
7.4.13-c2,7.4.13-c2-s6,7.4.13-c2-s7,0,0,False,False,True
7.4.13-c2,7.4.13-c2-s7,7.4.13-c2-s8,0,0,False,False,True
7.4.13-c3,7.4.13-c3-s1,7.4.13-c3-s2,0,0,False,False,False
7.4.13-c3,7.4.13-c3-s2,7.4.13-c3-s3,0,0,False,False,False
7.4.13.1-c2,7.4.13.1-c2-s1,7.4.13.1-c2-s2,0,0,False,False,False
7.4.13.1-c2,7.4.13.1-c2-s2,7.4.13.1-c2-s3,0,0,False,False,False
7.4.13.1-c2,7.4.13.1-c2-s3,7.4.13.1-c2-s4,0,0,False,False,False
7.4.13.1-c3,7.4.13.1-c3-s1,7.4.13.1-c3-s2,0,0,False,False,True
7.4.13.1-c3,7.4.13.1-c3-s2,7.4.13.1-c3-s3,0,0,False,False,True
7.4.13.2-c1,7.4.13.2-c1-s1,7.4.13.2-c1-s2,0,0,False,False,False
7.4.13.2-c1,7.4.13.2-c1-s2,7.4.13.2-c1-s3,0,0,False,False,False
7.4.14.2-c1,7.4.14.2-c1-s1,7.4.14.2-c1-s2,0,0,False,False,False
7.4.15-c3,7.4.15-c3-s1,7.4.15-c3-s2,0,0,False,False,False
7.4.15-c3,7.4.15-c3-s2,7.4.15-c3-s3,0,0,False,False,False
7.4.15.2-c1,7.4.15.2-c1-s1,7.4.15.2-c1-s2,0,0,False,False,False
7.4.15.2-c1,7.4.15.2-c1-s2,7.4.15.2-c1-s3,0,0,False,False,False
7.4.15.4-c1,7.4.15.4-c1-s1,7.4.15.4-c1-s2,3,0,False,False,False
7.4.16-c2,7.4.16-c2-s1,7.4.16-c2-s2,0,0,False,False,True
7.4.16-c2,7.4.16-c2-s2,7.4.16-c2-s3,0,0,False,False,True
7.4.17-c2,7.4.17-c2-s1,7.4.17-c2-s2,0,0,False,False,False
7.4.17-c2,7.4.17-c2-s2,7.4.17-c2-s3,0,0,False,False,False
7.4.17-c2,7.4.17-c2-s3,7.4.17-c2-s4,0,0,False,False,False
7.4.17-c2,7.4.17-c2-s4,7.4.17-c2-s5,0,0,False,False,False
7.4.17-c2,7.4.17-c2-s5,7.4.17-c2-s6,0,0,False,False,False
7.4.17-c2,7.4.17-c2-s6,7.4.17-c2-s7,0,0,False,False,False
7.4.18-c1,7.4.18-c1-s1,7.4.18-c1-s2,0,0,False,False,False
7.4.18-c1,7.4.18-c1-s2,7.4.18-c1-s3,0,0,False,False,False
7.4.18.2-c1,7.4.18.2-c1-s1,7.4.18.2-c1-s2,0,0,False,False,False
7.4.19-c5,7.4.19-c5-s1,7.4.19-c5-s2,0,0,False,False,True
7.4.19-c6,7.4.19-c6-s1,7.4.19-c6-s2,0,0,False,False,False
7.4.20-c3,7.4.20-c3-s1,7.4.20-c3-s2,0,0,False,False,False
7.4.20-c3,7.4.20-c3-s2,7.4.20-c3-s3,0,0,False,False,False
7.4.20-c4,7.4.20-c4-s1,7.4.20-c4-s2,0,0,False,False,False
7.4.21-c3,7.4.21-c3-s1,7.4.21-c3-s2,0,0,False,False,False
7.4.21-c3,7.4.21-c3-s2,7.4.21-c3-s3,0,0,False,False,False
7.4.21-c3,7.4.21-c3-s3,7.4.21-c3-s4,0,0,False,False,False
7.4.21-c3,7.4.21-c3-s4,7.4.21-c3-s5,0,0,False,False,False
7.4.21.2-c1,7.4.21.2-c1-s1,7.4.21.2-c1-s2,0,0,False,False,False
7.4.22-c3,7.4.22-c3-s1,7.4.22-c3-s2,0,0,False,False,False
7.4.22-c5,7.4.22-c5-s1,7.4.22-c5-s2,0,0,False,False,False
7.5.1-c2,7.5.1-c2-s1,7.5.1-c2-s2,0,0,False,False,True
7.5.1-c2,7.5.1-c2-s2,7.5.1-c2-s3,0,0,False,False,True
7.5.1-c2,7.5.1-c2-s3,7.5.1-c2-s4,0,0,False,False,True
7.5.1-c2,7.5.1-c2-s4,7.5.1-c2-s5,0,0,False,False,True
7.5.1-c2,7.5.1-c2-s5,7.5.1-c2-s6,0,0,False,False,True
7.5.1-c2,7.5.1-c2-s6,7.5.1-c2-s7,0,0,False,False,True
7.5.1-c2,7.5.1-c2-s7,7.5.1-c2-s8,0,0,False,False,True
7.5.1-c3,7.5.1-c3-s1,7.5.1-c3-s2,0,0,False,False,False
7.5.1-c3,7.5.1-c3-s2,7.5.1-c3-s3,0,0,False,False,False
7.5.1-c4,7.5.1-c4-s1,7.5.1-c4-s2,0,0,False,False,True
7.5.1-c4,7.5.1-c4-s2,7.5.1-c4-s3,0,0,False,False,True
7.5.1.2-c2,7.5.1.2-c2-s1,7.5.1.2-c2-s2,0,0,False,False,True
7.5.1.2-c2,7.5.1.2-c2-s2,7.5.1.2-c2-s3,0,0,False,False,True
7.5.1.2-c3,7.5.1.2-c3-s1,7.5.1.2-c3-s2,0,0,False,False,False
7.5.1.2-c3,7.5.1.2-c3-s2,7.5.1.2-c3-s3,0,0,False,False,False
7.5.1.2-c4,7.5.1.2-c4-s1,7.5.1.2-c4-s2,0,0,False,False,False
7.5.1.2-c4,7.5.1.2-c4-s2,7.5.1.2-c4-s3,0,0,False,False,False
7.5.2-c3,7.5.2-c3-s1,7.5.2-c3-s2,0,0,False,False,True
7.5.3-c3,7.5.3-c3-s1,7.5.3-c3-s2,0,0,False,False,True
7.5.3-c3,7.5.3-c3-s2,7.5.3-c3-s3,0,0,False,False,True
7.5.3-c3,7.5.3-c3-s3,7.5.3-c3-s4,0,0,False,False,True
7.5.3-c3,7.5.3-c3-s4,7.5.3-c3-s5,0,0,False,False,True
7.5.3.2-c5,7.5.3.2-c5-s1,7.5.3.2-c5-s2,0,0,False,False,False
7.5.3.2-c5,7.5.3.2-c5-s2,7.5.3.2-c5-s3,0,0,False,False,False
7.5.3.2-c5,7.5.3.2-c5-s3,7.5.3.2-c5-s4,0,0,False,False,False
7.5.3.3-c1,7.5.3.3-c1-s1,7.5.3.3-c1-s2,0,0,False,False,False
7.5.3.3-c1,7.5.3.3-c1-s2,7.5.3.3-c1-s3,0,0,False,False,False
7.5.4-c3,7.5.4-c3-s1,7.5.4-c3-s2,0,0,False,False,True
7.5.4-c3,7.5.4-c3-s2,7.5.4-c3-s3,0,0,False,False,True
7.5.4-c3,7.5.4-c3-s3,7.5.4-c3-s4,0,0,False,False,True
7.5.4-c4,7.5.4-c4-s1,7.5.4-c4-s2,0,0,False,False,True
7.5.4-c4,7.5.4-c4-s2,7.5.4-c4-s3,0,0,False,False,True
7.5.4-c4,7.5.4-c4-s3,7.5.4-c4-s4,0,0,False,False,True
7.5.4.2-c3,7.5.4.2-c3-s1,7.5.4.2-c3-s2,0,0,False,False,False
7.5.4.2-c3,7.5.4.2-c3-s2,7.5.4.2-c3-s3,0,0,False,False,False
7.5.4.2-c4,7.5.4.2-c4-s1,7.5.4.2-c4-s2,0,0,False,False,True
7.5.4.3-c1,7.5.4.3-c1-s1,7.5.4.3-c1-s2,0,0,False,False,False
7.5.4.3-c1,7.5.4.3-c1-s2,7.5.4.3-c1-s3,2,0,False,False,False
7.5.5-c1,7.5.5-c1-s1,7.5.5-c1-s2,0,0,False,False,True
7.5.5-c1,7.5.5-c1-s2,7.5.5-c1-s3,0,0,False,False,True
7.5.5-c1,7.5.5-c1-s3,7.5.5-c1-s4,0,0,False,False,True
7.5.5-c1,7.5.5-c1-s4,7.5.5-c1-s5,0,0,False,False,True
7.5.5-c1,7.5.5-c1-s5,7.5.5-c1-s6,0,0,False,False,True
7.5.5-c1,7.5.5-c1-s6,7.5.5-c1-s7,0,0,False,False,True
7.5.5-c2,7.5.5-c2-s1,7.5.5-c2-s2,0,0,False,False,False
7.5.5.2-c3,7.5.5.2-c3-s1,7.5.5.2-c3-s2,0,0,False,False,False
7.5.5.2-c3,7.5.5.2-c3-s2,7.5.5.2-c3-s3,0,0,False,False,False
7.5.5.2-c4,7.5.5.2-c4-s1,7.5.5.2-c4-s2,0,0,False,False,True
7.5.5.2-c5,7.5.5.2-c5-s1,7.5.5.2-c5-s2,0,0,False,False,False
7.5.5.2-c5,7.5.5.2-c5-s2,7.5.5.2-c5-s3,0,0,False,False,False
7.5.5.2-c5,7.5.5.2-c5-s3,7.5.5.2-c5-s4,0,0,False,False,False
7.5.5.3-c1,7.5.5.3-c1-s1,7.5.5.3-c1-s2,0,0,False,False,False
7.5.5.3-c1,7.5.5.3-c1-s2,7.5.5.3-c1-s3,2,0,False,False,False
7.5.5.5-c3,7.5.5.5-c3-s1,7.5.5.5-c3-s2,0,0,False,False,False
7.5.5.5-c3,7.5.5.5-c3-s2,7.5.5.5-c3-s3,0,0,False,False,False
7.5.5.5-c4,7.5.5.5-c4-s1,7.5.5.5-c4-s2,0,0,False,False,True
7.5.5.6-c1,7.5.5.6-c1-s1,7.5.5.6-c1-s2,0,0,False,False,False
7.5.5.6-c1,7.5.5.6-c1-s2,7.5.5.6-c1-s3,2,0,False,False,False
7.5.5.7-c3,7.5.5.7-c3-s1,7.5.5.7-c3-s2,0,0,False,False,False
7.5.5.7-c3,7.5.5.7-c3-s2,7.5.5.7-c3-s3,0,0,False,False,False
7.5.5.7-c4,7.5.5.7-c4-s1,7.5.5.7-c4-s2,0,0,False,False,True
7.5.5.7-c5,7.5.5.7-c5-s1,7.5.5.7-c5-s2,0,0,False,False,True
7.5.5.7-c5,7.5.5.7-c5-s2,7.5.5.7-c5-s3,0,0,False,False,True
7.5.5.7-c5,7.5.5.7-c5-s3,7.5.5.7-c5-s4,0,0,False,False,True
7.5.5.7-c5,7.5.5.7-c5-s4,7.5.5.7-c5-s5,0,0,False,False,True
7.5.5.8-c1,7.5.5.8-c1-s1,7.5.5.8-c1-s2,0,0,False,False,False
7.5.5.8-c1,7.5.5.8-c1-s2,7.5.5.8-c1-s3,0,0,False,False,False
7.5.5.8-c1,7.5.5.8-c1-s3,7.5.5.8-c1-s4,0,0,False,False,False
7.5.6-c1,7.5.6-c1-s1,7.5.6-c1-s2,0,0,False,False,False
7.5.6-c1,7.5.6-c1-s2,7.5.6-c1-s3,0,0,False,False,False
7.5.6-c1,7.5.6-c1-s3,7.5.6-c1-s4,0,0,False,False,False
7.5.6-c1,7.5.6-c1-s4,7.5.6-c1-s5,0,0,False,False,False
7.5.6-c1,7.5.6-c1-s5,7.5.6-c1-s6,0,0,False,False,False
7.5.6-c1,7.5.6-c1-s6,7.5.6-c1-s7,0,0,False,False,False
7.5.6-c1,7.5.6-c1-s7,7.5.6-c1-s8,0,0,False,False,False
7.5.6.1-c3,7.5.6.1-c3-s1,7.5.6.1-c3-s2,0,0,False,False,False
7.5.6.1-c3,7.5.6.1-c3-s2,7.5.6.1-c3-s3,0,0,False,False,False
7.5.6.1-c4,7.5.6.1-c4-s1,7.5.6.1-c4-s2,0,0,False,False,True
7.5.6.1-c6,7.5.6.1-c6-s1,7.5.6.1-c6-s2,0,0,False,False,False
7.5.6.1-c6,7.5.6.1-c6-s2,7.5.6.1-c6-s3,0,0,False,False,False
7.5.6.1-c6,7.5.6.1-c6-s3,7.5.6.1-c6-s4,0,0,False,False,False
7.5.6.2-c1,7.5.6.2-c1-s1,7.5.6.2-c1-s2,0,0,False,False,False
7.5.6.2-c1,7.5.6.2-c1-s2,7.5.6.2-c1-s3,2,0,False,False,False
7.5.6.3-c3,7.5.6.3-c3-s1,7.5.6.3-c3-s2,0,0,False,False,False
7.5.6.3-c3,7.5.6.3-c3-s2,7.5.6.3-c3-s3,0,0,False,False,False
7.5.6.3-c4,7.5.6.3-c4-s1,7.5.6.3-c4-s2,0,0,False,False,True
7.5.6.4-c1,7.5.6.4-c1-s1,7.5.6.4-c1-s2,0,0,False,False,False
7.5.6.4-c1,7.5.6.4-c1-s2,7.5.6.4-c1-s3,0,0,False,False,False
7.5.7-c1,7.5.7-c1-s1,7.5.7-c1-s2,0,0,False,False,False
7.5.7.1-c3,7.5.7.1-c3-s1,7.5.7.1-c3-s2,0,0,False,False,False
7.5.7.1-c3,7.5.7.1-c3-s2,7.5.7.1-c3-s3,0,0,False,False,False
7.5.7.1-c4,7.5.7.1-c4-s1,7.5.7.1-c4-s2,0,0,False,False,True
7.5.7.1-c6,7.5.7.1-c6-s1,7.5.7.1-c6-s2,0,0,False,False,False
7.5.7.1-c6,7.5.7.1-c6-s2,7.5.7.1-c6-s3,0,0,False,False,False
7.5.7.1-c6,7.5.7.1-c6-s3,7.5.7.1-c6-s4,0,0,False,False,False
7.5.7.2-c1,7.5.7.2-c1-s1,7.5.7.2-c1-s2,0,0,False,False,False
7.5.7.2-c1,7.5.7.2-c1-s2,7.5.7.2-c1-s3,2,0,False,False,False
7.5.9-c1,7.5.9-c1-s1,7.5.9-c1-s2,0,0,False,False,False
7.5.9.1-c5,7.5.9.1-c5-s1,7.5.9.1-c5-s2,0,0,False,False,True
7.5.9.1-c5,7.5.9.1-c5-s2,7.5.9.1-c5-s3,0,0,False,False,True
7.5.9.1-c5,7.5.9.1-c5-s3,7.5.9.1-c5-s4,0,0,False,False,True
7.5.9.2-c1,7.5.9.2-c1-s1,7.5.9.2-c1-s2,0,0,False,False,False
7.5.9.2-c1,7.5.9.2-c1-s2,7.5.9.2-c1-s3,0,0,False,False,False
7.5.10-c2,7.5.10-c2-s1,7.5.10-c2-s2,0,0,False,False,True
7.5.10-c2,7.5.10-c2-s2,7.5.10-c2-s3,0,0,False,False,True
7.5.10-c2,7.5.10-c2-s3,7.5.10-c2-s4,0,0,False,False,True
7.5.10-c2,7.5.10-c2-s4,7.5.10-c2-s5,0,0,False,False,True
7.5.10-c3,7.5.10-c3-s1,7.5.10-c3-s2,0,0,False,False,True
7.5.10-c3,7.5.10-c3-s2,7.5.10-c3-s3,0,0,False,False,True
7.5.10-c3,7.5.10-c3-s3,7.5.10-c3-s4,0,0,False,False,True
7.5.10-c4,7.5.10-c4-s1,7.5.10-c4-s2,0,0,False,False,False
7.5.10-c4,7.5.10-c4-s2,7.5.10-c4-s3,0,0,False,False,False
7.5.10-c7,7.5.10-c7-s1,7.5.10-c7-s2,0,0,False,False,False
7.5.11-c4,7.5.11-c4-s1,7.5.11-c4-s2,0,0,False,False,True
7.5.11-c4,7.5.11-c4-s2,7.5.11-c4-s3,0,0,False,False,True
7.5.11-c4,7.5.11-c4-s3,7.5.11-c4-s4,0,0,False,False,True
7.5.11-c4,7.5.11-c4-s4,7.5.11-c4-s5,0,0,False,False,True
7.5.11-c4,7.5.11-c4-s5,7.5.11-c4-s6,0,0,False,False,True
7.5.11-c4,7.5.11-c4-s6,7.5.11-c4-s7,0,0,False,False,True
7.5.11-c4,7.5.11-c4-s7,7.5.11-c4-s8,0,0,False,False,True
7.5.11-c5,7.5.11-c5-s1,7.5.11-c5-s2,0,0,False,False,True
7.5.11-c7,7.5.11-c7-s1,7.5.11-c7-s2,0,0,False,False,False
7.5.11-c7,7.5.11-c7-s2,7.5.11-c7-s3,0,0,False,False,False
7.5.11-c7,7.5.11-c7-s3,7.5.11-c7-s4,0,0,False,False,False
7.5.11.1-c1,7.5.11.1-c1-s1,7.5.11.1-c1-s2,0,0,False,False,True
7.5.11.1-c1,7.5.11.1-c1-s2,7.5.11.1-c1-s3,0,0,False,False,True
7.5.12-c2,7.5.12-c2-s1,7.5.12-c2-s2,0,0,False,False,False
7.5.12-c2,7.5.12-c2-s2,7.5.12-c2-s3,0,0,False,False,False
7.5.12-c3,7.5.12-c3-s1,7.5.12-c3-s2,0,0,False,False,False
7.5.12-c3,7.5.12-c3-s2,7.5.12-c3-s3,0,0,False,False,False
7.5.12-c4,7.5.12-c4-s1,7.5.12-c4-s2,0,0,False,False,True
7.5.12-c4,7.5.12-c4-s2,7.5.12-c4-s3,0,0,False,False,True
7.5.12-c4,7.5.12-c4-s3,7.5.12-c4-s4,0,0,False,False,True
7.5.12-c4,7.5.12-c4-s4,7.5.12-c4-s5,0,0,False,False,True
7.5.12-c4,7.5.12-c4-s5,7.5.12-c4-s6,0,0,False,False,True
7.5.12-c4,7.5.12-c4-s6,7.5.12-c4-s7,0,0,False,False,True
7.5.12-c4,7.5.12-c4-s7,7.5.12-c4-s8,0,0,False,False,True
7.5.12-c4,7.5.12-c4-s8,7.5.12-c4-s9,0,0,False,False,True
7.5.12-c5,7.5.12-c5-s1,7.5.12-c5-s2,0,0,False,False,True
7.5.12-c5,7.5.12-c5-s2,7.5.12-c5-s3,0,0,False,False,True
7.5.12-c5,7.5.12-c5-s3,7.5.12-c5-s4,0,0,False,False,True
7.5.12-c5,7.5.12-c5-s4,7.5.12-c5-s5,0,0,False,False,True
7.5.12-c5,7.5.12-c5-s5,7.5.12-c5-s6,0,0,False,False,True
7.5.12-c5,7.5.12-c5-s6,7.5.12-c5-s7,0,0,False,False,True
7.5.12.1-c2,7.5.12.1-c2-s1,7.5.12.1-c2-s2,0,0,False,False,False
7.5.12.1-c2,7.5.12.1-c2-s2,7.5.12.1-c2-s3,0,0,False,False,False
7.5.12.1-c3,7.5.12.1-c3-s1,7.5.12.1-c3-s2,0,0,False,False,False
7.5.12.1-c3,7.5.12.1-c3-s2,7.5.12.1-c3-s3,0,0,False,False,False
7.5.12.1-c4,7.5.12.1-c4-s1,7.5.12.1-c4-s2,0,0,False,False,True
7.5.12.1-c4,7.5.12.1-c4-s2,7.5.12.1-c4-s3,0,0,False,False,True
7.5.12.1-c4,7.5.12.1-c4-s3,7.5.12.1-c4-s4,0,0,False,False,True
7.5.12.1-c5,7.5.12.1-c5-s1,7.5.12.1-c5-s2,0,0,False,False,False
7.5.12.2-c1,7.5.12.2-c1-s1,7.5.12.2-c1-s2,0,0,False,False,False
7.5.13-c2,7.5.13-c2-s1,7.5.13-c2-s2,0,0,False,False,True
7.5.13-c2,7.5.13-c2-s2,7.5.13-c2-s3,0,0,False,False,True
7.5.13.1-c3,7.5.13.1-c3-s1,7.5.13.1-c3-s2,0,0,False,False,True
7.5.13.1-c3,7.5.13.1-c3-s2,7.5.13.1-c3-s3,0,0,False,False,True
7.5.13.1-c3,7.5.13.1-c3-s3,7.5.13.1-c3-s4,0,0,False,False,True
7.5.13.1-c4,7.5.13.1-c4-s1,7.5.13.1-c4-s2,0,0,False,False,False
7.5.14-c2,7.5.14-c2-s1,7.5.14-c2-s2,0,0,False,False,True
7.5.14-c2,7.5.14-c2-s2,7.5.14-c2-s3,0,0,False,False,True
7.5.14-c2,7.5.14-c2-s3,7.5.14-c2-s4,0,0,False,False,True
7.5.14-c2,7.5.14-c2-s4,7.5.14-c2-s5,0,0,False,False,True
7.5.14-c2,7.5.14-c2-s5,7.5.14-c2-s6,0,0,False,False,True
7.5.14-c2,7.5.14-c2-s6,7.5.14-c2-s7,0,0,False,False,True
7.5.14-c4,7.5.14-c4-s1,7.5.14-c4-s2,0,0,False,False,True
7.5.14-c4,7.5.14-c4-s2,7.5.14-c4-s3,0,0,False,False,True
7.5.14-c4,7.5.14-c4-s3,7.5.14-c4-s4,0,0,False,False,True
7.5.14-c4,7.5.14-c4-s4,7.5.14-c4-s5,0,0,False,False,True
7.5.14-c4,7.5.14-c4-s5,7.5.14-c4-s6,0,0,False,False,True
7.5.14.1-c3,7.5.14.1-c3-s1,7.5.14.1-c3-s2,0,0,False,False,False
7.5.14.1-c6,7.5.14.1-c6-s1,7.5.14.1-c6-s2,0,0,False,False,True
7.5.14.4-c6,7.5.14.4-c6-s1,7.5.14.4-c6-s2,0,0,False,False,True
7.5.15-c2,7.5.15-c2-s1,7.5.15-c2-s2,0,0,False,False,True
7.5.15-c2,7.5.15-c2-s2,7.5.15-c2-s3,0,0,False,False,True
7.5.15-c4,7.5.15-c4-s1,7.5.15-c4-s2,0,0,False,False,True
7.5.15-c4,7.5.15-c4-s2,7.5.15-c4-s3,0,0,False,False,True
7.5.15-c4,7.5.15-c4-s3,7.5.15-c4-s4,0,0,False,False,True
7.5.15-c5,7.5.15-c5-s1,7.5.15-c5-s2,0,0,False,False,False
7.5.15-c5,7.5.15-c5-s2,7.5.15-c5-s3,0,0,False,False,False
7.5.15.1-c4,7.5.15.1-c4-s1,7.5.15.1-c4-s2,0,0,False,False,False
7.5.16-c3,7.5.16-c3-s1,7.5.16-c3-s2,0,0,False,False,True
7.5.16-c3,7.5.16-c3-s2,7.5.16-c3-s3,0,0,False,False,True
7.5.16-c3,7.5.16-c3-s3,7.5.16-c3-s4,0,0,False,False,True
7.5.16-c4,7.5.16-c4-s1,7.5.16-c4-s2,0,0,False,False,False
7.5.16-c6,7.5.16-c6-s1,7.5.16-c6-s2,0,0,False,False,True
7.5.16-c6,7.5.16-c6-s2,7.5.16-c6-s3,0,0,False,False,True
7.5.16-c6,7.5.16-c6-s3,7.5.16-c6-s4,0,0,False,False,True
7.5.16-c6,7.5.16-c6-s4,7.5.16-c6-s5,0,0,False,False,True
7.5.16-c6,7.5.16-c6-s5,7.5.16-c6-s6,0,0,False,False,True
7.5.17-c3,7.5.17-c3-s1,7.5.17-c3-s2,0,0,False,False,False
7.5.17.2-c1,7.5.17.2-c1-s1,7.5.17.2-c1-s2,0,0,False,False,False
7.5.22-c1,7.5.22-c1-s1,7.5.22-c1-s2,0,0,False,False,False
7.5.22-c1,7.5.22-c1-s2,7.5.22-c1-s3,0,0,False,False,False
7.5.22-c1,7.5.22-c1-s3,7.5.22-c1-s4,0,0,False,False,False
7.5.22-c1,7.5.22-c1-s4,7.5.22-c1-s5,0,0,False,False,False
7.5.22-c2,7.5.22-c2-s1,7.5.22-c2-s2,0,0,False,False,False
7.5.22-c2,7.5.22-c2-s2,7.5.22-c2-s3,0,0,False,False,False
7.5.22-c3,7.5.22-c3-s1,7.5.22-c3-s2,0,0,False,False,False
7.5.22-c3,7.5.22-c3-s2,7.5.22-c3-s3,0,0,False,False,False
7.5.22-c3,7.5.22-c3-s3,7.5.22-c3-s4,0,0,False,False,False
7.5.22-c3,7.5.22-c3-s4,7.5.22-c3-s5,0,0,False,False,False
7.5.22-c3,7.5.22-c3-s5,7.5.22-c3-s6,0,0,False,False,False
7.5.22-c3,7.5.22-c3-s6,7.5.22-c3-s7,0,0,False,False,False
7.5.22-c3,7.5.22-c3-s7,7.5.22-c3-s8,0,0,False,False,False
7.5.22-c3,7.5.22-c3-s8,7.5.22-c3-s9,0,0,False,False,False
7.5.22-c3,7.5.22-c3-s9,7.5.22-c3-s10,0,0,False,False,False
7.5.22.11-c3,7.5.22.11-c3-s1,7.5.22.11-c3-s2,0,0,False,False,True
7.5.22.11-c3,7.5.22.11-c3-s2,7.5.22.11-c3-s3,0,0,False,False,True
7.5.22.11-c3,7.5.22.11-c3-s3,7.5.22.11-c3-s4,0,0,False,False,True
7.5.22.11-c3,7.5.22.11-c3-s4,7.5.22.11-c3-s5,0,0,False,False,True
7.5.22.11-c5,7.5.22.11-c5-s1,7.5.22.11-c5-s2,0,0,False,False,True
7.6.1-c3,7.6.1-c3-s1,7.6.1-c3-s2,0,0,False,False,True
7.6.1-c3,7.6.1-c3-s2,7.6.1-c3-s3,0,0,False,False,True
7.6.1-c3,7.6.1-c3-s3,7.6.1-c3-s4,0,0,False,False,True
7.6.1-c3,7.6.1-c3-s4,7.6.1-c3-s5,0,0,False,False,True
7.6.1-c3,7.6.1-c3-s5,7.6.1-c3-s6,0,0,False,False,True
7.6.1-c3,7.6.1-c3-s6,7.6.1-c3-s7,0,0,False,False,True
7.6.1-c3,7.6.1-c3-s7,7.6.1-c3-s8,0,0,False,False,True
7.6.1-c3,7.6.1-c3-s8,7.6.1-c3-s9,0,0,False,False,True
7.6.1-c3,7.6.1-c3-s9,7.6.1-c3-s10,0,0,False,False,True
7.6.1-c3,7.6.1-c3-s10,7.6.1-c3-s11,0,0,False,False,True
7.6.1-c3,7.6.1-c3-s11,7.6.1-c3-s12,0,0,False,False,True
7.6.1-c3,7.6.1-c3-s12,7.6.1-c3-s13,0,0,False,False,True
7.6.1-c4,7.6.1-c4-s1,7.6.1-c4-s2,0,0,False,False,False
7.6.1-c4,7.6.1-c4-s2,7.6.1-c4-s3,0,0,False,False,False
7.6.1-c4,7.6.1-c4-s3,7.6.1-c4-s4,0,0,False,False,False
7.6.1-c4,7.6.1-c4-s4,7.6.1-c4-s5,0,0,False,False,False
7.6.1-c4,7.6.1-c4-s5,7.6.1-c4-s6,0,0,False,False,False
7.6.1-c5,7.6.1-c5-s1,7.6.1-c5-s2,0,0,False,False,True
7.6.1-c5,7.6.1-c5-s2,7.6.1-c5-s3,0,0,False,False,True
7.6.1-c5,7.6.1-c5-s3,7.6.1-c5-s4,0,0,False,False,True
7.6.1-c5,7.6.1-c5-s4,7.6.1-c5-s5,0,0,False,False,True
7.6.1-c5,7.6.1-c5-s5,7.6.1-c5-s6,0,0,False,False,True
7.6.1-c5,7.6.1-c5-s6,7.6.1-c5-s7,0,0,False,False,True
7.6.1-c5,7.6.1-c5-s7,7.6.1-c5-s8,0,0,False,False,True
7.6.1-c5,7.6.1-c5-s8,7.6.1-c5-s9,0,0,False,False,True
7.6.1-c5,7.6.1-c5-s9,7.6.1-c5-s10,0,0,False,False,True
7.6.1-c5,7.6.1-c5-s10,7.6.1-c5-s11,0,0,False,False,True
7.6.1-c5,7.6.1-c5-s11,7.6.1-c5-s12,0,0,False,False,True
7.6.1-c5,7.6.1-c5-s12,7.6.1-c5-s13,0,0,False,False,True
7.6.1-c7,7.6.1-c7-s1,7.6.1-c7-s2,0,0,False,False,True
7.6.1-c7,7.6.1-c7-s2,7.6.1-c7-s3,0,0,False,False,True
7.6.1-c9,7.6.1-c9-s1,7.6.1-c9-s2,0,0,False,False,True
7.6.1-c9,7.6.1-c9-s2,7.6.1-c9-s3,0,0,False,False,True
7.6.1-c9,7.6.1-c9-s3,7.6.1-c9-s4,0,0,False,False,True
7.6.1.1-c1,7.6.1.1-c1-s1,7.6.1.1-c1-s2,0,0,False,False,False
7.6.1.1-c3,7.6.1.1-c3-s1,7.6.1.1-c3-s2,0,0,False,False,False
7.6.1.2-c2,7.6.1.2-c2-s1,7.6.1.2-c2-s2,0,0,False,False,True
7.6.1.2-c2,7.6.1.2-c2-s2,7.6.1.2-c2-s3,0,0,False,False,True
7.6.1.2-c2,7.6.1.2-c2-s3,7.6.1.2-c2-s4,0,0,False,False,True
7.6.1.5-c1,7.6.1.5-c1-s1,7.6.1.5-c1-s2,0,0,False,False,False
7.6.1.6-c1,7.6.1.6-c1-s1,7.6.1.6-c1-s2,0,0,False,False,False
7.6.1.8-c1,7.6.1.8-c1-s1,7.6.1.8-c1-s2,0,0,False,False,False
7.6.1.11-c1,7.6.1.11-c1-s1,7.6.1.11-c1-s2,0,0,False,False,False
7.6.1.12-c1,7.6.1.12-c1-s1,7.6.1.12-c1-s2,0,0,False,False,False
7.6.1.14-c1,7.6.1.14-c1-s1,7.6.1.14-c1-s2,0,0,False,False,False
7.6.1.14-c1,7.6.1.14-c1-s2,7.6.1.14-c1-s3,0,0,False,False,False
7.6.1.15-c1,7.6.1.15-c1-s1,7.6.1.15-c1-s2,0,0,False,False,True
7.6.1.17-c1,7.6.1.17-c1-s1,7.6.1.17-c1-s2,0,0,False,False,True
7.6.1.17-c1,7.6.1.17-c1-s2,7.6.1.17-c1-s3,0,0,False,False,True
7.6.1.17-c1,7.6.1.17-c1-s3,7.6.1.17-c1-s4,0,0,False,False,True
7.6.1.18-c1,7.6.1.18-c1-s1,7.6.1.18-c1-s2,0,0,False,False,True
7.6.1.18-c1,7.6.1.18-c1-s2,7.6.1.18-c1-s3,0,0,False,False,True
7.6.2-c3,7.6.2-c3-s1,7.6.2-c3-s2,0,0,False,False,False
7.6.2-c3,7.6.2-c3-s2,7.6.2-c3-s3,0,0,False,False,False
7.6.2-c3,7.6.2-c3-s3,7.6.2-c3-s4,0,0,False,False,False
7.6.2-c4,7.6.2-c4-s1,7.6.2-c4-s2,0,0,False,False,False
7.6.2-c5,7.6.2-c5-s1,7.6.2-c5-s2,0,0,False,False,False
7.6.2-c5,7.6.2-c5-s2,7.6.2-c5-s3,0,0,False,False,False
7.6.2-c5,7.6.2-c5-s3,7.6.2-c5-s4,0,0,False,False,False
7.6.2-c5,7.6.2-c5-s4,7.6.2-c5-s5,0,0,False,False,False
7.6.2-c5,7.6.2-c5-s5,7.6.2-c5-s6,0,0,False,False,False
7.6.2-c5,7.6.2-c5-s6,7.6.2-c5-s7,0,0,False,False,False
7.6.2-c5,7.6.2-c5-s7,7.6.2-c5-s8,0,0,False,False,False
7.6.2-c5,7.6.2-c5-s8,7.6.2-c5-s9,0,0,False,False,False
7.6.2-c6,7.6.2-c6-s1,7.6.2-c6-s2,0,0,False,False,False
7.6.2.1-c3,7.6.2.1-c3-s1,7.6.2.1-c3-s2,0,0,False,False,False
7.6.2.3-c1,7.6.2.3-c1-s1,7.6.2.3-c1-s2,0,0,False,False,False
7.6.2.4-c3,7.6.2.4-c3-s1,7.6.2.4-c3-s2,0,0,False,False,True
7.6.2.4-c3,7.6.2.4-c3-s2,7.6.2.4-c3-s3,0,0,False,False,True
7.6.2.4-c3,7.6.2.4-c3-s3,7.6.2.4-c3-s4,0,0,False,False,True
7.6.2.4-c4,7.6.2.4-c4-s1,7.6.2.4-c4-s2,0,0,False,False,False
7.6.2.6-c1,7.6.2.6-c1-s1,7.6.2.6-c1-s2,0,0,False,False,False
7.6.2.6-c1,7.6.2.6-c1-s2,7.6.2.6-c1-s3,2,0,False,False,False
7.6.3-c3,7.6.3-c3-s1,7.6.3-c3-s2,0,0,False,False,False
7.6.3-c3,7.6.3-c3-s2,7.6.3-c3-s3,0,0,False,False,False
7.6.3-c3,7.6.3-c3-s3,7.6.3-c3-s4,0,0,False,False,False
7.6.3-c3,7.6.3-c3-s4,7.6.3-c3-s5,0,0,False,False,False
7.6.3-c3,7.6.3-c3-s5,7.6.3-c3-s6,0,0,False,False,False
7.6.3-c3,7.6.3-c3-s6,7.6.3-c3-s7,0,0,False,False,False
7.6.3-c3,7.6.3-c3-s7,7.6.3-c3-s8,0,0,False,False,False
7.6.3-c3,7.6.3-c3-s8,7.6.3-c3-s9,0,0,False,False,False
7.6.3-c3,7.6.3-c3-s9,7.6.3-c3-s10,0,0,False,False,False
7.6.3-c3,7.6.3-c3-s10,7.6.3-c3-s11,0,0,False,False,False
7.6.3-c4,7.6.3-c4-s1,7.6.3-c4-s2,0,0,False,False,False
7.6.3-c4,7.6.3-c4-s2,7.6.3-c4-s3,0,0,False,False,False
7.6.3.1-c3,7.6.3.1-c3-s1,7.6.3.1-c3-s2,0,0,False,False,True
7.6.3.1-c3,7.6.3.1-c3-s2,7.6.3.1-c3-s3,0,0,False,False,True
7.6.3.3-c1,7.6.3.3-c1-s1,7.6.3.3-c1-s2,0,0,False,False,False
7.6.3.4-c3,7.6.3.4-c3-s1,7.6.3.4-c3-s2,0,0,False,False,True
7.6.3.4-c3,7.6.3.4-c3-s2,7.6.3.4-c3-s3,0,0,False,False,True
7.6.3.5-c2,7.6.3.5-c2-s1,7.6.3.5-c2-s2,0,0,False,False,True
7.6.3.5-c2,7.6.3.5-c2-s2,7.6.3.5-c2-s3,0,0,False,False,True
7.7.1-c3,7.7.1-c3-s1,7.7.1-c3-s2,0,0,False,False,True
7.7.1-c4,7.7.1-c4-s1,7.7.1-c4-s2,0,0,False,False,False
7.7.1-c7,7.7.1-c7-s1,7.7.1-c7-s2,0,0,False,False,False
7.7.1-c7,7.7.1-c7-s2,7.7.1-c7-s3,0,0,False,False,False
7.7.1-c7,7.7.1-c7-s3,7.7.1-c7-s4,0,0,False,False,False
7.7.1-c7,7.7.1-c7-s4,7.7.1-c7-s5,0,0,False,False,False
7.7.1-c9,7.7.1-c9-s1,7.7.1-c9-s2,0,0,False,False,True
7.7.1-c9,7.7.1-c9-s2,7.7.1-c9-s3,0,0,False,False,True
7.7.1-c9,7.7.1-c9-s3,7.7.1-c9-s4,0,0,False,False,True
7.7.1-c9,7.7.1-c9-s4,7.7.1-c9-s5,0,0,False,False,True
7.7.1-c9,7.7.1-c9-s5,7.7.1-c9-s6,0,0,False,False,True
7.7.1-c10,7.7.1-c10-s1,7.7.1-c10-s2,0,0,False,False,True
7.7.1-c10,7.7.1-c10-s2,7.7.1-c10-s3,0,0,False,False,True
7.7.1-c10,7.7.1-c10-s3,7.7.1-c10-s4,0,0,False,False,True
7.7.1-c10,7.7.1-c10-s4,7.7.1-c10-s5,0,0,False,False,True
7.7.1-c10,7.7.1-c10-s5,7.7.1-c10-s6,0,0,False,False,True
7.7.1-c10,7.7.1-c10-s6,7.7.1-c10-s7,0,0,False,False,True
7.7.1-c10,7.7.1-c10-s7,7.7.1-c10-s8,0,0,False,False,True
7.7.1-c12,7.7.1-c12-s1,7.7.1-c12-s2,0,0,False,False,True
7.7.1-c12,7.7.1-c12-s2,7.7.1-c12-s3,0,0,False,False,True
7.7.1-c12,7.7.1-c12-s3,7.7.1-c12-s4,0,0,False,False,True
7.7.1-c12,7.7.1-c12-s4,7.7.1-c12-s5,0,0,False,False,True
7.7.1-c12,7.7.1-c12-s5,7.7.1-c12-s6,0,0,False,False,True
7.7.1-c13,7.7.1-c13-s1,7.7.1-c13-s2,0,0,False,False,False
7.7.1-c13,7.7.1-c13-s2,7.7.1-c13-s3,0,0,False,False,False
7.7.1-c13,7.7.1-c13-s3,7.7.1-c13-s4,0,0,False,False,False
7.7.1-c13,7.7.1-c13-s4,7.7.1-c13-s5,0,0,False,False,False
7.7.1-c14,7.7.1-c14-s1,7.7.1-c14-s2,0,0,False,False,True
7.7.1-c14,7.7.1-c14-s2,7.7.1-c14-s3,0,0,False,False,True
7.7.1.1-c4,7.7.1.1-c4-s1,7.7.1.1-c4-s2,0,0,False,False,False
7.7.1.1-c4,7.7.1.1-c4-s2,7.7.1.1-c4-s3,0,0,False,False,False
7.7.1.1-c4,7.7.1.1-c4-s3,7.7.1.1-c4-s4,0,0,False,False,False
7.7.1.2-c1,7.7.1.2-c1-s1,7.7.1.2-c1-s2,0,0,False,False,False
7.7.1.3-c3,7.7.1.3-c3-s1,7.7.1.3-c3-s2,0,0,False,False,False
7.7.1.4-c4,7.7.1.4-c4-s1,7.7.1.4-c4-s2,0,0,False,False,False
7.7.1.4-c4,7.7.1.4-c4-s2,7.7.1.4-c4-s3,0,0,False,False,False
7.7.1.4-c4,7.7.1.4-c4-s3,7.7.1.4-c4-s4,0,0,False,False,False
7.7.1.5-c1,7.7.1.5-c1-s1,7.7.1.5-c1-s2,0,0,False,False,False
7.7.3-c1,7.7.3-c1-s1,7.7.3-c1-s2,0,0,False,False,False
7.7.3.1-c5,7.7.3.1-c5-s1,7.7.3.1-c5-s2,0,0,False,False,False
7.7.3.1-c5,7.7.3.1-c5-s2,7.7.3.1-c5-s3,0,0,False,False,False
7.7.3.1-c5,7.7.3.1-c5-s3,7.7.3.1-c5-s4,0,0,False,False,False
7.8.1-c7,7.8.1-c7-s1,7.8.1-c7-s2,0,0,False,False,False
7.8.1-c7,7.8.1-c7-s2,7.8.1-c7-s3,0,0,False,False,False
7.8.1-c7,7.8.1-c7-s3,7.8.1-c7-s4,0,0,False,False,False
7.8.1-c7,7.8.1-c7-s4,7.8.1-c7-s5,0,0,False,False,False
7.8.1-c7,7.8.1-c7-s5,7.8.1-c7-s6,0,0,False,False,False
7.8.3-c2,7.8.3-c2-s1,7.8.3-c2-s2,0,0,False,False,False
7.8.3-c2,7.8.3-c2-s2,7.8.3-c2-s3,0,0,False,False,False
7.8.3-c2,7.8.3-c2-s3,7.8.3-c2-s4,0,0,False,False,False
7.8.3-c2,7.8.3-c2-s4,7.8.3-c2-s5,0,0,False,False,False
7.8.3-c2,7.8.3-c2-s5,7.8.3-c2-s6,0,0,False,False,False
7.8.3-c2,7.8.3-c2-s6,7.8.3-c2-s7,0,0,False,False,False
7.8.3-c2,7.8.3-c2-s7,7.8.3-c2-s8,0,0,False,False,False
7.8.3-c2,7.8.3-c2-s8,7.8.3-c2-s9,0,0,False,False,False
7.8.3-c2,7.8.3-c2-s9,7.8.3-c2-s10,0,0,False,False,False
7.8.3-c2,7.8.3-c2-s10,7.8.3-c2-s11,0,0,False,False,False
7.8.3-c2,7.8.3-c2-s11,7.8.3-c2-s12,0,0,False,False,False
7.8.3-c3,7.8.3-c3-s1,7.8.3-c3-s2,0,0,False,False,False
7.8.3.5-c2,7.8.3.5-c2-s1,7.8.3.5-c2-s2,0,0,False,False,True
7.9-c1,7.9-c1-s1,7.9-c1-s2,0,0,False,False,False
7.9-c1,7.9-c1-s2,7.9-c1-s3,0,0,False,False,False
7.9-c2,7.9-c2-s1,7.9-c2-s2,0,0,False,False,True
7.9-c2,7.9-c2-s2,7.9-c2-s3,0,0,False,False,True
7.9-c2,7.9-c2-s3,7.9-c2-s4,0,0,False,False,True
7.9-c2,7.9-c2-s4,7.9-c2-s5,0,0,False,False,True
7.9-c2,7.9-c2-s5,7.9-c2-s6,0,0,False,False,True
7.9-c2,7.9-c2-s6,7.9-c2-s7,0,0,False,False,True
7.9-c2,7.9-c2-s7,7.9-c2-s8,0,0,False,False,True
7.9-c2,7.9-c2-s8,7.9-c2-s9,0,0,False,False,True
7.9-c2,7.9-c2-s9,7.9-c2-s10,0,0,False,False,True
7.9-c2,7.9-c2-s10,7.9-c2-s11,0,0,False,False,True
7.9-c2,7.9-c2-s11,7.9-c2-s12,0,0,False,False,True
7.9.1-c2,7.9.1-c2-s1,7.9.1-c2-s2,0,0,False,False,False
7.9.1-c2,7.9.1-c2-s2,7.9.1-c2-s3,0,0,False,False,False
7.9.1-c2,7.9.1-c2-s3,7.9.1-c2-s4,0,0,False,False,False
7.9.1-c2,7.9.1-c2-s4,7.9.1-c2-s5,0,0,False,False,False
8.1-c1,8.1-c1-s1,8.1-c1-s2,0,0,False,False,False
8.1-c1,8.1-c1-s2,8.1-c1-s3,0,0,False,False,False
8.1-c4,8.1-c4-s1,8.1-c4-s2,0,0,False,False,False
8.1-c4,8.1-c4-s2,8.1-c4-s3,0,0,False,False,False
8.1-c4,8.1-c4-s3,8.1-c4-s4,0,0,False,False,False
8.1-c4,8.1-c4-s4,8.1-c4-s5,0,0,False,False,False
8.1-c6,8.1-c6-s1,8.1-c6-s2,0,0,False,False,False
8.1-c6,8.1-c6-s2,8.1-c6-s3,0,0,False,False,False
8.1-c6,8.1-c6-s3,8.1-c6-s4,0,0,False,False,False
8.1-c11,8.1-c11-s1,8.1-c11-s2,0,0,False,False,False
8.1-c11,8.1-c11-s2,8.1-c11-s3,0,0,False,False,False
8.1-c12,8.1-c12-s1,8.1-c12-s2,0,0,False,False,False
8.1-c13,8.1-c13-s1,8.1-c13-s2,0,0,False,False,False
8.1-c13,8.1-c13-s2,8.1-c13-s3,0,0,False,False,False
8.1-c13,8.1-c13-s3,8.1-c13-s4,0,0,False,False,False
8.1.1-c1,8.1.1-c1-s1,8.1.1-c1-s2,0,0,False,False,False
8.1.2-c3,8.1.2-c3-s1,8.1.2-c3-s2,0,0,False,False,False
8.1.2-c5,8.1.2-c5-s1,8.1.2-c5-s2,0,0,False,False,True
8.1.2-c5,8.1.2-c5-s2,8.1.2-c5-s3,0,0,False,False,True
8.1.2-c5,8.1.2-c5-s3,8.1.2-c5-s4,0,0,False,False,True
8.1.3-c1,8.1.3-c1-s1,8.1.3-c1-s2,0,0,False,False,False
8.2-c4,8.2-c4-s1,8.2-c4-s2,0,0,False,False,False
8.2-c4,8.2-c4-s2,8.2-c4-s3,0,0,False,False,False
8.2-c6,8.2-c6-s1,8.2-c6-s2,0,0,False,False,False
8.2-c6,8.2-c6-s2,8.2-c6-s3,0,0,False,False,False
8.2-c6,8.2-c6-s3,8.2-c6-s4,0,0,False,False,False
8.2-c7,8.2-c7-s1,8.2-c7-s2,0,0,False,False,False
8.2-c7,8.2-c7-s2,8.2-c7-s3,0,0,False,False,False
8.2-c7,8.2-c7-s3,8.2-c7-s4,0,0,False,False,False
8.2-c14,8.2-c14-s1,8.2-c14-s2,0,0,False,False,False
8.2-c14,8.2-c14-s2,8.2-c14-s3,0,0,False,False,False
8.2-c15,8.2-c15-s1,8.2-c15-s2,0,0,False,False,False
8.2-c16,8.2-c16-s1,8.2-c16-s2,0,0,False,False,False
8.2-c16,8.2-c16-s2,8.2-c16-s3,0,0,False,False,False
8.2.1-c1,8.2.1-c1-s1,8.2.1-c1-s2,0,0,False,False,True
8.2.1-c1,8.2.1-c1-s2,8.2.1-c1-s3,0,0,False,False,True
8.2.1-c1,8.2.1-c1-s3,8.2.1-c1-s4,0,0,False,False,True
8.2.1-c1,8.2.1-c1-s4,8.2.1-c1-s5,0,0,False,False,True
8.2.1-c1,8.2.1-c1-s5,8.2.1-c1-s6,0,0,False,False,True
8.2.2-c3,8.2.2-c3-s1,8.2.2-c3-s2,0,0,False,False,True
8.2.2-c3,8.2.2-c3-s2,8.2.2-c3-s3,0,0,False,False,True
8.2.3-c1,8.2.3-c1-s1,8.2.3-c1-s2,0,0,False,False,True
8.2.3-c1,8.2.3-c1-s2,8.2.3-c1-s3,0,0,False,False,True
8.2.3-c1,8.2.3-c1-s3,8.2.3-c1-s4,0,0,False,False,True
8.2.4-c1,8.2.4-c1-s1,8.2.4-c1-s2,0,0,False,False,True
8.2.4-c1,8.2.4-c1-s2,8.2.4-c1-s3,0,0,False,False,True
8.2.5-c1,8.2.5-c1-s1,8.2.5-c1-s2,0,0,False,False,True
8.2.5-c1,8.2.5-c1-s2,8.2.5-c1-s3,0,0,False,False,True
8.2.5-c1,8.2.5-c1-s3,8.2.5-c1-s4,0,0,False,False,True
8.2.6-c1,8.2.6-c1-s1,8.2.6-c1-s2,0,0,False,False,True
8.2.6-c1,8.2.6-c1-s2,8.2.6-c1-s3,0,0,False,False,True
8.2.8-c1,8.2.8-c1-s1,8.2.8-c1-s2,0,0,False,False,False
8.2.9-c1,8.2.9-c1-s1,8.2.9-c1-s2,0,0,False,False,False
8.3-c1,8.3-c1-s1,8.3-c1-s2,0,0,False,False,False
8.3-c2,8.3-c2-s1,8.3-c2-s2,0,0,False,False,False
8.3-c2,8.3-c2-s2,8.3-c2-s3,0,0,False,False,False
8.3-c3,8.3-c3-s1,8.3-c3-s2,0,0,False,False,False
8.3-c3,8.3-c3-s2,8.3-c3-s3,0,0,False,False,False
8.3-c3,8.3-c3-s3,8.3-c3-s4,0,0,False,False,False
8.3-c3,8.3-c3-s4,8.3-c3-s5,0,0,False,False,False
8.3-c4,8.3-c4-s1,8.3-c4-s2,0,0,False,False,True
8.3-c4,8.3-c4-s2,8.3-c4-s3,0,0,False,False,True
8.3-c4,8.3-c4-s3,8.3-c4-s4,0,0,False,False,True
8.3-c4,8.3-c4-s4,8.3-c4-s5,0,0,False,False,True
8.3-c5,8.3-c5-s1,8.3-c5-s2,0,0,False,False,False
8.3-c5,8.3-c5-s2,8.3-c5-s3,0,0,False,False,False
8.3-c5,8.3-c5-s3,8.3-c5-s4,0,0,False,False,False
8.3.1-c2,8.3.1-c2-s1,8.3.1-c2-s2,0,0,False,False,False
8.3.1-c3,8.3.1-c3-s1,8.3.1-c3-s2,0,0,False,False,False
8.3.1-c3,8.3.1-c3-s2,8.3.1-c3-s3,0,0,False,False,False
8.4-c5,8.4-c5-s1,8.4-c5-s2,0,0,False,False,False
8.4-c5,8.4-c5-s2,8.4-c5-s3,0,0,False,False,False
8.4-c6,8.4-c6-s1,8.4-c6-s2,0,0,False,False,True
8.4-c6,8.4-c6-s2,8.4-c6-s3,0,0,False,False,True
8.4-c6,8.4-c6-s3,8.4-c6-s4,0,0,False,False,True
8.4-c8,8.4-c8-s1,8.4-c8-s2,0,0,False,False,True
8.4.1-c5,8.4.1-c5-s1,8.4.1-c5-s2,0,0,False,False,False
8.4.1-c5,8.4.1-c5-s2,8.4.1-c5-s3,0,0,False,False,False
8.4.1-c6,8.4.1-c6-s1,8.4.1-c6-s2,0,0,False,False,False
8.4.2-c1,8.4.2-c1-s1,8.4.2-c1-s2,0,0,False,False,False
8.5-c3,8.5-c3-s1,8.5-c3-s2,0,0,False,False,False
8.5-c3,8.5-c3-s2,8.5-c3-s3,0,0,False,False,False
8.6.2-c1,8.6.2-c1-s1,8.6.2-c1-s2,0,0,False,False,False
8.7-c2,8.7-c2-s1,8.7-c2-s2,0,0,False,False,True
8.7-c3,8.7-c3-s1,8.7-c3-s2,0,0,False,False,True
8.7-c3,8.7-c3-s2,8.7-c3-s3,0,0,False,False,True
8.7-c3,8.7-c3-s3,8.7-c3-s4,0,0,False,False,True
8.7-c3,8.7-c3-s4,8.7-c3-s5,0,0,False,False,True
8.7-c3,8.7-c3-s5,8.7-c3-s6,0,0,False,False,True
8.7-c3,8.7-c3-s6,8.7-c3-s7,0,0,False,False,True
8.7-c3,8.7-c3-s7,8.7-c3-s8,0,0,False,False,True
8.7-c4,8.7-c4-s1,8.7-c4-s2,0,0,False,False,True
8.7-c4,8.7-c4-s2,8.7-c4-s3,0,0,False,False,True
8.7-c4,8.7-c4-s3,8.7-c4-s4,0,0,False,False,True
8.7-c5,8.7-c5-s1,8.7-c5-s2,0,0,False,False,True
8.7-c6,8.7-c6-s1,8.7-c6-s2,0,0,False,False,True
8.7-c6,8.7-c6-s2,8.7-c6-s3,0,0,False,False,True
8.7-c6,8.7-c6-s3,8.7-c6-s4,0,0,False,False,True
8.7-c6,8.7-c6-s4,8.7-c6-s5,0,0,False,False,True
8.7-c7,8.7-c7-s1,8.7-c7-s2,0,0,False,False,True
8.7-c7,8.7-c7-s2,8.7-c7-s3,0,0,False,False,True
8.7-c7,8.7-c7-s3,8.7-c7-s4,0,0,False,False,True
8.7-c7,8.7-c7-s4,8.7-c7-s5,0,0,False,False,True
8.7-c7,8.7-c7-s5,8.7-c7-s6,0,0,False,False,True
8.7-c7,8.7-c7-s6,8.7-c7-s7,0,0,False,False,True
8.7-c7,8.7-c7-s7,8.7-c7-s8,0,0,False,False,True
8.7-c7,8.7-c7-s8,8.7-c7-s9,0,0,False,False,True
8.7.1-c1,8.7.1-c1-s1,8.7.1-c1-s2,0,0,False,False,True
8.7.1-c1,8.7.1-c1-s2,8.7.1-c1-s3,0,0,False,False,True
8.7.2-c1,8.7.2-c1-s1,8.7.2-c1-s2,0,0,False,False,True
8.7.2-c1,8.7.2-c1-s2,8.7.2-c1-s3,0,0,False,False,True
8.8-c1,8.8-c1-s1,8.8-c1-s2,0,0,False,False,True
8.8-c3,8.8-c3-s1,8.8-c3-s2,0,0,False,False,True
8.8-c3,8.8-c3-s2,8.8-c3-s3,0,0,False,False,True
8.8-c3,8.8-c3-s3,8.8-c3-s4,0,0,False,False,True
8.8-c4,8.8-c4-s1,8.8-c4-s2,0,0,False,False,True
8.8-c4,8.8-c4-s2,8.8-c4-s3,0,0,False,False,True
8.8-c4,8.8-c4-s3,8.8-c4-s4,0,0,False,False,True
8.8-c4,8.8-c4-s4,8.8-c4-s5,0,0,False,False,True
8.8-c4,8.8-c4-s5,8.8-c4-s6,0,0,False,False,True
8.8-c4,8.8-c4-s6,8.8-c4-s7,0,0,False,False,True
8.8-c4,8.8-c4-s7,8.8-c4-s8,0,0,False,False,True
8.8-c4,8.8-c4-s8,8.8-c4-s9,0,0,False,False,True
8.8-c4,8.8-c4-s9,8.8-c4-s10,0,0,False,False,True
8.8-c4,8.8-c4-s10,8.8-c4-s11,0,0,False,False,True
8.8-c4,8.8-c4-s11,8.8-c4-s12,0,0,False,False,True
8.8-c6,8.8-c6-s1,8.8-c6-s2,0,0,False,False,True
8.8-c6,8.8-c6-s2,8.8-c6-s3,0,0,False,False,True
8.8-c6,8.8-c6-s3,8.8-c6-s4,0,0,False,False,True
8.8-c6,8.8-c6-s4,8.8-c6-s5,0,0,False,False,True
8.8-c6,8.8-c6-s5,8.8-c6-s6,0,0,False,False,True
8.8-c7,8.8-c7-s1,8.8-c7-s2,0,0,False,False,True
8.8-c7,8.8-c7-s2,8.8-c7-s3,0,0,False,False,True
8.8-c7,8.8-c7-s3,8.8-c7-s4,0,0,False,False,True
8.9-c7,8.9-c7-s1,8.9-c7-s2,0,0,False,False,False
8.9-c7,8.9-c7-s2,8.9-c7-s3,0,0,False,False,False
8.9-c7,8.9-c7-s3,8.9-c7-s4,0,0,False,False,False
8.9-c7,8.9-c7-s4,8.9-c7-s5,0,0,False,False,False
8.9-c7,8.9-c7-s5,8.9-c7-s6,0,0,False,False,False
8.9-c7,8.9-c7-s6,8.9-c7-s7,0,0,False,False,False
8.9-c7,8.9-c7-s7,8.9-c7-s8,0,0,False,False,False
8.9-c7,8.9-c7-s8,8.9-c7-s9,0,0,False,False,False
8.9-c7,8.9-c7-s9,8.9-c7-s10,0,0,False,False,False
8.9-c7,8.9-c7-s10,8.9-c7-s11,0,0,False,False,False
8.9-c7,8.9-c7-s11,8.9-c7-s12,0,0,False,False,False
8.9-c7,8.9-c7-s12,8.9-c7-s13,0,0,False,False,False
8.9-c7,8.9-c7-s13,8.9-c7-s14,0,0,False,False,False
8.9-c7,8.9-c7-s14,8.9-c7-s15,0,0,False,False,False
8.9-c7,8.9-c7-s15,8.9-c7-s16,0,0,False,False,False
8.9-c7,8.9-c7-s16,8.9-c7-s17,0,0,False,False,False
8.9-c7,8.9-c7-s17,8.9-c7-s18,0,0,False,False,False
8.9-c10,8.9-c10-s1,8.9-c10-s2,0,0,False,False,True
8.9-c11,8.9-c11-s1,8.9-c11-s2,0,0,False,False,False
8.9-c13,8.9-c13-s1,8.9-c13-s2,0,0,False,False,False
8.9-c13,8.9-c13-s2,8.9-c13-s3,0,0,False,False,False
8.9.1-c1,8.9.1-c1-s1,8.9.1-c1-s2,0,0,False,False,False
8.9.2-c5,8.9.2-c5-s1,8.9.2-c5-s2,0,0,False,False,False
8.9.2-c6,8.9.2-c6-s1,8.9.2-c6-s2,0,0,False,False,False
8.10-c7,8.10-c7-s1,8.10-c7-s2,0,0,False,False,False
8.10-c7,8.10-c7-s2,8.10-c7-s3,0,0,False,False,False
8.10-c7,8.10-c7-s3,8.10-c7-s4,0,0,False,False,False
8.10-c7,8.10-c7-s4,8.10-c7-s5,0,0,False,False,False
8.10-c7,8.10-c7-s5,8.10-c7-s6,0,0,False,False,False
8.10-c7,8.10-c7-s6,8.10-c7-s7,0,0,False,False,False
8.10-c7,8.10-c7-s7,8.10-c7-s8,0,0,False,False,False
8.10-c7,8.10-c7-s8,8.10-c7-s9,0,0,False,False,False
8.10-c7,8.10-c7-s9,8.10-c7-s10,0,0,False,False,False
8.10-c7,8.10-c7-s10,8.10-c7-s11,0,0,False,False,False
8.10-c7,8.10-c7-s11,8.10-c7-s12,0,0,False,False,False
8.10-c7,8.10-c7-s12,8.10-c7-s13,0,0,False,False,False
8.10-c7,8.10-c7-s13,8.10-c7-s14,0,0,False,False,False
8.10-c7,8.10-c7-s14,8.10-c7-s15,0,0,False,False,False
8.10-c8,8.10-c8-s1,8.10-c8-s2,0,0,False,False,False
8.10-c10,8.10-c10-s1,8.10-c10-s2,0,0,False,False,True
8.10-c11,8.10-c11-s1,8.10-c11-s2,0,0,False,False,False
8.10-c13,8.10-c13-s1,8.10-c13-s2,0,0,False,False,False
8.10-c13,8.10-c13-s2,8.10-c13-s3,0,0,False,False,False
8.10.1-c1,8.10.1-c1-s1,8.10.1-c1-s2,0,0,False,False,False
8.10.2-c5,8.10.2-c5-s1,8.10.2-c5-s2,0,0,False,False,False
8.10.2-c6,8.10.2-c6-s1,8.10.2-c6-s2,0,0,False,False,False
8.10.2-c7,8.10.2-c7-s1,8.10.2-c7-s2,0,0,False,False,False
8.11-c1,8.11-c1-s1,8.11-c1-s2,0,0,False,False,True
8.11-c1,8.11-c1-s2,8.11-c1-s3,0,0,False,False,True
8.11-c3,8.11-c3-s1,8.11-c3-s2,0,0,False,False,True
8.11-c3,8.11-c3-s2,8.11-c3-s3,0,0,False,False,True
8.11-c5,8.11-c5-s1,8.11-c5-s2,0,0,False,False,False
8.11-c5,8.11-c5-s2,8.11-c5-s3,0,0,False,False,False
8.11-c5,8.11-c5-s3,8.11-c5-s4,0,0,False,False,False
8.11-c5,8.11-c5-s4,8.11-c5-s5,0,0,False,False,False
8.11-c5,8.11-c5-s5,8.11-c5-s6,0,0,False,False,False
8.11-c5,8.11-c5-s6,8.11-c5-s7,0,0,False,False,False
8.11-c5,8.11-c5-s7,8.11-c5-s8,0,0,False,False,False
8.11-c5,8.11-c5-s8,8.11-c5-s9,0,0,False,False,False
8.11-c5,8.11-c5-s9,8.11-c5-s10,0,0,False,False,False
8.11-c5,8.11-c5-s10,8.11-c5-s11,0,0,False,False,False
8.11-c5,8.11-c5-s11,8.11-c5-s12,0,0,False,False,False
8.11-c8,8.11-c8-s1,8.11-c8-s2,0,0,False,False,False
8.11-c8,8.11-c8-s2,8.11-c8-s3,0,0,False,False,False
8.11-c8,8.11-c8-s3,8.11-c8-s4,0,0,False,False,False
8.11-c8,8.11-c8-s4,8.11-c8-s5,0,0,False,False,False
8.12-c2,8.12-c2-s1,8.12-c2-s2,0,0,False,False,True
8.12-c2,8.12-c2-s2,8.12-c2-s3,0,0,False,False,True
8.12-c2,8.12-c2-s3,8.12-c2-s4,0,0,False,False,True
8.12-c2,8.12-c2-s4,8.12-c2-s5,0,0,False,False,True
8.12-c2,8.12-c2-s5,8.12-c2-s6,0,0,False,False,True
8.12-c4,8.12-c4-s1,8.12-c4-s2,0,0,False,False,True
8.12-c4,8.12-c4-s2,8.12-c4-s3,0,0,False,False,True
8.12-c4,8.12-c4-s3,8.12-c4-s4,0,0,False,False,True
8.12-c4,8.12-c4-s4,8.12-c4-s5,0,0,False,False,True
8.12-c4,8.12-c4-s5,8.12-c4-s6,0,0,False,False,True
8.12-c4,8.12-c4-s6,8.12-c4-s7,0,0,False,False,True
8.12-c4,8.12-c4-s7,8.12-c4-s8,0,0,False,False,True
8.12-c4,8.12-c4-s8,8.12-c4-s9,0,0,False,False,True
8.12-c4,8.12-c4-s9,8.12-c4-s10,0,0,False,False,True
8.12-c4,8.12-c4-s10,8.12-c4-s11,0,0,False,False,True
8.12-c4,8.12-c4-s11,8.12-c4-s12,0,0,False,False,True
8.12-c4,8.12-c4-s12,8.12-c4-s13,0,0,False,False,True
8.12-c7,8.12-c7-s1,8.12-c7-s2,0,0,False,False,True
8.12-c7,8.12-c7-s2,8.12-c7-s3,0,0,False,False,True
8.12.1-c3,8.12.1-c3-s1,8.12.1-c3-s2,0,0,False,False,True
8.12.1-c4,8.12.1-c4-s1,8.12.1-c4-s2,0,0,False,False,True
8.12.1-c5,8.12.1-c5-s1,8.12.1-c5-s2,0,0,False,False,True
8.12.2-c1,8.12.2-c1-s1,8.12.2-c1-s2,0,0,False,False,False
8.14-c8,8.14-c8-s1,8.14-c8-s2,0,0,False,False,False
8.14-c11,8.14-c11-s1,8.14-c11-s2,0,0,False,False,False
8.14.2-c5,8.14.2-c5-s1,8.14.2-c5-s2,0,0,False,False,False
8.14.3-c7,8.14.3-c7-s1,8.14.3-c7-s2,0,0,False,False,False
8.15-c2,8.15-c2-s1,8.15-c2-s2,0,0,False,False,False
8.15-c4,8.15-c4-s1,8.15-c4-s2,0,0,False,False,True
8.15-c4,8.15-c4-s2,8.15-c4-s3,0,0,False,False,True
8.15-c4,8.15-c4-s3,8.15-c4-s4,0,0,False,False,True
8.15-c4,8.15-c4-s4,8.15-c4-s5,0,0,False,False,True
8.15-c4,8.15-c4-s5,8.15-c4-s6,0,0,False,False,True
8.15-c4,8.15-c4-s6,8.15-c4-s7,0,0,False,False,True
8.15-c4,8.15-c4-s7,8.15-c4-s8,0,0,False,False,True
9.1.1-c5,9.1.1-c5-s1,9.1.1-c5-s2,0,0,False,False,False
9.1.1-c5,9.1.1-c5-s2,9.1.1-c5-s3,0,0,False,False,False
9.1.1-c5,9.1.1-c5-s3,9.1.1-c5-s4,0,0,False,False,False
9.1.1-c5,9.1.1-c5-s4,9.1.1-c5-s5,0,0,False,False,False
9.1.1-c5,9.1.1-c5-s5,9.1.1-c5-s6,0,0,False,False,False
9.1.1-c5,9.1.1-c5-s6,9.1.1-c5-s7,0,0,False,False,False
9.1.1-c10,9.1.1-c10-s1,9.1.1-c10-s2,0,0,False,False,True
9.1.1-c10,9.1.1-c10-s2,9.1.1-c10-s3,0,0,False,False,True
9.1.1-c12,9.1.1-c12-s1,9.1.1-c12-s2,0,0,False,False,False
9.1.1-c12,9.1.1-c12-s2,9.1.1-c12-s3,0,0,False,False,False
9.1.1.1-c5,9.1.1.1-c5-s1,9.1.1.1-c5-s2,0,0,False,False,False
9.1.1.1-c5,9.1.1.1-c5-s2,9.1.1.1-c5-s3,0,0,False,False,False
9.1.1.1-c5,9.1.1.1-c5-s3,9.1.1.1-c5-s4,0,0,False,False,False
9.1.1.1-c5,9.1.1.1-c5-s4,9.1.1.1-c5-s5,0,0,False,False,False
9.1.1.2-c1,9.1.1.2-c1-s1,9.1.1.2-c1-s2,0,0,False,False,False
9.1.1.4-c1,9.1.1.4-c1-s1,9.1.1.4-c1-s2,0,0,False,False,False
9.1.2-c6,9.1.2-c6-s1,9.1.2-c6-s2,0,0,False,False,False
9.1.2-c6,9.1.2-c6-s2,9.1.2-c6-s3,0,0,False,False,False
9.1.2-c6,9.1.2-c6-s3,9.1.2-c6-s4,0,0,False,False,False
9.1.2-c6,9.1.2-c6-s4,9.1.2-c6-s5,0,0,False,False,False
9.1.2-c6,9.1.2-c6-s5,9.1.2-c6-s6,0,0,False,False,False
9.1.2-c7,9.1.2-c7-s1,9.1.2-c7-s2,0,0,False,False,False
9.1.2-c8,9.1.2-c8-s1,9.1.2-c8-s2,0,0,False,False,True
9.1.2-c8,9.1.2-c8-s2,9.1.2-c8-s3,0,0,False,False,True
9.1.2-c9,9.1.2-c9-s1,9.1.2-c9-s2,0,0,False,False,False
9.1.2-c12,9.1.2-c12-s1,9.1.2-c12-s2,0,0,False,False,True
9.1.2-c12,9.1.2-c12-s2,9.1.2-c12-s3,0,0,False,False,True
9.1.2-c13,9.1.2-c13-s1,9.1.2-c13-s2,0,0,False,False,False
9.1.2-c13,9.1.2-c13-s2,9.1.2-c13-s3,0,0,False,False,False
9.1.2-c13,9.1.2-c13-s3,9.1.2-c13-s4,0,0,False,False,False
9.1.2.1-c2,9.1.2.1-c2-s1,9.1.2.1-c2-s2,0,0,False,False,True
9.1.2.1-c6,9.1.2.1-c6-s1,9.1.2.1-c6-s2,0,0,False,False,False
9.1.2.1-c6,9.1.2.1-c6-s2,9.1.2.1-c6-s3,0,0,False,False,False
9.1.2.1-c6,9.1.2.1-c6-s3,9.1.2.1-c6-s4,0,0,False,False,False
9.1.2.1-c6,9.1.2.1-c6-s4,9.1.2.1-c6-s5,0,0,False,False,False
9.1.2.1-c7,9.1.2.1-c7-s1,9.1.2.1-c7-s2,0,0,False,False,False
9.1.2.1-c7,9.1.2.1-c7-s2,9.1.2.1-c7-s3,0,0,False,False,False
9.1.2.1-c7,9.1.2.1-c7-s3,9.1.2.1-c7-s4,0,0,False,False,False
9.1.2.2-c1,9.1.2.2-c1-s1,9.1.2.2-c1-s2,0,0,False,False,False
9.1.2.2-c1,9.1.2.2-c1-s2,9.1.2.2-c1-s3,0,0,False,False,False
9.1.2.2-c1,9.1.2.2-c1-s3,9.1.2.2-c1-s4,0,0,False,False,False
9.1.2.3-c2,9.1.2.3-c2-s1,9.1.2.3-c2-s2,0,0,False,False,True
9.1.2.3-c6,9.1.2.3-c6-s1,9.1.2.3-c6-s2,0,0,False,False,False
9.1.2.3-c6,9.1.2.3-c6-s2,9.1.2.3-c6-s3,0,0,False,False,False
9.1.2.3-c6,9.1.2.3-c6-s3,9.1.2.3-c6-s4,0,0,False,False,False
9.1.2.4-c1,9.1.2.4-c1-s1,9.1.2.4-c1-s2,0,0,False,False,False
9.2-c2,9.2-c2-s1,9.2-c2-s2,0,0,False,False,True
9.2-c2,9.2-c2-s2,9.2-c2-s3,0,0,False,False,True
9.2-c2,9.2-c2-s3,9.2-c2-s4,0,0,False,False,True
9.2-c2,9.2-c2-s4,9.2-c2-s5,0,0,False,False,True
9.2.2-c1,9.2.2-c1-s1,9.2.2-c1-s2,0,0,False,False,False
9.2.2-c1,9.2.2-c1-s2,9.2.2-c1-s3,0,0,False,False,False
9.2.2-c1,9.2.2-c1-s3,9.2.2-c1-s4,0,0,False,False,False
9.3.2-c1,9.3.2-c1-s1,9.3.2-c1-s2,0,0,False,False,False
9.3.2-c1,9.3.2-c1-s2,9.3.2-c1-s3,0,0,False,False,False
9.3.2-c1,9.3.2-c1-s3,9.3.2-c1-s4,0,0,False,False,False
9.4-c5,9.4-c5-s1,9.4-c5-s2,0,0,False,False,False
9.4-c5,9.4-c5-s2,9.4-c5-s3,0,0,False,False,False
9.4-c5,9.4-c5-s3,9.4-c5-s4,0,0,False,False,False
9.4-c7,9.4-c7-s1,9.4-c7-s2,0,0,False,False,False
9.4-c7,9.4-c7-s2,9.4-c7-s3,0,0,False,False,False
9.4-c7,9.4-c7-s3,9.4-c7-s4,0,0,False,False,False
10.1-c2,10.1-c2-s1,10.1-c2-s2,0,0,False,False,False
10.1-c2,10.1-c2-s2,10.1-c2-s3,0,0,False,False,False
10.1-c4,10.1-c4-s1,10.1-c4-s2,0,0,False,False,True
10.1-c4,10.1-c4-s2,10.1-c4-s3,0,0,False,False,True
10.1-c4,10.1-c4-s3,10.1-c4-s4,0,0,False,False,True
10.1-c4,10.1-c4-s4,10.1-c4-s5,0,0,False,False,True
10.1-c4,10.1-c4-s5,10.1-c4-s6,0,0,False,False,True
10.2.1-c2,10.2.1-c2-s1,10.2.1-c2-s2,0,0,False,False,False
10.2.1-c5,10.2.1-c5-s1,10.2.1-c5-s2,0,0,False,False,True
10.2.1-c6,10.2.1-c6-s1,10.2.1-c6-s2,0,0,False,False,True
11-c1,11-c1-s1,11-c1-s2,0,0,False,False,True
11-c1,11-c1-s2,11-c1-s3,0,0,False,False,True
11-c1,11-c1-s3,11-c1-s4,0,0,False,False,True
11-c1,11-c1-s4,11-c1-s5,0,0,False,False,True
11-c2,11-c2-s1,11-c2-s2,0,0,False,False,True
11-c3,11-c3-s1,11-c3-s2,0,0,False,False,True
11-c3,11-c3-s2,11-c3-s3,0,0,False,False,True
11-c3,11-c3-s3,11-c3-s4,0,0,False,False,True
11.1-c9,11.1-c9-s1,11.1-c9-s2,0,0,False,False,True
11.1-c10,11.1-c10-s1,11.1-c10-s2,0,0,False,False,False
11.3-c1,11.3-c1-s1,11.3-c1-s2,0,0,False,False,True
B7.3.3A-c1,B7.3.3A-c1-s1,B7.3.3A-c1-s2,0,0,False,False,False
