variant,id,section_id,words,characters,content_tokens,tokens_with_specials,over_model_limit,n_children
child,1.1-c1-s1,1.1,238,1459,293,295,True,1
child,1.1-c1-s2,1.1,398,2337,499,501,True,1
child,1.2-c1-s1,1.2,321,1822,504,506,True,1
child,1.2-c2-s1,1.2,3,18,8,10,False,1
child,1.2-c2-s2,1.2,386,2229,502,504,True,1
child,1.2-c2-s3,1.2,123,680,154,156,False,1
child,1.2-c2-s4,1.2,5,26,6,8,False,1
child,1.2.1-c1-s1,1.2.1,361,2047,467,469,True,1
child,1.2.1-c2-s1,1.2.1,126,731,147,149,False,1
child,1.2.1-c3-s1,1.2.1,207,1113,236,238,False,1
child,1.2.1-c4-s1,1.2.1,79,440,104,106,False,1
child,1.3-c1-s1,1.3,232,1314,310,312,True,1
child,1.3.1-c1-s1,1.3.1,245,1348,284,286,True,1
child,1.4-c1-s1,1.4,288,1514,430,432,True,1
child,1.4-c2-s1,1.4,263,1375,378,380,True,1
child,1.4-c2-s2,1.4,95,561,145,147,False,1
child,1.4-c2-s3,1.4,283,1469,408,410,True,1
child,1.4-c3-s1,1.4,144,762,191,193,False,1
child,1.4.1-c1-s1,1.4.1,145,758,173,175,False,1
child,1.4.1-c2-s1,1.4.1,272,1519,355,357,True,1
child,1.4.1-c2-s2,1.4.1,330,1741,388,390,True,1
child,1.5-c1-s1,1.5,204,1161,324,326,True,1
child,1.5-c1-s2,1.5,351,2005,492,494,True,1
child,1.5-c1-s3,1.5,31,166,42,44,False,1
child,1.5-c1-s4,1.5,258,1360,377,379,True,1
child,1.5-c2-s1,1.5,249,1410,383,385,True,1
child,1.5-c3-s1,1.5,332,1816,447,449,True,1
child,1.5-c4-s1,1.5,255,1458,317,319,True,1
child,1.5-c5-s1,1.5,299,1657,385,387,True,1
child,1.5-c6-s1,1.5,265,1467,367,369,True,1
child,1.5-c7-s1,1.5,3,22,6,8,False,1
child,1.5-c7-s2,1.5,277,1519,419,421,True,1
child,1.5-c7-s3,1.5,341,1946,486,488,True,1
child,1.5-c8-s1,1.5,329,1831,416,418,True,1
child,1.5.1-c1-s1,1.5.1,9,51,18,20,False,1
child,1.5.1-c1-s2,1.5.1,396,2171,474,476,True,1
child,1.5.1-c1-s3,1.5.1,81,499,103,105,False,1
child,1.5.1-c2-s1,1.5.1,120,684,146,148,False,1
child,1.5.1-c3-s1,1.5.1,424,2477,499,501,True,1
child,1.5.1-c3-s2,1.5.1,187,1043,223,225,False,1
child,1.5.1-c4-s1,1.5.1,227,1343,263,265,True,1
child,1.5.1-c5-s1,1.5.1,436,2491,513,515,True,1
child,1.5.1-c5-s2,1.5.1,194,1069,222,224,False,1
child,1.5.1-c6-s1,1.5.1,71,424,81,83,False,1
child,1.6-c1-s1,1.6,4,25,6,8,False,1
child,1.6-c1-s2,1.6,326,1763,455,457,True,1
child,1.6-c1-s3,1.6,227,1371,360,362,True,1
child,1.6-c1-s4,1.6,5,28,6,8,False,1
child,1.6.1-c1-s1,1.6.1,408,2335,474,476,True,1
child,1.7-c1-s1,1.7,130,712,200,202,False,1
child,1.7-c2-s1,1.7,169,934,267,269,True,1
child,1.7-c2-s2,1.7,190,972,347,349,True,1
child,1.7-c2-s3,1.7,271,1484,399,401,True,1
child,1.7-c2-s4,1.7,254,1446,370,372,True,1
child,1.7-c2-s5,1.7,290,1680,426,428,True,1
child,1.7-c3-s1,1.7,312,1714,468,470,True,1
child,1.7-c3-s2,1.7,307,1679,482,484,True,1
child,1.7-c3-s3,1.7,213,1265,264,266,True,1
child,1.7-c3-s4,1.7,6,39,9,11,False,1
child,1.7-c3-s5,1.7,329,1932,476,478,True,1
child,1.7-c3-s6,1.7,123,681,224,226,False,1
child,1.7-c4-s1,1.7,6,39,8,10,False,1
child,1.7-c4-s2,1.7,338,1845,485,487,True,1
child,1.7-c4-s3,1.7,202,1164,263,265,True,1
child,1.7-c4-s4,1.7,226,1293,366,368,True,1
child,1.7-c4-s5,1.7,291,1629,417,419,True,1
child,1.7-c4-s6,1.7,124,704,190,192,False,1
child,1.7-c4-s7,1.7,299,1684,492,494,True,1
child,1.7-c4-s8,1.7,135,777,196,198,False,1
child,1.7-c4-s9,1.7,389,2190,522,524,True,1
child,1.7-c4-s10,1.7,253,1428,390,392,True,1
child,1.7-c4-s11,1.7,296,1651,418,420,True,1
child,1.7-c4-s12,1.7,12,78,26,28,False,1
child,1.7-c4-s13,1.7,385,2118,506,508,True,1
child,1.7-c4-s14,1.7,161,916,213,215,False,1
child,1.7-c4-s15,1.7,3,17,3,5,False,1
child,1.7-c4-s16,1.7,345,1960,493,495,True,1
child,1.7-c4-s17,1.7,15,100,22,24,False,1
child,1.7-c4-s18,1.7,221,1221,400,402,True,1
child,1.7-c4-s19,1.7,336,1953,466,468,True,1
child,1.7-c4-s20,1.7,317,1802,422,424,True,1
child,1.7-c4-s21,1.7,119,677,193,195,False,1
child,1.7-c4-s22,1.7,244,1381,358,360,True,1
child,1.7.1-c1-s1,1.7.1,405,2391,505,507,True,1
child,1.7.1-c1-s2,1.7.1,87,471,99,101,False,1
child,1.8-c1-s1,1.8,319,1749,491,493,True,1
child,1.8-c2-s1,1.8,233,1182,365,367,True,1
child,1.8-c2-s2,1.8,181,904,248,250,False,1
child,1.8-c2-s3,1.8,268,1463,370,372,True,1
child,1.8-c2-s4,1.8,288,1789,384,386,True,1
child,1.8-c3-s1,1.8,134,818,201,203,False,1
child,1.8.1-c1-s1,1.8.1,186,1117,233,235,False,1
child,1.8.2-c1-s1,1.8.2,205,1201,246,248,False,1
child,1.9-c1-s1,1.9,214,1270,294,296,True,1
child,1.9.1-c1-s1,1.9.1,323,1915,405,407,True,1
child,1.10-c1-s1,1.10,8,49,11,13,False,1
child,1.10-c1-s2,1.10,386,2223,472,474,True,1
child,1.10-c1-s3,1.10,390,2195,475,477,True,1
child,1.10-c1-s4,1.10,113,650,179,181,False,1
child,1.10-c2-s1,1.10,302,1729,433,435,True,1
child,1.10-c2-s2,1.10,224,1218,287,289,True,1
child,1.10-c2-s3,1.10,192,1071,261,263,True,1
child,1.10-c2-s4,1.10,287,1498,444,446,True,1
child,1.10-c2-s5,1.10,342,1967,466,468,True,1
child,1.10-c3-s1,1.10,96,557,131,133,False,1
child,1.10.1-c1-s1,1.10.1,89,520,113,115,False,1
child,1.10.1-c2-s1,1.10.1,166,892,186,188,False,1
child,1.10.1-c3-s1,1.10.1,66,377,87,89,False,1
child,1.10.1-c4-s1,1.10.1,261,1328,291,293,True,1
child,1.10.1-c5-s1,1.10.1,35,206,46,48,False,1
child,1.11-c1-s1,1.11,20,160,37,39,False,1
child,1.11-c2-s1,1.11,136,712,159,161,False,1
child,1.11-c3-s1,1.11,272,1519,355,357,True,1
child,1.11-c3-s2,1.11,325,1714,382,384,True,1
child,1.11-c4-s1,1.11,395,2149,464,466,True,1
child,1.11-c4-s2,1.11,81,494,99,101,False,1
child,1.11-c5-s1,1.11,121,680,141,143,False,1
child,1.11-c6-s1,1.11,424,2474,497,499,True,1
child,1.11-c6-s2,1.11,187,1043,223,225,False,1
child,1.11-c7-s1,1.11,227,1346,266,268,True,1
child,1.11-c8-s1,1.11,435,2488,518,520,True,1
child,1.11-c8-s2,1.11,194,1069,222,224,False,1
child,1.11-c8-s3,1.11,71,424,81,83,False,1
child,1.11-c9-s1,1.11,401,2290,462,464,True,1
child,1.11-c10-s1,1.11,403,2378,499,501,True,1
child,1.11-c10-s2,1.11,82,444,92,94,False,1
child,1.11-c11-s1,1.11,191,1152,239,241,False,1
child,1.11-c12-s1,1.11,210,1243,254,256,False,1
child,1.11-c13-s1,1.11,300,1783,395,397,True,1
child,1.11-c14-s1,1.11,319,1783,380,382,True,1
child,1.11-c15-s1,1.11,296,1537,339,341,True,1
child,2.1-c1-s1,2.1,241,1384,332,334,True,1
child,2.1-c2-s1,2.1,308,1668,379,381,True,1
child,2.1-c2-s2,2.1,146,844,185,187,False,1
child,2.1-c3-s1,2.1,88,467,121,123,False,1
child,2.1-c4-s1,2.1,123,670,165,167,False,1
child,2.1-c5-s1,2.1,138,795,202,204,False,1
child,2.1-c6-s1,2.1,297,1569,372,374,True,1
child,2.1.1-c1-s1,2.1.1,308,1913,414,416,True,1
child,2.2-c1-s1,2.2,332,1948,471,473,True,1
child,2.2-c2-s1,2.2,196,1041,282,284,True,1
child,2.2-c3-s1,2.2,49,294,56,58,False,1
child,2.2-c4-s1,2.2,14,76,16,18,False,1
child,2.2-c4-s2,2.2,288,1589,414,416,True,1
child,2.2-c4-s3,2.2,360,2036,492,494,True,1
child,2.2-c4-s4,2.2,7,61,16,18,False,1
child,2.2-c4-s5,2.2,329,1897,529,531,True,1
child,2.2-c4-s6,2.2,334,1884,509,511,True,1
child,2.2-c4-s7,2.2,239,1371,330,332,True,1
child,2.2-c4-s8,2.2,210,1179,298,300,True,1
child,2.2-c4-s9,2.2,326,1830,454,456,True,1
child,2.2-c4-s10,2.2,150,835,202,204,False,1
child,2.2-c4-s11,2.2,8,51,13,15,False,1
child,2.2-c4-s12,2.2,359,2023,487,489,True,1
child,2.2-c4-s13,2.2,112,666,161,163,False,1
child,2.2-c4-s14,2.2,10,66,14,16,False,1
child,2.2-c4-s15,2.2,253,1384,355,357,True,1
child,2.2-c4-s16,2.2,157,886,221,223,False,1
child,2.2-c4-s17,2.2,314,1842,420,422,True,1
child,2.2-c5-s1,2.2,248,1499,318,320,True,1
child,2.2.1-c1-s1,2.2.1,77,477,116,118,False,1
child,2.2.2-c1-s1,2.2.2,253,1420,307,309,True,1
child,2.2.3-c1-s1,2.2.3,186,1035,246,248,False,1
child,2.3.1-c1-s1,2.3.1,139,881,194,196,False,1
child,2.3.1-c1-s2,2.3.1,315,1826,498,500,True,1
child,2.3.1-c1-s3,2.3.1,217,1339,297,299,True,1
child,2.3.1-c2-s1,2.3.1,185,1150,224,226,False,1
child,2.3.1-c3-s1,2.3.1,408,2483,497,499,True,1
child,2.3.1.1-c1-s1,2.3.1.1,149,927,202,204,False,1
child,2.3.1.2-c1-s1,2.3.1.2,106,678,131,133,False,1
child,2.3.2-c1-s1,2.3.2,115,724,170,172,False,1
child,2.3.2-c2-s1,2.3.2,214,1321,279,281,True,1
child,2.3.2.1-c1-s1,2.3.2.1,236,1450,321,323,True,1
child,2.3.3-c1-s1,2.3.3,156,990,220,222,False,1
child,2.3.3-c2-s1,2.3.3,263,1569,401,403,True,1
child,2.3.3-c2-s2,2.3.3,226,1298,344,346,True,1
child,2.3.3-c2-s3,2.3.3,296,1657,397,399,True,1
child,2.3.3-c2-s4,2.3.3,344,1996,510,512,True,1
child,2.3.3-c3-s1,2.3.3,189,1105,244,246,False,1
child,2.3.3-c3-s2,2.3.3,269,1561,352,354,True,1
child,2.3.3-c3-s3,2.3.3,243,1448,295,297,True,1
child,2.3.3-c4-s1,2.3.3,204,1286,266,268,True,1
child,2.3.3.1-c1-s1,2.3.3.1,214,1333,279,281,True,1
child,2.3.3.2-c1-s1,2.3.3.2,176,993,224,226,False,1
child,2.3.3.3-c1-s1,2.3.3.3,104,608,141,143,False,1
child,2.3.4-c1-s1,2.3.4,279,1628,320,322,True,1
child,2.3.4.1-c1-s1,2.3.4.1,187,1032,224,226,False,1
child,2.4-c1-s1,2.4,145,926,191,193,False,1
child,2.4-c1-s2,2.4,363,2124,473,475,True,1
child,2.4-c1-s3,2.4,93,511,124,126,False,1
child,2.4-c1-s4,2.4,64,404,86,88,False,1
child,2.4.1-c1-s1,2.4.1,288,1625,343,345,True,1
child,2.5-c1-s1,2.5,281,1681,348,350,True,1
child,2.5-c1-s2,2.5,219,1274,273,275,True,1
child,2.5-c2-s1,2.5,163,965,219,221,False,1
child,2.5.1-c1-s1,2.5.1,354,2135,448,450,True,1
child,2.5.1-c1-s2,2.5.1,48,319,89,91,False,1
child,2.5.2-c1-s1,2.5.2,395,2183,446,448,True,1
child,2.5.2-c1-s2,2.5.2,172,953,194,196,False,1
child,2.5.2-c1-s3,2.5.2,132,754,155,157,False,1
child,3.1-c1-s1,3.1,343,2140,424,426,True,1
child,3.1-c2-s1,3.1,172,1013,197,199,False,1
child,3.1-c2-s2,3.1,401,2426,487,489,True,1
child,3.1-c2-s3,3.1,299,1788,368,370,True,1
child,3.1-c2-s4,3.1,8,55,9,11,False,1
child,3.1-c2-s5,3.1,391,2326,499,501,True,1
child,3.1-c2-s6,3.1,59,333,75,77,False,1
child,3.1-c2-s7,3.1,138,799,191,193,False,1
child,3.1-c2-s8,3.1,304,1743,465,467,True,1
child,3.1-c2-s9,3.1,343,1882,480,482,True,1
child,3.1-c2-s10,3.1,304,1693,410,412,True,1
child,3.1-c3-s1,3.1,304,1852,392,394,True,1
child,3.1-c3-s2,3.1,281,1704,332,334,True,1
child,3.1-c3-s3,3.1,330,1903,450,452,True,1
child,3.2-c1-s1,3.2,6,34,8,10,False,1
child,3.2-c1-s2,3.2,304,1611,423,425,True,1
child,3.2-c1-s3,3.2,312,1815,435,437,True,1
child,3.2-c1-s4,3.2,5,30,6,8,False,1
child,3.2.1-c1-s1,3.2.1,283,1561,323,325,True,1
child,3.3.1-c1-s1,3.3.1,208,1106,269,271,True,1
child,3.3.1-c2-s1,3.3.1,190,966,209,211,False,1
child,3.3.1-c3-s1,3.3.1,78,428,89,91,False,1
child,3.4.1-c1-s1,3.4.1,303,1781,393,395,True,1
child,3.4.1-c2-s1,3.4.1,237,1330,282,284,True,1
child,3.5.1-c1-s1,3.5.1,431,2453,506,508,True,1
child,3.5.1-c1-s2,3.5.1,25,151,33,35,False,1
child,3.5.1-c1-s3,3.5.1,77,518,131,133,False,1
child,3.6-c1-s1,3.6,242,1402,367,369,True,1
child,3.6-c2-s1,3.6,209,1263,315,317,True,1
child,3.6-c3-s1,3.6,235,1367,382,384,True,1
child,3.6-c3-s2,3.6,274,1577,415,417,True,1
child,3.6-c3-s3,3.6,73,445,107,109,False,1
child,3.6-c3-s4,3.6,347,1985,493,495,True,1
child,3.6-c3-s5,3.6,55,300,79,81,False,1
child,3.6-c3-s6,3.6,6,37,10,12,False,1
child,3.6-c3-s7,3.6,314,1867,434,436,True,1
child,3.6-c3-s8,3.6,90,529,117,119,False,1
child,3.6-c3-s9,3.6,149,882,198,200,False,1
child,3.6-c3-s10,3.6,289,1574,469,471,True,1
child,3.6-c3-s11,3.6,134,717,207,209,False,1
child,3.6-c3-s12,3.6,318,1854,422,424,True,1
child,3.6-c3-s13,3.6,343,1981,471,473,True,1
child,3.6-c3-s14,3.6,329,1981,449,451,True,1
child,3.6-c3-s15,3.6,313,1809,412,414,True,1
child,3.6-c4-s1,3.6,9,47,11,13,False,1
child,3.6-c4-s2,3.6,355,2056,498,500,True,1
child,3.6-c4-s3,3.6,335,1922,492,494,True,1
child,3.6-c4-s4,3.6,285,1636,360,362,True,1
child,3.6-c5-s1,3.6,173,1042,240,242,False,1
child,3.6.1-c1-s1,3.6.1,330,1914,412,414,True,1
child,3.6.1-c1-s2,3.6.1,165,956,201,203,False,1
child,3.6.2-c1-s1,3.6.2,121,766,153,155,False,1
child,3.7.1-c1-s1,3.7.1,423,2470,521,523,True,1
child,3.7.1-c1-s2,3.7.1,5,28,7,9,False,1
child,3.7.2-c1-s1,3.7.2,181,1035,228,230,False,1
child,3.7.3-c1-s1,3.7.3,288,1701,383,385,True,1
child,3.8.1-c1-s1,3.8.1,307,1796,374,376,True,1
child,3.8.2-c1-s1,3.8.2,400,2286,485,487,True,1
child,3.9-c1-s1,3.9,144,777,196,198,False,1
child,3.9-c1-s2,3.9,215,1221,321,323,True,1
child,3.9-c1-s3,3.9,289,1472,432,434,True,1
child,3.9-c1-s4,3.9,252,1472,344,346,True,1
child,3.9-c1-s5,3.9,4,29,5,7,False,1
child,3.9-c1-s6,3.9,371,2093,501,503,True,1
child,3.9-c1-s7,3.9,326,1763,484,486,True,1
child,3.9-c1-s8,3.9,250,1354,382,384,True,1
child,3.9-c1-s9,3.9,9,44,10,12,False,1
child,3.9-c1-s10,3.9,269,1521,381,383,True,1
child,3.9-c1-s11,3.9,90,480,134,136,False,1
child,3.9-c1-s12,3.9,322,1839,445,447,True,1
child,3.9-c1-s13,3.9,91,474,141,143,False,1
child,3.9-c1-s14,3.9,265,1512,372,374,True,1
child,3.9-c1-s15,3.9,266,1444,359,361,True,1
child,3.9-c1-s16,3.9,6,34,8,10,False,1
child,3.9-c1-s17,3.9,320,1765,471,473,True,1
child,3.9-c1-s18,3.9,337,1966,502,504,True,1
child,3.9-c1-s19,3.9,361,2081,510,512,True,1
child,3.9-c1-s20,3.9,152,851,230,232,False,1
child,3.9-c2-s1,3.9,6,46,7,9,False,1
child,3.9-c2-s2,3.9,381,2303,479,481,True,1
child,3.9-c2-s3,3.9,164,979,224,226,False,1
child,3.9-c3-s1,3.9,3,18,5,7,False,1
child,3.9-c3-s2,3.9,417,2407,537,539,True,1
child,3.9-c3-s3,3.9,35,227,51,53,False,1
child,3.9-c4-s1,3.9,225,1363,274,276,True,1
child,3.9-c5-s1,3.9,69,404,104,106,False,1
child,3.9-c5-s2,3.9,240,1325,402,404,True,1
child,3.9-c5-s3,3.9,274,1523,409,411,True,1
child,3.9-c5-s4,3.9,204,1106,332,334,True,1
child,3.9-c6-s1,3.9,2,14,5,7,False,1
child,3.9-c6-s2,3.9,308,1763,408,410,True,1
child,3.9-c6-s3,3.9,149,786,236,238,False,1
child,3.9-c6-s4,3.9,5,29,7,9,False,1
child,3.9.1-c1-s1,3.9.1,262,1463,307,309,True,1
child,3.10-c1-s1,3.10,110,758,197,199,False,1
child,3.10-c1-s2,3.10,333,1923,480,482,True,1
child,3.10-c1-s3,3.10,84,469,128,130,False,1
child,3.10-c2-s1,3.10,370,2144,457,459,True,1
child,3.10-c2-s2,3.10,139,808,161,163,False,1
child,3.10-c2-s3,3.10,348,2147,444,446,True,1
child,3.10-c2-s4,3.10,232,1256,368,370,True,1
child,3.10-c2-s5,3.10,265,1356,447,449,True,1
child,3.10-c2-s6,3.10,12,72,17,19,False,1
child,3.10-c2-s7,3.10,326,1742,452,454,True,1
child,3.10-c2-s8,3.10,84,455,127,129,False,1
child,3.10-c2-s9,3.10,352,1999,453,455,True,1
child,3.10-c2-s10,3.10,318,1673,475,477,True,1
child,3.10-c2-s11,3.10,156,859,209,211,False,1
child,3.10-c2-s12,3.10,273,1437,398,400,True,1
child,3.10-c2-s13,3.10,312,1817,403,405,True,1
child,3.10-c3-s1,3.10,6,44,8,10,False,1
child,3.10-c3-s2,3.10,307,1727,405,407,True,1
child,3.10-c3-s3,3.10,318,1822,432,434,True,1
child,3.10-c4-s1,3.10,5,40,7,9,False,1
child,3.10-c4-s2,3.10,375,2097,492,494,True,1
child,3.10-c4-s3,3.10,77,423,98,100,False,1
child,3.10-c4-s4,3.10,205,1171,276,278,True,1
child,3.11-c1-s1,3.11,37,206,56,58,False,1
child,3.11-c2-s1,3.11,40,231,65,67,False,1
child,3.11-c3-s1,3.11,130,701,183,185,False,1
child,3.11-c3-s2,3.11,382,2230,546,548,True,1
child,3.11-c3-s3,3.11,85,463,142,144,False,1
child,3.11-c4-s1,3.11,4,25,5,7,False,1
child,3.11-c4-s2,3.11,275,1426,366,368,True,1
child,3.11-c4-s3,3.11,268,1493,367,369,True,1
child,3.11-c4-s4,3.11,377,2201,515,517,True,1
child,3.11-c4-s5,3.11,267,1486,345,347,True,1
child,3.11.1-c1-s1,3.11.1,279,1587,357,359,True,1
child,3.11.2-c1-s1,3.11.2,255,1616,355,357,True,1
child,3.11.3-c1-s1,3.11.3,306,1873,401,403,True,1
child,3.11.4-c1-s1,3.11.4,315,1851,400,402,True,1
child,3.12-c1-s1,3.12,355,1933,474,476,True,1
child,3.12-c1-s2,3.12,257,1494,322,324,True,1
child,3.12.1-c1-s1,3.12.1,148,821,197,199,False,1
child,3.12.2-c1-s1,3.12.2,140,806,179,181,False,1
child,3.12.3-c1-s1,3.12.3,161,963,212,214,False,1
child,3.12.4-c1-s1,3.12.4,165,999,220,222,False,1
child,3.13-c1-s1,3.13,187,1158,230,232,False,1
child,3.13-c2-s1,3.13,363,2101,481,483,True,1
child,3.13-c3-s1,3.13,269,1492,339,341,True,1
child,3.13-c3-s2,3.13,346,2003,450,452,True,1
child,3.13-c3-s3,3.13,250,1456,341,343,True,1
child,3.13-c3-s4,3.13,6,49,9,11,False,1
child,3.13-c3-s5,3.13,374,2134,481,483,True,1
child,3.13-c3-s6,3.13,116,665,164,166,False,1
child,3.13-c3-s7,3.13,5,27,7,9,False,1
child,3.13.1-c1-s1,3.13.1,429,2362,487,489,True,1
child,3.13.2-c1-s1,3.13.2,166,879,201,203,False,1
child,3.14.1-c1-s1,3.14.1,258,1654,382,384,True,1
child,3.14.1-c1-s2,3.14.1,235,1415,275,277,True,1
child,3.14.2-c1-s1,3.14.2,232,1423,315,317,True,1
child,3.15.1-c1-s1,3.15.1,171,941,202,204,False,1
child,3.15.1-c2-s1,3.15.1,92,504,113,115,False,1
child,3.15.1-c3-s1,3.15.1,60,325,77,79,False,1
child,3.16-c1-s1,3.16,310,1741,374,376,True,1
child,3.16-c2-s1,3.16,126,665,167,169,False,1
child,3.16-c3-s1,3.16,190,966,209,211,False,1
child,3.16-c4-s1,3.16,73,401,83,85,False,1
child,3.16-c5-s1,3.16,375,2175,475,477,True,1
child,3.16-c5-s2,3.16,71,396,81,83,False,1
child,3.16-c6-s1,3.16,344,1986,421,423,True,1
child,3.16-c6-s2,3.16,160,929,195,197,False,1
child,3.16-c7-s1,3.16,410,2339,489,491,True,1
child,3.16-c7-s2,3.16,61,418,102,104,False,1
child,3.16-c8-s1,3.16,343,2012,418,420,True,1
child,3.16-c9-s1,3.16,100,638,141,143,False,1
child,3.16-c10-s1,3.16,291,1739,395,397,True,1
child,3.16-c11-s1,3.16,253,1473,306,308,True,1
child,3.16-c12-s1,3.16,346,1968,417,419,True,1
child,3.16-c13-s1,3.16,246,1369,282,284,True,1
child,3.16-c14-s1,3.16,277,1523,344,346,True,1
child,3.16-c15-s1,3.16,243,1541,340,342,True,1
child,3.16-c16-s1,3.16,294,1800,388,390,True,1
child,3.16-c17-s1,3.16,313,1814,397,399,True,1
child,3.16-c18-s1,3.16,141,785,186,188,False,1
child,3.16-c19-s1,3.16,167,1011,219,221,False,1
child,3.16-c20-s1,3.16,170,1043,226,228,False,1
child,3.16-c21-s1,3.16,321,1765,387,389,True,1
child,4.1-c1-s1,4.1,244,1537,345,347,True,1
child,4.1-c2-s1,4.1,325,1852,379,381,True,1
child,4.1-c3-s1,4.1,348,2062,481,483,True,1
child,4.1-c3-s2,4.1,292,1643,382,384,True,1
child,4.1-c4-s1,4.1,109,623,147,149,False,1
child,4.1-c5-s1,4.1,111,629,136,138,False,1
child,4.1-c6-s1,4.1,95,530,111,113,False,1
child,4.1-c6-s2,4.1,362,2097,456,458,True,1
child,4.1-c6-s3,4.1,304,1760,399,401,True,1
child,4.1-c6-s4,4.1,9,55,10,12,False,1
child,4.1-c6-s5,4.1,325,1776,441,443,True,1
child,4.1-c6-s6,4.1,82,454,99,101,False,1
child,4.1-c7-s1,4.1,286,1696,351,353,True,1
child,4.1.1-c1-s1,4.1.1,344,2032,481,483,True,1
child,4.1.2-c1-s1,4.1.2,174,970,213,215,False,1
child,4.2-c1-s1,4.2,145,923,200,202,False,1
child,4.2-c2-s1,4.2,231,1357,309,311,True,1
child,4.2-c2-s2,4.2,153,1059,205,207,False,1
child,4.2-c3-s1,4.2,314,1803,407,409,True,1
child,4.2-c4-s1,4.2,245,1403,323,325,True,1
child,4.2-c4-s2,4.2,256,1470,351,353,True,1
child,4.2-c4-s3,4.2,199,1202,276,278,True,1
child,4.2-c4-s4,4.2,277,1583,424,426,True,1
child,4.2-c4-s5,4.2,88,498,120,122,False,1
child,4.2-c5-s1,4.2,47,319,82,84,False,1
child,4.2.1-c1-s1,4.2.1,360,2276,424,426,True,1
child,4.3-c1-s1,4.3,109,653,159,161,False,1
child,4.3-c2-s1,4.3,132,777,196,198,False,1
child,4.3-c2-s2,4.3,294,1533,453,455,True,1
child,4.3-c2-s3,4.3,295,1720,441,443,True,1
child,4.3-c2-s4,4.3,59,337,86,88,False,1
child,4.3-c2-s5,4.3,334,1899,474,476,True,1
child,4.3-c2-s6,4.3,171,964,264,266,True,1
child,4.3-c2-s7,4.3,9,54,10,12,False,1
child,4.3-c2-s8,4.3,340,1886,497,499,True,1
child,4.3-c2-s9,4.3,350,1981,492,494,True,1
child,4.3-c2-s10,4.3,147,797,196,198,False,1
child,4.3-c3-s1,4.3,347,2070,502,504,True,1
child,4.3-c3-s2,4.3,363,2013,504,506,True,1
child,4.3.1-c1-s1,4.3.1,122,758,160,162,False,1
child,4.3.1-c1-s2,4.3.1,414,2339,524,526,True,1
child,4.3.2-c1-s1,4.3.2,156,942,199,201,False,1
child,4.3.2-c1-s2,4.3.2,354,1989,455,457,True,1
child,4.3.2-c1-s3,4.3.2,99,576,123,125,False,1
child,4.3.3-c1-s1,4.3.3,212,1225,281,283,True,1
child,4.4-c1-s1,4.4,346,2117,457,459,True,1
child,4.4-c2-s1,4.4,263,1429,388,390,True,1
child,4.4-c3-s1,4.4,10,55,14,16,False,1
child,4.4-c3-s2,4.4,306,1633,484,486,True,1
child,4.4-c3-s3,4.4,233,1323,321,323,True,1
child,4.4-c3-s4,4.4,362,1994,481,483,True,1
child,4.4-c4-s1,4.4,371,2175,450,452,True,1
child,4.4-c4-s2,4.4,357,2002,509,511,True,1
child,4.4-c4-s3,4.4,268,1545,368,370,True,1
child,4.4-c4-s4,4.4,100,579,121,123,False,1
child,4.4-c5-s1,4.4,186,1059,261,263,True,1
child,4.4-c5-s2,4.4,248,1391,352,354,True,1
child,4.4-c5-s3,4.4,372,2203,453,455,True,1
child,4.4-c5-s4,4.4,214,1214,264,266,True,1
child,4.4-c5-s5,4.4,359,2024,429,431,True,1
child,4.4.1-c1-s1,4.4.1,164,979,223,225,False,1
child,4.4.2-c1-s1,4.4.2,158,897,200,202,False,1
child,4.5-c1-s1,4.5,77,475,106,108,False,1
child,4.5-c2-s1,4.5,217,1197,321,323,True,1
child,4.5-c3-s1,4.5,77,494,116,118,False,1
child,4.5-c4-s1,4.5,49,273,59,61,False,1
child,4.5-c5-s1,4.5,264,1454,366,368,True,1
child,4.5-c5-s2,4.5,292,1673,407,409,True,1
child,4.5-c5-s3,4.5,299,1653,419,421,True,1
child,4.5-c5-s4,4.5,53,297,80,82,False,1
child,4.5-c5-s5,4.5,6,33,9,11,False,1
child,4.5-c5-s6,4.5,255,1349,402,404,True,1
child,4.5-c5-s7,4.5,326,1874,419,421,True,1
child,4.5-c5-s8,4.5,251,1401,344,346,True,1
child,4.5-c5-s9,4.5,85,446,149,151,False,1
child,4.5-c6-s1,4.5,226,1249,311,313,True,1
child,4.5-c7-s1,4.5,375,2055,508,510,True,1
child,4.5-c7-s2,4.5,208,1129,282,284,True,1
child,4.5-c7-s3,4.5,203,1238,264,266,True,1
child,4.5-c7-s4,4.5,181,979,260,262,True,1
child,4.5-c8-s1,4.5,232,1337,301,303,True,1
child,4.5-c9-s1,4.5,68,368,93,95,False,1
child,4.5.1-c1-s1,4.5.1,225,1411,348,350,True,1
child,4.5.1-c1-s2,4.5.1,297,1756,409,411,True,1
child,4.5.1-c2-s1,4.5.1,269,1726,384,386,True,1
child,4.5.2-c1-s1,4.5.2,280,1640,397,399,True,1
child,4.5.2-c1-s2,4.5.2,175,1047,245,247,False,1
child,4.6-c1-s1,4.6,318,1879,451,453,True,1
child,4.6-c1-s2,4.6,331,1941,466,468,True,1
child,4.6-c2-s1,4.6,100,594,127,129,False,1
child,4.6-c2-s2,4.6,355,2147,460,462,True,1
child,4.6-c3-s1,4.6,3,20,6,8,False,1
child,4.6-c3-s2,4.6,295,1574,403,405,True,1
child,4.6-c3-s3,4.6,218,1152,312,314,True,1
child,4.6-c3-s4,4.6,111,619,143,145,False,1
child,4.6-c3-s5,4.6,329,1856,502,504,True,1
child,4.6-c3-s6,4.6,236,1266,328,330,True,1
child,4.6-c4-s1,4.6,229,1285,397,399,True,1
child,4.6-c4-s2,4.6,323,1882,435,437,True,1
child,4.6-c4-s3,4.6,239,1416,340,342,True,1
child,4.6-c4-s4,4.6,6,49,10,12,False,1
child,4.6-c4-s5,4.6,323,1996,465,467,True,1
child,4.6-c4-s6,4.6,68,430,100,102,False,1
child,4.6-c4-s7,4.6,200,1211,252,254,False,1
child,4.6-c4-s8,4.6,300,1632,444,446,True,1
child,4.6-c4-s9,4.6,372,2174,518,520,True,1
child,4.6-c4-s10,4.6,116,652,150,152,False,1
child,4.6-c5-s1,4.6,92,569,118,120,False,1
child,4.6-c6-s1,4.6,250,1437,326,328,True,1
child,4.6-c6-s2,4.6,283,1685,403,405,True,1
child,4.6-c6-s3,4.6,221,1217,291,293,True,1
child,4.6-c6-s4,4.6,7,36,8,10,False,1
child,4.6-c6-s5,4.6,361,2079,480,482,True,1
child,4.6-c6-s6,4.6,290,1658,427,429,True,1
child,4.6-c6-s7,4.6,180,1002,248,250,False,1
child,4.6-c6-s8,4.6,5,34,7,9,False,1
child,4.6-c6-s9,4.6,348,2149,462,464,True,1
child,4.6-c6-s10,4.6,294,1690,451,453,True,1
child,4.6-c6-s11,4.6,240,1397,389,391,True,1
child,4.6-c6-s12,4.6,211,1233,323,325,True,1
child,4.6-c6-s13,4.6,220,1182,344,346,True,1
child,4.6-c7-s1,4.6,124,675,145,147,False,1
child,4.6-c7-s2,4.6,211,1238,269,271,True,1
child,4.6-c7-s3,4.6,241,1339,342,344,True,1
child,4.6-c8-s1,4.6,109,604,130,132,False,1
child,4.6-c8-s2,4.6,333,1913,421,423,True,1
child,4.6-c8-s3,4.6,306,1642,411,413,True,1
child,4.6-c9-s1,4.6,5,37,11,13,False,1
child,4.6-c9-s2,4.6,363,1965,510,512,True,1
child,4.6-c9-s3,4.6,209,1129,304,306,True,1
child,4.6-c10-s1,4.6,183,1102,230,232,False,1
child,4.6.1-c1-s1,4.6.1,145,908,194,196,False,1
child,4.6.1-c2-s1,4.6.1,202,1128,253,255,False,1
child,4.6.1-c3-s1,4.6.1,265,1646,351,353,True,1
child,4.6.2-c1-s1,4.6.2,353,2280,493,495,True,1
child,4.6.2-c1-s2,4.6.2,31,222,46,48,False,1
child,4.6.3-c1-s1,4.6.3,243,1535,313,315,True,1
child,4.6.4-c1-s1,4.6.4,58,347,75,77,False,1
child,4.6.4-c1-s2,4.6.4,377,2125,489,491,True,1
child,4.7-c1-s1,4.7,242,1541,361,363,True,1
child,4.8-c1-s1,4.8,105,625,133,135,False,1
child,4.8-c2-s1,4.8,215,1277,277,279,True,1
child,4.8-c3-s1,4.8,314,1886,409,411,True,1
child,4.8-c4-s1,4.8,101,582,132,134,False,1
child,4.8.1-c1-s1,4.8.1,86,533,123,125,False,1
child,4.8.1-c2-s1,4.8.1,264,1616,357,359,True,1
child,4.8.1-c3-s1,4.8.1,379,2356,479,481,True,1
child,4.8.1-c3-s2,4.8.1,328,1951,440,442,True,1
child,4.8.1-c3-s3,4.8.1,365,2187,539,541,True,1
child,4.8.1-c3-s4,4.8.1,152,876,203,205,False,1
child,4.8.1-c4-s1,4.8.1,383,2299,507,509,True,1
child,4.8.1-c5-s1,4.8.1,169,963,224,226,False,1
child,4.8.2-c1-s1,4.8.2,161,986,208,210,False,1
child,4.8.2-c2-s1,4.8.2,336,2152,457,459,True,1
child,4.8.3-c1-s1,4.8.3,88,533,133,135,False,1
child,4.8.3-c2-s1,4.8.3,106,621,135,137,False,1
child,4.8.3-c3-s1,4.8.3,106,623,141,143,False,1
child,4.8.3-c3-s2,4.8.3,270,1449,381,383,True,1
child,4.8.3-c3-s3,4.8.3,163,873,257,259,True,1
child,4.8.3-c3-s4,4.8.3,331,1970,452,454,True,1
child,4.8.3-c3-s5,4.8.3,265,1541,425,427,True,1
child,4.8.3-c3-s6,4.8.3,293,1646,400,402,True,1
child,4.8.3-c3-s7,4.8.3,228,1336,288,290,True,1
child,4.8.3-c4-s1,4.8.3,136,845,165,167,False,1
child,4.8.4-c1-s1,4.8.4,102,612,150,152,False,1
child,4.8.4-c2-s1,4.8.4,193,1179,249,251,False,1
child,4.8.4-c3-s1,4.8.4,138,798,172,174,False,1
child,4.8.4-c4-s1,4.8.4,191,1218,262,264,True,1
child,4.8.4-c5-s1,4.8.4,79,455,88,90,False,1
child,4.9-c1-s1,4.9,125,764,154,156,False,1
child,4.9-c2-s1,4.9,241,1317,374,376,True,1
child,4.9-c2-s2,4.9,326,1957,458,460,True,1
child,4.9-c2-s3,4.9,192,1114,264,266,True,1
child,4.9-c2-s4,4.9,311,1780,474,476,True,1
child,4.9-c2-s5,4.9,195,1062,292,294,True,1
child,4.9-c2-s6,4.9,278,1660,371,373,True,1
child,4.9-c2-s7,4.9,299,1720,432,434,True,1
child,4.9-c3-s1,4.9,370,2188,477,479,True,1
child,4.9-c4-s1,4.9,333,1856,463,465,True,1
child,4.9.1-c1-s1,4.9.1,228,1356,276,278,True,1
child,4.9.2-c1-s1,4.9.2,149,891,180,182,False,1
child,4.10-c1-s1,4.10,78,474,103,105,False,1
child,4.10-c2-s1,4.10,190,1083,263,265,True,1
child,4.10-c3-s1,4.10,150,878,185,187,False,1
child,4.10-c3-s2,4.10,335,1866,476,478,True,1
child,4.10-c3-s3,4.10,267,1489,418,420,True,1
child,4.10-c3-s4,4.10,348,1999,427,429,True,1
child,4.10-c3-s5,4.10,300,1757,420,422,True,1
child,4.10-c4-s1,4.10,278,1563,376,378,True,1
child,4.10-c5-s1,4.10,226,1325,321,323,True,1
child,4.10-c6-s1,4.10,182,1042,243,245,False,1
child,4.10-c7-s1,4.10,286,1674,394,396,True,1
child,4.10-c7-s2,4.10,97,523,126,128,False,1
child,4.10-c8-s1,4.10,335,1967,450,452,True,1
child,4.10.1-c1-s1,4.10.1,333,1871,401,403,True,1
child,4.11-c1-s1,4.11,63,375,78,80,False,1
child,4.11-c2-s1,4.11,7,30,10,12,False,1
child,4.11-c2-s2,4.11,347,1898,501,503,True,1
child,4.11-c2-s3,4.11,90,522,123,125,False,1
child,4.11-c3-s1,4.11,78,469,120,122,False,1
child,4.11-c4-s1,4.11,102,592,135,137,False,1
child,4.11-c5-s1,4.11,156,863,243,245,False,1
child,4.11-c6-s1,4.11,34,210,44,46,False,1
child,4.11-c6-s2,4.11,336,1806,489,491,True,1
child,4.11-c6-s3,4.11,224,1251,293,295,True,1
child,4.11-c6-s4,4.11,3,26,4,6,False,1
child,4.11-c6-s5,4.11,350,2141,458,460,True,1
child,4.11-c6-s6,4.11,78,491,95,97,False,1
child,4.11-c7-s1,4.11,284,1825,462,464,True,1
child,4.11-c8-s1,4.11,334,1857,497,499,True,1
child,4.11-c8-s2,4.11,220,1225,338,340,True,1
child,4.11-c8-s3,4.11,251,1375,365,367,True,1
child,4.11-c8-s4,4.11,262,1518,363,365,True,1
child,4.11-c8-s5,4.11,286,1606,388,390,True,1
child,4.11-c8-s6,4.11,150,779,218,220,False,1
child,4.11-c9-s1,4.11,357,1977,495,497,True,1
child,4.11-c9-s2,4.11,344,1849,490,492,True,1
child,4.11-c9-s3,4.11,8,47,11,13,False,1
child,4.11-c9-s4,4.11,329,1854,467,469,True,1
child,4.11-c9-s5,4.11,196,1059,279,281,True,1
child,4.11-c9-s6,4.11,204,1113,303,305,True,1
child,4.11-c9-s7,4.11,293,1602,427,429,True,1
child,4.11-c9-s8,4.11,146,804,218,220,False,1
child,4.11-c9-s9,4.11,236,1268,335,337,True,1
child,4.11-c9-s10,4.11,366,2240,502,504,True,1
child,4.11-c9-s11,4.11,390,2254,504,506,True,1
child,4.11-c9-s12,4.11,346,1944,474,476,True,1
child,4.11-c9-s13,4.11,147,831,191,193,False,1
child,4.11-c9-s14,4.11,302,1682,445,447,True,1
child,4.11-c9-s15,4.11,182,1054,253,255,False,1
child,4.11.1-c1-s1,4.11.1,239,1396,288,290,True,1
child,4.11.1-c2-s1,4.11.1,300,1906,417,419,True,1
child,4.11.1-c3-s1,4.11.1,234,1487,308,310,True,1
child,4.11.2-c1-s1,4.11.2,155,965,202,204,False,1
child,4.12-c1-s1,4.12,268,1609,378,380,True,1
child,4.12-c2-s1,4.12,273,1631,432,434,True,1
child,4.12-c3-s1,4.12,377,2275,465,467,True,1
child,4.12-c3-s2,4.12,189,1139,219,221,False,1
child,4.12-c4-s1,4.12,279,1603,398,400,True,1
child,4.12-c4-s2,4.12,147,964,192,194,False,1
child,4.12-c5-s1,4.12,126,829,210,212,False,1
child,4.12-c6-s1,4.12,376,2443,473,475,True,1
child,4.12-c6-s2,4.12,193,1114,273,275,True,1
child,4.12-c7-s1,4.12,404,2390,486,488,True,1
child,4.12-c7-s2,4.12,439,2636,509,511,True,1
child,4.12-c7-s3,4.12,100,634,145,147,False,1
child,4.12-c7-s4,4.12,302,1689,430,432,True,1
child,4.12-c7-s5,4.12,115,667,154,156,False,1
child,4.12-c7-s6,4.12,3,24,5,7,False,1
child,4.12-c7-s7,4.12,267,1443,405,407,True,1
child,4.12-c7-s8,4.12,81,457,122,124,False,1
child,4.12-c7-s9,4.12,3,23,5,7,False,1
child,4.12-c7-s10,4.12,310,1658,485,487,True,1
child,4.12-c7-s11,4.12,29,166,43,45,False,1
child,4.12-c7-s12,4.12,142,924,184,186,False,1
child,4.12-c7-s13,4.12,332,1846,439,441,True,1
child,4.12-c7-s14,4.12,298,1707,397,399,True,1
child,4.12-c7-s15,4.12,319,1835,438,440,True,1
child,4.12-c7-s16,4.12,218,1232,304,306,True,1
child,4.12-c7-s17,4.12,328,1880,497,499,True,1
child,4.12-c7-s18,4.12,324,2098,442,444,True,1
child,4.12-c7-s19,4.12,176,1057,246,248,False,1
child,4.12-c7-s20,4.12,330,1960,499,501,True,1
child,4.12-c7-s21,4.12,6,41,7,9,False,1
child,4.12-c7-s22,4.12,364,2040,506,508,True,1
child,4.12-c7-s23,4.12,35,207,40,42,False,1
child,4.12-c7-s24,4.12,196,1239,266,268,True,1
child,4.12-c7-s25,4.12,332,1963,454,456,True,1
child,4.12-c7-s26,4.12,154,924,235,237,False,1
child,4.12-c7-s27,4.12,255,1541,332,334,True,1
child,4.12-c7-s28,4.12,303,1732,422,424,True,1
child,4.12-c7-s29,4.12,345,2004,492,494,True,1
child,4.12-c7-s30,4.12,363,2134,470,472,True,1
child,4.12-c7-s31,4.12,426,2688,507,509,True,1
child,4.12-c7-s32,4.12,5,36,10,12,False,1
child,4.12-c7-s33,4.12,338,2016,485,487,True,1
child,4.12-c7-s34,4.12,41,245,55,57,False,1
child,4.12-c7-s35,4.12,348,2013,491,493,True,1
child,4.12-c7-s36,4.12,297,1632,473,475,True,1
child,4.12-c7-s37,4.12,301,1814,434,436,True,1
child,4.12-c7-s38,4.12,308,1932,402,404,True,1
child,4.12-c7-s39,4.12,259,1423,316,318,True,1
child,4.12.1-c1-s1,4.12.1,120,782,148,150,False,1
child,4.12.1-c2-s1,4.12.1,410,2571,513,515,True,1
child,4.12.1-c3-s1,4.12.1,185,1205,209,211,False,1
child,4.12.1-c4-s1,4.12.1,411,2627,500,502,True,1
child,4.12.1-c4-s2,4.12.1,341,2114,417,419,True,1
child,4.12.1-c4-s3,4.12.1,282,1810,344,346,True,1
child,4.12.1-c5-s1,4.12.1,412,2584,514,516,True,1
child,4.12.1-c6-s1,4.12.1,79,472,92,94,False,1
child,4.12.2-c1-s1,4.12.2,426,2715,525,527,True,1
child,4.12.2-c1-s2,4.12.2,222,1277,269,271,True,1
child,4.12.2-c1-s3,4.12.2,238,1491,294,296,True,1
child,4.12.3-c1-s1,4.12.3,133,833,158,160,False,1
child,4.12.4-c1-s1,4.12.4,144,864,167,169,False,1
child,4.12.5-c1-s1,4.12.5,110,639,134,136,False,1
child,4.13.1-c1-s1,4.13.1,273,1663,439,441,True,1
child,4.13.1-c1-s2,4.13.1,301,1903,454,456,True,1
child,4.13.1-c1-s3,4.13.1,141,865,209,211,False,1
child,4.13.1-c2-s1,4.13.1,330,1982,447,449,True,1
child,4.13.1-c2-s2,4.13.1,279,1660,364,366,True,1
child,4.13.1-c3-s1,4.13.1,65,357,94,96,False,1
child,4.13.1-c3-s2,4.13.1,288,1626,451,453,True,1
child,4.13.1-c3-s3,4.13.1,129,749,190,192,False,1
child,4.13.1-c3-s4,4.13.1,190,1133,294,296,True,1
child,4.13.1-c4-s1,4.13.1,227,1313,306,308,True,1
child,4.13.1-c4-s2,4.13.1,183,1016,281,283,True,1
child,4.13.1-c5-s1,4.13.1,150,915,174,176,False,1
child,4.13.1-c5-s2,4.13.1,235,1336,341,343,True,1
child,4.13.1-c5-s3,4.13.1,269,1480,379,381,True,1
child,4.13.1-c5-s4,4.13.1,186,1040,270,272,True,1
child,4.13.1-c5-s5,4.13.1,360,2040,481,483,True,1
child,4.13.1-c5-s6,4.13.1,287,1634,405,407,True,1
child,4.13.1-c5-s7,4.13.1,338,2085,454,456,True,1
child,4.13.1-c5-s8,4.13.1,290,1780,388,390,True,1
child,4.13.1-c5-s9,4.13.1,5,28,7,9,False,1
child,4.13.1.1-c1-s1,4.13.1.1,352,2363,505,507,True,1
child,4.13.1.2-c1-s1,4.13.1.2,373,2374,492,494,True,1
child,4.13.1.2-c1-s2,4.13.1.2,92,602,138,140,False,1
child,4.13.1.3-c1-s1,4.13.1.3,279,1696,380,382,True,1
child,4.13.2-c1-s1,4.13.2,195,1154,263,265,True,1
child,4.13.2-c2-s1,4.13.2,6,36,8,10,False,1
child,4.13.2-c2-s2,4.13.2,402,2383,502,504,True,1
child,4.13.2-c2-s3,4.13.2,358,1984,492,494,True,1
child,4.13.2-c2-s4,4.13.2,109,643,142,144,False,1
child,4.13.2-c3-s1,4.13.2,144,838,188,190,False,1
child,4.13.2-c4-s1,4.13.2,334,1930,444,446,True,1
child,4.13.2-c4-s2,4.13.2,384,2160,508,510,True,1
child,4.13.2-c4-s3,4.13.2,387,2298,518,520,True,1
child,4.13.2-c4-s4,4.13.2,264,1443,361,363,True,1
child,4.13.2-c4-s5,4.13.2,167,897,243,245,False,1
child,4.13.2.1-c1-s1,4.13.2.1,170,1069,213,215,False,1
child,4.13.2.1-c1-s2,4.13.2.1,314,2049,443,445,True,1
child,4.13.3-c1-s1,4.13.3,71,465,100,102,False,1
child,4.13.3-c2-s1,4.13.3,238,1401,311,313,True,1
child,4.13.3-c3-s1,4.13.3,136,815,193,195,False,1
child,4.13.3-c4-s1,4.13.3,94,540,138,140,False,1
child,4.13.3-c5-s1,4.13.3,192,1155,256,258,True,1
child,4.13.3-c5-s2,4.13.3,224,1315,284,286,True,1
child,4.13.3.1-c1-s1,4.13.3.1,273,1707,363,365,True,1
child,4.13.3.1-c2-s1,4.13.3.1,103,639,155,157,False,1
child,4.13.4-c1-s1,4.13.4,67,438,88,90,False,1
child,4.13.4-c2-s1,4.13.4,112,663,152,154,False,1
child,4.13.4-c3-s1,4.13.4,54,310,65,67,False,1
child,4.13.4-c4-s1,4.13.4,3,18,4,6,False,1
child,4.13.4-c4-s2,4.13.4,270,1488,421,423,True,1
child,4.13.4-c4-s3,4.13.4,244,1357,339,341,True,1
child,4.13.4-c4-s4,4.13.4,5,26,7,9,False,1
child,4.13.4.1-c1-s1,4.13.4.1,186,1193,259,261,True,1
child,4.13.4.1-c2-s1,4.13.4.1,268,1758,408,410,True,1
child,4.13.4.2-c1-s1,4.13.4.2,343,2210,483,485,True,1
child,4.13.4.2-c2-s1,4.13.4.2,116,721,159,161,False,1
child,4.13.4.2-c3-s1,4.13.4.2,114,722,166,168,False,1
child,4.13.4.3-c1-s1,4.13.4.3,369,2377,536,538,True,1
child,4.13.4.3-c1-s2,4.13.4.3,216,1313,272,274,True,1
child,4.14-c1-s1,4.14,229,1442,324,326,True,1
child,4.14-c2-s1,4.14,379,2288,476,478,True,1
child,4.14-c2-s2,4.14,88,506,115,117,False,1
child,4.14-c2-s3,4.14,337,1992,475,477,True,1
child,4.14-c2-s4,4.14,255,1534,359,361,True,1
child,4.14-c2-s5,4.14,138,825,181,183,False,1
child,4.14-c2-s6,4.14,275,1574,384,386,True,1
child,4.14-c2-s7,4.14,109,594,151,153,False,1
child,4.14-c2-s8,4.14,287,1728,427,429,True,1
child,4.14-c2-s9,4.14,312,1975,429,431,True,1
child,4.14-c2-s10,4.14,118,765,165,167,False,1
child,4.14-c2-s11,4.14,8,57,8,10,False,1
child,4.14-c2-s12,4.14,308,1805,450,452,True,1
child,4.14-c2-s13,4.14,142,855,174,176,False,1
child,4.14-c2-s14,4.14,248,1471,370,372,True,1
child,4.14-c2-s15,4.14,370,2121,482,484,True,1
child,4.14-c2-s16,4.14,199,1091,281,283,True,1
child,4.14-c2-s17,4.14,359,2038,479,481,True,1
child,4.14-c2-s18,4.14,96,565,123,125,False,1
child,4.14-c2-s19,4.14,337,2082,459,461,True,1
child,4.14-c2-s20,4.14,340,1883,488,490,True,1
child,4.14-c2-s21,4.14,44,236,61,63,False,1
child,4.14-c2-s22,4.14,340,1965,488,490,True,1
child,4.14-c2-s23,4.14,326,1868,451,453,True,1
child,4.14-c2-s24,4.14,155,959,210,212,False,1
child,4.14.1-c1-s1,4.14.1,214,1275,283,285,True,1
child,4.14.1-c2-s1,4.14.1,311,1838,423,425,True,1
child,4.14.1-c3-s1,4.14.1,57,338,72,74,False,1
child,4.14.2-c1-s1,4.14.2,345,2139,443,445,True,1
child,4.14.2-c2-s1,4.14.2,64,456,104,106,False,1
child,4.14.2-c3-s1,4.14.2,49,298,74,76,False,1
child,4.14.3-c1-s1,4.14.3,242,1598,342,344,True,1
child,4.14.3-c2-s1,4.14.3,49,298,76,78,False,1
child,4.14.4-c1-s1,4.14.4,126,724,148,150,False,1
child,4.14.4-c1-s2,4.14.4,272,1688,369,371,True,1
child,4.14.4-c2-s1,4.14.4,44,276,76,78,False,1
child,4.14.4-c3-s1,4.14.4,144,872,188,190,False,1
child,4.15-c1-s1,4.15,69,415,84,86,False,1
child,4.15-c2-s1,4.15,87,480,118,120,False,1
child,4.15-c3-s1,4.15,288,1645,403,405,True,1
child,4.15-c3-s2,4.15,302,1816,421,423,True,1
child,4.15-c3-s3,4.15,228,1286,301,303,True,1
child,4.15-c3-s4,4.15,215,1304,311,313,True,1
child,4.15-c3-s5,4.15,288,1554,434,436,True,1
child,4.15-c3-s6,4.15,63,365,102,104,False,1
child,4.15-c4-s1,4.15,312,1745,405,407,True,1
child,4.15-c5-s1,4.15,8,44,10,12,False,1
child,4.15-c5-s2,4.15,317,1770,452,454,True,1
child,4.15-c5-s3,4.15,167,912,266,268,True,1
child,4.15-c6-s1,4.15,347,1950,495,497,True,1
child,4.15-c7-s1,4.15,344,1899,467,469,True,1
child,4.15-c7-s2,4.15,343,1987,494,496,True,1
child,4.15-c7-s3,4.15,305,1655,438,440,True,1
child,4.15-c7-s4,4.15,363,1979,470,472,True,1
child,4.15.1-c1-s1,4.15.1,98,574,120,122,False,1
child,4.15.1-c1-s2,4.15.1,389,2224,493,495,True,1
child,4.16-c1-s1,4.16,183,991,257,259,True,1
child,4.16-c2-s1,4.16,294,1643,413,415,True,1
child,4.16-c3-s1,4.16,269,1463,375,377,True,1
child,4.16-c4-s1,4.16,364,2095,474,476,True,1
child,4.16-c4-s2,4.16,247,1368,360,362,True,1
child,4.16-c4-s3,4.16,353,1928,469,471,True,1
child,4.16-c4-s4,4.16,401,2193,505,507,True,1
child,4.16-c4-s5,4.16,315,1705,424,426,True,1
child,4.16-c4-s6,4.16,55,291,73,75,False,1
child,4.16.1-c1-s1,4.16.1,85,468,101,103,False,1
child,4.16.1-c1-s2,4.16.1,341,2125,471,473,True,1
child,4.16.1-c1-s3,4.16.1,189,1157,263,265,True,1
child,4.17-c1-s1,4.17,116,711,161,163,False,1
child,4.17-c2-s1,4.17,256,1488,367,369,True,1
child,4.17-c2-s2,4.17,270,1658,427,429,True,1
child,4.17-c2-s3,4.17,159,921,235,237,False,1
child,4.17-c3-s1,4.17,36,210,43,45,False,1
child,4.17-c4-s1,4.17,307,1878,402,404,True,1
child,4.17-c4-s2,4.17,262,1555,389,391,True,1
child,4.17-c4-s3,4.17,79,427,113,115,False,1
child,4.17-c4-s4,4.17,6,41,7,9,False,1
child,4.17-c4-s5,4.17,262,1387,415,417,True,1
child,4.17-c4-s6,4.17,80,470,104,106,False,1
child,4.17-c5-s1,4.17,163,898,239,241,False,1
child,4.17-c5-s2,4.17,212,1181,340,342,True,1
child,4.17-c5-s3,4.17,321,1879,433,435,True,1
child,4.17-c5-s4,4.17,223,1324,341,343,True,1
child,4.17-c6-s1,4.17,97,639,124,126,False,1
child,4.17-c6-s2,4.17,329,1831,451,453,True,1
child,4.17-c6-s3,4.17,312,1725,457,459,True,1
child,4.17-c6-s4,4.17,67,395,91,93,False,1
child,4.17-c6-s5,4.17,292,1679,428,430,True,1
child,4.17-c6-s6,4.17,152,886,198,200,False,1
child,4.17-c6-s7,4.17,290,1624,419,421,True,1
child,4.17-c6-s8,4.17,266,1530,391,393,True,1
child,4.17-c7-s1,4.17,78,430,120,122,False,1
child,4.17.1-c1-s1,4.17.1,271,1659,375,377,True,1
child,4.17.2-c1-s1,4.17.2,309,1904,418,420,True,1
child,4.17.2-c1-s2,4.17.2,171,956,218,220,False,1
child,4.17.3-c1-s1,4.17.3,154,1035,228,230,False,1
child,4.17.4-c1-s1,4.17.4,188,1062,238,240,False,1
child,4.18-c1-s1,4.18,116,706,150,152,False,1
child,4.18-c2-s1,4.18,315,1873,463,465,True,1
child,4.18-c2-s2,4.18,220,1389,342,344,True,1
child,4.18-c2-s3,4.18,186,1079,282,284,True,1
child,4.18-c3-s1,4.18,352,2201,492,494,True,1
child,4.18-c3-s2,4.18,255,1398,404,406,True,1
child,4.18-c3-s3,4.18,80,476,104,106,False,1
child,4.18-c4-s1,4.18,134,781,195,197,False,1
child,4.18-c4-s2,4.18,220,1179,355,357,True,1
child,4.18-c4-s3,4.18,249,1411,422,424,True,1
child,4.18-c4-s4,4.18,156,871,209,211,False,1
child,4.18-c5-s1,4.18,103,667,130,132,False,1
child,4.18-c5-s2,4.18,343,1991,450,452,True,1
child,4.18-c5-s3,4.18,324,1885,473,475,True,1
child,4.18-c5-s4,4.18,102,619,140,142,False,1
child,4.18-c5-s5,4.18,278,1664,373,375,True,1
child,4.18-c5-s6,4.18,273,1551,400,402,True,1
child,4.18-c5-s7,4.18,219,1365,306,308,True,1
child,4.18-c6-s1,4.18,54,338,68,70,False,1
child,4.18-c7-s1,4.18,79,438,122,124,False,1
child,4.18.1-c1-s1,4.18.1,188,1188,242,244,False,1
child,4.18.1-c2-s1,4.18.1,83,549,110,112,False,1
child,4.18.1-c3-s1,4.18.1,114,734,169,171,False,1
child,4.18.1-c4-s1,4.18.1,181,1142,236,238,False,1
child,4.19-c1-s1,4.19,149,916,198,200,False,1
child,4.19-c2-s1,4.19,115,647,182,184,False,1
child,4.19-c2-s2,4.19,306,1838,450,452,True,1
child,4.19-c2-s3,4.19,172,986,245,247,False,1
child,4.19-c2-s4,4.19,301,1953,460,462,True,1
child,4.19-c2-s5,4.19,128,697,177,179,False,1
child,4.19-c2-s6,4.19,271,1750,390,392,True,1
child,4.19-c2-s7,4.19,315,1802,475,477,True,1
child,4.19-c2-s8,4.19,315,1857,467,469,True,1
child,4.19-c2-s9,4.19,117,706,168,170,False,1
child,4.19-c3-s1,4.19,127,743,164,166,False,1
child,4.19-c4-s1,4.19,6,45,7,9,False,1
child,4.19-c4-s2,4.19,344,1972,434,436,True,1
child,4.19-c4-s3,4.19,67,376,76,78,False,1
child,4.19-c4-s4,4.19,302,1744,472,474,True,1
child,4.19-c4-s5,4.19,294,1697,427,429,True,1
child,4.19-c5-s1,4.19,149,884,197,199,False,1
child,4.19-c6-s1,4.19,79,438,123,125,False,1
child,4.19.1-c1-s1,4.19.1,392,2349,512,514,True,1
child,4.19.2-c1-s1,4.19.2,217,1364,299,301,True,1
child,4.20-c1-s1,4.20,63,397,103,105,False,1
child,4.20-c2-s1,4.20,218,1268,311,313,True,1
child,4.20-c3-s1,4.20,163,922,256,258,True,1
child,4.20-c4-s1,4.20,306,1765,411,413,True,1
child,4.20-c4-s2,4.20,195,1134,276,278,True,1
child,4.20-c4-s3,4.20,189,1147,251,253,False,1
child,4.20-c5-s1,4.20,384,2148,504,506,True,1
child,4.20-c5-s2,4.20,5,26,6,8,False,1
child,4.20.1-c1-s1,4.20.1,320,1951,416,418,True,1
child,4.20.1-c2-s1,4.20.1,310,1951,415,417,True,1
child,4.20.1-c3-s1,4.20.1,42,259,68,70,False,1
child,4.20.1-c4-s1,4.20.1,61,378,87,89,False,1
child,4.21-c1-s1,4.21,328,1881,407,409,True,1
child,4.21-c2-s1,4.21,370,2073,483,485,True,1
child,4.21-c2-s2,4.21,103,619,171,173,False,1
child,4.21-c2-s3,4.21,361,2083,507,509,True,1
child,4.21-c2-s4,4.21,70,422,94,96,False,1
child,4.21-c2-s5,4.21,92,507,145,147,False,1
child,4.21-c2-s6,4.21,245,1364,455,457,True,1
child,4.21-c2-s7,4.21,185,947,294,296,True,1
child,4.21-c2-s8,4.21,324,1896,454,456,True,1
child,4.21-c2-s9,4.21,174,992,231,233,False,1
child,4.21-c2-s10,4.21,301,1688,442,444,True,1
child,4.21-c2-s11,4.21,184,1048,250,252,False,1
child,4.21-c2-s12,4.21,275,1651,476,478,True,1
child,4.21-c2-s13,4.21,140,790,229,231,False,1
child,4.21-c2-s14,4.21,309,1763,444,446,True,1
child,4.21-c3-s1,4.21,104,590,137,139,False,1
child,4.21-c3-s2,4.21,377,2077,513,515,True,1
child,4.21-c3-s3,4.21,43,237,78,80,False,1
child,4.21-c3-s4,4.21,140,846,200,202,False,1
child,4.21-c3-s5,4.21,354,2094,440,442,True,1
child,4.21-c3-s6,4.21,84,504,109,111,False,1
child,4.21-c3-s7,4.21,117,702,174,176,False,1
child,4.21-c4-s1,4.21,132,758,191,193,False,1
child,4.21-c5-s1,4.21,296,1731,431,433,True,1
child,4.21-c5-s2,4.21,121,753,169,171,False,1
child,4.21-c5-s3,4.21,238,1230,429,431,True,1
child,4.21-c5-s4,4.21,59,308,97,99,False,1
child,4.21-c5-s5,4.21,318,1889,451,453,True,1
child,4.21-c5-s6,4.21,352,2018,533,535,True,1
child,4.21-c5-s7,4.21,281,1677,440,442,True,1
child,4.21-c5-s8,4.21,186,1105,245,247,False,1
child,4.21-c6-s1,4.21,331,1807,474,476,True,1
child,4.21-c6-s2,4.21,278,1590,375,377,True,1
child,4.21-c6-s3,4.21,133,699,210,212,False,1
child,4.21-c7-s1,4.21,131,763,187,189,False,1
child,4.21-c8-s1,4.21,233,1513,336,338,True,1
child,4.21.1-c1-s1,4.21.1,297,1783,418,420,True,1
child,4.21.1-c1-s2,4.21.1,282,1792,375,377,True,1
child,4.22-c1-s1,4.22,87,546,110,112,False,1
child,4.22-c2-s1,4.22,325,1902,445,447,True,1
child,4.22-c2-s2,4.22,340,1843,505,507,True,1
child,4.22-c2-s3,4.22,362,2097,492,494,True,1
child,4.22-c2-s4,4.22,228,1258,307,309,True,1
child,4.22-c2-s5,4.22,325,1891,445,447,True,1
child,4.22-c2-s6,4.22,219,1201,294,296,True,1
child,4.22-c2-s7,4.22,331,1925,446,448,True,1
child,4.22-c2-s8,4.22,376,2184,470,472,True,1
child,4.22-c2-s9,4.22,341,1928,488,490,True,1
child,4.22-c2-s10,4.22,101,597,141,143,False,1
child,4.22.1-c1-s1,4.22.1,132,808,173,175,False,1
child,4.22.1-c2-s1,4.22.1,250,1486,295,297,True,1
child,4.22.1-c2-s2,4.22.1,227,1369,275,277,True,1
child,4.22.1-c2-s3,4.22.1,365,2271,481,483,True,1
child,4.22.1-c2-s4,4.22.1,298,1889,395,397,True,1
child,4.23-c1-s1,4.23,102,591,131,133,False,1
child,4.23-c2-s1,4.23,316,1769,478,480,True,1
child,4.23-c2-s2,4.23,331,1904,477,479,True,1
child,4.23-c2-s3,4.23,294,1728,436,438,True,1
child,4.23-c2-s4,4.23,288,1647,391,393,True,1
child,4.23-c2-s5,4.23,145,803,217,219,False,1
child,4.23.1-c1-s1,4.23.1,97,607,117,119,False,1
child,4.23.1-c1-s2,4.23.1,293,1904,447,449,True,1
child,4.23.1-c2-s1,4.23.1,386,2359,478,480,True,1
child,4.23.1-c2-s2,4.23.1,61,365,78,80,False,1
child,4.23.1-c2-s3,4.23.1,371,2352,480,482,True,1
child,4.23.1-c2-s4,4.23.1,74,417,87,89,False,1
child,4.24-c1-s1,4.24,158,907,240,242,False,1
child,4.25-c1-s1,4.25,328,1871,476,478,True,1
child,4.25-c2-s1,4.25,241,1355,352,354,True,1
child,4.25-c2-s2,4.25,273,1553,349,351,True,1
child,4.25-c2-s3,4.25,373,2141,501,503,True,1
child,4.25-c2-s4,4.25,130,744,184,186,False,1
child,4.25-c2-s5,4.25,5,26,7,9,False,1
child,4.25.1-c1-s1,4.25.1,334,1979,430,432,True,1
child,5.1-c1-s1,5.1,69,423,84,86,False,1
child,5.1-c2-s1,5.1,249,1564,316,318,True,1
child,5.1-c3-s1,5.1,273,1578,379,381,True,1
child,5.1-c3-s2,5.1,177,1002,267,269,True,1
child,5.1-c4-s1,5.1,105,665,135,137,False,1
child,5.1-c5-s1,5.1,3,26,5,7,False,1
child,5.1-c5-s2,5.1,354,2257,480,482,True,1
child,5.1-c5-s3,5.1,69,409,90,92,False,1
child,5.1-c6-s1,5.1,304,1727,445,447,True,1
child,5.1-c7-s1,5.1,40,241,52,54,False,1
child,5.2-c1-s1,5.2,331,2110,474,476,True,1
child,5.2-c2-s1,5.2,5,35,6,8,False,1
child,5.2-c2-s2,5.2,364,2204,509,511,True,1
child,5.2-c2-s3,5.2,141,784,211,213,False,1
child,5.2-c3-s1,5.2,45,320,59,61,False,1
child,5.2-c4-s1,5.2,5,42,7,9,False,1
child,5.2-c4-s2,5.2,343,2053,475,477,True,1
child,5.2-c4-s3,5.2,120,709,171,173,False,1
child,5.2-c4-s4,5.2,8,44,11,13,False,1
child,5.2-c4-s5,5.2,332,1879,474,476,True,1
child,5.2-c4-s6,5.2,193,1141,261,263,True,1
child,5.2-c4-s7,5.2,348,1973,494,496,True,1
child,5.2-c4-s8,5.2,324,1877,507,509,True,1
child,5.2-c4-s9,5.2,334,1957,503,505,True,1
child,5.2-c4-s10,5.2,263,1552,355,357,True,1
child,5.2-c4-s11,5.2,215,1260,282,284,True,1
child,5.2-c5-s1,5.2,343,2012,515,517,True,1
child,5.2-c5-s2,5.2,290,1621,431,433,True,1
child,5.2-c5-s3,5.2,316,1784,417,419,True,1
child,5.2-c5-s4,5.2,97,526,128,130,False,1
child,5.2-c6-s1,5.2,70,430,96,98,False,1
child,5.2-c7-s1,5.2,8,45,9,11,False,1
child,5.2-c7-s2,5.2,300,1622,422,424,True,1
child,5.2-c7-s3,5.2,156,859,220,222,False,1
child,5.2-c8-s1,5.2,210,1190,307,309,True,1
child,5.2-c9-s1,5.2,81,521,105,107,False,1
child,5.2-c9-s2,5.2,340,2006,483,485,True,1
child,5.2-c10-s1,5.2,2,13,3,5,False,1
child,5.2-c10-s2,5.2,361,2040,507,509,True,1
child,5.2-c10-s3,5.2,241,1401,346,348,True,1
child,5.2-c11-s1,5.2,308,1809,437,439,True,1
child,5.2.5-c1-s1,5.2.5,239,1439,329,331,True,1
child,5.2.5-c1-s2,5.2.5,429,2423,518,520,True,1
child,5.2.5-c1-s3,5.2.5,380,2253,499,501,True,1
child,5.2.5-c1-s4,5.2.5,305,1962,436,438,True,1
child,5.2.5-c2-s1,5.2.5,88,568,122,124,False,1
child,5.2.5-c3-s1,5.2.5,51,365,96,98,False,1
child,5.2.5-c4-s1,5.2.5,94,588,124,126,False,1
child,5.2.5-c5-s1,5.2.5,31,196,47,49,False,1
child,5.2.5-c6-s1,5.2.5,113,650,154,156,False,1
child,5.3-c1-s1,5.3,293,1696,405,407,True,1
child,5.3-c2-s1,5.3,157,880,250,252,False,1
child,5.3-c3-s1,5.3,185,972,273,275,True,1
child,5.3-c3-s2,5.3,313,1705,427,429,True,1
child,5.3-c3-s3,5.3,355,1972,487,489,True,1
child,5.3-c3-s4,5.3,330,1923,465,467,True,1
child,5.3-c3-s5,5.3,189,1062,268,270,True,1
child,5.3-c3-s6,5.3,35,183,48,50,False,1
child,5.3-c4-s1,5.3,237,1338,353,355,True,1
child,5.3-c5-s1,5.3,188,1038,271,273,True,1
child,5.3-c5-s2,5.3,258,1388,380,382,True,1
child,5.3-c5-s3,5.3,196,1056,266,268,True,1
child,5.3-c6-s1,5.3,295,1565,437,439,True,1
child,5.3-c7-s1,5.3,91,511,146,148,False,1
child,5.3-c8-s1,5.3,119,698,156,158,False,1
child,5.3.1-c1-s1,5.3.1,272,1612,335,337,True,1
child,5.3.1-c1-s2,5.3.1,418,2490,511,513,True,1
child,5.3.1-c1-s3,5.3.1,410,2434,507,509,True,1
child,5.3.1-c1-s4,5.3.1,209,1313,284,286,True,1
child,5.3.1-c2-s1,5.3.1,135,845,174,176,False,1
child,5.3.1-c3-s1,5.3.1,426,2515,499,501,True,1
child,5.3.1-c3-s2,5.3.1,41,224,46,48,False,1
child,5.3.1-c4-s1,5.3.1,245,1457,309,311,True,1
child,5.3.1-c5-s1,5.3.1,159,929,200,202,False,1
child,5.3.2-c1-s1,5.3.2,15,111,22,24,False,1
child,5.3.2-c1-s2,5.3.2,395,2253,473,475,True,1
child,5.3.2-c1-s3,5.3.2,70,375,97,99,False,1
child,5.3.2-c1-s4,5.3.2,5,29,6,8,False,1
child,5.4-c1-s1,5.4,8,58,19,21,False,1
child,5.4-c1-s2,5.4,292,1720,399,401,True,1
child,5.4-c1-s3,5.4,69,362,104,106,False,1
child,5.4-c2-s1,5.4,90,540,133,135,False,1
child,5.4-c3-s1,5.4,204,1155,322,324,True,1
child,5.4-c4-s1,5.4,4,23,6,8,False,1
child,5.4-c4-s2,5.4,317,1777,477,479,True,1
child,5.4-c4-s3,5.4,41,238,59,61,False,1
child,5.4-c4-s4,5.4,5,29,6,8,False,1
child,5.4.1-c1-s1,5.4.1,336,2018,414,416,True,1
child,5.4.1-c1-s2,5.4.1,381,2302,485,487,True,1
child,5.4.1-c1-s3,5.4.1,431,2576,538,540,True,1
child,5.4.1-c1-s4,5.4.1,148,883,199,201,False,1
child,5.4.1-c2-s1,5.4.1,141,844,183,185,False,1
child,5.4.1-c3-s1,5.4.1,179,1112,242,244,False,1
child,5.4.1-c4-s1,5.4.1,136,766,163,165,False,1
child,5.4.2-c1-s1,5.4.2,370,2139,451,453,True,1
child,5.5-c1-s1,5.5,143,902,237,239,False,1
child,5.5-c1-s2,5.5,232,1298,407,409,True,1
child,5.5-c1-s3,5.5,175,1031,276,278,True,1
child,5.5-c2-s1,5.5,164,1045,236,238,False,1
child,5.5-c2-s2,5.5,319,1887,490,492,True,1
child,5.5-c2-s3,5.5,88,503,115,117,False,1
child,5.5-c2-s4,5.5,276,1560,469,471,True,1
child,5.5-c2-s5,5.5,132,768,208,210,False,1
child,5.5-c2-s6,5.5,4,30,5,7,False,1
child,5.5-c2-s7,5.5,328,1940,482,484,True,1
child,5.5-c2-s8,5.5,83,542,123,125,False,1
child,5.5-c2-s9,5.5,205,1242,316,318,True,1
child,5.5-c2-s10,5.5,290,1672,434,436,True,1
child,5.5-c2-s11,5.5,254,1445,377,379,True,1
child,5.5-c2-s12,5.5,265,1385,405,407,True,1
child,5.5-c2-s13,5.5,349,2021,474,476,True,1
child,5.5-c2-s14,5.5,293,1632,451,453,True,1
child,5.5-c2-s15,5.5,318,1815,486,488,True,1
child,5.5-c2-s16,5.5,159,856,240,242,False,1
child,5.5-c3-s1,5.5,169,1017,253,255,False,1
child,5.5-c4-s1,5.5,122,721,183,185,False,1
child,5.5.1-c1-s1,5.5.1,367,2280,470,472,True,1
child,5.5.1-c2-s1,5.5.1,158,1035,234,236,False,1
child,5.5.1-c3-s1,5.5.1,362,2231,472,474,True,1
child,5.5.1-c4-s1,5.5.1,296,1857,372,374,True,1
child,5.5.1-c5-s1,5.5.1,149,913,199,201,False,1
child,5.5.2-c1-s1,5.5.2,300,1811,385,387,True,1
child,5.5.3-c1-s1,5.5.3,369,2258,460,462,True,1
child,5.5.3-c2-s1,5.5.3,158,1019,222,224,False,1
child,5.5.3-c3-s1,5.5.3,96,606,127,129,False,1
child,5.5.3-c3-s2,5.5.3,383,2355,498,500,True,1
child,5.5.3-c3-s3,5.5.3,290,1727,350,352,True,1
child,5.5.3-c4-s1,5.5.3,296,1853,368,370,True,1
child,5.5.3-c5-s1,5.5.3,150,921,202,204,False,1
child,5.5.4-c1-s1,5.5.4,386,2251,483,485,True,1
child,5.5.4-c1-s2,5.5.4,5,27,6,8,False,1
child,5.6-c1-s1,5.6,85,467,122,124,False,1
child,5.6-c2-s1,5.6,359,2169,497,499,True,1
child,5.6-c2-s2,5.6,223,1247,346,348,True,1
child,5.6-c2-s3,5.6,159,924,237,239,False,1
child,5.6-c2-s4,5.6,272,1650,389,391,True,1
child,5.6-c2-s5,5.6,168,935,241,243,False,1
child,5.6-c2-s6,5.6,56,313,86,88,False,1
child,5.6.1-c1-s1,5.6.1,402,2451,507,509,True,1
child,5.6.1-c2-s1,5.6.1,72,459,103,105,False,1
child,5.6.1-c3-s1,5.6.1,137,912,204,206,False,1
child,5.6.1-c4-s1,5.6.1,202,1312,295,297,True,1
child,5.6.1-c5-s1,5.6.1,90,561,120,122,False,1
child,5.6.1-c6-s1,5.6.1,127,752,165,167,False,1
child,5.6.2-c1-s1,5.6.2,366,2203,492,494,True,1
child,5.7-c1-s1,5.7,161,1041,250,252,False,1
child,5.7-c2-s1,5.7,115,749,181,183,False,1
child,5.7-c2-s2,5.7,264,1675,439,441,True,1
child,5.7-c2-s3,5.7,233,1331,402,404,True,1
child,5.7-c2-s4,5.7,303,1759,452,454,True,1
child,5.7-c2-s5,5.7,293,1704,448,450,True,1
child,5.7-c2-s6,5.7,5,41,10,12,False,1
child,5.7-c2-s7,5.7,322,1963,428,430,True,1
child,5.7-c2-s8,5.7,70,380,82,84,False,1
child,5.7-c2-s9,5.7,2,12,3,5,False,1
child,5.7-c2-s10,5.7,325,1940,474,476,True,1
child,5.7-c2-s11,5.7,115,712,172,174,False,1
child,5.7-c2-s12,5.7,4,19,6,8,False,1
child,5.7-c2-s13,5.7,297,1694,407,409,True,1
child,5.7-c2-s14,5.7,287,1685,363,365,True,1
child,5.7-c2-s15,5.7,7,44,10,12,False,1
child,5.7-c2-s16,5.7,335,1929,467,469,True,1
child,5.7-c2-s17,5.7,99,636,144,146,False,1
child,5.7-c3-s1,5.7,359,2221,498,500,True,1
child,5.7-c4-s1,5.7,298,1867,424,426,True,1
child,5.7-c5-s1,5.7,84,518,128,130,False,1
child,5.7-c6-s1,5.7,152,916,192,194,False,1
child,5.7.1-c1-s1,5.7.1,380,2282,489,491,True,1
child,5.7.1-c1-s2,5.7.1,135,819,180,182,False,1
child,5.7.1-c2-s1,5.7.1,277,1718,395,397,True,1
child,5.7.1-c3-s1,5.7.1,384,2255,508,510,True,1
child,5.7.1-c3-s2,5.7.1,108,619,148,150,False,1
child,5.7.1-c4-s1,5.7.1,256,1559,323,325,True,1
child,5.7.1-c5-s1,5.7.1,31,196,47,49,False,1
child,5.7.1-c6-s1,5.7.1,131,775,172,174,False,1
child,5.7.2-c1-s1,5.7.2,20,138,28,30,False,1
child,5.7.2-c1-s2,5.7.2,344,1980,467,469,True,1
child,5.7.2-c1-s3,5.7.2,156,878,197,199,False,1
child,5.7.2-c1-s4,5.7.2,5,26,6,8,False,1
child,5.7.3-c1-s1,5.7.3,415,2588,538,540,True,1
child,5.7.3-c1-s2,5.7.3,140,887,196,198,False,1
child,5.7.3-c2-s1,5.7.3,275,1720,405,407,True,1
child,5.7.3-c3-s1,5.7.3,359,2210,517,519,True,1
child,5.7.3-c3-s2,5.7.3,411,2450,556,558,True,1
child,5.7.3-c3-s3,5.7.3,165,1020,230,232,False,1
child,5.7.3-c4-s1,5.7.3,257,1574,328,330,True,1
child,5.7.3-c5-s1,5.7.3,31,198,49,51,False,1
child,5.7.3-c6-s1,5.7.3,133,840,188,190,False,1
child,5.7.4-c1-s1,5.7.4,19,134,27,29,False,1
child,5.7.4-c1-s2,5.7.4,350,2002,483,485,True,1
child,5.7.4-c1-s3,5.7.4,245,1370,317,319,True,1
child,5.7.4-c1-s4,5.7.4,5,26,6,8,False,1
child,5.8-c1-s1,5.8,209,1261,330,332,True,1
child,5.8-c2-s1,5.8,302,1805,387,389,True,1
child,5.8-c3-s1,5.8,190,1137,288,290,True,1
child,5.8-c3-s2,5.8,211,1204,266,268,True,1
child,5.8-c3-s3,5.8,300,1716,403,405,True,1
child,5.8-c3-s4,5.8,77,484,107,109,False,1
child,5.8-c3-s5,5.8,317,1839,421,423,True,1
child,5.8-c3-s6,5.8,312,1802,463,465,True,1
child,5.8-c4-s1,5.8,199,1185,255,257,True,1
child,5.8-c4-s2,5.8,355,2131,447,449,True,1
child,5.8-c4-s3,5.8,233,1467,301,303,True,1
child,5.8-c4-s4,5.8,271,1578,375,377,True,1
child,5.8-c5-s1,5.8,356,2236,477,479,True,1
child,5.8-c6-s1,5.8,317,1985,442,444,True,1
child,5.8-c7-s1,5.8,78,475,116,118,False,1
child,5.8.1-c1-s1,5.8.1,265,1648,359,361,True,1
child,5.8.1-c1-s2,5.8.1,333,1855,408,410,True,1
child,5.8.1-c1-s3,5.8.1,358,2088,479,481,True,1
child,5.8.1-c2-s1,5.8.1,95,570,120,122,False,1
child,5.8.1-c3-s1,5.8.1,386,2192,437,439,True,1
child,5.8.1-c3-s2,5.8.1,65,423,85,87,False,1
child,5.8.1-c4-s1,5.8.1,244,1469,307,309,True,1
child,5.8.1-c5-s1,5.8.1,31,196,47,49,False,1
child,5.8.1-c6-s1,5.8.1,105,637,133,135,False,1
child,5.8.2-c1-s1,5.8.2,18,141,25,27,False,1
child,5.8.2-c1-s2,5.8.2,375,2095,470,472,True,1
child,5.8.2-c1-s3,5.8.2,127,684,153,155,False,1
child,5.8.2-c1-s4,5.8.2,5,30,7,9,False,1
child,5.8.3-c1-s1,5.8.3,277,1780,389,391,True,1
child,5.8.3-c1-s2,5.8.3,394,2229,487,489,True,1
child,5.8.3-c1-s3,5.8.3,84,551,116,118,False,1
child,5.8.3-c2-s1,5.8.3,100,606,124,126,False,1
child,5.8.3-c3-s1,5.8.3,185,1173,245,247,False,1
child,5.8.3-c4-s1,5.8.3,212,1321,278,280,True,1
child,5.8.3-c5-s1,5.8.3,250,1537,322,324,True,1
child,5.8.3-c6-s1,5.8.3,31,194,45,47,False,1
child,5.8.3-c7-s1,5.8.3,127,772,161,163,False,1
child,5.8.4-c1-s1,5.8.4,18,135,25,27,False,1
child,5.8.4-c1-s2,5.8.4,381,2137,478,480,True,1
child,5.8.4-c1-s3,5.8.4,211,1149,263,265,True,1
child,5.8.4-c1-s4,5.8.4,5,30,7,9,False,1
child,5.9-c1-s1,5.9,8,56,13,15,False,1
child,5.9-c1-s2,5.9,343,1954,487,489,True,1
child,5.9-c2-s1,5.9,293,1667,395,397,True,1
child,5.9-c2-s2,5.9,116,686,158,160,False,1
child,5.9-c3-s1,5.9,70,386,109,111,False,1
child,5.9-c4-s1,5.9,171,976,250,252,False,1
child,5.9.1-c1-s1,5.9.1,360,2171,474,476,True,1
child,5.9.1-c2-s1,5.9.1,81,500,112,114,False,1
child,5.9.1-c3-s1,5.9.1,117,729,164,166,False,1
child,5.9.1-c4-s1,5.9.1,96,551,133,135,False,1
child,5.10-c1-s1,5.10,83,505,114,116,False,1
child,5.10-c1-s2,5.10,295,1889,435,437,True,1
child,5.10.1-c1-s1,5.10.1,203,1177,251,253,False,1
child,6.1-c1-s1,6.1,138,761,213,215,False,1
child,6.1-c2-s1,6.1,127,749,154,156,False,1
child,6.1-c2-s2,6.1,292,1604,439,441,True,1
child,6.1-c2-s3,6.1,349,2004,481,483,True,1
child,6.1-c2-s4,6.1,170,935,250,252,False,1
child,6.1-c2-s5,6.1,116,604,175,177,False,1
child,6.1-c2-s6,6.1,298,1739,420,422,True,1
child,6.1-c2-s7,6.1,254,1458,355,357,True,1
child,6.1-c3-s1,6.1,55,315,79,81,False,1
child,6.1-c3-s2,6.1,322,1732,474,476,True,1
child,6.1-c4-s1,6.1,139,730,221,223,False,1
child,6.1-c5-s1,6.1,93,535,146,148,False,1
child,6.1-c6-s1,6.1,227,1266,325,327,True,1
child,6.1-c6-s2,6.1,356,2019,458,460,True,1
child,6.1-c6-s3,6.1,347,1989,493,495,True,1
child,6.1-c7-s1,6.1,241,1355,346,348,True,1
child,6.1-c8-s1,6.1,41,236,63,65,False,1
child,6.1-c9-s1,6.1,153,869,232,234,False,1
child,6.1-c10-s1,6.1,52,284,80,82,False,1
child,6.1.1-c1-s1,6.1.1,203,1193,241,243,False,1
child,6.1.1-c2-s1,6.1.1,217,1376,304,306,True,1
child,6.1.1-c3-s1,6.1.1,84,545,109,111,False,1
child,6.1.1-c4-s1,6.1.1,171,1086,228,230,False,1
child,6.1.1-c5-s1,6.1.1,317,1895,417,419,True,1
child,6.1.1-c6-s1,6.1.1,99,622,123,125,False,1
child,6.1.1-c7-s1,6.1.1,18,107,25,27,False,1
child,6.1.1-c8-s1,6.1.1,91,528,119,121,False,1
child,6.1.1-c9-s1,6.1.1,80,489,110,112,False,1
child,6.1.2-c1-s1,6.1.2,286,1617,356,358,True,1
child,6.2-c1-s1,6.2,66,390,102,104,False,1
child,6.2-c2-s1,6.2,290,1579,449,451,True,1
child,6.2-c3-s1,6.2,105,591,173,175,False,1
child,6.2-c3-s2,6.2,318,1761,478,480,True,1
child,6.2-c3-s3,6.2,123,661,188,190,False,1
child,6.2-c3-s4,6.2,5,30,6,8,False,1
child,6.2-c3-s5,6.2,324,1776,468,470,True,1
child,6.2-c3-s6,6.2,67,379,83,85,False,1
child,6.2-c3-s7,6.2,220,1274,283,285,True,1
child,6.2-c3-s8,6.2,355,2004,496,498,True,1
child,6.2-c3-s9,6.2,265,1566,376,378,True,1
child,6.2-c4-s1,6.2,7,46,8,10,False,1
child,6.2-c4-s2,6.2,288,1560,419,421,True,1
child,6.2-c4-s3,6.2,149,790,242,244,False,1
child,6.2-c5-s1,6.2,8,52,9,11,False,1
child,6.2-c5-s2,6.2,298,1779,402,404,True,1
child,6.2-c5-s3,6.2,313,1791,425,427,True,1
child,6.2-c5-s4,6.2,84,458,140,142,False,1
child,6.2-c5-s5,6.2,389,2219,454,456,True,1
child,6.2-c5-s6,6.2,241,1471,311,313,True,1
child,6.2-c6-s1,6.2,105,595,168,170,False,1
child,6.2-c7-s1,6.2,270,1484,374,376,True,1
child,6.2-c8-s1,6.2,72,404,108,110,False,1
child,6.2-c9-s1,6.2,146,878,207,209,False,1
child,6.2-c9-s2,6.2,228,1369,316,318,True,1
child,6.2-c10-s1,6.2,9,72,10,12,False,1
child,6.2-c10-s2,6.2,304,1748,468,470,True,1
child,6.2-c10-s3,6.2,58,339,77,79,False,1
child,6.2-c11-s1,6.2,193,1209,283,285,True,1
child,6.2-c11-s2,6.2,330,1975,433,435,True,1
child,6.2-c12-s1,6.2,341,2039,496,498,True,1
child,6.2-c13-s1,6.2,73,472,105,107,False,1
child,6.2-c14-s1,6.2,197,1143,293,295,True,1
child,6.2.1-c1-s1,6.2.1,124,770,164,166,False,1
child,6.2.1-c1-s2,6.2.1,375,2399,494,496,True,1
child,6.2.1-c1-s3,6.2.1,293,1723,403,405,True,1
child,6.2.1-c2-s1,6.2.1,62,403,88,90,False,1
child,6.2.1-c3-s1,6.2.1,217,1286,312,314,True,1
child,6.2.1-c4-s1,6.2.1,172,1110,239,241,False,1
child,6.2.1-c5-s1,6.2.1,86,507,126,128,False,1
child,6.2.1-c6-s1,6.2.1,64,393,92,94,False,1
child,6.2.2-c1-s1,6.2.2,325,1837,481,483,True,1
child,6.3-c1-s1,6.3,130,797,223,225,False,1
child,6.3-c2-s1,6.3,128,752,170,172,False,1
child,6.3-c2-s2,6.3,324,1793,468,470,True,1
child,6.3-c2-s3,6.3,290,1704,379,381,True,1
child,6.3-c2-s4,6.3,296,1645,449,451,True,1
child,6.3.1-c1-s1,6.3.1,348,2103,478,480,True,1
child,6.3.1-c2-s1,6.3.1,141,951,204,206,False,1
child,6.3.1-c3-s1,6.3.1,18,107,25,27,False,1
child,6.3.1-c4-s1,6.3.1,76,434,103,105,False,1
child,6.3.2-c1-s1,6.3.2,162,985,221,223,False,1
child,6.4-c1-s1,6.4,89,551,143,145,False,1
child,6.4-c1-s2,6.4,265,1580,418,420,True,1
child,6.4-c1-s3,6.4,338,1948,456,458,True,1
child,6.4-c1-s4,6.4,281,1617,434,436,True,1
child,6.4-c1-s5,6.4,113,670,177,179,False,1
child,6.4-c2-s1,6.4,118,691,158,160,False,1
child,6.4.1-c1-s1,6.4.1,305,1873,396,398,True,1
child,6.4.2-c1-s1,6.4.2,175,1048,221,223,False,1
child,6.4.2-c2-s1,6.4.2,379,2377,532,534,True,1
child,6.4.2-c2-s2,6.4.2,297,1899,431,433,True,1
child,6.4.2-c3-s1,6.4.2,81,565,119,121,False,1
child,6.4.2-c4-s1,6.4.2,201,1179,246,248,False,1
child,6.4.2-c4-s2,6.4.2,412,2415,501,503,True,1
child,6.4.2-c4-s3,6.4.2,43,250,51,53,False,1
child,6.4.2-c5-s1,6.4.2,154,918,201,203,False,1
child,6.4.2-c6-s1,6.4.2,18,107,25,27,False,1
child,6.4.2-c7-s1,6.4.2,143,823,169,171,False,1
child,7.1.1-c1-s1,7.1.1,211,1170,373,375,True,1
child,7.1.1-c2-s1,7.1.1,10,53,17,19,False,1
child,7.1.1-c2-s2,7.1.1,345,1811,500,502,True,1
child,7.1.1-c2-s3,7.1.1,171,997,273,275,True,1
child,7.1.1-c3-s1,7.1.1,298,1778,444,446,True,1
child,7.1.1-c3-s2,7.1.1,152,891,247,249,False,1
child,7.1.1-c4-s1,7.1.1,322,1805,500,502,True,1
child,7.1.1-c4-s2,7.1.1,184,997,310,312,True,1
child,7.1.1-c4-s3,7.1.1,272,1553,426,428,True,1
child,7.1.1-c4-s4,7.1.1,170,935,292,294,True,1
child,7.1.1-c5-s1,7.1.1,176,949,246,248,False,1
child,7.1.1-c6-s1,7.1.1,6,47,13,15,False,1
child,7.1.1-c6-s2,7.1.1,253,1491,465,467,True,1
child,7.1.1-c6-s3,7.1.1,129,747,221,223,False,1
child,7.1.1-c7-s1,7.1.1,219,1180,387,389,True,1
child,7.1.1-c8-s1,7.1.1,259,1421,407,409,True,1
child,7.1.1-c8-s2,7.1.1,280,1580,432,434,True,1
child,7.1.1-c8-s3,7.1.1,238,1323,371,373,True,1
child,7.1.1-c8-s4,7.1.1,227,1185,332,334,True,1
child,7.1.1-c8-s5,7.1.1,144,821,200,202,False,1
child,7.1.1.1-c1-s1,7.1.1.1,242,1539,338,340,True,1
child,7.1.1.1-c1-s2,7.1.1.1,268,1690,452,454,True,1
child,7.1.2-c1-s1,7.1.2,157,940,207,209,False,1
child,7.1.2-c2-s1,7.1.2,268,1386,439,441,True,1
child,7.1.2-c3-s1,7.1.2,7,39,9,11,False,1
child,7.1.2-c3-s2,7.1.2,386,2249,520,522,True,1
child,7.1.2-c3-s3,7.1.2,106,577,151,153,False,1
child,7.1.2-c4-s1,7.1.2,343,1880,490,492,True,1
child,7.1.2-c4-s2,7.1.2,156,969,252,254,False,1
child,7.1.2-c5-s1,7.1.2,5,24,6,8,False,1
child,7.1.2-c5-s2,7.1.2,323,1786,460,462,True,1
child,7.1.2-c5-s3,7.1.2,58,330,98,100,False,1
child,7.1.2-c5-s4,7.1.2,41,271,60,62,False,1
child,7.1.2.1-c1-s1,7.1.2.1,52,338,78,80,False,1
child,7.1.2.1-c2-s1,7.1.2.1,298,1880,437,439,True,1
child,7.1.2.1-c2-s2,7.1.2.1,364,2270,537,539,True,1
child,7.1.2.1-c2-s3,7.1.2.1,5,26,6,8,False,1
child,7.1.3-c1-s1,7.1.3,3,20,8,10,False,1
child,7.1.3-c1-s2,7.1.3,296,1660,448,450,True,1
child,7.1.3-c1-s3,7.1.3,166,945,231,233,False,1
child,7.1.3-c1-s4,7.1.3,156,892,212,214,False,1
child,7.1.3.1-c1-s1,7.1.3.1,102,689,159,161,False,1
child,7.1.4-c1-s1,7.1.4,102,580,158,160,False,1
child,7.1.4-c2-s1,7.1.4,261,1461,428,430,True,1
child,7.1.4-c2-s2,7.1.4,228,1240,323,325,True,1
child,7.1.4-c3-s1,7.1.4,303,1687,433,435,True,1
child,7.1.4-c4-s1,7.1.4,250,1425,380,382,True,1
child,7.1.5-c1-s1,7.1.5,152,906,210,212,False,1
child,7.1.5-c2-s1,7.1.5,247,1471,338,340,True,1
child,7.1.5-c2-s2,7.1.5,138,815,182,184,False,1
child,7.1.5-c3-s1,7.1.5,325,1920,437,439,True,1
child,7.1.5-c3-s2,7.1.5,394,2426,503,505,True,1
child,7.1.5-c3-s3,7.1.5,60,358,80,82,False,1
child,7.1.5-c3-s4,7.1.5,400,2380,497,499,True,1
child,7.1.5-c3-s5,7.1.5,340,2090,431,433,True,1
child,7.1.5-c3-s6,7.1.5,124,775,152,154,False,1
child,7.1.5-c4-s1,7.1.5,6,32,9,11,False,1
child,7.1.5-c4-s2,7.1.5,405,2367,516,518,True,1
child,7.1.5-c4-s3,7.1.5,323,1880,420,422,True,1
child,7.1.5-c4-s4,7.1.5,265,1624,335,337,True,1
child,7.1.5-c4-s5,7.1.5,75,456,98,100,False,1
child,7.1.5-c5-s1,7.1.5,181,1044,241,243,False,1
child,7.1.5-c5-s2,7.1.5,296,1871,365,367,True,1
child,7.1.5.1-c1-s1,7.1.5.1,113,726,144,146,False,1
child,7.1.5.1-c1-s2,7.1.5.1,414,2449,497,499,True,1
child,7.1.5.1-c1-s3,7.1.5.1,399,2465,489,491,True,1
child,7.1.5.1-c1-s4,7.1.5.1,262,1572,324,326,True,1
child,7.1.5.1-c2-s1,7.1.5.1,88,522,112,114,False,1
child,7.2.1-c1-s1,7.2.1,89,542,124,126,False,1
child,7.2.1-c2-s1,7.2.1,121,746,158,160,False,1
child,7.2.1-c3-s1,7.2.1,253,1429,319,321,True,1
child,7.2.1-c3-s2,7.2.1,324,1769,443,445,True,1
child,7.2.1-c3-s3,7.2.1,292,1572,430,432,True,1
child,7.2.1-c4-s1,7.2.1,356,2071,517,519,True,1
child,7.2.1-c4-s2,7.2.1,25,151,30,32,False,1
child,7.2.1-c5-s1,7.2.1,140,838,192,194,False,1
child,7.2.1-c5-s2,7.2.1,295,1696,458,460,True,1
child,7.2.1-c5-s3,7.2.1,330,1912,458,460,True,1
child,7.2.1-c5-s4,7.2.1,95,560,137,139,False,1
child,7.2.1-c5-s5,7.2.1,247,1430,344,346,True,1
child,7.2.1-c6-s1,7.2.1,82,554,121,123,False,1
child,7.2.1-c7-s1,7.2.1,220,1402,331,333,True,1
child,7.2.1-c8-s1,7.2.1,39,220,50,52,False,1
child,7.2.1.1-c1-s1,7.2.1.1,113,666,143,145,False,1
child,7.2.1.1-c2-s1,7.2.1.1,382,2349,532,534,True,1
child,7.2.1.1-c2-s2,7.2.1.1,391,2260,504,506,True,1
child,7.2.1.1-c2-s3,7.2.1.1,121,750,167,169,False,1
child,7.2.1.1-c3-s1,7.2.1.1,334,2100,473,475,True,1
child,7.2.1.1-c3-s2,7.2.1.1,77,435,105,107,False,1
child,7.2.1.1-c4-s1,7.2.1.1,318,1925,422,424,True,1
child,7.2.1.1-c5-s1,7.2.1.1,217,1263,284,286,True,1
child,7.2.1.1-c6-s1,7.2.1.1,98,577,127,129,False,1
child,7.2.1.1-c7-s1,7.2.1.1,18,107,25,27,False,1
child,7.2.1.1-c8-s1,7.2.1.1,100,572,125,127,False,1
child,7.2.1.2-c1-s1,7.2.1.2,310,1786,403,405,True,1
child,7.2.1.3-c1-s1,7.2.1.3,145,867,182,184,False,1
child,7.2.1.3-c2-s1,7.2.1.3,382,2343,526,528,True,1
child,7.2.1.3-c2-s2,7.2.1.3,391,2262,506,508,True,1
child,7.2.1.3-c2-s3,7.2.1.3,115,717,158,160,False,1
child,7.2.1.3-c3-s1,7.2.1.3,334,2096,469,471,True,1
child,7.2.1.3-c3-s2,7.2.1.3,77,435,105,107,False,1
child,7.2.1.3-c4-s1,7.2.1.3,381,2262,476,478,True,1
child,7.2.1.3-c4-s2,7.2.1.3,188,1130,244,246,False,1
child,7.2.1.3-c4-s3,7.2.1.3,341,1998,448,450,True,1
child,7.2.1.3-c5-s1,7.2.1.3,116,686,150,152,False,1
child,7.2.1.3-c6-s1,7.2.1.3,119,679,145,147,False,1
child,7.2.1.4-c1-s1,7.2.1.4,68,445,92,94,False,1
child,7.2.1.4-c1-s2,7.2.1.4,331,1815,429,431,True,1
child,7.2.1A-c1-s1,7.2.1A,148,839,182,184,False,1
child,7.2.1A-c1-s2,7.2.1A,333,1895,475,477,True,1
child,7.2.1A-c1-s3,7.2.1A,122,633,185,187,False,1
child,7.2.1A-c2-s1,7.2.1A,254,1408,363,365,True,1
child,7.2.1A-c3-s1,7.2.1A,236,1286,369,371,True,1
child,7.2.1A-c3-s2,7.2.1A,265,1489,380,382,True,1
child,7.2.1A-c4-s1,7.2.1A,175,995,217,219,False,1
child,7.2.1A-c5-s1,7.2.1A,135,757,225,227,False,1
child,7.2.1A-c6-s1,7.2.1A,226,1390,323,325,True,1
child,7.2.1A-c6-s2,7.2.1A,275,1694,436,438,True,1
child,7.2.1A-c7-s1,7.2.1A,211,1135,326,328,True,1
child,7.2.1A-c8-s1,7.2.1A,69,386,105,107,False,1
child,7.2.1A-c9-s1,7.2.1A,106,618,143,145,False,1
child,7.2.1A.1-c1-s1,7.2.1A.1,196,1181,250,252,False,1
child,7.2.1A.1-c2-s1,7.2.1A.1,121,710,151,153,False,1
child,7.2.1A.1-c3-s1,7.2.1A.1,231,1470,306,308,True,1
child,7.2.1A.1-c4-s1,7.2.1A.1,150,925,197,199,False,1
child,7.2.1A.1-c5-s1,7.2.1A.1,335,2093,461,463,True,1
child,7.2.1A.1-c5-s2,7.2.1A.1,82,562,111,113,False,1
child,7.2.1A.1-c6-s1,7.2.1A.1,18,107,25,27,False,1
child,7.2.1A.1-c7-s1,7.2.1A.1,96,552,113,115,False,1
child,7.2.1A.1-c8-s1,7.2.1A.1,150,845,188,190,False,1
child,7.2.2-c1-s1,7.2.2,41,285,80,82,False,1
child,7.2.2-c2-s1,7.2.2,326,1875,441,443,True,1
child,7.2.2-c2-s2,7.2.2,332,1933,507,509,True,1
child,7.2.2-c2-s3,7.2.2,267,1505,407,409,True,1
child,7.2.2-c2-s4,7.2.2,101,561,151,153,False,1
child,7.2.2-c2-s5,7.2.2,279,1603,398,400,True,1
child,7.2.2-c2-s6,7.2.2,310,1774,471,473,True,1
child,7.2.2-c2-s7,7.2.2,216,1209,332,334,True,1
child,7.2.2-c2-s8,7.2.2,233,1359,325,327,True,1
child,7.2.2-c2-s9,7.2.2,335,1890,448,450,True,1
child,7.2.2-c2-s10,7.2.2,207,1118,245,247,False,1
child,7.2.2-c3-s1,7.2.2,136,784,178,180,False,1
child,7.2.2-c4-s1,7.2.2,243,1386,355,357,True,1
child,7.2.2-c5-s1,7.2.2,289,1773,423,425,True,1
child,7.2.2-c5-s2,7.2.2,195,1116,269,271,True,1
child,7.2.2-c6-s1,7.2.2,250,1478,353,355,True,1
child,7.2.2-c6-s2,7.2.2,338,2031,502,504,True,1
child,7.2.2-c7-s1,7.2.2,178,1011,244,246,False,1
child,7.2.2-c8-s1,7.2.2,105,633,161,163,False,1
child,7.2.2-c8-s2,7.2.2,307,1904,422,424,True,1
child,7.2.2.1-c1-s1,7.2.2.1,131,807,174,176,False,1
child,7.2.2.1-c2-s1,7.2.2.1,354,2200,502,504,True,1
child,7.2.2.1-c3-s1,7.2.2.1,358,2259,491,493,True,1
child,7.2.2.1-c4-s1,7.2.2.1,197,1254,320,322,True,1
child,7.2.2.1-c5-s1,7.2.2.1,417,2458,525,527,True,1
child,7.2.2.1-c5-s2,7.2.2.1,138,860,182,184,False,1
child,7.2.2.1-c6-s1,7.2.2.1,20,117,29,31,False,1
child,7.2.2.1-c7-s1,7.2.2.1,89,522,113,115,False,1
child,7.2.2.2-c1-s1,7.2.2.2,203,1217,258,260,True,1
child,7.2.2.2-c2-s1,7.2.2.2,364,2249,513,515,True,1
child,7.2.2.2-c3-s1,7.2.2.2,310,2021,445,447,True,1
child,7.2.2.2-c4-s1,7.2.2.2,208,1329,332,334,True,1
child,7.2.2.2-c5-s1,7.2.2.2,382,2280,487,489,True,1
child,7.2.2.2-c5-s2,7.2.2.2,94,635,144,146,False,1
child,7.2.2.2-c6-s1,7.2.2.2,20,117,29,31,False,1
child,7.2.2.2-c7-s1,7.2.2.2,114,656,144,146,False,1
child,7.2.2.3-c1-s1,7.2.2.3,269,1588,404,406,True,1
child,7.2.3-c1-s1,7.2.3,36,261,77,79,False,1
child,7.2.3-c2-s1,7.2.3,296,1703,422,424,True,1
child,7.2.3-c2-s2,7.2.3,146,774,200,202,False,1
child,7.2.3-c3-s1,7.2.3,261,1398,358,360,True,1
child,7.2.3-c4-s1,7.2.3,32,187,38,40,False,1
child,7.2.3-c5-s1,7.2.3,194,1061,288,290,True,1
child,7.2.3-c6-s1,7.2.3,222,1179,291,293,True,1
child,7.2.3-c6-s2,7.2.3,283,1629,412,414,True,1
child,7.2.3-c6-s3,7.2.3,291,1687,405,407,True,1
child,7.2.3-c6-s4,7.2.3,6,43,8,10,False,1
child,7.2.3-c6-s5,7.2.3,309,1689,433,435,True,1
child,7.2.3-c6-s6,7.2.3,58,333,83,85,False,1
child,7.2.3-c6-s7,7.2.3,312,1812,443,445,True,1
child,7.2.3-c6-s8,7.2.3,310,1818,435,437,True,1
child,7.2.3-c6-s9,7.2.3,152,883,235,237,False,1
child,7.2.3-c7-s1,7.2.3,311,1885,492,494,True,1
child,7.2.3-c8-s1,7.2.3,46,290,85,87,False,1
child,7.2.3-c9-s1,7.2.3,314,1901,465,467,True,1
child,7.2.3-c9-s2,7.2.3,135,787,200,202,False,1
child,7.2.3-c10-s1,7.2.3,183,1036,246,248,False,1
child,7.2.3.1-c1-s1,7.2.3.1,371,2189,516,518,True,1
child,7.2.3.1-c2-s1,7.2.3.1,415,2596,525,527,True,1
child,7.2.3.1-c3-s1,7.2.3.1,326,2047,476,478,True,1
child,7.2.3.1-c3-s2,7.2.3.1,95,612,125,127,False,1
child,7.2.3.1-c4-s1,7.2.3.1,106,633,132,134,False,1
child,7.2.3.1-c5-s1,7.2.3.1,104,595,135,137,False,1
child,7.2.3.2-c1-s1,7.2.3.2,272,1534,375,377,True,1
child,7.2.5-c1-s1,7.2.5,74,455,109,111,False,1
child,7.2.5-c2-s1,7.2.5,342,1900,460,462,True,1
child,7.2.5-c2-s2,7.2.5,130,694,171,173,False,1
child,7.2.5-c3-s1,7.2.5,274,1657,422,424,True,1
child,7.2.5-c3-s2,7.2.5,105,597,148,150,False,1
child,7.2.5-c3-s3,7.2.5,349,2059,488,490,True,1
child,7.2.5-c3-s4,7.2.5,298,1728,407,409,True,1
child,7.2.5-c3-s5,7.2.5,54,298,82,84,False,1
child,7.2.5-c3-s6,7.2.5,320,1879,463,465,True,1
child,7.2.5-c3-s7,7.2.5,111,627,150,152,False,1
child,7.2.5-c3-s8,7.2.5,163,1010,232,234,False,1
child,7.2.5-c3-s9,7.2.5,262,1475,393,395,True,1
child,7.2.5-c3-s10,7.2.5,207,1215,285,287,True,1
child,7.2.5-c4-s1,7.2.5,108,647,164,166,False,1
child,7.2.5-c4-s2,7.2.5,324,1855,432,434,True,1
child,7.2.5-c5-s1,7.2.5,69,402,95,97,False,1
child,7.2.5-c5-s2,7.2.5,320,1793,462,464,True,1
child,7.2.5-c5-s3,7.2.5,237,1287,326,328,True,1
child,7.2.5-c5-s4,7.2.5,309,1721,443,445,True,1
child,7.2.5-c6-s1,7.2.5,2,16,6,8,False,1
child,7.2.5-c6-s2,7.2.5,332,1841,495,497,True,1
child,7.2.5-c6-s3,7.2.5,77,451,113,115,False,1
child,7.2.5-c6-s4,7.2.5,236,1346,304,306,True,1
child,7.2.5-c7-s1,7.2.5,155,875,220,222,False,1
child,7.2.5-c8-s1,7.2.5,173,1047,243,245,False,1
child,7.2.5-c9-s1,7.2.5,67,423,93,95,False,1
child,7.2.5.1-c1-s1,7.2.5.1,101,609,137,139,False,1
child,7.2.5.1-c2-s1,7.2.5.1,384,2410,527,529,True,1
child,7.2.5.1-c3-s1,7.2.5.1,60,380,92,94,False,1
child,7.2.5.1-c3-s2,7.2.5.1,391,2492,523,525,True,1
child,7.2.5.1-c3-s3,7.2.5.1,285,1793,374,376,True,1
child,7.2.5.1-c3-s4,7.2.5.1,402,2432,506,508,True,1
child,7.2.5.1-c3-s5,7.2.5.1,42,230,55,57,False,1
child,7.2.5.1-c3-s6,7.2.5.1,131,751,169,171,False,1
child,7.2.5.1-c3-s7,7.2.5.1,370,2259,477,479,True,1
child,7.2.5.1-c3-s8,7.2.5.1,347,2136,444,446,True,1
child,7.2.5.1-c4-s1,7.2.5.1,327,1908,419,421,True,1
child,7.2.5.1-c4-s2,7.2.5.1,410,2338,516,518,True,1
child,7.2.5.1-c4-s3,7.2.5.1,40,257,52,54,False,1
child,7.2.5.1-c4-s4,7.2.5.1,250,1471,327,329,True,1
child,7.2.5.1-c5-s1,7.2.5.1,102,608,144,146,False,1
child,7.2.5.1-c6-s1,7.2.5.1,263,1669,326,328,True,1
child,7.2.5.2-c1-s1,7.2.5.2,100,615,136,138,False,1
child,7.2.5.2-c2-s1,7.2.5.2,384,2410,527,529,True,1
child,7.2.5.2-c3-s1,7.2.5.2,240,1427,356,358,True,1
child,7.2.5.2-c3-s2,7.2.5.2,404,2592,551,553,True,1
child,7.2.5.2-c3-s3,7.2.5.2,296,1867,388,390,True,1
child,7.2.5.2-c3-s4,7.2.5.2,401,2425,505,507,True,1
child,7.2.5.2-c3-s5,7.2.5.2,42,230,55,57,False,1
child,7.2.5.2-c3-s6,7.2.5.2,130,749,168,170,False,1
child,7.2.5.2-c3-s7,7.2.5.2,389,2391,513,515,True,1
child,7.2.5.2-c3-s8,7.2.5.2,349,2148,452,454,True,1
child,7.2.5.2-c4-s1,7.2.5.2,135,761,191,193,False,1
child,7.2.5.2-c5-s1,7.2.5.2,147,867,204,206,False,1
child,7.2.5.2-c6-s1,7.2.5.2,309,1799,395,397,True,1
child,7.2.5.2-c6-s2,7.2.5.2,413,2369,522,524,True,1
child,7.2.5.2-c6-s3,7.2.5.2,40,257,52,54,False,1
child,7.2.5.2-c6-s4,7.2.5.2,379,2278,519,521,True,1
child,7.2.5.2-c7-s1,7.2.5.2,102,608,144,146,False,1
child,7.2.5.2-c8-s1,7.2.5.2,263,1670,326,328,True,1
child,7.2.5.3-c1-s1,7.2.5.3,268,1499,400,402,True,1
child,7.2.5.4-c1-s1,7.2.5.4,302,1698,423,425,True,1
child,7.2.5.5-c1-s1,7.2.5.5,222,1235,298,300,True,1
child,7.2.5.6-c1-s1,7.2.5.6,222,1229,298,300,True,1
child,7.2.6-c1-s1,7.2.6,311,2010,400,402,True,1
child,7.2.6-c2-s1,7.2.6,184,1161,259,261,True,1
child,7.2.6-c3-s1,7.2.6,47,303,61,63,False,1
child,7.2.6-c4-s1,7.2.6,342,1904,464,466,True,1
child,7.2.6-c4-s2,7.2.6,130,696,173,175,False,1
child,7.2.6-c5-s1,7.2.6,192,1072,276,278,True,1
child,7.2.6-c5-s2,7.2.6,296,1621,432,434,True,1
child,7.2.6-c5-s3,7.2.6,42,240,71,73,False,1
child,7.2.6-c5-s4,7.2.6,62,390,90,92,False,1
child,7.2.6-c5-s5,7.2.6,349,2046,508,510,True,1
child,7.2.6-c5-s6,7.2.6,44,244,67,69,False,1
child,7.2.6-c5-s7,7.2.6,197,1102,299,301,True,1
child,7.2.6-c6-s1,7.2.6,269,1616,381,383,True,1
child,7.2.6-c7-s1,7.2.6,32,206,50,52,False,1
child,7.2.6-c8-s1,7.2.6,167,1008,231,233,False,1
child,7.2.6-c9-s1,7.2.6,249,1464,359,361,True,1
child,7.2.6.1-c1-s1,7.2.6.1,173,1060,220,222,False,1
child,7.2.6.1-c2-s1,7.2.6.1,225,1380,318,320,True,1
child,7.2.6.1-c3-s1,7.2.6.1,403,2453,499,501,True,1
child,7.2.6.1-c3-s2,7.2.6.1,259,1597,332,334,True,1
child,7.2.6.1-c4-s1,7.2.6.1,364,2234,494,496,True,1
child,7.2.6.1-c4-s2,7.2.6.1,40,259,52,54,False,1
child,7.2.6.1-c4-s3,7.2.6.1,18,107,25,27,False,1
child,7.2.6.1-c5-s1,7.2.6.1,98,586,130,132,False,1
child,7.2.6.1-c6-s1,7.2.6.1,239,1505,288,290,True,1
child,7.2.6.2-c1-s1,7.2.6.2,165,1015,211,213,False,1
child,7.2.6.2-c2-s1,7.2.6.2,223,1385,325,327,True,1
child,7.2.6.2-c3-s1,7.2.6.2,403,2453,499,501,True,1
child,7.2.6.2-c3-s2,7.2.6.2,259,1597,332,334,True,1
child,7.2.6.2-c4-s1,7.2.6.2,387,2305,510,512,True,1
child,7.2.6.2-c5-s1,7.2.6.2,103,597,125,127,False,1
child,7.2.6.3-c1-s1,7.2.6.3,209,1200,263,265,True,1
child,7.3.1.1-c1-s1,7.3.1.1,213,1265,280,282,True,1
child,7.3.1.1-c1-s2,7.3.1.1,350,2063,459,461,True,1
child,7.3.1.1-c1-s3,7.3.1.1,92,553,128,130,False,1
child,7.3.1.1-c1-s4,7.3.1.1,312,1835,418,420,True,1
child,7.3.1.1-c1-s5,7.3.1.1,302,1812,377,379,True,1
child,7.3.1.1-c1-s6,7.3.1.1,319,1925,440,442,True,1
child,7.3.1.1-c1-s7,7.3.1.1,215,1345,284,286,True,1
child,7.3.1.1.1-c1-s1,7.3.1.1.1,417,2458,501,503,True,1
child,7.3.1.1.1-c1-s2,7.3.1.1.1,216,1324,268,270,True,1
child,7.3.1.1.2-c1-s1,7.3.1.1.2,207,1215,245,247,False,1
child,7.3.1.2-c1-s1,7.3.1.2,57,363,88,90,False,1
child,7.3.1.2-c1-s2,7.3.1.2,329,2060,425,427,True,1
child,7.3.1.2-c2-s1,7.3.1.2,289,1685,398,400,True,1
child,7.3.1.2-c2-s2,7.3.1.2,96,529,119,121,False,1
child,7.3.1.2-c3-s1,7.3.1.2,7,44,8,10,False,1
child,7.3.1.2-c3-s2,7.3.1.2,330,1835,456,458,True,1
child,7.3.1.2-c3-s3,7.3.1.2,215,1256,279,281,True,1
child,7.3.1.2-c4-s1,7.3.1.2,381,2113,476,478,True,1
child,7.3.1.2-c4-s2,7.3.1.2,53,308,73,75,False,1
child,7.3.1.2-c4-s3,7.3.1.2,423,2368,531,533,True,1
child,7.3.1.2-c4-s4,7.3.1.2,56,316,69,71,False,1
child,7.3.1.2-c4-s5,7.3.1.2,270,1558,367,369,True,1
child,7.3.1.2-c4-s6,7.3.1.2,333,1983,474,476,True,1
child,7.3.1.2-c4-s7,7.3.1.2,133,776,186,188,False,1
child,7.3.1.2-c4-s8,7.3.1.2,52,285,69,71,False,1
child,7.3.1.2-c4-s9,7.3.1.2,281,1617,415,417,True,1
child,7.3.1.2-c4-s10,7.3.1.2,344,2010,458,460,True,1
child,7.3.1.2-c4-s11,7.3.1.2,163,957,221,223,False,1
child,7.3.1.2-c5-s1,7.3.1.2,136,859,173,175,False,1
child,7.3.1.2-c6-s1,7.3.1.2,146,901,192,194,False,1
child,7.3.1.2-c6-s2,7.3.1.2,331,1905,460,462,True,1
child,7.3.1.2-c6-s3,7.3.1.2,390,2307,487,489,True,1
child,7.3.1.2-c6-s4,7.3.1.2,88,493,97,99,False,1
child,7.3.1.2-c7-s1,7.3.1.2,105,675,140,142,False,1
child,7.3.1.2-c8-s1,7.3.1.2,330,1794,381,383,True,1
child,7.3.1.2-c8-s2,7.3.1.2,375,2255,481,483,True,1
child,7.3.1.2-c8-s3,7.3.1.2,65,419,89,91,False,1
child,7.3.1.2-c8-s4,7.3.1.2,339,2022,528,530,True,1
child,7.3.1.2-c8-s5,7.3.1.2,116,743,187,189,False,1
child,7.3.1.2-c8-s6,7.3.1.2,365,2340,497,499,True,1
child,7.3.1.2-c8-s7,7.3.1.2,152,915,186,188,False,1
child,7.3.1.2-c8-s8,7.3.1.2,310,1872,426,428,True,1
child,7.3.1.2-c8-s9,7.3.1.2,66,434,97,99,False,1
child,7.3.1.2-c8-s10,7.3.1.2,77,422,92,94,False,1
child,7.3.1.3-c1-s1,7.3.1.3,286,1691,417,419,True,1
child,7.3.1.3-c2-s1,7.3.1.3,243,1366,357,359,True,1
child,7.3.1.3-c3-s1,7.3.1.3,257,1593,363,365,True,1
child,7.3.1.3-c4-s1,7.3.1.3,277,1634,390,392,True,1
child,7.3.1.3-c5-s1,7.3.1.3,4,23,7,9,False,1
child,7.3.1.3-c5-s2,7.3.1.3,303,1727,416,418,True,1
child,7.3.1.3-c5-s3,7.3.1.3,235,1323,309,311,True,1
child,7.3.1.3-c5-s4,7.3.1.3,227,1261,302,304,True,1
child,7.3.1.3-c5-s5,7.3.1.3,229,1239,274,276,True,1
child,7.3.1.3-c5-s6,7.3.1.3,341,1940,459,461,True,1
child,7.3.1.3-c5-s7,7.3.1.3,78,464,102,104,False,1
child,7.3.1.3-c5-s8,7.3.1.3,315,1845,475,477,True,1
child,7.3.1.3-c5-s9,7.3.1.3,258,1518,335,337,True,1
child,7.3.1.3-c5-s10,7.3.1.3,334,1897,433,435,True,1
child,7.3.1.3-c5-s11,7.3.1.3,283,1500,442,444,True,1
child,7.3.1.3-c5-s12,7.3.1.3,362,1997,465,467,True,1
child,7.3.1.3-c5-s13,7.3.1.3,190,1044,246,248,False,1
child,7.3.1.3-c5-s14,7.3.1.3,309,1648,428,430,True,1
child,7.3.1.3-c5-s15,7.3.1.3,183,1076,270,272,True,1
child,7.3.1.3-c5-s16,7.3.1.3,114,706,185,187,False,1
child,7.3.1.3-c5-s17,7.3.1.3,350,1972,428,430,True,1
child,7.3.1.3.1-c1-s1,7.3.1.3.1,52,317,75,77,False,1
child,7.3.1.3.1-c1-s2,7.3.1.3.1,359,2274,519,521,True,1
child,7.3.1.3.1-c1-s3,7.3.1.3.1,278,1516,334,336,True,1
child,7.3.1.3.1-c1-s4,7.3.1.3.1,168,985,216,218,False,1
child,7.3.1.3.1-c1-s5,7.3.1.3.1,343,2179,499,501,True,1
child,7.3.1.3.1-c1-s6,7.3.1.3.1,204,1171,249,251,False,1
child,7.3.1.4-c1-s1,7.3.1.4,119,707,161,163,False,1
child,7.3.1.4-c2-s1,7.3.1.4,229,1361,290,292,True,1
child,7.3.1.4-c3-s1,7.3.1.4,190,1148,278,280,True,1
child,7.3.1.4-c4-s1,7.3.1.4,316,1783,410,412,True,1
child,7.3.1.4-c5-s1,7.3.1.4,113,640,131,133,False,1
child,7.3.1.4-c5-s2,7.3.1.4,310,1872,423,425,True,1
child,7.3.1.4-c5-s3,7.3.1.4,254,1486,344,346,True,1
child,7.3.1.4-c5-s4,7.3.1.4,378,2341,501,503,True,1
child,7.3.1.4-c5-s5,7.3.1.4,260,1541,348,350,True,1
child,7.3.1.4.1-c1-s1,7.3.1.4.1,319,1828,390,392,True,1
child,7.3.1.5-c1-s1,7.3.1.5,220,1513,330,332,True,1
child,7.3.1.5-c2-s1,7.3.1.5,161,1112,254,256,False,1
child,7.3.1.5-c3-s1,7.3.1.5,123,791,173,175,False,1
child,7.3.1.5-c4-s1,7.3.1.5,314,1862,386,388,True,1
child,7.3.1.5-c5-s1,7.3.1.5,181,1097,240,242,False,1
child,7.3.1.5-c6-s1,7.3.1.5,44,315,61,63,False,1
child,7.3.1.5.1-c1-s1,7.3.1.5.1,301,1893,404,406,True,1
child,7.3.1.5.1-c1-s2,7.3.1.5.1,113,630,131,133,False,1
child,7.3.1.6-c1-s1,7.3.1.6,159,1029,221,223,False,1
child,7.3.1.6-c1-s2,7.3.1.6,356,2118,484,486,True,1
child,7.3.1.6-c1-s3,7.3.1.6,277,1666,354,356,True,1
child,7.3.1.6.1-c1-s1,7.3.1.6.1,294,1757,346,348,True,1
child,7.3.1.7-c1-s1,7.3.1.7,227,1377,322,324,True,1
child,7.3.1.7-c1-s2,7.3.1.7,250,1443,380,382,True,1
child,7.3.1.7-c1-s3,7.3.1.7,299,1827,426,428,True,1
child,7.3.1.7-c1-s4,7.3.1.7,258,1542,352,354,True,1
child,7.3.1.7-c1-s5,7.3.1.7,224,1386,305,307,True,1
child,7.3.1.7.1-c1-s1,7.3.1.7.1,187,1053,227,229,False,1
child,7.3.2-c1-s1,7.3.2,18,95,30,32,False,1
child,7.3.2-c1-s2,7.3.2,278,1660,372,374,True,1
child,7.3.2-c1-s3,7.3.2,69,392,86,88,False,1
child,7.3.2-c1-s4,7.3.2,304,1807,456,458,True,1
child,7.3.2-c1-s5,7.3.2,53,352,63,65,False,1
child,7.3.2-c2-s1,7.3.2,73,433,110,112,False,1
child,7.3.2-c3-s1,7.3.2,328,1873,450,452,True,1
child,7.3.2-c4-s1,7.3.2,343,1879,479,481,True,1
child,7.3.2-c4-s2,7.3.2,346,1955,465,467,True,1
child,7.3.2-c4-s3,7.3.2,143,764,188,190,False,1
child,7.3.2-c4-s4,7.3.2,326,1884,497,499,True,1
child,7.3.2-c5-s1,7.3.2,169,909,242,244,False,1
child,7.3.2-c6-s1,7.3.2,247,1463,365,367,True,1
child,7.3.2-c7-s1,7.3.2,336,2115,520,522,True,1
child,7.3.2-c7-s2,7.3.2,277,1681,421,423,True,1
child,7.3.2-c8-s1,7.3.2,116,736,139,141,False,1
child,7.3.2-c8-s2,7.3.2,356,2121,490,492,True,1
child,7.3.2-c8-s3,7.3.2,65,427,78,80,False,1
child,7.3.2-c8-s4,7.3.2,232,1369,305,307,True,1
child,7.3.2.1-c1-s1,7.3.2.1,136,886,192,194,False,1
child,7.3.2.1-c2-s1,7.3.2.1,259,1672,395,397,True,1
child,7.3.2.1-c2-s2,7.3.2.1,108,728,157,159,False,1
child,7.3.2.1-c3-s1,7.3.2.1,442,2514,532,534,True,1
child,7.3.2.1-c3-s2,7.3.2.1,102,633,124,126,False,1
child,7.3.2.1-c4-s1,7.3.2.1,111,714,143,145,False,1
child,7.3.2.1-c4-s2,7.3.2.1,382,2367,518,520,True,1
child,7.3.2.1-c4-s3,7.3.2.1,140,942,203,205,False,1
child,7.3.2.1-c5-s1,7.3.2.1,99,614,150,152,False,1
child,7.3.2.1-c6-s1,7.3.2.1,18,105,23,25,False,1
child,7.3.2.1-c7-s1,7.3.2.1,94,529,114,116,False,1
child,7.3.2.1A-c1-s1,7.3.2.1A,107,696,155,157,False,1
child,7.3.2.1A-c2-s1,7.3.2.1A,55,375,72,74,False,1
child,7.3.2.1A-c3-s1,7.3.2.1A,204,1293,323,325,True,1
child,7.3.2.1A-c4-s1,7.3.2.1A,108,728,157,159,False,1
child,7.3.2.1A-c5-s1,7.3.2.1A,411,2350,527,529,True,1
child,7.3.2.1A-c5-s2,7.3.2.1A,288,1747,360,362,True,1
child,7.3.2.1A-c6-s1,7.3.2.1A,111,714,143,145,False,1
child,7.3.2.1A-c6-s2,7.3.2.1A,389,2446,524,526,True,1
child,7.3.2.1A-c6-s3,7.3.2.1A,121,792,171,173,False,1
child,7.3.2.1A-c7-s1,7.3.2.1A,98,607,149,151,False,1
child,7.3.2.1A-c8-s1,7.3.2.1A,18,109,27,29,False,1
child,7.3.2.1A-c9-s1,7.3.2.1A,94,529,114,116,False,1
child,7.3.2.3-c1-s1,7.3.2.3,136,812,188,190,False,1
child,7.3.2.3-c2-s1,7.3.2.3,367,2318,552,554,True,1
child,7.3.2.3-c2-s2,7.3.2.3,111,739,161,163,False,1
child,7.3.2.3-c3-s1,7.3.2.3,80,553,118,120,False,1
child,7.3.2.3-c4-s1,7.3.2.3,203,1182,248,250,False,1
child,7.3.2.3-c4-s2,7.3.2.3,290,1659,347,349,True,1
child,7.3.2.3-c5-s1,7.3.2.3,161,946,212,214,False,1
child,7.3.2.3-c6-s1,7.3.2.3,127,698,154,156,False,1
child,7.3.2.4-c1-s1,7.3.2.4,316,1713,426,428,True,1
child,7.3.2.5-c1-s1,7.3.2.5,111,686,159,161,False,1
child,7.3.2.5-c2-s1,7.3.2.5,367,2316,550,552,True,1
child,7.3.2.5-c2-s2,7.3.2.5,111,739,161,163,False,1
child,7.3.2.5-c3-s1,7.3.2.5,80,553,116,118,False,1
child,7.3.2.5-c4-s1,7.3.2.5,203,1182,248,250,False,1
child,7.3.2.5-c4-s2,7.3.2.5,290,1659,347,349,True,1
child,7.3.2.5-c5-s1,7.3.2.5,132,788,176,178,False,1
child,7.3.2.5-c6-s1,7.3.2.5,18,107,25,27,False,1
child,7.3.2.5-c7-s1,7.3.2.5,115,644,142,144,False,1
child,7.3.2.6-c1-s1,7.3.2.6,254,1401,335,337,True,1
child,7.3.2.7-c1-s1,7.3.2.7,221,1355,303,305,True,1
child,7.3.2.7-c2-s1,7.3.2.7,168,1113,267,269,True,1
child,7.3.2.7-c3-s1,7.3.2.7,113,746,166,168,False,1
child,7.3.2.7-c4-s1,7.3.2.7,56,369,80,82,False,1
child,7.3.2.7-c5-s1,7.3.2.7,232,1374,293,295,True,1
child,7.3.2.7-c5-s2,7.3.2.7,313,1805,379,381,True,1
child,7.3.2.7-c6-s1,7.3.2.7,161,947,214,216,False,1
child,7.3.2.7-c7-s1,7.3.2.7,155,883,207,209,False,1
child,7.3.2.7A-c1-s1,7.3.2.7A,157,997,225,227,False,1
child,7.3.2.7A-c2-s1,7.3.2.7A,207,1319,305,307,True,1
child,7.3.2.7A-c3-s1,7.3.2.7A,191,1293,268,270,True,1
child,7.3.2.7A-c4-s1,7.3.2.7A,434,2422,544,546,True,1
child,7.3.2.7A-c4-s2,7.3.2.7A,285,1691,345,347,True,1
child,7.3.2.7A-c5-s1,7.3.2.7A,111,720,147,149,False,1
child,7.3.2.7A-c5-s2,7.3.2.7A,389,2450,509,511,True,1
child,7.3.2.7A-c5-s3,7.3.2.7A,121,787,165,167,False,1
child,7.3.2.7A-c6-s1,7.3.2.7A,100,634,155,157,False,1
child,7.3.2.7A-c7-s1,7.3.2.7A,18,107,25,27,False,1
child,7.3.2.7A-c8-s1,7.3.2.7A,102,610,144,146,False,1
child,7.3.2.7B-c1-s1,7.3.2.7B,155,995,230,232,False,1
child,7.3.2.7B-c2-s1,7.3.2.7B,207,1315,301,303,True,1
child,7.3.2.7B-c3-s1,7.3.2.7B,192,1299,269,271,True,1
child,7.3.2.7B-c4-s1,7.3.2.7B,427,2492,530,532,True,1
child,7.3.2.7B-c4-s2,7.3.2.7B,102,632,124,126,False,1
child,7.3.2.7B-c5-s1,7.3.2.7B,111,716,143,145,False,1
child,7.3.2.7B-c5-s2,7.3.2.7B,401,2505,538,540,True,1
child,7.3.2.7B-c5-s3,7.3.2.7B,121,789,167,169,False,1
child,7.3.2.7B-c6-s1,7.3.2.7B,100,634,155,157,False,1
child,7.3.2.7B-c7-s1,7.3.2.7B,18,107,25,27,False,1
child,7.3.2.7B-c8-s1,7.3.2.7B,102,614,150,152,False,1
child,7.3.2.8-c1-s1,7.3.2.8,48,310,72,74,False,1
child,7.3.2.8-c1-s2,7.3.2.8,322,1732,432,434,True,1
child,7.3.2.9-c1-s1,7.3.2.9,48,313,72,74,False,1
child,7.3.2.9-c1-s2,7.3.2.9,326,1746,432,434,True,1
child,7.3.2.10-c1-s1,7.3.2.10,178,1121,253,255,False,1
child,7.3.2.10-c2-s1,7.3.2.10,168,1113,267,269,True,1
child,7.3.2.10-c3-s1,7.3.2.10,113,746,166,168,False,1
child,7.3.2.10-c4-s1,7.3.2.10,56,369,80,82,False,1
child,7.3.2.10-c5-s1,7.3.2.10,232,1374,293,295,True,1
child,7.3.2.10-c5-s2,7.3.2.10,313,1805,379,381,True,1
child,7.3.2.10-c6-s1,7.3.2.10,150,900,203,205,False,1
child,7.3.2.10-c7-s1,7.3.2.10,141,802,193,195,False,1
child,7.3.2.11-c1-s1,7.3.2.11,182,1138,253,255,False,1
child,7.3.2.11-c2-s1,7.3.2.11,143,920,215,217,False,1
child,7.3.2.11-c3-s1,7.3.2.11,113,746,166,168,False,1
child,7.3.2.11-c4-s1,7.3.2.11,56,369,80,82,False,1
child,7.3.2.11-c5-s1,7.3.2.11,230,1363,289,291,True,1
child,7.3.2.11-c5-s2,7.3.2.11,313,1791,367,369,True,1
child,7.3.2.11-c6-s1,7.3.2.11,150,900,203,205,False,1
child,7.3.2.11-c7-s1,7.3.2.11,141,802,193,195,False,1
child,7.3.2.12-c1-s1,7.3.2.12,51,337,73,75,False,1
child,7.3.2.12-c1-s2,7.3.2.12,322,1733,432,434,True,1
child,7.3.2.13-c1-s1,7.3.2.13,353,1947,473,475,True,1
child,7.3.3-c1-s1,7.3.3,170,976,213,215,False,1
child,7.3.3-c2-s1,7.3.3,137,787,192,194,False,1
child,7.3.3-c3-s1,7.3.3,269,1561,392,394,True,1
child,7.3.3-c3-s2,7.3.3,224,1207,304,306,True,1
child,7.3.3-c3-s3,7.3.3,312,1790,476,478,True,1
child,7.3.3-c3-s4,7.3.3,327,1888,460,462,True,1
child,7.3.3-c4-s1,7.3.3,216,1315,295,297,True,1
child,7.3.3-c5-s1,7.3.3,249,1462,406,408,True,1
child,7.3.3-c5-s2,7.3.3,157,966,222,224,False,1
child,7.3.3-c6-s1,7.3.3,371,2210,464,466,True,1
child,7.3.3-c6-s2,7.3.3,134,834,196,198,False,1
child,7.3.3-c7-s1,7.3.3,168,1024,212,214,False,1
child,7.3.3-c8-s1,7.3.3,287,1713,392,394,True,1
child,7.3.3-c8-s2,7.3.3,83,481,121,123,False,1
child,7.3.3.1-c1-s1,7.3.3.1,166,1069,254,256,False,1
child,7.3.3.1-c2-s1,7.3.3.1,298,1959,453,455,True,1
child,7.3.3.1-c3-s1,7.3.3.1,76,531,116,118,False,1
child,7.3.3.1-c4-s1,7.3.3.1,203,1182,248,250,False,1
child,7.3.3.1-c4-s2,7.3.3.1,291,1659,346,348,True,1
child,7.3.3.1-c5-s1,7.3.3.1,149,906,203,205,False,1
child,7.3.3.1-c6-s1,7.3.3.1,111,625,138,140,False,1
child,7.3.3.2-c1-s1,7.3.3.2,110,664,151,153,False,1
child,7.3.3.2-c2-s1,7.3.3.2,305,1935,411,413,True,1
child,7.3.3.2-c3-s1,7.3.3.2,76,529,114,116,False,1
child,7.3.3.2-c4-s1,7.3.3.2,203,1182,248,250,False,1
child,7.3.3.2-c4-s2,7.3.3.2,291,1659,346,348,True,1
child,7.3.3.2-c5-s1,7.3.3.2,149,906,203,205,False,1
child,7.3.3.2-c6-s1,7.3.3.2,111,625,138,140,False,1
child,7.3.3.3-c1-s1,7.3.3.3,269,1491,364,366,True,1
child,7.3.3A-c1-s1,7.3.3A,53,314,74,76,False,1
child,7.3.3A-c1-s2,7.3.3A,333,1928,442,444,True,1
child,7.3.3A.1-c1-s1,7.3.3A.1,264,1619,340,342,True,1
child,7.3.3A.1-c2-s1,7.3.3A.1,216,1261,268,270,True,1
child,7.3.3A.1-c3-s1,7.3.3A.1,100,628,135,137,False,1
child,7.3.3A.1-c4-s1,7.3.3A.1,127,797,152,154,False,1
child,7.3.3A.1-c4-s2,7.3.3A.1,404,2502,517,519,True,1
child,7.3.3A.1-c4-s3,7.3.3A.1,118,751,157,159,False,1
child,7.3.3A.1-c5-s1,7.3.3A.1,127,702,151,153,False,1
child,7.3.3A.1A-c1-s1,7.3.3A.1A,266,1634,347,349,True,1
child,7.3.3A.1A-c2-s1,7.3.3A.1A,220,1291,272,274,True,1
child,7.3.3A.1A-c3-s1,7.3.3A.1A,100,628,135,137,False,1
child,7.3.3A.1A-c4-s1,7.3.3A.1A,127,797,152,154,False,1
child,7.3.3A.1A-c4-s2,7.3.3A.1A,384,2379,494,496,True,1
child,7.3.3A.1A-c4-s3,7.3.3A.1A,118,745,151,153,False,1
child,7.3.3A.1A-c5-s1,7.3.3A.1A,127,702,151,153,False,1
child,7.3.4-c1-s1,7.3.4,8,48,20,22,False,1
child,7.3.4-c1-s2,7.3.4,385,2175,497,499,True,1
child,7.3.4-c1-s3,7.3.4,11,64,23,25,False,1
child,7.3.4-c1-s4,7.3.4,5,26,6,8,False,1
child,7.3.4.1-c1-s1,7.3.4.1,304,1879,443,445,True,1
child,7.3.4.1-c2-s1,7.3.4.1,214,1291,277,279,True,1
child,7.3.4.1-c3-s1,7.3.4.1,66,449,100,102,False,1
child,7.3.4.1-c4-s1,7.3.4.1,118,699,165,167,False,1
child,7.3.4.2-c1-s1,7.3.4.2,93,551,122,124,False,1
child,7.3.4.2-c1-s2,7.3.4.2,330,1843,442,444,True,1
child,7.3.4.3-c1-s1,7.3.4.3,310,1921,444,446,True,1
child,7.3.4.3-c2-s1,7.3.4.3,163,1031,229,231,False,1
child,7.3.4.3-c3-s1,7.3.4.3,66,449,100,102,False,1
child,7.3.4.3-c4-s1,7.3.4.3,129,789,186,188,False,1
child,7.3.4.4-c1-s1,7.3.4.4,361,2105,474,476,True,1
child,7.3.5-c1-s1,7.3.5,151,928,211,213,False,1
child,7.3.5-c2-s1,7.3.5,58,318,73,75,False,1
child,7.3.5-c3-s1,7.3.5,243,1426,324,326,True,1
child,7.3.5-c4-s1,7.3.5,94,526,128,130,False,1
child,7.3.5-c4-s2,7.3.5,344,1956,514,516,True,1
child,7.3.5-c4-s3,7.3.5,316,1928,491,493,True,1
child,7.3.5-c4-s4,7.3.5,43,246,66,68,False,1
child,7.3.5-c5-s1,7.3.5,101,582,125,127,False,1
child,7.3.5-c6-s1,7.3.5,157,913,224,226,False,1
child,7.3.5-c7-s1,7.3.5,143,932,207,209,False,1
child,7.3.5-c8-s1,7.3.5,225,1331,306,308,True,1
child,7.3.5.1-c1-s1,7.3.5.1,64,393,90,92,False,1
child,7.3.5.1-c2-s1,7.3.5.1,83,493,96,98,False,1
child,7.3.5.1-c3-s1,7.3.5.1,129,775,168,170,False,1
child,7.3.5.1-c4-s1,7.3.5.1,109,712,155,157,False,1
child,7.3.5.1-c5-s1,7.3.5.1,159,951,199,201,False,1
child,7.3.5.1-c6-s1,7.3.5.1,418,2362,514,516,True,1
child,7.3.5.1-c6-s2,7.3.5.1,127,782,155,157,False,1
child,7.3.5.1-c7-s1,7.3.5.1,111,710,143,145,False,1
child,7.3.5.1-c7-s2,7.3.5.1,381,2360,515,517,True,1
child,7.3.5.1-c7-s3,7.3.5.1,136,899,193,195,False,1
child,7.3.5.1-c8-s1,7.3.5.1,91,576,130,132,False,1
child,7.3.5.1-c9-s1,7.3.5.1,18,107,25,27,False,1
child,7.3.5.1-c10-s1,7.3.5.1,105,586,126,128,False,1
child,7.3.5.1A-c1-s1,7.3.5.1A,273,1682,357,359,True,1
child,7.3.5.1A-c2-s1,7.3.5.1A,109,716,157,159,False,1
child,7.3.5.1A-c3-s1,7.3.5.1A,159,951,199,201,False,1
child,7.3.5.1A-c4-s1,7.3.5.1A,425,2348,527,529,True,1
child,7.3.5.1A-c4-s2,7.3.5.1A,297,1755,360,362,True,1
child,7.3.5.1A-c5-s1,7.3.5.1A,111,710,143,145,False,1
child,7.3.5.1A-c5-s2,7.3.5.1A,375,2321,479,481,True,1
child,7.3.5.1A-c5-s3,7.3.5.1A,117,745,157,159,False,1
child,7.3.5.1A-c6-s1,7.3.5.1A,91,576,130,132,False,1
child,7.3.5.1A-c7-s1,7.3.5.1A,18,107,25,27,False,1
child,7.3.5.1A-c8-s1,7.3.5.1A,105,586,126,128,False,1
child,7.3.5.2-c1-s1,7.3.5.2,35,220,52,54,False,1
child,7.3.5.2-c1-s2,7.3.5.2,334,1823,443,445,True,1
child,7.3.6-c1-s1,7.3.6,91,572,137,139,False,1
child,7.3.6-c2-s1,7.3.6,202,1164,296,298,True,1
child,7.3.6-c3-s1,7.3.6,121,730,168,170,False,1
child,7.3.6-c4-s1,7.3.6,125,724,161,163,False,1
child,7.3.6-c5-s1,7.3.6,35,245,48,50,False,1
child,7.3.6-c6-s1,7.3.6,2,10,3,5,False,1
child,7.3.6-c6-s2,7.3.6,335,1918,456,458,True,1
child,7.3.6-c6-s3,7.3.6,181,1038,241,243,False,1
child,7.3.6-c6-s4,7.3.6,333,1875,457,459,True,1
child,7.3.6-c7-s1,7.3.6,316,1922,488,490,True,1
child,7.3.6-c8-s1,7.3.6,69,424,108,110,False,1
child,7.3.6-c9-s1,7.3.6,217,1210,363,365,True,1
child,7.3.6-c9-s2,7.3.6,332,1839,518,520,True,1
child,7.3.6-c9-s3,7.3.6,118,667,174,176,False,1
child,7.3.6.1-c1-s1,7.3.6.1,154,929,217,219,False,1
child,7.3.6.1-c2-s1,7.3.6.1,89,550,123,125,False,1
child,7.3.6.1-c3-s1,7.3.6.1,112,679,142,144,False,1
child,7.3.6.1-c4-s1,7.3.6.1,199,1226,266,268,True,1
child,7.3.6.1-c5-s1,7.3.6.1,219,1274,270,272,True,1
child,7.3.6.1-c5-s2,7.3.6.1,308,1747,372,374,True,1
child,7.3.6.1-c6-s1,7.3.6.1,143,828,187,189,False,1
child,7.3.6.1-c7-s1,7.3.6.1,140,774,174,176,False,1
child,7.3.6.2-c1-s1,7.3.6.2,354,1963,504,506,True,1
child,7.3.6.2-c1-s2,7.3.6.2,5,31,6,8,False,1
child,7.3.6.3-c1-s1,7.3.6.3,141,868,204,206,False,1
child,7.3.6.3-c2-s1,7.3.6.3,89,550,123,125,False,1
child,7.3.6.3-c3-s1,7.3.6.3,112,679,142,144,False,1
child,7.3.6.3-c4-s1,7.3.6.3,199,1226,266,268,True,1
child,7.3.6.3-c5-s1,7.3.6.3,219,1274,270,272,True,1
child,7.3.6.3-c5-s2,7.3.6.3,308,1747,372,374,True,1
child,7.3.6.3-c6-s1,7.3.6.3,132,783,178,180,False,1
child,7.3.6.3-c7-s1,7.3.6.3,126,696,160,162,False,1
child,7.3.6.4-c1-s1,7.3.6.4,297,1704,426,428,True,1
child,7.3.7-c1-s1,7.3.7,152,845,221,223,False,1
child,7.3.7-c2-s1,7.3.7,119,641,160,162,False,1
child,7.3.7-c2-s2,7.3.7,329,1910,474,476,True,1
child,7.3.7-c3-s1,7.3.7,283,1637,380,382,True,1
child,7.3.7-c4-s1,7.3.7,88,556,121,123,False,1
child,7.3.7-c5-s1,7.3.7,377,2306,485,487,True,1
child,7.3.7-c5-s2,7.3.7,142,901,212,214,False,1
child,7.3.7.1-c1-s1,7.3.7.1,193,1184,291,293,True,1
child,7.3.7.1-c2-s1,7.3.7.1,89,550,123,125,False,1
child,7.3.7.1-c3-s1,7.3.7.1,112,679,142,144,False,1
child,7.3.7.1-c4-s1,7.3.7.1,199,1228,268,270,True,1
child,7.3.7.1-c5-s1,7.3.7.1,86,494,109,111,False,1
child,7.3.7.2-c1-s1,7.3.7.2,173,1014,261,263,True,1
child,7.3.7.3-c1-s1,7.3.7.3,194,1214,297,299,True,1
child,7.3.7.3-c2-s1,7.3.7.3,89,550,123,125,False,1
child,7.3.7.3-c3-s1,7.3.7.3,112,679,142,144,False,1
child,7.3.7.3-c4-s1,7.3.7.3,199,1228,268,270,True,1
child,7.3.7.3-c5-s1,7.3.7.3,390,2236,477,479,True,1
child,7.3.7.3-c5-s2,7.3.7.3,137,792,174,176,False,1
child,7.3.7.3-c6-s1,7.3.7.3,132,783,178,180,False,1
child,7.3.7.3-c7-s1,7.3.7.3,126,696,160,162,False,1
child,7.3.7.4-c1-s1,7.3.7.4,328,1821,495,497,True,1
child,7.3.8-c1-s1,7.3.8,332,1894,428,430,True,1
child,7.3.8-c2-s1,7.3.8,225,1315,322,324,True,1
child,7.3.8-c3-s1,7.3.8,179,1009,227,229,False,1
child,7.3.8-c4-s1,7.3.8,38,224,56,58,False,1
child,7.3.8-c5-s1,7.3.8,70,395,85,87,False,1
child,7.3.8-c5-s2,7.3.8,354,2062,455,457,True,1
child,7.3.8.1-c1-s1,7.3.8.1,280,1606,374,376,True,1
child,7.3.8.1-c2-s1,7.3.8.1,434,2430,536,538,True,1
child,7.3.8.1-c2-s2,7.3.8.1,126,778,162,164,False,1
child,7.3.8.1-c3-s1,7.3.8.1,74,421,95,97,False,1
child,7.3.8.1-c4-s1,7.3.8.1,126,742,158,160,False,1
child,7.3.8.1-c5-s1,7.3.8.1,111,613,153,155,False,1
child,7.3.8.2-c1-s1,7.3.8.2,381,2295,513,515,True,1
child,7.3.8.2-c2-s1,7.3.8.2,427,2425,530,532,True,1
child,7.3.8.2-c2-s2,7.3.8.2,113,735,150,152,False,1
child,7.3.8.2-c3-s1,7.3.8.2,72,422,93,95,False,1
child,7.3.8.2-c4-s1,7.3.8.2,126,742,158,160,False,1
child,7.3.8.2-c5-s1,7.3.8.2,108,608,150,152,False,1
child,7.3.9-c1-s1,7.3.9,52,322,91,93,False,1
child,7.3.9-c2-s1,7.3.9,87,557,126,128,False,1
child,7.3.9-c3-s1,7.3.9,85,553,118,120,False,1
child,7.3.9-c4-s1,7.3.9,218,1293,314,316,True,1
child,7.3.9-c5-s1,7.3.9,339,2007,476,478,True,1
child,7.3.9-c5-s2,7.3.9,295,1799,418,420,True,1
child,7.3.9-c5-s3,7.3.9,260,1589,373,375,True,1
child,7.3.9-c5-s4,7.3.9,127,756,174,176,False,1
child,7.3.9-c6-s1,7.3.9,162,930,219,221,False,1
child,7.3.9-c7-s1,7.3.9,51,315,79,81,False,1
child,7.3.9-c8-s1,7.3.9,49,280,68,70,False,1
child,7.3.9-c9-s1,7.3.9,265,1515,371,373,True,1
child,7.3.9-c10-s1,7.3.9,145,841,207,209,False,1
child,7.3.9-c11-s1,7.3.9,23,120,32,34,False,1
child,7.3.9-c12-s1,7.3.9,217,1258,297,299,True,1
child,7.3.9.1-c1-s1,7.3.9.1,103,681,163,165,False,1
child,7.3.9.1-c2-s1,7.3.9.1,180,1124,261,263,True,1
child,7.3.9.1-c2-s2,7.3.9.1,294,1810,429,431,True,1
child,7.3.9.1-c3-s1,7.3.9.1,45,292,67,69,False,1
child,7.3.9.1-c4-s1,7.3.9.1,50,338,77,79,False,1
child,7.3.9.1-c5-s1,7.3.9.1,360,2163,474,476,True,1
child,7.3.9.1-c6-s1,7.3.9.1,84,496,122,124,False,1
child,7.3.9.2-c1-s1,7.3.9.2,105,684,172,174,False,1
child,7.3.9.2-c2-s1,7.3.9.2,180,1126,262,264,True,1
child,7.3.9.2-c2-s2,7.3.9.2,294,1808,427,429,True,1
child,7.3.9.2-c3-s1,7.3.9.2,302,1973,429,431,True,1
child,7.3.9.2-c4-s1,7.3.9.2,243,1522,353,355,True,1
child,7.3.9.2-c5-s1,7.3.9.2,361,2156,462,464,True,1
child,7.3.9.2-c5-s2,7.3.9.2,346,2126,468,470,True,1
child,7.3.9.2-c5-s3,7.3.9.2,338,2102,450,452,True,1
child,7.3.9.2-c6-s1,7.3.9.2,90,546,136,138,False,1
child,7.3.9.3-c1-s1,7.3.9.3,90,624,162,164,False,1
child,7.3.9.3-c2-s1,7.3.9.3,180,1126,262,264,True,1
child,7.3.9.3-c2-s2,7.3.9.3,294,1808,427,429,True,1
child,7.3.9.3-c3-s1,7.3.9.3,41,286,72,74,False,1
child,7.3.9.3-c4-s1,7.3.9.3,47,340,82,84,False,1
child,7.3.9.3-c5-s1,7.3.9.3,361,2170,476,478,True,1
child,7.3.9.3-c6-s1,7.3.9.3,80,516,132,134,False,1
child,7.3.9.4-c1-s1,7.3.9.4,183,1147,293,295,True,1
child,7.3.9.5-c1-s1,7.3.9.5,127,854,218,220,False,1
child,7.3.9.5-c2-s1,7.3.9.5,180,1128,264,266,True,1
child,7.3.9.5-c2-s2,7.3.9.5,294,1810,429,431,True,1
child,7.3.9.5-c3-s1,7.3.9.5,47,297,67,69,False,1
child,7.3.9.5-c4-s1,7.3.9.5,50,338,77,79,False,1
child,7.3.9.5-c5-s1,7.3.9.5,67,355,81,83,False,1
child,7.3.9.5-c6-s1,7.3.9.5,361,2168,474,476,True,1
child,7.3.9.5-c6-s2,7.3.9.5,375,2349,516,518,True,1
child,7.3.9.5-c6-s3,7.3.9.5,231,1462,333,335,True,1
child,7.3.9.5-c6-s4,7.3.9.5,146,845,196,198,False,1
child,7.3.9.5-c7-s1,7.3.9.5,102,579,142,144,False,1
child,7.3.9.6-c1-s1,7.3.9.6,229,1360,355,357,True,1
child,7.3.10-c1-s1,7.3.10,172,989,239,241,False,1
child,7.3.10-c2-s1,7.3.10,115,680,155,157,False,1
child,7.3.10-c3-s1,7.3.10,135,786,196,198,False,1
child,7.3.10-c4-s1,7.3.10,249,1487,362,364,True,1
child,7.3.10-c4-s2,7.3.10,174,1104,241,243,False,1
child,7.3.10-c5-s1,7.3.10,43,249,63,65,False,1
child,7.3.10-c6-s1,7.3.10,52,297,72,74,False,1
child,7.3.10-c7-s1,7.3.10,198,1103,270,272,True,1
child,7.3.10-c7-s2,7.3.10,176,1005,249,251,False,1
child,7.3.10-c8-s1,7.3.10,98,598,140,142,False,1
child,7.3.10.1-c1-s1,7.3.10.1,137,940,255,257,True,1
child,7.3.10.1-c2-s1,7.3.10.1,314,1925,444,446,True,1
child,7.3.10.1-c2-s2,7.3.10.1,341,2190,515,517,True,1
child,7.3.10.1-c3-s1,7.3.10.1,91,612,128,130,False,1
child,7.3.10.1-c4-s1,7.3.10.1,101,600,126,128,False,1
child,7.3.10.1-c5-s1,7.3.10.1,94,577,131,133,False,1
child,7.3.10.1-c6-s1,7.3.10.1,104,586,145,147,False,1
child,7.3.10.2-c1-s1,7.3.10.2,251,1439,359,361,True,1
child,7.3.10.3-c1-s1,7.3.10.3,156,984,248,250,False,1
child,7.3.10.3-c2-s1,7.3.10.3,314,1927,446,448,True,1
child,7.3.10.3-c2-s2,7.3.10.3,341,2190,515,517,True,1
child,7.3.10.3-c3-s1,7.3.10.3,89,602,124,126,False,1
child,7.3.10.3-c4-s1,7.3.10.3,210,1304,304,306,True,1
child,7.3.10.3-c5-s1,7.3.10.3,60,416,91,93,False,1
child,7.3.10.3-c6-s1,7.3.10.3,64,349,80,82,False,1
child,7.3.10.3-c7-s1,7.3.10.3,134,730,176,178,False,1
child,7.3.10.4-c1-s1,7.3.10.4,355,1948,484,486,True,1
child,7.3.10.5-c1-s1,7.3.10.5,133,874,228,230,False,1
child,7.3.10.5-c2-s1,7.3.10.5,313,1917,447,449,True,1
child,7.3.10.5-c2-s2,7.3.10.5,341,2190,515,517,True,1
child,7.3.10.5-c3-s1,7.3.10.5,86,570,125,127,False,1
child,7.3.10.5-c4-s1,7.3.10.5,101,594,125,127,False,1
child,7.3.10.5-c5-s1,7.3.10.5,92,553,129,131,False,1
child,7.3.10.5-c6-s1,7.3.10.5,66,351,80,82,False,1
child,7.3.10.5-c7-s1,7.3.10.5,121,665,162,164,False,1
child,7.3.10.6-c1-s1,7.3.10.6,324,1823,465,467,True,1
child,7.3.11-c1-s1,7.3.11,58,345,94,96,False,1
child,7.3.11-c2-s1,7.3.11,318,1827,459,461,True,1
child,7.3.11-c2-s2,7.3.11,31,170,42,44,False,1
child,7.3.11-c3-s1,7.3.11,45,264,66,68,False,1
child,7.3.11-c4-s1,7.3.11,110,660,142,144,False,1
child,7.3.11-c5-s1,7.3.11,70,431,97,99,False,1
child,7.3.11.1-c1-s1,7.3.11.1,293,1806,425,427,True,1
child,7.3.11.1-c1-s2,7.3.11.1,302,1874,454,456,True,1
child,7.3.11.1-c2-s1,7.3.11.1,64,341,84,86,False,1
child,7.3.11.1-c3-s1,7.3.11.1,100,546,119,121,False,1
child,7.3.11.1-c4-s1,7.3.11.1,96,516,112,114,False,1
child,7.3.11.2-c1-s1,7.3.11.2,149,825,195,197,False,1
child,7.3.12-c1-s1,7.3.12,58,346,95,97,False,1
child,7.3.12-c2-s1,7.3.12,183,1069,262,264,True,1
child,7.3.12-c3-s1,7.3.12,344,1882,472,474,True,1
child,7.3.12-c3-s2,7.3.12,75,403,85,87,False,1
child,7.3.12.1-c1-s1,7.3.12.1,293,1808,427,429,True,1
child,7.3.12.1-c1-s2,7.3.12.1,301,1871,455,457,True,1
child,7.3.12.1-c2-s1,7.3.12.1,64,341,84,86,False,1
child,7.3.12.1-c3-s1,7.3.12.1,5,36,7,9,False,1
child,7.3.12.1-c3-s2,7.3.12.1,423,2373,519,521,True,1
child,7.3.12.1-c3-s3,7.3.12.1,431,2592,519,521,True,1
child,7.3.12.1-c3-s4,7.3.12.1,61,378,77,79,False,1
child,7.3.12.1-c3-s5,7.3.12.1,293,1615,373,375,True,1
child,7.3.12.1-c4-s1,7.3.12.1,96,516,112,114,False,1
child,7.3.12.2-c1-s1,7.3.12.2,150,837,196,198,False,1
child,7.3.13-c1-s1,7.3.13,205,1145,267,269,True,1
child,7.3.13-c2-s1,7.3.13,205,1181,278,280,True,1
child,7.3.13-c2-s2,7.3.13,271,1552,378,380,True,1
child,7.3.13-c3-s1,7.3.13,308,1837,389,391,True,1
child,7.3.13-c3-s2,7.3.13,314,1829,445,447,True,1
child,7.3.13-c4-s1,7.3.13,229,1261,297,299,True,1
child,7.3.13-c4-s2,7.3.13,308,1722,449,451,True,1
child,7.3.13-c4-s3,7.3.13,41,229,58,60,False,1
child,7.3.13-c4-s4,7.3.13,211,1215,292,294,True,1
child,7.3.13-c4-s5,7.3.13,171,916,231,233,False,1
child,7.3.13-c4-s6,7.3.13,296,1698,425,427,True,1
child,7.3.13-c4-s7,7.3.13,156,933,228,230,False,1
child,7.3.13-c4-s8,7.3.13,78,458,117,119,False,1
child,7.3.13-c5-s1,7.3.13,283,1644,359,361,True,1
child,7.3.13.1-c1-s1,7.3.13.1,362,2131,477,479,True,1
child,7.3.13.1-c1-s2,7.3.13.1,98,623,156,158,False,1
child,7.3.13.1-c1-s3,7.3.13.1,291,1844,448,450,True,1
child,7.3.13.1-c2-s1,7.3.13.1,78,514,111,113,False,1
child,7.3.13.1-c3-s1,7.3.13.1,60,324,78,80,False,1
child,7.3.13.1-c4-s1,7.3.13.1,274,1543,329,331,True,1
child,7.3.13.1-c4-s2,7.3.13.1,408,2444,507,509,True,1
child,7.3.13.1-c4-s3,7.3.13.1,183,1104,231,233,False,1
child,7.3.13.1-c5-s1,7.3.13.1,334,1914,418,420,True,1
child,7.3.13.2-c1-s1,7.3.13.2,287,1621,378,380,True,1
child,7.3.13.2-c1-s2,7.3.13.2,229,1256,289,291,True,1
child,7.3.13.3-c1-s1,7.3.13.3,359,2121,472,474,True,1
child,7.3.13.3-c1-s2,7.3.13.3,98,623,156,158,False,1
child,7.3.13.3-c1-s3,7.3.13.3,286,1804,437,439,True,1
child,7.3.13.3-c2-s1,7.3.13.3,78,516,113,115,False,1
child,7.3.13.3-c3-s1,7.3.13.3,60,324,78,80,False,1
child,7.3.13.3-c4-s1,7.3.13.3,266,1486,320,322,True,1
child,7.3.13.3-c5-s1,7.3.13.3,408,2440,503,505,True,1
child,7.3.13.3-c5-s2,7.3.13.3,183,1104,231,233,False,1
child,7.3.13.3-c6-s1,7.3.13.3,333,1908,415,417,True,1
child,7.3.13.4-c1-s1,7.3.13.4,283,1599,361,363,True,1
child,7.3.13.4-c1-s2,7.3.13.4,232,1265,292,294,True,1
child,7.3.13.5-c1-s1,7.3.13.5,369,2164,484,486,True,1
child,7.3.13.5-c1-s2,7.3.13.5,98,623,156,158,False,1
child,7.3.13.5-c1-s3,7.3.13.5,291,1840,444,446,True,1
child,7.3.13.5-c2-s1,7.3.13.5,78,514,111,113,False,1
child,7.3.13.5-c3-s1,7.3.13.5,60,324,78,80,False,1
child,7.3.13.5-c4-s1,7.3.13.5,146,844,201,203,False,1
child,7.3.13.5-c4-s2,7.3.13.5,396,2267,477,479,True,1
child,7.3.13.5-c4-s3,7.3.13.5,125,742,170,172,False,1
child,7.3.13.5-c4-s4,7.3.13.5,264,1512,319,321,True,1
child,7.3.13.5-c4-s5,7.3.13.5,409,2356,478,480,True,1
child,7.3.13.5-c4-s6,7.3.13.5,354,2064,460,462,True,1
child,7.3.13.5-c4-s7,7.3.13.5,317,1763,378,380,True,1
child,7.3.13.5-c5-s1,7.3.13.5,408,2440,503,505,True,1
child,7.3.13.5-c5-s2,7.3.13.5,188,1152,243,245,False,1
child,7.3.13.5-c6-s1,7.3.13.5,169,895,196,198,False,1
child,7.3.13.5-c6-s2,7.3.13.5,372,2184,485,487,True,1
child,7.3.13.5-c6-s3,7.3.13.5,54,347,80,82,False,1
child,7.3.13.6-c1-s1,7.3.13.6,368,2183,497,499,True,1
child,7.3.13.6-c1-s2,7.3.13.6,98,623,156,158,False,1
child,7.3.13.6-c1-s3,7.3.13.6,291,1858,462,464,True,1
child,7.3.13.6-c2-s1,7.3.13.6,78,518,115,117,False,1
child,7.3.13.6-c3-s1,7.3.13.6,60,324,78,80,False,1
child,7.3.13.6-c4-s1,7.3.13.6,318,1833,412,414,True,1
child,7.3.13.6-c4-s2,7.3.13.6,396,2272,482,484,True,1
child,7.3.13.6-c4-s3,7.3.13.6,262,1582,333,335,True,1
child,7.3.13.6-c4-s4,7.3.13.6,395,2259,478,480,True,1
child,7.3.13.6-c4-s5,7.3.13.6,221,1304,265,267,True,1
child,7.3.13.6-c4-s6,7.3.13.6,382,2151,465,467,True,1
child,7.3.13.6-c5-s1,7.3.13.6,408,2450,513,515,True,1
child,7.3.13.6-c5-s2,7.3.13.6,188,1152,243,245,False,1
child,7.3.13.6-c6-s1,7.3.13.6,166,885,193,195,False,1
child,7.3.13.6-c6-s2,7.3.13.6,372,2200,501,503,True,1
child,7.3.13.6-c6-s3,7.3.13.6,54,347,80,82,False,1
child,7.3.13.7-c1-s1,7.3.13.7,226,1211,286,288,True,1
child,7.3.13.7-c1-s2,7.3.13.7,363,2009,454,456,True,1
child,7.3.13.7-c1-s3,7.3.13.7,236,1308,310,312,True,1
child,7.3.13.8-c1-s1,7.3.13.8,368,2185,499,501,True,1
child,7.3.13.8-c1-s2,7.3.13.8,98,623,156,158,False,1
child,7.3.13.8-c1-s3,7.3.13.8,291,1848,452,454,True,1
child,7.3.13.8-c2-s1,7.3.13.8,78,516,113,115,False,1
child,7.3.13.8-c3-s1,7.3.13.8,60,324,78,80,False,1
child,7.3.13.8-c4-s1,7.3.13.8,268,1513,350,352,True,1
child,7.3.13.8-c4-s2,7.3.13.8,396,2272,482,484,True,1
child,7.3.13.8-c4-s3,7.3.13.8,262,1582,333,335,True,1
child,7.3.13.8-c4-s4,7.3.13.8,395,2261,480,482,True,1
child,7.3.13.8-c4-s5,7.3.13.8,221,1304,265,267,True,1
child,7.3.13.8-c4-s6,7.3.13.8,382,2151,465,467,True,1
child,7.3.13.8-c5-s1,7.3.13.8,408,2450,513,515,True,1
child,7.3.13.8-c5-s2,7.3.13.8,188,1152,243,245,False,1
child,7.3.13.8-c6-s1,7.3.13.8,166,885,193,195,False,1
child,7.3.13.8-c6-s2,7.3.13.8,372,2194,495,497,True,1
child,7.3.13.8-c6-s3,7.3.13.8,54,346,80,82,False,1
child,7.3.13.9-c1-s1,7.3.13.9,366,2164,487,489,True,1
child,7.3.13.9-c1-s2,7.3.13.9,98,623,156,158,False,1
child,7.3.13.9-c1-s3,7.3.13.9,291,1848,452,454,True,1
child,7.3.13.9-c2-s1,7.3.13.9,78,518,115,117,False,1
child,7.3.13.9-c3-s1,7.3.13.9,60,324,78,80,False,1
child,7.3.13.9-c4-s1,7.3.13.9,268,1513,350,352,True,1
child,7.3.13.9-c4-s2,7.3.13.9,398,2375,522,524,True,1
child,7.3.13.9-c4-s3,7.3.13.9,190,1135,229,231,False,1
child,7.3.13.9-c4-s4,7.3.13.9,395,2261,480,482,True,1
child,7.3.13.9-c4-s5,7.3.13.9,221,1304,265,267,True,1
child,7.3.13.9-c4-s6,7.3.13.9,382,2151,465,467,True,1
child,7.3.13.9-c5-s1,7.3.13.9,408,2450,513,515,True,1
child,7.3.13.9-c5-s2,7.3.13.9,188,1152,243,245,False,1
child,7.3.13.9-c6-s1,7.3.13.9,179,938,205,207,False,1
child,7.3.13.9-c6-s2,7.3.13.9,357,2118,478,480,True,1
child,7.3.13.9-c6-s3,7.3.13.9,54,346,80,82,False,1
child,7.3.13.10-c1-s1,7.3.13.10,226,1216,287,289,True,1
child,7.3.13.10-c1-s2,7.3.13.10,309,1786,376,378,True,1
child,7.3.13.10-c1-s3,7.3.13.10,377,2035,476,478,True,1
child,7.3.14-c1-s1,7.3.14,59,340,98,100,False,1
child,7.3.14-c2-s1,7.3.14,247,1465,351,353,True,1
child,7.3.14-c2-s2,7.3.14,177,1028,251,253,False,1
child,7.3.14-c2-s3,7.3.14,316,1867,430,432,True,1
child,7.3.14-c2-s4,7.3.14,57,337,84,86,False,1
child,7.3.14-c2-s5,7.3.14,251,1400,395,397,True,1
child,7.3.14-c2-s6,7.3.14,132,769,169,171,False,1
child,7.3.14-c2-s7,7.3.14,211,1197,232,234,False,1
child,7.3.14-c2-s8,7.3.14,243,1469,312,314,True,1
child,7.3.14-c3-s1,7.3.14,318,1784,438,440,True,1
child,7.3.14-c3-s2,7.3.14,268,1547,352,354,True,1
child,7.3.14.1-c1-s1,7.3.14.1,371,2259,515,517,True,1
child,7.3.14.1-c1-s2,7.3.14.1,299,1863,451,453,True,1
child,7.3.14.1-c2-s1,7.3.14.1,71,395,96,98,False,1
child,7.3.14.1-c3-s1,7.3.14.1,344,2186,447,449,True,1
child,7.3.14.1-c3-s2,7.3.14.1,340,2094,450,452,True,1
child,7.3.14.1-c3-s3,7.3.14.1,108,648,140,142,False,1
child,7.3.14.1-c4-s1,7.3.14.1,298,1890,411,413,True,1
child,7.3.14.1-c4-s2,7.3.14.1,174,970,213,215,False,1
child,7.3.14.1-c4-s3,7.3.14.1,361,2264,487,489,True,1
child,7.3.14.1-c5-s1,7.3.14.1,126,679,148,150,False,1
child,7.3.14.2-c1-s1,7.3.14.2,222,1194,293,295,True,1
child,7.3.15-c1-s1,7.3.15,142,802,197,199,False,1
child,7.3.15-c2-s1,7.3.15,197,1150,268,270,True,1
child,7.3.15-c2-s2,7.3.15,344,2014,476,478,True,1
child,7.3.15-c2-s3,7.3.15,227,1298,302,304,True,1
child,7.3.15-c3-s1,7.3.15,76,443,112,114,False,1
child,7.3.15.1-c1-s1,7.3.15.1,282,1636,343,345,True,1
child,7.3.15.1-c1-s2,7.3.15.1,252,1529,368,370,True,1
child,7.3.15.1-c1-s3,7.3.15.1,289,1841,446,448,True,1
child,7.3.15.1-c2-s1,7.3.15.1,90,606,131,133,False,1
child,7.3.15.1-c3-s1,7.3.15.1,72,400,97,99,False,1
child,7.3.15.1-c4-s1,7.3.15.1,76,449,98,100,False,1
child,7.3.15.1-c5-s1,7.3.15.1,331,2038,474,476,True,1
child,7.3.15.1-c5-s2,7.3.15.1,353,2203,445,447,True,1
child,7.3.15.1-c5-s3,7.3.15.1,96,536,113,115,False,1
child,7.3.15.1-c6-s1,7.3.15.1,158,828,185,187,False,1
child,7.3.15.2-c1-s1,7.3.15.2,27,177,42,44,False,1
child,7.3.15.2-c1-s2,7.3.15.2,374,1940,461,463,True,1
child,7.3.15.3-c1-s1,7.3.15.3,281,1647,354,356,True,1
child,7.3.15.3-c1-s2,7.3.15.3,252,1527,366,368,True,1
child,7.3.15.3-c1-s3,7.3.15.3,289,1843,448,450,True,1
child,7.3.15.3-c2-s1,7.3.15.3,91,622,138,140,False,1
child,7.3.15.3-c3-s1,7.3.15.3,72,400,97,99,False,1
child,7.3.15.3-c4-s1,7.3.15.3,76,449,98,100,False,1
child,7.3.15.3-c5-s1,7.3.15.3,331,2034,470,472,True,1
child,7.3.15.3-c5-s2,7.3.15.3,353,2203,445,447,True,1
child,7.3.15.3-c5-s3,7.3.15.3,110,653,160,162,False,1
child,7.3.15.3-c5-s4,7.3.15.3,397,2275,479,481,True,1
child,7.3.15.3-c5-s5,7.3.15.3,262,1582,333,335,True,1
child,7.3.15.3-c5-s6,7.3.15.3,386,2204,468,470,True,1
child,7.3.15.3-c5-s7,7.3.15.3,221,1304,265,267,True,1
child,7.3.15.3-c5-s8,7.3.15.3,406,2271,495,497,True,1
child,7.3.15.3-c6-s1,7.3.15.3,401,2233,499,501,True,1
child,7.3.15.4-c1-s1,7.3.15.4,281,1656,358,360,True,1
child,7.3.15.4-c1-s2,7.3.15.4,252,1531,370,372,True,1
child,7.3.15.4-c1-s3,7.3.15.4,290,1849,445,447,True,1
child,7.3.15.4-c2-s1,7.3.15.4,91,610,126,128,False,1
child,7.3.15.4-c3-s1,7.3.15.4,71,396,96,98,False,1
child,7.3.15.4-c4-s1,7.3.15.4,76,449,98,100,False,1
child,7.3.15.4-c5-s1,7.3.15.4,412,2575,529,531,True,1
child,7.3.15.4-c5-s2,7.3.15.4,64,373,78,80,False,1
child,7.3.15.4-c5-s3,7.3.15.4,65,382,102,104,False,1
child,7.3.15.4-c5-s4,7.3.15.4,392,2297,488,490,True,1
child,7.3.15.4-c5-s5,7.3.15.4,421,2515,533,535,True,1
child,7.3.15.4-c5-s6,7.3.15.4,150,818,176,178,False,1
child,7.3.15.4-c5-s7,7.3.15.4,284,1673,354,356,True,1
child,7.3.15.4-c5-s8,7.3.15.4,143,798,184,186,False,1
child,7.3.15.4-c6-s1,7.3.15.4,401,2225,493,495,True,1
child,7.3.15.5-c1-s1,7.3.15.5,366,1952,472,474,True,1
child,7.3.15.5-c1-s2,7.3.15.5,226,1336,272,274,True,1
child,7.3.15.5-c1-s3,7.3.15.5,187,965,239,241,False,1
child,7.3.16-c1-s1,7.3.16,129,760,194,196,False,1
child,7.3.16-c2-s1,7.3.16,305,1773,413,415,True,1
child,7.3.16-c2-s2,7.3.16,211,1296,290,292,True,1
child,7.3.16-c3-s1,7.3.16,371,1983,467,469,True,1
child,7.3.16-c3-s2,7.3.16,76,476,102,104,False,1
child,7.3.16.1-c1-s1,7.3.16.1,272,1662,376,378,True,1
child,7.3.16.1-c2-s1,7.3.16.1,60,322,80,82,False,1
child,7.3.16.1-c3-s1,7.3.16.1,163,974,203,205,False,1
child,7.3.16.1-c4-s1,7.3.16.1,109,711,131,133,False,1
child,7.3.16.1-c5-s1,7.3.16.1,168,945,220,222,False,1
child,7.3.16.1-c5-s2,7.3.16.1,244,1337,313,315,True,1
child,7.3.16.1-c6-s1,7.3.16.1,44,236,50,52,False,1
child,7.3.16.1-c7-s1,7.3.16.1,114,602,132,134,False,1
child,7.3.16.2-c1-s1,7.3.16.2,323,1753,399,401,True,1
child,7.3.17-c1-s1,7.3.17,205,1169,288,290,True,1
child,7.3.17-c2-s1,7.3.17,108,622,193,195,False,1
child,7.3.17-c3-s1,7.3.17,174,967,240,242,False,1
child,7.3.17-c4-s1,7.3.17,7,31,10,12,False,1
child,7.3.17-c4-s2,7.3.17,286,1518,410,412,True,1
child,7.3.17-c4-s3,7.3.17,144,740,191,193,False,1
child,7.3.17-c5-s1,7.3.17,37,222,52,54,False,1
child,7.3.17-c6-s1,7.3.17,142,769,188,190,False,1
child,7.3.17.1-c1-s1,7.3.17.1,226,1372,362,364,True,1
child,7.3.17.1-c2-s1,7.3.17.1,51,326,75,77,False,1
child,7.3.17.1-c3-s1,7.3.17.1,141,915,208,210,False,1
child,7.3.17.1-c4-s1,7.3.17.1,138,826,183,185,False,1
child,7.3.17.1-c5-s1,7.3.17.1,67,362,93,95,False,1
child,7.3.17.1-c6-s1,7.3.17.1,51,270,59,61,False,1
child,7.3.17.1-c7-s1,7.3.17.1,149,890,252,254,False,1
child,7.3.17.2-c1-s1,7.3.17.2,318,1844,516,518,True,1
child,7.3.17.3-c1-s1,7.3.17.3,244,1469,381,383,True,1
child,7.3.17.3-c2-s1,7.3.17.3,51,326,75,77,False,1
child,7.3.17.3-c3-s1,7.3.17.3,141,915,208,210,False,1
child,7.3.17.3-c4-s1,7.3.17.3,138,824,181,183,False,1
child,7.3.17.3-c5-s1,7.3.17.3,67,362,93,95,False,1
child,7.3.17.3-c6-s1,7.3.17.3,120,668,151,153,False,1
child,7.3.17.3-c7-s1,7.3.17.3,167,982,284,286,True,1
child,7.3.17.4-c1-s1,7.3.17.4,105,656,195,197,False,1
child,7.3.17.4-c1-s2,7.3.17.4,277,1525,408,410,True,1
child,7.3.17.5-c1-s1,7.3.17.5,224,1362,354,356,True,1
child,7.3.17.5-c2-s1,7.3.17.5,51,326,75,77,False,1
child,7.3.17.5-c3-s1,7.3.17.5,141,915,208,210,False,1
child,7.3.17.5-c4-s1,7.3.17.5,138,826,183,185,False,1
child,7.3.17.5-c5-s1,7.3.17.5,67,362,93,95,False,1
child,7.3.17.5-c6-s1,7.3.17.5,106,633,162,164,False,1
child,7.3.17.5-c7-s1,7.3.17.5,393,2253,482,484,True,1
child,7.3.17.5-c7-s2,7.3.17.5,123,741,182,184,False,1
child,7.3.17.5-c8-s1,7.3.17.5,432,2450,525,527,True,1
child,7.3.17.5-c8-s2,7.3.17.5,294,1685,361,363,True,1
child,7.3.17.5-c8-s3,7.3.17.5,153,884,188,190,False,1
child,7.3.17.5-c9-s1,7.3.17.5,136,794,191,193,False,1
child,7.3.17.5-c10-s1,7.3.17.5,289,1652,378,380,True,1
child,7.3.17.5-c11-s1,7.3.17.5,196,1160,315,317,True,1
child,7.3.17.5-c11-s2,7.3.17.5,199,1168,275,277,True,1
child,7.3.17.6-c1-s1,7.3.17.6,224,1365,354,356,True,1
child,7.3.17.6-c2-s1,7.3.17.6,51,326,75,77,False,1
child,7.3.17.6-c3-s1,7.3.17.6,141,915,208,210,False,1
child,7.3.17.6-c4-s1,7.3.17.6,138,824,181,183,False,1
child,7.3.17.6-c5-s1,7.3.17.6,67,362,93,95,False,1
child,7.3.17.6-c6-s1,7.3.17.6,391,2287,502,504,True,1
child,7.3.17.6-c6-s2,7.3.17.6,384,2255,521,523,True,1
child,7.3.17.6-c6-s3,7.3.17.6,402,2279,493,495,True,1
child,7.3.17.6-c6-s4,7.3.17.6,250,1462,318,320,True,1
child,7.3.17.6-c7-s1,7.3.17.6,321,1854,433,435,True,1
child,7.3.17.6-c8-s1,7.3.17.6,196,1156,311,313,True,1
child,7.3.17.6-c8-s2,7.3.17.6,199,1164,271,273,True,1
child,7.3.17.7-c1-s1,7.3.17.7,38,262,81,83,False,1
child,7.3.17.7-c1-s2,7.3.17.7,363,2098,556,558,True,1
child,7.3.17.7-c1-s3,7.3.17.7,244,1331,349,351,True,1
child,7.3.17.8-c1-s1,7.3.17.8,242,1463,379,381,True,1
child,7.3.17.8-c2-s1,7.3.17.8,51,326,75,77,False,1
child,7.3.17.8-c3-s1,7.3.17.8,141,915,208,210,False,1
child,7.3.17.8-c4-s1,7.3.17.8,138,824,181,183,False,1
child,7.3.17.8-c5-s1,7.3.17.8,67,362,93,95,False,1
child,7.3.17.8-c6-s1,7.3.17.8,402,2322,519,521,True,1
child,7.3.17.8-c6-s2,7.3.17.8,399,2355,544,546,True,1
child,7.3.17.8-c6-s3,7.3.17.8,402,2279,493,495,True,1
child,7.3.17.8-c6-s4,7.3.17.8,216,1265,272,274,True,1
child,7.3.17.8-c6-s5,7.3.17.8,365,2092,482,484,True,1
child,7.3.17.8-c7-s1,7.3.17.8,214,1249,344,346,True,1
child,7.3.17.8-c7-s2,7.3.17.8,199,1167,277,279,True,1
child,7.3.17.9-c1-s1,7.3.17.9,242,1462,379,381,True,1
child,7.3.17.9-c2-s1,7.3.17.9,51,326,75,77,False,1
child,7.3.17.9-c3-s1,7.3.17.9,141,915,208,210,False,1
child,7.3.17.9-c4-s1,7.3.17.9,138,824,181,183,False,1
child,7.3.17.9-c5-s1,7.3.17.9,68,366,94,96,False,1
child,7.3.17.9-c6-s1,7.3.17.9,370,2149,500,502,True,1
child,7.3.17.9-c6-s2,7.3.17.9,374,2263,522,524,True,1
child,7.3.17.9-c6-s3,7.3.17.9,402,2279,493,495,True,1
child,7.3.17.9-c6-s4,7.3.17.9,365,2102,478,480,True,1
child,7.3.17.9-c7-s1,7.3.17.9,227,1298,352,354,True,1
child,7.3.17.9-c7-s2,7.3.17.9,189,1110,257,259,True,1
child,7.3.17.10-c1-s1,7.3.17.10,104,647,188,190,False,1
child,7.3.17.10-c1-s2,7.3.17.10,358,2026,520,522,True,1
child,7.3.17.10-c1-s3,7.3.17.10,297,1686,422,424,True,1
child,7.3.18-c1-s1,7.3.18,156,892,225,227,False,1
child,7.3.18-c2-s1,7.3.18,349,2035,476,478,True,1
child,7.3.18-c2-s2,7.3.18,237,1454,328,330,True,1
child,7.3.18-c3-s1,7.3.18,326,1813,428,430,True,1
child,7.3.18-c3-s2,7.3.18,283,1686,375,377,True,1
child,7.3.18.1-c1-s1,7.3.18.1,290,1795,433,435,True,1
child,7.3.18.1-c2-s1,7.3.18.1,62,328,86,88,False,1
child,7.3.18.1-c3-s1,7.3.18.1,344,2192,461,463,True,1
child,7.3.18.1-c3-s2,7.3.18.1,338,2105,478,480,True,1
child,7.3.18.1-c3-s3,7.3.18.1,108,656,148,150,False,1
child,7.3.18.1-c4-s1,7.3.18.1,163,979,207,209,False,1
child,7.3.18.1-c5-s1,7.3.18.1,109,714,135,137,False,1
child,7.3.18.1-c6-s1,7.3.18.1,168,938,210,212,False,1
child,7.3.18.1-c6-s2,7.3.18.1,296,1893,426,428,True,1
child,7.3.18.1-c6-s3,7.3.18.1,361,2266,489,491,True,1
child,7.3.18.1-c7-s1,7.3.18.1,116,677,188,190,False,1
child,7.3.18.2-c1-s1,7.3.18.2,343,2068,528,530,True,1
child,7.3.18.2-c1-s2,7.3.18.2,64,321,72,74,False,1
child,7.3.19-c1-s1,7.3.19,85,494,125,127,False,1
child,7.3.19-c1-s2,7.3.19,318,1681,437,439,True,1
child,7.3.19.1-c1-s1,7.3.19.1,336,2015,524,526,True,1
child,7.3.19.1-c2-s1,7.3.19.1,51,326,75,77,False,1
child,7.3.19.1-c3-s1,7.3.19.1,141,915,208,210,False,1
child,7.3.19.1-c4-s1,7.3.19.1,137,816,181,183,False,1
child,7.3.19.1-c5-s1,7.3.19.1,339,2152,479,481,True,1
child,7.3.19.1-c5-s2,7.3.19.1,238,1480,321,323,True,1
child,7.3.19.1-c6-s1,7.3.19.1,69,371,101,103,False,1
child,7.3.19.1-c7-s1,7.3.19.1,164,932,208,210,False,1
child,7.3.19.1-c8-s1,7.3.19.1,195,1127,332,334,True,1
child,7.3.19.2-c1-s1,7.3.19.2,173,1077,319,321,True,1
child,7.3.19.2-c1-s2,7.3.19.2,356,1890,505,507,True,1
child,7.3.19.3-c1-s1,7.3.19.3,332,2011,524,526,True,1
child,7.3.19.3-c2-s1,7.3.19.3,51,326,75,77,False,1
child,7.3.19.3-c3-s1,7.3.19.3,141,915,208,210,False,1
child,7.3.19.3-c4-s1,7.3.19.3,138,826,182,184,False,1
child,7.3.19.3-c5-s1,7.3.19.3,360,2262,498,500,True,1
child,7.3.19.3-c5-s2,7.3.19.3,238,1476,317,319,True,1
child,7.3.19.3-c6-s1,7.3.19.3,68,361,96,98,False,1
child,7.3.19.3-c7-s1,7.3.19.3,374,2171,483,485,True,1
child,7.3.19.3-c7-s2,7.3.19.3,368,2145,497,499,True,1
child,7.3.19.3-c7-s3,7.3.19.3,94,574,120,122,False,1
child,7.3.19.3-c7-s4,7.3.19.3,390,2207,484,486,True,1
child,7.3.19.3-c7-s5,7.3.19.3,216,1264,271,273,True,1
child,7.3.19.3-c7-s6,7.3.19.3,301,1754,411,413,True,1
child,7.3.19.3-c7-s7,7.3.19.3,123,699,158,160,False,1
child,7.3.19.3-c8-s1,7.3.19.3,242,1386,384,386,True,1
child,7.3.19.3-c8-s2,7.3.19.3,202,1173,274,276,True,1
child,7.3.19.4-c1-s1,7.3.19.4,170,1061,311,313,True,1
child,7.3.19.4-c1-s2,7.3.19.4,320,1722,460,462,True,1
child,7.3.19.4-c1-s3,7.3.19.4,377,2103,527,529,True,1
child,7.3.19.4-c1-s4,7.3.19.4,108,543,143,145,False,1
child,7.3.20-c1-s1,7.3.20,316,1725,429,431,True,1
child,7.3.20-c1-s2,7.3.20,285,1571,410,412,True,1
child,7.3.20-c1-s3,7.3.20,175,1002,250,252,False,1
child,7.3.20.1-c1-s1,7.3.20.1,327,1999,516,518,True,1
child,7.3.20.1-c2-s1,7.3.20.1,51,326,75,77,False,1
child,7.3.20.1-c3-s1,7.3.20.1,141,915,208,210,False,1
child,7.3.20.1-c4-s1,7.3.20.1,138,829,182,184,False,1
child,7.3.20.1-c5-s1,7.3.20.1,380,2375,502,504,True,1
child,7.3.20.1-c6-s1,7.3.20.1,62,341,88,90,False,1
child,7.3.20.1-c7-s1,7.3.20.1,164,932,208,210,False,1
child,7.3.20.1-c8-s1,7.3.20.1,189,1101,318,320,True,1
child,7.3.20.2-c1-s1,7.3.20.2,170,1069,315,317,True,1
child,7.3.20.2-c1-s2,7.3.20.2,330,1818,484,486,True,1
child,7.3.20.3-c1-s1,7.3.20.3,322,1983,518,520,True,1
child,7.3.20.3-c2-s1,7.3.20.3,51,326,75,77,False,1
child,7.3.20.3-c3-s1,7.3.20.3,141,915,208,210,False,1
child,7.3.20.3-c4-s1,7.3.20.3,138,826,182,184,False,1
child,7.3.20.3-c5-s1,7.3.20.3,382,2386,502,504,True,1
child,7.3.20.3-c6-s1,7.3.20.3,63,345,89,91,False,1
child,7.3.20.3-c7-s1,7.3.20.3,71,410,97,99,False,1
child,7.3.20.3-c8-s1,7.3.20.3,399,2338,539,541,True,1
child,7.3.20.3-c8-s2,7.3.20.3,257,1555,360,362,True,1
child,7.3.20.3-c8-s3,7.3.20.3,390,2205,482,484,True,1
child,7.3.20.3-c8-s4,7.3.20.3,362,2084,483,485,True,1
child,7.3.20.3-c9-s1,7.3.20.3,249,1417,386,388,True,1
child,7.3.20.3-c9-s2,7.3.20.3,185,1087,255,257,True,1
child,7.3.20.4-c1-s1,7.3.20.4,169,1065,314,316,True,1
child,7.3.20.4-c1-s2,7.3.20.4,366,2047,531,533,True,1
child,7.3.20.4-c1-s3,7.3.20.4,343,1931,495,497,True,1
child,7.3.20.4-c1-s4,7.3.20.4,74,355,91,93,False,1
child,7.3.21-c1-s1,7.3.21,128,752,195,197,False,1
child,7.3.21-c2-s1,7.3.21,365,2163,486,488,True,1
child,7.3.21-c2-s2,7.3.21,336,2015,459,461,True,1
child,7.3.21-c2-s3,7.3.21,243,1447,303,305,True,1
child,7.3.21-c3-s1,7.3.21,350,1915,459,461,True,1
child,7.3.21-c3-s2,7.3.21,77,465,105,107,False,1
child,7.3.21.1-c1-s1,7.3.21.1,269,1671,396,398,True,1
child,7.3.21.1-c2-s1,7.3.21.1,159,985,208,210,False,1
child,7.3.21.1-c3-s1,7.3.21.1,99,623,144,146,False,1
child,7.3.21.1-c4-s1,7.3.21.1,49,334,83,85,False,1
child,7.3.21.1-c5-s1,7.3.21.1,59,313,79,81,False,1
child,7.3.21.1-c6-s1,7.3.21.1,167,1128,248,250,False,1
child,7.3.21.1-c7-s1,7.3.21.1,311,1722,408,410,True,1
child,7.3.21.1-c7-s2,7.3.21.1,101,582,127,129,False,1
child,7.3.21.1-c8-s1,7.3.21.1,140,803,200,202,False,1
child,7.3.21.2-c1-s1,7.3.21.2,342,2047,512,514,True,1
child,7.3.21.2-c1-s2,7.3.21.2,115,661,154,156,False,1
child,7.3.22-c1-s1,7.3.22,141,810,209,211,False,1
child,7.3.22-c2-s1,7.3.22,372,2202,501,503,True,1
child,7.3.22-c2-s2,7.3.22,334,2009,457,459,True,1
child,7.3.22-c2-s3,7.3.22,285,1715,365,367,True,1
child,7.3.22-c3-s1,7.3.22,321,1790,420,422,True,1
child,7.3.22-c3-s2,7.3.22,206,1256,282,284,True,1
child,7.3.22.1-c1-s1,7.3.22.1,290,1787,428,430,True,1
child,7.3.22.1-c2-s1,7.3.22.1,159,985,208,210,False,1
child,7.3.22.1-c3-s1,7.3.22.1,99,622,143,145,False,1
child,7.3.22.1-c4-s1,7.3.22.1,49,334,83,85,False,1
child,7.3.22.1-c5-s1,7.3.22.1,57,305,81,83,False,1
child,7.3.22.1-c6-s1,7.3.22.1,343,2177,452,454,True,1
child,7.3.22.1-c6-s2,7.3.22.1,338,2125,480,482,True,1
child,7.3.22.1-c6-s3,7.3.22.1,107,651,147,149,False,1
child,7.3.22.1-c7-s1,7.3.22.1,167,1134,252,254,False,1
child,7.3.22.1-c8-s1,7.3.22.1,392,2383,531,533,True,1
child,7.3.22.1-c8-s2,7.3.22.1,311,1987,431,433,True,1
child,7.3.22.1-c8-s3,7.3.22.1,119,716,152,154,False,1
child,7.3.22.1-c9-s1,7.3.22.1,149,855,217,219,False,1
child,7.3.22.2-c1-s1,7.3.22.2,353,2075,543,545,True,1
child,7.3.22.2-c1-s2,7.3.22.2,191,1076,260,262,True,1
child,7.3.23-c1-s1,7.3.23,258,1515,349,351,True,1
child,7.3.23-c1-s2,7.3.23,337,1968,432,434,True,1
child,7.3.23-c2-s1,7.3.23,193,995,251,253,False,1
child,7.3.23-c2-s2,7.3.23,171,940,255,257,True,1
child,7.3.23-c3-s1,7.3.23,315,1790,425,427,True,1
child,7.3.23-c4-s1,7.3.23,221,1289,305,307,True,1
child,7.3.23-c5-s1,7.3.23,3,23,9,11,False,1
child,7.3.23-c5-s2,7.3.23,314,1765,468,470,True,1
child,7.3.23-c5-s3,7.3.23,103,604,137,139,False,1
child,7.3.23-c6-s1,7.3.23,385,2331,518,520,True,1
child,7.3.23-c7-s1,7.3.23,247,1362,342,344,True,1
child,7.3.23-c7-s2,7.3.23,385,2273,522,524,True,1
child,7.3.23-c8-s1,7.3.23,3,23,4,6,False,1
child,7.3.23-c8-s2,7.3.23,318,1839,422,424,True,1
child,7.3.23-c8-s3,7.3.23,70,389,95,97,False,1
child,7.3.23-c9-s1,7.3.23,189,1071,278,280,True,1
child,7.3.23-c10-s1,7.3.23,67,390,93,95,False,1
child,7.3.23.1-c1-s1,7.3.23.1,298,1830,433,435,True,1
child,7.3.23.1-c2-s1,7.3.23.1,140,883,175,177,False,1
child,7.3.23.1-c3-s1,7.3.23.1,18,122,24,26,False,1
child,7.3.23.1-c4-s1,7.3.23.1,177,1069,206,208,False,1
child,7.3.23.1-c4-s2,7.3.23.1,422,2547,534,536,True,1
child,7.3.23.1-c4-s3,7.3.23.1,397,2400,506,508,True,1
child,7.3.23.1-c4-s4,7.3.23.1,241,1431,318,320,True,1
child,7.3.23.1-c5-s1,7.3.23.1,131,779,187,189,False,1
child,7.3.23.2-c1-s1,7.3.23.2,178,1146,293,295,True,1
child,7.3.23.3-c1-s1,7.3.23.3,300,1833,428,430,True,1
child,7.3.23.3-c1-s2,7.3.23.3,351,2195,432,434,True,1
child,7.3.23.3-c1-s3,7.3.23.3,374,2247,471,473,True,1
child,7.3.23.3-c1-s4,7.3.23.3,385,2321,495,497,True,1
child,7.3.23.3-c1-s5,7.3.23.3,302,1818,402,404,True,1
child,7.3.23.3-c2-s1,7.3.23.3,131,783,191,193,False,1
child,7.3.23.4-c1-s1,7.3.23.4,179,1162,298,300,True,1
child,7.3.23.5-c1-s1,7.3.23.5,349,2142,506,508,True,1
child,7.3.23.5-c2-s1,7.3.23.5,140,883,175,177,False,1
child,7.3.23.5-c3-s1,7.3.23.5,25,186,45,47,False,1
child,7.3.23.5-c4-s1,7.3.23.5,177,1070,207,209,False,1
child,7.3.23.5-c4-s2,7.3.23.5,374,2246,471,473,True,1
child,7.3.23.5-c4-s3,7.3.23.5,385,2315,489,491,True,1
child,7.3.23.5-c4-s4,7.3.23.5,302,1818,402,404,True,1
child,7.3.23.5-c5-s1,7.3.23.5,144,855,215,217,False,1
child,7.3.23.6-c1-s1,7.3.23.6,237,1504,382,384,True,1
child,7.3.23.7-c1-s1,7.3.23.7,350,2153,507,509,True,1
child,7.3.23.7-c2-s1,7.3.23.7,141,895,176,178,False,1
child,7.3.23.7-c3-s1,7.3.23.7,26,176,38,40,False,1
child,7.3.23.7-c4-s1,7.3.23.7,177,1070,207,209,False,1
child,7.3.23.7-c4-s2,7.3.23.7,374,2246,471,473,True,1
child,7.3.23.7-c4-s3,7.3.23.7,385,2313,487,489,True,1
child,7.3.23.7-c4-s4,7.3.23.7,302,1818,402,404,True,1
child,7.3.23.7-c5-s1,7.3.23.7,146,871,209,211,False,1
child,7.3.23.8-c1-s1,7.3.23.8,246,1574,385,387,True,1
child,7.3.23.9-c1-s1,7.3.23.9,237,1403,286,288,True,1
child,7.3.23.9-c2-s1,7.3.23.9,149,968,196,198,False,1
child,7.3.23.9-c3-s1,7.3.23.9,120,780,170,172,False,1
child,7.3.23.9-c4-s1,7.3.23.9,234,1518,310,312,True,1
child,7.3.24-c1-s1,7.3.24,329,1823,441,443,True,1
child,7.3.24-c1-s2,7.3.24,134,784,163,165,False,1
child,7.3.24-c2-s1,7.3.24,229,1339,366,368,True,1
child,7.3.24-c3-s1,7.3.24,28,148,35,37,False,1
child,7.3.24-c4-s1,7.3.24,51,271,65,67,False,1
child,7.3.24-c5-s1,7.3.24,4,21,5,7,False,1
child,7.3.24-c5-s2,7.3.24,286,1604,392,394,True,1
child,7.3.24-c5-s3,7.3.24,323,1792,420,422,True,1
child,7.3.24-c6-s1,7.3.24,68,385,93,95,False,1
child,7.3.24-c7-s1,7.3.24,78,457,104,106,False,1
child,7.3.24-c8-s1,7.3.24,246,1515,322,324,True,1
child,7.3.24.1-c1-s1,7.3.24.1,370,2146,502,504,True,1
child,7.3.24.1-c2-s1,7.3.24.1,25,148,36,38,False,1
child,7.3.24.1-c3-s1,7.3.24.1,66,375,89,91,False,1
child,7.3.24.1-c4-s1,7.3.24.1,432,2411,551,553,True,1
child,7.3.24.1-c4-s2,7.3.24.1,154,924,203,205,False,1
child,7.3.24.1-c5-s1,7.3.24.1,98,560,136,138,False,1
child,7.3.24.1-c6-s1,7.3.24.1,126,743,160,162,False,1
child,7.3.24.1-c7-s1,7.3.24.1,116,707,141,143,False,1
child,7.3.24.1-c8-s1,7.3.24.1,163,890,237,239,False,1
child,7.3.25-c1-s1,7.3.25,161,931,192,194,False,1
child,7.3.25-c2-s1,7.3.25,221,1299,337,339,True,1
child,7.3.25-c2-s2,7.3.25,343,1936,495,497,True,1
child,7.3.25-c2-s3,7.3.25,317,1813,446,448,True,1
child,7.3.25-c2-s4,7.3.25,248,1446,350,352,True,1
child,7.3.25-c2-s5,7.3.25,255,1434,411,413,True,1
child,7.3.25-c2-s6,7.3.25,342,1982,483,485,True,1
child,7.3.25-c2-s7,7.3.25,81,443,103,105,False,1
child,7.3.25-c3-s1,7.3.25,363,2068,463,465,True,1
child,7.3.25-c3-s2,7.3.25,330,1951,405,407,True,1
child,7.3.25-c3-s3,7.3.25,340,2046,469,471,True,1
child,7.3.25-c3-s4,7.3.25,384,2179,490,492,True,1
child,7.3.25-c3-s5,7.3.25,355,2015,512,514,True,1
child,7.3.25-c3-s6,7.3.25,5,27,7,9,False,1
child,7.3.25.1-c1-s1,7.3.25.1,328,1977,462,464,True,1
child,7.3.25.1-c1-s2,7.3.25.1,102,631,144,146,False,1
child,7.3.25.1-c2-s1,7.3.25.1,72,503,113,115,False,1
child,7.3.25.1-c3-s1,7.3.25.1,43,256,57,59,False,1
child,7.3.25.1-c4-s1,7.3.25.1,61,345,78,80,False,1
child,7.3.25.1-c5-s1,7.3.25.1,131,728,191,193,False,1
child,7.3.25.2-c1-s1,7.3.25.2,249,1426,374,376,True,1
child,7.3.25.3-c1-s1,7.3.25.3,333,2003,473,475,True,1
child,7.3.25.3-c1-s2,7.3.25.3,327,2090,498,500,True,1
child,7.3.25.3-c2-s1,7.3.25.3,78,520,117,119,False,1
child,7.3.25.3-c3-s1,7.3.25.3,43,257,59,61,False,1
child,7.3.25.3-c4-s1,7.3.25.3,119,652,165,167,False,1
child,7.3.25.4-c1-s1,7.3.25.4,194,1136,292,294,True,1
child,7.3.25.5-c1-s1,7.3.25.5,314,1960,471,473,True,1
child,7.3.25.5-c1-s2,7.3.25.5,179,1092,249,251,False,1
child,7.3.25.5-c2-s1,7.3.25.5,78,527,120,122,False,1
child,7.3.25.5-c3-s1,7.3.25.5,63,344,84,86,False,1
child,7.3.25.5-c4-s1,7.3.25.5,61,349,82,84,False,1
child,7.3.25.5-c5-s1,7.3.25.5,144,802,205,207,False,1
child,7.3.25.6-c1-s1,7.3.25.6,297,1703,428,430,True,1
child,7.3.25.7-c1-s1,7.3.25.7,177,1052,267,269,True,1
child,7.3.25.7-c1-s2,7.3.25.7,319,1947,449,451,True,1
child,7.3.25.7-c1-s3,7.3.25.7,234,1492,351,353,True,1
child,7.3.25.7-c2-s1,7.3.25.7,78,522,119,121,False,1
child,7.3.25.7-c3-s1,7.3.25.7,65,351,87,89,False,1
child,7.3.25.7-c4-s1,7.3.25.7,61,349,82,84,False,1
child,7.3.25.7-c5-s1,7.3.25.7,142,780,199,201,False,1
child,7.3.25.8-c1-s1,7.3.25.8,280,1599,403,405,True,1
child,7.3.26-c1-s1,7.3.26,86,541,127,129,False,1
child,7.3.26-c2-s1,7.3.26,50,324,66,68,False,1
child,7.3.26-c3-s1,7.3.26,4,34,5,7,False,1
child,7.3.26-c3-s2,7.3.26,311,1984,475,477,True,1
child,7.3.26-c3-s3,7.3.26,105,588,139,141,False,1
child,7.3.26-c4-s1,7.3.26,172,935,223,225,False,1
child,7.3.26-c4-s2,7.3.26,322,1895,463,465,True,1
child,7.3.26-c5-s1,7.3.26,188,1157,277,279,True,1
child,7.3.26-c6-s1,7.3.26,211,1230,257,259,True,1
child,7.3.26-c7-s1,7.3.26,267,1683,386,388,True,1
child,7.3.26-c7-s2,7.3.26,333,2104,465,467,True,1
child,7.3.26-c7-s3,7.3.26,330,1893,479,481,True,1
child,7.3.26-c7-s4,7.3.26,268,1601,385,387,True,1
child,7.3.26-c7-s5,7.3.26,239,1363,355,357,True,1
child,7.3.26-c7-s6,7.3.26,304,1842,468,470,True,1
child,7.3.26-c7-s7,7.3.26,272,1654,450,452,True,1
child,7.3.26.1-c1-s1,7.3.26.1,187,1212,254,256,False,1
child,7.3.26.1-c2-s1,7.3.26.1,370,2280,469,471,True,1
child,7.3.26.1-c3-s1,7.3.26.1,125,798,156,158,False,1
child,7.3.26.1-c4-s1,7.3.26.1,21,154,40,42,False,1
child,7.3.26.1-c5-s1,7.3.26.1,87,537,115,117,False,1
child,7.3.26.2-c1-s1,7.3.26.2,365,2182,526,528,True,1
child,7.3.26.2-c1-s2,7.3.26.2,123,722,156,158,False,1
child,7.3.27-c1-s1,7.3.27,45,289,68,70,False,1
child,7.3.27-c2-s1,7.3.27,50,327,66,68,False,1
child,7.3.27-c3-s1,7.3.27,84,581,128,130,False,1
child,7.3.27-c4-s1,7.3.27,42,262,65,67,False,1
child,7.3.27-c5-s1,7.3.27,83,506,112,114,False,1
child,7.3.27-c6-s1,7.3.27,42,242,55,57,False,1
child,7.3.27-c7-s1,7.3.27,82,462,100,102,False,1
child,7.3.27-c8-s1,7.3.27,108,631,157,159,False,1
child,7.3.27.1-c1-s1,7.3.27.1,256,1706,336,338,True,1
child,7.3.27.1-c2-s1,7.3.27.1,370,2280,469,471,True,1
child,7.3.27.1-c3-s1,7.3.27.1,125,798,156,158,False,1
child,7.3.27.1-c4-s1,7.3.27.1,21,154,40,42,False,1
child,7.3.27.1-c5-s1,7.3.27.1,87,544,116,118,False,1
child,7.3.27.2-c1-s1,7.3.27.2,357,2242,515,517,True,1
child,7.3.27.2-c1-s2,7.3.27.2,154,910,201,203,False,1
child,7.3.28-c1-s1,7.3.28,86,542,122,124,False,1
child,7.3.28-c2-s1,7.3.28,121,739,153,155,False,1
child,7.3.28-c3-s1,7.3.28,9,56,12,14,False,1
child,7.3.28-c3-s2,7.3.28,295,1684,445,447,True,1
child,7.3.28-c3-s3,7.3.28,123,806,165,167,False,1
child,7.3.28-c4-s1,7.3.28,224,1158,319,321,True,1
child,7.3.28-c5-s1,7.3.28,270,1542,370,372,True,1
child,7.3.28-c6-s1,7.3.28,247,1359,316,318,True,1
child,7.3.28-c7-s1,7.3.28,88,505,121,123,False,1
child,7.3.28-c8-s1,7.3.28,381,2312,528,530,True,1
child,7.3.28-c8-s2,7.3.28,383,2272,508,510,True,1
child,7.3.28-c8-s3,7.3.28,119,729,195,197,False,1
child,7.3.28-c9-s1,7.3.28,276,1595,372,374,True,1
child,7.3.28.1-c1-s1,7.3.28.1,144,992,248,250,False,1
child,7.3.28.1-c1-s2,7.3.28.1,330,2224,494,496,True,1
child,7.3.28.1-c1-s3,7.3.28.1,269,1813,401,403,True,1
child,7.3.28.1-c2-s1,7.3.28.1,170,1050,237,239,False,1
child,7.3.28.1-c3-s1,7.3.28.1,370,2342,488,490,True,1
child,7.3.28.1-c3-s2,7.3.28.1,91,635,137,139,False,1
child,7.3.28.1-c4-s1,7.3.28.1,362,2202,537,539,True,1
child,7.3.28.1-c4-s2,7.3.28.1,162,1019,232,234,False,1
child,7.3.28.1-c5-s1,7.3.28.1,186,1212,270,272,True,1
child,7.3.28.1-c6-s1,7.3.28.1,380,2340,484,486,True,1
child,7.3.28.1-c6-s2,7.3.28.1,91,556,115,117,False,1
child,7.3.28.1-c7-s1,7.3.28.1,158,1076,279,281,True,1
child,7.3.28.2-c1-s1,7.3.28.2,105,787,202,204,False,1
child,7.3.28.2-c1-s2,7.3.28.2,282,1827,482,484,True,1
child,7.3.28.2-c1-s3,7.3.28.2,284,1710,466,468,True,1
child,7.3.28.2-c1-s4,7.3.28.2,59,317,79,81,False,1
child,7.3.29-c1-s1,7.3.29,46,294,70,72,False,1
child,7.3.29-c2-s1,7.3.29,42,281,56,58,False,1
child,7.3.29-c3-s1,7.3.29,374,2171,495,497,True,1
child,7.3.29-c4-s1,7.3.29,42,259,62,64,False,1
child,7.3.29-c5-s1,7.3.29,105,674,126,128,False,1
child,7.3.29-c6-s1,7.3.29,77,450,103,105,False,1
child,7.3.29-c7-s1,7.3.29,209,1285,303,305,True,1
child,7.3.29.1-c1-s1,7.3.29.1,223,1433,297,299,True,1
child,7.3.29.1-c2-s1,7.3.29.1,370,2280,469,471,True,1
child,7.3.29.1-c3-s1,7.3.29.1,124,809,155,157,False,1
child,7.3.29.1-c4-s1,7.3.29.1,21,142,28,30,False,1
child,7.3.29.1-c5-s1,7.3.29.1,80,501,108,110,False,1
child,7.3.29.2-c1-s1,7.3.29.2,341,2057,491,493,True,1
child,7.3.29.2-c1-s2,7.3.29.2,107,639,138,140,False,1
child,7.3.30-c1-s1,7.3.30,75,456,102,104,False,1
child,7.3.30-c2-s1,7.3.30,80,496,103,105,False,1
child,7.3.30-c3-s1,7.3.30,204,1181,299,301,True,1
child,7.3.30-c3-s2,7.3.30,173,946,240,242,False,1
child,7.3.30-c3-s3,7.3.30,342,1900,477,479,True,1
child,7.3.30-c3-s4,7.3.30,298,1884,432,434,True,1
child,7.3.30-c4-s1,7.3.30,271,1552,373,375,True,1
child,7.3.30-c5-s1,7.3.30,247,1358,316,318,True,1
child,7.3.30-c6-s1,7.3.30,127,803,175,177,False,1
child,7.3.30-c7-s1,7.3.30,310,1834,435,437,True,1
child,7.3.30-c7-s2,7.3.30,263,1527,346,348,True,1
child,7.3.30-c7-s3,7.3.30,382,2132,496,498,True,1
child,7.3.30.1-c1-s1,7.3.30.1,170,1191,280,282,True,1
child,7.3.30.1-c2-s1,7.3.30.1,369,2397,517,519,True,1
child,7.3.30.1-c2-s2,7.3.30.1,381,2489,545,547,True,1
child,7.3.30.1-c2-s3,7.3.30.1,376,2206,522,524,True,1
child,7.3.30.1-c2-s4,7.3.30.1,96,615,139,141,False,1
child,7.3.30.1-c3-s1,7.3.30.1,370,2344,489,491,True,1
child,7.3.30.1-c3-s2,7.3.30.1,91,636,137,139,False,1
child,7.3.30.1-c4-s1,7.3.30.1,343,2088,515,517,True,1
child,7.3.30.1-c4-s2,7.3.30.1,181,1136,260,262,True,1
child,7.3.30.1-c5-s1,7.3.30.1,351,2185,478,480,True,1
child,7.3.30.1-c5-s2,7.3.30.1,329,2073,445,447,True,1
child,7.3.30.1-c6-s1,7.3.30.1,230,1517,364,366,True,1
child,7.3.30.2-c1-s1,7.3.30.2,69,507,136,138,False,1
child,7.3.30.2-c1-s2,7.3.30.2,251,1658,450,452,True,1
child,7.3.30.2-c1-s3,7.3.30.2,296,1743,492,494,True,1
child,7.3.30.2-c1-s4,7.3.30.2,5,30,6,8,False,1
child,7.4.1-c1-s1,7.4.1,135,892,176,178,False,1
child,7.4.1-c2-s1,7.4.1,28,183,36,38,False,1
child,7.4.1-c3-s1,7.4.1,215,1275,254,256,False,1
child,7.4.1-c4-s1,7.4.1,111,660,147,149,False,1
child,7.4.1-c5-s1,7.4.1,135,792,187,189,False,1
child,7.4.1-c6-s1,7.4.1,59,380,85,87,False,1
child,7.4.1-c7-s1,7.4.1,80,523,106,108,False,1
child,7.4.1.1-c1-s1,7.4.1.1,214,1400,257,259,True,1
child,7.4.1.1-c2-s1,7.4.1.1,192,1244,255,257,True,1
child,7.4.1.1-c3-s1,7.4.1.1,170,1059,249,251,False,1
child,7.4.1.1-c4-s1,7.4.1.1,196,1222,268,270,True,1
child,7.4.1.1-c5-s1,7.4.1.1,363,2254,483,485,True,1
child,7.4.1.1-c6-s1,7.4.1.1,105,677,143,145,False,1
child,7.4.1.1-c7-s1,7.4.1.1,145,897,175,177,False,1
child,7.4.1.1-c8-s1,7.4.1.1,133,835,144,146,False,1
child,7.4.1.1-c9-s1,7.4.1.1,397,2513,487,489,True,1
child,7.4.1.1-c9-s2,7.4.1.1,155,955,211,213,False,1
child,7.4.1.2-c1-s1,7.4.1.2,344,2273,516,518,True,1
child,7.4.1.2-c1-s2,7.4.1.2,55,317,62,64,False,1
child,7.4.2-c1-s1,7.4.2,65,426,90,92,False,1
child,7.4.2-c2-s1,7.4.2,109,668,142,144,False,1
child,7.4.2-c3-s1,7.4.2,247,1534,324,326,True,1
child,7.4.2-c4-s1,7.4.2,7,36,8,10,False,1
child,7.4.2-c4-s2,7.4.2,278,1639,428,430,True,1
child,7.4.2-c4-s3,7.4.2,379,2173,495,497,True,1
child,7.4.2-c4-s4,7.4.2,92,510,131,133,False,1
child,7.4.2-c5-s1,7.4.2,59,374,89,91,False,1
child,7.4.2-c6-s1,7.4.2,269,1515,414,416,True,1
child,7.4.2-c7-s1,7.4.2,67,459,120,122,False,1
child,7.4.2-c8-s1,7.4.2,92,575,123,125,False,1
child,7.4.2.1-c1-s1,7.4.2.1,131,855,168,170,False,1
child,7.4.2.1-c2-s1,7.4.2.1,192,1256,267,269,True,1
child,7.4.2.1-c3-s1,7.4.2.1,169,1047,238,240,False,1
child,7.4.2.1-c4-s1,7.4.2.1,192,1203,263,265,True,1
child,7.4.2.1-c5-s1,7.4.2.1,87,582,133,135,False,1
child,7.4.2.1-c6-s1,7.4.2.1,139,853,173,175,False,1
child,7.4.2.1-c7-s1,7.4.2.1,418,2588,522,524,True,1
child,7.4.2.1-c7-s2,7.4.2.1,155,967,223,225,False,1
child,7.4.2.2-c1-s1,7.4.2.2,304,1923,439,441,True,1
child,7.4.2.3-c1-s1,7.4.2.3,130,855,169,171,False,1
child,7.4.2.3-c2-s1,7.4.2.3,315,1871,413,415,True,1
child,7.4.2.3-c3-s1,7.4.2.3,169,1049,240,242,False,1
child,7.4.2.3-c4-s1,7.4.2.3,151,961,206,208,False,1
child,7.4.2.3-c5-s1,7.4.2.3,87,572,123,125,False,1
child,7.4.2.3-c6-s1,7.4.2.3,139,853,173,175,False,1
child,7.4.2.3-c7-s1,7.4.2.3,399,2436,490,492,True,1
child,7.4.2.3-c7-s2,7.4.2.3,121,747,162,164,False,1
child,7.4.2.4-c1-s1,7.4.2.4,257,1691,400,402,True,1
child,7.4.2.5-c1-s1,7.4.2.5,146,975,192,194,False,1
child,7.4.2.5-c2-s1,7.4.2.5,192,1246,257,259,True,1
child,7.4.2.5-c3-s1,7.4.2.5,169,1049,240,242,False,1
child,7.4.2.5-c4-s1,7.4.2.5,192,1203,263,265,True,1
child,7.4.2.5-c5-s1,7.4.2.5,87,572,123,125,False,1
child,7.4.2.5-c6-s1,7.4.2.5,139,853,173,175,False,1
child,7.4.2.5-c7-s1,7.4.2.5,347,2106,433,435,True,1
child,7.4.2.5-c7-s2,7.4.2.5,293,1799,378,380,True,1
child,7.4.2.6-c1-s1,7.4.2.6,150,1003,201,203,False,1
child,7.4.2.6-c2-s1,7.4.2.6,315,1877,413,415,True,1
child,7.4.2.6-c3-s1,7.4.2.6,170,1057,247,249,False,1
child,7.4.2.6-c4-s1,7.4.2.6,155,980,211,213,False,1
child,7.4.2.6-c5-s1,7.4.2.6,105,681,146,148,False,1
child,7.4.2.6-c6-s1,7.4.2.6,121,744,149,151,False,1
child,7.4.2.6-c7-s1,7.4.2.6,347,2104,431,433,True,1
child,7.4.2.6-c7-s2,7.4.2.6,174,1080,239,241,False,1
child,7.4.2.6-c8-s1,7.4.2.6,120,720,142,144,False,1
child,7.4.2.7-c1-s1,7.4.2.7,251,1691,342,344,True,1
child,7.4.2.7-c2-s1,7.4.2.7,192,1244,255,257,True,1
child,7.4.2.7-c3-s1,7.4.2.7,169,1047,238,240,False,1
child,7.4.2.7-c4-s1,7.4.2.7,192,1203,263,265,True,1
child,7.4.2.7-c5-s1,7.4.2.7,87,572,123,125,False,1
child,7.4.2.7-c6-s1,7.4.2.7,139,853,173,175,False,1
child,7.4.2.7-c7-s1,7.4.2.7,347,2103,430,432,True,1
child,7.4.2.7-c8-s1,7.4.2.7,288,1774,374,376,True,1
child,7.4.2.7-c9-s1,7.4.2.7,416,2556,513,515,True,1
child,7.4.2.7-c9-s2,7.4.2.7,150,927,205,207,False,1
child,7.4.2.7-c10-s1,7.4.2.7,313,1856,377,379,True,1
child,7.4.2.8-c1-s1,7.4.2.8,164,1099,213,215,False,1
child,7.4.2.8-c2-s1,7.4.2.8,315,1877,413,415,True,1
child,7.4.2.8-c3-s1,7.4.2.8,170,1059,249,251,False,1
child,7.4.2.8-c4-s1,7.4.2.8,151,961,206,208,False,1
child,7.4.2.8-c5-s1,7.4.2.8,105,681,146,148,False,1
child,7.4.2.8-c6-s1,7.4.2.8,121,744,149,151,False,1
child,7.4.2.8-c7-s1,7.4.2.8,347,2104,431,433,True,1
child,7.4.2.8-c7-s2,7.4.2.8,174,1078,236,238,False,1
child,7.4.2.8-c8-s1,7.4.2.8,115,693,136,138,False,1
child,7.4.2.8-c9-s1,7.4.2.8,422,2565,530,532,True,1
child,7.4.2.8-c9-s2,7.4.2.8,68,433,94,96,False,1
child,7.4.2.8-c10-s1,7.4.2.8,313,1856,377,379,True,1
child,7.4.3-c1-s1,7.4.3,207,1293,295,297,True,1
child,7.4.3-c2-s1,7.4.3,80,550,115,117,False,1
child,7.4.3-c3-s1,7.4.3,268,1598,409,411,True,1
child,7.4.3-c4-s1,7.4.3,57,358,87,89,False,1
child,7.4.3-c5-s1,7.4.3,216,1220,343,345,True,1
child,7.4.3-c6-s1,7.4.3,72,493,127,129,False,1
child,7.4.3.1-c1-s1,7.4.3.1,273,1790,398,400,True,1
child,7.4.3.1-c2-s1,7.4.3.1,167,1033,240,242,False,1
child,7.4.3.1-c3-s1,7.4.3.1,116,757,162,164,False,1
child,7.4.3.1-c4-s1,7.4.3.1,87,584,135,137,False,1
child,7.4.3.1-c5-s1,7.4.3.1,105,656,172,174,False,1
child,7.4.3.2-c1-s1,7.4.3.2,269,1758,415,417,True,1
child,7.4.3.3-c1-s1,7.4.3.3,215,1404,321,323,True,1
child,7.4.3.3-c2-s1,7.4.3.3,167,1033,240,242,False,1
child,7.4.3.3-c3-s1,7.4.3.3,116,757,162,164,False,1
child,7.4.3.3-c4-s1,7.4.3.3,99,653,146,148,False,1
child,7.4.3.3-c5-s1,7.4.3.3,88,546,145,147,False,1
child,7.4.3.4-c1-s1,7.4.3.4,219,1425,348,350,True,1
child,7.4.4-c1-s1,7.4.4,136,889,181,183,False,1
child,7.4.4-c2-s1,7.4.4,28,183,36,38,False,1
child,7.4.4-c3-s1,7.4.4,215,1284,252,254,False,1
child,7.4.4-c4-s1,7.4.4,135,792,187,189,False,1
child,7.4.4-c5-s1,7.4.4,59,380,85,87,False,1
child,7.4.4-c6-s1,7.4.4,87,547,119,121,False,1
child,7.4.4.1-c1-s1,7.4.4.1,180,1179,219,221,False,1
child,7.4.4.1-c2-s1,7.4.4.1,192,1244,255,257,True,1
child,7.4.4.1-c3-s1,7.4.4.1,170,1059,249,251,False,1
child,7.4.4.1-c4-s1,7.4.4.1,401,2429,532,534,True,1
child,7.4.4.1-c5-s1,7.4.4.1,362,2251,480,482,True,1
child,7.4.4.1-c6-s1,7.4.4.1,105,680,146,148,False,1
child,7.4.4.1-c7-s1,7.4.4.1,152,929,185,187,False,1
child,7.4.4.1-c8-s1,7.4.4.1,133,821,149,151,False,1
child,7.4.4.1-c9-s1,7.4.4.1,406,2540,507,509,True,1
child,7.4.4.1-c9-s2,7.4.4.1,159,981,219,221,False,1
child,7.4.4.2-c1-s1,7.4.4.2,358,2354,546,548,True,1
child,7.4.4.2-c1-s2,7.4.4.2,23,136,26,28,False,1
child,7.4.5-c1-s1,7.4.5,269,1670,355,357,True,1
child,7.4.5-c1-s2,7.4.5,164,1023,212,214,False,1
child,7.4.5-c1-s3,7.4.5,327,1927,477,479,True,1
child,7.4.5-c1-s4,7.4.5,219,1213,299,301,True,1
child,7.4.5-c2-s1,7.4.5,59,374,89,91,False,1
child,7.4.5-c3-s1,7.4.5,2,15,4,6,False,1
child,7.4.5-c3-s2,7.4.5,191,1076,311,313,True,1
child,7.4.5-c3-s3,7.4.5,175,977,252,254,False,1
child,7.4.5-c4-s1,7.4.5,109,672,149,151,False,1
child,7.4.5.1-c1-s1,7.4.5.1,161,1002,212,214,False,1
child,7.4.5.1-c2-s1,7.4.5.1,192,1244,255,257,True,1
child,7.4.5.1-c3-s1,7.4.5.1,170,1057,247,249,False,1
child,7.4.5.1-c4-s1,7.4.5.1,401,2429,532,534,True,1
child,7.4.5.1-c5-s1,7.4.5.1,105,681,146,148,False,1
child,7.4.5.1-c6-s1,7.4.5.1,128,776,159,161,False,1
child,7.4.5.1-c7-s1,7.4.5.1,432,2623,530,532,True,1
child,7.4.5.1-c7-s2,7.4.5.1,179,1092,242,244,False,1
child,7.4.5.2-c1-s1,7.4.5.2,313,1995,483,485,True,1
child,7.4.5.3-c1-s1,7.4.5.3,127,800,176,178,False,1
child,7.4.5.3-c1-s2,7.4.5.3,315,1871,413,415,True,1
child,7.4.5.3-c2-s1,7.4.5.3,170,1057,247,249,False,1
child,7.4.5.3-c3-s1,7.4.5.3,401,2429,532,534,True,1
child,7.4.5.3-c4-s1,7.4.5.3,105,681,146,148,False,1
child,7.4.5.3-c5-s1,7.4.5.3,128,776,159,161,False,1
child,7.4.5.3-c6-s1,7.4.5.3,417,2515,521,523,True,1
child,7.4.5.3-c6-s2,7.4.5.3,127,774,171,173,False,1
child,7.4.5.4-c1-s1,7.4.5.4,266,1742,424,426,True,1
child,7.4.6-c1-s1,7.4.6,293,1861,403,405,True,1
child,7.4.6-c1-s2,7.4.6,268,1605,409,411,True,1
child,7.4.6-c1-s3,7.4.6,54,339,83,85,False,1
child,7.4.6-c2-s1,7.4.6,2,15,4,6,False,1
child,7.4.6-c2-s2,7.4.6,185,1028,308,310,True,1
child,7.4.6-c2-s3,7.4.6,173,964,248,250,False,1
child,7.4.6-c3-s1,7.4.6,22,138,29,31,False,1
child,7.4.6.1-c1-s1,7.4.6.1,314,2023,457,459,True,1
child,7.4.6.1-c2-s1,7.4.6.1,168,1041,247,249,False,1
child,7.4.6.1-c3-s1,7.4.6.1,350,2136,476,478,True,1
child,7.4.6.1-c4-s1,7.4.6.1,104,690,158,160,False,1
child,7.4.6.1-c5-s1,7.4.6.1,93,571,154,156,False,1
child,7.4.6.2-c1-s1,7.4.6.2,273,1767,418,420,True,1
child,7.4.6.3-c1-s1,7.4.6.3,217,1407,330,332,True,1
child,7.4.6.3-c2-s1,7.4.6.3,168,1043,249,251,False,1
child,7.4.6.3-c3-s1,7.4.6.3,350,2136,476,478,True,1
child,7.4.6.3-c4-s1,7.4.6.3,104,690,158,160,False,1
child,7.4.6.3-c5-s1,7.4.6.3,93,571,154,156,False,1
child,7.4.6.4-c1-s1,7.4.6.4,223,1445,362,364,True,1
child,7.4.7-c1-s1,7.4.7,216,1292,330,332,True,1
child,7.4.7-c1-s2,7.4.7,209,1152,294,296,True,1
child,7.4.7-c1-s3,7.4.7,303,1763,358,360,True,1
child,7.4.7-c1-s4,7.4.7,339,2045,473,475,True,1
child,7.4.7-c2-s1,7.4.7,21,148,38,40,False,1
child,7.4.7-c3-s1,7.4.7,35,240,55,57,False,1
child,7.4.7.1-c1-s1,7.4.7.1,383,2292,563,565,True,1
child,7.4.7.1-c2-s1,7.4.7.1,438,2699,530,532,True,1
child,7.4.7.1-c2-s2,7.4.7.1,5,49,14,16,False,1
child,7.4.7.1-c3-s1,7.4.7.1,326,2067,497,499,True,1
child,7.4.7.1-c3-s2,7.4.7.1,98,634,128,130,False,1
child,7.4.7.1-c4-s1,7.4.7.1,331,2103,454,456,True,1
child,7.4.7.1-c5-s1,7.4.7.1,114,690,178,180,False,1
child,7.4.7.2-c1-s1,7.4.7.2,75,483,119,121,False,1
child,7.4.7.2-c1-s2,7.4.7.2,286,1790,454,456,True,1
child,7.4.7.3-c1-s1,7.4.7.3,380,2280,556,558,True,1
child,7.4.7.3-c2-s1,7.4.7.3,438,2699,530,532,True,1
child,7.4.7.3-c2-s2,7.4.7.3,5,49,14,16,False,1
child,7.4.7.3-c3-s1,7.4.7.3,326,2069,499,501,True,1
child,7.4.7.3-c3-s2,7.4.7.3,98,632,126,128,False,1
child,7.4.7.3-c4-s1,7.4.7.3,358,2157,478,480,True,1
child,7.4.7.3-c4-s2,7.4.7.3,34,200,45,47,False,1
child,7.4.7.3-c5-s1,7.4.7.3,114,690,178,180,False,1
child,7.4.7.4-c1-s1,7.4.7.4,343,2171,539,541,True,1
child,7.4.8-c1-s1,7.4.8,110,665,161,163,False,1
child,7.4.8-c2-s1,7.4.8,169,1021,248,250,False,1
child,7.4.8-c2-s2,7.4.8,313,1798,495,497,True,1
child,7.4.8-c2-s3,7.4.8,357,2214,495,497,True,1
child,7.4.8-c2-s4,7.4.8,146,852,203,205,False,1
child,7.4.8-c3-s1,7.4.8,91,568,110,112,False,1
child,7.4.8-c3-s2,7.4.8,285,1627,455,457,True,1
child,7.4.8-c3-s3,7.4.8,124,710,196,198,False,1
child,7.4.8-c3-s4,7.4.8,10,69,13,15,False,1
child,7.4.8-c3-s5,7.4.8,256,1432,456,458,True,1
child,7.4.8-c3-s6,7.4.8,101,559,141,143,False,1
child,7.4.8-c3-s7,7.4.8,256,1502,398,400,True,1
child,7.4.8-c3-s8,7.4.8,343,1983,496,498,True,1
child,7.4.8-c3-s9,7.4.8,321,1912,466,468,True,1
child,7.4.8.1-c1-s1,7.4.8.1,150,915,220,222,False,1
child,7.4.8.1-c2-s1,7.4.8.1,49,315,67,69,False,1
child,7.4.8.1-c3-s1,7.4.8.1,328,2123,470,472,True,1
child,7.4.8.1-c4-s1,7.4.8.1,82,495,137,139,False,1
child,7.4.8.2-c1-s1,7.4.8.2,182,1073,264,266,True,1
child,7.4.8.3-c1-s1,7.4.8.3,132,854,204,206,False,1
child,7.4.8.3-c2-s1,7.4.8.3,89,549,108,110,False,1
child,7.4.8.3-c3-s1,7.4.8.3,114,712,150,152,False,1
child,7.4.8.3-c4-s1,7.4.8.3,331,2172,500,502,True,1
child,7.4.8.3-c5-s1,7.4.8.3,99,619,169,171,False,1
child,7.4.8.4-c1-s1,7.4.8.4,239,1440,355,357,True,1
child,7.4.9-c1-s1,7.4.9,176,1126,301,303,True,1
child,7.4.9-c2-s1,7.4.9,110,751,145,147,False,1
child,7.4.9-c3-s1,7.4.9,131,760,179,181,False,1
child,7.4.9-c4-s1,7.4.9,54,295,77,79,False,1
child,7.4.9-c5-s1,7.4.9,283,1850,455,457,True,1
child,7.4.9-c5-s2,7.4.9,343,2071,451,453,True,1
child,7.4.9-c5-s3,7.4.9,118,703,150,152,False,1
child,7.4.9-c5-s4,7.4.9,72,437,121,123,False,1
child,7.4.9-c5-s5,7.4.9,366,2075,452,454,True,1
child,7.4.9-c5-s6,7.4.9,292,1692,405,407,True,1
child,7.4.9-c5-s7,7.4.9,337,1843,483,485,True,1
child,7.4.9-c5-s8,7.4.9,105,591,139,141,False,1
child,7.4.9-c5-s9,7.4.9,351,2089,519,521,True,1
child,7.4.9-c5-s10,7.4.9,72,442,106,108,False,1
child,7.4.9-c6-s1,7.4.9,243,1421,328,330,True,1
child,7.4.9-c7-s1,7.4.9,241,1332,412,414,True,1
child,7.4.9.1-c1-s1,7.4.9.1,352,2194,502,504,True,1
child,7.4.9.1-c2-s1,7.4.9.1,78,514,121,123,False,1
child,7.4.9.1-c3-s1,7.4.9.1,115,732,152,154,False,1
child,7.4.9.1-c4-s1,7.4.9.1,121,758,175,177,False,1
child,7.4.9.1-c5-s1,7.4.9.1,94,574,139,141,False,1
child,7.4.9.1-c6-s1,7.4.9.1,159,960,228,230,False,1
child,7.4.9.2-c1-s1,7.4.9.2,59,368,75,77,False,1
child,7.4.9.2-c1-s2,7.4.9.2,322,1820,454,456,True,1
child,7.4.9.3-c1-s1,7.4.9.3,324,2003,450,452,True,1
child,7.4.9.3-c2-s1,7.4.9.3,110,681,155,157,False,1
child,7.4.9.3-c3-s1,7.4.9.3,67,445,98,100,False,1
child,7.4.9.3-c4-s1,7.4.9.3,132,794,174,176,False,1
child,7.4.9.3-c5-s1,7.4.9.3,71,447,105,107,False,1
child,7.4.9.3-c6-s1,7.4.9.3,115,732,152,154,False,1
child,7.4.9.3-c7-s1,7.4.9.3,94,580,141,143,False,1
child,7.4.9.3-c8-s1,7.4.9.3,172,967,232,234,False,1
child,7.4.9.4-c1-s1,7.4.9.4,72,433,88,90,False,1
child,7.4.9.4-c1-s2,7.4.9.4,350,1937,487,489,True,1
child,7.4.9.4-c1-s3,7.4.9.4,45,214,58,60,False,1
child,7.4.9.4-c1-s4,7.4.9.4,5,29,7,9,False,1
child,7.4.9.5-c1-s1,7.4.9.5,271,1726,421,423,True,1
child,7.4.9.5-c2-s1,7.4.9.5,110,698,162,164,False,1
child,7.4.9.5-c3-s1,7.4.9.5,54,361,91,93,False,1
child,7.4.9.5-c4-s1,7.4.9.5,121,775,211,213,False,1
child,7.4.9.5-c5-s1,7.4.9.5,68,450,117,119,False,1
child,7.4.9.5-c6-s1,7.4.9.5,94,582,145,147,False,1
child,7.4.9.5-c7-s1,7.4.9.5,112,668,206,208,False,1
child,7.4.9.6-c1-s1,7.4.9.6,288,1662,442,444,True,1
child,7.4.9.7-c1-s1,7.4.9.7,288,1699,487,489,True,1
child,7.4.9.8-c1-s1,7.4.9.8,321,1967,446,448,True,1
child,7.4.9.8-c2-s1,7.4.9.8,73,464,108,110,False,1
child,7.4.9.8-c3-s1,7.4.9.8,115,732,152,154,False,1
child,7.4.9.8-c4-s1,7.4.9.8,83,514,116,118,False,1
child,7.4.9.8-c5-s1,7.4.9.8,94,574,139,141,False,1
child,7.4.9.8-c6-s1,7.4.9.8,148,870,206,208,False,1
child,7.4.9.9-c1-s1,7.4.9.9,63,399,79,81,False,1
child,7.4.9.9-c1-s2,7.4.9.9,312,1742,430,432,True,1
child,7.4.10-c1-s1,7.4.10,102,578,127,129,False,1
child,7.4.10-c2-s1,7.4.10,328,1761,461,463,True,1
child,7.4.10-c2-s2,7.4.10,239,1338,314,316,True,1
child,7.4.10-c3-s1,7.4.10,54,299,69,71,False,1
child,7.4.10-c4-s1,7.4.10,98,561,150,152,False,1
child,7.4.10-c4-s2,7.4.10,224,1210,347,349,True,1
child,7.4.10-c4-s3,7.4.10,176,980,251,253,False,1
child,7.4.10-c5-s1,7.4.10,209,1258,297,299,True,1
child,7.4.10-c6-s1,7.4.10,367,2181,485,487,True,1
child,7.4.10-c7-s1,7.4.10,322,1917,419,421,True,1
child,7.4.10-c7-s2,7.4.10,358,2091,473,475,True,1
child,7.4.10-c7-s3,7.4.10,84,508,108,110,False,1
child,7.4.10-c8-s1,7.4.10,84,534,109,111,False,1
child,7.4.10-c9-s1,7.4.10,114,608,138,140,False,1
child,7.4.10.1-c1-s1,7.4.10.1,309,1833,430,432,True,1
child,7.4.10.1-c1-s2,7.4.10.1,154,925,192,194,False,1
child,7.4.10.1-c2-s1,7.4.10.1,50,303,74,76,False,1
child,7.4.10.1-c2-s2,7.4.10.1,387,2272,514,516,True,1
child,7.4.10.1-c2-s3,7.4.10.1,323,1939,420,422,True,1
child,7.4.10.1-c3-s1,7.4.10.1,84,534,109,111,False,1
child,7.4.10.1-c4-s1,7.4.10.1,114,636,166,168,False,1
child,7.4.10.2-c1-s1,7.4.10.2,67,436,114,116,False,1
child,7.4.10.2-c1-s2,7.4.10.2,303,1671,438,440,True,1
child,7.4.11-c1-s1,7.4.11,109,641,141,143,False,1
child,7.4.11-c2-s1,7.4.11,43,259,54,56,False,1
child,7.4.11-c3-s1,7.4.11,279,1613,407,409,True,1
child,7.4.11-c3-s2,7.4.11,238,1339,316,318,True,1
child,7.4.11-c4-s1,7.4.11,150,862,219,221,False,1
child,7.4.11-c4-s2,7.4.11,325,1845,482,484,True,1
child,7.4.11-c5-s1,7.4.11,131,759,193,195,False,1
child,7.4.11.1-c1-s1,7.4.11.1,315,1907,434,436,True,1
child,7.4.11.1-c1-s2,7.4.11.1,295,1828,394,396,True,1
child,7.4.11.1-c2-s1,7.4.11.1,50,303,74,76,False,1
child,7.4.11.1-c2-s2,7.4.11.1,393,2337,521,523,True,1
child,7.4.11.1-c2-s3,7.4.11.1,324,1954,423,425,True,1
child,7.4.11.1-c3-s1,7.4.11.1,84,547,122,124,False,1
child,7.4.11.1-c4-s1,7.4.11.1,120,690,175,177,False,1
child,7.4.11.2-c1-s1,7.4.11.2,36,231,48,50,False,1
child,7.4.11.2-c1-s2,7.4.11.2,365,2013,488,490,True,1
child,7.4.11.2-c1-s3,7.4.11.2,43,230,61,63,False,1
child,7.4.11.2-c1-s4,7.4.11.2,5,30,6,8,False,1
child,7.4.12-c1-s1,7.4.12,221,1353,304,306,True,1
child,7.4.12-c2-s1,7.4.12,201,1146,264,266,True,1
child,7.4.12-c2-s2,7.4.12,300,1721,493,495,True,1
child,7.4.12-c2-s3,7.4.12,23,131,34,36,False,1
child,7.4.12-c2-s4,7.4.12,137,791,219,221,False,1
child,7.4.12-c2-s5,7.4.12,206,1203,304,306,True,1
child,7.4.12-c2-s6,7.4.12,210,1280,336,338,True,1
child,7.4.12-c2-s7,7.4.12,258,1631,386,388,True,1
child,7.4.12-c2-s8,7.4.12,203,1179,267,269,True,1
child,7.4.12-c3-s1,7.4.12,185,1038,257,259,True,1
child,7.4.12-c3-s2,7.4.12,331,1923,461,463,True,1
child,7.4.12-c3-s3,7.4.12,293,1646,417,419,True,1
child,7.4.12-c4-s1,7.4.12,135,793,165,167,False,1
child,7.4.12-c5-s1,7.4.12,99,589,116,118,False,1
child,7.4.12-c6-s1,7.4.12,59,372,93,95,False,1
child,7.4.12-c7-s1,7.4.12,231,1302,302,304,True,1
child,7.4.12.1-c1-s1,7.4.12.1,207,1226,295,297,True,1
child,7.4.12.1-c2-s1,7.4.12.1,379,2255,502,504,True,1
child,7.4.12.1-c2-s2,7.4.12.1,108,630,163,165,False,1
child,7.4.12.1-c2-s3,7.4.12.1,377,2248,515,517,True,1
child,7.4.12.1-c2-s4,7.4.12.1,44,239,58,60,False,1
child,7.4.12.1-c3-s1,7.4.12.1,236,1398,322,324,True,1
child,7.4.12.1-c3-s2,7.4.12.1,391,2290,529,531,True,1
child,7.4.12.1-c3-s3,7.4.12.1,81,466,106,108,False,1
child,7.4.12.1-c4-s1,7.4.12.1,315,1943,461,463,True,1
child,7.4.12.1-c5-s1,7.4.12.1,376,2194,517,519,True,1
child,7.4.12.1-c6-s1,7.4.12.1,303,1809,441,443,True,1
child,7.4.12.2-c1-s1,7.4.12.2,197,1142,271,273,True,1
child,7.4.12.2-c1-s2,7.4.12.2,332,1862,496,498,True,1
child,7.4.12.2-c1-s3,7.4.12.2,49,254,71,73,False,1
child,7.4.13-c1-s1,7.4.13,195,1172,284,286,True,1
child,7.4.13-c2-s1,7.4.13,202,1139,265,267,True,1
child,7.4.13-c2-s2,7.4.13,300,1731,503,505,True,1
child,7.4.13-c2-s3,7.4.13,23,131,34,36,False,1
child,7.4.13-c2-s4,7.4.13,137,791,219,221,False,1
child,7.4.13-c2-s5,7.4.13,206,1203,304,306,True,1
child,7.4.13-c2-s6,7.4.13,210,1280,336,338,True,1
child,7.4.13-c2-s7,7.4.13,258,1631,386,388,True,1
child,7.4.13-c2-s8,7.4.13,203,1181,269,271,True,1
child,7.4.13-c3-s1,7.4.13,183,1011,246,248,False,1
child,7.4.13-c3-s2,7.4.13,352,1970,486,488,True,1
child,7.4.13-c3-s3,7.4.13,149,800,196,198,False,1
child,7.4.13-c4-s1,7.4.13,134,788,164,166,False,1
child,7.4.13-c5-s1,7.4.13,99,589,116,118,False,1
child,7.4.13-c6-s1,7.4.13,59,372,93,95,False,1
child,7.4.13-c7-s1,7.4.13,231,1306,301,303,True,1
child,7.4.13.1-c1-s1,7.4.13.1,208,1253,308,310,True,1
child,7.4.13.1-c2-s1,7.4.13.1,323,1920,425,427,True,1
child,7.4.13.1-c2-s2,7.4.13.1,108,632,165,167,False,1
child,7.4.13.1-c2-s3,7.4.13.1,378,2256,519,521,True,1
child,7.4.13.1-c2-s4,7.4.13.1,44,239,58,60,False,1
child,7.4.13.1-c3-s1,7.4.13.1,156,903,214,216,False,1
child,7.4.13.1-c3-s2,7.4.13.1,389,2268,523,525,True,1
child,7.4.13.1-c3-s3,7.4.13.1,81,466,106,108,False,1
child,7.4.13.1-c4-s1,7.4.13.1,315,1943,461,463,True,1
child,7.4.13.1-c5-s1,7.4.13.1,376,2194,517,519,True,1
child,7.4.13.1-c6-s1,7.4.13.1,301,1787,435,437,True,1
child,7.4.13.2-c1-s1,7.4.13.2,198,1171,286,288,True,1
child,7.4.13.2-c1-s2,7.4.13.2,332,1862,496,498,True,1
child,7.4.13.2-c1-s3,7.4.13.2,49,254,71,73,False,1
child,7.4.14.1-c1-s1,7.4.14.1,187,1276,301,303,True,1
child,7.4.14.1-c2-s1,7.4.14.1,104,742,162,164,False,1
child,7.4.14.1-c3-s1,7.4.14.1,265,1625,360,362,True,1
child,7.4.14.1-c4-s1,7.4.14.1,287,1768,413,415,True,1
child,7.4.14.1-c5-s1,7.4.14.1,80,511,113,115,False,1
child,7.4.14.1-c6-s1,7.4.14.1,130,824,217,219,False,1
child,7.4.14.2-c1-s1,7.4.14.2,57,417,107,109,False,1
child,7.4.14.2-c1-s2,7.4.14.2,343,2060,539,541,True,1
child,7.4.15-c1-s1,7.4.15,174,1041,270,272,True,1
child,7.4.15-c2-s1,7.4.15,116,705,204,206,False,1
child,7.4.15-c3-s1,7.4.15,283,1551,460,462,True,1
child,7.4.15-c3-s2,7.4.15,292,1738,398,400,True,1
child,7.4.15-c3-s3,7.4.15,90,489,141,143,False,1
child,7.4.15-c4-s1,7.4.15,299,1782,489,491,True,1
child,7.4.15-c5-s1,7.4.15,28,170,38,40,False,1
child,7.4.15.1-c1-s1,7.4.15.1,216,1454,346,348,True,1
child,7.4.15.1-c2-s1,7.4.15.1,104,734,154,156,False,1
child,7.4.15.1-c3-s1,7.4.15.1,410,2493,523,525,True,1
child,7.4.15.1-c4-s1,7.4.15.1,317,1952,444,446,True,1
child,7.4.15.1-c5-s1,7.4.15.1,80,507,109,111,False,1
child,7.4.15.1-c6-s1,7.4.15.1,132,844,215,217,False,1
child,7.4.15.2-c1-s1,7.4.15.2,58,427,112,114,False,1
child,7.4.15.2-c1-s2,7.4.15.2,348,2157,546,548,True,1
child,7.4.15.2-c1-s3,7.4.15.2,45,242,61,63,False,1
child,7.4.15.3-c1-s1,7.4.15.3,209,1377,287,289,True,1
child,7.4.15.3-c2-s1,7.4.15.3,104,720,140,142,False,1
child,7.4.15.3-c3-s1,7.4.15.3,353,2143,443,445,True,1
child,7.4.15.3-c4-s1,7.4.15.3,293,1803,399,401,True,1
child,7.4.15.3-c5-s1,7.4.15.3,81,500,99,101,False,1
child,7.4.15.3-c6-s1,7.4.15.3,132,802,173,175,False,1
child,7.4.15.4-c1-s1,7.4.15.4,337,2220,562,564,True,1
child,7.4.15.4-c1-s2,7.4.15.4,106,631,158,160,False,1
child,7.4.16-c1-s1,7.4.16,161,902,220,222,False,1
child,7.4.16-c2-s1,7.4.16,4,18,5,7,False,1
child,7.4.16-c2-s2,7.4.16,329,1627,458,460,True,1
child,7.4.16-c2-s3,7.4.16,125,706,159,161,False,1
child,7.4.16-c3-s1,7.4.16,116,648,146,148,False,1
child,7.4.16-c4-s1,7.4.16,197,1076,245,247,False,1
child,7.4.16-c5-s1,7.4.16,222,1205,299,301,True,1
child,7.4.16-c6-s1,7.4.16,60,321,81,83,False,1
child,7.4.16-c7-s1,7.4.16,60,325,81,83,False,1
child,7.4.16-c8-s1,7.4.16,115,647,142,144,False,1
child,7.4.16-c9-s1,7.4.16,75,462,102,104,False,1
child,7.4.16.1-c1-s1,7.4.16.1,178,997,253,255,False,1
child,7.4.16.1-c2-s1,7.4.16.1,70,416,90,92,False,1
child,7.4.16.1-c3-s1,7.4.16.1,339,1950,441,443,True,1
child,7.4.16.1-c4-s1,7.4.16.1,77,455,97,99,False,1
child,7.4.16.1-c5-s1,7.4.16.1,103,581,146,148,False,1
child,7.4.16.2-c1-s1,7.4.16.2,260,1456,366,368,True,1
child,7.4.17-c1-s1,7.4.17,116,645,184,186,False,1
child,7.4.17-c2-s1,7.4.17,4,25,5,7,False,1
child,7.4.17-c2-s2,7.4.17,281,1572,463,465,True,1
child,7.4.17-c2-s3,7.4.17,31,203,54,56,False,1
child,7.4.17-c2-s4,7.4.17,223,1249,366,368,True,1
child,7.4.17-c2-s5,7.4.17,319,1831,474,476,True,1
child,7.4.17-c2-s6,7.4.17,324,1868,454,456,True,1
child,7.4.17-c2-s7,7.4.17,288,1642,422,424,True,1
child,7.4.17-c3-s1,7.4.17,212,1145,344,346,True,1
child,7.4.17-c4-s1,7.4.17,196,1078,295,297,True,1
child,7.4.17-c5-s1,7.4.17,169,1017,254,256,False,1
child,7.4.17.1-c1-s1,7.4.17.1,371,2305,534,536,True,1
child,7.4.17.1-c2-s1,7.4.17.1,26,184,44,46,False,1
child,7.4.17.1-c3-s1,7.4.17.1,113,742,159,161,False,1
child,7.4.17.1-c4-s1,7.4.17.1,86,528,142,144,False,1
child,7.4.17.2-c1-s1,7.4.17.2,162,967,236,238,False,1
child,7.4.18-c1-s1,7.4.18,6,42,15,17,False,1
child,7.4.18-c1-s2,7.4.18,366,2001,466,468,True,1
child,7.4.18-c1-s3,7.4.18,99,546,133,135,False,1
child,7.4.18-c2-s1,7.4.18,281,1479,415,417,True,1
child,7.4.18-c3-s1,7.4.18,273,1461,426,428,True,1
child,7.4.18-c4-s1,7.4.18,321,1740,455,457,True,1
child,7.4.18-c5-s1,7.4.18,74,412,95,97,False,1
child,7.4.18-c6-s1,7.4.18,158,873,228,230,False,1
child,7.4.18-c7-s1,7.4.18,67,358,86,88,False,1
child,7.4.18-c8-s1,7.4.18,282,1576,331,333,True,1
child,7.4.18.1-c1-s1,7.4.18.1,343,1983,486,488,True,1
child,7.4.18.1-c2-s1,7.4.18.1,51,294,79,81,False,1
child,7.4.18.1-c3-s1,7.4.18.1,85,540,133,135,False,1
child,7.4.18.1-c4-s1,7.4.18.1,29,197,49,51,False,1
child,7.4.18.1-c5-s1,7.4.18.1,179,1021,247,249,False,1
child,7.4.18.1-c6-s1,7.4.18.1,47,340,73,75,False,1
child,7.4.18.1-c7-s1,7.4.18.1,145,794,210,212,False,1
child,7.4.18.2-c1-s1,7.4.18.2,354,1948,548,550,True,1
child,7.4.18.2-c1-s2,7.4.18.2,71,374,103,105,False,1
child,7.4.19-c1-s1,7.4.19,47,292,80,82,False,1
child,7.4.19-c2-s1,7.4.19,266,1501,362,364,True,1
child,7.4.19-c3-s1,7.4.19,284,1529,442,444,True,1
child,7.4.19-c4-s1,7.4.19,128,731,203,205,False,1
child,7.4.19-c5-s1,7.4.19,250,1415,372,374,True,1
child,7.4.19-c5-s2,7.4.19,129,710,181,183,False,1
child,7.4.19-c6-s1,7.4.19,224,1261,349,351,True,1
child,7.4.19-c6-s2,7.4.19,217,1164,271,273,True,1
child,7.4.19-c7-s1,7.4.19,136,721,199,201,False,1
child,7.4.19-c8-s1,7.4.19,88,472,129,131,False,1
child,7.4.19.1-c1-s1,7.4.19.1,126,768,184,186,False,1
child,7.4.19.1-c2-s1,7.4.19.1,124,712,166,168,False,1
child,7.4.19.1-c3-s1,7.4.19.1,143,906,189,191,False,1
child,7.4.19.1-c4-s1,7.4.19.1,38,243,56,58,False,1
child,7.4.19.1-c5-s1,7.4.19.1,270,1680,362,364,True,1
child,7.4.19.1-c6-s1,7.4.19.1,47,336,69,71,False,1
child,7.4.19.1-c7-s1,7.4.19.1,96,560,148,150,False,1
child,7.4.19.2-c1-s1,7.4.19.2,255,1459,365,367,True,1
child,7.4.20-c1-s1,7.4.20,53,332,85,87,False,1
child,7.4.20-c2-s1,7.4.20,278,1559,361,363,True,1
child,7.4.20-c3-s1,7.4.20,55,291,74,76,False,1
child,7.4.20-c3-s2,7.4.20,356,2007,504,506,True,1
child,7.4.20-c3-s3,7.4.20,106,580,138,140,False,1
child,7.4.20-c4-s1,7.4.20,176,962,237,239,False,1
child,7.4.20-c4-s2,7.4.20,308,1721,429,431,True,1
child,7.4.20.1-c1-s1,7.4.20.1,95,581,140,142,False,1
child,7.4.20.1-c2-s1,7.4.20.1,221,1392,309,311,True,1
child,7.4.20.1-c3-s1,7.4.20.1,256,1550,380,382,True,1
child,7.4.20.1-c4-s1,7.4.20.1,80,464,116,118,False,1
child,7.4.20.2-c1-s1,7.4.20.2,229,1367,368,370,True,1
child,7.4.21-c1-s1,7.4.21,208,1162,303,305,True,1
child,7.4.21-c2-s1,7.4.21,102,602,124,126,False,1
child,7.4.21-c3-s1,7.4.21,249,1409,336,338,True,1
child,7.4.21-c3-s2,7.4.21,340,1960,477,479,True,1
child,7.4.21-c3-s3,7.4.21,244,1287,323,325,True,1
child,7.4.21-c3-s4,7.4.21,190,1082,245,247,False,1
child,7.4.21-c3-s5,7.4.21,320,1914,433,435,True,1
child,7.4.21.1-c1-s1,7.4.21.1,286,1697,387,389,True,1
child,7.4.21.1-c2-s1,7.4.21.1,121,782,169,171,False,1
child,7.4.21.1-c3-s1,7.4.21.1,119,770,159,161,False,1
child,7.4.21.1-c4-s1,7.4.21.1,174,1096,223,225,False,1
child,7.4.21.1-c5-s1,7.4.21.1,140,855,172,174,False,1
child,7.4.21.1-c6-s1,7.4.21.1,161,936,228,230,False,1
child,7.4.21.1-c7-s1,7.4.21.1,61,380,78,80,False,1
child,7.4.21.2-c1-s1,7.4.21.2,127,758,171,173,False,1
child,7.4.21.2-c1-s2,7.4.21.2,262,1387,360,362,True,1
child,7.4.22-c1-s1,7.4.22,181,1085,246,248,False,1
child,7.4.22-c2-s1,7.4.22,51,315,68,70,False,1
child,7.4.22-c3-s1,7.4.22,314,1897,479,481,True,1
child,7.4.22-c3-s2,7.4.22,90,558,146,148,False,1
child,7.4.22-c4-s1,7.4.22,85,531,115,117,False,1
child,7.4.22-c5-s1,7.4.22,318,1902,466,468,True,1
child,7.4.22-c5-s2,7.4.22,60,351,91,93,False,1
child,7.4.22-c6-s1,7.4.22,197,1190,284,286,True,1
child,7.4.22-c7-s1,7.4.22,65,393,118,120,False,1
child,7.4.22.1-c1-s1,7.4.22.1,286,1837,404,406,True,1
child,7.4.22.1-c2-s1,7.4.22.1,100,722,152,154,False,1
child,7.4.22.1-c3-s1,7.4.22.1,262,1603,339,341,True,1
child,7.4.22.1-c4-s1,7.4.22.1,109,673,170,172,False,1
child,7.4.22.2-c1-s1,7.4.22.2,181,1114,286,288,True,1
child,7.4.22.3-c1-s1,7.4.22.3,343,2202,491,493,True,1
child,7.4.22.3-c2-s1,7.4.22.3,100,722,152,154,False,1
child,7.4.22.3-c3-s1,7.4.22.3,262,1603,339,341,True,1
child,7.4.22.3-c4-s1,7.4.22.3,89,570,124,126,False,1
child,7.4.22.3-c5-s1,7.4.22.3,92,628,129,131,False,1
child,7.4.22.3-c6-s1,7.4.22.3,149,949,232,234,False,1
child,7.4.22.4-c1-s1,7.4.22.4,327,2009,473,475,True,1
child,7.5.1-c1-s1,7.5.1,112,651,141,143,False,1
child,7.5.1-c2-s1,7.5.1,106,633,155,157,False,1
child,7.5.1-c2-s2,7.5.1,238,1302,367,369,True,1
child,7.5.1-c2-s3,7.5.1,208,1226,311,313,True,1
child,7.5.1-c2-s4,7.5.1,349,1985,454,456,True,1
child,7.5.1-c2-s5,7.5.1,350,2045,492,494,True,1
child,7.5.1-c2-s6,7.5.1,212,1259,324,326,True,1
child,7.5.1-c2-s7,7.5.1,277,1608,373,375,True,1
child,7.5.1-c2-s8,7.5.1,154,939,216,218,False,1
child,7.5.1-c3-s1,7.5.1,283,1602,396,398,True,1
child,7.5.1-c3-s2,7.5.1,302,1697,400,402,True,1
child,7.5.1-c3-s3,7.5.1,297,1657,396,398,True,1
child,7.5.1-c4-s1,7.5.1,275,1564,411,413,True,1
child,7.5.1-c4-s2,7.5.1,256,1339,383,385,True,1
child,7.5.1-c4-s3,7.5.1,307,1757,431,433,True,1
child,7.5.1-c5-s1,7.5.1,92,531,122,124,False,1
child,7.5.1.1-c1-s1,7.5.1.1,97,586,141,143,False,1
child,7.5.1.1-c2-s1,7.5.1.1,121,815,183,185,False,1
child,7.5.1.1-c3-s1,7.5.1.1,100,636,141,143,False,1
child,7.5.1.1-c4-s1,7.5.1.1,97,591,126,128,False,1
child,7.5.1.1-c5-s1,7.5.1.1,81,506,133,135,False,1
child,7.5.1.2-c1-s1,7.5.1.2,76,482,119,121,False,1
child,7.5.1.2-c2-s1,7.5.1.2,345,2289,496,498,True,1
child,7.5.1.2-c2-s2,7.5.1.2,360,2281,523,525,True,1
child,7.5.1.2-c2-s3,7.5.1.2,361,2250,488,490,True,1
child,7.5.1.2-c3-s1,7.5.1.2,390,2397,527,529,True,1
child,7.5.1.2-c3-s2,7.5.1.2,380,2355,545,547,True,1
child,7.5.1.2-c3-s3,7.5.1.2,278,1698,394,396,True,1
child,7.5.1.2-c4-s1,7.5.1.2,395,2339,554,556,True,1
child,7.5.1.2-c4-s2,7.5.1.2,371,2290,518,520,True,1
child,7.5.1.2-c4-s3,7.5.1.2,266,1565,364,366,True,1
child,7.5.1.2-c5-s1,7.5.1.2,81,506,133,135,False,1
child,7.5.1.3-c1-s1,7.5.1.3,229,1427,350,352,True,1
child,7.5.2-c1-s1,7.5.2,109,586,150,152,False,1
child,7.5.2-c2-s1,7.5.2,78,487,115,117,False,1
child,7.5.2-c3-s1,7.5.2,331,1746,442,444,True,1
child,7.5.2-c3-s2,7.5.2,380,2006,499,501,True,1
child,7.5.2-c4-s1,7.5.2,214,1194,294,296,True,1
child,7.5.2-c5-s1,7.5.2,154,818,230,232,False,1
child,7.5.2.1-c1-s1,7.5.2.1,130,734,193,195,False,1
child,7.5.2.1-c2-s1,7.5.2.1,147,985,216,218,False,1
child,7.5.2.1-c3-s1,7.5.2.1,96,590,135,137,False,1
child,7.5.2.2-c1-s1,7.5.2.2,173,959,246,248,False,1
child,7.5.2.2-c2-s1,7.5.2.2,333,2121,486,488,True,1
child,7.5.2.2-c3-s1,7.5.2.2,268,1504,390,392,True,1
child,7.5.2.2-c4-s1,7.5.2.2,78,439,112,114,False,1
child,7.5.2.2-c5-s1,7.5.2.2,148,851,231,233,False,1
child,7.5.2.2-c6-s1,7.5.2.2,199,1136,253,255,False,1
child,7.5.2.3-c1-s1,7.5.2.3,346,1915,504,506,True,1
child,7.5.3-c1-s1,7.5.3,54,331,81,83,False,1
child,7.5.3-c2-s1,7.5.3,134,743,189,191,False,1
child,7.5.3-c3-s1,7.5.3,292,1799,450,452,True,1
child,7.5.3-c3-s2,7.5.3,277,1633,392,394,True,1
child,7.5.3-c3-s3,7.5.3,275,1577,397,399,True,1
child,7.5.3-c3-s4,7.5.3,324,1718,466,468,True,1
child,7.5.3-c3-s5,7.5.3,120,627,167,169,False,1
child,7.5.3.1-c1-s1,7.5.3.1,151,890,226,228,False,1
child,7.5.3.1-c2-s1,7.5.3.1,149,994,216,218,False,1
child,7.5.3.1-c3-s1,7.5.3.1,98,600,137,139,False,1
child,7.5.3.2-c1-s1,7.5.3.2,195,1139,298,300,True,1
child,7.5.3.2-c2-s1,7.5.3.2,333,2121,486,488,True,1
child,7.5.3.2-c3-s1,7.5.3.2,268,1498,384,386,True,1
child,7.5.3.2-c4-s1,7.5.3.2,78,439,112,114,False,1
child,7.5.3.2-c5-s1,7.5.3.2,358,2271,506,508,True,1
child,7.5.3.2-c5-s2,7.5.3.2,359,2155,495,497,True,1
child,7.5.3.2-c5-s3,7.5.3.2,66,419,104,106,False,1
child,7.5.3.2-c5-s4,7.5.3.2,111,643,151,153,False,1
child,7.5.3.2-c6-s1,7.5.3.2,217,1281,346,348,True,1
child,7.5.3.2-c7-s1,7.5.3.2,194,1155,237,239,False,1
child,7.5.3.2-c8-s1,7.5.3.2,203,1181,258,260,True,1
child,7.5.3.3-c1-s1,7.5.3.3,94,590,157,159,False,1
child,7.5.3.3-c1-s2,7.5.3.3,348,1969,520,522,True,1
child,7.5.3.3-c1-s3,7.5.3.3,80,417,104,106,False,1
child,7.5.4-c1-s1,7.5.4,107,596,145,147,False,1
child,7.5.4-c2-s1,7.5.4,310,1844,456,458,True,1
child,7.5.4-c3-s1,7.5.4,300,1639,424,426,True,1
child,7.5.4-c3-s2,7.5.4,298,1682,391,393,True,1
child,7.5.4-c3-s3,7.5.4,392,2235,532,534,True,1
child,7.5.4-c3-s4,7.5.4,283,1470,445,447,True,1
child,7.5.4-c4-s1,7.5.4,363,2100,503,505,True,1
child,7.5.4-c4-s2,7.5.4,366,2088,507,509,True,1
child,7.5.4-c4-s3,7.5.4,326,1917,435,437,True,1
child,7.5.4-c4-s4,7.5.4,101,573,133,135,False,1
child,7.5.4.1-c1-s1,7.5.4.1,113,716,200,202,False,1
child,7.5.4.1-c2-s1,7.5.4.1,150,1006,221,223,False,1
child,7.5.4.1-c3-s1,7.5.4.1,96,592,139,141,False,1
child,7.5.4.2-c1-s1,7.5.4.2,93,587,170,172,False,1
child,7.5.4.2-c2-s1,7.5.4.2,223,1287,307,309,True,1
child,7.5.4.2-c3-s1,7.5.4.2,393,2426,549,551,True,1
child,7.5.4.2-c3-s2,7.5.4.2,346,2018,502,504,True,1
child,7.5.4.2-c3-s3,7.5.4.2,83,460,109,111,False,1
child,7.5.4.2-c4-s1,7.5.4.2,361,2254,528,530,True,1
child,7.5.4.2-c4-s2,7.5.4.2,380,2376,508,510,True,1
child,7.5.4.2-c5-s1,7.5.4.2,141,824,233,235,False,1
child,7.5.4.3-c1-s1,7.5.4.3,80,523,133,135,False,1
child,7.5.4.3-c1-s2,7.5.4.3,362,1983,531,533,True,1
child,7.5.4.3-c1-s3,7.5.4.3,145,728,204,206,False,1
child,7.5.5-c1-s1,7.5.5,331,1993,481,483,True,1
child,7.5.5-c1-s2,7.5.5,324,1966,489,491,True,1
child,7.5.5-c1-s3,7.5.5,210,1258,298,300,True,1
child,7.5.5-c1-s4,7.5.5,273,1574,397,399,True,1
child,7.5.5-c1-s5,7.5.5,270,1406,408,410,True,1
child,7.5.5-c1-s6,7.5.5,363,1992,474,476,True,1
child,7.5.5-c1-s7,7.5.5,54,294,73,75,False,1
child,7.5.5-c2-s1,7.5.5,238,1356,321,323,True,1
child,7.5.5-c2-s2,7.5.5,263,1435,412,414,True,1
child,7.5.5-c3-s1,7.5.5,256,1480,353,355,True,1
child,7.5.5.1-c1-s1,7.5.5.1,168,1106,280,282,True,1
child,7.5.5.1-c2-s1,7.5.5.1,153,1030,224,226,False,1
child,7.5.5.1-c3-s1,7.5.5.1,98,607,133,135,False,1
child,7.5.5.2-c1-s1,7.5.5.2,147,972,253,255,False,1
child,7.5.5.2-c2-s1,7.5.5.2,223,1284,304,306,True,1
child,7.5.5.2-c3-s1,7.5.5.2,393,2418,541,543,True,1
child,7.5.5.2-c3-s2,7.5.5.2,346,2016,500,502,True,1
child,7.5.5.2-c3-s3,7.5.5.2,84,471,110,112,False,1
child,7.5.5.2-c4-s1,7.5.5.2,361,2251,525,527,True,1
child,7.5.5.2-c4-s2,7.5.5.2,362,2251,467,469,True,1
child,7.5.5.2-c5-s1,7.5.5.2,384,2426,535,537,True,1
child,7.5.5.2-c5-s2,7.5.5.2,371,2304,524,526,True,1
child,7.5.5.2-c5-s3,7.5.5.2,13,82,26,28,False,1
child,7.5.5.2-c5-s4,7.5.5.2,111,646,157,159,False,1
child,7.5.5.2-c6-s1,7.5.5.2,208,1272,361,363,True,1
child,7.5.5.2-c7-s1,7.5.5.2,192,1176,259,261,True,1
child,7.5.5.3-c1-s1,7.5.5.3,105,715,178,180,False,1
child,7.5.5.3-c1-s2,7.5.5.3,364,2036,535,537,True,1
child,7.5.5.3-c1-s3,7.5.5.3,320,1826,504,506,True,1
child,7.5.5.4-c1-s1,7.5.5.4,194,1174,304,306,True,1
child,7.5.5.4-c2-s1,7.5.5.4,148,988,216,218,False,1
child,7.5.5.4-c3-s1,7.5.5.4,98,603,129,131,False,1
child,7.5.5.5-c1-s1,7.5.5.5,202,1250,321,323,True,1
child,7.5.5.5-c2-s1,7.5.5.5,223,1287,307,309,True,1
child,7.5.5.5-c3-s1,7.5.5.5,393,2426,549,551,True,1
child,7.5.5.5-c3-s2,7.5.5.5,346,2034,518,520,True,1
child,7.5.5.5-c3-s3,7.5.5.5,84,471,110,112,False,1
child,7.5.5.5-c4-s1,7.5.5.5,361,2254,528,530,True,1
child,7.5.5.5-c4-s2,7.5.5.5,363,2256,468,470,True,1
child,7.5.5.5-c5-s1,7.5.5.5,36,242,59,61,False,1
child,7.5.5.5-c6-s1,7.5.5.5,121,705,162,164,False,1
child,7.5.5.5-c7-s1,7.5.5.5,190,1077,292,294,True,1
child,7.5.5.5-c8-s1,7.5.5.5,211,1237,270,272,True,1
child,7.5.5.6-c1-s1,7.5.5.6,128,778,194,196,False,1
child,7.5.5.6-c1-s2,7.5.5.6,364,2036,535,537,True,1
child,7.5.5.6-c1-s3,7.5.5.6,331,1751,480,482,True,1
child,7.5.5.7-c1-s1,7.5.5.7,180,1179,312,314,True,1
child,7.5.5.7-c2-s1,7.5.5.7,223,1285,305,307,True,1
child,7.5.5.7-c3-s1,7.5.5.7,393,2418,541,543,True,1
child,7.5.5.7-c3-s2,7.5.5.7,346,2020,504,506,True,1
child,7.5.5.7-c3-s3,7.5.5.7,84,471,110,112,False,1
child,7.5.5.7-c4-s1,7.5.5.7,361,2252,526,528,True,1
child,7.5.5.7-c4-s2,7.5.5.7,362,2251,467,469,True,1
child,7.5.5.7-c5-s1,7.5.5.7,373,2325,509,511,True,1
child,7.5.5.7-c5-s2,7.5.5.7,394,2391,520,522,True,1
child,7.5.5.7-c5-s3,7.5.5.7,281,1772,417,419,True,1
child,7.5.5.7-c5-s4,7.5.5.7,39,200,53,55,False,1
child,7.5.5.7-c5-s5,7.5.5.7,402,2340,517,519,True,1
child,7.5.5.7-c6-s1,7.5.5.7,202,1212,332,334,True,1
child,7.5.5.7-c7-s1,7.5.5.7,188,1119,239,241,False,1
child,7.5.5.8-c1-s1,7.5.5.8,81,513,141,143,False,1
child,7.5.5.8-c1-s2,7.5.5.8,364,2042,541,543,True,1
child,7.5.5.8-c1-s3,7.5.5.8,331,1923,537,539,True,1
child,7.5.5.8-c1-s4,7.5.5.8,195,1049,295,297,True,1
child,7.5.6-c1-s1,7.5.6,213,1233,311,313,True,1
child,7.5.6-c1-s2,7.5.6,337,2056,444,446,True,1
child,7.5.6-c1-s3,7.5.6,346,2009,533,535,True,1
child,7.5.6-c1-s4,7.5.6,134,784,162,164,False,1
child,7.5.6-c1-s5,7.5.6,88,504,122,124,False,1
child,7.5.6-c1-s6,7.5.6,274,1425,408,410,True,1
child,7.5.6-c1-s7,7.5.6,362,1987,458,460,True,1
child,7.5.6-c1-s8,7.5.6,54,286,73,75,False,1
child,7.5.6-c2-s1,7.5.6,285,1620,370,372,True,1
child,7.5.6-c3-s1,7.5.6,157,916,208,210,False,1
child,7.5.6.1-c1-s1,7.5.6.1,128,820,233,235,False,1
child,7.5.6.1-c2-s1,7.5.6.1,187,1042,251,253,False,1
child,7.5.6.1-c3-s1,7.5.6.1,393,2357,549,551,True,1
child,7.5.6.1-c3-s2,7.5.6.1,347,1986,511,513,True,1
child,7.5.6.1-c3-s3,7.5.6.1,64,347,85,87,False,1
child,7.5.6.1-c4-s1,7.5.6.1,348,2128,501,503,True,1
child,7.5.6.1-c4-s2,7.5.6.1,365,2248,469,471,True,1
child,7.5.6.1-c5-s1,7.5.6.1,225,1352,334,336,True,1
child,7.5.6.1-c6-s1,7.5.6.1,360,2279,506,508,True,1
child,7.5.6.1-c6-s2,7.5.6.1,372,2262,521,523,True,1
child,7.5.6.1-c6-s3,7.5.6.1,33,227,58,60,False,1
child,7.5.6.1-c6-s4,7.5.6.1,114,661,154,156,False,1
child,7.5.6.1-c7-s1,7.5.6.1,228,1338,374,376,True,1
child,7.5.6.2-c1-s1,7.5.6.2,70,503,151,153,False,1
child,7.5.6.2-c1-s2,7.5.6.2,308,1772,533,535,True,1
child,7.5.6.2-c1-s3,7.5.6.2,132,819,226,228,False,1
child,7.5.6.3-c1-s1,7.5.6.3,126,739,206,208,False,1
child,7.5.6.3-c2-s1,7.5.6.3,187,1042,251,253,False,1
child,7.5.6.3-c3-s1,7.5.6.3,393,2357,549,551,True,1
child,7.5.6.3-c3-s2,7.5.6.3,347,1986,511,513,True,1
child,7.5.6.3-c3-s3,7.5.6.3,64,347,85,87,False,1
child,7.5.6.3-c4-s1,7.5.6.3,349,2139,502,504,True,1
child,7.5.6.3-c4-s2,7.5.6.3,365,2247,468,470,True,1
child,7.5.6.3-c5-s1,7.5.6.3,225,1350,332,334,True,1
child,7.5.6.3-c6-s1,7.5.6.3,45,259,65,67,False,1
child,7.5.6.3-c7-s1,7.5.6.3,177,982,274,276,True,1
child,7.5.6.4-c1-s1,7.5.6.4,66,431,136,138,False,1
child,7.5.6.4-c1-s2,7.5.6.4,329,1831,551,553,True,1
child,7.5.6.4-c1-s3,7.5.6.4,38,195,45,47,False,1
child,7.5.7-c1-s1,7.5.7,338,1938,479,481,True,1
child,7.5.7-c1-s2,7.5.7,229,1362,305,307,True,1
child,7.5.7.1-c1-s1,7.5.7.1,175,1055,285,287,True,1
child,7.5.7.1-c2-s1,7.5.7.1,188,1053,252,254,False,1
child,7.5.7.1-c3-s1,7.5.7.1,393,2357,549,551,True,1
child,7.5.7.1-c3-s2,7.5.7.1,347,1986,511,513,True,1
child,7.5.7.1-c3-s3,7.5.7.1,64,347,85,87,False,1
child,7.5.7.1-c4-s1,7.5.7.1,348,2148,504,506,True,1
child,7.5.7.1-c4-s2,7.5.7.1,365,2249,470,472,True,1
child,7.5.7.1-c5-s1,7.5.7.1,229,1372,339,341,True,1
child,7.5.7.1-c6-s1,7.5.7.1,360,2280,507,509,True,1
child,7.5.7.1-c6-s2,7.5.7.1,372,2262,521,523,True,1
child,7.5.7.1-c6-s3,7.5.7.1,33,227,58,60,False,1
child,7.5.7.1-c6-s4,7.5.7.1,113,658,157,159,False,1
child,7.5.7.1-c7-s1,7.5.7.1,125,710,163,165,False,1
child,7.5.7.1-c8-s1,7.5.7.1,45,261,65,67,False,1
child,7.5.7.1-c9-s1,7.5.7.1,228,1306,368,370,True,1
child,7.5.7.2-c1-s1,7.5.7.2,103,686,205,207,False,1
child,7.5.7.2-c1-s2,7.5.7.2,314,1878,557,559,True,1
child,7.5.7.2-c1-s3,7.5.7.2,240,1415,379,381,True,1
child,7.5.8-c1-s1,7.5.8,234,1285,319,321,True,1
child,7.5.8.1-c1-s1,7.5.8.1,185,1041,270,272,True,1
child,7.5.8.1-c2-s1,7.5.8.1,338,2126,490,492,True,1
child,7.5.8.1-c3-s1,7.5.8.1,268,1502,388,390,True,1
child,7.5.8.1-c4-s1,7.5.8.1,80,440,110,112,False,1
child,7.5.8.1-c5-s1,7.5.8.1,160,905,240,242,False,1
child,7.5.9-c1-s1,7.5.9,240,1523,353,355,True,1
child,7.5.9-c1-s2,7.5.9,161,949,210,212,False,1
child,7.5.9.1-c1-s1,7.5.9.1,267,1589,401,403,True,1
child,7.5.9.1-c2-s1,7.5.9.1,338,2130,492,494,True,1
child,7.5.9.1-c3-s1,7.5.9.1,268,1502,388,390,True,1
child,7.5.9.1-c4-s1,7.5.9.1,80,440,110,112,False,1
child,7.5.9.1-c5-s1,7.5.9.1,329,2171,489,491,True,1
child,7.5.9.1-c5-s2,7.5.9.1,348,2135,479,481,True,1
child,7.5.9.1-c5-s3,7.5.9.1,140,835,207,209,False,1
child,7.5.9.1-c5-s4,7.5.9.1,388,2393,548,550,True,1
child,7.5.9.1-c6-s1,7.5.9.1,186,1125,292,294,True,1
child,7.5.9.2-c1-s1,7.5.9.2,111,670,179,181,False,1
child,7.5.9.2-c1-s2,7.5.9.2,318,1774,562,564,True,1
child,7.5.9.2-c1-s3,7.5.9.2,294,1931,538,540,True,1
child,7.5.10-c1-s1,7.5.10,98,536,137,139,False,1
child,7.5.10-c2-s1,7.5.10,230,1337,323,325,True,1
child,7.5.10-c2-s2,7.5.10,334,1863,458,460,True,1
child,7.5.10-c2-s3,7.5.10,248,1436,360,362,True,1
child,7.5.10-c2-s4,7.5.10,209,1206,317,319,True,1
child,7.5.10-c2-s5,7.5.10,160,921,241,243,False,1
child,7.5.10-c3-s1,7.5.10,293,1634,399,401,True,1
child,7.5.10-c3-s2,7.5.10,342,1877,465,467,True,1
child,7.5.10-c3-s3,7.5.10,19,115,32,34,False,1
child,7.5.10-c3-s4,7.5.10,166,940,257,259,True,1
child,7.5.10-c4-s1,7.5.10,9,49,10,12,False,1
child,7.5.10-c4-s2,7.5.10,321,1689,490,492,True,1
child,7.5.10-c4-s3,7.5.10,245,1361,387,389,True,1
child,7.5.10-c5-s1,7.5.10,114,650,176,178,False,1
child,7.5.10-c6-s1,7.5.10,46,268,56,58,False,1
child,7.5.10-c7-s1,7.5.10,333,1886,425,427,True,1
child,7.5.10-c7-s2,7.5.10,107,583,137,139,False,1
child,7.5.10.1-c1-s1,7.5.10.1,115,678,161,163,False,1
child,7.5.10.1-c2-s1,7.5.10.1,109,652,155,157,False,1
child,7.5.10.1-c3-s1,7.5.10.1,82,504,114,116,False,1
child,7.5.10.1-c4-s1,7.5.10.1,193,1106,229,231,False,1
child,7.5.10.1-c5-s1,7.5.10.1,86,499,112,114,False,1
child,7.5.10.1-c6-s1,7.5.10.1,92,550,148,150,False,1
child,7.5.10.1-c7-s1,7.5.10.1,318,1816,407,409,True,1
child,7.5.10.2-c1-s1,7.5.10.2,126,755,174,176,False,1
child,7.5.10.2-c2-s1,7.5.10.2,300,1845,417,419,True,1
child,7.5.10.2-c3-s1,7.5.10.2,55,329,73,75,False,1
child,7.5.10.2-c4-s1,7.5.10.2,199,1148,245,247,False,1
child,7.5.10.2-c5-s1,7.5.10.2,86,499,112,114,False,1
child,7.5.10.2-c6-s1,7.5.10.2,92,550,148,150,False,1
child,7.5.10.2-c7-s1,7.5.10.2,318,1816,407,409,True,1
child,7.5.10.3-c1-s1,7.5.10.3,254,1400,347,349,True,1
child,7.5.11-c1-s1,7.5.11,247,1443,410,412,True,1
child,7.5.11-c2-s1,7.5.11,57,320,83,85,False,1
child,7.5.11-c3-s1,7.5.11,183,1001,271,273,True,1
child,7.5.11-c4-s1,7.5.11,64,414,82,84,False,1
child,7.5.11-c4-s2,7.5.11,304,1561,452,454,True,1
child,7.5.11-c4-s3,7.5.11,57,350,91,93,False,1
child,7.5.11-c4-s4,7.5.11,286,1657,482,484,True,1
child,7.5.11-c4-s5,7.5.11,135,798,171,173,False,1
child,7.5.11-c4-s6,7.5.11,280,1619,440,442,True,1
child,7.5.11-c4-s7,7.5.11,165,977,242,244,False,1
child,7.5.11-c4-s8,7.5.11,176,1019,272,274,True,1
child,7.5.11-c5-s1,7.5.11,321,1830,464,466,True,1
child,7.5.11-c5-s2,7.5.11,179,998,216,218,False,1
child,7.5.11-c6-s1,7.5.11,70,388,88,90,False,1
child,7.5.11-c7-s1,7.5.11,304,1722,477,479,True,1
child,7.5.11-c7-s2,7.5.11,355,2159,457,459,True,1
child,7.5.11-c7-s3,7.5.11,246,1416,374,376,True,1
child,7.5.11-c7-s4,7.5.11,301,1854,412,414,True,1
child,7.5.11.1-c1-s1,7.5.11.1,372,2368,546,548,True,1
child,7.5.11.1-c1-s2,7.5.11.1,405,2456,532,534,True,1
child,7.5.11.1-c1-s3,7.5.11.1,183,1053,225,227,False,1
child,7.5.12-c1-s1,7.5.12,205,1163,290,292,True,1
child,7.5.12-c2-s1,7.5.12,172,1033,239,241,False,1
child,7.5.12-c2-s2,7.5.12,245,1346,341,343,True,1
child,7.5.12-c2-s3,7.5.12,275,1627,397,399,True,1
child,7.5.12-c3-s1,7.5.12,292,1599,422,424,True,1
child,7.5.12-c3-s2,7.5.12,287,1609,392,394,True,1
child,7.5.12-c3-s3,7.5.12,149,826,196,198,False,1
child,7.5.12-c4-s1,7.5.12,321,1779,422,424,True,1
child,7.5.12-c4-s2,7.5.12,131,684,179,181,False,1
child,7.5.12-c4-s3,7.5.12,371,2049,503,505,True,1
child,7.5.12-c4-s4,7.5.12,339,1916,467,469,True,1
child,7.5.12-c4-s5,7.5.12,38,219,60,62,False,1
child,7.5.12-c4-s6,7.5.12,318,1754,485,487,True,1
child,7.5.12-c4-s7,7.5.12,272,1522,379,381,True,1
child,7.5.12-c4-s8,7.5.12,244,1350,307,309,True,1
child,7.5.12-c4-s9,7.5.12,322,1695,428,430,True,1
child,7.5.12-c5-s1,7.5.12,2,13,5,7,False,1
child,7.5.12-c5-s2,7.5.12,287,1577,433,435,True,1
child,7.5.12-c5-s3,7.5.12,105,562,140,142,False,1
child,7.5.12-c5-s4,7.5.12,328,1746,496,498,True,1
child,7.5.12-c5-s5,7.5.12,200,1116,266,268,True,1
child,7.5.12-c5-s6,7.5.12,347,1921,480,482,True,1
child,7.5.12-c5-s7,7.5.12,56,316,72,74,False,1
child,7.5.12-c6-s1,7.5.12,122,702,153,155,False,1
child,7.5.12-c7-s1,7.5.12,154,889,204,206,False,1
child,7.5.12.1-c1-s1,7.5.12.1,92,596,138,140,False,1
child,7.5.12.1-c2-s1,7.5.12.1,64,420,93,95,False,1
child,7.5.12.1-c2-s2,7.5.12.1,381,2458,556,558,True,1
child,7.5.12.1-c2-s3,7.5.12.1,189,1180,260,262,True,1
child,7.5.12.1-c3-s1,7.5.12.1,389,2372,530,532,True,1
child,7.5.12.1-c3-s2,7.5.12.1,350,2188,515,517,True,1
child,7.5.12.1-c3-s3,7.5.12.1,141,853,199,201,False,1
child,7.5.12.1-c4-s1,7.5.12.1,96,609,142,144,False,1
child,7.5.12.1-c4-s2,7.5.12.1,399,2450,534,536,True,1
child,7.5.12.1-c4-s3,7.5.12.1,374,2308,511,513,True,1
child,7.5.12.1-c4-s4,7.5.12.1,215,1272,269,271,True,1
child,7.5.12.1-c5-s1,7.5.12.1,384,2217,511,513,True,1
child,7.5.12.1-c5-s2,7.5.12.1,83,460,111,113,False,1
child,7.5.12.1-c6-s1,7.5.12.1,142,896,229,231,False,1
child,7.5.12.2-c1-s1,7.5.12.2,58,410,101,103,False,1
child,7.5.12.2-c1-s2,7.5.12.2,362,2181,504,506,True,1
child,7.5.13-c1-s1,7.5.13,217,1306,311,313,True,1
child,7.5.13-c2-s1,7.5.13,192,1178,303,305,True,1
child,7.5.13-c2-s2,7.5.13,311,1765,455,457,True,1
child,7.5.13-c2-s3,7.5.13,193,1051,284,286,True,1
child,7.5.13-c3-s1,7.5.13,107,605,166,168,False,1
child,7.5.13-c4-s1,7.5.13,86,561,146,148,False,1
child,7.5.13-c5-s1,7.5.13,123,718,160,162,False,1
child,7.5.13-c6-s1,7.5.13,155,905,210,212,False,1
child,7.5.13.1-c1-s1,7.5.13.1,80,537,123,125,False,1
child,7.5.13.1-c2-s1,7.5.13.1,234,1567,327,329,True,1
child,7.5.13.1-c3-s1,7.5.13.1,98,632,144,146,False,1
child,7.5.13.1-c3-s2,7.5.13.1,399,2450,532,534,True,1
child,7.5.13.1-c3-s3,7.5.13.1,376,2323,509,511,True,1
child,7.5.13.1-c3-s4,7.5.13.1,214,1311,268,270,True,1
child,7.5.13.1-c4-s1,7.5.13.1,357,2165,480,482,True,1
child,7.5.13.1-c4-s2,7.5.13.1,128,696,164,166,False,1
child,7.5.13.1-c5-s1,7.5.13.1,143,897,216,218,False,1
child,7.5.13.2-c1-s1,7.5.13.2,348,2189,505,507,True,1
child,7.5.14-c1-s1,7.5.14,140,823,218,220,False,1
child,7.5.14-c2-s1,7.5.14,241,1363,357,359,True,1
child,7.5.14-c2-s2,7.5.14,302,1602,448,450,True,1
child,7.5.14-c2-s3,7.5.14,238,1402,326,328,True,1
child,7.5.14-c2-s4,7.5.14,342,1719,407,409,True,1
child,7.5.14-c2-s5,7.5.14,338,1886,519,521,True,1
child,7.5.14-c2-s6,7.5.14,286,1634,439,441,True,1
child,7.5.14-c2-s7,7.5.14,155,830,226,228,False,1
child,7.5.14-c3-s1,7.5.14,127,743,182,184,False,1
child,7.5.14-c4-s1,7.5.14,339,1961,477,479,True,1
child,7.5.14-c4-s2,7.5.14,319,1747,447,449,True,1
child,7.5.14-c4-s3,7.5.14,247,1439,354,356,True,1
child,7.5.14-c4-s4,7.5.14,356,2008,502,504,True,1
child,7.5.14-c4-s5,7.5.14,385,2165,504,506,True,1
child,7.5.14-c4-s6,7.5.14,71,378,96,98,False,1
child,7.5.14-c5-s1,7.5.14,130,700,202,204,False,1
child,7.5.14.1-c1-s1,7.5.14.1,172,1003,248,250,False,1
child,7.5.14.1-c2-s1,7.5.14.1,120,723,173,175,False,1
child,7.5.14.1-c3-s1,7.5.14.1,285,1432,365,367,True,1
child,7.5.14.1-c3-s2,7.5.14.1,141,841,213,215,False,1
child,7.5.14.1-c4-s1,7.5.14.1,81,475,115,117,False,1
child,7.5.14.1-c5-s1,7.5.14.1,179,1090,240,242,False,1
child,7.5.14.1-c6-s1,7.5.14.1,162,1056,236,238,False,1
child,7.5.14.1-c6-s2,7.5.14.1,294,1746,375,377,True,1
child,7.5.14.1-c7-s1,7.5.14.1,139,843,213,215,False,1
child,7.5.14.2-c1-s1,7.5.14.2,356,2131,558,560,True,1
child,7.5.14.3-c1-s1,7.5.14.3,382,2191,575,577,True,1
child,7.5.14.4-c1-s1,7.5.14.4,171,985,247,249,False,1
child,7.5.14.4-c2-s1,7.5.14.4,72,470,124,126,False,1
child,7.5.14.4-c3-s1,7.5.14.4,364,1924,499,501,True,1
child,7.5.14.4-c4-s1,7.5.14.4,81,472,115,117,False,1
child,7.5.14.4-c5-s1,7.5.14.4,156,969,201,203,False,1
child,7.5.14.4-c6-s1,7.5.14.4,162,1066,246,248,False,1
child,7.5.14.4-c6-s2,7.5.14.4,338,2016,437,439,True,1
child,7.5.14.4-c7-s1,7.5.14.4,135,798,201,203,False,1
child,7.5.14.5-c1-s1,7.5.14.5,341,2011,522,524,True,1
child,7.5.14.6-c1-s1,7.5.14.6,378,2152,564,566,True,1
child,7.5.15-c1-s1,7.5.15,77,433,111,113,False,1
child,7.5.15-c2-s1,7.5.15,4,18,5,7,False,1
child,7.5.15-c2-s2,7.5.15,250,1274,408,410,True,1
child,7.5.15-c2-s3,7.5.15,184,1053,258,260,True,1
child,7.5.15-c3-s1,7.5.15,310,1704,434,436,True,1
child,7.5.15-c4-s1,7.5.15,7,35,9,11,False,1
child,7.5.15-c4-s2,7.5.15,286,1569,460,462,True,1
child,7.5.15-c4-s3,7.5.15,210,1104,320,322,True,1
child,7.5.15-c4-s4,7.5.15,231,1175,359,361,True,1
child,7.5.15-c5-s1,7.5.15,5,29,9,11,False,1
child,7.5.15-c5-s2,7.5.15,332,1839,471,473,True,1
child,7.5.15-c5-s3,7.5.15,138,726,187,189,False,1
child,7.5.15-c6-s1,7.5.15,72,426,107,109,False,1
child,7.5.15.1-c1-s1,7.5.15.1,96,601,159,161,False,1
child,7.5.15.1-c2-s1,7.5.15.1,70,416,90,92,False,1
child,7.5.15.1-c3-s1,7.5.15.1,47,307,76,78,False,1
child,7.5.15.1-c4-s1,7.5.15.1,316,1926,431,433,True,1
child,7.5.15.1-c4-s2,7.5.15.1,95,622,143,145,False,1
child,7.5.15.1-c5-s1,7.5.15.1,250,1469,324,326,True,1
child,7.5.15.1-c6-s1,7.5.15.1,115,697,149,151,False,1
child,7.5.15.1-c7-s1,7.5.15.1,110,661,182,184,False,1
child,7.5.15.2-c1-s1,7.5.15.2,343,1973,540,542,True,1
child,7.5.16-c1-s1,7.5.16,88,533,150,152,False,1
child,7.5.16-c2-s1,7.5.16,49,291,60,62,False,1
child,7.5.16-c3-s1,7.5.16,177,1053,241,243,False,1
child,7.5.16-c3-s2,7.5.16,353,2085,517,519,True,1
child,7.5.16-c3-s3,7.5.16,297,1626,426,428,True,1
child,7.5.16-c3-s4,7.5.16,332,1846,442,444,True,1
child,7.5.16-c4-s1,7.5.16,214,1221,299,301,True,1
child,7.5.16-c4-s2,7.5.16,149,848,206,208,False,1
child,7.5.16-c5-s1,7.5.16,272,1445,364,366,True,1
child,7.5.16-c6-s1,7.5.16,327,1826,445,447,True,1
child,7.5.16-c6-s2,7.5.16,224,1297,316,318,True,1
child,7.5.16-c6-s3,7.5.16,356,1987,465,467,True,1
child,7.5.16-c6-s4,7.5.16,48,280,72,74,False,1
child,7.5.16-c6-s5,7.5.16,218,1275,329,331,True,1
child,7.5.16-c6-s6,7.5.16,219,1183,274,276,True,1
child,7.5.16.1-c1-s1,7.5.16.1,237,1523,352,354,True,1
child,7.5.16.1-c2-s1,7.5.16.1,49,362,86,88,False,1
child,7.5.16.1-c3-s1,7.5.16.1,232,1413,327,329,True,1
child,7.5.16.1-c4-s1,7.5.16.1,140,889,205,207,False,1
child,7.5.16.1-c5-s1,7.5.16.1,111,689,158,160,False,1
child,7.5.16.2-c1-s1,7.5.16.2,271,1595,421,423,True,1
child,7.5.17-c1-s1,7.5.17,95,581,164,166,False,1
child,7.5.17-c2-s1,7.5.17,177,1091,223,225,False,1
child,7.5.17-c3-s1,7.5.17,242,1309,323,325,True,1
child,7.5.17-c3-s2,7.5.17,225,1210,302,304,True,1
child,7.5.17-c4-s1,7.5.17,38,233,53,55,False,1
child,7.5.17.1-c1-s1,7.5.17.1,279,1778,398,400,True,1
child,7.5.17.1-c2-s1,7.5.17.1,232,1414,327,329,True,1
child,7.5.17.1-c3-s1,7.5.17.1,395,2255,485,487,True,1
child,7.5.17.1-c4-s1,7.5.17.1,140,889,205,207,False,1
child,7.5.17.1-c5-s1,7.5.17.1,151,924,201,203,False,1
child,7.5.17.2-c1-s1,7.5.17.2,355,2099,541,543,True,1
child,7.5.17.2-c1-s2,7.5.17.2,20,110,23,25,False,1
child,7.5.18-c1-s1,7.5.18,93,559,161,163,False,1
child,7.5.18-c2-s1,7.5.18,157,920,219,221,False,1
child,7.5.18-c3-s1,7.5.18,36,238,53,55,False,1
child,7.5.18-c4-s1,7.5.18,230,1324,336,338,True,1
child,7.5.18-c5-s1,7.5.18,157,872,201,203,False,1
child,7.5.18-c6-s1,7.5.18,36,211,50,52,False,1
child,7.5.18.1-c1-s1,7.5.18.1,223,1388,336,338,True,1
child,7.5.18.1-c2-s1,7.5.18.1,178,1186,280,282,True,1
child,7.5.18.1-c3-s1,7.5.18.1,57,392,93,95,False,1
child,7.5.18.1-c4-s1,7.5.18.1,96,557,135,137,False,1
child,7.5.18.2-c1-s1,7.5.18.2,176,984,262,264,True,1
child,7.5.19-c1-s1,7.5.19,104,627,180,182,False,1
child,7.5.19-c2-s1,7.5.19,129,745,207,209,False,1
child,7.5.19-c3-s1,7.5.19,94,525,145,147,False,1
child,7.5.19.1-c1-s1,7.5.19.1,304,1885,460,462,True,1
child,7.5.19.1-c2-s1,7.5.19.1,49,362,86,88,False,1
child,7.5.19.1-c3-s1,7.5.19.1,244,1461,339,341,True,1
child,7.5.19.1-c4-s1,7.5.19.1,140,891,207,209,False,1
child,7.5.19.1-c5-s1,7.5.19.1,116,696,163,165,False,1
child,7.5.19.2-c1-s1,7.5.19.2,273,1567,423,425,True,1
child,7.5.20-c1-s1,7.5.20,106,641,182,184,False,1
child,7.5.20-c2-s1,7.5.20,227,1309,328,330,True,1
child,7.5.20.1-c1-s1,7.5.20.1,338,2090,494,496,True,1
child,7.5.20.1-c2-s1,7.5.20.1,49,362,86,88,False,1
child,7.5.20.1-c3-s1,7.5.20.1,244,1461,339,341,True,1
child,7.5.20.1-c4-s1,7.5.20.1,47,300,78,80,False,1
child,7.5.20.1-c5-s1,7.5.20.1,140,890,207,209,False,1
child,7.5.20.1-c6-s1,7.5.20.1,128,771,184,186,False,1
child,7.5.20.2-c1-s1,7.5.20.2,323,1862,498,500,True,1
child,7.5.21-c1-s1,7.5.21,92,569,161,163,False,1
child,7.5.21-c2-s1,7.5.21,135,792,169,171,False,1
child,7.5.21-c3-s1,7.5.21,155,934,202,204,False,1
child,7.5.21.1-c1-s1,7.5.21.1,196,1170,279,281,True,1
child,7.5.21.1-c2-s1,7.5.21.1,132,829,186,188,False,1
child,7.5.21.1-c3-s1,7.5.21.1,225,1363,282,284,True,1
child,7.5.21.1-c4-s1,7.5.21.1,100,605,136,138,False,1
child,7.5.21.2-c1-s1,7.5.21.2,282,1652,415,417,True,1
child,7.5.22-c1-s1,7.5.22,318,1929,455,457,True,1
child,7.5.22-c1-s2,7.5.22,270,1550,356,358,True,1
child,7.5.22-c1-s3,7.5.22,332,2000,442,444,True,1
child,7.5.22-c1-s4,7.5.22,164,939,227,229,False,1
child,7.5.22-c1-s5,7.5.22,265,1600,349,351,True,1
child,7.5.22-c2-s1,7.5.22,360,2092,470,472,True,1
child,7.5.22-c2-s2,7.5.22,110,651,163,165,False,1
child,7.5.22-c2-s3,7.5.22,365,2191,495,497,True,1
child,7.5.22-c3-s1,7.5.22,345,2094,455,457,True,1
child,7.5.22-c3-s2,7.5.22,284,1741,405,407,True,1
child,7.5.22-c3-s3,7.5.22,136,759,162,164,False,1
child,7.5.22-c3-s4,7.5.22,260,1553,400,402,True,1
child,7.5.22-c3-s5,7.5.22,330,1973,489,491,True,1
child,7.5.22-c3-s6,7.5.22,295,1659,487,489,True,1
child,7.5.22-c3-s7,7.5.22,184,1048,314,316,True,1
child,7.5.22-c3-s8,7.5.22,346,2077,507,509,True,1
child,7.5.22-c3-s9,7.5.22,349,2136,474,476,True,1
child,7.5.22-c3-s10,7.5.22,177,1058,202,204,False,1
child,7.5.22.1-c1-s1,7.5.22.1,237,1437,290,292,True,1
child,7.5.22.1-c2-s1,7.5.22.1,258,1524,314,316,True,1
child,7.5.22.1-c3-s1,7.5.22.1,104,612,119,121,False,1
child,7.5.22.1-c4-s1,7.5.22.1,66,411,85,87,False,1
child,7.5.22.1-c5-s1,7.5.22.1,113,644,132,134,False,1
child,7.5.22.3-c1-s1,7.5.22.3,214,1307,269,271,True,1
child,7.5.22.3-c2-s1,7.5.22.3,258,1525,314,316,True,1
child,7.5.22.3-c3-s1,7.5.22.3,95,568,114,116,False,1
child,7.5.22.3-c4-s1,7.5.22.3,87,498,106,108,False,1
child,7.5.22.5-c1-s1,7.5.22.5,218,1329,271,273,True,1
child,7.5.22.5-c2-s1,7.5.22.5,259,1530,315,317,True,1
child,7.5.22.5-c3-s1,7.5.22.5,154,911,179,181,False,1
child,7.5.22.5-c4-s1,7.5.22.5,88,509,107,109,False,1
child,7.5.22.7-c1-s1,7.5.22.7,218,1332,277,279,True,1
child,7.5.22.7-c2-s1,7.5.22.7,258,1525,314,316,True,1
child,7.5.22.7-c3-s1,7.5.22.7,239,1402,278,280,True,1
child,7.5.22.7-c4-s1,7.5.22.7,100,578,125,127,False,1
child,7.5.22.9-c1-s1,7.5.22.9,222,1379,273,275,True,1
child,7.5.22.9-c2-s1,7.5.22.9,227,1303,264,266,True,1
child,7.5.22.9-c3-s1,7.5.22.9,95,587,114,116,False,1
child,7.5.22.9-c4-s1,7.5.22.9,99,597,116,118,False,1
child,7.5.22.11-c1-s1,7.5.22.11,258,1613,346,348,True,1
child,7.5.22.11-c2-s1,7.5.22.11,53,314,63,65,False,1
child,7.5.22.11-c3-s1,7.5.22.11,433,2487,503,505,True,1
child,7.5.22.11-c3-s2,7.5.22.11,354,2309,472,474,True,1
child,7.5.22.11-c3-s3,7.5.22.11,346,2309,496,498,True,1
child,7.5.22.11-c3-s4,7.5.22.11,309,2013,435,437,True,1
child,7.5.22.11-c3-s5,7.5.22.11,313,2007,420,422,True,1
child,7.5.22.11-c4-s1,7.5.22.11,96,626,140,142,False,1
child,7.5.22.11-c5-s1,7.5.22.11,368,2223,454,456,True,1
child,7.5.22.11-c5-s2,7.5.22.11,148,926,198,200,False,1
child,7.5.22.11-c6-s1,7.5.22.11,329,1911,383,385,True,1
child,7.5.22.11-c7-s1,7.5.22.11,263,1639,357,359,True,1
child,7.6.1-c1-s1,7.6.1,232,1376,292,294,True,1
child,7.6.1-c2-s1,7.6.1,137,863,170,172,False,1
child,7.6.1-c3-s1,7.6.1,319,1871,430,432,True,1
child,7.6.1-c3-s2,7.6.1,239,1260,321,323,True,1
child,7.6.1-c3-s3,7.6.1,363,1911,489,491,True,1
child,7.6.1-c3-s4,7.6.1,280,1457,373,375,True,1
child,7.6.1-c3-s5,7.6.1,87,477,129,131,False,1
child,7.6.1-c3-s6,7.6.1,88,499,121,123,False,1
child,7.6.1-c3-s7,7.6.1,325,1808,432,434,True,1
child,7.6.1-c3-s8,7.6.1,373,2058,459,461,True,1
child,7.6.1-c3-s9,7.6.1,302,1661,383,385,True,1
child,7.6.1-c3-s10,7.6.1,398,2184,489,491,True,1
child,7.6.1-c3-s11,7.6.1,343,1864,432,434,True,1
child,7.6.1-c3-s12,7.6.1,375,2006,470,472,True,1
child,7.6.1-c3-s13,7.6.1,167,954,195,197,False,1
child,7.6.1-c4-s1,7.6.1,119,654,140,142,False,1
child,7.6.1-c4-s2,7.6.1,379,2120,463,465,True,1
child,7.6.1-c4-s3,7.6.1,305,1594,420,422,True,1
child,7.6.1-c4-s4,7.6.1,214,1110,317,319,True,1
child,7.6.1-c4-s5,7.6.1,357,1941,465,467,True,1
child,7.6.1-c4-s6,7.6.1,293,1512,379,381,True,1
child,7.6.1-c5-s1,7.6.1,250,1430,302,304,True,1
child,7.6.1-c5-s2,7.6.1,394,2292,478,480,True,1
child,7.6.1-c5-s3,7.6.1,46,262,61,63,False,1
child,7.6.1-c5-s4,7.6.1,3,23,4,6,False,1
child,7.6.1-c5-s5,7.6.1,330,1786,422,424,True,1
child,7.6.1-c5-s6,7.6.1,260,1433,329,331,True,1
child,7.6.1-c5-s7,7.6.1,3,25,6,8,False,1
child,7.6.1-c5-s8,7.6.1,334,1938,447,449,True,1
child,7.6.1-c5-s9,7.6.1,123,678,156,158,False,1
child,7.6.1-c5-s10,7.6.1,8,49,10,12,False,1
child,7.6.1-c5-s11,7.6.1,351,1892,466,468,True,1
child,7.6.1-c5-s12,7.6.1,151,794,196,198,False,1
child,7.6.1-c5-s13,7.6.1,300,1767,379,381,True,1
child,7.6.1-c6-s1,7.6.1,127,688,158,160,False,1
child,7.6.1-c7-s1,7.6.1,112,636,147,149,False,1
child,7.6.1-c7-s2,7.6.1,333,1863,451,453,True,1
child,7.6.1-c7-s3,7.6.1,304,1710,393,395,True,1
child,7.6.1-c8-s1,7.6.1,178,1061,219,221,False,1
child,7.6.1-c9-s1,7.6.1,5,42,7,9,False,1
child,7.6.1-c9-s2,7.6.1,268,1460,373,375,True,1
child,7.6.1-c9-s3,7.6.1,112,622,151,153,False,1
child,7.6.1-c9-s4,7.6.1,5,28,6,8,False,1
child,7.6.1.1-c1-s1,7.6.1.1,167,1067,241,243,False,1
child,7.6.1.1-c1-s2,7.6.1.1,348,2077,419,421,True,1
child,7.6.1.1-c2-s1,7.6.1.1,283,1787,390,392,True,1
child,7.6.1.1-c3-s1,7.6.1.1,373,2439,509,511,True,1
child,7.6.1.1-c3-s2,7.6.1.1,336,2124,472,474,True,1
child,7.6.1.1-c4-s1,7.6.1.1,28,209,57,59,False,1
child,7.6.1.1-c5-s1,7.6.1.1,119,727,169,171,False,1
child,7.6.1.2-c1-s1,7.6.1.2,213,1432,352,354,True,1
child,7.6.1.2-c2-s1,7.6.1.2,387,2394,535,537,True,1
child,7.6.1.2-c2-s2,7.6.1.2,333,2011,419,421,True,1
child,7.6.1.2-c2-s3,7.6.1.2,376,2184,486,488,True,1
child,7.6.1.2-c2-s4,7.6.1.2,55,302,64,66,False,1
child,7.6.1.2-c3-s1,7.6.1.2,45,301,73,75,False,1
child,7.6.1.2-c4-s1,7.6.1.2,40,268,62,64,False,1
child,7.6.1.2-c5-s1,7.6.1.2,27,164,50,52,False,1
child,7.6.1.2-c6-s1,7.6.1.2,28,203,51,53,False,1
child,7.6.1.2-c7-s1,7.6.1.2,178,1114,268,270,True,1
child,7.6.1.3-c1-s1,7.6.1.3,274,1868,412,414,True,1
child,7.6.1.4-c1-s1,7.6.1.4,202,1306,348,350,True,1
child,7.6.1.5-c1-s1,7.6.1.5,86,611,138,140,False,1
child,7.6.1.5-c1-s2,7.6.1.5,249,1645,478,480,True,1
child,7.6.1.6-c1-s1,7.6.1.6,345,2187,490,492,True,1
child,7.6.1.6-c1-s2,7.6.1.6,69,406,92,94,False,1
child,7.6.1.7-c1-s1,7.6.1.7,249,1484,401,403,True,1
child,7.6.1.8-c1-s1,7.6.1.8,90,611,130,132,False,1
child,7.6.1.8-c1-s2,7.6.1.8,300,1829,533,535,True,1
child,7.6.1.9-c1-s1,7.6.1.9,340,2141,449,451,True,1
child,7.6.1.10-c1-s1,7.6.1.10,265,1573,400,402,True,1
child,7.6.1.11-c1-s1,7.6.1.11,88,615,130,132,False,1
child,7.6.1.11-c1-s2,7.6.1.11,316,1911,519,521,True,1
child,7.6.1.12-c1-s1,7.6.1.12,328,1943,415,417,True,1
child,7.6.1.12-c1-s2,7.6.1.12,226,1259,275,277,True,1
child,7.6.1.12-c2-s1,7.6.1.12,209,1167,262,264,True,1
child,7.6.1.13-c1-s1,7.6.1.13,291,1666,440,442,True,1
child,7.6.1.14-c1-s1,7.6.1.14,99,674,140,142,False,1
child,7.6.1.14-c1-s2,7.6.1.14,313,1817,501,503,True,1
child,7.6.1.14-c1-s3,7.6.1.14,52,318,86,88,False,1
child,7.6.1.15-c1-s1,7.6.1.15,392,2361,493,495,True,1
child,7.6.1.15-c1-s2,7.6.1.15,296,1724,332,334,True,1
child,7.6.1.16-c1-s1,7.6.1.16,319,1943,416,418,True,1
child,7.6.1.17-c1-s1,7.6.1.17,379,2297,512,514,True,1
child,7.6.1.17-c1-s2,7.6.1.17,363,2297,498,500,True,1
child,7.6.1.17-c1-s3,7.6.1.17,410,2534,525,527,True,1
child,7.6.1.17-c1-s4,7.6.1.17,296,1868,425,427,True,1
child,7.6.1.18-c1-s1,7.6.1.18,394,2321,498,500,True,1
child,7.6.1.18-c1-s2,7.6.1.18,354,2129,484,486,True,1
child,7.6.1.18-c1-s3,7.6.1.18,137,770,165,167,False,1
child,7.6.1.19-c1-s1,7.6.1.19,279,1644,463,465,True,1
child,7.6.1.20-c1-s1,7.6.1.20,330,1898,525,527,True,1
child,7.6.1.21-c1-s1,7.6.1.21,235,1459,333,335,True,1
child,7.6.2-c1-s1,7.6.2,71,463,109,111,False,1
child,7.6.2-c2-s1,7.6.2,109,717,139,141,False,1
child,7.6.2-c3-s1,7.6.2,2,16,5,7,False,1
child,7.6.2-c3-s2,7.6.2,338,1975,481,483,True,1
child,7.6.2-c3-s3,7.6.2,162,992,207,209,False,1
child,7.6.2-c3-s4,7.6.2,165,957,202,204,False,1
child,7.6.2-c4-s1,7.6.2,304,1728,375,377,True,1
child,7.6.2-c4-s2,7.6.2,184,1071,254,256,False,1
child,7.6.2-c5-s1,7.6.2,186,1134,238,240,False,1
child,7.6.2-c5-s2,7.6.2,338,1783,433,435,True,1
child,7.6.2-c5-s3,7.6.2,71,431,98,100,False,1
child,7.6.2-c5-s4,7.6.2,8,53,9,11,False,1
child,7.6.2-c5-s5,7.6.2,280,1614,423,425,True,1
child,7.6.2-c5-s6,7.6.2,185,1008,294,296,True,1
child,7.6.2-c5-s7,7.6.2,199,1084,347,349,True,1
child,7.6.2-c5-s8,7.6.2,350,1966,502,504,True,1
child,7.6.2-c5-s9,7.6.2,293,1538,405,407,True,1
child,7.6.2-c6-s1,7.6.2,365,2141,469,471,True,1
child,7.6.2-c6-s2,7.6.2,62,365,85,87,False,1
child,7.6.2-c7-s1,7.6.2,77,471,135,137,False,1
child,7.6.2.1-c1-s1,7.6.2.1,172,1078,228,230,False,1
child,7.6.2.1-c2-s1,7.6.2.1,199,1206,267,269,True,1
child,7.6.2.1-c3-s1,7.6.2.1,369,2098,465,467,True,1
child,7.6.2.1-c3-s2,7.6.2.1,92,564,128,130,False,1
child,7.6.2.1-c4-s1,7.6.2.1,147,936,200,202,False,1
child,7.6.2.1-c5-s1,7.6.2.1,211,1276,287,289,True,1
child,7.6.2.2-c1-s1,7.6.2.2,185,1105,281,283,True,1
child,7.6.2.3-c1-s1,7.6.2.3,211,1250,303,305,True,1
child,7.6.2.3-c1-s2,7.6.2.3,201,1108,258,260,True,1
child,7.6.2.4-c1-s1,7.6.2.4,198,1269,263,265,True,1
child,7.6.2.4-c2-s1,7.6.2.4,199,1206,267,269,True,1
child,7.6.2.4-c3-s1,7.6.2.4,342,2022,416,418,True,1
child,7.6.2.4-c3-s2,7.6.2.4,329,2074,442,444,True,1
child,7.6.2.4-c3-s3,7.6.2.4,383,2468,526,528,True,1
child,7.6.2.4-c3-s4,7.6.2.4,184,1166,256,258,True,1
child,7.6.2.4-c4-s1,7.6.2.4,371,2112,467,469,True,1
child,7.6.2.4-c4-s2,7.6.2.4,92,562,126,128,False,1
child,7.6.2.4-c5-s1,7.6.2.4,149,947,203,205,False,1
child,7.6.2.4-c6-s1,7.6.2.4,249,1554,344,346,True,1
child,7.6.2.5-c1-s1,7.6.2.5,321,2138,562,564,True,1
child,7.6.2.6-c1-s1,7.6.2.6,95,623,139,141,False,1
child,7.6.2.6-c1-s2,7.6.2.6,321,2077,576,578,True,1
child,7.6.2.6-c1-s3,7.6.2.6,87,487,117,119,False,1
child,7.6.3-c1-s1,7.6.3,128,732,179,181,False,1
child,7.6.3-c2-s1,7.6.3,373,2070,457,459,True,1
child,7.6.3-c3-s1,7.6.3,299,1666,403,405,True,1
child,7.6.3-c3-s2,7.6.3,187,960,278,280,True,1
child,7.6.3-c3-s3,7.6.3,271,1443,435,437,True,1
child,7.6.3-c3-s4,7.6.3,222,1163,379,381,True,1
child,7.6.3-c3-s5,7.6.3,224,1284,287,289,True,1
child,7.6.3-c3-s6,7.6.3,345,1844,469,471,True,1
child,7.6.3-c3-s7,7.6.3,159,842,230,232,False,1
child,7.6.3-c3-s8,7.6.3,289,1587,418,420,True,1
child,7.6.3-c3-s9,7.6.3,350,1961,514,516,True,1
child,7.6.3-c3-s10,7.6.3,45,232,61,63,False,1
child,7.6.3-c3-s11,7.6.3,368,2002,501,503,True,1
child,7.6.3-c4-s1,7.6.3,262,1454,388,390,True,1
child,7.6.3-c4-s2,7.6.3,105,527,167,169,False,1
child,7.6.3-c4-s3,7.6.3,276,1508,361,363,True,1
child,7.6.3-c5-s1,7.6.3,181,1064,231,233,False,1
child,7.6.3-c6-s1,7.6.3,85,519,140,142,False,1
child,7.6.3-c7-s1,7.6.3,162,909,195,197,False,1
child,7.6.3-c8-s1,7.6.3,183,1052,268,270,True,1
child,7.6.3.1-c1-s1,7.6.3.1,248,1514,337,339,True,1
child,7.6.3.1-c2-s1,7.6.3.1,389,2223,505,507,True,1
child,7.6.3.1-c3-s1,7.6.3.1,425,2376,530,532,True,1
child,7.6.3.1-c3-s2,7.6.3.1,391,2220,501,503,True,1
child,7.6.3.1-c3-s3,7.6.3.1,415,2387,528,530,True,1
child,7.6.3.1-c4-s1,7.6.3.1,185,1098,246,248,False,1
child,7.6.3.2-c1-s1,7.6.3.2,276,1615,398,400,True,1
child,7.6.3.3-c1-s1,7.6.3.3,247,1469,364,366,True,1
child,7.6.3.3-c1-s2,7.6.3.3,315,1772,430,432,True,1
child,7.6.3.4-c1-s1,7.6.3.4,246,1503,333,335,True,1
child,7.6.3.4-c2-s1,7.6.3.4,173,1053,236,238,False,1
child,7.6.3.4-c3-s1,7.6.3.4,420,2473,541,543,True,1
child,7.6.3.4-c3-s2,7.6.3.4,411,2265,515,517,True,1
child,7.6.3.4-c3-s3,7.6.3.4,259,1537,335,337,True,1
child,7.6.3.4-c4-s1,7.6.3.4,187,1105,250,252,False,1
child,7.6.3.5-c1-s1,7.6.3.5,222,1368,305,307,True,1
child,7.6.3.5-c2-s1,7.6.3.5,392,2281,491,493,True,1
child,7.6.3.5-c2-s2,7.6.3.5,410,2434,526,528,True,1
child,7.6.3.5-c2-s3,7.6.3.5,173,993,199,201,False,1
child,7.6.3.5-c3-s1,7.6.3.5,162,991,214,216,False,1
child,7.6.3.5-c4-s1,7.6.3.5,155,909,213,215,False,1
child,7.6.3.6-c1-s1,7.6.3.6,273,1603,397,399,True,1
child,7.7.1-c1-s1,7.7.1,111,647,140,142,False,1
child,7.7.1-c2-s1,7.7.1,303,1821,426,428,True,1
child,7.7.1-c3-s1,7.7.1,183,1024,261,263,True,1
child,7.7.1-c3-s2,7.7.1,276,1660,350,352,True,1
child,7.7.1-c4-s1,7.7.1,66,375,86,88,False,1
child,7.7.1-c4-s2,7.7.1,335,1999,462,464,True,1
child,7.7.1-c5-s1,7.7.1,55,296,67,69,False,1
child,7.7.1-c6-s1,7.7.1,83,450,98,100,False,1
child,7.7.1-c7-s1,7.7.1,102,560,143,145,False,1
child,7.7.1-c7-s2,7.7.1,345,1998,483,485,True,1
child,7.7.1-c7-s3,7.7.1,41,243,58,60,False,1
child,7.7.1-c7-s4,7.7.1,278,1701,395,397,True,1
child,7.7.1-c7-s5,7.7.1,164,922,240,242,False,1
child,7.7.1-c8-s1,7.7.1,256,1508,375,377,True,1
child,7.7.1-c9-s1,7.7.1,15,88,16,18,False,1
child,7.7.1-c9-s2,7.7.1,296,1722,418,420,True,1
child,7.7.1-c9-s3,7.7.1,316,1860,469,471,True,1
child,7.7.1-c9-s4,7.7.1,213,1252,279,281,True,1
child,7.7.1-c9-s5,7.7.1,204,1148,291,293,True,1
child,7.7.1-c9-s6,7.7.1,201,1146,281,283,True,1
child,7.7.1-c10-s1,7.7.1,3,28,6,8,False,1
child,7.7.1-c10-s2,7.7.1,354,2098,503,505,True,1
child,7.7.1-c10-s3,7.7.1,153,883,226,228,False,1
child,7.7.1-c10-s4,7.7.1,245,1422,343,345,True,1
child,7.7.1-c10-s5,7.7.1,206,1172,295,297,True,1
child,7.7.1-c10-s6,7.7.1,316,1881,474,476,True,1
child,7.7.1-c10-s7,7.7.1,276,1604,402,404,True,1
child,7.7.1-c10-s8,7.7.1,211,1278,294,296,True,1
child,7.7.1-c11-s1,7.7.1,252,1586,348,350,True,1
child,7.7.1-c12-s1,7.7.1,321,1950,432,434,True,1
child,7.7.1-c12-s2,7.7.1,351,2226,494,496,True,1
child,7.7.1-c12-s3,7.7.1,274,1658,371,373,True,1
child,7.7.1-c12-s4,7.7.1,338,2012,443,445,True,1
child,7.7.1-c12-s5,7.7.1,334,2020,507,509,True,1
child,7.7.1-c12-s6,7.7.1,153,860,195,197,False,1
child,7.7.1-c13-s1,7.7.1,323,1882,426,428,True,1
child,7.7.1-c13-s2,7.7.1,177,1024,221,223,False,1
child,7.7.1-c13-s3,7.7.1,289,1642,372,374,True,1
child,7.7.1-c13-s4,7.7.1,387,2269,496,498,True,1
child,7.7.1-c13-s5,7.7.1,169,1009,220,222,False,1
child,7.7.1-c14-s1,7.7.1,5,34,7,9,False,1
child,7.7.1-c14-s2,7.7.1,334,1966,497,499,True,1
child,7.7.1-c14-s3,7.7.1,106,657,141,143,False,1
child,7.7.1-c15-s1,7.7.1,106,583,140,142,False,1
child,7.7.1-c16-s1,7.7.1,100,570,132,134,False,1
child,7.7.1.1-c1-s1,7.7.1.1,291,1802,393,395,True,1
child,7.7.1.1-c2-s1,7.7.1.1,344,2235,505,507,True,1
child,7.7.1.1-c3-s1,7.7.1.1,121,741,164,166,False,1
child,7.7.1.1-c4-s1,7.7.1.1,154,953,200,202,False,1
child,7.7.1.1-c4-s2,7.7.1.1,318,1982,420,422,True,1
child,7.7.1.1-c4-s3,7.7.1.1,184,1158,269,271,True,1
child,7.7.1.1-c4-s4,7.7.1.1,387,2415,527,529,True,1
child,7.7.1.1-c5-s1,7.7.1.1,128,759,172,174,False,1
child,7.7.1.2-c1-s1,7.7.1.2,368,2235,554,556,True,1
child,7.7.1.2-c1-s2,7.7.1.2,19,101,22,24,False,1
child,7.7.1.3-c1-s1,7.7.1.3,270,1671,365,367,True,1
child,7.7.1.3-c2-s1,7.7.1.3,344,2233,503,505,True,1
child,7.7.1.3-c3-s1,7.7.1.3,296,1848,403,405,True,1
child,7.7.1.3-c3-s2,7.7.1.3,216,1410,307,309,True,1
child,7.7.1.3-c4-s1,7.7.1.3,113,680,155,157,False,1
child,7.7.1.4-c1-s1,7.7.1.4,242,1512,357,359,True,1
child,7.7.1.4-c2-s1,7.7.1.4,137,855,190,192,False,1
child,7.7.1.4-c3-s1,7.7.1.4,121,737,160,162,False,1
child,7.7.1.4-c4-s1,7.7.1.4,154,953,200,202,False,1
child,7.7.1.4-c4-s2,7.7.1.4,417,2577,549,551,True,1
child,7.7.1.4-c4-s3,7.7.1.4,115,748,181,183,False,1
child,7.7.1.4-c4-s4,7.7.1.4,387,2410,523,525,True,1
child,7.7.1.4-c5-s1,7.7.1.4,136,814,190,192,False,1
child,7.7.1.5-c1-s1,7.7.1.5,349,2191,548,550,True,1
child,7.7.1.5-c1-s2,7.7.1.5,45,243,57,59,False,1
child,7.7.2-c1-s1,7.7.2,166,1054,219,221,False,1
child,7.7.2-c2-s1,7.7.2,52,362,70,72,False,1
child,7.7.2-c3-s1,7.7.2,321,1914,421,423,True,1
child,7.7.2-c4-s1,7.7.2,354,2093,483,485,True,1
child,7.7.2-c5-s1,7.7.2,111,649,146,148,False,1
child,7.7.2.1-c1-s1,7.7.2.1,114,704,172,174,False,1
child,7.7.2.1-c2-s1,7.7.2.1,36,203,44,46,False,1
child,7.7.2.1-c3-s1,7.7.2.1,57,389,82,84,False,1
child,7.7.2.1-c4-s1,7.7.2.1,47,316,75,77,False,1
child,7.7.2.1-c5-s1,7.7.2.1,276,1732,394,396,True,1
child,7.7.2.1-c6-s1,7.7.2.1,139,898,237,239,False,1
child,7.7.2.2-c1-s1,7.7.2.2,330,2110,513,515,True,1
child,7.7.3-c1-s1,7.7.3,287,1630,354,356,True,1
child,7.7.3-c1-s2,7.7.3,180,1121,278,280,True,1
child,7.7.3-c2-s1,7.7.3,94,511,112,114,False,1
child,7.7.3-c3-s1,7.7.3,98,582,139,141,False,1
child,7.7.3-c4-s1,7.7.3,67,435,108,110,False,1
child,7.7.3-c5-s1,7.7.3,146,893,199,201,False,1
child,7.7.3.1-c1-s1,7.7.3.1,274,1649,348,350,True,1
child,7.7.3.1-c2-s1,7.7.3.1,85,494,105,107,False,1
child,7.7.3.1-c3-s1,7.7.3.1,142,854,163,165,False,1
child,7.7.3.1-c4-s1,7.7.3.1,119,719,153,155,False,1
child,7.7.3.1-c5-s1,7.7.3.1,150,913,188,190,False,1
child,7.7.3.1-c5-s2,7.7.3.1,419,2603,550,552,True,1
child,7.7.3.1-c5-s3,7.7.3.1,71,453,102,104,False,1
child,7.7.3.1-c5-s4,7.7.3.1,244,1520,319,321,True,1
child,7.7.3.1-c6-s1,7.7.3.1,147,832,188,190,False,1
child,7.8.1-c1-s1,7.8.1,50,305,86,88,False,1
child,7.8.1-c2-s1,7.8.1,174,1053,258,260,True,1
child,7.8.1-c3-s1,7.8.1,66,403,86,88,False,1
child,7.8.1-c4-s1,7.8.1,163,898,228,230,False,1
child,7.8.1-c5-s1,7.8.1,84,498,121,123,False,1
child,7.8.1-c6-s1,7.8.1,239,1411,386,388,True,1
child,7.8.1-c7-s1,7.8.1,186,1156,289,291,True,1
child,7.8.1-c7-s2,7.8.1,351,2110,493,495,True,1
child,7.8.1-c7-s3,7.8.1,104,600,133,135,False,1
child,7.8.1-c7-s4,7.8.1,335,1956,520,522,True,1
child,7.8.1-c7-s5,7.8.1,72,395,112,114,False,1
child,7.8.1-c7-s6,7.8.1,309,1806,512,514,True,1
child,7.8.1-c8-s1,7.8.1,322,1890,485,487,True,1
child,7.8.1-c9-s1,7.8.1,289,1696,428,430,True,1
child,7.8.1.1-c1-s1,7.8.1.1,265,1673,391,393,True,1
child,7.8.1.1-c2-s1,7.8.1.1,65,451,103,105,False,1
child,7.8.1.1-c3-s1,7.8.1.1,113,683,165,167,False,1
child,7.8.1.1-c4-s1,7.8.1.1,111,667,184,186,False,1
child,7.8.1.2-c1-s1,7.8.1.2,233,1360,373,375,True,1
child,7.8.2-c1-s1,7.8.2,48,295,92,94,False,1
child,7.8.2-c2-s1,7.8.2,48,306,71,73,False,1
child,7.8.2-c3-s1,7.8.2,57,345,74,76,False,1
child,7.8.2-c4-s1,7.8.2,146,867,211,213,False,1
child,7.8.2-c5-s1,7.8.2,228,1275,338,340,True,1
child,7.8.2-c6-s1,7.8.2,128,765,192,194,False,1
child,7.8.2-c7-s1,7.8.2,224,1291,316,318,True,1
child,7.8.2-c8-s1,7.8.2,36,236,52,54,False,1
child,7.8.2.1-c1-s1,7.8.2.1,284,1780,411,413,True,1
child,7.8.2.1-c2-s1,7.8.2.1,57,385,81,83,False,1
child,7.8.2.1-c3-s1,7.8.2.1,65,433,89,91,False,1
child,7.8.2.1-c4-s1,7.8.2.1,119,775,160,162,False,1
child,7.8.2.1-c5-s1,7.8.2.1,113,679,161,163,False,1
child,7.8.2.1-c6-s1,7.8.2.1,129,778,213,215,False,1
child,7.8.2.2-c1-s1,7.8.2.2,341,2025,576,578,True,1
child,7.8.3-c1-s1,7.8.3,208,1211,293,295,True,1
child,7.8.3-c2-s1,7.8.3,23,122,27,29,False,1
child,7.8.3-c2-s2,7.8.3,301,1738,412,414,True,1
child,7.8.3-c2-s3,7.8.3,208,1239,327,329,True,1
child,7.8.3-c2-s4,7.8.3,337,2073,450,452,True,1
child,7.8.3-c2-s5,7.8.3,308,1670,433,435,True,1
child,7.8.3-c2-s6,7.8.3,91,503,118,120,False,1
child,7.8.3-c2-s7,7.8.3,11,72,11,13,False,1
child,7.8.3-c2-s8,7.8.3,252,1503,356,358,True,1
child,7.8.3-c2-s9,7.8.3,205,1179,250,252,False,1
child,7.8.3-c2-s10,7.8.3,8,43,8,10,False,1
child,7.8.3-c2-s11,7.8.3,366,2144,506,508,True,1
child,7.8.3-c2-s12,7.8.3,156,916,226,228,False,1
child,7.8.3-c3-s1,7.8.3,312,1732,457,459,True,1
child,7.8.3-c3-s2,7.8.3,268,1621,396,398,True,1
child,7.8.3-c4-s1,7.8.3,209,1301,292,294,True,1
child,7.8.3-c5-s1,7.8.3,169,989,212,214,False,1
child,7.8.3.1-c1-s1,7.8.3.1,96,580,135,137,False,1
child,7.8.3.1-c2-s1,7.8.3.1,195,1303,279,281,True,1
child,7.8.3.1-c3-s1,7.8.3.1,129,816,187,189,False,1
child,7.8.3.1-c4-s1,7.8.3.1,81,478,113,115,False,1
child,7.8.3.2-c1-s1,7.8.3.2,143,853,208,210,False,1
child,7.8.3.3-c1-s1,7.8.3.3,130,772,168,170,False,1
child,7.8.3.3-c2-s1,7.8.3.3,318,2065,453,455,True,1
child,7.8.3.3-c3-s1,7.8.3.3,134,851,194,196,False,1
child,7.8.3.3-c4-s1,7.8.3.3,88,522,126,128,False,1
child,7.8.3.4-c1-s1,7.8.3.4,166,984,229,231,False,1
child,7.8.3.5-c1-s1,7.8.3.5,131,780,173,175,False,1
child,7.8.3.5-c2-s1,7.8.3.5,348,2373,495,497,True,1
child,7.8.3.5-c2-s2,7.8.3.5,269,1802,394,396,True,1
child,7.8.3.5-c3-s1,7.8.3.5,211,1382,308,310,True,1
child,7.8.3.5-c4-s1,7.8.3.5,88,518,122,124,False,1
child,7.8.3.6-c1-s1,7.8.3.6,213,1255,299,301,True,1
child,7.9-c1-s1,7.9,295,1763,374,376,True,1
child,7.9-c1-s2,7.9,252,1416,430,432,True,1
child,7.9-c1-s3,7.9,85,518,121,123,False,1
child,7.9-c2-s1,7.9,354,2075,475,477,True,1
child,7.9-c2-s2,7.9,90,502,186,188,False,1
child,7.9-c2-s3,7.9,346,1943,449,451,True,1
child,7.9-c2-s4,7.9,315,1805,459,461,True,1
child,7.9-c2-s5,7.9,358,2069,496,498,True,1
child,7.9-c2-s6,7.9,245,1464,338,340,True,1
child,7.9-c2-s7,7.9,322,1802,500,502,True,1
child,7.9-c2-s8,7.9,238,1280,382,384,True,1
child,7.9-c2-s9,7.9,111,618,151,153,False,1
child,7.9-c2-s10,7.9,78,446,92,94,False,1
child,7.9-c2-s11,7.9,263,1522,403,405,True,1
child,7.9-c2-s12,7.9,347,2082,515,517,True,1
child,7.9-c3-s1,7.9,340,1950,460,462,True,1
child,7.9-c4-s1,7.9,156,970,190,192,False,1
child,7.9.1-c1-s1,7.9.1,301,1776,394,396,True,1
child,7.9.1-c2-s1,7.9.1,438,2543,512,514,True,1
child,7.9.1-c2-s2,7.9.1,351,2152,460,462,True,1
child,7.9.1-c2-s3,7.9.1,418,2519,516,518,True,1
child,7.9.1-c2-s4,7.9.1,419,2594,520,522,True,1
child,7.9.1-c2-s5,7.9.1,38,248,49,51,False,1
child,7.9.1-c3-s1,7.9.1,126,726,151,153,False,1
child,7.9.1-c4-s1,7.9.1,84,493,112,114,False,1
child,8.1-c1-s1,8.1,247,1629,363,365,True,1
child,8.1-c1-s2,8.1,289,1659,482,484,True,1
child,8.1-c1-s3,8.1,294,1701,399,401,True,1
child,8.1-c2-s1,8.1,102,589,161,163,False,1
child,8.1-c3-s1,8.1,361,2165,475,477,True,1
child,8.1-c4-s1,8.1,4,22,5,7,False,1
child,8.1-c4-s2,8.1,288,1641,421,423,True,1
child,8.1-c4-s3,8.1,348,2028,468,470,True,1
child,8.1-c4-s4,8.1,94,581,129,131,False,1
child,8.1-c4-s5,8.1,59,345,74,76,False,1
child,8.1-c5-s1,8.1,294,1770,398,400,True,1
child,8.1-c6-s1,8.1,3,22,4,6,False,1
child,8.1-c6-s2,8.1,335,2003,493,495,True,1
child,8.1-c6-s3,8.1,136,894,183,185,False,1
child,8.1-c6-s4,8.1,38,213,45,47,False,1
child,8.1-c7-s1,8.1,247,1490,387,389,True,1
child,8.1-c8-s1,8.1,302,1836,470,472,True,1
child,8.1-c9-s1,8.1,189,1127,254,256,False,1
child,8.1-c10-s1,8.1,217,1322,322,324,True,1
child,8.1-c11-s1,8.1,269,1593,347,349,True,1
child,8.1-c11-s2,8.1,289,1709,381,383,True,1
child,8.1-c11-s3,8.1,192,1289,274,276,True,1
child,8.1-c12-s1,8.1,345,1974,459,461,True,1
child,8.1-c12-s2,8.1,251,1457,312,314,True,1
child,8.1-c13-s1,8.1,5,24,6,8,False,1
child,8.1-c13-s2,8.1,278,1579,408,410,True,1
child,8.1-c13-s3,8.1,114,667,168,170,False,1
child,8.1-c13-s4,8.1,5,26,7,9,False,1
child,8.1.1-c1-s1,8.1.1,379,2312,487,489,True,1
child,8.1.1-c1-s2,8.1.1,25,165,32,34,False,1
child,8.1.1-c2-s1,8.1.1,249,1509,284,286,True,1
child,8.1.2-c1-s1,8.1.2,327,1943,431,433,True,1
child,8.1.2-c2-s1,8.1.2,42,254,58,60,False,1
child,8.1.2-c3-s1,8.1.2,321,1871,445,447,True,1
child,8.1.2-c3-s2,8.1.2,97,568,126,128,False,1
child,8.1.2-c4-s1,8.1.2,159,955,233,235,False,1
child,8.1.2-c5-s1,8.1.2,397,2477,539,541,True,1
child,8.1.2-c5-s2,8.1.2,353,2210,475,477,True,1
child,8.1.2-c5-s3,8.1.2,253,1566,351,353,True,1
child,8.1.2-c5-s4,8.1.2,377,2285,497,499,True,1
child,8.1.2-c6-s1,8.1.2,53,333,85,87,False,1
child,8.1.3-c1-s1,8.1.3,206,1244,288,290,True,1
child,8.1.3-c1-s2,8.1.3,189,1154,262,264,True,1
child,8.2-c1-s1,8.2,239,1450,373,375,True,1
child,8.2-c2-s1,8.2,57,354,92,94,False,1
child,8.2-c3-s1,8.2,145,906,190,192,False,1
child,8.2-c4-s1,8.2,8,45,11,13,False,1
child,8.2-c4-s2,8.2,276,1525,436,438,True,1
child,8.2-c4-s3,8.2,161,870,231,233,False,1
child,8.2-c5-s1,8.2,64,345,121,123,False,1
child,8.2-c6-s1,8.2,182,994,223,225,False,1
child,8.2-c6-s2,8.2,308,1801,417,419,True,1
child,8.2-c6-s3,8.2,338,1976,515,517,True,1
child,8.2-c6-s4,8.2,145,889,198,200,False,1
child,8.2-c7-s1,8.2,35,233,45,47,False,1
child,8.2-c7-s2,8.2,361,2111,474,476,True,1
child,8.2-c7-s3,8.2,127,733,184,186,False,1
child,8.2-c7-s4,8.2,203,1174,347,349,True,1
child,8.2-c8-s1,8.2,261,1598,339,341,True,1
child,8.2-c9-s1,8.2,291,1713,446,448,True,1
child,8.2-c10-s1,8.2,109,646,163,165,False,1
child,8.2-c11-s1,8.2,221,1360,319,321,True,1
child,8.2-c12-s1,8.2,259,1599,384,386,True,1
child,8.2-c13-s1,8.2,260,1494,377,379,True,1
child,8.2-c14-s1,8.2,365,2099,481,483,True,1
child,8.2-c14-s2,8.2,336,2014,438,440,True,1
child,8.2-c14-s3,8.2,162,1039,237,239,False,1
child,8.2-c15-s1,8.2,350,1992,466,468,True,1
child,8.2-c15-s2,8.2,251,1457,312,314,True,1
child,8.2-c16-s1,8.2,5,24,6,8,False,1
child,8.2-c16-s2,8.2,307,1614,439,441,True,1
child,8.2-c16-s3,8.2,290,1702,464,466,True,1
child,8.2-c17-s1,8.2,131,794,174,176,False,1
child,8.2.1-c1-s1,8.2.1,58,337,81,83,False,1
child,8.2.1-c1-s2,8.2.1,324,1935,447,449,True,1
child,8.2.1-c1-s3,8.2.1,395,2352,517,519,True,1
child,8.2.1-c1-s4,8.2.1,383,2375,511,513,True,1
child,8.2.1-c1-s5,8.2.1,143,867,196,198,False,1
child,8.2.1-c1-s6,8.2.1,400,2397,517,519,True,1
child,8.2.1-c2-s1,8.2.1,125,715,173,175,False,1
child,8.2.2-c1-s1,8.2.2,221,1298,267,269,True,1
child,8.2.2-c2-s1,8.2.2,164,926,208,210,False,1
child,8.2.2-c3-s1,8.2.2,383,2417,510,512,True,1
child,8.2.2-c3-s2,8.2.2,291,1808,376,378,True,1
child,8.2.2-c3-s3,8.2.2,368,2234,477,479,True,1
child,8.2.2-c4-s1,8.2.2,124,744,175,177,False,1
child,8.2.3-c1-s1,8.2.3,190,1186,284,286,True,1
child,8.2.3-c1-s2,8.2.3,370,2171,504,506,True,1
child,8.2.3-c1-s3,8.2.3,355,2138,548,550,True,1
child,8.2.3-c1-s4,8.2.3,79,451,113,115,False,1
child,8.2.4-c1-s1,8.2.4,187,1165,274,276,True,1
child,8.2.4-c1-s2,8.2.4,370,2175,508,510,True,1
child,8.2.4-c1-s3,8.2.4,279,1674,406,408,True,1
child,8.2.5-c1-s1,8.2.5,191,1179,278,280,True,1
child,8.2.5-c1-s2,8.2.5,370,2175,508,510,True,1
child,8.2.5-c1-s3,8.2.5,343,2032,529,531,True,1
child,8.2.5-c1-s4,8.2.5,15,84,20,22,False,1
child,8.2.6-c1-s1,8.2.6,134,839,208,210,False,1
child,8.2.6-c1-s2,8.2.6,369,2175,503,505,True,1
child,8.2.6-c1-s3,8.2.6,5,29,6,8,False,1
child,8.2.7-c1-s1,8.2.7,322,1958,460,462,True,1
child,8.2.7-c2-s1,8.2.7,319,1869,456,458,True,1
child,8.2.7-c3-s1,8.2.7,255,1593,319,321,True,1
child,8.2.7-c4-s1,8.2.7,132,799,197,199,False,1
child,8.2.8-c1-s1,8.2.8,166,1084,270,272,True,1
child,8.2.8-c1-s2,8.2.8,340,1981,492,494,True,1
child,8.2.9-c1-s1,8.2.9,169,1043,260,262,True,1
child,8.2.9-c1-s2,8.2.9,266,1560,399,401,True,1
child,8.2.10-c1-s1,8.2.10,346,2121,509,511,True,1
child,8.3-c1-s1,8.3,301,1847,410,412,True,1
child,8.3-c1-s2,8.3,30,230,58,60,False,1
child,8.3-c2-s1,8.3,8,45,11,13,False,1
child,8.3-c2-s2,8.3,270,1480,430,432,True,1
child,8.3-c2-s3,8.3,161,868,231,233,False,1
child,8.3-c3-s1,8.3,211,1235,325,327,True,1
child,8.3-c3-s2,8.3,321,1856,482,484,True,1
child,8.3-c3-s3,8.3,188,1135,259,261,True,1
child,8.3-c3-s4,8.3,189,1117,263,265,True,1
child,8.3-c3-s5,8.3,158,887,280,282,True,1
child,8.3-c4-s1,8.3,238,1414,362,364,True,1
child,8.3-c4-s2,8.3,263,1574,383,385,True,1
child,8.3-c4-s3,8.3,256,1531,375,377,True,1
child,8.3-c4-s4,8.3,246,1404,352,354,True,1
child,8.3-c4-s5,8.3,142,791,195,197,False,1
child,8.3-c5-s1,8.3,5,24,6,8,False,1
child,8.3-c5-s2,8.3,288,1608,467,469,True,1
child,8.3-c5-s3,8.3,282,1636,400,402,True,1
child,8.3-c5-s4,8.3,5,26,6,8,False,1
child,8.3.1-c1-s1,8.3.1,196,1210,278,280,True,1
child,8.3.1-c2-s1,8.3.1,390,2265,535,537,True,1
child,8.3.1-c2-s2,8.3.1,50,297,80,82,False,1
child,8.3.1-c3-s1,8.3.1,394,2434,529,531,True,1
child,8.3.1-c3-s2,8.3.1,326,2052,431,433,True,1
child,8.3.1-c3-s3,8.3.1,210,1255,307,309,True,1
child,8.3.1-c4-s1,8.3.1,48,310,83,85,False,1
child,8.3.2-c1-s1,8.3.2,371,2275,524,526,True,1
child,8.4-c1-s1,8.4,131,724,166,168,False,1
child,8.4-c2-s1,8.4,91,496,133,135,False,1
child,8.4-c3-s1,8.4,164,1015,229,231,False,1
child,8.4-c4-s1,8.4,228,1307,336,338,True,1
child,8.4-c5-s1,8.4,227,1319,283,285,True,1
child,8.4-c5-s2,8.4,351,1951,499,501,True,1
child,8.4-c5-s3,8.4,146,824,210,212,False,1
child,8.4-c6-s1,8.4,389,2272,509,511,True,1
child,8.4-c6-s2,8.4,379,2315,486,488,True,1
child,8.4-c6-s3,8.4,281,1630,445,447,True,1
child,8.4-c6-s4,8.4,68,415,98,100,False,1
child,8.4-c7-s1,8.4,262,1531,352,354,True,1
child,8.4-c8-s1,8.4,322,1784,423,425,True,1
child,8.4-c8-s2,8.4,311,1711,386,388,True,1
child,8.4.1-c1-s1,8.4.1,81,525,130,132,False,1
child,8.4.1-c2-s1,8.4.1,276,1641,341,343,True,1
child,8.4.1-c3-s1,8.4.1,271,1593,359,361,True,1
child,8.4.1-c4-s1,8.4.1,298,1806,378,380,True,1
child,8.4.1-c5-s1,8.4.1,77,442,104,106,False,1
child,8.4.1-c5-s2,8.4.1,369,2154,469,471,True,1
child,8.4.1-c5-s3,8.4.1,184,1077,239,241,False,1
child,8.4.1-c6-s1,8.4.1,199,1179,281,283,True,1
child,8.4.1-c6-s2,8.4.1,276,1582,325,327,True,1
child,8.4.2-c1-s1,8.4.2,167,983,230,232,False,1
child,8.4.2-c1-s2,8.4.2,307,1799,414,416,True,1
child,8.5-c1-s1,8.5,256,1599,379,381,True,1
child,8.5-c2-s1,8.5,167,976,229,231,False,1
child,8.5-c3-s1,8.5,4,16,6,8,False,1
child,8.5-c3-s2,8.5,306,1837,462,464,True,1
child,8.5-c3-s3,8.5,58,354,78,80,False,1
child,8.5-c4-s1,8.5,47,306,75,77,False,1
child,8.5-c5-s1,8.5,175,1186,283,285,True,1
child,8.5-c6-s1,8.5,284,1771,398,400,True,1
child,8.5-c7-s1,8.5,188,1182,262,264,True,1
child,8.5.1-c1-s1,8.5.1,178,1148,268,270,True,1
child,8.5.1-c2-s1,8.5.1,102,650,151,153,False,1
child,8.5.2-c1-s1,8.5.2,127,835,193,195,False,1
child,8.5.2-c2-s1,8.5.2,266,1787,403,405,True,1
child,8.5.2-c3-s1,8.5.2,217,1427,315,317,True,1
child,8.5.2-c4-s1,8.5.2,221,1470,322,324,True,1
child,8.6-c1-s1,8.6,267,1685,388,390,True,1
child,8.6-c2-s1,8.6,127,783,197,199,False,1
child,8.6-c3-s1,8.6,233,1386,367,369,True,1
child,8.6-c4-s1,8.6,47,304,75,77,False,1
child,8.6-c5-s1,8.6,160,1068,259,261,True,1
child,8.6-c6-s1,8.6,283,1759,403,405,True,1
child,8.6-c7-s1,8.6,191,1194,263,265,True,1
child,8.6-c8-s1,8.6,100,617,144,146,False,1
child,8.6.1-c1-s1,8.6.1,202,1306,305,307,True,1
child,8.6.1-c2-s1,8.6.1,86,549,133,135,False,1
child,8.6.1-c3-s1,8.6.1,99,633,144,146,False,1
child,8.6.2-c1-s1,8.6.2,131,888,220,222,False,1
child,8.6.2-c1-s2,8.6.2,272,1831,418,420,True,1
child,8.6.2-c2-s1,8.6.2,214,1414,312,314,True,1
child,8.6.2-c3-s1,8.6.2,182,1235,271,273,True,1
child,8.6.2-c4-s1,8.6.2,218,1457,319,321,True,1
child,8.7-c1-s1,8.7,304,1906,457,459,True,1
child,8.7-c2-s1,8.7,146,850,231,233,False,1
child,8.7-c2-s2,8.7,208,1078,363,365,True,1
child,8.7-c3-s1,8.7,124,707,190,192,False,1
child,8.7-c3-s2,8.7,284,1570,479,481,True,1
child,8.7-c3-s3,8.7,274,1493,433,435,True,1
child,8.7-c3-s4,8.7,266,1465,433,435,True,1
child,8.7-c3-s5,8.7,125,734,209,211,False,1
child,8.7-c3-s6,8.7,341,1926,496,498,True,1
child,8.7-c3-s7,8.7,297,1782,430,432,True,1
child,8.7-c3-s8,8.7,232,1243,351,353,True,1
child,8.7-c4-s1,8.7,302,1770,461,463,True,1
child,8.7-c4-s2,8.7,276,1640,423,425,True,1
child,8.7-c4-s3,8.7,297,1613,467,469,True,1
child,8.7-c4-s4,8.7,181,1049,289,291,True,1
child,8.7-c5-s1,8.7,190,1151,284,286,True,1
child,8.7-c5-s2,8.7,227,1216,389,391,True,1
child,8.7-c6-s1,8.7,16,100,22,24,False,1
child,8.7-c6-s2,8.7,325,1765,455,457,True,1
child,8.7-c6-s3,8.7,277,1467,403,405,True,1
child,8.7-c6-s4,8.7,126,687,191,193,False,1
child,8.7-c6-s5,8.7,141,806,210,212,False,1
child,8.7-c7-s1,8.7,313,1820,462,464,True,1
child,8.7-c7-s2,8.7,294,1652,451,453,True,1
child,8.7-c7-s3,8.7,117,679,165,167,False,1
child,8.7-c7-s4,8.7,355,1917,493,495,True,1
child,8.7-c7-s5,8.7,67,400,75,77,False,1
child,8.7-c7-s6,8.7,159,949,224,226,False,1
child,8.7-c7-s7,8.7,279,1516,370,372,True,1
child,8.7-c7-s8,8.7,303,1685,438,440,True,1
child,8.7-c7-s9,8.7,62,346,92,94,False,1
child,8.7.1-c1-s1,8.7.1,121,796,191,193,False,1
child,8.7.1-c1-s2,8.7.1,391,2442,551,553,True,1
child,8.7.1-c1-s3,8.7.1,124,757,174,176,False,1
child,8.7.2-c1-s1,8.7.2,134,834,189,191,False,1
child,8.7.2-c1-s2,8.7.2,409,2460,561,563,True,1
child,8.7.2-c1-s3,8.7.2,142,858,194,196,False,1
child,8.8-c1-s1,8.8,305,1790,454,456,True,1
child,8.8-c1-s2,8.8,211,1138,293,295,True,1
child,8.8-c2-s1,8.8,81,498,118,120,False,1
child,8.8-c3-s1,8.8,4,24,10,12,False,1
child,8.8-c3-s2,8.8,299,1604,494,496,True,1
child,8.8-c3-s3,8.8,181,993,295,297,True,1
child,8.8-c3-s4,8.8,233,1277,316,318,True,1
child,8.8-c4-s1,8.8,100,581,152,154,False,1
child,8.8-c4-s2,8.8,300,1668,477,479,True,1
child,8.8-c4-s3,8.8,72,438,101,103,False,1
child,8.8-c4-s4,8.8,331,1834,502,504,True,1
child,8.8-c4-s5,8.8,306,1748,512,514,True,1
child,8.8-c4-s6,8.8,130,710,255,257,True,1
child,8.8-c4-s7,8.8,254,1449,443,445,True,1
child,8.8-c4-s8,8.8,214,1183,331,333,True,1
child,8.8-c4-s9,8.8,292,1581,438,440,True,1
child,8.8-c4-s10,8.8,335,1903,509,511,True,1
child,8.8-c4-s11,8.8,266,1543,336,338,True,1
child,8.8-c4-s12,8.8,135,799,189,191,False,1
child,8.8-c5-s1,8.8,217,1198,309,311,True,1
child,8.8-c6-s1,8.8,79,424,111,113,False,1
child,8.8-c6-s2,8.8,253,1375,436,438,True,1
child,8.8-c6-s3,8.8,328,1868,505,507,True,1
child,8.8-c6-s4,8.8,286,1532,452,454,True,1
child,8.8-c6-s5,8.8,313,1772,434,436,True,1
child,8.8-c6-s6,8.8,251,1338,339,341,True,1
child,8.8-c7-s1,8.8,304,1711,451,453,True,1
child,8.8-c7-s2,8.8,323,1803,448,450,True,1
child,8.8-c7-s3,8.8,358,2049,494,496,True,1
child,8.8-c7-s4,8.8,342,1926,458,460,True,1
child,8.9-c1-s1,8.9,150,916,214,216,False,1
child,8.9-c2-s1,8.9,166,920,208,210,False,1
child,8.9-c3-s1,8.9,61,365,79,81,False,1
child,8.9-c4-s1,8.9,143,848,217,219,False,1
child,8.9-c5-s1,8.9,78,436,110,112,False,1
child,8.9-c6-s1,8.9,79,472,111,113,False,1
child,8.9-c7-s1,8.9,295,1759,406,408,True,1
child,8.9-c7-s2,8.9,105,686,127,129,False,1
child,8.9-c7-s3,8.9,299,1823,427,429,True,1
child,8.9-c7-s4,8.9,89,529,123,125,False,1
child,8.9-c7-s5,8.9,337,1995,504,506,True,1
child,8.9-c7-s6,8.9,95,487,158,160,False,1
child,8.9-c7-s7,8.9,16,92,19,21,False,1
child,8.9-c7-s8,8.9,313,1813,465,467,True,1
child,8.9-c7-s9,8.9,173,966,238,240,False,1
child,8.9-c7-s10,8.9,19,112,22,24,False,1
child,8.9-c7-s11,8.9,351,2131,454,456,True,1
child,8.9-c7-s12,8.9,317,1803,445,447,True,1
child,8.9-c7-s13,8.9,179,1169,262,264,True,1
child,8.9-c7-s14,8.9,278,1731,404,406,True,1
child,8.9-c7-s15,8.9,308,1858,402,404,True,1
child,8.9-c7-s16,8.9,278,1665,445,447,True,1
child,8.9-c7-s17,8.9,358,2213,472,474,True,1
child,8.9-c7-s18,8.9,359,2111,486,488,True,1
child,8.9-c8-s1,8.9,169,995,208,210,False,1
child,8.9-c9-s1,8.9,222,1363,314,316,True,1
child,8.9-c10-s1,8.9,302,1768,378,380,True,1
child,8.9-c10-s2,8.9,309,1946,418,420,True,1
child,8.9-c11-s1,8.9,374,2079,471,473,True,1
child,8.9-c11-s2,8.9,226,1319,284,286,True,1
child,8.9-c12-s1,8.9,200,1233,259,261,True,1
child,8.9-c13-s1,8.9,8,39,10,12,False,1
child,8.9-c13-s2,8.9,343,1910,479,481,True,1
child,8.9-c13-s3,8.9,27,131,41,43,False,1
child,8.9-c14-s1,8.9,311,1668,401,403,True,1
child,8.9.1-c1-s1,8.9.1,367,2140,449,451,True,1
child,8.9.1-c1-s2,8.9.1,111,714,126,128,False,1
child,8.9.1-c2-s1,8.9.1,249,1513,287,289,True,1
child,8.9.2-c1-s1,8.9.2,311,1870,416,418,True,1
child,8.9.2-c2-s1,8.9.2,235,1477,350,352,True,1
child,8.9.2-c3-s1,8.9.2,342,2170,498,500,True,1
child,8.9.2-c4-s1,8.9.2,107,677,154,156,False,1
child,8.9.2-c5-s1,8.9.2,357,2305,494,496,True,1
child,8.9.2-c5-s2,8.9.2,192,1181,255,257,True,1
child,8.9.2-c6-s1,8.9.2,384,2499,526,528,True,1
child,8.9.2-c6-s2,8.9.2,61,439,102,104,False,1
child,8.9.2-c7-s1,8.9.2,252,1649,387,389,True,1
child,8.9.2-c8-s1,8.9.2,325,2112,446,448,True,1
child,8.9.2-c9-s1,8.9.2,337,2120,453,455,True,1
child,8.9.2-c10-s1,8.9.2,244,1514,377,379,True,1
child,8.10-c1-s1,8.10,152,927,218,220,False,1
child,8.10-c2-s1,8.10,177,994,224,226,False,1
child,8.10-c3-s1,8.10,216,1269,292,294,True,1
child,8.10-c4-s1,8.10,147,874,219,221,False,1
child,8.10-c5-s1,8.10,78,437,117,119,False,1
child,8.10-c6-s1,8.10,140,783,201,203,False,1
child,8.10-c7-s1,8.10,336,2100,433,435,True,1
child,8.10-c7-s2,8.10,355,2154,503,505,True,1
child,8.10-c7-s3,8.10,342,2017,500,502,True,1
child,8.10-c7-s4,8.10,98,494,160,162,False,1
child,8.10-c7-s5,8.10,16,92,19,21,False,1
child,8.10-c7-s6,8.10,320,1833,484,486,True,1
child,8.10-c7-s7,8.10,90,500,117,119,False,1
child,8.10-c7-s8,8.10,19,112,22,24,False,1
child,8.10-c7-s9,8.10,352,2127,452,454,True,1
child,8.10-c7-s10,8.10,317,1799,442,444,True,1
child,8.10-c7-s11,8.10,214,1371,290,292,True,1
child,8.10-c7-s12,8.10,284,1679,441,443,True,1
child,8.10-c7-s13,8.10,103,600,155,157,False,1
child,8.10-c7-s14,8.10,314,1959,416,418,True,1
child,8.10-c7-s15,8.10,361,2104,485,487,True,1
child,8.10-c8-s1,8.10,100,593,145,147,False,1
child,8.10-c8-s2,8.10,302,1775,383,385,True,1
child,8.10-c9-s1,8.10,286,1751,409,411,True,1
child,8.10-c10-s1,8.10,284,1648,363,365,True,1
child,8.10-c10-s2,8.10,310,1933,429,431,True,1
child,8.10-c11-s1,8.10,374,2079,472,474,True,1
child,8.10-c11-s2,8.10,226,1319,284,286,True,1
child,8.10-c12-s1,8.10,202,1254,268,270,True,1
child,8.10-c13-s1,8.10,8,39,10,12,False,1
child,8.10-c13-s2,8.10,343,1904,475,477,True,1
child,8.10-c13-s3,8.10,27,129,41,43,False,1
child,8.10-c14-s1,8.10,311,1670,402,404,True,1
child,8.10.1-c1-s1,8.10.1,366,2160,454,456,True,1
child,8.10.1-c1-s2,8.10.1,111,714,126,128,False,1
child,8.10.1-c2-s1,8.10.1,249,1513,285,287,True,1
child,8.10.2-c1-s1,8.10.2,354,2173,504,506,True,1
child,8.10.2-c2-s1,8.10.2,235,1482,350,352,True,1
child,8.10.2-c3-s1,8.10.2,340,2180,508,510,True,1
child,8.10.2-c4-s1,8.10.2,108,686,159,161,False,1
child,8.10.2-c5-s1,8.10.2,355,2315,504,506,True,1
child,8.10.2-c5-s2,8.10.2,192,1181,255,257,True,1
child,8.10.2-c6-s1,8.10.2,367,2423,522,524,True,1
child,8.10.2-c6-s2,8.10.2,83,570,125,127,False,1
child,8.10.2-c7-s1,8.10.2,345,2292,492,494,True,1
child,8.10.2-c7-s2,8.10.2,80,547,122,124,False,1
child,8.10.2-c8-s1,8.10.2,325,2112,446,448,True,1
child,8.10.2-c9-s1,8.10.2,337,2119,453,455,True,1
child,8.10.2-c10-s1,8.10.2,244,1523,381,383,True,1
child,8.11-c1-s1,8.11,7,43,11,13,False,1
child,8.11-c1-s2,8.11,303,1789,397,399,True,1
child,8.11-c1-s3,8.11,27,196,56,58,False,1
child,8.11-c2-s1,8.11,252,1379,360,362,True,1
child,8.11-c3-s1,8.11,227,1162,351,353,True,1
child,8.11-c3-s2,8.11,363,2025,471,473,True,1
child,8.11-c3-s3,8.11,306,1544,453,455,True,1
child,8.11-c4-s1,8.11,162,850,226,228,False,1
child,8.11-c5-s1,8.11,340,1813,467,469,True,1
child,8.11-c5-s2,8.11,238,1331,351,353,True,1
child,8.11-c5-s3,8.11,324,1798,463,465,True,1
child,8.11-c5-s4,8.11,262,1508,367,369,True,1
child,8.11-c5-s5,8.11,379,2105,524,526,True,1
child,8.11-c5-s6,8.11,358,1919,475,477,True,1
child,8.11-c5-s7,8.11,166,965,205,207,False,1
child,8.11-c5-s8,8.11,393,2180,505,507,True,1
child,8.11-c5-s9,8.11,71,414,98,100,False,1
child,8.11-c5-s10,8.11,11,62,13,15,False,1
child,8.11-c5-s11,8.11,345,2060,478,480,True,1
child,8.11-c5-s12,8.11,203,1147,300,302,True,1
child,8.11-c6-s1,8.11,141,786,198,200,False,1
child,8.11-c7-s1,8.11,365,1973,505,507,True,1
child,8.11-c8-s1,8.11,337,1808,459,461,True,1
child,8.11-c8-s2,8.11,353,1896,475,477,True,1
child,8.11-c8-s3,8.11,293,1668,381,383,True,1
child,8.11-c8-s4,8.11,392,2156,503,505,True,1
child,8.11-c8-s5,8.11,55,311,72,74,False,1
child,8.11-c9-s1,8.11,176,914,226,228,False,1
child,8.11.1-c1-s1,8.11.1,326,1963,432,434,True,1
child,8.11.1-c2-s1,8.11.1,250,1561,342,344,True,1
child,8.11.1-c3-s1,8.11.1,97,631,161,163,False,1
child,8.11.1-c4-s1,8.11.1,275,1653,355,357,True,1
child,8.11.1-c5-s1,8.11.1,116,778,186,188,False,1
child,8.11.1-c6-s1,8.11.1,175,1115,250,252,False,1
child,8.11.1-c7-s1,8.11.1,236,1535,329,331,True,1
child,8.11.1-c8-s1,8.11.1,259,1579,336,338,True,1
child,8.11.1-c9-s1,8.11.1,198,1212,272,274,True,1
child,8.11.1-c10-s1,8.11.1,240,1459,366,368,True,1
child,8.12-c1-s1,8.12,183,1072,253,255,False,1
child,8.12-c2-s1,8.12,280,1697,377,379,True,1
child,8.12-c2-s2,8.12,236,1409,338,340,True,1
child,8.12-c2-s3,8.12,353,2085,498,500,True,1
child,8.12-c2-s4,8.12,274,1634,418,420,True,1
child,8.12-c2-s5,8.12,75,480,101,103,False,1
child,8.12-c2-s6,8.12,300,1727,460,462,True,1
child,8.12-c3-s1,8.12,139,822,203,205,False,1
child,8.12-c4-s1,8.12,127,732,186,188,False,1
child,8.12-c4-s2,8.12,295,1692,457,459,True,1
child,8.12-c4-s3,8.12,90,522,114,116,False,1
child,8.12-c4-s4,8.12,274,1587,454,456,True,1
child,8.12-c4-s5,8.12,283,1758,399,401,True,1
child,8.12-c4-s6,8.12,7,44,8,10,False,1
child,8.12-c4-s7,8.12,323,1808,486,488,True,1
child,8.12-c4-s8,8.12,273,1626,434,436,True,1
child,8.12-c4-s9,8.12,322,1832,522,524,True,1
child,8.12-c4-s10,8.12,10,58,12,14,False,1
child,8.12-c4-s11,8.12,316,1797,443,445,True,1
child,8.12-c4-s12,8.12,43,247,68,70,False,1
child,8.12-c4-s13,8.12,261,1502,422,424,True,1
child,8.12-c5-s1,8.12,368,2020,525,527,True,1
child,8.12-c6-s1,8.12,105,550,140,142,False,1
child,8.12-c7-s1,8.12,215,1258,305,307,True,1
child,8.12-c7-s2,8.12,282,1572,413,415,True,1
child,8.12-c7-s3,8.12,304,1712,412,414,True,1
child,8.12.1-c1-s1,8.12.1,393,2441,543,545,True,1
child,8.12.1-c2-s1,8.12.1,105,598,125,127,False,1
child,8.12.1-c3-s1,8.12.1,385,2373,520,522,True,1
child,8.12.1-c3-s2,8.12.1,189,1104,233,235,False,1
child,8.12.1-c4-s1,8.12.1,381,2368,508,510,True,1
child,8.12.1-c4-s2,8.12.1,53,325,73,75,False,1
child,8.12.1-c5-s1,8.12.1,407,2506,538,540,True,1
child,8.12.1-c5-s2,8.12.1,305,1930,398,400,True,1
child,8.12.1-c6-s1,8.12.1,191,1157,287,289,True,1
child,8.12.2-c1-s1,8.12.2,124,782,195,197,False,1
child,8.12.2-c1-s2,8.12.2,341,2039,460,462,True,1
child,8.13-c1-s1,8.13,97,587,142,144,False,1
child,8.13-c2-s1,8.13,207,1118,268,270,True,1
child,8.13-c3-s1,8.13,59,333,85,87,False,1
child,8.13-c4-s1,8.13,42,220,56,58,False,1
child,8.13-c5-s1,8.13,107,625,140,142,False,1
child,8.13.1-c1-s1,8.13.1,274,1532,324,326,True,1
child,8.13.1-c2-s1,8.13.1,196,1224,289,291,True,1
child,8.14-c1-s1,8.14,141,841,202,204,False,1
child,8.14-c2-s1,8.14,110,637,156,158,False,1
child,8.14-c3-s1,8.14,30,183,39,41,False,1
child,8.14-c4-s1,8.14,285,1706,397,399,True,1
child,8.14-c5-s1,8.14,43,259,62,64,False,1
child,8.14-c6-s1,8.14,64,402,89,91,False,1
child,8.14-c7-s1,8.14,44,238,61,63,False,1
child,8.14-c8-s1,8.14,274,1630,377,379,True,1
child,8.14-c8-s2,8.14,245,1465,382,384,True,1
child,8.14-c9-s1,8.14,241,1324,339,341,True,1
child,8.14-c10-s1,8.14,73,416,92,94,False,1
child,8.14-c11-s1,8.14,310,1776,427,429,True,1
child,8.14-c11-s2,8.14,332,1982,476,478,True,1
child,8.14.1-c1-s1,8.14.1,192,1158,292,294,True,1
child,8.14.1-c2-s1,8.14.1,300,1659,336,338,True,1
child,8.14.1-c3-s1,8.14.1,150,900,211,213,False,1
child,8.14.1-c4-s1,8.14.1,137,860,194,196,False,1
child,8.14.1-c5-s1,8.14.1,358,2114,441,443,True,1
child,8.14.1-c6-s1,8.14.1,233,1456,308,310,True,1
child,8.14.1-c7-s1,8.14.1,209,1296,269,271,True,1
child,8.14.1-c8-s1,8.14.1,122,771,186,188,False,1
child,8.14.1-c9-s1,8.14.1,185,1096,252,254,False,1
child,8.14.2-c1-s1,8.14.2,178,1080,261,263,True,1
child,8.14.2-c2-s1,8.14.2,315,1735,349,351,True,1
child,8.14.2-c3-s1,8.14.2,158,973,229,231,False,1
child,8.14.2-c4-s1,8.14.2,46,298,83,85,False,1
child,8.14.2-c5-s1,8.14.2,401,2530,539,541,True,1
child,8.14.2-c5-s2,8.14.2,78,498,109,111,False,1
child,8.14.2-c6-s1,8.14.2,235,1472,311,313,True,1
child,8.14.2-c7-s1,8.14.2,210,1302,270,272,True,1
child,8.14.2-c8-s1,8.14.2,122,771,186,188,False,1
child,8.14.2-c9-s1,8.14.2,201,1194,276,278,True,1
child,8.14.3-c1-s1,8.14.3,179,1081,254,256,False,1
child,8.14.3-c2-s1,8.14.3,321,1809,355,357,True,1
child,8.14.3-c3-s1,8.14.3,186,1122,263,265,True,1
child,8.14.3-c4-s1,8.14.3,49,337,86,88,False,1
child,8.14.3-c5-s1,8.14.3,63,384,104,106,False,1
child,8.14.3-c6-s1,8.14.3,102,647,153,155,False,1
child,8.14.3-c7-s1,8.14.3,401,2530,539,541,True,1
child,8.14.3-c7-s2,8.14.3,78,498,109,111,False,1
child,8.14.3-c8-s1,8.14.3,236,1488,312,314,True,1
child,8.14.3-c9-s1,8.14.3,212,1328,272,274,True,1
child,8.14.3-c10-s1,8.14.3,122,771,186,188,False,1
child,8.14.3-c11-s1,8.14.3,232,1356,313,315,True,1
child,8.15-c1-s1,8.15,311,1865,418,420,True,1
child,8.15-c2-s1,8.15,250,1492,356,358,True,1
child,8.15-c2-s2,8.15,249,1479,346,348,True,1
child,8.15-c3-s1,8.15,79,468,111,113,False,1
child,8.15-c4-s1,8.15,7,44,8,10,False,1
child,8.15-c4-s2,8.15,345,2092,460,462,True,1
child,8.15-c4-s3,8.15,101,587,118,120,False,1
child,8.15-c4-s4,8.15,90,510,109,111,False,1
child,8.15-c4-s5,8.15,282,1601,425,427,True,1
child,8.15-c4-s6,8.15,362,2157,472,474,True,1
child,8.15-c4-s7,8.15,215,1217,284,286,True,1
child,8.15-c4-s8,8.15,89,517,160,162,False,1
child,9.1.1-c1-s1,9.1.1,79,593,121,123,False,1
child,9.1.1-c2-s1,9.1.1,62,398,103,105,False,1
child,9.1.1-c3-s1,9.1.1,212,1290,304,306,True,1
child,9.1.1-c4-s1,9.1.1,130,861,226,228,False,1
child,9.1.1-c5-s1,9.1.1,237,1422,358,360,True,1
child,9.1.1-c5-s2,9.1.1,241,1368,358,360,True,1
child,9.1.1-c5-s3,9.1.1,312,1931,485,487,True,1
child,9.1.1-c5-s4,9.1.1,40,212,51,53,False,1
child,9.1.1-c5-s5,9.1.1,340,2050,485,487,True,1
child,9.1.1-c5-s6,9.1.1,298,1650,423,425,True,1
child,9.1.1-c5-s7,9.1.1,139,809,210,212,False,1
child,9.1.1-c6-s1,9.1.1,250,1577,393,395,True,1
child,9.1.1-c7-s1,9.1.1,77,481,119,121,False,1
child,9.1.1-c8-s1,9.1.1,122,828,206,208,False,1
child,9.1.1-c9-s1,9.1.1,34,219,61,63,False,1
child,9.1.1-c10-s1,9.1.1,298,1961,425,427,True,1
child,9.1.1-c10-s2,9.1.1,293,1889,408,410,True,1
child,9.1.1-c10-s3,9.1.1,111,676,162,164,False,1
child,9.1.1-c11-s1,9.1.1,267,1561,359,361,True,1
child,9.1.1-c12-s1,9.1.1,120,726,170,172,False,1
child,9.1.1-c12-s2,9.1.1,314,1801,461,463,True,1
child,9.1.1-c12-s3,9.1.1,248,1481,320,322,True,1
child,9.1.1.1-c1-s1,9.1.1.1,179,1183,253,255,False,1
child,9.1.1.1-c2-s1,9.1.1.1,193,1180,235,237,False,1
child,9.1.1.1-c3-s1,9.1.1.1,168,1096,226,228,False,1
child,9.1.1.1-c4-s1,9.1.1.1,279,1680,360,362,True,1
child,9.1.1.1-c5-s1,9.1.1.1,298,2058,426,428,True,1
child,9.1.1.1-c5-s2,9.1.1.1,417,2679,533,535,True,1
child,9.1.1.1-c5-s3,9.1.1.1,388,2404,507,509,True,1
child,9.1.1.1-c5-s4,9.1.1.1,353,2303,471,473,True,1
child,9.1.1.1-c5-s5,9.1.1.1,298,2005,424,426,True,1
child,9.1.1.1-c6-s1,9.1.1.1,152,985,215,217,False,1
child,9.1.1.1-c7-s1,9.1.1.1,109,723,165,167,False,1
child,9.1.1.2-c1-s1,9.1.1.2,350,2244,535,537,True,1
child,9.1.1.2-c1-s2,9.1.1.2,86,614,183,185,False,1
child,9.1.1.3-c1-s1,9.1.1.3,139,865,188,190,False,1
child,9.1.1.3-c2-s1,9.1.1.3,193,1180,235,237,False,1
child,9.1.1.3-c3-s1,9.1.1.3,168,1096,226,228,False,1
child,9.1.1.3-c4-s1,9.1.1.3,274,1661,355,357,True,1
child,9.1.1.3-c5-s1,9.1.1.3,152,987,217,219,False,1
child,9.1.1.3-c6-s1,9.1.1.3,89,554,125,127,False,1
child,9.1.1.4-c1-s1,9.1.1.4,362,2204,526,528,True,1
child,9.1.1.4-c1-s2,9.1.1.4,5,26,7,9,False,1
child,9.1.2-c1-s1,9.1.2,150,1099,233,235,False,1
child,9.1.2-c2-s1,9.1.2,148,936,201,203,False,1
child,9.1.2-c3-s1,9.1.2,14,103,17,19,False,1
child,9.1.2-c4-s1,9.1.2,100,694,132,134,False,1
child,9.1.2-c5-s1,9.1.2,218,1369,334,336,True,1
child,9.1.2-c6-s1,9.1.2,31,192,40,42,False,1
child,9.1.2-c6-s2,9.1.2,315,1932,438,440,True,1
child,9.1.2-c6-s3,9.1.2,306,1826,444,446,True,1
child,9.1.2-c6-s4,9.1.2,355,2037,481,483,True,1
child,9.1.2-c6-s5,9.1.2,90,514,119,121,False,1
child,9.1.2-c6-s6,9.1.2,131,796,171,173,False,1
child,9.1.2-c7-s1,9.1.2,333,1868,430,432,True,1
child,9.1.2-c7-s2,9.1.2,267,1599,340,342,True,1
child,9.1.2-c8-s1,9.1.2,242,1465,348,350,True,1
child,9.1.2-c8-s2,9.1.2,146,879,199,201,False,1
child,9.1.2-c8-s3,9.1.2,234,1416,319,321,True,1
child,9.1.2-c9-s1,9.1.2,191,1090,255,257,True,1
child,9.1.2-c9-s2,9.1.2,388,2230,500,502,True,1
child,9.1.2-c10-s1,9.1.2,301,1836,468,470,True,1
child,9.1.2-c11-s1,9.1.2,27,187,50,52,False,1
child,9.1.2-c12-s1,9.1.2,346,2148,433,435,True,1
child,9.1.2-c12-s2,9.1.2,381,2397,521,523,True,1
child,9.1.2-c12-s3,9.1.2,270,1659,385,387,True,1
child,9.1.2-c13-s1,9.1.2,297,1871,437,439,True,1
child,9.1.2-c13-s2,9.1.2,104,635,150,152,False,1
child,9.1.2-c13-s3,9.1.2,328,1937,420,422,True,1
child,9.1.2-c13-s4,9.1.2,95,559,117,119,False,1
child,9.1.2.1-c1-s1,9.1.2.1,230,1481,283,285,True,1
child,9.1.2.1-c2-s1,9.1.2.1,423,2583,503,505,True,1
child,9.1.2.1-c2-s2,9.1.2.1,81,512,98,100,False,1
child,9.1.2.1-c3-s1,9.1.2.1,262,1655,332,334,True,1
child,9.1.2.1-c4-s1,9.1.2.1,156,1038,188,190,False,1
child,9.1.2.1-c5-s1,9.1.2.1,279,1678,344,346,True,1
child,9.1.2.1-c6-s1,9.1.2.1,291,1925,368,370,True,1
child,9.1.2.1-c6-s2,9.1.2.1,429,2711,518,520,True,1
child,9.1.2.1-c6-s3,9.1.2.1,78,521,97,99,False,1
child,9.1.2.1-c6-s4,9.1.2.1,375,2343,445,447,True,1
child,9.1.2.1-c6-s5,9.1.2.1,233,1481,289,291,True,1
child,9.1.2.1-c7-s1,9.1.2.1,24,161,35,37,False,1
child,9.1.2.1-c7-s2,9.1.2.1,397,2327,473,475,True,1
child,9.1.2.1-c7-s3,9.1.2.1,158,971,180,182,False,1
child,9.1.2.1-c7-s4,9.1.2.1,126,794,161,163,False,1
child,9.1.2.1-c8-s1,9.1.2.1,120,753,152,154,False,1
child,9.1.2.2-c1-s1,9.1.2.2,116,761,152,154,False,1
child,9.1.2.2-c1-s2,9.1.2.2,340,2041,514,516,True,1
child,9.1.2.2-c1-s3,9.1.2.2,55,316,82,84,False,1
child,9.1.2.2-c1-s4,9.1.2.2,5,26,7,9,False,1
child,9.1.2.3-c1-s1,9.1.2.3,211,1306,251,253,False,1
child,9.1.2.3-c2-s1,9.1.2.3,423,2585,504,506,True,1
child,9.1.2.3-c2-s2,9.1.2.3,81,512,98,100,False,1
child,9.1.2.3-c3-s1,9.1.2.3,266,1673,336,338,True,1
child,9.1.2.3-c4-s1,9.1.2.3,156,1038,188,190,False,1
child,9.1.2.3-c5-s1,9.1.2.3,285,1714,352,354,True,1
child,9.1.2.3-c6-s1,9.1.2.3,24,161,35,37,False,1
child,9.1.2.3-c6-s2,9.1.2.3,452,2648,532,534,True,1
child,9.1.2.3-c6-s3,9.1.2.3,78,479,89,91,False,1
child,9.1.2.3-c6-s4,9.1.2.3,126,792,161,163,False,1
child,9.1.2.3-c7-s1,9.1.2.3,124,753,150,152,False,1
child,9.1.2.4-c1-s1,9.1.2.4,88,552,110,112,False,1
child,9.1.2.4-c1-s2,9.1.2.4,354,1982,466,468,True,1
child,9.2-c1-s1,9.2,67,450,104,106,False,1
child,9.2-c2-s1,9.2,301,1743,420,422,True,1
child,9.2-c2-s2,9.2,180,1103,241,243,False,1
child,9.2-c2-s3,9.2,376,2034,481,483,True,1
child,9.2-c2-s4,9.2,294,1643,393,395,True,1
child,9.2-c2-s5,9.2,286,1591,383,385,True,1
child,9.2-c3-s1,9.2,95,563,128,130,False,1
child,9.2-c4-s1,9.2,45,288,70,72,False,1
child,9.2.1-c1-s1,9.2.1,279,1694,358,360,True,1
child,9.2.1-c2-s1,9.2.1,189,1148,251,253,False,1
child,9.2.1-c3-s1,9.2.1,35,202,48,50,False,1
child,9.2.1-c4-s1,9.2.1,102,573,118,120,False,1
child,9.2.1-c5-s1,9.2.1,336,1895,410,412,True,1
child,9.2.1-c6-s1,9.2.1,15,107,21,23,False,1
child,9.2.1-c7-s1,9.2.1,110,614,141,143,False,1
child,9.2.2-c1-s1,9.2.2,86,529,114,116,False,1
child,9.2.2-c1-s2,9.2.2,365,1896,447,449,True,1
child,9.2.2-c1-s3,9.2.2,12,61,14,16,False,1
child,9.2.2-c1-s4,9.2.2,5,31,6,8,False,1
child,9.3-c1-s1,9.3,74,476,109,111,False,1
child,9.3-c2-s1,9.3,85,554,111,113,False,1
child,9.3-c3-s1,9.3,156,893,195,197,False,1
child,9.3.1-c1-s1,9.3.1,307,1833,384,386,True,1
child,9.3.1-c2-s1,9.3.1,198,1181,254,256,False,1
child,9.3.1-c3-s1,9.3.1,40,241,51,53,False,1
child,9.3.1-c4-s1,9.3.1,114,639,133,135,False,1
child,9.3.1-c5-s1,9.3.1,349,2026,430,432,True,1
child,9.3.1-c6-s1,9.3.1,15,107,21,23,False,1
child,9.3.1-c7-s1,9.3.1,132,739,159,161,False,1
child,9.3.2-c1-s1,9.3.2,106,619,135,137,False,1
child,9.3.2-c1-s2,9.3.2,353,1864,427,429,True,1
child,9.3.2-c1-s3,9.3.2,84,453,102,104,False,1
child,9.3.2-c1-s4,9.3.2,5,31,6,8,False,1
child,9.4-c1-s1,9.4,261,1675,326,328,True,1
child,9.4-c2-s1,9.4,77,475,107,109,False,1
child,9.4-c3-s1,9.4,232,1404,330,332,True,1
child,9.4-c4-s1,9.4,317,1914,429,431,True,1
child,9.4-c5-s1,9.4,25,149,34,36,False,1
child,9.4-c5-s2,9.4,368,1940,466,468,True,1
child,9.4-c5-s3,9.4,148,775,186,188,False,1
child,9.4-c5-s4,9.4,337,2090,442,444,True,1
child,9.4-c6-s1,9.4,166,900,209,211,False,1
child,9.4-c7-s1,9.4,149,905,196,198,False,1
child,9.4-c7-s2,9.4,363,2384,520,522,True,1
child,9.4-c7-s3,9.4,112,749,149,151,False,1
child,9.4-c7-s4,9.4,137,843,194,196,False,1
child,9.4-c8-s1,9.4,97,618,137,139,False,1
child,9.4.1-c1-s1,9.4.1,228,1444,299,301,True,1
child,9.4.1-c2-s1,9.4.1,50,342,64,66,False,1
child,9.4.1-c3-s1,9.4.1,195,1175,223,225,False,1
child,9.4.1-c4-s1,9.4.1,171,978,207,209,False,1
child,9.4.1-c5-s1,9.4.1,117,731,154,156,False,1
child,9.4.1-c6-s1,9.4.1,19,119,31,33,False,1
child,9.4.1-c7-s1,9.4.1,105,627,120,122,False,1
child,10.1-c1-s1,10.1,352,2067,476,478,True,1
child,10.1-c2-s1,10.1,11,65,15,17,False,1
child,10.1-c2-s2,10.1,335,1830,458,460,True,1
child,10.1-c2-s3,10.1,162,969,192,194,False,1
child,10.1-c3-s1,10.1,361,2089,463,465,True,1
child,10.1-c4-s1,10.1,250,1411,368,370,True,1
child,10.1-c4-s2,10.1,374,2115,473,475,True,1
child,10.1-c4-s3,10.1,324,1819,440,442,True,1
child,10.1-c4-s4,10.1,131,716,185,187,False,1
child,10.1-c4-s5,10.1,334,1913,468,470,True,1
child,10.1-c4-s6,10.1,151,891,210,212,False,1
child,10.2-c1-s1,10.2,154,915,201,203,False,1
child,10.2-c2-s1,10.2,65,367,82,84,False,1
child,10.2-c3-s1,10.2,230,1314,309,311,True,1
child,10.2-c4-s1,10.2,61,368,85,87,False,1
child,10.2-c5-s1,10.2,215,1255,291,293,True,1
child,10.2-c6-s1,10.2,140,789,180,182,False,1
child,10.2-c7-s1,10.2,170,995,221,223,False,1
child,10.2.1-c1-s1,10.2.1,234,1307,294,296,True,1
child,10.2.1-c2-s1,10.2.1,221,1222,253,255,False,1
child,10.2.1-c2-s2,10.2.1,220,1234,280,282,True,1
child,10.2.1-c3-s1,10.2.1,206,1168,254,256,False,1
child,10.2.1-c4-s1,10.2.1,326,1907,399,401,True,1
child,10.2.1-c5-s1,10.2.1,373,2017,448,450,True,1
child,10.2.1-c5-s2,10.2.1,179,983,228,230,False,1
child,10.2.1-c6-s1,10.2.1,402,2393,491,493,True,1
child,10.2.1-c6-s2,10.2.1,193,1117,220,222,False,1
child,11-c1-s1,11,425,2715,512,514,True,1
child,11-c1-s2,11,399,2303,501,503,True,1
child,11-c1-s3,11,310,1772,400,402,True,1
child,11-c1-s4,11,312,1851,395,397,True,1
child,11-c1-s5,11,353,2093,425,427,True,1
child,11-c2-s1,11,313,1961,384,386,True,1
child,11-c2-s2,11,245,1564,279,281,True,1
child,11-c3-s1,11,6,40,7,9,False,1
child,11-c3-s2,11,412,2499,488,490,True,1
child,11-c3-s3,11,139,828,157,159,False,1
child,11-c3-s4,11,5,29,7,9,False,1
child,11.1-c1-s1,11.1,204,1173,248,250,False,1
child,11.1-c2-s1,11.1,207,1240,286,288,True,1
child,11.1-c3-s1,11.1,208,1239,279,281,True,1
child,11.1-c4-s1,11.1,37,278,68,70,False,1
child,11.1-c5-s1,11.1,219,1214,248,250,False,1
child,11.1-c6-s1,11.1,91,520,126,128,False,1
child,11.1-c7-s1,11.1,196,1012,223,225,False,1
child,11.1-c8-s1,11.1,73,405,87,89,False,1
child,11.1-c9-s1,11.1,367,2134,466,468,True,1
child,11.1-c9-s2,11.1,71,396,81,83,False,1
child,11.1-c10-s1,11.1,344,2004,425,427,True,1
child,11.1-c10-s2,11.1,160,934,195,197,False,1
child,11.1-c11-s1,11.1,369,2083,425,427,True,1
child,11.1-c12-s1,11.1,276,1611,329,331,True,1
child,11.1-c13-s1,11.1,238,1316,273,275,True,1
child,11.1-c14-s1,11.1,100,633,136,138,False,1
child,11.1-c15-s1,11.1,264,1598,362,364,True,1
child,11.1-c16-s1,11.1,299,1770,359,361,True,1
child,11.1-c17-s1,11.1,359,2060,428,430,True,1
child,11.1-c18-s1,11.1,362,2078,468,470,True,1
child,11.1-c19-s1,11.1,396,2401,512,514,True,1
child,11.1-c20-s1,11.1,366,2090,454,456,True,1
child,11.1-c21-s1,11.1,140,777,183,185,False,1
child,11.1-c22-s1,11.1,316,1739,380,382,True,1
child,11.2-c1-s1,11.2,266,1627,363,365,True,1
child,11.2-c2-s1,11.2,127,708,151,153,False,1
child,11.2-c3-s1,11.2,238,1445,286,288,True,1
child,11.2-c4-s1,11.2,48,236,56,58,False,1
child,11.3-c1-s1,11.3,278,1668,423,425,True,1
child,11.3-c1-s2,11.3,124,674,156,158,False,1
child,11.4-c1-s1,11.4,363,2221,511,513,True,1
child,11.4-c2-s1,11.4,157,893,190,192,False,1
child,11.4-c3-s1,11.4,152,919,200,202,False,1
child,11.4-c4-s1,11.4,198,1118,238,240,False,1
child,11.4-c5-s1,11.4,273,1582,338,340,True,1
child,11.4-c6-s1,11.4,48,235,55,57,False,1
child,B6.2.2-c1-s1,B6.2.2,325,1837,481,483,True,1
child,B7.3.3A-c1-s1,B7.3.3A,53,314,74,76,False,1
child,B7.3.3A-c1-s2,B7.3.3A,333,1928,442,444,True,1
child,B7.4.6.1-c1-s1,B7.4.6.1,314,2023,457,459,True,1
child,B7.4.6.1-c2-s1,B7.4.6.1,168,1041,247,249,False,1
child,B7.4.6.1-c3-s1,B7.4.6.1,350,2136,476,478,True,1
child,B7.4.6.1-c4-s1,B7.4.6.1,104,690,158,160,False,1
child,B7.4.6.1-c5-s1,B7.4.6.1,93,571,154,156,False,1
child,B7.7.2.2-c1-s1,B7.7.2.2,330,2110,513,515,True,1
child,B8.3.2-c1-s1,B8.3.2,371,2275,524,526,True,1
child,B9.4.1-c1-s1,B9.4.1,228,1444,299,301,True,1
child,B9.4.1-c2-s1,B9.4.1,50,342,64,66,False,1
child,B9.4.1-c3-s1,B9.4.1,195,1175,223,225,False,1
child,B9.4.1-c4-s1,B9.4.1,171,978,207,209,False,1
child,B9.4.1-c5-s1,B9.4.1,117,731,154,156,False,1
child,B9.4.1-c6-s1,B9.4.1,19,119,31,33,False,1
child,B9.4.1-c7-s1,B9.4.1,105,627,120,122,False,1
parent,1.1-c1,1.1,636,3798,792,794,True,2
parent,1.2-c1,1.2,321,1822,504,506,True,1
parent,1.2-c2,1.2,517,2959,670,672,True,4
parent,1.2.1-c1,1.2.1,361,2047,467,469,True,1
parent,1.2.1-c2,1.2.1,126,731,147,149,False,1
parent,1.2.1-c3,1.2.1,207,1113,236,238,False,1
parent,1.2.1-c4,1.2.1,79,440,104,106,False,1
parent,1.3-c1,1.3,232,1314,310,312,True,1
parent,1.3.1-c1,1.3.1,245,1348,284,286,True,1
parent,1.4-c1,1.4,288,1514,430,432,True,1
parent,1.4-c2,1.4,641,3409,931,933,True,3
parent,1.4-c3,1.4,144,762,191,193,False,1
parent,1.4.1-c1,1.4.1,145,758,173,175,False,1
parent,1.4.1-c2,1.4.1,602,3262,743,745,True,2
parent,1.5-c1,1.5,844,4698,1235,1237,True,4
parent,1.5-c2,1.5,249,1410,383,385,True,1
parent,1.5-c3,1.5,332,1816,447,449,True,1
parent,1.5-c4,1.5,255,1458,317,319,True,1
parent,1.5-c5,1.5,299,1657,385,387,True,1
parent,1.5-c6,1.5,265,1467,367,369,True,1
parent,1.5-c7,1.5,621,3491,911,913,True,3
parent,1.5-c8,1.5,329,1831,416,418,True,1
parent,1.5.1-c1,1.5.1,486,2725,595,597,True,3
parent,1.5.1-c2,1.5.1,120,684,146,148,False,1
parent,1.5.1-c3,1.5.1,611,3522,722,724,True,2
parent,1.5.1-c4,1.5.1,227,1343,263,265,True,1
parent,1.5.1-c5,1.5.1,630,3562,735,737,True,2
parent,1.5.1-c6,1.5.1,71,424,81,83,False,1
parent,1.6-c1,1.6,562,3193,827,829,True,4
parent,1.6.1-c1,1.6.1,408,2335,474,476,True,1
parent,1.7-c1,1.7,130,712,200,202,False,1
parent,1.7-c2,1.7,1174,6524,1809,1811,True,5
parent,1.7-c3,1.7,1290,7320,1923,1925,True,6
parent,1.7-c4,1.7,4717,26669,6849,6851,True,22
parent,1.7.1-c1,1.7.1,492,2864,604,606,True,2
parent,1.8-c1,1.8,319,1749,491,493,True,1
parent,1.8-c2,1.8,970,5344,1367,1369,True,4
parent,1.8-c3,1.8,134,818,201,203,False,1
parent,1.8.1-c1,1.8.1,186,1117,233,235,False,1
parent,1.8.2-c1,1.8.2,205,1201,246,248,False,1
parent,1.9-c1,1.9,214,1270,294,296,True,1
parent,1.9.1-c1,1.9.1,323,1915,405,407,True,1
parent,1.10-c1,1.10,897,5123,1137,1139,True,4
parent,1.10-c2,1.10,1347,7491,1891,1893,True,5
parent,1.10-c3,1.10,96,557,131,133,False,1
parent,1.10.1-c1,1.10.1,89,520,113,115,False,1
parent,1.10.1-c2,1.10.1,166,892,186,188,False,1
parent,1.10.1-c3,1.10.1,66,377,87,89,False,1
parent,1.10.1-c4,1.10.1,261,1328,291,293,True,1
parent,1.10.1-c5,1.10.1,35,206,46,48,False,1
parent,1.11-c1,1.11,20,160,37,39,False,1
parent,1.11-c2,1.11,136,712,159,161,False,1
parent,1.11-c3,1.11,597,3235,737,739,True,2
parent,1.11-c4,1.11,476,2645,563,565,True,2
parent,1.11-c5,1.11,121,680,141,143,False,1
parent,1.11-c6,1.11,611,3519,720,722,True,2
parent,1.11-c7,1.11,227,1346,266,268,True,1
parent,1.11-c8,1.11,700,3985,821,823,True,3
parent,1.11-c9,1.11,401,2290,462,464,True,1
parent,1.11-c10,1.11,485,2824,591,593,True,2
parent,1.11-c11,1.11,191,1152,239,241,False,1
parent,1.11-c12,1.11,210,1243,254,256,False,1
parent,1.11-c13,1.11,300,1783,395,397,True,1
parent,1.11-c14,1.11,319,1783,380,382,True,1
parent,1.11-c15,1.11,296,1537,339,341,True,1
parent,2.1-c1,2.1,241,1384,332,334,True,1
parent,2.1-c2,2.1,454,2514,564,566,True,2
parent,2.1-c3,2.1,88,467,121,123,False,1
parent,2.1-c4,2.1,123,670,165,167,False,1
parent,2.1-c5,2.1,138,795,202,204,False,1
parent,2.1-c6,2.1,297,1569,372,374,True,1
parent,2.1.1-c1,2.1.1,308,1913,414,416,True,1
parent,2.2-c1,2.2,332,1948,471,473,True,1
parent,2.2-c2,2.2,196,1041,282,284,True,1
parent,2.2-c3,2.2,49,294,56,58,False,1
parent,2.2-c4,2.2,3470,19708,4931,4933,True,17
parent,2.2-c5,2.2,248,1499,318,320,True,1
parent,2.2.1-c1,2.2.1,77,477,116,118,False,1
parent,2.2.2-c1,2.2.2,253,1420,307,309,True,1
parent,2.2.3-c1,2.2.3,186,1035,246,248,False,1
parent,2.3.1-c1,2.3.1,671,4050,989,991,True,3
parent,2.3.1-c2,2.3.1,185,1150,224,226,False,1
parent,2.3.1-c3,2.3.1,408,2483,497,499,True,1
parent,2.3.1.1-c1,2.3.1.1,149,927,202,204,False,1
parent,2.3.1.2-c1,2.3.1.2,106,678,131,133,False,1
parent,2.3.2-c1,2.3.2,115,724,170,172,False,1
parent,2.3.2-c2,2.3.2,214,1321,279,281,True,1
parent,2.3.2.1-c1,2.3.2.1,236,1450,321,323,True,1
parent,2.3.3-c1,2.3.3,156,990,220,222,False,1
parent,2.3.3-c2,2.3.3,1129,6526,1652,1654,True,4
parent,2.3.3-c3,2.3.3,701,4118,891,893,True,3
parent,2.3.3-c4,2.3.3,204,1286,266,268,True,1
parent,2.3.3.1-c1,2.3.3.1,214,1333,279,281,True,1
parent,2.3.3.2-c1,2.3.3.2,176,993,224,226,False,1
parent,2.3.3.3-c1,2.3.3.3,104,608,141,143,False,1
parent,2.3.4-c1,2.3.4,279,1628,320,322,True,1
parent,2.3.4.1-c1,2.3.4.1,187,1032,224,226,False,1
parent,2.4-c1,2.4,665,3971,874,876,True,4
parent,2.4.1-c1,2.4.1,288,1625,343,345,True,1
parent,2.5-c1,2.5,500,2957,621,623,True,2
parent,2.5-c2,2.5,163,965,219,221,False,1
parent,2.5.1-c1,2.5.1,402,2456,537,539,True,2
parent,2.5.2-c1,2.5.2,699,3894,795,797,True,3
parent,3.1-c1,3.1,343,2140,424,426,True,1
parent,3.1-c2,3.1,2419,14076,3181,3183,True,10
parent,3.1-c3,3.1,915,5463,1174,1176,True,3
parent,3.2-c1,3.2,627,3496,872,874,True,4
parent,3.2.1-c1,3.2.1,283,1561,323,325,True,1
parent,3.3.1-c1,3.3.1,208,1106,269,271,True,1
parent,3.3.1-c2,3.3.1,190,966,209,211,False,1
parent,3.3.1-c3,3.3.1,78,428,89,91,False,1
parent,3.4.1-c1,3.4.1,303,1781,393,395,True,1
parent,3.4.1-c2,3.4.1,237,1330,282,284,True,1
parent,3.5.1-c1,3.5.1,533,3126,670,672,True,3
parent,3.6-c1,3.6,242,1402,367,369,True,1
parent,3.6-c2,3.6,209,1263,315,317,True,1
parent,3.6-c3,3.6,3269,18933,4665,4667,True,15
parent,3.6-c4,3.6,984,5667,1361,1363,True,4
parent,3.6-c5,3.6,173,1042,240,242,False,1
parent,3.6.1-c1,3.6.1,495,2872,613,615,True,2
parent,3.6.2-c1,3.6.2,121,766,153,155,False,1
parent,3.7.1-c1,3.7.1,428,2500,528,530,True,2
parent,3.7.2-c1,3.7.2,181,1035,228,230,False,1
parent,3.7.3-c1,3.7.3,288,1701,383,385,True,1
parent,3.8.1-c1,3.8.1,307,1796,374,376,True,1
parent,3.8.2-c1,3.8.2,400,2286,485,487,True,1
parent,3.9-c1,3.9,4339,24230,6228,6230,True,20
parent,3.9-c2,3.9,551,3332,710,712,True,3
parent,3.9-c3,3.9,455,2656,593,595,True,3
parent,3.9-c4,3.9,225,1363,274,276,True,1
parent,3.9-c5,3.9,787,4364,1247,1249,True,4
parent,3.9-c6,3.9,464,2598,656,658,True,4
parent,3.9.1-c1,3.9.1,262,1463,307,309,True,1
parent,3.10-c1,3.10,527,3154,805,807,True,3
parent,3.10-c2,3.10,3187,17789,4411,4413,True,13
parent,3.10-c3,3.10,631,3597,845,847,True,3
parent,3.10-c4,3.10,662,3737,873,875,True,4
parent,3.11-c1,3.11,37,206,56,58,False,1
parent,3.11-c2,3.11,40,231,65,67,False,1
parent,3.11-c3,3.11,597,3398,871,873,True,3
parent,3.11-c4,3.11,1191,6639,1598,1600,True,5
parent,3.11.1-c1,3.11.1,279,1587,357,359,True,1
parent,3.11.2-c1,3.11.2,255,1616,355,357,True,1
parent,3.11.3-c1,3.11.3,306,1873,401,403,True,1
parent,3.11.4-c1,3.11.4,315,1851,400,402,True,1
parent,3.12-c1,3.12,612,3429,796,798,True,2
parent,3.12.1-c1,3.12.1,148,821,197,199,False,1
parent,3.12.2-c1,3.12.2,140,806,179,181,False,1
parent,3.12.3-c1,3.12.3,161,963,212,214,False,1
parent,3.12.4-c1,3.12.4,165,999,220,222,False,1
parent,3.13-c1,3.13,187,1158,230,232,False,1
parent,3.13-c2,3.13,363,2101,481,483,True,1
parent,3.13-c3,3.13,1366,7838,1791,1793,True,7
parent,3.13.1-c1,3.13.1,429,2362,487,489,True,1
parent,3.13.2-c1,3.13.2,166,879,201,203,False,1
parent,3.14.1-c1,3.14.1,493,3071,657,659,True,2
parent,3.14.2-c1,3.14.2,232,1423,315,317,True,1
parent,3.15.1-c1,3.15.1,171,941,202,204,False,1
parent,3.15.1-c2,3.15.1,92,504,113,115,False,1
parent,3.15.1-c3,3.15.1,60,325,77,79,False,1
parent,3.16-c1,3.16,310,1741,374,376,True,1
parent,3.16-c2,3.16,126,665,167,169,False,1
parent,3.16-c3,3.16,190,966,209,211,False,1
parent,3.16-c4,3.16,73,401,83,85,False,1
parent,3.16-c5,3.16,446,2573,556,558,True,2
parent,3.16-c6,3.16,504,2917,616,618,True,2
parent,3.16-c7,3.16,471,2759,591,593,True,2
parent,3.16-c8,3.16,343,2012,418,420,True,1
parent,3.16-c9,3.16,100,638,141,143,False,1
parent,3.16-c10,3.16,291,1739,395,397,True,1
parent,3.16-c11,3.16,253,1473,306,308,True,1
parent,3.16-c12,3.16,346,1968,417,419,True,1
parent,3.16-c13,3.16,246,1369,282,284,True,1
parent,3.16-c14,3.16,277,1523,344,346,True,1
parent,3.16-c15,3.16,243,1541,340,342,True,1
parent,3.16-c16,3.16,294,1800,388,390,True,1
parent,3.16-c17,3.16,313,1814,397,399,True,1
parent,3.16-c18,3.16,141,785,186,188,False,1
parent,3.16-c19,3.16,167,1011,219,221,False,1
parent,3.16-c20,3.16,170,1043,226,228,False,1
parent,3.16-c21,3.16,321,1765,387,389,True,1
parent,4.1-c1,4.1,244,1537,345,347,True,1
parent,4.1-c2,4.1,325,1852,379,381,True,1
parent,4.1-c3,4.1,640,3707,863,865,True,2
parent,4.1-c4,4.1,109,623,147,149,False,1
parent,4.1-c5,4.1,111,629,136,138,False,1
parent,4.1-c6,4.1,1177,6682,1516,1518,True,6
parent,4.1-c7,4.1,286,1696,351,353,True,1
parent,4.1.1-c1,4.1.1,344,2032,481,483,True,1
parent,4.1.2-c1,4.1.2,174,970,213,215,False,1
parent,4.2-c1,4.2,145,923,200,202,False,1
parent,4.2-c2,4.2,384,2418,514,516,True,2
parent,4.2-c3,4.2,314,1803,407,409,True,1
parent,4.2-c4,4.2,1065,6164,1494,1496,True,5
parent,4.2-c5,4.2,47,319,82,84,False,1
parent,4.2.1-c1,4.2.1,360,2276,424,426,True,1
parent,4.3-c1,4.3,109,653,159,161,False,1
parent,4.3-c2,4.3,2131,11966,3109,3111,True,10
parent,4.3-c3,4.3,710,4085,1006,1008,True,2
parent,4.3.1-c1,4.3.1,536,3099,684,686,True,2
parent,4.3.2-c1,4.3.2,609,3511,777,779,True,3
parent,4.3.3-c1,4.3.3,212,1225,281,283,True,1
parent,4.4-c1,4.4,346,2117,457,459,True,1
parent,4.4-c2,4.4,263,1429,388,390,True,1
parent,4.4-c3,4.4,911,5011,1300,1302,True,4
parent,4.4-c4,4.4,1096,6307,1448,1450,True,4
parent,4.4-c5,4.4,1379,7899,1759,1761,True,5
parent,4.4.1-c1,4.4.1,164,979,223,225,False,1
parent,4.4.2-c1,4.4.2,158,897,200,202,False,1
parent,4.5-c1,4.5,77,475,106,108,False,1
parent,4.5-c2,4.5,217,1197,321,323,True,1
parent,4.5-c3,4.5,77,494,116,118,False,1
parent,4.5-c4,4.5,49,273,59,61,False,1
parent,4.5-c5,4.5,1831,10196,2595,2597,True,9
parent,4.5-c6,4.5,226,1249,311,313,True,1
parent,4.5-c7,4.5,967,5407,1314,1316,True,4
parent,4.5-c8,4.5,232,1337,301,303,True,1
parent,4.5-c9,4.5,68,368,93,95,False,1
parent,4.5.1-c1,4.5.1,522,3169,757,759,True,2
parent,4.5.1-c2,4.5.1,269,1726,384,386,True,1
parent,4.5.2-c1,4.5.2,455,2689,642,644,True,2
parent,4.6-c1,4.6,649,3822,917,919,True,2
parent,4.6-c2,4.6,455,2743,587,589,True,2
parent,4.6-c3,4.6,1192,6497,1694,1696,True,6
parent,4.6-c4,4.6,2176,12745,3111,3113,True,10
parent,4.6-c5,4.6,92,569,118,120,False,1
parent,4.6-c6,4.6,2910,16823,4159,4161,True,13
parent,4.6-c7,4.6,576,3256,756,758,True,3
parent,4.6-c8,4.6,748,4163,962,964,True,3
parent,4.6-c9,4.6,577,3135,825,827,True,3
parent,4.6-c10,4.6,183,1102,230,232,False,1
parent,4.6.1-c1,4.6.1,145,908,194,196,False,1
parent,4.6.1-c2,4.6.1,202,1128,253,255,False,1
parent,4.6.1-c3,4.6.1,265,1646,351,353,True,1
parent,4.6.2-c1,4.6.2,384,2504,539,541,True,2
parent,4.6.3-c1,4.6.3,243,1535,313,315,True,1
parent,4.6.4-c1,4.6.4,435,2474,564,566,True,2
parent,4.7-c1,4.7,242,1541,361,363,True,1
parent,4.8-c1,4.8,105,625,133,135,False,1
parent,4.8-c2,4.8,215,1277,277,279,True,1
parent,4.8-c3,4.8,314,1886,409,411,True,1
parent,4.8-c4,4.8,101,582,132,134,False,1
parent,4.8.1-c1,4.8.1,86,533,123,125,False,1
parent,4.8.1-c2,4.8.1,264,1616,357,359,True,1
parent,4.8.1-c3,4.8.1,1224,7376,1661,1663,True,4
parent,4.8.1-c4,4.8.1,383,2299,507,509,True,1
parent,4.8.1-c5,4.8.1,169,963,224,226,False,1
parent,4.8.2-c1,4.8.2,161,986,208,210,False,1
parent,4.8.2-c2,4.8.2,336,2152,457,459,True,1
parent,4.8.3-c1,4.8.3,88,533,133,135,False,1
parent,4.8.3-c2,4.8.3,106,621,135,137,False,1
parent,4.8.3-c3,4.8.3,1656,9450,2344,2346,True,7
parent,4.8.3-c4,4.8.3,136,845,165,167,False,1
parent,4.8.4-c1,4.8.4,102,612,150,152,False,1
parent,4.8.4-c2,4.8.4,193,1179,249,251,False,1
parent,4.8.4-c3,4.8.4,138,798,172,174,False,1
parent,4.8.4-c4,4.8.4,191,1218,262,264,True,1
parent,4.8.4-c5,4.8.4,79,455,88,90,False,1
parent,4.9-c1,4.9,125,764,154,156,False,1
parent,4.9-c2,4.9,1842,10622,2665,2667,True,7
parent,4.9-c3,4.9,370,2188,477,479,True,1
parent,4.9-c4,4.9,333,1856,463,465,True,1
parent,4.9.1-c1,4.9.1,228,1356,276,278,True,1
parent,4.9.2-c1,4.9.2,149,891,180,182,False,1
parent,4.10-c1,4.10,78,474,103,105,False,1
parent,4.10-c2,4.10,190,1083,263,265,True,1
parent,4.10-c3,4.10,1400,7997,1926,1928,True,5
parent,4.10-c4,4.10,278,1563,376,378,True,1
parent,4.10-c5,4.10,226,1325,321,323,True,1
parent,4.10-c6,4.10,182,1042,243,245,False,1
parent,4.10-c7,4.10,383,2199,520,522,True,2
parent,4.10-c8,4.10,335,1967,450,452,True,1
parent,4.10.1-c1,4.10.1,333,1871,401,403,True,1
parent,4.11-c1,4.11,63,375,78,80,False,1
parent,4.11-c2,4.11,444,2454,634,636,True,3
parent,4.11-c3,4.11,78,469,120,122,False,1
parent,4.11-c4,4.11,102,592,135,137,False,1
parent,4.11-c5,4.11,156,863,243,245,False,1
parent,4.11-c6,4.11,1025,5935,1383,1385,True,6
parent,4.11-c7,4.11,284,1825,462,464,True,1
parent,4.11-c8,4.11,1503,8370,2169,2171,True,6
parent,4.11-c9,4.11,3846,21606,5394,5396,True,15
parent,4.11.1-c1,4.11.1,239,1396,288,290,True,1
parent,4.11.1-c2,4.11.1,300,1906,417,419,True,1
parent,4.11.1-c3,4.11.1,234,1487,308,310,True,1
parent,4.11.2-c1,4.11.2,155,965,202,204,False,1
parent,4.12-c1,4.12,268,1609,378,380,True,1
parent,4.12-c2,4.12,273,1631,432,434,True,1
parent,4.12-c3,4.12,566,3416,684,686,True,2
parent,4.12-c4,4.12,426,2569,590,592,True,2
parent,4.12-c5,4.12,126,829,210,212,False,1
parent,4.12-c6,4.12,569,3559,746,748,True,2
parent,4.12-c7,4.12,9196,54026,12632,12634,True,39
parent,4.12.1-c1,4.12.1,120,782,148,150,False,1
parent,4.12.1-c2,4.12.1,410,2571,513,515,True,1
parent,4.12.1-c3,4.12.1,185,1205,209,211,False,1
parent,4.12.1-c4,4.12.1,1034,6555,1261,1263,True,3
parent,4.12.1-c5,4.12.1,412,2584,514,516,True,1
parent,4.12.1-c6,4.12.1,79,472,92,94,False,1
parent,4.12.2-c1,4.12.2,886,5487,1088,1090,True,3
parent,4.12.3-c1,4.12.3,133,833,158,160,False,1
parent,4.12.4-c1,4.12.4,144,864,167,169,False,1
parent,4.12.5-c1,4.12.5,110,639,134,136,False,1
parent,4.13.1-c1,4.13.1,715,4435,1102,1104,True,3
parent,4.13.1-c2,4.13.1,609,3644,811,813,True,2
parent,4.13.1-c3,4.13.1,672,3871,1029,1031,True,4
parent,4.13.1-c4,4.13.1,410,2331,587,589,True,2
parent,4.13.1-c5,4.13.1,2120,12354,2899,2901,True,9
parent,4.13.1.1-c1,4.13.1.1,352,2363,505,507,True,1
parent,4.13.1.2-c1,4.13.1.2,465,2978,630,632,True,2
parent,4.13.1.3-c1,4.13.1.3,279,1696,380,382,True,1
parent,4.13.2-c1,4.13.2,195,1154,263,265,True,1
parent,4.13.2-c2,4.13.2,875,5052,1144,1146,True,4
parent,4.13.2-c3,4.13.2,144,838,188,190,False,1
parent,4.13.2-c4,4.13.2,1536,8736,2074,2076,True,5
parent,4.13.2.1-c1,4.13.2.1,484,3120,656,658,True,2
parent,4.13.3-c1,4.13.3,71,465,100,102,False,1
parent,4.13.3-c2,4.13.3,238,1401,311,313,True,1
parent,4.13.3-c3,4.13.3,136,815,193,195,False,1
parent,4.13.3-c4,4.13.3,94,540,138,140,False,1
parent,4.13.3-c5,4.13.3,416,2472,540,542,True,2
parent,4.13.3.1-c1,4.13.3.1,273,1707,363,365,True,1
parent,4.13.3.1-c2,4.13.3.1,103,639,155,157,False,1
parent,4.13.4-c1,4.13.4,67,438,88,90,False,1
parent,4.13.4-c2,4.13.4,112,663,152,154,False,1
parent,4.13.4-c3,4.13.4,54,310,65,67,False,1
parent,4.13.4-c4,4.13.4,522,2895,771,773,True,4
parent,4.13.4.1-c1,4.13.4.1,186,1193,259,261,True,1
parent,4.13.4.1-c2,4.13.4.1,268,1758,408,410,True,1
parent,4.13.4.2-c1,4.13.4.2,343,2210,483,485,True,1
parent,4.13.4.2-c2,4.13.4.2,116,721,159,161,False,1
parent,4.13.4.2-c3,4.13.4.2,114,722,166,168,False,1
parent,4.13.4.3-c1,4.13.4.3,585,3692,808,810,True,2
parent,4.14-c1,4.14,229,1442,324,326,True,1
parent,4.14-c2,4.14,5570,32823,7686,7688,True,24
parent,4.14.1-c1,4.14.1,214,1275,283,285,True,1
parent,4.14.1-c2,4.14.1,311,1838,423,425,True,1
parent,4.14.1-c3,4.14.1,57,338,72,74,False,1
parent,4.14.2-c1,4.14.2,345,2139,443,445,True,1
parent,4.14.2-c2,4.14.2,64,456,104,106,False,1
parent,4.14.2-c3,4.14.2,49,298,74,76,False,1
parent,4.14.3-c1,4.14.3,242,1598,342,344,True,1
parent,4.14.3-c2,4.14.3,49,298,76,78,False,1
parent,4.14.4-c1,4.14.4,398,2414,517,519,True,2
parent,4.14.4-c2,4.14.4,44,276,76,78,False,1
parent,4.14.4-c3,4.14.4,144,872,188,190,False,1
parent,4.15-c1,4.15,69,415,84,86,False,1
parent,4.15-c2,4.15,87,480,118,120,False,1
parent,4.15-c3,4.15,1384,7980,1972,1974,True,6
parent,4.15-c4,4.15,312,1745,405,407,True,1
parent,4.15-c5,4.15,492,2730,728,730,True,3
parent,4.15-c6,4.15,347,1950,495,497,True,1
parent,4.15-c7,4.15,1355,7526,1869,1871,True,4
parent,4.15.1-c1,4.15.1,487,2800,613,615,True,2
parent,4.16-c1,4.16,183,991,257,259,True,1
parent,4.16-c2,4.16,294,1643,413,415,True,1
parent,4.16-c3,4.16,269,1463,375,377,True,1
parent,4.16-c4,4.16,1735,9590,2305,2307,True,6
parent,4.16.1-c1,4.16.1,615,3754,835,837,True,3
parent,4.17-c1,4.17,116,711,161,163,False,1
parent,4.17-c2,4.17,685,4071,1029,1031,True,3
parent,4.17-c3,4.17,36,210,43,45,False,1
parent,4.17-c4,4.17,996,5768,1430,1432,True,6
parent,4.17-c5,4.17,919,5288,1353,1355,True,4
parent,4.17-c6,4.17,1805,10323,2559,2561,True,8
parent,4.17-c7,4.17,78,430,120,122,False,1
parent,4.17.1-c1,4.17.1,271,1659,375,377,True,1
parent,4.17.2-c1,4.17.2,480,2862,636,638,True,2
parent,4.17.3-c1,4.17.3,154,1035,228,230,False,1
parent,4.17.4-c1,4.17.4,188,1062,238,240,False,1
parent,4.18-c1,4.18,116,706,150,152,False,1
parent,4.18-c2,4.18,721,4345,1087,1089,True,3
parent,4.18-c3,4.18,687,4079,1000,1002,True,3
parent,4.18-c4,4.18,759,4248,1181,1183,True,4
parent,4.18-c5,4.18,1642,9754,2272,2274,True,7
parent,4.18-c6,4.18,54,338,68,70,False,1
parent,4.18-c7,4.18,79,438,122,124,False,1
parent,4.18.1-c1,4.18.1,188,1188,242,244,False,1
parent,4.18.1-c2,4.18.1,83,549,110,112,False,1
parent,4.18.1-c3,4.18.1,114,734,169,171,False,1
parent,4.18.1-c4,4.18.1,181,1142,236,238,False,1
parent,4.19-c1,4.19,149,916,198,200,False,1
parent,4.19-c2,4.19,2040,12252,3014,3016,True,9
parent,4.19-c3,4.19,127,743,164,166,False,1
parent,4.19-c4,4.19,1013,5842,1416,1418,True,5
parent,4.19-c5,4.19,149,884,197,199,False,1
parent,4.19-c6,4.19,79,438,123,125,False,1
parent,4.19.1-c1,4.19.1,392,2349,512,514,True,1
parent,4.19.2-c1,4.19.2,217,1364,299,301,True,1
parent,4.20-c1,4.20,63,397,103,105,False,1
parent,4.20-c2,4.20,218,1268,311,313,True,1
parent,4.20-c3,4.20,163,922,256,258,True,1
parent,4.20-c4,4.20,690,4050,938,940,True,3
parent,4.20-c5,4.20,389,2176,510,512,True,2
parent,4.20.1-c1,4.20.1,320,1951,416,418,True,1
parent,4.20.1-c2,4.20.1,310,1951,415,417,True,1
parent,4.20.1-c3,4.20.1,42,259,68,70,False,1
parent,4.20.1-c4,4.20.1,61,378,87,89,False,1
parent,4.21-c1,4.21,328,1881,407,409,True,1
parent,4.21-c2,4.21,3133,17869,4675,4677,True,14
parent,4.21-c3,4.21,1219,7062,1651,1653,True,7
parent,4.21-c4,4.21,132,758,191,193,False,1
parent,4.21-c5,4.21,1851,10725,2795,2797,True,8
parent,4.21-c6,4.21,742,4100,1059,1061,True,3
parent,4.21-c7,4.21,131,763,187,189,False,1
parent,4.21-c8,4.21,233,1513,336,338,True,1
parent,4.21.1-c1,4.21.1,579,3577,793,795,True,2
parent,4.22-c1,4.22,87,546,110,112,False,1
parent,4.22-c2,4.22,2948,16844,4033,4035,True,10
parent,4.22.1-c1,4.22.1,132,808,173,175,False,1
parent,4.22.1-c2,4.22.1,1140,7021,1446,1448,True,4
parent,4.23-c1,4.23,102,591,131,133,False,1
parent,4.23-c2,4.23,1374,7859,1999,2001,True,5
parent,4.23.1-c1,4.23.1,390,2513,564,566,True,2
parent,4.23.1-c2,4.23.1,892,5499,1123,1125,True,4
parent,4.24-c1,4.24,158,907,240,242,False,1
parent,4.25-c1,4.25,328,1871,476,478,True,1
parent,4.25-c2,4.25,1022,5827,1393,1395,True,5
parent,4.25.1-c1,4.25.1,334,1979,430,432,True,1
parent,5.1-c1,5.1,69,423,84,86,False,1
parent,5.1-c2,5.1,249,1564,316,318,True,1
parent,5.1-c3,5.1,450,2582,646,648,True,2
parent,5.1-c4,5.1,105,665,135,137,False,1
parent,5.1-c5,5.1,426,2696,575,577,True,3
parent,5.1-c6,5.1,304,1727,445,447,True,1
parent,5.1-c7,5.1,40,241,52,54,False,1
parent,5.2-c1,5.2,331,2110,474,476,True,1
parent,5.2-c2,5.2,510,3027,726,728,True,3
parent,5.2-c3,5.2,45,320,59,61,False,1
parent,5.2-c4,5.2,2485,14507,3540,3542,True,11
parent,5.2-c5,5.2,1046,5949,1491,1493,True,4
parent,5.2-c6,5.2,70,430,96,98,False,1
parent,5.2-c7,5.2,464,2530,651,653,True,3
parent,5.2-c8,5.2,210,1190,307,309,True,1
parent,5.2-c9,5.2,421,2529,588,590,True,2
parent,5.2-c10,5.2,604,3458,856,858,True,3
parent,5.2-c11,5.2,308,1809,437,439,True,1
parent,5.2.5-c1,5.2.5,1353,8083,1782,1784,True,4
parent,5.2.5-c2,5.2.5,88,568,122,124,False,1
parent,5.2.5-c3,5.2.5,51,365,96,98,False,1
parent,5.2.5-c4,5.2.5,94,588,124,126,False,1
parent,5.2.5-c5,5.2.5,31,196,47,49,False,1
parent,5.2.5-c6,5.2.5,113,650,154,156,False,1
parent,5.3-c1,5.3,293,1696,405,407,True,1
parent,5.3-c2,5.3,157,880,250,252,False,1
parent,5.3-c3,5.3,1407,7827,1968,1970,True,6
parent,5.3-c4,5.3,237,1338,353,355,True,1
parent,5.3-c5,5.3,642,3486,917,919,True,3
parent,5.3-c6,5.3,295,1565,437,439,True,1
parent,5.3-c7,5.3,91,511,146,148,False,1
parent,5.3-c8,5.3,119,698,156,158,False,1
parent,5.3.1-c1,5.3.1,1309,7855,1637,1639,True,4
parent,5.3.1-c2,5.3.1,135,845,174,176,False,1
parent,5.3.1-c3,5.3.1,467,2741,545,547,True,2
parent,5.3.1-c4,5.3.1,245,1457,309,311,True,1
parent,5.3.1-c5,5.3.1,159,929,200,202,False,1
parent,5.3.2-c1,5.3.2,485,2774,598,600,True,4
parent,5.4-c1,5.4,369,2144,522,524,True,3
parent,5.4-c2,5.4,90,540,133,135,False,1
parent,5.4-c3,5.4,204,1155,322,324,True,1
parent,5.4-c4,5.4,367,2073,548,550,True,4
parent,5.4.1-c1,5.4.1,1296,7785,1636,1638,True,4
parent,5.4.1-c2,5.4.1,141,844,183,185,False,1
parent,5.4.1-c3,5.4.1,179,1112,242,244,False,1
parent,5.4.1-c4,5.4.1,136,766,163,165,False,1
parent,5.4.2-c1,5.4.2,370,2139,451,453,True,1
parent,5.5-c1,5.5,550,3235,920,922,True,3
parent,5.5-c2,5.5,3527,20373,5311,5313,True,16
parent,5.5-c3,5.5,169,1017,253,255,False,1
parent,5.5-c4,5.5,122,721,183,185,False,1
parent,5.5.1-c1,5.5.1,367,2280,470,472,True,1
parent,5.5.1-c2,5.5.1,158,1035,234,236,False,1
parent,5.5.1-c3,5.5.1,362,2231,472,474,True,1
parent,5.5.1-c4,5.5.1,296,1857,372,374,True,1
parent,5.5.1-c5,5.5.1,149,913,199,201,False,1
parent,5.5.2-c1,5.5.2,300,1811,385,387,True,1
parent,5.5.3-c1,5.5.3,369,2258,460,462,True,1
parent,5.5.3-c2,5.5.3,158,1019,222,224,False,1
parent,5.5.3-c3,5.5.3,769,4692,975,977,True,3
parent,5.5.3-c4,5.5.3,296,1853,368,370,True,1
parent,5.5.3-c5,5.5.3,150,921,202,204,False,1
parent,5.5.4-c1,5.5.4,391,2280,489,491,True,2
parent,5.6-c1,5.6,85,467,122,124,False,1
parent,5.6-c2,5.6,1237,7248,1796,1798,True,6
parent,5.6.1-c1,5.6.1,402,2451,507,509,True,1
parent,5.6.1-c2,5.6.1,72,459,103,105,False,1
parent,5.6.1-c3,5.6.1,137,912,204,206,False,1
parent,5.6.1-c4,5.6.1,202,1312,295,297,True,1
parent,5.6.1-c5,5.6.1,90,561,120,122,False,1
parent,5.6.1-c6,5.6.1,127,752,165,167,False,1
parent,5.6.2-c1,5.6.2,366,2203,492,494,True,1
parent,5.7-c1,5.7,161,1041,250,252,False,1
parent,5.7-c2,5.7,3076,18305,4488,4490,True,17
parent,5.7-c3,5.7,359,2221,498,500,True,1
parent,5.7-c4,5.7,298,1867,424,426,True,1
parent,5.7-c5,5.7,84,518,128,130,False,1
parent,5.7-c6,5.7,152,916,192,194,False,1
parent,5.7.1-c1,5.7.1,515,3103,669,671,True,2
parent,5.7.1-c2,5.7.1,277,1718,395,397,True,1
parent,5.7.1-c3,5.7.1,492,2876,656,658,True,2
parent,5.7.1-c4,5.7.1,256,1559,323,325,True,1
parent,5.7.1-c5,5.7.1,31,196,47,49,False,1
parent,5.7.1-c6,5.7.1,131,775,172,174,False,1
parent,5.7.2-c1,5.7.2,525,3028,698,700,True,4
parent,5.7.3-c1,5.7.3,555,3477,734,736,True,2
parent,5.7.3-c2,5.7.3,275,1720,405,407,True,1
parent,5.7.3-c3,5.7.3,935,5684,1303,1305,True,3
parent,5.7.3-c4,5.7.3,257,1574,328,330,True,1
parent,5.7.3-c5,5.7.3,31,198,49,51,False,1
parent,5.7.3-c6,5.7.3,133,840,188,190,False,1
parent,5.7.4-c1,5.7.4,619,3538,833,835,True,4
parent,5.8-c1,5.8,209,1261,330,332,True,1
parent,5.8-c2,5.8,302,1805,387,389,True,1
parent,5.8-c3,5.8,1407,8192,1948,1950,True,6
parent,5.8-c4,5.8,1058,6367,1378,1380,True,4
parent,5.8-c5,5.8,356,2236,477,479,True,1
parent,5.8-c6,5.8,317,1985,442,444,True,1
parent,5.8-c7,5.8,78,475,116,118,False,1
parent,5.8.1-c1,5.8.1,956,5595,1246,1248,True,3
parent,5.8.1-c2,5.8.1,95,570,120,122,False,1
parent,5.8.1-c3,5.8.1,451,2617,522,524,True,2
parent,5.8.1-c4,5.8.1,244,1469,307,309,True,1
parent,5.8.1-c5,5.8.1,31,196,47,49,False,1
parent,5.8.1-c6,5.8.1,105,637,133,135,False,1
parent,5.8.2-c1,5.8.2,525,2956,655,657,True,4
parent,5.8.3-c1,5.8.3,755,4564,992,994,True,3
parent,5.8.3-c2,5.8.3,100,606,124,126,False,1
parent,5.8.3-c3,5.8.3,185,1173,245,247,False,1
parent,5.8.3-c4,5.8.3,212,1321,278,280,True,1
parent,5.8.3-c5,5.8.3,250,1537,322,324,True,1
parent,5.8.3-c6,5.8.3,31,194,45,47,False,1
parent,5.8.3-c7,5.8.3,127,772,161,163,False,1
parent,5.8.4-c1,5.8.4,615,3457,773,775,True,4
parent,5.9-c1,5.9,351,2012,500,502,True,2
parent,5.9-c2,5.9,409,2355,553,555,True,2
parent,5.9-c3,5.9,70,386,109,111,False,1
parent,5.9-c4,5.9,171,976,250,252,False,1
parent,5.9.1-c1,5.9.1,360,2171,474,476,True,1
parent,5.9.1-c2,5.9.1,81,500,112,114,False,1
parent,5.9.1-c3,5.9.1,117,729,164,166,False,1
parent,5.9.1-c4,5.9.1,96,551,133,135,False,1
parent,5.10-c1,5.10,378,2396,549,551,True,2
parent,5.10.1-c1,5.10.1,203,1177,251,253,False,1
parent,6.1-c1,6.1,138,761,213,215,False,1
parent,6.1-c2,6.1,1606,9105,2274,2276,True,7
parent,6.1-c3,6.1,377,2049,553,555,True,2
parent,6.1-c4,6.1,139,730,221,223,False,1
parent,6.1-c5,6.1,93,535,146,148,False,1
parent,6.1-c6,6.1,930,5278,1276,1278,True,3
parent,6.1-c7,6.1,241,1355,346,348,True,1
parent,6.1-c8,6.1,41,236,63,65,False,1
parent,6.1-c9,6.1,153,869,232,234,False,1
parent,6.1-c10,6.1,52,284,80,82,False,1
parent,6.1.1-c1,6.1.1,203,1193,241,243,False,1
parent,6.1.1-c2,6.1.1,217,1376,304,306,True,1
parent,6.1.1-c3,6.1.1,84,545,109,111,False,1
parent,6.1.1-c4,6.1.1,171,1086,228,230,False,1
parent,6.1.1-c5,6.1.1,317,1895,417,419,True,1
parent,6.1.1-c6,6.1.1,99,622,123,125,False,1
parent,6.1.1-c7,6.1.1,18,107,25,27,False,1
parent,6.1.1-c8,6.1.1,91,528,119,121,False,1
parent,6.1.1-c9,6.1.1,80,489,110,112,False,1
parent,6.1.2-c1,6.1.2,286,1617,356,358,True,1
parent,6.2-c1,6.2,66,390,102,104,False,1
parent,6.2-c2,6.2,290,1579,449,451,True,1
parent,6.2-c3,6.2,1782,10058,2551,2553,True,9
parent,6.2-c4,6.2,444,2400,669,671,True,3
parent,6.2-c5,6.2,1333,7780,1741,1743,True,6
parent,6.2-c6,6.2,105,595,168,170,False,1
parent,6.2-c7,6.2,270,1484,374,376,True,1
parent,6.2-c8,6.2,72,404,108,110,False,1
parent,6.2-c9,6.2,374,2249,523,525,True,2
parent,6.2-c10,6.2,371,2163,555,557,True,3
parent,6.2-c11,6.2,523,3186,716,718,True,2
parent,6.2-c12,6.2,341,2039,496,498,True,1
parent,6.2-c13,6.2,73,472,105,107,False,1
parent,6.2-c14,6.2,197,1143,293,295,True,1
parent,6.2.1-c1,6.2.1,792,4896,1061,1063,True,3
parent,6.2.1-c2,6.2.1,62,403,88,90,False,1
parent,6.2.1-c3,6.2.1,217,1286,312,314,True,1
parent,6.2.1-c4,6.2.1,172,1110,239,241,False,1
parent,6.2.1-c5,6.2.1,86,507,126,128,False,1
parent,6.2.1-c6,6.2.1,64,393,92,94,False,1
parent,6.2.2-c1,6.2.2,325,1837,481,483,True,1
parent,6.3-c1,6.3,130,797,223,225,False,1
parent,6.3-c2,6.3,1038,5900,1466,1468,True,4
parent,6.3.1-c1,6.3.1,348,2103,478,480,True,1
parent,6.3.1-c2,6.3.1,141,951,204,206,False,1
parent,6.3.1-c3,6.3.1,18,107,25,27,False,1
parent,6.3.1-c4,6.3.1,76,434,103,105,False,1
parent,6.3.2-c1,6.3.2,162,985,221,223,False,1
parent,6.4-c1,6.4,1086,6374,1628,1630,True,5
parent,6.4-c2,6.4,118,691,158,160,False,1
parent,6.4.1-c1,6.4.1,305,1873,396,398,True,1
parent,6.4.2-c1,6.4.2,175,1048,221,223,False,1
parent,6.4.2-c2,6.4.2,676,4278,963,965,True,2
parent,6.4.2-c3,6.4.2,81,565,119,121,False,1
parent,6.4.2-c4,6.4.2,656,3848,798,800,True,3
parent,6.4.2-c5,6.4.2,154,918,201,203,False,1
parent,6.4.2-c6,6.4.2,18,107,25,27,False,1
parent,6.4.2-c7,6.4.2,143,823,169,171,False,1
parent,7.1.1-c1,7.1.1,211,1170,373,375,True,1
parent,7.1.1-c2,7.1.1,526,2865,790,792,True,3
parent,7.1.1-c3,7.1.1,450,2671,691,693,True,2
parent,7.1.1-c4,7.1.1,948,5296,1528,1530,True,4
parent,7.1.1-c5,7.1.1,176,949,246,248,False,1
parent,7.1.1-c6,7.1.1,388,2289,699,701,True,3
parent,7.1.1-c7,7.1.1,219,1180,387,389,True,1
parent,7.1.1-c8,7.1.1,1148,6338,1742,1744,True,5
parent,7.1.1.1-c1,7.1.1.1,510,3231,790,792,True,2
parent,7.1.2-c1,7.1.2,157,940,207,209,False,1
parent,7.1.2-c2,7.1.2,268,1386,439,441,True,1
parent,7.1.2-c3,7.1.2,499,2869,680,682,True,3
parent,7.1.2-c4,7.1.2,499,2851,742,744,True,2
parent,7.1.2-c5,7.1.2,427,2417,624,626,True,4
parent,7.1.2.1-c1,7.1.2.1,52,338,78,80,False,1
parent,7.1.2.1-c2,7.1.2.1,667,4180,980,982,True,3
parent,7.1.3-c1,7.1.3,621,3523,899,901,True,4
parent,7.1.3.1-c1,7.1.3.1,102,689,159,161,False,1
parent,7.1.4-c1,7.1.4,102,580,158,160,False,1
parent,7.1.4-c2,7.1.4,489,2703,751,753,True,2
parent,7.1.4-c3,7.1.4,303,1687,433,435,True,1
parent,7.1.4-c4,7.1.4,250,1425,380,382,True,1
parent,7.1.5-c1,7.1.5,152,906,210,212,False,1
parent,7.1.5-c2,7.1.5,385,2288,520,522,True,2
parent,7.1.5-c3,7.1.5,1643,9959,2100,2102,True,6
parent,7.1.5-c4,7.1.5,1074,6367,1378,1380,True,5
parent,7.1.5-c5,7.1.5,477,2917,606,608,True,2
parent,7.1.5.1-c1,7.1.5.1,1188,7218,1454,1456,True,4
parent,7.1.5.1-c2,7.1.5.1,88,522,112,114,False,1
parent,7.2.1-c1,7.2.1,89,542,124,126,False,1
parent,7.2.1-c2,7.2.1,121,746,158,160,False,1
parent,7.2.1-c3,7.2.1,869,4774,1192,1194,True,3
parent,7.2.1-c4,7.2.1,381,2224,547,549,True,2
parent,7.2.1-c5,7.2.1,1107,6444,1589,1591,True,5
parent,7.2.1-c6,7.2.1,82,554,121,123,False,1
parent,7.2.1-c7,7.2.1,220,1402,331,333,True,1
parent,7.2.1-c8,7.2.1,39,220,50,52,False,1
parent,7.2.1.1-c1,7.2.1.1,113,666,143,145,False,1
parent,7.2.1.1-c2,7.2.1.1,894,5363,1203,1205,True,3
parent,7.2.1.1-c3,7.2.1.1,411,2537,578,580,True,2
parent,7.2.1.1-c4,7.2.1.1,318,1925,422,424,True,1
parent,7.2.1.1-c5,7.2.1.1,217,1263,284,286,True,1
parent,7.2.1.1-c6,7.2.1.1,98,577,127,129,False,1
parent,7.2.1.1-c7,7.2.1.1,18,107,25,27,False,1
parent,7.2.1.1-c8,7.2.1.1,100,572,125,127,False,1
parent,7.2.1.2-c1,7.2.1.2,310,1786,403,405,True,1
parent,7.2.1.3-c1,7.2.1.3,145,867,182,184,False,1
parent,7.2.1.3-c2,7.2.1.3,888,5326,1190,1192,True,3
parent,7.2.1.3-c3,7.2.1.3,411,2533,574,576,True,2
parent,7.2.1.3-c4,7.2.1.3,910,5394,1168,1170,True,3
parent,7.2.1.3-c5,7.2.1.3,116,686,150,152,False,1
parent,7.2.1.3-c6,7.2.1.3,119,679,145,147,False,1
parent,7.2.1.4-c1,7.2.1.4,399,2262,521,523,True,2
parent,7.2.1A-c1,7.2.1A,603,3371,842,844,True,3
parent,7.2.1A-c2,7.2.1A,254,1408,363,365,True,1
parent,7.2.1A-c3,7.2.1A,501,2777,749,751,True,2
parent,7.2.1A-c4,7.2.1A,175,995,217,219,False,1
parent,7.2.1A-c5,7.2.1A,135,757,225,227,False,1
parent,7.2.1A-c6,7.2.1A,501,3086,759,761,True,2
parent,7.2.1A-c7,7.2.1A,211,1135,326,328,True,1
parent,7.2.1A-c8,7.2.1A,69,386,105,107,False,1
parent,7.2.1A-c9,7.2.1A,106,618,143,145,False,1
parent,7.2.1A.1-c1,7.2.1A.1,196,1181,250,252,False,1
parent,7.2.1A.1-c2,7.2.1A.1,121,710,151,153,False,1
parent,7.2.1A.1-c3,7.2.1A.1,231,1470,306,308,True,1
parent,7.2.1A.1-c4,7.2.1A.1,150,925,197,199,False,1
parent,7.2.1A.1-c5,7.2.1A.1,417,2657,572,574,True,2
parent,7.2.1A.1-c6,7.2.1A.1,18,107,25,27,False,1
parent,7.2.1A.1-c7,7.2.1A.1,96,552,113,115,False,1
parent,7.2.1A.1-c8,7.2.1A.1,150,845,188,190,False,1
parent,7.2.2-c1,7.2.2,41,285,80,82,False,1
parent,7.2.2-c2,7.2.2,2606,14845,3725,3727,True,10
parent,7.2.2-c3,7.2.2,136,784,178,180,False,1
parent,7.2.2-c4,7.2.2,243,1386,355,357,True,1
parent,7.2.2-c5,7.2.2,484,2891,692,694,True,2
parent,7.2.2-c6,7.2.2,588,3511,855,857,True,2
parent,7.2.2-c7,7.2.2,178,1011,244,246,False,1
parent,7.2.2-c8,7.2.2,412,2539,583,585,True,2
parent,7.2.2.1-c1,7.2.2.1,131,807,174,176,False,1
parent,7.2.2.1-c2,7.2.2.1,354,2200,502,504,True,1
parent,7.2.2.1-c3,7.2.2.1,358,2259,491,493,True,1
parent,7.2.2.1-c4,7.2.2.1,197,1254,320,322,True,1
parent,7.2.2.1-c5,7.2.2.1,555,3320,707,709,True,2
parent,7.2.2.1-c6,7.2.2.1,20,117,29,31,False,1
parent,7.2.2.1-c7,7.2.2.1,89,522,113,115,False,1
parent,7.2.2.2-c1,7.2.2.2,203,1217,258,260,True,1
parent,7.2.2.2-c2,7.2.2.2,364,2249,513,515,True,1
parent,7.2.2.2-c3,7.2.2.2,310,2021,445,447,True,1
parent,7.2.2.2-c4,7.2.2.2,208,1329,332,334,True,1
parent,7.2.2.2-c5,7.2.2.2,476,2917,631,633,True,2
parent,7.2.2.2-c6,7.2.2.2,20,117,29,31,False,1
parent,7.2.2.2-c7,7.2.2.2,114,656,144,146,False,1
parent,7.2.2.3-c1,7.2.2.3,269,1588,404,406,True,1
parent,7.2.3-c1,7.2.3,36,261,77,79,False,1
parent,7.2.3-c2,7.2.3,442,2479,622,624,True,2
parent,7.2.3-c3,7.2.3,261,1398,358,360,True,1
parent,7.2.3-c4,7.2.3,32,187,38,40,False,1
parent,7.2.3-c5,7.2.3,194,1061,288,290,True,1
parent,7.2.3-c6,7.2.3,1943,11089,2745,2747,True,9
parent,7.2.3-c7,7.2.3,311,1885,492,494,True,1
parent,7.2.3-c8,7.2.3,46,290,85,87,False,1
parent,7.2.3-c9,7.2.3,449,2690,665,667,True,2
parent,7.2.3-c10,7.2.3,183,1036,246,248,False,1
parent,7.2.3.1-c1,7.2.3.1,371,2189,516,518,True,1
parent,7.2.3.1-c2,7.2.3.1,415,2596,525,527,True,1
parent,7.2.3.1-c3,7.2.3.1,421,2661,601,603,True,2
parent,7.2.3.1-c4,7.2.3.1,106,633,132,134,False,1
parent,7.2.3.1-c5,7.2.3.1,104,595,135,137,False,1
parent,7.2.3.2-c1,7.2.3.2,272,1534,375,377,True,1
parent,7.2.5-c1,7.2.5,74,455,109,111,False,1
parent,7.2.5-c2,7.2.5,472,2596,631,633,True,2
parent,7.2.5-c3,7.2.5,2143,12563,3070,3072,True,10
parent,7.2.5-c4,7.2.5,432,2504,596,598,True,2
parent,7.2.5-c5,7.2.5,935,5209,1326,1328,True,4
parent,7.2.5-c6,7.2.5,647,3660,918,920,True,4
parent,7.2.5-c7,7.2.5,155,875,220,222,False,1
parent,7.2.5-c8,7.2.5,173,1047,243,245,False,1
parent,7.2.5-c9,7.2.5,67,423,93,95,False,1
parent,7.2.5.1-c1,7.2.5.1,101,609,137,139,False,1
parent,7.2.5.1-c2,7.2.5.1,384,2410,527,529,True,1
parent,7.2.5.1-c3,7.2.5.1,2028,12487,2640,2642,True,8
parent,7.2.5.1-c4,7.2.5.1,1027,5980,1314,1316,True,4
parent,7.2.5.1-c5,7.2.5.1,102,608,144,146,False,1
parent,7.2.5.1-c6,7.2.5.1,263,1669,326,328,True,1
parent,7.2.5.2-c1,7.2.5.2,100,615,136,138,False,1
parent,7.2.5.2-c2,7.2.5.2,384,2410,527,529,True,1
parent,7.2.5.2-c3,7.2.5.2,2251,13843,2988,2990,True,8
parent,7.2.5.2-c4,7.2.5.2,135,761,191,193,False,1
parent,7.2.5.2-c5,7.2.5.2,147,867,204,206,False,1
parent,7.2.5.2-c6,7.2.5.2,1141,6709,1488,1490,True,4
parent,7.2.5.2-c7,7.2.5.2,102,608,144,146,False,1
parent,7.2.5.2-c8,7.2.5.2,263,1670,326,328,True,1
parent,7.2.5.3-c1,7.2.5.3,268,1499,400,402,True,1
parent,7.2.5.4-c1,7.2.5.4,302,1698,423,425,True,1
parent,7.2.5.5-c1,7.2.5.5,222,1235,298,300,True,1
parent,7.2.5.6-c1,7.2.5.6,222,1229,298,300,True,1
parent,7.2.6-c1,7.2.6,311,2010,400,402,True,1
parent,7.2.6-c2,7.2.6,184,1161,259,261,True,1
parent,7.2.6-c3,7.2.6,47,303,61,63,False,1
parent,7.2.6-c4,7.2.6,472,2602,637,639,True,2
parent,7.2.6-c5,7.2.6,1182,6727,1743,1745,True,7
parent,7.2.6-c6,7.2.6,269,1616,381,383,True,1
parent,7.2.6-c7,7.2.6,32,206,50,52,False,1
parent,7.2.6-c8,7.2.6,167,1008,231,233,False,1
parent,7.2.6-c9,7.2.6,249,1464,359,361,True,1
parent,7.2.6.1-c1,7.2.6.1,173,1060,220,222,False,1
parent,7.2.6.1-c2,7.2.6.1,225,1380,318,320,True,1
parent,7.2.6.1-c3,7.2.6.1,662,4052,831,833,True,2
parent,7.2.6.1-c4,7.2.6.1,422,2604,571,573,True,3
parent,7.2.6.1-c5,7.2.6.1,98,586,130,132,False,1
parent,7.2.6.1-c6,7.2.6.1,239,1505,288,290,True,1
parent,7.2.6.2-c1,7.2.6.2,165,1015,211,213,False,1
parent,7.2.6.2-c2,7.2.6.2,223,1385,325,327,True,1
parent,7.2.6.2-c3,7.2.6.2,662,4052,831,833,True,2
parent,7.2.6.2-c4,7.2.6.2,387,2305,510,512,True,1
parent,7.2.6.2-c5,7.2.6.2,103,597,125,127,False,1
parent,7.2.6.3-c1,7.2.6.3,209,1200,263,265,True,1
parent,7.3.1.1-c1,7.3.1.1,1803,10810,2386,2388,True,7
parent,7.3.1.1.1-c1,7.3.1.1.1,633,3784,769,771,True,2
parent,7.3.1.1.2-c1,7.3.1.1.2,207,1215,245,247,False,1
parent,7.3.1.2-c1,7.3.1.2,386,2425,513,515,True,2
parent,7.3.1.2-c2,7.3.1.2,385,2216,517,519,True,2
parent,7.3.1.2-c3,7.3.1.2,552,3139,743,745,True,3
parent,7.3.1.2-c4,7.3.1.2,2489,14311,3339,3341,True,11
parent,7.3.1.2-c5,7.3.1.2,136,859,173,175,False,1
parent,7.3.1.2-c6,7.3.1.2,955,5612,1236,1238,True,4
parent,7.3.1.2-c7,7.3.1.2,105,675,140,142,False,1
parent,7.3.1.2-c8,7.3.1.2,2195,13234,2964,2966,True,10
parent,7.3.1.3-c1,7.3.1.3,286,1691,417,419,True,1
parent,7.3.1.3-c2,7.3.1.3,243,1366,357,359,True,1
parent,7.3.1.3-c3,7.3.1.3,257,1593,363,365,True,1
parent,7.3.1.3-c4,7.3.1.3,277,1634,390,392,True,1
parent,7.3.1.3-c5,7.3.1.3,4115,23212,5576,5578,True,17
parent,7.3.1.3.1-c1,7.3.1.3.1,1404,8452,1892,1894,True,6
parent,7.3.1.4-c1,7.3.1.4,119,707,161,163,False,1
parent,7.3.1.4-c2,7.3.1.4,229,1361,290,292,True,1
parent,7.3.1.4-c3,7.3.1.4,190,1148,278,280,True,1
parent,7.3.1.4-c4,7.3.1.4,316,1783,410,412,True,1
parent,7.3.1.4-c5,7.3.1.4,1315,7888,1747,1749,True,5
parent,7.3.1.4.1-c1,7.3.1.4.1,319,1828,390,392,True,1
parent,7.3.1.5-c1,7.3.1.5,220,1513,330,332,True,1
parent,7.3.1.5-c2,7.3.1.5,161,1112,254,256,False,1
parent,7.3.1.5-c3,7.3.1.5,123,791,173,175,False,1
parent,7.3.1.5-c4,7.3.1.5,314,1862,386,388,True,1
parent,7.3.1.5-c5,7.3.1.5,181,1097,240,242,False,1
parent,7.3.1.5-c6,7.3.1.5,44,315,61,63,False,1
parent,7.3.1.5.1-c1,7.3.1.5.1,414,2525,535,537,True,2
parent,7.3.1.6-c1,7.3.1.6,792,4817,1059,1061,True,3
parent,7.3.1.6.1-c1,7.3.1.6.1,294,1757,346,348,True,1
parent,7.3.1.7-c1,7.3.1.7,1258,7583,1785,1787,True,5
parent,7.3.1.7.1-c1,7.3.1.7.1,187,1053,227,229,False,1
parent,7.3.2-c1,7.3.2,722,4314,1007,1009,True,5
parent,7.3.2-c2,7.3.2,73,433,110,112,False,1
parent,7.3.2-c3,7.3.2,328,1873,450,452,True,1
parent,7.3.2-c4,7.3.2,1158,6488,1629,1631,True,4
parent,7.3.2-c5,7.3.2,169,909,242,244,False,1
parent,7.3.2-c6,7.3.2,247,1463,365,367,True,1
parent,7.3.2-c7,7.3.2,613,3798,941,943,True,2
parent,7.3.2-c8,7.3.2,769,4659,1012,1014,True,4
parent,7.3.2.1-c1,7.3.2.1,136,886,192,194,False,1
parent,7.3.2.1-c2,7.3.2.1,367,2402,552,554,True,2
parent,7.3.2.1-c3,7.3.2.1,544,3149,656,658,True,2
parent,7.3.2.1-c4,7.3.2.1,633,4027,864,866,True,3
parent,7.3.2.1-c5,7.3.2.1,99,614,150,152,False,1
parent,7.3.2.1-c6,7.3.2.1,18,105,23,25,False,1
parent,7.3.2.1-c7,7.3.2.1,94,529,114,116,False,1
parent,7.3.2.1A-c1,7.3.2.1A,107,696,155,157,False,1
parent,7.3.2.1A-c2,7.3.2.1A,55,375,72,74,False,1
parent,7.3.2.1A-c3,7.3.2.1A,204,1293,323,325,True,1
parent,7.3.2.1A-c4,7.3.2.1A,108,728,157,159,False,1
parent,7.3.2.1A-c5,7.3.2.1A,699,4099,887,889,True,2
parent,7.3.2.1A-c6,7.3.2.1A,621,3956,838,840,True,3
parent,7.3.2.1A-c7,7.3.2.1A,98,607,149,151,False,1
parent,7.3.2.1A-c8,7.3.2.1A,18,109,27,29,False,1
parent,7.3.2.1A-c9,7.3.2.1A,94,529,114,116,False,1
parent,7.3.2.3-c1,7.3.2.3,136,812,188,190,False,1
parent,7.3.2.3-c2,7.3.2.3,478,3059,713,715,True,2
parent,7.3.2.3-c3,7.3.2.3,80,553,118,120,False,1
parent,7.3.2.3-c4,7.3.2.3,493,2843,595,597,True,2
parent,7.3.2.3-c5,7.3.2.3,161,946,212,214,False,1
parent,7.3.2.3-c6,7.3.2.3,127,698,154,156,False,1
parent,7.3.2.4-c1,7.3.2.4,316,1713,426,428,True,1
parent,7.3.2.5-c1,7.3.2.5,111,686,159,161,False,1
parent,7.3.2.5-c2,7.3.2.5,478,3057,711,713,True,2
parent,7.3.2.5-c3,7.3.2.5,80,553,116,118,False,1
parent,7.3.2.5-c4,7.3.2.5,493,2843,595,597,True,2
parent,7.3.2.5-c5,7.3.2.5,132,788,176,178,False,1
parent,7.3.2.5-c6,7.3.2.5,18,107,25,27,False,1
parent,7.3.2.5-c7,7.3.2.5,115,644,142,144,False,1
parent,7.3.2.6-c1,7.3.2.6,254,1401,335,337,True,1
parent,7.3.2.7-c1,7.3.2.7,221,1355,303,305,True,1
parent,7.3.2.7-c2,7.3.2.7,168,1113,267,269,True,1
parent,7.3.2.7-c3,7.3.2.7,113,746,166,168,False,1
parent,7.3.2.7-c4,7.3.2.7,56,369,80,82,False,1
parent,7.3.2.7-c5,7.3.2.7,545,3181,672,674,True,2
parent,7.3.2.7-c6,7.3.2.7,161,947,214,216,False,1
parent,7.3.2.7-c7,7.3.2.7,155,883,207,209,False,1
parent,7.3.2.7A-c1,7.3.2.7A,157,997,225,227,False,1
parent,7.3.2.7A-c2,7.3.2.7A,207,1319,305,307,True,1
parent,7.3.2.7A-c3,7.3.2.7A,191,1293,268,270,True,1
parent,7.3.2.7A-c4,7.3.2.7A,719,4115,889,891,True,2
parent,7.3.2.7A-c5,7.3.2.7A,621,3961,821,823,True,3
parent,7.3.2.7A-c6,7.3.2.7A,100,634,155,157,False,1
parent,7.3.2.7A-c7,7.3.2.7A,18,107,25,27,False,1
parent,7.3.2.7A-c8,7.3.2.7A,102,610,144,146,False,1
parent,7.3.2.7B-c1,7.3.2.7B,155,995,230,232,False,1
parent,7.3.2.7B-c2,7.3.2.7B,207,1315,301,303,True,1
parent,7.3.2.7B-c3,7.3.2.7B,192,1299,269,271,True,1
parent,7.3.2.7B-c4,7.3.2.7B,529,3126,654,656,True,2
parent,7.3.2.7B-c5,7.3.2.7B,633,4014,848,850,True,3
parent,7.3.2.7B-c6,7.3.2.7B,100,634,155,157,False,1
parent,7.3.2.7B-c7,7.3.2.7B,18,107,25,27,False,1
parent,7.3.2.7B-c8,7.3.2.7B,102,614,150,152,False,1
parent,7.3.2.8-c1,7.3.2.8,370,2044,504,506,True,2
parent,7.3.2.9-c1,7.3.2.9,374,2061,504,506,True,2
parent,7.3.2.10-c1,7.3.2.10,178,1121,253,255,False,1
parent,7.3.2.10-c2,7.3.2.10,168,1113,267,269,True,1
parent,7.3.2.10-c3,7.3.2.10,113,746,166,168,False,1
parent,7.3.2.10-c4,7.3.2.10,56,369,80,82,False,1
parent,7.3.2.10-c5,7.3.2.10,545,3181,672,674,True,2
parent,7.3.2.10-c6,7.3.2.10,150,900,203,205,False,1
parent,7.3.2.10-c7,7.3.2.10,141,802,193,195,False,1
parent,7.3.2.11-c1,7.3.2.11,182,1138,253,255,False,1
parent,7.3.2.11-c2,7.3.2.11,143,920,215,217,False,1
parent,7.3.2.11-c3,7.3.2.11,113,746,166,168,False,1
parent,7.3.2.11-c4,7.3.2.11,56,369,80,82,False,1
parent,7.3.2.11-c5,7.3.2.11,543,3156,656,658,True,2
parent,7.3.2.11-c6,7.3.2.11,150,900,203,205,False,1
parent,7.3.2.11-c7,7.3.2.11,141,802,193,195,False,1
parent,7.3.2.12-c1,7.3.2.12,373,2072,505,507,True,2
parent,7.3.2.13-c1,7.3.2.13,353,1947,473,475,True,1
parent,7.3.3-c1,7.3.3,170,976,213,215,False,1
parent,7.3.3-c2,7.3.3,137,787,192,194,False,1
parent,7.3.3-c3,7.3.3,1132,6452,1632,1634,True,4
parent,7.3.3-c4,7.3.3,216,1315,295,297,True,1
parent,7.3.3-c5,7.3.3,406,2430,628,630,True,2
parent,7.3.3-c6,7.3.3,505,3046,660,662,True,2
parent,7.3.3-c7,7.3.3,168,1024,212,214,False,1
parent,7.3.3-c8,7.3.3,370,2196,513,515,True,2
parent,7.3.3.1-c1,7.3.3.1,166,1069,254,256,False,1
parent,7.3.3.1-c2,7.3.3.1,298,1959,453,455,True,1
parent,7.3.3.1-c3,7.3.3.1,76,531,116,118,False,1
parent,7.3.3.1-c4,7.3.3.1,494,2843,594,596,True,2
parent,7.3.3.1-c5,7.3.3.1,149,906,203,205,False,1
parent,7.3.3.1-c6,7.3.3.1,111,625,138,140,False,1
parent,7.3.3.2-c1,7.3.3.2,110,664,151,153,False,1
parent,7.3.3.2-c2,7.3.3.2,305,1935,411,413,True,1
parent,7.3.3.2-c3,7.3.3.2,76,529,114,116,False,1
parent,7.3.3.2-c4,7.3.3.2,494,2843,594,596,True,2
parent,7.3.3.2-c5,7.3.3.2,149,906,203,205,False,1
parent,7.3.3.2-c6,7.3.3.2,111,625,138,140,False,1
parent,7.3.3.3-c1,7.3.3.3,269,1491,364,366,True,1
parent,7.3.3A-c1,7.3.3A,386,2244,516,518,True,2
parent,7.3.3A.1-c1,7.3.3A.1,264,1619,340,342,True,1
parent,7.3.3A.1-c2,7.3.3A.1,216,1261,268,270,True,1
parent,7.3.3A.1-c3,7.3.3A.1,100,628,135,137,False,1
parent,7.3.3A.1-c4,7.3.3A.1,649,4054,826,828,True,3
parent,7.3.3A.1-c5,7.3.3A.1,127,702,151,153,False,1
parent,7.3.3A.1A-c1,7.3.3A.1A,266,1634,347,349,True,1
parent,7.3.3A.1A-c2,7.3.3A.1A,220,1291,272,274,True,1
parent,7.3.3A.1A-c3,7.3.3A.1A,100,628,135,137,False,1
parent,7.3.3A.1A-c4,7.3.3A.1A,629,3925,797,799,True,3
parent,7.3.3A.1A-c5,7.3.3A.1A,127,702,151,153,False,1
parent,7.3.4-c1,7.3.4,409,2319,546,548,True,4
parent,7.3.4.1-c1,7.3.4.1,304,1879,443,445,True,1
parent,7.3.4.1-c2,7.3.4.1,214,1291,277,279,True,1
parent,7.3.4.1-c3,7.3.4.1,66,449,100,102,False,1
parent,7.3.4.1-c4,7.3.4.1,118,699,165,167,False,1
parent,7.3.4.2-c1,7.3.4.2,423,2396,564,566,True,2
parent,7.3.4.3-c1,7.3.4.3,310,1921,444,446,True,1
parent,7.3.4.3-c2,7.3.4.3,163,1031,229,231,False,1
parent,7.3.4.3-c3,7.3.4.3,66,449,100,102,False,1
parent,7.3.4.3-c4,7.3.4.3,129,789,186,188,False,1
parent,7.3.4.4-c1,7.3.4.4,361,2105,474,476,True,1
parent,7.3.5-c1,7.3.5,151,928,211,213,False,1
parent,7.3.5-c2,7.3.5,58,318,73,75,False,1
parent,7.3.5-c3,7.3.5,243,1426,324,326,True,1
parent,7.3.5-c4,7.3.5,797,4662,1199,1201,True,4
parent,7.3.5-c5,7.3.5,101,582,125,127,False,1
parent,7.3.5-c6,7.3.5,157,913,224,226,False,1
parent,7.3.5-c7,7.3.5,143,932,207,209,False,1
parent,7.3.5-c8,7.3.5,225,1331,306,308,True,1
parent,7.3.5.1-c1,7.3.5.1,64,393,90,92,False,1
parent,7.3.5.1-c2,7.3.5.1,83,493,96,98,False,1
parent,7.3.5.1-c3,7.3.5.1,129,775,168,170,False,1
parent,7.3.5.1-c4,7.3.5.1,109,712,155,157,False,1
parent,7.3.5.1-c5,7.3.5.1,159,951,199,201,False,1
parent,7.3.5.1-c6,7.3.5.1,545,3146,669,671,True,2
parent,7.3.5.1-c7,7.3.5.1,628,3973,851,853,True,3
parent,7.3.5.1-c8,7.3.5.1,91,576,130,132,False,1
parent,7.3.5.1-c9,7.3.5.1,18,107,25,27,False,1
parent,7.3.5.1-c10,7.3.5.1,105,586,126,128,False,1
parent,7.3.5.1A-c1,7.3.5.1A,273,1682,357,359,True,1
parent,7.3.5.1A-c2,7.3.5.1A,109,716,157,159,False,1
parent,7.3.5.1A-c3,7.3.5.1A,159,951,199,201,False,1
parent,7.3.5.1A-c4,7.3.5.1A,722,4105,887,889,True,2
parent,7.3.5.1A-c5,7.3.5.1A,603,3780,779,781,True,3
parent,7.3.5.1A-c6,7.3.5.1A,91,576,130,132,False,1
parent,7.3.5.1A-c7,7.3.5.1A,18,107,25,27,False,1
parent,7.3.5.1A-c8,7.3.5.1A,105,586,126,128,False,1
parent,7.3.5.2-c1,7.3.5.2,369,2045,495,497,True,2
parent,7.3.6-c1,7.3.6,91,572,137,139,False,1
parent,7.3.6-c2,7.3.6,202,1164,296,298,True,1
parent,7.3.6-c3,7.3.6,121,730,168,170,False,1
parent,7.3.6-c4,7.3.6,125,724,161,163,False,1
parent,7.3.6-c5,7.3.6,35,245,48,50,False,1
parent,7.3.6-c6,7.3.6,851,4847,1157,1159,True,4
parent,7.3.6-c7,7.3.6,316,1922,488,490,True,1
parent,7.3.6-c8,7.3.6,69,424,108,110,False,1
parent,7.3.6-c9,7.3.6,667,3720,1055,1057,True,3
parent,7.3.6.1-c1,7.3.6.1,154,929,217,219,False,1
parent,7.3.6.1-c2,7.3.6.1,89,550,123,125,False,1
parent,7.3.6.1-c3,7.3.6.1,112,679,142,144,False,1
parent,7.3.6.1-c4,7.3.6.1,199,1226,266,268,True,1
parent,7.3.6.1-c5,7.3.6.1,527,3023,642,644,True,2
parent,7.3.6.1-c6,7.3.6.1,143,828,187,189,False,1
parent,7.3.6.1-c7,7.3.6.1,140,774,174,176,False,1
parent,7.3.6.2-c1,7.3.6.2,359,1996,510,512,True,2
parent,7.3.6.3-c1,7.3.6.3,141,868,204,206,False,1
parent,7.3.6.3-c2,7.3.6.3,89,550,123,125,False,1
parent,7.3.6.3-c3,7.3.6.3,112,679,142,144,False,1
parent,7.3.6.3-c4,7.3.6.3,199,1226,266,268,True,1
parent,7.3.6.3-c5,7.3.6.3,527,3023,642,644,True,2
parent,7.3.6.3-c6,7.3.6.3,132,783,178,180,False,1
parent,7.3.6.3-c7,7.3.6.3,126,696,160,162,False,1
parent,7.3.6.4-c1,7.3.6.4,297,1704,426,428,True,1
parent,7.3.7-c1,7.3.7,152,845,221,223,False,1
parent,7.3.7-c2,7.3.7,448,2553,634,636,True,2
parent,7.3.7-c3,7.3.7,283,1637,380,382,True,1
parent,7.3.7-c4,7.3.7,88,556,121,123,False,1
parent,7.3.7-c5,7.3.7,519,3209,697,699,True,2
parent,7.3.7.1-c1,7.3.7.1,193,1184,291,293,True,1
parent,7.3.7.1-c2,7.3.7.1,89,550,123,125,False,1
parent,7.3.7.1-c3,7.3.7.1,112,679,142,144,False,1
parent,7.3.7.1-c4,7.3.7.1,199,1228,268,270,True,1
parent,7.3.7.1-c5,7.3.7.1,86,494,109,111,False,1
parent,7.3.7.2-c1,7.3.7.2,173,1014,261,263,True,1
parent,7.3.7.3-c1,7.3.7.3,194,1214,297,299,True,1
parent,7.3.7.3-c2,7.3.7.3,89,550,123,125,False,1
parent,7.3.7.3-c3,7.3.7.3,112,679,142,144,False,1
parent,7.3.7.3-c4,7.3.7.3,199,1228,268,270,True,1
parent,7.3.7.3-c5,7.3.7.3,527,3030,651,653,True,2
parent,7.3.7.3-c6,7.3.7.3,132,783,178,180,False,1
parent,7.3.7.3-c7,7.3.7.3,126,696,160,162,False,1
parent,7.3.7.4-c1,7.3.7.4,328,1821,495,497,True,1
parent,7.3.8-c1,7.3.8,332,1894,428,430,True,1
parent,7.3.8-c2,7.3.8,225,1315,322,324,True,1
parent,7.3.8-c3,7.3.8,179,1009,227,229,False,1
parent,7.3.8-c4,7.3.8,38,224,56,58,False,1
parent,7.3.8-c5,7.3.8,424,2459,540,542,True,2
parent,7.3.8.1-c1,7.3.8.1,280,1606,374,376,True,1
parent,7.3.8.1-c2,7.3.8.1,560,3210,698,700,True,2
parent,7.3.8.1-c3,7.3.8.1,74,421,95,97,False,1
parent,7.3.8.1-c4,7.3.8.1,126,742,158,160,False,1
parent,7.3.8.1-c5,7.3.8.1,111,613,153,155,False,1
parent,7.3.8.2-c1,7.3.8.2,381,2295,513,515,True,1
parent,7.3.8.2-c2,7.3.8.2,540,3162,680,682,True,2
parent,7.3.8.2-c3,7.3.8.2,72,422,93,95,False,1
parent,7.3.8.2-c4,7.3.8.2,126,742,158,160,False,1
parent,7.3.8.2-c5,7.3.8.2,108,608,150,152,False,1
parent,7.3.9-c1,7.3.9,52,322,91,93,False,1
parent,7.3.9-c2,7.3.9,87,557,126,128,False,1
parent,7.3.9-c3,7.3.9,85,553,118,120,False,1
parent,7.3.9-c4,7.3.9,218,1293,314,316,True,1
parent,7.3.9-c5,7.3.9,1021,6157,1441,1443,True,4
parent,7.3.9-c6,7.3.9,162,930,219,221,False,1
parent,7.3.9-c7,7.3.9,51,315,79,81,False,1
parent,7.3.9-c8,7.3.9,49,280,68,70,False,1
parent,7.3.9-c9,7.3.9,265,1515,371,373,True,1
parent,7.3.9-c10,7.3.9,145,841,207,209,False,1
parent,7.3.9-c11,7.3.9,23,120,32,34,False,1
parent,7.3.9-c12,7.3.9,217,1258,297,299,True,1
parent,7.3.9.1-c1,7.3.9.1,103,681,163,165,False,1
parent,7.3.9.1-c2,7.3.9.1,474,2936,690,692,True,2
parent,7.3.9.1-c3,7.3.9.1,45,292,67,69,False,1
parent,7.3.9.1-c4,7.3.9.1,50,338,77,79,False,1
parent,7.3.9.1-c5,7.3.9.1,360,2163,474,476,True,1
parent,7.3.9.1-c6,7.3.9.1,84,496,122,124,False,1
parent,7.3.9.2-c1,7.3.9.2,105,684,172,174,False,1
parent,7.3.9.2-c2,7.3.9.2,474,2936,689,691,True,2
parent,7.3.9.2-c3,7.3.9.2,302,1973,429,431,True,1
parent,7.3.9.2-c4,7.3.9.2,243,1522,353,355,True,1
parent,7.3.9.2-c5,7.3.9.2,1045,6388,1380,1382,True,3
parent,7.3.9.2-c6,7.3.9.2,90,546,136,138,False,1
parent,7.3.9.3-c1,7.3.9.3,90,624,162,164,False,1
parent,7.3.9.3-c2,7.3.9.3,474,2936,689,691,True,2
parent,7.3.9.3-c3,7.3.9.3,41,286,72,74,False,1
parent,7.3.9.3-c4,7.3.9.3,47,340,82,84,False,1
parent,7.3.9.3-c5,7.3.9.3,361,2170,476,478,True,1
parent,7.3.9.3-c6,7.3.9.3,80,516,132,134,False,1
parent,7.3.9.4-c1,7.3.9.4,183,1147,293,295,True,1
parent,7.3.9.5-c1,7.3.9.5,127,854,218,220,False,1
parent,7.3.9.5-c2,7.3.9.5,474,2940,693,695,True,2
parent,7.3.9.5-c3,7.3.9.5,47,297,67,69,False,1
parent,7.3.9.5-c4,7.3.9.5,50,338,77,79,False,1
parent,7.3.9.5-c5,7.3.9.5,67,355,81,83,False,1
parent,7.3.9.5-c6,7.3.9.5,1113,6830,1519,1521,True,4
parent,7.3.9.5-c7,7.3.9.5,102,579,142,144,False,1
parent,7.3.9.6-c1,7.3.9.6,229,1360,355,357,True,1
parent,7.3.10-c1,7.3.10,172,989,239,241,False,1
parent,7.3.10-c2,7.3.10,115,680,155,157,False,1
parent,7.3.10-c3,7.3.10,135,786,196,198,False,1
parent,7.3.10-c4,7.3.10,423,2593,603,605,True,2
parent,7.3.10-c5,7.3.10,43,249,63,65,False,1
parent,7.3.10-c6,7.3.10,52,297,72,74,False,1
parent,7.3.10-c7,7.3.10,374,2110,519,521,True,2
parent,7.3.10-c8,7.3.10,98,598,140,142,False,1
parent,7.3.10.1-c1,7.3.10.1,137,940,255,257,True,1
parent,7.3.10.1-c2,7.3.10.1,655,4117,959,961,True,2
parent,7.3.10.1-c3,7.3.10.1,91,612,128,130,False,1
parent,7.3.10.1-c4,7.3.10.1,101,600,126,128,False,1
parent,7.3.10.1-c5,7.3.10.1,94,577,131,133,False,1
parent,7.3.10.1-c6,7.3.10.1,104,586,145,147,False,1
parent,7.3.10.2-c1,7.3.10.2,251,1439,359,361,True,1
parent,7.3.10.3-c1,7.3.10.3,156,984,248,250,False,1
parent,7.3.10.3-c2,7.3.10.3,655,4119,961,963,True,2
parent,7.3.10.3-c3,7.3.10.3,89,602,124,126,False,1
parent,7.3.10.3-c4,7.3.10.3,210,1304,304,306,True,1
parent,7.3.10.3-c5,7.3.10.3,60,416,91,93,False,1
parent,7.3.10.3-c6,7.3.10.3,64,349,80,82,False,1
parent,7.3.10.3-c7,7.3.10.3,134,730,176,178,False,1
parent,7.3.10.4-c1,7.3.10.4,355,1948,484,486,True,1
parent,7.3.10.5-c1,7.3.10.5,133,874,228,230,False,1
parent,7.3.10.5-c2,7.3.10.5,654,4109,962,964,True,2
parent,7.3.10.5-c3,7.3.10.5,86,570,125,127,False,1
parent,7.3.10.5-c4,7.3.10.5,101,594,125,127,False,1
parent,7.3.10.5-c5,7.3.10.5,92,553,129,131,False,1
parent,7.3.10.5-c6,7.3.10.5,66,351,80,82,False,1
parent,7.3.10.5-c7,7.3.10.5,121,665,162,164,False,1
parent,7.3.10.6-c1,7.3.10.6,324,1823,465,467,True,1
parent,7.3.11-c1,7.3.11,58,345,94,96,False,1
parent,7.3.11-c2,7.3.11,349,1999,501,503,True,2
parent,7.3.11-c3,7.3.11,45,264,66,68,False,1
parent,7.3.11-c4,7.3.11,110,660,142,144,False,1
parent,7.3.11-c5,7.3.11,70,431,97,99,False,1
parent,7.3.11.1-c1,7.3.11.1,595,3682,879,881,True,2
parent,7.3.11.1-c2,7.3.11.1,64,341,84,86,False,1
parent,7.3.11.1-c3,7.3.11.1,100,546,119,121,False,1
parent,7.3.11.1-c4,7.3.11.1,96,516,112,114,False,1
parent,7.3.11.2-c1,7.3.11.2,149,825,195,197,False,1
parent,7.3.12-c1,7.3.12,58,346,95,97,False,1
parent,7.3.12-c2,7.3.12,183,1069,262,264,True,1
parent,7.3.12-c3,7.3.12,419,2287,557,559,True,2
parent,7.3.12.1-c1,7.3.12.1,594,3681,882,884,True,2
parent,7.3.12.1-c2,7.3.12.1,64,341,84,86,False,1
parent,7.3.12.1-c3,7.3.12.1,1213,7002,1495,1497,True,5
parent,7.3.12.1-c4,7.3.12.1,96,516,112,114,False,1
parent,7.3.12.2-c1,7.3.12.2,150,837,196,198,False,1
parent,7.3.13-c1,7.3.13,205,1145,267,269,True,1
parent,7.3.13-c2,7.3.13,476,2735,656,658,True,2
parent,7.3.13-c3,7.3.13,622,3668,834,836,True,2
parent,7.3.13-c4,7.3.13,1490,8446,2097,2099,True,8
parent,7.3.13-c5,7.3.13,283,1644,359,361,True,1
parent,7.3.13.1-c1,7.3.13.1,751,4602,1081,1083,True,3
parent,7.3.13.1-c2,7.3.13.1,78,514,111,113,False,1
parent,7.3.13.1-c3,7.3.13.1,60,324,78,80,False,1
parent,7.3.13.1-c4,7.3.13.1,865,5095,1067,1069,True,3
parent,7.3.13.1-c5,7.3.13.1,334,1914,418,420,True,1
parent,7.3.13.2-c1,7.3.13.2,516,2879,667,669,True,2
parent,7.3.13.3-c1,7.3.13.3,743,4552,1065,1067,True,3
parent,7.3.13.3-c2,7.3.13.3,78,516,113,115,False,1
parent,7.3.13.3-c3,7.3.13.3,60,324,78,80,False,1
parent,7.3.13.3-c4,7.3.13.3,266,1486,320,322,True,1
parent,7.3.13.3-c5,7.3.13.3,591,3546,734,736,True,2
parent,7.3.13.3-c6,7.3.13.3,333,1908,415,417,True,1
parent,7.3.13.4-c1,7.3.13.4,515,2866,653,655,True,2
parent,7.3.13.5-c1,7.3.13.5,758,4631,1084,1086,True,3
parent,7.3.13.5-c2,7.3.13.5,78,514,111,113,False,1
parent,7.3.13.5-c3,7.3.13.5,60,324,78,80,False,1
parent,7.3.13.5-c4,7.3.13.5,2011,11560,2483,2485,True,7
parent,7.3.13.5-c5,7.3.13.5,596,3594,746,748,True,2
parent,7.3.13.5-c6,7.3.13.5,595,3430,761,763,True,3
parent,7.3.13.6-c1,7.3.13.6,757,4668,1115,1117,True,3
parent,7.3.13.6-c2,7.3.13.6,78,518,115,117,False,1
parent,7.3.13.6-c3,7.3.13.6,60,324,78,80,False,1
parent,7.3.13.6-c4,7.3.13.6,1974,11411,2435,2437,True,6
parent,7.3.13.6-c5,7.3.13.6,596,3604,756,758,True,2
parent,7.3.13.6-c6,7.3.13.6,592,3436,774,776,True,3
parent,7.3.13.7-c1,7.3.13.7,825,4532,1050,1052,True,3
parent,7.3.13.8-c1,7.3.13.8,757,4660,1107,1109,True,3
parent,7.3.13.8-c2,7.3.13.8,78,516,113,115,False,1
parent,7.3.13.8-c3,7.3.13.8,60,324,78,80,False,1
parent,7.3.13.8-c4,7.3.13.8,1924,11093,2375,2377,True,6
parent,7.3.13.8-c5,7.3.13.8,596,3604,756,758,True,2
parent,7.3.13.8-c6,7.3.13.8,592,3429,768,770,True,3
parent,7.3.13.9-c1,7.3.13.9,755,4639,1095,1097,True,3
parent,7.3.13.9-c2,7.3.13.9,78,518,115,117,False,1
parent,7.3.13.9-c3,7.3.13.9,60,324,78,80,False,1
parent,7.3.13.9-c4,7.3.13.9,1854,10749,2311,2313,True,6
parent,7.3.13.9-c5,7.3.13.9,596,3604,756,758,True,2
parent,7.3.13.9-c6,7.3.13.9,590,3406,763,765,True,3
parent,7.3.13.10-c1,7.3.13.10,912,5041,1139,1141,True,3
parent,7.3.14-c1,7.3.14,59,340,98,100,False,1
parent,7.3.14-c2,7.3.14,1634,9546,2224,2226,True,8
parent,7.3.14-c3,7.3.14,586,3333,790,792,True,2
parent,7.3.14.1-c1,7.3.14.1,670,4124,966,968,True,2
parent,7.3.14.1-c2,7.3.14.1,71,395,96,98,False,1
parent,7.3.14.1-c3,7.3.14.1,792,4932,1037,1039,True,3
parent,7.3.14.1-c4,7.3.14.1,833,5128,1111,1113,True,3
parent,7.3.14.1-c5,7.3.14.1,126,679,148,150,False,1
parent,7.3.14.2-c1,7.3.14.2,222,1194,293,295,True,1
parent,7.3.15-c1,7.3.15,142,802,197,199,False,1
parent,7.3.15-c2,7.3.15,768,4466,1046,1048,True,3
parent,7.3.15-c3,7.3.15,76,443,112,114,False,1
parent,7.3.15.1-c1,7.3.15.1,823,5010,1157,1159,True,3
parent,7.3.15.1-c2,7.3.15.1,90,606,131,133,False,1
parent,7.3.15.1-c3,7.3.15.1,72,400,97,99,False,1
parent,7.3.15.1-c4,7.3.15.1,76,449,98,100,False,1
parent,7.3.15.1-c5,7.3.15.1,780,4781,1032,1034,True,3
parent,7.3.15.1-c6,7.3.15.1,158,828,185,187,False,1
parent,7.3.15.2-c1,7.3.15.2,401,2119,503,505,True,2
parent,7.3.15.3-c1,7.3.15.3,822,5021,1168,1170,True,3
parent,7.3.15.3-c2,7.3.15.3,91,622,138,140,False,1
parent,7.3.15.3-c3,7.3.15.3,72,400,97,99,False,1
parent,7.3.15.3-c4,7.3.15.3,76,449,98,100,False,1
parent,7.3.15.3-c5,7.3.15.3,2466,14540,3115,3117,True,8
parent,7.3.15.3-c6,7.3.15.3,401,2233,499,501,True,1
parent,7.3.15.4-c1,7.3.15.4,823,5040,1173,1175,True,3
parent,7.3.15.4-c2,7.3.15.4,91,610,126,128,False,1
parent,7.3.15.4-c3,7.3.15.4,71,396,96,98,False,1
parent,7.3.15.4-c4,7.3.15.4,76,449,98,100,False,1
parent,7.3.15.4-c5,7.3.15.4,1931,11445,2444,2446,True,8
parent,7.3.15.4-c6,7.3.15.4,401,2225,493,495,True,1
parent,7.3.15.5-c1,7.3.15.5,779,4257,983,985,True,3
parent,7.3.16-c1,7.3.16,129,760,194,196,False,1
parent,7.3.16-c2,7.3.16,516,3071,703,705,True,2
parent,7.3.16-c3,7.3.16,447,2461,569,571,True,2
parent,7.3.16.1-c1,7.3.16.1,272,1662,376,378,True,1
parent,7.3.16.1-c2,7.3.16.1,60,322,80,82,False,1
parent,7.3.16.1-c3,7.3.16.1,163,974,203,205,False,1
parent,7.3.16.1-c4,7.3.16.1,109,711,131,133,False,1
parent,7.3.16.1-c5,7.3.16.1,412,2284,533,535,True,2
parent,7.3.16.1-c6,7.3.16.1,44,236,50,52,False,1
parent,7.3.16.1-c7,7.3.16.1,114,602,132,134,False,1
parent,7.3.16.2-c1,7.3.16.2,323,1753,399,401,True,1
parent,7.3.17-c1,7.3.17,205,1169,288,290,True,1
parent,7.3.17-c2,7.3.17,108,622,193,195,False,1
parent,7.3.17-c3,7.3.17,174,967,240,242,False,1
parent,7.3.17-c4,7.3.17,437,2293,611,613,True,3
parent,7.3.17-c5,7.3.17,37,222,52,54,False,1
parent,7.3.17-c6,7.3.17,142,769,188,190,False,1
parent,7.3.17.1-c1,7.3.17.1,226,1372,362,364,True,1
parent,7.3.17.1-c2,7.3.17.1,51,326,75,77,False,1
parent,7.3.17.1-c3,7.3.17.1,141,915,208,210,False,1
parent,7.3.17.1-c4,7.3.17.1,138,826,183,185,False,1
parent,7.3.17.1-c5,7.3.17.1,67,362,93,95,False,1
parent,7.3.17.1-c6,7.3.17.1,51,270,59,61,False,1
parent,7.3.17.1-c7,7.3.17.1,149,890,252,254,False,1
parent,7.3.17.2-c1,7.3.17.2,318,1844,516,518,True,1
parent,7.3.17.3-c1,7.3.17.3,244,1469,381,383,True,1
parent,7.3.17.3-c2,7.3.17.3,51,326,75,77,False,1
parent,7.3.17.3-c3,7.3.17.3,141,915,208,210,False,1
parent,7.3.17.3-c4,7.3.17.3,138,824,181,183,False,1
parent,7.3.17.3-c5,7.3.17.3,67,362,93,95,False,1
parent,7.3.17.3-c6,7.3.17.3,120,668,151,153,False,1
parent,7.3.17.3-c7,7.3.17.3,167,982,284,286,True,1
parent,7.3.17.4-c1,7.3.17.4,382,2183,603,605,True,2
parent,7.3.17.5-c1,7.3.17.5,224,1362,354,356,True,1
parent,7.3.17.5-c2,7.3.17.5,51,326,75,77,False,1
parent,7.3.17.5-c3,7.3.17.5,141,915,208,210,False,1
parent,7.3.17.5-c4,7.3.17.5,138,826,183,185,False,1
parent,7.3.17.5-c5,7.3.17.5,67,362,93,95,False,1
parent,7.3.17.5-c6,7.3.17.5,106,633,162,164,False,1
parent,7.3.17.5-c7,7.3.17.5,516,2996,664,666,True,2
parent,7.3.17.5-c8,7.3.17.5,879,5023,1074,1076,True,3
parent,7.3.17.5-c9,7.3.17.5,136,794,191,193,False,1
parent,7.3.17.5-c10,7.3.17.5,289,1652,378,380,True,1
parent,7.3.17.5-c11,7.3.17.5,395,2330,590,592,True,2
parent,7.3.17.6-c1,7.3.17.6,224,1365,354,356,True,1
parent,7.3.17.6-c2,7.3.17.6,51,326,75,77,False,1
parent,7.3.17.6-c3,7.3.17.6,141,915,208,210,False,1
parent,7.3.17.6-c4,7.3.17.6,138,824,181,183,False,1
parent,7.3.17.6-c5,7.3.17.6,67,362,93,95,False,1
parent,7.3.17.6-c6,7.3.17.6,1427,8289,1834,1836,True,4
parent,7.3.17.6-c7,7.3.17.6,321,1854,433,435,True,1
parent,7.3.17.6-c8,7.3.17.6,395,2322,582,584,True,2
parent,7.3.17.7-c1,7.3.17.7,645,3695,986,988,True,3
parent,7.3.17.8-c1,7.3.17.8,242,1463,379,381,True,1
parent,7.3.17.8-c2,7.3.17.8,51,326,75,77,False,1
parent,7.3.17.8-c3,7.3.17.8,141,915,208,210,False,1
parent,7.3.17.8-c4,7.3.17.8,138,824,181,183,False,1
parent,7.3.17.8-c5,7.3.17.8,67,362,93,95,False,1
parent,7.3.17.8-c6,7.3.17.8,1784,10321,2310,2312,True,5
parent,7.3.17.8-c7,7.3.17.8,413,2418,621,623,True,2
parent,7.3.17.9-c1,7.3.17.9,242,1462,379,381,True,1
parent,7.3.17.9-c2,7.3.17.9,51,326,75,77,False,1
parent,7.3.17.9-c3,7.3.17.9,141,915,208,210,False,1
parent,7.3.17.9-c4,7.3.17.9,138,824,181,183,False,1
parent,7.3.17.9-c5,7.3.17.9,68,366,94,96,False,1
parent,7.3.17.9-c6,7.3.17.9,1511,8799,1993,1995,True,4
parent,7.3.17.9-c7,7.3.17.9,416,2410,609,611,True,2
parent,7.3.17.10-c1,7.3.17.10,759,4363,1130,1132,True,3
parent,7.3.18-c1,7.3.18,156,892,225,227,False,1
parent,7.3.18-c2,7.3.18,586,3491,804,806,True,2
parent,7.3.18-c3,7.3.18,609,3501,803,805,True,2
parent,7.3.18.1-c1,7.3.18.1,290,1795,433,435,True,1
parent,7.3.18.1-c2,7.3.18.1,62,328,86,88,False,1
parent,7.3.18.1-c3,7.3.18.1,790,4957,1087,1089,True,3
parent,7.3.18.1-c4,7.3.18.1,163,979,207,209,False,1
parent,7.3.18.1-c5,7.3.18.1,109,714,135,137,False,1
parent,7.3.18.1-c6,7.3.18.1,825,5101,1125,1127,True,3
parent,7.3.18.1-c7,7.3.18.1,116,677,188,190,False,1
parent,7.3.18.2-c1,7.3.18.2,407,2391,600,602,True,2
parent,7.3.19-c1,7.3.19,403,2177,562,564,True,2
parent,7.3.19.1-c1,7.3.19.1,336,2015,524,526,True,1
parent,7.3.19.1-c2,7.3.19.1,51,326,75,77,False,1
parent,7.3.19.1-c3,7.3.19.1,141,915,208,210,False,1
parent,7.3.19.1-c4,7.3.19.1,137,816,181,183,False,1
parent,7.3.19.1-c5,7.3.19.1,577,3634,800,802,True,2
parent,7.3.19.1-c6,7.3.19.1,69,371,101,103,False,1
parent,7.3.19.1-c7,7.3.19.1,164,932,208,210,False,1
parent,7.3.19.1-c8,7.3.19.1,195,1127,332,334,True,1
parent,7.3.19.2-c1,7.3.19.2,529,2969,824,826,True,2
parent,7.3.19.3-c1,7.3.19.3,332,2011,524,526,True,1
parent,7.3.19.3-c2,7.3.19.3,51,326,75,77,False,1
parent,7.3.19.3-c3,7.3.19.3,141,915,208,210,False,1
parent,7.3.19.3-c4,7.3.19.3,138,826,182,184,False,1
parent,7.3.19.3-c5,7.3.19.3,598,3740,815,817,True,2
parent,7.3.19.3-c6,7.3.19.3,68,361,96,98,False,1
parent,7.3.19.3-c7,7.3.19.3,1866,10826,2424,2426,True,7
parent,7.3.19.3-c8,7.3.19.3,444,2561,658,660,True,2
parent,7.3.19.4-c1,7.3.19.4,975,5435,1441,1443,True,4
parent,7.3.20-c1,7.3.20,776,4302,1089,1091,True,3
parent,7.3.20.1-c1,7.3.20.1,327,1999,516,518,True,1
parent,7.3.20.1-c2,7.3.20.1,51,326,75,77,False,1
parent,7.3.20.1-c3,7.3.20.1,141,915,208,210,False,1
parent,7.3.20.1-c4,7.3.20.1,138,829,182,184,False,1
parent,7.3.20.1-c5,7.3.20.1,380,2375,502,504,True,1
parent,7.3.20.1-c6,7.3.20.1,62,341,88,90,False,1
parent,7.3.20.1-c7,7.3.20.1,164,932,208,210,False,1
parent,7.3.20.1-c8,7.3.20.1,189,1101,318,320,True,1
parent,7.3.20.2-c1,7.3.20.2,500,2889,799,801,True,2
parent,7.3.20.3-c1,7.3.20.3,322,1983,518,520,True,1
parent,7.3.20.3-c2,7.3.20.3,51,326,75,77,False,1
parent,7.3.20.3-c3,7.3.20.3,141,915,208,210,False,1
parent,7.3.20.3-c4,7.3.20.3,138,826,182,184,False,1
parent,7.3.20.3-c5,7.3.20.3,382,2386,502,504,True,1
parent,7.3.20.3-c6,7.3.20.3,63,345,89,91,False,1
parent,7.3.20.3-c7,7.3.20.3,71,410,97,99,False,1
parent,7.3.20.3-c8,7.3.20.3,1408,8188,1864,1866,True,4
parent,7.3.20.3-c9,7.3.20.3,434,2506,641,643,True,2
parent,7.3.20.4-c1,7.3.20.4,952,5404,1431,1433,True,4
parent,7.3.21-c1,7.3.21,128,752,195,197,False,1
parent,7.3.21-c2,7.3.21,944,5629,1248,1250,True,3
parent,7.3.21-c3,7.3.21,427,2382,564,566,True,2
parent,7.3.21.1-c1,7.3.21.1,269,1671,396,398,True,1
parent,7.3.21.1-c2,7.3.21.1,159,985,208,210,False,1
parent,7.3.21.1-c3,7.3.21.1,99,623,144,146,False,1
parent,7.3.21.1-c4,7.3.21.1,49,334,83,85,False,1
parent,7.3.21.1-c5,7.3.21.1,59,313,79,81,False,1
parent,7.3.21.1-c6,7.3.21.1,167,1128,248,250,False,1
parent,7.3.21.1-c7,7.3.21.1,412,2306,535,537,True,2
parent,7.3.21.1-c8,7.3.21.1,140,803,200,202,False,1
parent,7.3.21.2-c1,7.3.21.2,457,2710,666,668,True,2
parent,7.3.22-c1,7.3.22,141,810,209,211,False,1
parent,7.3.22-c2,7.3.22,991,5930,1323,1325,True,3
parent,7.3.22-c3,7.3.22,527,3048,702,704,True,2
parent,7.3.22.1-c1,7.3.22.1,290,1787,428,430,True,1
parent,7.3.22.1-c2,7.3.22.1,159,985,208,210,False,1
parent,7.3.22.1-c3,7.3.22.1,99,622,143,145,False,1
parent,7.3.22.1-c4,7.3.22.1,49,334,83,85,False,1
parent,7.3.22.1-c5,7.3.22.1,57,305,81,83,False,1
parent,7.3.22.1-c6,7.3.22.1,788,4957,1079,1081,True,3
parent,7.3.22.1-c7,7.3.22.1,167,1134,252,254,False,1
parent,7.3.22.1-c8,7.3.22.1,822,5090,1114,1116,True,3
parent,7.3.22.1-c9,7.3.22.1,149,855,217,219,False,1
parent,7.3.22.2-c1,7.3.22.2,544,3153,803,805,True,2
parent,7.3.23-c1,7.3.23,595,3485,781,783,True,2
parent,7.3.23-c2,7.3.23,364,1937,506,508,True,2
parent,7.3.23-c3,7.3.23,315,1790,425,427,True,1
parent,7.3.23-c4,7.3.23,221,1289,305,307,True,1
parent,7.3.23-c5,7.3.23,420,2396,614,616,True,3
parent,7.3.23-c6,7.3.23,385,2331,518,520,True,1
parent,7.3.23-c7,7.3.23,632,3637,864,866,True,2
parent,7.3.23-c8,7.3.23,391,2255,521,523,True,3
parent,7.3.23-c9,7.3.23,189,1071,278,280,True,1
parent,7.3.23-c10,7.3.23,67,390,93,95,False,1
parent,7.3.23.1-c1,7.3.23.1,298,1830,433,435,True,1
parent,7.3.23.1-c2,7.3.23.1,140,883,175,177,False,1
parent,7.3.23.1-c3,7.3.23.1,18,122,24,26,False,1
parent,7.3.23.1-c4,7.3.23.1,1237,7453,1564,1566,True,4
parent,7.3.23.1-c5,7.3.23.1,131,779,187,189,False,1
parent,7.3.23.2-c1,7.3.23.2,178,1146,293,295,True,1
parent,7.3.23.3-c1,7.3.23.3,1712,10422,2228,2230,True,5
parent,7.3.23.3-c2,7.3.23.3,131,783,191,193,False,1
parent,7.3.23.4-c1,7.3.23.4,179,1162,298,300,True,1
parent,7.3.23.5-c1,7.3.23.5,349,2142,506,508,True,1
parent,7.3.23.5-c2,7.3.23.5,140,883,175,177,False,1
parent,7.3.23.5-c3,7.3.23.5,25,186,45,47,False,1
parent,7.3.23.5-c4,7.3.23.5,1238,7455,1569,1571,True,4
parent,7.3.23.5-c5,7.3.23.5,144,855,215,217,False,1
parent,7.3.23.6-c1,7.3.23.6,237,1504,382,384,True,1
parent,7.3.23.7-c1,7.3.23.7,350,2153,507,509,True,1
parent,7.3.23.7-c2,7.3.23.7,141,895,176,178,False,1
parent,7.3.23.7-c3,7.3.23.7,26,176,38,40,False,1
parent,7.3.23.7-c4,7.3.23.7,1238,7453,1567,1569,True,4
parent,7.3.23.7-c5,7.3.23.7,146,871,209,211,False,1
parent,7.3.23.8-c1,7.3.23.8,246,1574,385,387,True,1
parent,7.3.23.9-c1,7.3.23.9,237,1403,286,288,True,1
parent,7.3.23.9-c2,7.3.23.9,149,968,196,198,False,1
parent,7.3.23.9-c3,7.3.23.9,120,780,170,172,False,1
parent,7.3.23.9-c4,7.3.23.9,234,1518,310,312,True,1
parent,7.3.24-c1,7.3.24,463,2609,604,606,True,2
parent,7.3.24-c2,7.3.24,229,1339,366,368,True,1
parent,7.3.24-c3,7.3.24,28,148,35,37,False,1
parent,7.3.24-c4,7.3.24,51,271,65,67,False,1
parent,7.3.24-c5,7.3.24,613,3421,817,819,True,3
parent,7.3.24-c6,7.3.24,68,385,93,95,False,1
parent,7.3.24-c7,7.3.24,78,457,104,106,False,1
parent,7.3.24-c8,7.3.24,246,1515,322,324,True,1
parent,7.3.24.1-c1,7.3.24.1,370,2146,502,504,True,1
parent,7.3.24.1-c2,7.3.24.1,25,148,36,38,False,1
parent,7.3.24.1-c3,7.3.24.1,66,375,89,91,False,1
parent,7.3.24.1-c4,7.3.24.1,586,3337,754,756,True,2
parent,7.3.24.1-c5,7.3.24.1,98,560,136,138,False,1
parent,7.3.24.1-c6,7.3.24.1,126,743,160,162,False,1
parent,7.3.24.1-c7,7.3.24.1,116,707,141,143,False,1
parent,7.3.24.1-c8,7.3.24.1,163,890,237,239,False,1
parent,7.3.25-c1,7.3.25,161,931,192,194,False,1
parent,7.3.25-c2,7.3.25,1807,10365,2625,2627,True,7
parent,7.3.25-c3,7.3.25,1777,10296,2346,2348,True,6
parent,7.3.25.1-c1,7.3.25.1,430,2610,606,608,True,2
parent,7.3.25.1-c2,7.3.25.1,72,503,113,115,False,1
parent,7.3.25.1-c3,7.3.25.1,43,256,57,59,False,1
parent,7.3.25.1-c4,7.3.25.1,61,345,78,80,False,1
parent,7.3.25.1-c5,7.3.25.1,131,728,191,193,False,1
parent,7.3.25.2-c1,7.3.25.2,249,1426,374,376,True,1
parent,7.3.25.3-c1,7.3.25.3,660,4095,971,973,True,2
parent,7.3.25.3-c2,7.3.25.3,78,520,117,119,False,1
parent,7.3.25.3-c3,7.3.25.3,43,257,59,61,False,1
parent,7.3.25.3-c4,7.3.25.3,119,652,165,167,False,1
parent,7.3.25.4-c1,7.3.25.4,194,1136,292,294,True,1
parent,7.3.25.5-c1,7.3.25.5,493,3054,720,722,True,2
parent,7.3.25.5-c2,7.3.25.5,78,527,120,122,False,1
parent,7.3.25.5-c3,7.3.25.5,63,344,84,86,False,1
parent,7.3.25.5-c4,7.3.25.5,61,349,82,84,False,1
parent,7.3.25.5-c5,7.3.25.5,144,802,205,207,False,1
parent,7.3.25.6-c1,7.3.25.6,297,1703,428,430,True,1
parent,7.3.25.7-c1,7.3.25.7,730,4495,1067,1069,True,3
parent,7.3.25.7-c2,7.3.25.7,78,522,119,121,False,1
parent,7.3.25.7-c3,7.3.25.7,65,351,87,89,False,1
parent,7.3.25.7-c4,7.3.25.7,61,349,82,84,False,1
parent,7.3.25.7-c5,7.3.25.7,142,780,199,201,False,1
parent,7.3.25.8-c1,7.3.25.8,280,1599,403,405,True,1
parent,7.3.26-c1,7.3.26,86,541,127,129,False,1
parent,7.3.26-c2,7.3.26,50,324,66,68,False,1
parent,7.3.26-c3,7.3.26,420,2610,619,621,True,3
parent,7.3.26-c4,7.3.26,494,2832,686,688,True,2
parent,7.3.26-c5,7.3.26,188,1157,277,279,True,1
parent,7.3.26-c6,7.3.26,211,1230,257,259,True,1
parent,7.3.26-c7,7.3.26,2013,12152,2988,2990,True,7
parent,7.3.26.1-c1,7.3.26.1,187,1212,254,256,False,1
parent,7.3.26.1-c2,7.3.26.1,370,2280,469,471,True,1
parent,7.3.26.1-c3,7.3.26.1,125,798,156,158,False,1
parent,7.3.26.1-c4,7.3.26.1,21,154,40,42,False,1
parent,7.3.26.1-c5,7.3.26.1,87,537,115,117,False,1
parent,7.3.26.2-c1,7.3.26.2,488,2906,682,684,True,2
parent,7.3.27-c1,7.3.27,45,289,68,70,False,1
parent,7.3.27-c2,7.3.27,50,327,66,68,False,1
parent,7.3.27-c3,7.3.27,84,581,128,130,False,1
parent,7.3.27-c4,7.3.27,42,262,65,67,False,1
parent,7.3.27-c5,7.3.27,83,506,112,114,False,1
parent,7.3.27-c6,7.3.27,42,242,55,57,False,1
parent,7.3.27-c7,7.3.27,82,462,100,102,False,1
parent,7.3.27-c8,7.3.27,108,631,157,159,False,1
parent,7.3.27.1-c1,7.3.27.1,256,1706,336,338,True,1
parent,7.3.27.1-c2,7.3.27.1,370,2280,469,471,True,1
parent,7.3.27.1-c3,7.3.27.1,125,798,156,158,False,1
parent,7.3.27.1-c4,7.3.27.1,21,154,40,42,False,1
parent,7.3.27.1-c5,7.3.27.1,87,544,116,118,False,1
parent,7.3.27.2-c1,7.3.27.2,511,3154,716,718,True,2
parent,7.3.28-c1,7.3.28,86,542,122,124,False,1
parent,7.3.28-c2,7.3.28,121,739,153,155,False,1
parent,7.3.28-c3,7.3.28,427,2550,622,624,True,3
parent,7.3.28-c4,7.3.28,224,1158,319,321,True,1
parent,7.3.28-c5,7.3.28,270,1542,370,372,True,1
parent,7.3.28-c6,7.3.28,247,1359,316,318,True,1
parent,7.3.28-c7,7.3.28,88,505,121,123,False,1
parent,7.3.28-c8,7.3.28,883,5317,1231,1233,True,3
parent,7.3.28-c9,7.3.28,276,1595,372,374,True,1
parent,7.3.28.1-c1,7.3.28.1,743,5033,1143,1145,True,3
parent,7.3.28.1-c2,7.3.28.1,170,1050,237,239,False,1
parent,7.3.28.1-c3,7.3.28.1,461,2979,625,627,True,2
parent,7.3.28.1-c4,7.3.28.1,524,3223,769,771,True,2
parent,7.3.28.1-c5,7.3.28.1,186,1212,270,272,True,1
parent,7.3.28.1-c6,7.3.28.1,471,2898,599,601,True,2
parent,7.3.28.1-c7,7.3.28.1,158,1076,279,281,True,1
parent,7.3.28.2-c1,7.3.28.2,730,4647,1229,1231,True,4
parent,7.3.29-c1,7.3.29,46,294,70,72,False,1
parent,7.3.29-c2,7.3.29,42,281,56,58,False,1
parent,7.3.29-c3,7.3.29,374,2171,495,497,True,1
parent,7.3.29-c4,7.3.29,42,259,62,64,False,1
parent,7.3.29-c5,7.3.29,105,674,126,128,False,1
parent,7.3.29-c6,7.3.29,77,450,103,105,False,1
parent,7.3.29-c7,7.3.29,209,1285,303,305,True,1
parent,7.3.29.1-c1,7.3.29.1,223,1433,297,299,True,1
parent,7.3.29.1-c2,7.3.29.1,370,2280,469,471,True,1
parent,7.3.29.1-c3,7.3.29.1,124,809,155,157,False,1
parent,7.3.29.1-c4,7.3.29.1,21,142,28,30,False,1
parent,7.3.29.1-c5,7.3.29.1,80,501,108,110,False,1
parent,7.3.29.2-c1,7.3.29.2,448,2698,629,631,True,2
parent,7.3.30-c1,7.3.30,75,456,102,104,False,1
parent,7.3.30-c2,7.3.30,80,496,103,105,False,1
parent,7.3.30-c3,7.3.30,1017,5917,1448,1450,True,4
parent,7.3.30-c4,7.3.30,271,1552,373,375,True,1
parent,7.3.30-c5,7.3.30,247,1358,316,318,True,1
parent,7.3.30-c6,7.3.30,127,803,175,177,False,1
parent,7.3.30-c7,7.3.30,955,5497,1277,1279,True,3
parent,7.3.30.1-c1,7.3.30.1,170,1191,280,282,True,1
parent,7.3.30.1-c2,7.3.30.1,1222,7713,1723,1725,True,4
parent,7.3.30.1-c3,7.3.30.1,461,2982,626,628,True,2
parent,7.3.30.1-c4,7.3.30.1,524,3226,775,777,True,2
parent,7.3.30.1-c5,7.3.30.1,680,4260,923,925,True,2
parent,7.3.30.1-c6,7.3.30.1,230,1517,364,366,True,1
parent,7.3.30.2-c1,7.3.30.2,621,3944,1084,1086,True,4
parent,7.4.1-c1,7.4.1,135,892,176,178,False,1
parent,7.4.1-c2,7.4.1,28,183,36,38,False,1
parent,7.4.1-c3,7.4.1,215,1275,254,256,False,1
parent,7.4.1-c4,7.4.1,111,660,147,149,False,1
parent,7.4.1-c5,7.4.1,135,792,187,189,False,1
parent,7.4.1-c6,7.4.1,59,380,85,87,False,1
parent,7.4.1-c7,7.4.1,80,523,106,108,False,1
parent,7.4.1.1-c1,7.4.1.1,214,1400,257,259,True,1
parent,7.4.1.1-c2,7.4.1.1,192,1244,255,257,True,1
parent,7.4.1.1-c3,7.4.1.1,170,1059,249,251,False,1
parent,7.4.1.1-c4,7.4.1.1,196,1222,268,270,True,1
parent,7.4.1.1-c5,7.4.1.1,363,2254,483,485,True,1
parent,7.4.1.1-c6,7.4.1.1,105,677,143,145,False,1
parent,7.4.1.1-c7,7.4.1.1,145,897,175,177,False,1
parent,7.4.1.1-c8,7.4.1.1,133,835,144,146,False,1
parent,7.4.1.1-c9,7.4.1.1,552,3470,698,700,True,2
parent,7.4.1.2-c1,7.4.1.2,399,2592,578,580,True,2
parent,7.4.2-c1,7.4.2,65,426,90,92,False,1
parent,7.4.2-c2,7.4.2,109,668,142,144,False,1
parent,7.4.2-c3,7.4.2,247,1534,324,326,True,1
parent,7.4.2-c4,7.4.2,756,4364,1062,1064,True,4
parent,7.4.2-c5,7.4.2,59,374,89,91,False,1
parent,7.4.2-c6,7.4.2,269,1515,414,416,True,1
parent,7.4.2-c7,7.4.2,67,459,120,122,False,1
parent,7.4.2-c8,7.4.2,92,575,123,125,False,1
parent,7.4.2.1-c1,7.4.2.1,131,855,168,170,False,1
parent,7.4.2.1-c2,7.4.2.1,192,1256,267,269,True,1
parent,7.4.2.1-c3,7.4.2.1,169,1047,238,240,False,1
parent,7.4.2.1-c4,7.4.2.1,192,1203,263,265,True,1
parent,7.4.2.1-c5,7.4.2.1,87,582,133,135,False,1
parent,7.4.2.1-c6,7.4.2.1,139,853,173,175,False,1
parent,7.4.2.1-c7,7.4.2.1,573,3557,745,747,True,2
parent,7.4.2.2-c1,7.4.2.2,304,1923,439,441,True,1
parent,7.4.2.3-c1,7.4.2.3,130,855,169,171,False,1
parent,7.4.2.3-c2,7.4.2.3,315,1871,413,415,True,1
parent,7.4.2.3-c3,7.4.2.3,169,1049,240,242,False,1
parent,7.4.2.3-c4,7.4.2.3,151,961,206,208,False,1
parent,7.4.2.3-c5,7.4.2.3,87,572,123,125,False,1
parent,7.4.2.3-c6,7.4.2.3,139,853,173,175,False,1
parent,7.4.2.3-c7,7.4.2.3,520,3185,652,654,True,2
parent,7.4.2.4-c1,7.4.2.4,257,1691,400,402,True,1
parent,7.4.2.5-c1,7.4.2.5,146,975,192,194,False,1
parent,7.4.2.5-c2,7.4.2.5,192,1246,257,259,True,1
parent,7.4.2.5-c3,7.4.2.5,169,1049,240,242,False,1
parent,7.4.2.5-c4,7.4.2.5,192,1203,263,265,True,1
parent,7.4.2.5-c5,7.4.2.5,87,572,123,125,False,1
parent,7.4.2.5-c6,7.4.2.5,139,853,173,175,False,1
parent,7.4.2.5-c7,7.4.2.5,640,3907,811,813,True,2
parent,7.4.2.6-c1,7.4.2.6,150,1003,201,203,False,1
parent,7.4.2.6-c2,7.4.2.6,315,1877,413,415,True,1
parent,7.4.2.6-c3,7.4.2.6,170,1057,247,249,False,1
parent,7.4.2.6-c4,7.4.2.6,155,980,211,213,False,1
parent,7.4.2.6-c5,7.4.2.6,105,681,146,148,False,1
parent,7.4.2.6-c6,7.4.2.6,121,744,149,151,False,1
parent,7.4.2.6-c7,7.4.2.6,521,3186,670,672,True,2
parent,7.4.2.6-c8,7.4.2.6,120,720,142,144,False,1
parent,7.4.2.7-c1,7.4.2.7,251,1691,342,344,True,1
parent,7.4.2.7-c2,7.4.2.7,192,1244,255,257,True,1
parent,7.4.2.7-c3,7.4.2.7,169,1047,238,240,False,1
parent,7.4.2.7-c4,7.4.2.7,192,1203,263,265,True,1
parent,7.4.2.7-c5,7.4.2.7,87,572,123,125,False,1
parent,7.4.2.7-c6,7.4.2.7,139,853,173,175,False,1
parent,7.4.2.7-c7,7.4.2.7,347,2103,430,432,True,1
parent,7.4.2.7-c8,7.4.2.7,288,1774,374,376,True,1
parent,7.4.2.7-c9,7.4.2.7,566,3485,718,720,True,2
parent,7.4.2.7-c10,7.4.2.7,313,1856,377,379,True,1
parent,7.4.2.8-c1,7.4.2.8,164,1099,213,215,False,1
parent,7.4.2.8-c2,7.4.2.8,315,1877,413,415,True,1
parent,7.4.2.8-c3,7.4.2.8,170,1059,249,251,False,1
parent,7.4.2.8-c4,7.4.2.8,151,961,206,208,False,1
parent,7.4.2.8-c5,7.4.2.8,105,681,146,148,False,1
parent,7.4.2.8-c6,7.4.2.8,121,744,149,151,False,1
parent,7.4.2.8-c7,7.4.2.8,521,3184,667,669,True,2
parent,7.4.2.8-c8,7.4.2.8,115,693,136,138,False,1
parent,7.4.2.8-c9,7.4.2.8,490,3000,624,626,True,2
parent,7.4.2.8-c10,7.4.2.8,313,1856,377,379,True,1
parent,7.4.3-c1,7.4.3,207,1293,295,297,True,1
parent,7.4.3-c2,7.4.3,80,550,115,117,False,1
parent,7.4.3-c3,7.4.3,268,1598,409,411,True,1
parent,7.4.3-c4,7.4.3,57,358,87,89,False,1
parent,7.4.3-c5,7.4.3,216,1220,343,345,True,1
parent,7.4.3-c6,7.4.3,72,493,127,129,False,1
parent,7.4.3.1-c1,7.4.3.1,273,1790,398,400,True,1
parent,7.4.3.1-c2,7.4.3.1,167,1033,240,242,False,1
parent,7.4.3.1-c3,7.4.3.1,116,757,162,164,False,1
parent,7.4.3.1-c4,7.4.3.1,87,584,135,137,False,1
parent,7.4.3.1-c5,7.4.3.1,105,656,172,174,False,1
parent,7.4.3.2-c1,7.4.3.2,269,1758,415,417,True,1
parent,7.4.3.3-c1,7.4.3.3,215,1404,321,323,True,1
parent,7.4.3.3-c2,7.4.3.3,167,1033,240,242,False,1
parent,7.4.3.3-c3,7.4.3.3,116,757,162,164,False,1
parent,7.4.3.3-c4,7.4.3.3,99,653,146,148,False,1
parent,7.4.3.3-c5,7.4.3.3,88,546,145,147,False,1
parent,7.4.3.4-c1,7.4.3.4,219,1425,348,350,True,1
parent,7.4.4-c1,7.4.4,136,889,181,183,False,1
parent,7.4.4-c2,7.4.4,28,183,36,38,False,1
parent,7.4.4-c3,7.4.4,215,1284,252,254,False,1
parent,7.4.4-c4,7.4.4,135,792,187,189,False,1
parent,7.4.4-c5,7.4.4,59,380,85,87,False,1
parent,7.4.4-c6,7.4.4,87,547,119,121,False,1
parent,7.4.4.1-c1,7.4.4.1,180,1179,219,221,False,1
parent,7.4.4.1-c2,7.4.4.1,192,1244,255,257,True,1
parent,7.4.4.1-c3,7.4.4.1,170,1059,249,251,False,1
parent,7.4.4.1-c4,7.4.4.1,401,2429,532,534,True,1
parent,7.4.4.1-c5,7.4.4.1,362,2251,480,482,True,1
parent,7.4.4.1-c6,7.4.4.1,105,680,146,148,False,1
parent,7.4.4.1-c7,7.4.4.1,152,929,185,187,False,1
parent,7.4.4.1-c8,7.4.4.1,133,821,149,151,False,1
parent,7.4.4.1-c9,7.4.4.1,565,3523,726,728,True,2
parent,7.4.4.2-c1,7.4.4.2,381,2492,572,574,True,2
parent,7.4.5-c1,7.4.5,979,5839,1343,1345,True,4
parent,7.4.5-c2,7.4.5,59,374,89,91,False,1
parent,7.4.5-c3,7.4.5,368,2072,567,569,True,3
parent,7.4.5-c4,7.4.5,109,672,149,151,False,1
parent,7.4.5.1-c1,7.4.5.1,161,1002,212,214,False,1
parent,7.4.5.1-c2,7.4.5.1,192,1244,255,257,True,1
parent,7.4.5.1-c3,7.4.5.1,170,1057,247,249,False,1
parent,7.4.5.1-c4,7.4.5.1,401,2429,532,534,True,1
parent,7.4.5.1-c5,7.4.5.1,105,681,146,148,False,1
parent,7.4.5.1-c6,7.4.5.1,128,776,159,161,False,1
parent,7.4.5.1-c7,7.4.5.1,611,3717,772,774,True,2
parent,7.4.5.2-c1,7.4.5.2,313,1995,483,485,True,1
parent,7.4.5.3-c1,7.4.5.3,442,2673,589,591,True,2
parent,7.4.5.3-c2,7.4.5.3,170,1057,247,249,False,1
parent,7.4.5.3-c3,7.4.5.3,401,2429,532,534,True,1
parent,7.4.5.3-c4,7.4.5.3,105,681,146,148,False,1
parent,7.4.5.3-c5,7.4.5.3,128,776,159,161,False,1
parent,7.4.5.3-c6,7.4.5.3,544,3291,692,694,True,2
parent,7.4.5.4-c1,7.4.5.4,266,1742,424,426,True,1
parent,7.4.6-c1,7.4.6,615,3809,895,897,True,3
parent,7.4.6-c2,7.4.6,360,2011,560,562,True,3
parent,7.4.6-c3,7.4.6,22,138,29,31,False,1
parent,7.4.6.1-c1,7.4.6.1,314,2023,457,459,True,1
parent,7.4.6.1-c2,7.4.6.1,168,1041,247,249,False,1
parent,7.4.6.1-c3,7.4.6.1,350,2136,476,478,True,1
parent,7.4.6.1-c4,7.4.6.1,104,690,158,160,False,1
parent,7.4.6.1-c5,7.4.6.1,93,571,154,156,False,1
parent,7.4.6.2-c1,7.4.6.2,273,1767,418,420,True,1
parent,7.4.6.3-c1,7.4.6.3,217,1407,330,332,True,1
parent,7.4.6.3-c2,7.4.6.3,168,1043,249,251,False,1
parent,7.4.6.3-c3,7.4.6.3,350,2136,476,478,True,1
parent,7.4.6.3-c4,7.4.6.3,104,690,158,160,False,1
parent,7.4.6.3-c5,7.4.6.3,93,571,154,156,False,1
parent,7.4.6.4-c1,7.4.6.4,223,1445,362,364,True,1
parent,7.4.7-c1,7.4.7,1067,6258,1455,1457,True,4
parent,7.4.7-c2,7.4.7,21,148,38,40,False,1
parent,7.4.7-c3,7.4.7,35,240,55,57,False,1
parent,7.4.7.1-c1,7.4.7.1,383,2292,563,565,True,1
parent,7.4.7.1-c2,7.4.7.1,443,2750,544,546,True,2
parent,7.4.7.1-c3,7.4.7.1,424,2703,625,627,True,2
parent,7.4.7.1-c4,7.4.7.1,331,2103,454,456,True,1
parent,7.4.7.1-c5,7.4.7.1,114,690,178,180,False,1
parent,7.4.7.2-c1,7.4.7.2,361,2275,573,575,True,2
parent,7.4.7.3-c1,7.4.7.3,380,2280,556,558,True,1
parent,7.4.7.3-c2,7.4.7.3,443,2750,544,546,True,2
parent,7.4.7.3-c3,7.4.7.3,424,2703,625,627,True,2
parent,7.4.7.3-c4,7.4.7.3,392,2359,523,525,True,2
parent,7.4.7.3-c5,7.4.7.3,114,690,178,180,False,1
parent,7.4.7.4-c1,7.4.7.4,343,2171,539,541,True,1
parent,7.4.8-c1,7.4.8,110,665,161,163,False,1
parent,7.4.8-c2,7.4.8,985,5891,1441,1443,True,4
parent,7.4.8-c3,7.4.8,1787,10378,2731,2733,True,9
parent,7.4.8.1-c1,7.4.8.1,150,915,220,222,False,1
parent,7.4.8.1-c2,7.4.8.1,49,315,67,69,False,1
parent,7.4.8.1-c3,7.4.8.1,328,2123,470,472,True,1
parent,7.4.8.1-c4,7.4.8.1,82,495,137,139,False,1
parent,7.4.8.2-c1,7.4.8.2,182,1073,264,266,True,1
parent,7.4.8.3-c1,7.4.8.3,132,854,204,206,False,1
parent,7.4.8.3-c2,7.4.8.3,89,549,108,110,False,1
parent,7.4.8.3-c3,7.4.8.3,114,712,150,152,False,1
parent,7.4.8.3-c4,7.4.8.3,331,2172,500,502,True,1
parent,7.4.8.3-c5,7.4.8.3,99,619,169,171,False,1
parent,7.4.8.4-c1,7.4.8.4,239,1440,355,357,True,1
parent,7.4.9-c1,7.4.9,176,1126,301,303,True,1
parent,7.4.9-c2,7.4.9,110,751,145,147,False,1
parent,7.4.9-c3,7.4.9,131,760,179,181,False,1
parent,7.4.9-c4,7.4.9,54,295,77,79,False,1
parent,7.4.9-c5,7.4.9,2339,13811,3281,3283,True,10
parent,7.4.9-c6,7.4.9,243,1421,328,330,True,1
parent,7.4.9-c7,7.4.9,241,1332,412,414,True,1
parent,7.4.9.1-c1,7.4.9.1,352,2194,502,504,True,1
parent,7.4.9.1-c2,7.4.9.1,78,514,121,123,False,1
parent,7.4.9.1-c3,7.4.9.1,115,732,152,154,False,1
parent,7.4.9.1-c4,7.4.9.1,121,758,175,177,False,1
parent,7.4.9.1-c5,7.4.9.1,94,574,139,141,False,1
parent,7.4.9.1-c6,7.4.9.1,159,960,228,230,False,1
parent,7.4.9.2-c1,7.4.9.2,381,2190,529,531,True,2
parent,7.4.9.3-c1,7.4.9.3,324,2003,450,452,True,1
parent,7.4.9.3-c2,7.4.9.3,110,681,155,157,False,1
parent,7.4.9.3-c3,7.4.9.3,67,445,98,100,False,1
parent,7.4.9.3-c4,7.4.9.3,132,794,174,176,False,1
parent,7.4.9.3-c5,7.4.9.3,71,447,105,107,False,1
parent,7.4.9.3-c6,7.4.9.3,115,732,152,154,False,1
parent,7.4.9.3-c7,7.4.9.3,94,580,141,143,False,1
parent,7.4.9.3-c8,7.4.9.3,172,967,232,234,False,1
parent,7.4.9.4-c1,7.4.9.4,472,2619,640,642,True,4
parent,7.4.9.5-c1,7.4.9.5,271,1726,421,423,True,1
parent,7.4.9.5-c2,7.4.9.5,110,698,162,164,False,1
parent,7.4.9.5-c3,7.4.9.5,54,361,91,93,False,1
parent,7.4.9.5-c4,7.4.9.5,121,775,211,213,False,1
parent,7.4.9.5-c5,7.4.9.5,68,450,117,119,False,1
parent,7.4.9.5-c6,7.4.9.5,94,582,145,147,False,1
parent,7.4.9.5-c7,7.4.9.5,112,668,206,208,False,1
parent,7.4.9.6-c1,7.4.9.6,288,1662,442,444,True,1
parent,7.4.9.7-c1,7.4.9.7,288,1699,487,489,True,1
parent,7.4.9.8-c1,7.4.9.8,321,1967,446,448,True,1
parent,7.4.9.8-c2,7.4.9.8,73,464,108,110,False,1
parent,7.4.9.8-c3,7.4.9.8,115,732,152,154,False,1
parent,7.4.9.8-c4,7.4.9.8,83,514,116,118,False,1
parent,7.4.9.8-c5,7.4.9.8,94,574,139,141,False,1
parent,7.4.9.8-c6,7.4.9.8,148,870,206,208,False,1
parent,7.4.9.9-c1,7.4.9.9,375,2143,509,511,True,2
parent,7.4.10-c1,7.4.10,102,578,127,129,False,1
parent,7.4.10-c2,7.4.10,567,3101,775,777,True,2
parent,7.4.10-c3,7.4.10,54,299,69,71,False,1
parent,7.4.10-c4,7.4.10,498,2755,748,750,True,3
parent,7.4.10-c5,7.4.10,209,1258,297,299,True,1
parent,7.4.10-c6,7.4.10,367,2181,485,487,True,1
parent,7.4.10-c7,7.4.10,764,4520,1000,1002,True,3
parent,7.4.10-c8,7.4.10,84,534,109,111,False,1
parent,7.4.10-c9,7.4.10,114,608,138,140,False,1
parent,7.4.10.1-c1,7.4.10.1,463,2760,622,624,True,2
parent,7.4.10.1-c2,7.4.10.1,760,4518,1008,1010,True,3
parent,7.4.10.1-c3,7.4.10.1,84,534,109,111,False,1
parent,7.4.10.1-c4,7.4.10.1,114,636,166,168,False,1
parent,7.4.10.2-c1,7.4.10.2,370,2109,552,554,True,2
parent,7.4.11-c1,7.4.11,109,641,141,143,False,1
parent,7.4.11-c2,7.4.11,43,259,54,56,False,1
parent,7.4.11-c3,7.4.11,517,2954,723,725,True,2
parent,7.4.11-c4,7.4.11,475,2709,701,703,True,2
parent,7.4.11-c5,7.4.11,131,759,193,195,False,1
parent,7.4.11.1-c1,7.4.11.1,610,3737,828,830,True,2
parent,7.4.11.1-c2,7.4.11.1,767,4598,1018,1020,True,3
parent,7.4.11.1-c3,7.4.11.1,84,547,122,124,False,1
parent,7.4.11.1-c4,7.4.11.1,120,690,175,177,False,1
parent,7.4.11.2-c1,7.4.11.2,449,2510,603,605,True,4
parent,7.4.12-c1,7.4.12,221,1353,304,306,True,1
parent,7.4.12-c2,7.4.12,1538,9096,2303,2305,True,8
parent,7.4.12-c3,7.4.12,809,4611,1135,1137,True,3
parent,7.4.12-c4,7.4.12,135,793,165,167,False,1
parent,7.4.12-c5,7.4.12,99,589,116,118,False,1
parent,7.4.12-c6,7.4.12,59,372,93,95,False,1
parent,7.4.12-c7,7.4.12,231,1302,302,304,True,1
parent,7.4.12.1-c1,7.4.12.1,207,1226,295,297,True,1
parent,7.4.12.1-c2,7.4.12.1,908,5378,1238,1240,True,4
parent,7.4.12.1-c3,7.4.12.1,708,4158,957,959,True,3
parent,7.4.12.1-c4,7.4.12.1,315,1943,461,463,True,1
parent,7.4.12.1-c5,7.4.12.1,376,2194,517,519,True,1
parent,7.4.12.1-c6,7.4.12.1,303,1809,441,443,True,1
parent,7.4.12.2-c1,7.4.12.2,578,3262,838,840,True,3
parent,7.4.13-c1,7.4.13,195,1172,284,286,True,1
parent,7.4.13-c2,7.4.13,1539,9101,2316,2318,True,8
parent,7.4.13-c3,7.4.13,684,3785,928,930,True,3
parent,7.4.13-c4,7.4.13,134,788,164,166,False,1
parent,7.4.13-c5,7.4.13,99,589,116,118,False,1
parent,7.4.13-c6,7.4.13,59,372,93,95,False,1
parent,7.4.13-c7,7.4.13,231,1306,301,303,True,1
parent,7.4.13.1-c1,7.4.13.1,208,1253,308,310,True,1
parent,7.4.13.1-c2,7.4.13.1,853,5053,1167,1169,True,4
parent,7.4.13.1-c3,7.4.13.1,626,3641,843,845,True,3
parent,7.4.13.1-c4,7.4.13.1,315,1943,461,463,True,1
parent,7.4.13.1-c5,7.4.13.1,376,2194,517,519,True,1
parent,7.4.13.1-c6,7.4.13.1,301,1787,435,437,True,1
parent,7.4.13.2-c1,7.4.13.2,579,3291,853,855,True,3
parent,7.4.14.1-c1,7.4.14.1,187,1276,301,303,True,1
parent,7.4.14.1-c2,7.4.14.1,104,742,162,164,False,1
parent,7.4.14.1-c3,7.4.14.1,265,1625,360,362,True,1
parent,7.4.14.1-c4,7.4.14.1,287,1768,413,415,True,1
parent,7.4.14.1-c5,7.4.14.1,80,511,113,115,False,1
parent,7.4.14.1-c6,7.4.14.1,130,824,217,219,False,1
parent,7.4.14.2-c1,7.4.14.2,400,2479,646,648,True,2
parent,7.4.15-c1,7.4.15,174,1041,270,272,True,1
parent,7.4.15-c2,7.4.15,116,705,204,206,False,1
parent,7.4.15-c3,7.4.15,665,3782,999,1001,True,3
parent,7.4.15-c4,7.4.15,299,1782,489,491,True,1
parent,7.4.15-c5,7.4.15,28,170,38,40,False,1
parent,7.4.15.1-c1,7.4.15.1,216,1454,346,348,True,1
parent,7.4.15.1-c2,7.4.15.1,104,734,154,156,False,1
parent,7.4.15.1-c3,7.4.15.1,410,2493,523,525,True,1
parent,7.4.15.1-c4,7.4.15.1,317,1952,444,446,True,1
parent,7.4.15.1-c5,7.4.15.1,80,507,109,111,False,1
parent,7.4.15.1-c6,7.4.15.1,132,844,215,217,False,1
parent,7.4.15.2-c1,7.4.15.2,451,2830,719,721,True,3
parent,7.4.15.3-c1,7.4.15.3,209,1377,287,289,True,1
parent,7.4.15.3-c2,7.4.15.3,104,720,140,142,False,1
parent,7.4.15.3-c3,7.4.15.3,353,2143,443,445,True,1
parent,7.4.15.3-c4,7.4.15.3,293,1803,399,401,True,1
parent,7.4.15.3-c5,7.4.15.3,81,500,99,101,False,1
parent,7.4.15.3-c6,7.4.15.3,132,802,173,175,False,1
parent,7.4.15.4-c1,7.4.15.4,443,2853,720,722,True,2
parent,7.4.16-c1,7.4.16,161,902,220,222,False,1
parent,7.4.16-c2,7.4.16,458,2355,622,624,True,3
parent,7.4.16-c3,7.4.16,116,648,146,148,False,1
parent,7.4.16-c4,7.4.16,197,1076,245,247,False,1
parent,7.4.16-c5,7.4.16,222,1205,299,301,True,1
parent,7.4.16-c6,7.4.16,60,321,81,83,False,1
parent,7.4.16-c7,7.4.16,60,325,81,83,False,1
parent,7.4.16-c8,7.4.16,115,647,142,144,False,1
parent,7.4.16-c9,7.4.16,75,462,102,104,False,1
parent,7.4.16.1-c1,7.4.16.1,178,997,253,255,False,1
parent,7.4.16.1-c2,7.4.16.1,70,416,90,92,False,1
parent,7.4.16.1-c3,7.4.16.1,339,1950,441,443,True,1
parent,7.4.16.1-c4,7.4.16.1,77,455,97,99,False,1
parent,7.4.16.1-c5,7.4.16.1,103,581,146,148,False,1
parent,7.4.16.2-c1,7.4.16.2,260,1456,366,368,True,1
parent,7.4.17-c1,7.4.17,116,645,184,186,False,1
parent,7.4.17-c2,7.4.17,1470,8402,2238,2240,True,7
parent,7.4.17-c3,7.4.17,212,1145,344,346,True,1
parent,7.4.17-c4,7.4.17,196,1078,295,297,True,1
parent,7.4.17-c5,7.4.17,169,1017,254,256,False,1
parent,7.4.17.1-c1,7.4.17.1,371,2305,534,536,True,1
parent,7.4.17.1-c2,7.4.17.1,26,184,44,46,False,1
parent,7.4.17.1-c3,7.4.17.1,113,742,159,161,False,1
parent,7.4.17.1-c4,7.4.17.1,86,528,142,144,False,1
parent,7.4.17.2-c1,7.4.17.2,162,967,236,238,False,1
parent,7.4.18-c1,7.4.18,471,2593,614,616,True,3
parent,7.4.18-c2,7.4.18,281,1479,415,417,True,1
parent,7.4.18-c3,7.4.18,273,1461,426,428,True,1
parent,7.4.18-c4,7.4.18,321,1740,455,457,True,1
parent,7.4.18-c5,7.4.18,74,412,95,97,False,1
parent,7.4.18-c6,7.4.18,158,873,228,230,False,1
parent,7.4.18-c7,7.4.18,67,358,86,88,False,1
parent,7.4.18-c8,7.4.18,282,1576,331,333,True,1
parent,7.4.18.1-c1,7.4.18.1,343,1983,486,488,True,1
parent,7.4.18.1-c2,7.4.18.1,51,294,79,81,False,1
parent,7.4.18.1-c3,7.4.18.1,85,540,133,135,False,1
parent,7.4.18.1-c4,7.4.18.1,29,197,49,51,False,1
parent,7.4.18.1-c5,7.4.18.1,179,1021,247,249,False,1
parent,7.4.18.1-c6,7.4.18.1,47,340,73,75,False,1
parent,7.4.18.1-c7,7.4.18.1,145,794,210,212,False,1
parent,7.4.18.2-c1,7.4.18.2,425,2324,651,653,True,2
parent,7.4.19-c1,7.4.19,47,292,80,82,False,1
parent,7.4.19-c2,7.4.19,266,1501,362,364,True,1
parent,7.4.19-c3,7.4.19,284,1529,442,444,True,1
parent,7.4.19-c4,7.4.19,128,731,203,205,False,1
parent,7.4.19-c5,7.4.19,379,2127,553,555,True,2
parent,7.4.19-c6,7.4.19,441,2427,620,622,True,2
parent,7.4.19-c7,7.4.19,136,721,199,201,False,1
parent,7.4.19-c8,7.4.19,88,472,129,131,False,1
parent,7.4.19.1-c1,7.4.19.1,126,768,184,186,False,1
parent,7.4.19.1-c2,7.4.19.1,124,712,166,168,False,1
parent,7.4.19.1-c3,7.4.19.1,143,906,189,191,False,1
parent,7.4.19.1-c4,7.4.19.1,38,243,56,58,False,1
parent,7.4.19.1-c5,7.4.19.1,270,1680,362,364,True,1
parent,7.4.19.1-c6,7.4.19.1,47,336,69,71,False,1
parent,7.4.19.1-c7,7.4.19.1,96,560,148,150,False,1
parent,7.4.19.2-c1,7.4.19.2,255,1459,365,367,True,1
parent,7.4.20-c1,7.4.20,53,332,85,87,False,1
parent,7.4.20-c2,7.4.20,278,1559,361,363,True,1
parent,7.4.20-c3,7.4.20,517,2882,716,718,True,3
parent,7.4.20-c4,7.4.20,484,2685,666,668,True,2
parent,7.4.20.1-c1,7.4.20.1,95,581,140,142,False,1
parent,7.4.20.1-c2,7.4.20.1,221,1392,309,311,True,1
parent,7.4.20.1-c3,7.4.20.1,256,1550,380,382,True,1
parent,7.4.20.1-c4,7.4.20.1,80,464,116,118,False,1
parent,7.4.20.2-c1,7.4.20.2,229,1367,368,370,True,1
parent,7.4.21-c1,7.4.21,208,1162,303,305,True,1
parent,7.4.21-c2,7.4.21,102,602,124,126,False,1
parent,7.4.21-c3,7.4.21,1343,7660,1814,1816,True,5
parent,7.4.21.1-c1,7.4.21.1,286,1697,387,389,True,1
parent,7.4.21.1-c2,7.4.21.1,121,782,169,171,False,1
parent,7.4.21.1-c3,7.4.21.1,119,770,159,161,False,1
parent,7.4.21.1-c4,7.4.21.1,174,1096,223,225,False,1
parent,7.4.21.1-c5,7.4.21.1,140,855,172,174,False,1
parent,7.4.21.1-c6,7.4.21.1,161,936,228,230,False,1
parent,7.4.21.1-c7,7.4.21.1,61,380,78,80,False,1
parent,7.4.21.2-c1,7.4.21.2,389,2147,531,533,True,2
parent,7.4.22-c1,7.4.22,181,1085,246,248,False,1
parent,7.4.22-c2,7.4.22,51,315,68,70,False,1
parent,7.4.22-c3,7.4.22,404,2457,625,627,True,2
parent,7.4.22-c4,7.4.22,85,531,115,117,False,1
parent,7.4.22-c5,7.4.22,378,2255,557,559,True,2
parent,7.4.22-c6,7.4.22,197,1190,284,286,True,1
parent,7.4.22-c7,7.4.22,65,393,118,120,False,1
parent,7.4.22.1-c1,7.4.22.1,286,1837,404,406,True,1
parent,7.4.22.1-c2,7.4.22.1,100,722,152,154,False,1
parent,7.4.22.1-c3,7.4.22.1,262,1603,339,341,True,1
parent,7.4.22.1-c4,7.4.22.1,109,673,170,172,False,1
parent,7.4.22.2-c1,7.4.22.2,181,1114,286,288,True,1
parent,7.4.22.3-c1,7.4.22.3,343,2202,491,493,True,1
parent,7.4.22.3-c2,7.4.22.3,100,722,152,154,False,1
parent,7.4.22.3-c3,7.4.22.3,262,1603,339,341,True,1
parent,7.4.22.3-c4,7.4.22.3,89,570,124,126,False,1
parent,7.4.22.3-c5,7.4.22.3,92,628,129,131,False,1
parent,7.4.22.3-c6,7.4.22.3,149,949,232,234,False,1
parent,7.4.22.4-c1,7.4.22.4,327,2009,473,475,True,1
parent,7.5.1-c1,7.5.1,112,651,141,143,False,1
parent,7.5.1-c2,7.5.1,1894,11011,2692,2694,True,8
parent,7.5.1-c3,7.5.1,882,4960,1192,1194,True,3
parent,7.5.1-c4,7.5.1,838,4664,1225,1227,True,3
parent,7.5.1-c5,7.5.1,92,531,122,124,False,1
parent,7.5.1.1-c1,7.5.1.1,97,586,141,143,False,1
parent,7.5.1.1-c2,7.5.1.1,121,815,183,185,False,1
parent,7.5.1.1-c3,7.5.1.1,100,636,141,143,False,1
parent,7.5.1.1-c4,7.5.1.1,97,591,126,128,False,1
parent,7.5.1.1-c5,7.5.1.1,81,506,133,135,False,1
parent,7.5.1.2-c1,7.5.1.2,76,482,119,121,False,1
parent,7.5.1.2-c2,7.5.1.2,1066,6824,1507,1509,True,3
parent,7.5.1.2-c3,7.5.1.2,1048,6454,1466,1468,True,3
parent,7.5.1.2-c4,7.5.1.2,1032,6198,1436,1438,True,3
parent,7.5.1.2-c5,7.5.1.2,81,506,133,135,False,1
parent,7.5.1.3-c1,7.5.1.3,229,1427,350,352,True,1
parent,7.5.2-c1,7.5.2,109,586,150,152,False,1
parent,7.5.2-c2,7.5.2,78,487,115,117,False,1
parent,7.5.2-c3,7.5.2,711,3754,941,943,True,2
parent,7.5.2-c4,7.5.2,214,1194,294,296,True,1
parent,7.5.2-c5,7.5.2,154,818,230,232,False,1
parent,7.5.2.1-c1,7.5.2.1,130,734,193,195,False,1
parent,7.5.2.1-c2,7.5.2.1,147,985,216,218,False,1
parent,7.5.2.1-c3,7.5.2.1,96,590,135,137,False,1
parent,7.5.2.2-c1,7.5.2.2,173,959,246,248,False,1
parent,7.5.2.2-c2,7.5.2.2,333,2121,486,488,True,1
parent,7.5.2.2-c3,7.5.2.2,268,1504,390,392,True,1
parent,7.5.2.2-c4,7.5.2.2,78,439,112,114,False,1
parent,7.5.2.2-c5,7.5.2.2,148,851,231,233,False,1
parent,7.5.2.2-c6,7.5.2.2,199,1136,253,255,False,1
parent,7.5.2.3-c1,7.5.2.3,346,1915,504,506,True,1
parent,7.5.3-c1,7.5.3,54,331,81,83,False,1
parent,7.5.3-c2,7.5.3,134,743,189,191,False,1
parent,7.5.3-c3,7.5.3,1288,7362,1872,1874,True,5
parent,7.5.3.1-c1,7.5.3.1,151,890,226,228,False,1
parent,7.5.3.1-c2,7.5.3.1,149,994,216,218,False,1
parent,7.5.3.1-c3,7.5.3.1,98,600,137,139,False,1
parent,7.5.3.2-c1,7.5.3.2,195,1139,298,300,True,1
parent,7.5.3.2-c2,7.5.3.2,333,2121,486,488,True,1
parent,7.5.3.2-c3,7.5.3.2,268,1498,384,386,True,1
parent,7.5.3.2-c4,7.5.3.2,78,439,112,114,False,1
parent,7.5.3.2-c5,7.5.3.2,894,5494,1256,1258,True,4
parent,7.5.3.2-c6,7.5.3.2,217,1281,346,348,True,1
parent,7.5.3.2-c7,7.5.3.2,194,1155,237,239,False,1
parent,7.5.3.2-c8,7.5.3.2,203,1181,258,260,True,1
parent,7.5.3.3-c1,7.5.3.3,522,2980,781,783,True,3
parent,7.5.4-c1,7.5.4,107,596,145,147,False,1
parent,7.5.4-c2,7.5.4,310,1844,456,458,True,1
parent,7.5.4-c3,7.5.4,1273,7032,1792,1794,True,4
parent,7.5.4-c4,7.5.4,1156,6684,1578,1580,True,4
parent,7.5.4.1-c1,7.5.4.1,113,716,200,202,False,1
parent,7.5.4.1-c2,7.5.4.1,150,1006,221,223,False,1
parent,7.5.4.1-c3,7.5.4.1,96,592,139,141,False,1
parent,7.5.4.2-c1,7.5.4.2,93,587,170,172,False,1
parent,7.5.4.2-c2,7.5.4.2,223,1287,307,309,True,1
parent,7.5.4.2-c3,7.5.4.2,822,4908,1160,1162,True,3
parent,7.5.4.2-c4,7.5.4.2,741,4632,1036,1038,True,2
parent,7.5.4.2-c5,7.5.4.2,141,824,233,235,False,1
parent,7.5.4.3-c1,7.5.4.3,587,3238,868,870,True,3
parent,7.5.5-c1,7.5.5,1825,10495,2620,2622,True,7
parent,7.5.5-c2,7.5.5,501,2793,733,735,True,2
parent,7.5.5-c3,7.5.5,256,1480,353,355,True,1
parent,7.5.5.1-c1,7.5.5.1,168,1106,280,282,True,1
parent,7.5.5.1-c2,7.5.5.1,153,1030,224,226,False,1
parent,7.5.5.1-c3,7.5.5.1,98,607,133,135,False,1
parent,7.5.5.2-c1,7.5.5.2,147,972,253,255,False,1
parent,7.5.5.2-c2,7.5.5.2,223,1284,304,306,True,1
parent,7.5.5.2-c3,7.5.5.2,823,4909,1151,1153,True,3
parent,7.5.5.2-c4,7.5.5.2,723,4504,992,994,True,2
parent,7.5.5.2-c5,7.5.5.2,879,5464,1242,1244,True,4
parent,7.5.5.2-c6,7.5.5.2,208,1272,361,363,True,1
parent,7.5.5.2-c7,7.5.5.2,192,1176,259,261,True,1
parent,7.5.5.3-c1,7.5.5.3,789,4581,1217,1219,True,3
parent,7.5.5.4-c1,7.5.5.4,194,1174,304,306,True,1
parent,7.5.5.4-c2,7.5.5.4,148,988,216,218,False,1
parent,7.5.5.4-c3,7.5.5.4,98,603,129,131,False,1
parent,7.5.5.5-c1,7.5.5.5,202,1250,321,323,True,1
parent,7.5.5.5-c2,7.5.5.5,223,1287,307,309,True,1
parent,7.5.5.5-c3,7.5.5.5,823,4935,1177,1179,True,3
parent,7.5.5.5-c4,7.5.5.5,724,4512,996,998,True,2
parent,7.5.5.5-c5,7.5.5.5,36,242,59,61,False,1
parent,7.5.5.5-c6,7.5.5.5,121,705,162,164,False,1
parent,7.5.5.5-c7,7.5.5.5,190,1077,292,294,True,1
parent,7.5.5.5-c8,7.5.5.5,211,1237,270,272,True,1
parent,7.5.5.6-c1,7.5.5.6,823,4569,1209,1211,True,3
parent,7.5.5.7-c1,7.5.5.7,180,1179,312,314,True,1
parent,7.5.5.7-c2,7.5.5.7,223,1285,305,307,True,1
parent,7.5.5.7-c3,7.5.5.7,823,4913,1155,1157,True,3
parent,7.5.5.7-c4,7.5.5.7,723,4505,993,995,True,2
parent,7.5.5.7-c5,7.5.5.7,1489,9036,2016,2018,True,5
parent,7.5.5.7-c6,7.5.5.7,202,1212,332,334,True,1
parent,7.5.5.7-c7,7.5.5.7,188,1119,239,241,False,1
parent,7.5.5.8-c1,7.5.5.8,971,5533,1514,1516,True,4
parent,7.5.6-c1,7.5.6,1808,10298,2511,2513,True,8
parent,7.5.6-c2,7.5.6,285,1620,370,372,True,1
parent,7.5.6-c3,7.5.6,157,916,208,210,False,1
parent,7.5.6.1-c1,7.5.6.1,128,820,233,235,False,1
parent,7.5.6.1-c2,7.5.6.1,187,1042,251,253,False,1
parent,7.5.6.1-c3,7.5.6.1,804,4694,1145,1147,True,3
parent,7.5.6.1-c4,7.5.6.1,713,4378,970,972,True,2
parent,7.5.6.1-c5,7.5.6.1,225,1352,334,336,True,1
parent,7.5.6.1-c6,7.5.6.1,879,5435,1239,1241,True,4
parent,7.5.6.1-c7,7.5.6.1,228,1338,374,376,True,1
parent,7.5.6.2-c1,7.5.6.2,510,3098,910,912,True,3
parent,7.5.6.3-c1,7.5.6.3,126,739,206,208,False,1
parent,7.5.6.3-c2,7.5.6.3,187,1042,251,253,False,1
parent,7.5.6.3-c3,7.5.6.3,804,4694,1145,1147,True,3
parent,7.5.6.3-c4,7.5.6.3,714,4388,970,972,True,2
parent,7.5.6.3-c5,7.5.6.3,225,1350,332,334,True,1
parent,7.5.6.3-c6,7.5.6.3,45,259,65,67,False,1
parent,7.5.6.3-c7,7.5.6.3,177,982,274,276,True,1
parent,7.5.6.4-c1,7.5.6.4,433,2461,732,734,True,3
parent,7.5.7-c1,7.5.7,567,3302,784,786,True,2
parent,7.5.7.1-c1,7.5.7.1,175,1055,285,287,True,1
parent,7.5.7.1-c2,7.5.7.1,188,1053,252,254,False,1
parent,7.5.7.1-c3,7.5.7.1,804,4694,1145,1147,True,3
parent,7.5.7.1-c4,7.5.7.1,713,4399,974,976,True,2
parent,7.5.7.1-c5,7.5.7.1,229,1372,339,341,True,1
parent,7.5.7.1-c6,7.5.7.1,878,5433,1243,1245,True,4
parent,7.5.7.1-c7,7.5.7.1,125,710,163,165,False,1
parent,7.5.7.1-c8,7.5.7.1,45,261,65,67,False,1
parent,7.5.7.1-c9,7.5.7.1,228,1306,368,370,True,1
parent,7.5.7.2-c1,7.5.7.2,657,3983,1141,1143,True,3
parent,7.5.8-c1,7.5.8,234,1285,319,321,True,1
parent,7.5.8.1-c1,7.5.8.1,185,1041,270,272,True,1
parent,7.5.8.1-c2,7.5.8.1,338,2126,490,492,True,1
parent,7.5.8.1-c3,7.5.8.1,268,1502,388,390,True,1
parent,7.5.8.1-c4,7.5.8.1,80,440,110,112,False,1
parent,7.5.8.1-c5,7.5.8.1,160,905,240,242,False,1
parent,7.5.9-c1,7.5.9,401,2474,563,565,True,2
parent,7.5.9.1-c1,7.5.9.1,267,1589,401,403,True,1
parent,7.5.9.1-c2,7.5.9.1,338,2130,492,494,True,1
parent,7.5.9.1-c3,7.5.9.1,268,1502,388,390,True,1
parent,7.5.9.1-c4,7.5.9.1,80,440,110,112,False,1
parent,7.5.9.1-c5,7.5.9.1,1205,7540,1723,1725,True,4
parent,7.5.9.1-c6,7.5.9.1,186,1125,292,294,True,1
parent,7.5.9.2-c1,7.5.9.2,723,4379,1279,1281,True,3
parent,7.5.10-c1,7.5.10,98,536,137,139,False,1
parent,7.5.10-c2,7.5.10,1181,6771,1699,1701,True,5
parent,7.5.10-c3,7.5.10,820,4572,1153,1155,True,4
parent,7.5.10-c4,7.5.10,575,3103,887,889,True,3
parent,7.5.10-c5,7.5.10,114,650,176,178,False,1
parent,7.5.10-c6,7.5.10,46,268,56,58,False,1
parent,7.5.10-c7,7.5.10,440,2471,562,564,True,2
parent,7.5.10.1-c1,7.5.10.1,115,678,161,163,False,1
parent,7.5.10.1-c2,7.5.10.1,109,652,155,157,False,1
parent,7.5.10.1-c3,7.5.10.1,82,504,114,116,False,1
parent,7.5.10.1-c4,7.5.10.1,193,1106,229,231,False,1
parent,7.5.10.1-c5,7.5.10.1,86,499,112,114,False,1
parent,7.5.10.1-c6,7.5.10.1,92,550,148,150,False,1
parent,7.5.10.1-c7,7.5.10.1,318,1816,407,409,True,1
parent,7.5.10.2-c1,7.5.10.2,126,755,174,176,False,1
parent,7.5.10.2-c2,7.5.10.2,300,1845,417,419,True,1
parent,7.5.10.2-c3,7.5.10.2,55,329,73,75,False,1
parent,7.5.10.2-c4,7.5.10.2,199,1148,245,247,False,1
parent,7.5.10.2-c5,7.5.10.2,86,499,112,114,False,1
parent,7.5.10.2-c6,7.5.10.2,92,550,148,150,False,1
parent,7.5.10.2-c7,7.5.10.2,318,1816,407,409,True,1
parent,7.5.10.3-c1,7.5.10.3,254,1400,347,349,True,1
parent,7.5.11-c1,7.5.11,247,1443,410,412,True,1
parent,7.5.11-c2,7.5.11,57,320,83,85,False,1
parent,7.5.11-c3,7.5.11,183,1001,271,273,True,1
parent,7.5.11-c4,7.5.11,1467,8409,2232,2234,True,8
parent,7.5.11-c5,7.5.11,500,2830,680,682,True,2
parent,7.5.11-c6,7.5.11,70,388,88,90,False,1
parent,7.5.11-c7,7.5.11,1206,7157,1720,1722,True,4
parent,7.5.11.1-c1,7.5.11.1,960,5881,1303,1305,True,3
parent,7.5.12-c1,7.5.12,205,1163,290,292,True,1
parent,7.5.12-c2,7.5.12,692,4010,977,979,True,3
parent,7.5.12-c3,7.5.12,728,4038,1010,1012,True,3
parent,7.5.12-c4,7.5.12,2356,12984,3230,3232,True,9
parent,7.5.12-c5,7.5.12,1325,7263,1892,1894,True,7
parent,7.5.12-c6,7.5.12,122,702,153,155,False,1
parent,7.5.12-c7,7.5.12,154,889,204,206,False,1
parent,7.5.12.1-c1,7.5.12.1,92,596,138,140,False,1
parent,7.5.12.1-c2,7.5.12.1,634,4062,909,911,True,3
parent,7.5.12.1-c3,7.5.12.1,880,5417,1244,1246,True,3
parent,7.5.12.1-c4,7.5.12.1,1084,6645,1456,1458,True,4
parent,7.5.12.1-c5,7.5.12.1,467,2679,622,624,True,2
parent,7.5.12.1-c6,7.5.12.1,142,896,229,231,False,1
parent,7.5.12.2-c1,7.5.12.2,420,2593,605,607,True,2
parent,7.5.13-c1,7.5.13,217,1306,311,313,True,1
parent,7.5.13-c2,7.5.13,696,3998,1042,1044,True,3
parent,7.5.13-c3,7.5.13,107,605,166,168,False,1
parent,7.5.13-c4,7.5.13,86,561,146,148,False,1
parent,7.5.13-c5,7.5.13,123,718,160,162,False,1
parent,7.5.13-c6,7.5.13,155,905,210,212,False,1
parent,7.5.13.1-c1,7.5.13.1,80,537,123,125,False,1
parent,7.5.13.1-c2,7.5.13.1,234,1567,327,329,True,1
parent,7.5.13.1-c3,7.5.13.1,1087,6722,1453,1455,True,4
parent,7.5.13.1-c4,7.5.13.1,485,2863,644,646,True,2
parent,7.5.13.1-c5,7.5.13.1,143,897,216,218,False,1
parent,7.5.13.2-c1,7.5.13.2,348,2189,505,507,True,1
parent,7.5.14-c1,7.5.14,140,823,218,220,False,1
parent,7.5.14-c2,7.5.14,1902,10448,2722,2724,True,7
parent,7.5.14-c3,7.5.14,127,743,182,184,False,1
parent,7.5.14-c4,7.5.14,1717,9708,2380,2382,True,6
parent,7.5.14-c5,7.5.14,130,700,202,204,False,1
parent,7.5.14.1-c1,7.5.14.1,172,1003,248,250,False,1
parent,7.5.14.1-c2,7.5.14.1,120,723,173,175,False,1
parent,7.5.14.1-c3,7.5.14.1,426,2275,578,580,True,2
parent,7.5.14.1-c4,7.5.14.1,81,475,115,117,False,1
parent,7.5.14.1-c5,7.5.14.1,179,1090,240,242,False,1
parent,7.5.14.1-c6,7.5.14.1,456,2804,611,613,True,2
parent,7.5.14.1-c7,7.5.14.1,139,843,213,215,False,1
parent,7.5.14.2-c1,7.5.14.2,356,2131,558,560,True,1
parent,7.5.14.3-c1,7.5.14.3,382,2191,575,577,True,1
parent,7.5.14.4-c1,7.5.14.4,171,985,247,249,False,1
parent,7.5.14.4-c2,7.5.14.4,72,470,124,126,False,1
parent,7.5.14.4-c3,7.5.14.4,364,1924,499,501,True,1
parent,7.5.14.4-c4,7.5.14.4,81,472,115,117,False,1
parent,7.5.14.4-c5,7.5.14.4,156,969,201,203,False,1
parent,7.5.14.4-c6,7.5.14.4,500,3084,683,685,True,2
parent,7.5.14.4-c7,7.5.14.4,135,798,201,203,False,1
parent,7.5.14.5-c1,7.5.14.5,341,2011,522,524,True,1
parent,7.5.14.6-c1,7.5.14.6,378,2152,564,566,True,1
parent,7.5.15-c1,7.5.15,77,433,111,113,False,1
parent,7.5.15-c2,7.5.15,438,2349,671,673,True,3
parent,7.5.15-c3,7.5.15,310,1704,434,436,True,1
parent,7.5.15-c4,7.5.15,734,3889,1148,1150,True,4
parent,7.5.15-c5,7.5.15,475,2598,667,669,True,3
parent,7.5.15-c6,7.5.15,72,426,107,109,False,1
parent,7.5.15.1-c1,7.5.15.1,96,601,159,161,False,1
parent,7.5.15.1-c2,7.5.15.1,70,416,90,92,False,1
parent,7.5.15.1-c3,7.5.15.1,47,307,76,78,False,1
parent,7.5.15.1-c4,7.5.15.1,411,2550,574,576,True,2
parent,7.5.15.1-c5,7.5.15.1,250,1469,324,326,True,1
parent,7.5.15.1-c6,7.5.15.1,115,697,149,151,False,1
parent,7.5.15.1-c7,7.5.15.1,110,661,182,184,False,1
parent,7.5.15.2-c1,7.5.15.2,343,1973,540,542,True,1
parent,7.5.16-c1,7.5.16,88,533,150,152,False,1
parent,7.5.16-c2,7.5.16,49,291,60,62,False,1
parent,7.5.16-c3,7.5.16,1159,6616,1626,1628,True,4
parent,7.5.16-c4,7.5.16,363,2071,505,507,True,2
parent,7.5.16-c5,7.5.16,272,1445,364,366,True,1
parent,7.5.16-c6,7.5.16,1392,7858,1901,1903,True,6
parent,7.5.16.1-c1,7.5.16.1,237,1523,352,354,True,1
parent,7.5.16.1-c2,7.5.16.1,49,362,86,88,False,1
parent,7.5.16.1-c3,7.5.16.1,232,1413,327,329,True,1
parent,7.5.16.1-c4,7.5.16.1,140,889,205,207,False,1
parent,7.5.16.1-c5,7.5.16.1,111,689,158,160,False,1
parent,7.5.16.2-c1,7.5.16.2,271,1595,421,423,True,1
parent,7.5.17-c1,7.5.17,95,581,164,166,False,1
parent,7.5.17-c2,7.5.17,177,1091,223,225,False,1
parent,7.5.17-c3,7.5.17,467,2521,625,627,True,2
parent,7.5.17-c4,7.5.17,38,233,53,55,False,1
parent,7.5.17.1-c1,7.5.17.1,279,1778,398,400,True,1
parent,7.5.17.1-c2,7.5.17.1,232,1414,327,329,True,1
parent,7.5.17.1-c3,7.5.17.1,395,2255,485,487,True,1
parent,7.5.17.1-c4,7.5.17.1,140,889,205,207,False,1
parent,7.5.17.1-c5,7.5.17.1,151,924,201,203,False,1
parent,7.5.17.2-c1,7.5.17.2,375,2211,564,566,True,2
parent,7.5.18-c1,7.5.18,93,559,161,163,False,1
parent,7.5.18-c2,7.5.18,157,920,219,221,False,1
parent,7.5.18-c3,7.5.18,36,238,53,55,False,1
parent,7.5.18-c4,7.5.18,230,1324,336,338,True,1
parent,7.5.18-c5,7.5.18,157,872,201,203,False,1
parent,7.5.18-c6,7.5.18,36,211,50,52,False,1
parent,7.5.18.1-c1,7.5.18.1,223,1388,336,338,True,1
parent,7.5.18.1-c2,7.5.18.1,178,1186,280,282,True,1
parent,7.5.18.1-c3,7.5.18.1,57,392,93,95,False,1
parent,7.5.18.1-c4,7.5.18.1,96,557,135,137,False,1
parent,7.5.18.2-c1,7.5.18.2,176,984,262,264,True,1
parent,7.5.19-c1,7.5.19,104,627,180,182,False,1
parent,7.5.19-c2,7.5.19,129,745,207,209,False,1
parent,7.5.19-c3,7.5.19,94,525,145,147,False,1
parent,7.5.19.1-c1,7.5.19.1,304,1885,460,462,True,1
parent,7.5.19.1-c2,7.5.19.1,49,362,86,88,False,1
parent,7.5.19.1-c3,7.5.19.1,244,1461,339,341,True,1
parent,7.5.19.1-c4,7.5.19.1,140,891,207,209,False,1
parent,7.5.19.1-c5,7.5.19.1,116,696,163,165,False,1
parent,7.5.19.2-c1,7.5.19.2,273,1567,423,425,True,1
parent,7.5.20-c1,7.5.20,106,641,182,184,False,1
parent,7.5.20-c2,7.5.20,227,1309,328,330,True,1
parent,7.5.20.1-c1,7.5.20.1,338,2090,494,496,True,1
parent,7.5.20.1-c2,7.5.20.1,49,362,86,88,False,1
parent,7.5.20.1-c3,7.5.20.1,244,1461,339,341,True,1
parent,7.5.20.1-c4,7.5.20.1,47,300,78,80,False,1
parent,7.5.20.1-c5,7.5.20.1,140,890,207,209,False,1
parent,7.5.20.1-c6,7.5.20.1,128,771,184,186,False,1
parent,7.5.20.2-c1,7.5.20.2,323,1862,498,500,True,1
parent,7.5.21-c1,7.5.21,92,569,161,163,False,1
parent,7.5.21-c2,7.5.21,135,792,169,171,False,1
parent,7.5.21-c3,7.5.21,155,934,202,204,False,1
parent,7.5.21.1-c1,7.5.21.1,196,1170,279,281,True,1
parent,7.5.21.1-c2,7.5.21.1,132,829,186,188,False,1
parent,7.5.21.1-c3,7.5.21.1,225,1363,282,284,True,1
parent,7.5.21.1-c4,7.5.21.1,100,605,136,138,False,1
parent,7.5.21.2-c1,7.5.21.2,282,1652,415,417,True,1
parent,7.5.22-c1,7.5.22,1349,8026,1829,1831,True,5
parent,7.5.22-c2,7.5.22,835,4938,1128,1130,True,3
parent,7.5.22-c3,7.5.22,2706,16116,3895,3897,True,10
parent,7.5.22.1-c1,7.5.22.1,237,1437,290,292,True,1
parent,7.5.22.1-c2,7.5.22.1,258,1524,314,316,True,1
parent,7.5.22.1-c3,7.5.22.1,104,612,119,121,False,1
parent,7.5.22.1-c4,7.5.22.1,66,411,85,87,False,1
parent,7.5.22.1-c5,7.5.22.1,113,644,132,134,False,1
parent,7.5.22.3-c1,7.5.22.3,214,1307,269,271,True,1
parent,7.5.22.3-c2,7.5.22.3,258,1525,314,316,True,1
parent,7.5.22.3-c3,7.5.22.3,95,568,114,116,False,1
parent,7.5.22.3-c4,7.5.22.3,87,498,106,108,False,1
parent,7.5.22.5-c1,7.5.22.5,218,1329,271,273,True,1
parent,7.5.22.5-c2,7.5.22.5,259,1530,315,317,True,1
parent,7.5.22.5-c3,7.5.22.5,154,911,179,181,False,1
parent,7.5.22.5-c4,7.5.22.5,88,509,107,109,False,1
parent,7.5.22.7-c1,7.5.22.7,218,1332,277,279,True,1
parent,7.5.22.7-c2,7.5.22.7,258,1525,314,316,True,1
parent,7.5.22.7-c3,7.5.22.7,239,1402,278,280,True,1
parent,7.5.22.7-c4,7.5.22.7,100,578,125,127,False,1
parent,7.5.22.9-c1,7.5.22.9,222,1379,273,275,True,1
parent,7.5.22.9-c2,7.5.22.9,227,1303,264,266,True,1
parent,7.5.22.9-c3,7.5.22.9,95,587,114,116,False,1
parent,7.5.22.9-c4,7.5.22.9,99,597,116,118,False,1
parent,7.5.22.11-c1,7.5.22.11,258,1613,346,348,True,1
parent,7.5.22.11-c2,7.5.22.11,53,314,63,65,False,1
parent,7.5.22.11-c3,7.5.22.11,1755,11133,2326,2328,True,5
parent,7.5.22.11-c4,7.5.22.11,96,626,140,142,False,1
parent,7.5.22.11-c5,7.5.22.11,516,3151,652,654,True,2
parent,7.5.22.11-c6,7.5.22.11,329,1911,383,385,True,1
parent,7.5.22.11-c7,7.5.22.11,263,1639,357,359,True,1
parent,7.6.1-c1,7.6.1,232,1376,292,294,True,1
parent,7.6.1-c2,7.6.1,137,863,170,172,False,1
parent,7.6.1-c3,7.6.1,3659,20034,4723,4725,True,13
parent,7.6.1-c4,7.6.1,1667,8941,2184,2186,True,6
parent,7.6.1-c5,7.6.1,2553,14393,3256,3258,True,13
parent,7.6.1-c6,7.6.1,127,688,158,160,False,1
parent,7.6.1-c7,7.6.1,749,4213,991,993,True,3
parent,7.6.1-c8,7.6.1,178,1061,219,221,False,1
parent,7.6.1-c9,7.6.1,390,2158,537,539,True,4
parent,7.6.1.1-c1,7.6.1.1,515,3146,660,662,True,2
parent,7.6.1.1-c2,7.6.1.1,283,1787,390,392,True,1
parent,7.6.1.1-c3,7.6.1.1,709,4565,981,983,True,2
parent,7.6.1.1-c4,7.6.1.1,28,209,57,59,False,1
parent,7.6.1.1-c5,7.6.1.1,119,727,169,171,False,1
parent,7.6.1.2-c1,7.6.1.2,213,1432,352,354,True,1
parent,7.6.1.2-c2,7.6.1.2,1151,6897,1504,1506,True,4
parent,7.6.1.2-c3,7.6.1.2,45,301,73,75,False,1
parent,7.6.1.2-c4,7.6.1.2,40,268,62,64,False,1
parent,7.6.1.2-c5,7.6.1.2,27,164,50,52,False,1
parent,7.6.1.2-c6,7.6.1.2,28,203,51,53,False,1
parent,7.6.1.2-c7,7.6.1.2,178,1114,268,270,True,1
parent,7.6.1.3-c1,7.6.1.3,274,1868,412,414,True,1
parent,7.6.1.4-c1,7.6.1.4,202,1306,348,350,True,1
parent,7.6.1.5-c1,7.6.1.5,335,2258,616,618,True,2
parent,7.6.1.6-c1,7.6.1.6,414,2595,582,584,True,2
parent,7.6.1.7-c1,7.6.1.7,249,1484,401,403,True,1
parent,7.6.1.8-c1,7.6.1.8,390,2442,663,665,True,2
parent,7.6.1.9-c1,7.6.1.9,340,2141,449,451,True,1
parent,7.6.1.10-c1,7.6.1.10,265,1573,400,402,True,1
parent,7.6.1.11-c1,7.6.1.11,404,2528,649,651,True,2
parent,7.6.1.12-c1,7.6.1.12,554,3204,690,692,True,2
parent,7.6.1.12-c2,7.6.1.12,209,1167,262,264,True,1
parent,7.6.1.13-c1,7.6.1.13,291,1666,440,442,True,1
parent,7.6.1.14-c1,7.6.1.14,464,2813,727,729,True,3
parent,7.6.1.15-c1,7.6.1.15,688,4087,825,827,True,2
parent,7.6.1.16-c1,7.6.1.16,319,1943,416,418,True,1
parent,7.6.1.17-c1,7.6.1.17,1448,9002,1960,1962,True,4
parent,7.6.1.18-c1,7.6.1.18,885,5224,1147,1149,True,3
parent,7.6.1.19-c1,7.6.1.19,279,1644,463,465,True,1
parent,7.6.1.20-c1,7.6.1.20,330,1898,525,527,True,1
parent,7.6.1.21-c1,7.6.1.21,235,1459,333,335,True,1
parent,7.6.2-c1,7.6.2,71,463,109,111,False,1
parent,7.6.2-c2,7.6.2,109,717,139,141,False,1
parent,7.6.2-c3,7.6.2,667,3946,895,897,True,4
parent,7.6.2-c4,7.6.2,488,2801,629,631,True,2
parent,7.6.2-c5,7.6.2,1910,10627,2749,2751,True,9
parent,7.6.2-c6,7.6.2,427,2508,554,556,True,2
parent,7.6.2-c7,7.6.2,77,471,135,137,False,1
parent,7.6.2.1-c1,7.6.2.1,172,1078,228,230,False,1
parent,7.6.2.1-c2,7.6.2.1,199,1206,267,269,True,1
parent,7.6.2.1-c3,7.6.2.1,461,2664,593,595,True,2
parent,7.6.2.1-c4,7.6.2.1,147,936,200,202,False,1
parent,7.6.2.1-c5,7.6.2.1,211,1276,287,289,True,1
parent,7.6.2.2-c1,7.6.2.2,185,1105,281,283,True,1
parent,7.6.2.3-c1,7.6.2.3,412,2360,561,563,True,2
parent,7.6.2.4-c1,7.6.2.4,198,1269,263,265,True,1
parent,7.6.2.4-c2,7.6.2.4,199,1206,267,269,True,1
parent,7.6.2.4-c3,7.6.2.4,1238,7736,1640,1642,True,4
parent,7.6.2.4-c4,7.6.2.4,463,2676,593,595,True,2
parent,7.6.2.4-c5,7.6.2.4,149,947,203,205,False,1
parent,7.6.2.4-c6,7.6.2.4,249,1554,344,346,True,1
parent,7.6.2.5-c1,7.6.2.5,321,2138,562,564,True,1
parent,7.6.2.6-c1,7.6.2.6,503,3191,832,834,True,3
parent,7.6.3-c1,7.6.3,128,732,179,181,False,1
parent,7.6.3-c2,7.6.3,373,2070,457,459,True,1
parent,7.6.3-c3,7.6.3,2759,15004,3975,3977,True,11
parent,7.6.3-c4,7.6.3,643,3493,916,918,True,3
parent,7.6.3-c5,7.6.3,181,1064,231,233,False,1
parent,7.6.3-c6,7.6.3,85,519,140,142,False,1
parent,7.6.3-c7,7.6.3,162,909,195,197,False,1
parent,7.6.3-c8,7.6.3,183,1052,268,270,True,1
parent,7.6.3.1-c1,7.6.3.1,248,1514,337,339,True,1
parent,7.6.3.1-c2,7.6.3.1,389,2223,505,507,True,1
parent,7.6.3.1-c3,7.6.3.1,1231,6987,1559,1561,True,3
parent,7.6.3.1-c4,7.6.3.1,185,1098,246,248,False,1
parent,7.6.3.2-c1,7.6.3.2,276,1615,398,400,True,1
parent,7.6.3.3-c1,7.6.3.3,562,3243,794,796,True,2
parent,7.6.3.4-c1,7.6.3.4,246,1503,333,335,True,1
parent,7.6.3.4-c2,7.6.3.4,173,1053,236,238,False,1
parent,7.6.3.4-c3,7.6.3.4,1090,6279,1391,1393,True,3
parent,7.6.3.4-c4,7.6.3.4,187,1105,250,252,False,1
parent,7.6.3.5-c1,7.6.3.5,222,1368,305,307,True,1
parent,7.6.3.5-c2,7.6.3.5,975,5712,1216,1218,True,3
parent,7.6.3.5-c3,7.6.3.5,162,991,214,216,False,1
parent,7.6.3.5-c4,7.6.3.5,155,909,213,215,False,1
parent,7.6.3.6-c1,7.6.3.6,273,1603,397,399,True,1
parent,7.7.1-c1,7.7.1,111,647,140,142,False,1
parent,7.7.1-c2,7.7.1,303,1821,426,428,True,1
parent,7.7.1-c3,7.7.1,459,2686,611,613,True,2
parent,7.7.1-c4,7.7.1,401,2376,548,550,True,2
parent,7.7.1-c5,7.7.1,55,296,67,69,False,1
parent,7.7.1-c6,7.7.1,83,450,98,100,False,1
parent,7.7.1-c7,7.7.1,930,5432,1319,1321,True,5
parent,7.7.1-c8,7.7.1,256,1508,375,377,True,1
parent,7.7.1-c9,7.7.1,1245,7226,1754,1756,True,6
parent,7.7.1-c10,7.7.1,1764,10380,2543,2545,True,8
parent,7.7.1-c11,7.7.1,252,1586,348,350,True,1
parent,7.7.1-c12,7.7.1,1771,10736,2442,2444,True,6
parent,7.7.1-c13,7.7.1,1345,7834,1735,1737,True,5
parent,7.7.1-c14,7.7.1,445,2661,645,647,True,3
parent,7.7.1-c15,7.7.1,106,583,140,142,False,1
parent,7.7.1-c16,7.7.1,100,570,132,134,False,1
parent,7.7.1.1-c1,7.7.1.1,291,1802,393,395,True,1
parent,7.7.1.1-c2,7.7.1.1,344,2235,505,507,True,1
parent,7.7.1.1-c3,7.7.1.1,121,741,164,166,False,1
parent,7.7.1.1-c4,7.7.1.1,1043,6514,1416,1418,True,4
parent,7.7.1.1-c5,7.7.1.1,128,759,172,174,False,1
parent,7.7.1.2-c1,7.7.1.2,387,2338,576,578,True,2
parent,7.7.1.3-c1,7.7.1.3,270,1671,365,367,True,1
parent,7.7.1.3-c2,7.7.1.3,344,2233,503,505,True,1
parent,7.7.1.3-c3,7.7.1.3,512,3260,710,712,True,2
parent,7.7.1.3-c4,7.7.1.3,113,680,155,157,False,1
parent,7.7.1.4-c1,7.7.1.4,242,1512,357,359,True,1
parent,7.7.1.4-c2,7.7.1.4,137,855,190,192,False,1
parent,7.7.1.4-c3,7.7.1.4,121,737,160,162,False,1
parent,7.7.1.4-c4,7.7.1.4,1073,6694,1453,1455,True,4
parent,7.7.1.4-c5,7.7.1.4,136,814,190,192,False,1
parent,7.7.1.5-c1,7.7.1.5,394,2436,605,607,True,2
parent,7.7.2-c1,7.7.2,166,1054,219,221,False,1
parent,7.7.2-c2,7.7.2,52,362,70,72,False,1
parent,7.7.2-c3,7.7.2,321,1914,421,423,True,1
parent,7.7.2-c4,7.7.2,354,2093,483,485,True,1
parent,7.7.2-c5,7.7.2,111,649,146,148,False,1
parent,7.7.2.1-c1,7.7.2.1,114,704,172,174,False,1
parent,7.7.2.1-c2,7.7.2.1,36,203,44,46,False,1
parent,7.7.2.1-c3,7.7.2.1,57,389,82,84,False,1
parent,7.7.2.1-c4,7.7.2.1,47,316,75,77,False,1
parent,7.7.2.1-c5,7.7.2.1,276,1732,394,396,True,1
parent,7.7.2.1-c6,7.7.2.1,139,898,237,239,False,1
parent,7.7.2.2-c1,7.7.2.2,330,2110,513,515,True,1
parent,7.7.3-c1,7.7.3,467,2753,632,634,True,2
parent,7.7.3-c2,7.7.3,94,511,112,114,False,1
parent,7.7.3-c3,7.7.3,98,582,139,141,False,1
parent,7.7.3-c4,7.7.3,67,435,108,110,False,1
parent,7.7.3-c5,7.7.3,146,893,199,201,False,1
parent,7.7.3.1-c1,7.7.3.1,274,1649,348,350,True,1
parent,7.7.3.1-c2,7.7.3.1,85,494,105,107,False,1
parent,7.7.3.1-c3,7.7.3.1,142,854,163,165,False,1
parent,7.7.3.1-c4,7.7.3.1,119,719,153,155,False,1
parent,7.7.3.1-c5,7.7.3.1,884,5495,1159,1161,True,4
parent,7.7.3.1-c6,7.7.3.1,147,832,188,190,False,1
parent,7.8.1-c1,7.8.1,50,305,86,88,False,1
parent,7.8.1-c2,7.8.1,174,1053,258,260,True,1
parent,7.8.1-c3,7.8.1,66,403,86,88,False,1
parent,7.8.1-c4,7.8.1,163,898,228,230,False,1
parent,7.8.1-c5,7.8.1,84,498,121,123,False,1
parent,7.8.1-c6,7.8.1,239,1411,386,388,True,1
parent,7.8.1-c7,7.8.1,1357,8033,2059,2061,True,6
parent,7.8.1-c8,7.8.1,322,1890,485,487,True,1
parent,7.8.1-c9,7.8.1,289,1696,428,430,True,1
parent,7.8.1.1-c1,7.8.1.1,265,1673,391,393,True,1
parent,7.8.1.1-c2,7.8.1.1,65,451,103,105,False,1
parent,7.8.1.1-c3,7.8.1.1,113,683,165,167,False,1
parent,7.8.1.1-c4,7.8.1.1,111,667,184,186,False,1
parent,7.8.1.2-c1,7.8.1.2,233,1360,373,375,True,1
parent,7.8.2-c1,7.8.2,48,295,92,94,False,1
parent,7.8.2-c2,7.8.2,48,306,71,73,False,1
parent,7.8.2-c3,7.8.2,57,345,74,76,False,1
parent,7.8.2-c4,7.8.2,146,867,211,213,False,1
parent,7.8.2-c5,7.8.2,228,1275,338,340,True,1
parent,7.8.2-c6,7.8.2,128,765,192,194,False,1
parent,7.8.2-c7,7.8.2,224,1291,316,318,True,1
parent,7.8.2-c8,7.8.2,36,236,52,54,False,1
parent,7.8.2.1-c1,7.8.2.1,284,1780,411,413,True,1
parent,7.8.2.1-c2,7.8.2.1,57,385,81,83,False,1
parent,7.8.2.1-c3,7.8.2.1,65,433,89,91,False,1
parent,7.8.2.1-c4,7.8.2.1,119,775,160,162,False,1
parent,7.8.2.1-c5,7.8.2.1,113,679,161,163,False,1
parent,7.8.2.1-c6,7.8.2.1,129,778,213,215,False,1
parent,7.8.2.2-c1,7.8.2.2,341,2025,576,578,True,1
parent,7.8.3-c1,7.8.3,208,1211,293,295,True,1
parent,7.8.3-c2,7.8.3,2266,13224,3124,3126,True,12
parent,7.8.3-c3,7.8.3,580,3355,853,855,True,2
parent,7.8.3-c4,7.8.3,209,1301,292,294,True,1
parent,7.8.3-c5,7.8.3,169,989,212,214,False,1
parent,7.8.3.1-c1,7.8.3.1,96,580,135,137,False,1
parent,7.8.3.1-c2,7.8.3.1,195,1303,279,281,True,1
parent,7.8.3.1-c3,7.8.3.1,129,816,187,189,False,1
parent,7.8.3.1-c4,7.8.3.1,81,478,113,115,False,1
parent,7.8.3.2-c1,7.8.3.2,143,853,208,210,False,1
parent,7.8.3.3-c1,7.8.3.3,130,772,168,170,False,1
parent,7.8.3.3-c2,7.8.3.3,318,2065,453,455,True,1
parent,7.8.3.3-c3,7.8.3.3,134,851,194,196,False,1
parent,7.8.3.3-c4,7.8.3.3,88,522,126,128,False,1
parent,7.8.3.4-c1,7.8.3.4,166,984,229,231,False,1
parent,7.8.3.5-c1,7.8.3.5,131,780,173,175,False,1
parent,7.8.3.5-c2,7.8.3.5,617,4177,889,891,True,2
parent,7.8.3.5-c3,7.8.3.5,211,1382,308,310,True,1
parent,7.8.3.5-c4,7.8.3.5,88,518,122,124,False,1
parent,7.8.3.6-c1,7.8.3.6,213,1255,299,301,True,1
parent,7.9-c1,7.9,632,3701,925,927,True,3
parent,7.9-c2,7.9,3067,17630,4446,4448,True,12
parent,7.9-c3,7.9,340,1950,460,462,True,1
parent,7.9-c4,7.9,156,970,190,192,False,1
parent,7.9.1-c1,7.9.1,301,1776,394,396,True,1
parent,7.9.1-c2,7.9.1,1664,10064,2057,2059,True,5
parent,7.9.1-c3,7.9.1,126,726,151,153,False,1
parent,7.9.1-c4,7.9.1,84,493,112,114,False,1
parent,8.1-c1,8.1,830,4993,1244,1246,True,3
parent,8.1-c2,8.1,102,589,161,163,False,1
parent,8.1-c3,8.1,361,2165,475,477,True,1
parent,8.1-c4,8.1,793,4625,1097,1099,True,5
parent,8.1-c5,8.1,294,1770,398,400,True,1
parent,8.1-c6,8.1,512,3138,725,727,True,4
parent,8.1-c7,8.1,247,1490,387,389,True,1
parent,8.1-c8,8.1,302,1836,470,472,True,1
parent,8.1-c9,8.1,189,1127,254,256,False,1
parent,8.1-c10,8.1,217,1322,322,324,True,1
parent,8.1-c11,8.1,750,4595,1002,1004,True,3
parent,8.1-c12,8.1,596,3433,771,773,True,2
parent,8.1-c13,8.1,402,2302,589,591,True,4
parent,8.1.1-c1,8.1.1,404,2479,519,521,True,2
parent,8.1.1-c2,8.1.1,249,1509,284,286,True,1
parent,8.1.2-c1,8.1.2,327,1943,431,433,True,1
parent,8.1.2-c2,8.1.2,42,254,58,60,False,1
parent,8.1.2-c3,8.1.2,418,2441,571,573,True,2
parent,8.1.2-c4,8.1.2,159,955,233,235,False,1
parent,8.1.2-c5,8.1.2,1380,8544,1862,1864,True,4
parent,8.1.2-c6,8.1.2,53,333,85,87,False,1
parent,8.1.3-c1,8.1.3,395,2400,550,552,True,2
parent,8.2-c1,8.2,239,1450,373,375,True,1
parent,8.2-c2,8.2,57,354,92,94,False,1
parent,8.2-c3,8.2,145,906,190,192,False,1
parent,8.2-c4,8.2,445,2444,678,680,True,3
parent,8.2-c5,8.2,64,345,121,123,False,1
parent,8.2-c6,8.2,973,5666,1353,1355,True,4
parent,8.2-c7,8.2,726,4257,1050,1052,True,4
parent,8.2-c8,8.2,261,1598,339,341,True,1
parent,8.2-c9,8.2,291,1713,446,448,True,1
parent,8.2-c10,8.2,109,646,163,165,False,1
parent,8.2-c11,8.2,221,1360,319,321,True,1
parent,8.2-c12,8.2,259,1599,384,386,True,1
parent,8.2-c13,8.2,260,1494,377,379,True,1
parent,8.2-c14,8.2,863,5156,1156,1158,True,3
parent,8.2-c15,8.2,601,3451,778,780,True,2
parent,8.2-c16,8.2,602,3344,909,911,True,3
parent,8.2-c17,8.2,131,794,174,176,False,1
parent,8.2.1-c1,8.2.1,1703,10273,2269,2271,True,6
parent,8.2.1-c2,8.2.1,125,715,173,175,False,1
parent,8.2.2-c1,8.2.2,221,1298,267,269,True,1
parent,8.2.2-c2,8.2.2,164,926,208,210,False,1
parent,8.2.2-c3,8.2.2,1042,6463,1363,1365,True,3
parent,8.2.2-c4,8.2.2,124,744,175,177,False,1
parent,8.2.3-c1,8.2.3,994,5952,1449,1451,True,4
parent,8.2.4-c1,8.2.4,836,5018,1188,1190,True,3
parent,8.2.5-c1,8.2.5,919,5476,1335,1337,True,4
parent,8.2.6-c1,8.2.6,508,3047,717,719,True,3
parent,8.2.7-c1,8.2.7,322,1958,460,462,True,1
parent,8.2.7-c2,8.2.7,319,1869,456,458,True,1
parent,8.2.7-c3,8.2.7,255,1593,319,321,True,1
parent,8.2.7-c4,8.2.7,132,799,197,199,False,1
parent,8.2.8-c1,8.2.8,506,3067,762,764,True,2
parent,8.2.9-c1,8.2.9,435,2605,659,661,True,2
parent,8.2.10-c1,8.2.10,346,2121,509,511,True,1
parent,8.3-c1,8.3,331,2079,468,470,True,2
parent,8.3-c2,8.3,439,2397,672,674,True,3
parent,8.3-c3,8.3,1067,6238,1609,1611,True,5
parent,8.3-c4,8.3,1145,6722,1667,1669,True,5
parent,8.3-c5,8.3,580,3300,879,881,True,4
parent,8.3.1-c1,8.3.1,196,1210,278,280,True,1
parent,8.3.1-c2,8.3.1,440,2564,615,617,True,2
parent,8.3.1-c3,8.3.1,930,5745,1267,1269,True,3
parent,8.3.1-c4,8.3.1,48,310,83,85,False,1
parent,8.3.2-c1,8.3.2,371,2275,524,526,True,1
parent,8.4-c1,8.4,131,724,166,168,False,1
parent,8.4-c2,8.4,91,496,133,135,False,1
parent,8.4-c3,8.4,164,1015,229,231,False,1
parent,8.4-c4,8.4,228,1307,336,338,True,1
parent,8.4-c5,8.4,724,4098,992,994,True,3
parent,8.4-c6,8.4,1117,6638,1538,1540,True,4
parent,8.4-c7,8.4,262,1531,352,354,True,1
parent,8.4-c8,8.4,633,3497,809,811,True,2
parent,8.4.1-c1,8.4.1,81,525,130,132,False,1
parent,8.4.1-c2,8.4.1,276,1641,341,343,True,1
parent,8.4.1-c3,8.4.1,271,1593,359,361,True,1
parent,8.4.1-c4,8.4.1,298,1806,378,380,True,1
parent,8.4.1-c5,8.4.1,630,3677,812,814,True,3
parent,8.4.1-c6,8.4.1,475,2763,606,608,True,2
parent,8.4.2-c1,8.4.2,474,2784,644,646,True,2
parent,8.5-c1,8.5,256,1599,379,381,True,1
parent,8.5-c2,8.5,167,976,229,231,False,1
parent,8.5-c3,8.5,368,2211,546,548,True,3
parent,8.5-c4,8.5,47,306,75,77,False,1
parent,8.5-c5,8.5,175,1186,283,285,True,1
parent,8.5-c6,8.5,284,1771,398,400,True,1
parent,8.5-c7,8.5,188,1182,262,264,True,1
parent,8.5.1-c1,8.5.1,178,1148,268,270,True,1
parent,8.5.1-c2,8.5.1,102,650,151,153,False,1
parent,8.5.2-c1,8.5.2,127,835,193,195,False,1
parent,8.5.2-c2,8.5.2,266,1787,403,405,True,1
parent,8.5.2-c3,8.5.2,217,1427,315,317,True,1
parent,8.5.2-c4,8.5.2,221,1470,322,324,True,1
parent,8.6-c1,8.6,267,1685,388,390,True,1
parent,8.6-c2,8.6,127,783,197,199,False,1
parent,8.6-c3,8.6,233,1386,367,369,True,1
parent,8.6-c4,8.6,47,304,75,77,False,1
parent,8.6-c5,8.6,160,1068,259,261,True,1
parent,8.6-c6,8.6,283,1759,403,405,True,1
parent,8.6-c7,8.6,191,1194,263,265,True,1
parent,8.6-c8,8.6,100,617,144,146,False,1
parent,8.6.1-c1,8.6.1,202,1306,305,307,True,1
parent,8.6.1-c2,8.6.1,86,549,133,135,False,1
parent,8.6.1-c3,8.6.1,99,633,144,146,False,1
parent,8.6.2-c1,8.6.2,403,2721,638,640,True,2
parent,8.6.2-c2,8.6.2,214,1414,312,314,True,1
parent,8.6.2-c3,8.6.2,182,1235,271,273,True,1
parent,8.6.2-c4,8.6.2,218,1457,319,321,True,1
parent,8.7-c1,8.7,304,1906,457,459,True,1
parent,8.7-c2,8.7,354,1930,594,596,True,2
parent,8.7-c3,8.7,1943,10934,3021,3023,True,8
parent,8.7-c4,8.7,1056,6078,1640,1642,True,4
parent,8.7-c5,8.7,417,2369,673,675,True,2
parent,8.7-c6,8.7,885,4833,1281,1283,True,5
parent,8.7-c7,8.7,1949,10980,2770,2772,True,9
parent,8.7.1-c1,8.7.1,636,3999,916,918,True,3
parent,8.7.2-c1,8.7.2,685,4156,944,946,True,3
parent,8.8-c1,8.8,516,2930,747,749,True,2
parent,8.8-c2,8.8,81,498,118,120,False,1
parent,8.8-c3,8.8,717,3904,1115,1117,True,4
parent,8.8-c4,8.8,2735,15459,4245,4247,True,12
parent,8.8-c5,8.8,217,1198,309,311,True,1
parent,8.8-c6,8.8,1510,8319,2277,2279,True,6
parent,8.8-c7,8.8,1327,7495,1851,1853,True,4
parent,8.9-c1,8.9,150,916,214,216,False,1
parent,8.9-c2,8.9,166,920,208,210,False,1
parent,8.9-c3,8.9,61,365,79,81,False,1
parent,8.9-c4,8.9,143,848,217,219,False,1
parent,8.9-c5,8.9,78,436,110,112,False,1
parent,8.9-c6,8.9,79,472,111,113,False,1
parent,8.9-c7,8.9,4169,24977,5859,5861,True,18
parent,8.9-c8,8.9,169,995,208,210,False,1
parent,8.9-c9,8.9,222,1363,314,316,True,1
parent,8.9-c10,8.9,611,3716,796,798,True,2
parent,8.9-c11,8.9,600,3400,755,757,True,2
parent,8.9-c12,8.9,200,1233,259,261,True,1
parent,8.9-c13,8.9,378,2084,530,532,True,3
parent,8.9-c14,8.9,311,1668,401,403,True,1
parent,8.9.1-c1,8.9.1,478,2856,575,577,True,2
parent,8.9.1-c2,8.9.1,249,1513,287,289,True,1
parent,8.9.2-c1,8.9.2,311,1870,416,418,True,1
parent,8.9.2-c2,8.9.2,235,1477,350,352,True,1
parent,8.9.2-c3,8.9.2,342,2170,498,500,True,1
parent,8.9.2-c4,8.9.2,107,677,154,156,False,1
parent,8.9.2-c5,8.9.2,549,3488,749,751,True,2
parent,8.9.2-c6,8.9.2,445,2940,628,630,True,2
parent,8.9.2-c7,8.9.2,252,1649,387,389,True,1
parent,8.9.2-c8,8.9.2,325,2112,446,448,True,1
parent,8.9.2-c9,8.9.2,337,2120,453,455,True,1
parent,8.9.2-c10,8.9.2,244,1514,377,379,True,1
parent,8.10-c1,8.10,152,927,218,220,False,1
parent,8.10-c2,8.10,177,994,224,226,False,1
parent,8.10-c3,8.10,216,1269,292,294,True,1
parent,8.10-c4,8.10,147,874,219,221,False,1
parent,8.10-c5,8.10,78,437,117,119,False,1
parent,8.10-c6,8.10,140,783,201,203,False,1
parent,8.10-c7,8.10,3521,20969,4919,4921,True,15
parent,8.10-c8,8.10,402,2370,528,530,True,2
parent,8.10-c9,8.10,286,1751,409,411,True,1
parent,8.10-c10,8.10,594,3583,792,794,True,2
parent,8.10-c11,8.10,600,3400,756,758,True,2
parent,8.10-c12,8.10,202,1254,268,270,True,1
parent,8.10-c13,8.10,378,2076,526,528,True,3
parent,8.10-c14,8.10,311,1670,402,404,True,1
parent,8.10.1-c1,8.10.1,477,2876,580,582,True,2
parent,8.10.1-c2,8.10.1,249,1513,285,287,True,1
parent,8.10.2-c1,8.10.2,354,2173,504,506,True,1
parent,8.10.2-c2,8.10.2,235,1482,350,352,True,1
parent,8.10.2-c3,8.10.2,340,2180,508,510,True,1
parent,8.10.2-c4,8.10.2,108,686,159,161,False,1
parent,8.10.2-c5,8.10.2,547,3498,759,761,True,2
parent,8.10.2-c6,8.10.2,450,2995,647,649,True,2
parent,8.10.2-c7,8.10.2,425,2841,614,616,True,2
parent,8.10.2-c8,8.10.2,325,2112,446,448,True,1
parent,8.10.2-c9,8.10.2,337,2119,453,455,True,1
parent,8.10.2-c10,8.10.2,244,1523,381,383,True,1
parent,8.11-c1,8.11,337,2032,464,466,True,3
parent,8.11-c2,8.11,252,1379,360,362,True,1
parent,8.11-c3,8.11,896,4735,1275,1277,True,3
parent,8.11-c4,8.11,162,850,226,228,False,1
parent,8.11-c5,8.11,3090,17324,4246,4248,True,12
parent,8.11-c6,8.11,141,786,198,200,False,1
parent,8.11-c7,8.11,365,1973,505,507,True,1
parent,8.11-c8,8.11,1430,7847,1890,1892,True,5
parent,8.11-c9,8.11,176,914,226,228,False,1
parent,8.11.1-c1,8.11.1,326,1963,432,434,True,1
parent,8.11.1-c2,8.11.1,250,1561,342,344,True,1
parent,8.11.1-c3,8.11.1,97,631,161,163,False,1
parent,8.11.1-c4,8.11.1,275,1653,355,357,True,1
parent,8.11.1-c5,8.11.1,116,778,186,188,False,1
parent,8.11.1-c6,8.11.1,175,1115,250,252,False,1
parent,8.11.1-c7,8.11.1,236,1535,329,331,True,1
parent,8.11.1-c8,8.11.1,259,1579,336,338,True,1
parent,8.11.1-c9,8.11.1,198,1212,272,274,True,1
parent,8.11.1-c10,8.11.1,240,1459,366,368,True,1
parent,8.12-c1,8.12,183,1072,253,255,False,1
parent,8.12-c2,8.12,1518,9042,2192,2194,True,6
parent,8.12-c3,8.12,139,822,203,205,False,1
parent,8.12-c4,8.12,2624,15229,4005,4007,True,13
parent,8.12-c5,8.12,368,2020,525,527,True,1
parent,8.12-c6,8.12,105,550,140,142,False,1
parent,8.12-c7,8.12,801,4546,1130,1132,True,3
parent,8.12.1-c1,8.12.1,393,2441,543,545,True,1
parent,8.12.1-c2,8.12.1,105,598,125,127,False,1
parent,8.12.1-c3,8.12.1,574,3479,753,755,True,2
parent,8.12.1-c4,8.12.1,434,2695,581,583,True,2
parent,8.12.1-c5,8.12.1,712,4438,936,938,True,2
parent,8.12.1-c6,8.12.1,191,1157,287,289,True,1
parent,8.12.2-c1,8.12.2,465,2823,655,657,True,2
parent,8.13-c1,8.13,97,587,142,144,False,1
parent,8.13-c2,8.13,207,1118,268,270,True,1
parent,8.13-c3,8.13,59,333,85,87,False,1
parent,8.13-c4,8.13,42,220,56,58,False,1
parent,8.13-c5,8.13,107,625,140,142,False,1
parent,8.13.1-c1,8.13.1,274,1532,324,326,True,1
parent,8.13.1-c2,8.13.1,196,1224,289,291,True,1
parent,8.14-c1,8.14,141,841,202,204,False,1
parent,8.14-c2,8.14,110,637,156,158,False,1
parent,8.14-c3,8.14,30,183,39,41,False,1
parent,8.14-c4,8.14,285,1706,397,399,True,1
parent,8.14-c5,8.14,43,259,62,64,False,1
parent,8.14-c6,8.14,64,402,89,91,False,1
parent,8.14-c7,8.14,44,238,61,63,False,1
parent,8.14-c8,8.14,519,3097,759,761,True,2
parent,8.14-c9,8.14,241,1324,339,341,True,1
parent,8.14-c10,8.14,73,416,92,94,False,1
parent,8.14-c11,8.14,642,3760,903,905,True,2
parent,8.14.1-c1,8.14.1,192,1158,292,294,True,1
parent,8.14.1-c2,8.14.1,300,1659,336,338,True,1
parent,8.14.1-c3,8.14.1,150,900,211,213,False,1
parent,8.14.1-c4,8.14.1,137,860,194,196,False,1
parent,8.14.1-c5,8.14.1,358,2114,441,443,True,1
parent,8.14.1-c6,8.14.1,233,1456,308,310,True,1
parent,8.14.1-c7,8.14.1,209,1296,269,271,True,1
parent,8.14.1-c8,8.14.1,122,771,186,188,False,1
parent,8.14.1-c9,8.14.1,185,1096,252,254,False,1
parent,8.14.2-c1,8.14.2,178,1080,261,263,True,1
parent,8.14.2-c2,8.14.2,315,1735,349,351,True,1
parent,8.14.2-c3,8.14.2,158,973,229,231,False,1
parent,8.14.2-c4,8.14.2,46,298,83,85,False,1
parent,8.14.2-c5,8.14.2,479,3030,648,650,True,2
parent,8.14.2-c6,8.14.2,235,1472,311,313,True,1
parent,8.14.2-c7,8.14.2,210,1302,270,272,True,1
parent,8.14.2-c8,8.14.2,122,771,186,188,False,1
parent,8.14.2-c9,8.14.2,201,1194,276,278,True,1
parent,8.14.3-c1,8.14.3,179,1081,254,256,False,1
parent,8.14.3-c2,8.14.3,321,1809,355,357,True,1
parent,8.14.3-c3,8.14.3,186,1122,263,265,True,1
parent,8.14.3-c4,8.14.3,49,337,86,88,False,1
parent,8.14.3-c5,8.14.3,63,384,104,106,False,1
parent,8.14.3-c6,8.14.3,102,647,153,155,False,1
parent,8.14.3-c7,8.14.3,479,3030,648,650,True,2
parent,8.14.3-c8,8.14.3,236,1488,312,314,True,1
parent,8.14.3-c9,8.14.3,212,1328,272,274,True,1
parent,8.14.3-c10,8.14.3,122,771,186,188,False,1
parent,8.14.3-c11,8.14.3,232,1356,313,315,True,1
parent,8.15-c1,8.15,311,1865,418,420,True,1
parent,8.15-c2,8.15,499,2973,702,704,True,2
parent,8.15-c3,8.15,79,468,111,113,False,1
parent,8.15-c4,8.15,1491,8739,2036,2038,True,8
parent,9.1.1-c1,9.1.1,79,593,121,123,False,1
parent,9.1.1-c2,9.1.1,62,398,103,105,False,1
parent,9.1.1-c3,9.1.1,212,1290,304,306,True,1
parent,9.1.1-c4,9.1.1,130,861,226,228,False,1
parent,9.1.1-c5,9.1.1,1607,9454,2370,2372,True,7
parent,9.1.1-c6,9.1.1,250,1577,393,395,True,1
parent,9.1.1-c7,9.1.1,77,481,119,121,False,1
parent,9.1.1-c8,9.1.1,122,828,206,208,False,1
parent,9.1.1-c9,9.1.1,34,219,61,63,False,1
parent,9.1.1-c10,9.1.1,702,4530,995,997,True,3
parent,9.1.1-c11,9.1.1,267,1561,359,361,True,1
parent,9.1.1-c12,9.1.1,682,4012,951,953,True,3
parent,9.1.1.1-c1,9.1.1.1,179,1183,253,255,False,1
parent,9.1.1.1-c2,9.1.1.1,193,1180,235,237,False,1
parent,9.1.1.1-c3,9.1.1.1,168,1096,226,228,False,1
parent,9.1.1.1-c4,9.1.1.1,279,1680,360,362,True,1
parent,9.1.1.1-c5,9.1.1.1,1754,11457,2361,2363,True,5
parent,9.1.1.1-c6,9.1.1.1,152,985,215,217,False,1
parent,9.1.1.1-c7,9.1.1.1,109,723,165,167,False,1
parent,9.1.1.2-c1,9.1.1.2,436,2860,718,720,True,2
parent,9.1.1.3-c1,9.1.1.3,139,865,188,190,False,1
parent,9.1.1.3-c2,9.1.1.3,193,1180,235,237,False,1
parent,9.1.1.3-c3,9.1.1.3,168,1096,226,228,False,1
parent,9.1.1.3-c4,9.1.1.3,274,1661,355,357,True,1
parent,9.1.1.3-c5,9.1.1.3,152,987,217,219,False,1
parent,9.1.1.3-c6,9.1.1.3,89,554,125,127,False,1
parent,9.1.1.4-c1,9.1.1.4,367,2232,533,535,True,2
parent,9.1.2-c1,9.1.2,150,1099,233,235,False,1
parent,9.1.2-c2,9.1.2,148,936,201,203,False,1
parent,9.1.2-c3,9.1.2,14,103,17,19,False,1
parent,9.1.2-c4,9.1.2,100,694,132,134,False,1
parent,9.1.2-c5,9.1.2,218,1369,334,336,True,1
parent,9.1.2-c6,9.1.2,1228,7307,1693,1695,True,6
parent,9.1.2-c7,9.1.2,600,3469,770,772,True,2
parent,9.1.2-c8,9.1.2,622,3764,866,868,True,3
parent,9.1.2-c9,9.1.2,579,3322,755,757,True,2
parent,9.1.2-c10,9.1.2,301,1836,468,470,True,1
parent,9.1.2-c11,9.1.2,27,187,50,52,False,1
parent,9.1.2-c12,9.1.2,997,6208,1339,1341,True,3
parent,9.1.2-c13,9.1.2,824,5008,1124,1126,True,4
parent,9.1.2.1-c1,9.1.2.1,230,1481,283,285,True,1
parent,9.1.2.1-c2,9.1.2.1,504,3097,601,603,True,2
parent,9.1.2.1-c3,9.1.2.1,262,1655,332,334,True,1
parent,9.1.2.1-c4,9.1.2.1,156,1038,188,190,False,1
parent,9.1.2.1-c5,9.1.2.1,279,1678,344,346,True,1
parent,9.1.2.1-c6,9.1.2.1,1406,8989,1717,1719,True,5
parent,9.1.2.1-c7,9.1.2.1,705,4259,849,851,True,4
parent,9.1.2.1-c8,9.1.2.1,120,753,152,154,False,1
parent,9.1.2.2-c1,9.1.2.2,516,3150,755,757,True,4
parent,9.1.2.3-c1,9.1.2.3,211,1306,251,253,False,1
parent,9.1.2.3-c2,9.1.2.3,504,3099,602,604,True,2
parent,9.1.2.3-c3,9.1.2.3,266,1673,336,338,True,1
parent,9.1.2.3-c4,9.1.2.3,156,1038,188,190,False,1
parent,9.1.2.3-c5,9.1.2.3,285,1714,352,354,True,1
parent,9.1.2.3-c6,9.1.2.3,680,4086,817,819,True,4
parent,9.1.2.3-c7,9.1.2.3,124,753,150,152,False,1
parent,9.1.2.4-c1,9.1.2.4,442,2536,576,578,True,2
parent,9.2-c1,9.2,67,450,104,106,False,1
parent,9.2-c2,9.2,1437,8122,1918,1920,True,5
parent,9.2-c3,9.2,95,563,128,130,False,1
parent,9.2-c4,9.2,45,288,70,72,False,1
parent,9.2.1-c1,9.2.1,279,1694,358,360,True,1
parent,9.2.1-c2,9.2.1,189,1148,251,253,False,1
parent,9.2.1-c3,9.2.1,35,202,48,50,False,1
parent,9.2.1-c4,9.2.1,102,573,118,120,False,1
parent,9.2.1-c5,9.2.1,336,1895,410,412,True,1
parent,9.2.1-c6,9.2.1,15,107,21,23,False,1
parent,9.2.1-c7,9.2.1,110,614,141,143,False,1
parent,9.2.2-c1,9.2.2,468,2523,581,583,True,4
parent,9.3-c1,9.3,74,476,109,111,False,1
parent,9.3-c2,9.3,85,554,111,113,False,1
parent,9.3-c3,9.3,156,893,195,197,False,1
parent,9.3.1-c1,9.3.1,307,1833,384,386,True,1
parent,9.3.1-c2,9.3.1,198,1181,254,256,False,1
parent,9.3.1-c3,9.3.1,40,241,51,53,False,1
parent,9.3.1-c4,9.3.1,114,639,133,135,False,1
parent,9.3.1-c5,9.3.1,349,2026,430,432,True,1
parent,9.3.1-c6,9.3.1,15,107,21,23,False,1
parent,9.3.1-c7,9.3.1,132,739,159,161,False,1
parent,9.3.2-c1,9.3.2,548,2973,670,672,True,4
parent,9.4-c1,9.4,261,1675,326,328,True,1
parent,9.4-c2,9.4,77,475,107,109,False,1
parent,9.4-c3,9.4,232,1404,330,332,True,1
parent,9.4-c4,9.4,317,1914,429,431,True,1
parent,9.4-c5,9.4,878,4960,1128,1130,True,4
parent,9.4-c6,9.4,166,900,209,211,False,1
parent,9.4-c7,9.4,761,4887,1059,1061,True,4
parent,9.4-c8,9.4,97,618,137,139,False,1
parent,9.4.1-c1,9.4.1,228,1444,299,301,True,1
parent,9.4.1-c2,9.4.1,50,342,64,66,False,1
parent,9.4.1-c3,9.4.1,195,1175,223,225,False,1
parent,9.4.1-c4,9.4.1,171,978,207,209,False,1
parent,9.4.1-c5,9.4.1,117,731,154,156,False,1
parent,9.4.1-c6,9.4.1,19,119,31,33,False,1
parent,9.4.1-c7,9.4.1,105,627,120,122,False,1
parent,10.1-c1,10.1,352,2067,476,478,True,1
parent,10.1-c2,10.1,508,2868,665,667,True,3
parent,10.1-c3,10.1,361,2089,463,465,True,1
parent,10.1-c4,10.1,1564,8875,2144,2146,True,6
parent,10.2-c1,10.2,154,915,201,203,False,1
parent,10.2-c2,10.2,65,367,82,84,False,1
parent,10.2-c3,10.2,230,1314,309,311,True,1
parent,10.2-c4,10.2,61,368,85,87,False,1
parent,10.2-c5,10.2,215,1255,291,293,True,1
parent,10.2-c6,10.2,140,789,180,182,False,1
parent,10.2-c7,10.2,170,995,221,223,False,1
parent,10.2.1-c1,10.2.1,234,1307,294,296,True,1
parent,10.2.1-c2,10.2.1,441,2458,533,535,True,2
parent,10.2.1-c3,10.2.1,206,1168,254,256,False,1
parent,10.2.1-c4,10.2.1,326,1907,399,401,True,1
parent,10.2.1-c5,10.2.1,552,3002,676,678,True,2
parent,10.2.1-c6,10.2.1,595,3512,711,713,True,2
parent,11-c1,11,1799,10742,2233,2235,True,5
parent,11-c2,11,558,3527,663,665,True,2
parent,11-c3,11,562,3402,659,661,True,4
parent,11.1-c1,11.1,204,1173,248,250,False,1
parent,11.1-c2,11.1,207,1240,286,288,True,1
parent,11.1-c3,11.1,208,1239,279,281,True,1
parent,11.1-c4,11.1,37,278,68,70,False,1
parent,11.1-c5,11.1,219,1214,248,250,False,1
parent,11.1-c6,11.1,91,520,126,128,False,1
parent,11.1-c7,11.1,196,1012,223,225,False,1
parent,11.1-c8,11.1,73,405,87,89,False,1
parent,11.1-c9,11.1,438,2532,547,549,True,2
parent,11.1-c10,11.1,504,2940,620,622,True,2
parent,11.1-c11,11.1,369,2083,425,427,True,1
parent,11.1-c12,11.1,276,1611,329,331,True,1
parent,11.1-c13,11.1,238,1316,273,275,True,1
parent,11.1-c14,11.1,100,633,136,138,False,1
parent,11.1-c15,11.1,264,1598,362,364,True,1
parent,11.1-c16,11.1,299,1770,359,361,True,1
parent,11.1-c17,11.1,359,2060,428,430,True,1
parent,11.1-c18,11.1,362,2078,468,470,True,1
parent,11.1-c19,11.1,396,2401,512,514,True,1
parent,11.1-c20,11.1,366,2090,454,456,True,1
parent,11.1-c21,11.1,140,777,183,185,False,1
parent,11.1-c22,11.1,316,1739,380,382,True,1
parent,11.2-c1,11.2,266,1627,363,365,True,1
parent,11.2-c2,11.2,127,708,151,153,False,1
parent,11.2-c3,11.2,238,1445,286,288,True,1
parent,11.2-c4,11.2,48,236,56,58,False,1
parent,11.3-c1,11.3,402,2344,579,581,True,2
parent,11.4-c1,11.4,363,2221,511,513,True,1
parent,11.4-c2,11.4,157,893,190,192,False,1
parent,11.4-c3,11.4,152,919,200,202,False,1
parent,11.4-c4,11.4,198,1118,238,240,False,1
parent,11.4-c5,11.4,273,1582,338,340,True,1
parent,11.4-c6,11.4,48,235,55,57,False,1
parent,B6.2.2-c1,B6.2.2,325,1837,481,483,True,1
parent,B7.3.3A-c1,B7.3.3A,386,2244,516,518,True,2
parent,B7.4.6.1-c1,B7.4.6.1,314,2023,457,459,True,1
parent,B7.4.6.1-c2,B7.4.6.1,168,1041,247,249,False,1
parent,B7.4.6.1-c3,B7.4.6.1,350,2136,476,478,True,1
parent,B7.4.6.1-c4,B7.4.6.1,104,690,158,160,False,1
parent,B7.4.6.1-c5,B7.4.6.1,93,571,154,156,False,1
parent,B7.7.2.2-c1,B7.7.2.2,330,2110,513,515,True,1
parent,B8.3.2-c1,B8.3.2,371,2275,524,526,True,1
parent,B9.4.1-c1,B9.4.1,228,1444,299,301,True,1
parent,B9.4.1-c2,B9.4.1,50,342,64,66,False,1
parent,B9.4.1-c3,B9.4.1,195,1175,223,225,False,1
parent,B9.4.1-c4,B9.4.1,171,978,207,209,False,1
parent,B9.4.1-c5,B9.4.1,117,731,154,156,False,1
parent,B9.4.1-c6,B9.4.1,19,119,31,33,False,1
parent,B9.4.1-c7,B9.4.1,105,627,120,122,False,1
